grid_id,pred_scaled_catboost,barangay_name_clean,pred_scaled_rf,lon,lat
0_22,0.3869201746354706,PATALON,0.3871654791492984,121.90453890389472,7.063542089830648
0_23,0.3677459597246715,PATALON,0.3771165003016237,121.90004732747413,7.072525242671844
0_24,0.3696519078796975,LABUAN,0.3761517002047032,121.8978015392638,7.0815083955130405
0_25,0.3628101993394458,LABUAN,0.3748639908810688,121.90229311568442,7.09049154835423
0_25,0.3628101993394458,LABUAN,0.3448893765423433,121.90229311568442,7.09049154835423
0_25,0.3718634809568582,,0.3748639908810688,121.90229311568442,7.09049154835423
0_25,0.3718634809568582,,0.3448893765423433,121.90229311568442,7.09049154835423
0_26,0.3722795285457446,LABUAN,0.3796172998654484,121.90229311568442,7.099474701195426
0_27,0.3877911317844991,LABUAN,0.3815632069897346,121.90229311568442,7.108457854036622
0_28,0.397629086830972,LIMPAPA,0.4112652246969821,121.90229311568442,7.117441006877819
0_29,0.4037266229839847,LIMPAPA,0.4434191852991923,121.90453890389472,7.126424159719015
0_30,0.394042207573774,LIMPAPA,0.4453490029320163,121.90453890389472,7.135407312560211
0_31,0.4157934629574491,LIMPAPA,0.4456387957574118,121.90229311568442,7.1443904654014005
0_32,0.4153846327802461,LIMPAPA,0.4461455683728492,121.90453890389472,7.148882041821999
10_10,0.2807898706670171,MAASIN,0.2779467809399842,121.98987885588603,6.955744255736306
10_11,0.3238715498236895,BALUNO,0.3683212925102729,121.98987885588603,6.964727408577502
10_12,0.3982792544319632,BALUNO,0.4774358250763064,121.98987885588603,6.973710561418692
10_13,0.4151041608352266,BALUNO,0.4715327249301359,121.98987885588603,6.982693714259888
10_14,0.4257858828110928,LA PAZ,0.4642624534427367,121.98987885588603,6.991676867101084
10_15,0.4155972216555043,LA PAZ,0.4316463075671108,121.98987885588603,7.000660019942281
10_16,0.4130908924855885,LA PAZ,0.405504477724903,121.99437043230664,7.009643172783477
10_17,0.4088880645840074,LA PAZ,0.4059223292287324,121.98987885588603,7.018626325624673
10_19,0.4217708708514129,LA PAZ,0.4117219032550597,121.98987885588603,7.036592631307059
10_20,0.4291154828742396,LA PAZ,0.421754592683528,121.98987885588603,7.045575784148255
10_21,0.4237214612819387,LA PAZ,0.422107971690876,121.98987885588603,7.054558936989452
10_22,0.4213133997370338,LA PAZ,0.4225427449736626,121.98987885588603,7.063542089830648
10_23,0.4198925539860853,LA PAZ,0.4224164405220774,121.99437043230664,7.0702794544615415
10_24,0.4209637482164942,LA PAZ,0.4212987521196486,121.98987885588603,7.079262607302738
10_25,0.4152944023839498,LA PAZ,0.4228959469241896,121.99212464409636,7.09049154835423
10_9,0.2670526903017087,MAASIN,0.2713993245832569,121.98987885588603,6.94676110289511
11_10,0.2846059475600483,SINUNOC,0.2845871783672474,122.00335358514786,6.953498467526003
11_11,0.3483536608411023,BALUNO,0.351185152676023,121.99886200872726,6.964727408577502
11_12,0.4101580940936828,BALUNO,0.46440436482039,121.99886200872726,6.973710561418692
11_13,0.4174337929579842,BALUNO,0.4571483839375995,121.99886200872726,6.982693714259888
11_14,0.4292437022043652,BALUNO,0.4505901475782595,122.00335358514786,6.991676867101084
11_15,0.4259171060785913,LA PAZ,0.440970385113608,122.00110779693756,7.000660019942281
11_16,0.4195297675938626,LA PAZ,0.4208220838547428,122.00110779693756,7.009643172783477
11_17,0.4164213201395447,LA PAZ,0.4277011793276374,121.99886200872726,7.018626325624673
11_18,0.419469098738975,LA PAZ,0.4425852753802301,121.99886200872726,7.027609478465863
11_19,0.4249542950058472,LA PAZ,0.4341101417374956,121.99886200872726,7.034346843096763
11_20,0.4332503989009341,LA PAZ,0.4296259125259701,122.00335358514786,7.045575784148255
11_21,0.4321923540369157,LA PAZ,0.4292690676730206,122.00335358514786,7.054558936989452
11_22,0.4261187337203855,LA PAZ,0.423388519575495,121.99886200872726,7.063542089830648
11_23,0.4251680047059339,LA PAZ,0.4233117751861964,122.00559937335817,7.072525242671844
11_24,0.4260003889667494,LA PAZ,0.4237346028150732,121.99886200872726,7.0815083955130405
11_25,0.4259919712334525,LA PAZ,0.424465348728896,121.99886200872726,7.088245760143934
11_26,0.4264215990035804,LA PAZ,0.424265121059041,122.00110779693756,7.092737336564532
11_27,0.4112942314691755,LA PAZ,0.4163246445809175,122.00559937335817,7.108457854036622
11_8,0.2683115906473393,SINUNOC,0.2735034240076629,121.99886200872726,6.937777950053913
11_9,0.268353643121517,SINUNOC,0.2725807920156486,122.00110779693756,6.94676110289511
12_10,0.3119041338834423,SINUNOC,0.3025261269485885,122.0078451615684,6.955744255736306
12_11,0.358974377379814,BALUNO,0.3805813393795155,122.0078451615684,6.964727408577502
12_12,0.4047011598629787,BALUNO,0.4315955178684696,122.0078451615684,6.973710561418692
12_13,0.4265578053335827,BALUNO,0.4419162624697841,122.0078451615684,6.982693714259888
12_14,0.4385646486456577,BALUNO,0.4464827416626546,122.0078451615684,6.991676867101084
12_15,0.4349408163524977,BALUNO,0.4624500931427279,122.0078451615684,7.000660019942281
12_16,0.4406241269642976,BALUNO,0.4681098966966865,122.0078451615684,7.009643172783477
12_17,0.4432982892968867,BALUNO,0.4693171433156715,122.01009094977871,7.016380537414371
12_18,0.4410113918593757,BALUNO,0.4674878279411119,122.0078451615684,7.027609478465863
12_19,0.4405348946521932,LA PAZ,0.4634818814774803,122.0078451615684,7.034346843096763
12_20,0.4482338514368851,BALUNO,0.4669001454082878,122.01233673798902,7.045575784148255
12_21,0.4423461607870113,LA PAZ,0.4464154316714062,122.0078451615684,7.054558936989452
12_22,0.4370223153911909,LA PAZ,0.4238810453749246,122.0078451615684,7.063542089830648
12_23,0.4378393553506104,LA PAZ,0.4239513239437489,122.0078451615684,7.072525242671844
12_24,0.4333849395652383,LA PAZ,0.4323125715384955,122.0078451615684,7.0815083955130405
12_25,0.4336236958552616,LA PAZ,0.4296955570995794,122.01458252619932,7.09049154835423
12_26,0.4315311645986898,LA PAZ,0.4256727099853703,122.01458252619932,7.099474701195426
12_27,0.4275931970245583,LA PAZ,0.427978055776973,122.01458252619932,7.108457854036622
12_28,0.415013704590084,LA PAZ,0.4302746219424595,122.0078451615684,7.115195218667516
12_7,0.2748196843696071,SINUNOC,0.2785526887407278,122.01458252619932,6.928794797212717
12_8,0.2712773561522277,SINUNOC,0.2672498242286824,122.0078451615684,6.937777950053913
12_9,0.2845367527517022,SINUNOC,0.2915725924955128,122.0078451615684,6.94676110289511
13_10,0.3125988953647071,SINUNOC,0.2717315654581846,122.02131989083024,6.955744255736306
13_11,0.3753407046603474,SINUNOC,0.3903807054840774,122.01682831440962,6.964727408577502
13_12,0.3939368895783108,CAPISAN,0.3789721873674897,122.01907410261992,6.973710561418692
13_13,0.4044169659720859,BALUNO,0.4200306275304692,122.01682831440962,6.980447926049592
13_14,0.413170211226588,BALUNO,0.4353497863832444,122.02131989083024,6.991676867101084
13_15,0.4391704820741893,BALUNO,0.4662717326401553,122.01682831440962,7.000660019942281
13_16,0.4445623305911247,BALUNO,0.4673986508039284,122.02356567904052,7.009643172783477
13_17,0.4535159864678285,BALUNO,0.4686535022310443,122.02356567904052,7.018626325624673
13_18,0.445749220635704,BALUNO,0.4698973001241857,122.01682831440962,7.027609478465863
13_19,0.4526607825602332,BALUNO,0.4697597251577778,122.01907410261992,7.036592631307059
13_20,0.4548738528557631,BALUNO,0.4698651692153528,122.01682831440962,7.045575784148255
13_21,0.4551528154753945,BALUNO,0.4691153833764536,122.01682831440962,7.047821572358558
13_25,0.4388399359781842,LA PAZ,0.4303313824802537,122.01682831440962,7.09049154835423
13_26,0.4352466574805791,LA PAZ,0.4301971853594747,122.01682831440962,7.0972289129851305
13_28,0.4131355039591605,LA PAZ,0.434459880104404,122.01682831440962,7.117441006877819
13_29,0.4112589810938157,LA PAZ,0.4434258368603802,122.02131989083024,7.126424159719015
13_30,0.4040043674646182,LA PAZ,0.4369034765774626,122.02356567904052,7.128669947929311
13_7,0.2639078055891037,SINUNOC,0.2611096150058116,122.01682831440962,6.928794797212717
13_8,0.2693059667875105,MALAGUTAY,0.2578735060472829,122.01682831440962,6.937777950053913
13_9,0.2919649809003026,SINUNOC,0.2647303643316486,122.01682831440962,6.94676110289511
14_10,0.2888295633703115,SAN ROQUE,0.2557719672814108,122.02805725546114,6.955744255736306
14_11,0.3405042554376353,CAPISAN,0.3450106210060419,122.02581146725085,6.964727408577502
14_12,0.344681416153239,CAPISAN,0.3278945067765416,122.03030304367144,6.973710561418692
14_13,0.3429805301104441,CAPISAN,0.3323994566418839,122.02581146725085,6.982693714259888
14_14,0.3458305140775037,DULIAN,0.3550926937610438,122.02805725546114,6.991676867101084
14_15,0.3712672040185421,DULIAN,0.3774945960530213,122.02805725546114,7.000660019942281
14_16,0.4255782377485463,BALUNO,0.4466527774083663,122.02805725546114,7.009643172783477
14_17,0.4341836662630655,BALUNO,0.4572582080837105,122.02581146725085,7.016380537414371
14_18,0.4336742068589992,BALUNO,0.4290826266400729,122.03254883188174,7.027609478465863
14_19,0.4455044542769374,BALUNO,0.4602883297134506,122.02581146725085,7.036592631307059
14_20,0.4350884570574708,BALUNO,0.4432166320348067,122.02805725546114,7.045575784148255
14_21,0.3798307142385804,PASONANCA NATURAL PARK UNDER JURISDICTION OF ZAMBOANGA CITY,0.392074215416608,122.02805725546114,7.047821572358558
14_25,0.3319530518612628,PASONANCA NATURAL PARK UNDER JURISDICTION OF ZAMBOANGA CITY,0.2926601701554516,122.02581146725085,7.09049154835423
14_26,0.4187825508697532,LA PAZ,0.4180036544993626,122.03030304367144,7.099474701195426
14_27,0.4200017144947444,LA PAZ,0.4221045794170182,122.02805725546114,7.108457854036622
14_29,0.3756079019858002,LA PAZ,0.367881905068482,122.03030304367144,7.126424159719015
14_30,0.3817543891943651,LA PAZ,0.4107957314522415,122.02581146725085,7.133161524349909
14_6,0.2545501110508797,CALARIAN,0.2678141847676757,122.03254883188174,6.919811644371521
14_7,0.2534624276470977,MALAGUTAY,0.2654761237060775,122.02581146725085,6.928794797212717
14_8,0.246082328339542,MALAGUTAY,0.2514168703729767,122.02581146725085,6.937777950053913
14_9,0.2652439266694035,MALAGUTAY,0.2504968817590935,122.02581146725085,6.94676110289511
15_10,0.2652982172650941,SAN ROQUE,0.2538823737879042,122.03704040830236,6.955744255736306
15_11,0.3043711485316654,CAPISAN,0.2870806199579232,122.03704040830236,6.964727408577502
15_12,0.311140875871208,CAPISAN,0.2969612996429903,122.03479462009204,6.973710561418692
15_13,0.3065218656863434,CAPISAN,0.2959086447165793,122.03704040830236,6.982693714259888
15_14,0.3142282176097303,DULIAN,0.2969379493925893,122.03479462009204,6.991676867101084
15_15,0.3207872986134655,DULIAN,0.2953836233839229,122.03704040830236,6.993922655311387
15_26,0.3929123040932364,LA PAZ,0.3924155941197124,122.03704040830236,7.099474701195426
15_26,0.3929123040932364,LA PAZ,0.2920247937536743,122.03704040830236,7.099474701195426
15_26,0.3343135618698132,PASONANCA NATURAL PARK UNDER JURISDICTION OF ZAMBOANGA CITY,0.3924155941197124,122.03704040830236,7.099474701195426
15_26,0.3343135618698132,PASONANCA NATURAL PARK UNDER JURISDICTION OF ZAMBOANGA CITY,0.2920247937536743,122.03704040830236,7.099474701195426
15_27,0.405083527163358,LA PAZ,0.3955238894846689,122.03479462009204,7.106212065826327
15_29,0.3639881798394719,LA PAZ,0.3450952556464679,122.03479462009204,7.126424159719015
15_6,0.2434413051214943,CALARIAN,0.2662016231270454,122.03479462009204,6.919811644371521
15_7,0.2407356788918164,CALARIAN,0.2662185845393194,122.03479462009204,6.928794797212717
15_8,0.2332276120199622,SAN ROQUE,0.243559280626066,122.03479462009204,6.937777950053913
15_9,0.240072921606297,SAN ROQUE,0.2462428505260723,122.03479462009204,6.94676110289511
16_10,0.2578262723530981,SAN ROQUE,0.2496884100166154,122.0437777729332,6.955744255736306
16_11,0.2996690547175639,DULIAN,0.277177931934272,122.0437777729332,6.964727408577502
16_12,0.3076530103780774,DULIAN,0.2941500676970039,122.0460235611435,6.973710561418692
16_13,0.3089074267409626,DULIAN,0.2942345051863184,122.0437777729332,6.982693714259888
16_14,0.3166571038366029,DULIAN,0.2934007131123767,122.0437777729332,6.984939502470191
16_6,0.2250899549946493,CALARIAN,0.2168436342749213,122.0437777729332,6.919811644371521
16_7,0.2259915327323024,CALARIAN,0.2258668857446573,122.0437777729332,6.928794797212717
16_8,0.2261089638651302,SAN ROQUE,0.2244605991450466,122.0437777729332,6.937777950053913
16_9,0.2262098464086622,CABATANGAN,0.2266126024339108,122.0437777729332,6.94676110289511
17_10,0.2460227238189825,CABATANGAN,0.2391150168542027,122.0527609257744,6.955744255736306
17_11,0.29307879097378,DULIAN,0.2626323027904331,122.05500671398472,6.964727408577502
17_12,0.3043755859077027,DULIAN,0.2818044612665143,122.05500671398472,6.973710561418692
17_13,0.3176781452236411,DULIAN,0.289330207654717,122.0527609257744,6.982693714259888
17_14,0.3242871181716526,DULIAN,0.2892474477850786,122.0527609257744,6.984939502470191
17_6,0.2197121106591501,SAN JOSE GUSU,0.1975274185207143,122.0527609257744,6.919811644371521
17_7,0.2192591613296221,SAN ROQUE,0.2046379393436554,122.0527609257744,6.928794797212717
17_8,0.2212467739471219,CABATANGAN,0.2110635699219813,122.0527609257744,6.937777950053913
17_9,0.2224112772762201,CABATANGAN,0.2127710393581859,122.0527609257744,6.94676110289511
18_10,0.2275371883060787,PASONANCA,0.2116293738261105,122.06398986682592,6.955744255736306
18_11,0.2448126059870768,PASONANCA,0.2407191308646103,122.06174407861562,6.964727408577502
18_12,0.2650076493489476,PASONANCA,0.2557435134762873,122.06398986682592,6.973710561418692
18_5,0.2175331433141699,SAN JOSE CAWA CAWA,0.1959316265691253,122.06398986682592,6.910828491530324
18_6,0.2134600856681748,CANELAR,0.1895286219657921,122.06174407861562,6.919811644371521
18_7,0.2149176634456028,SANTA MARIA,0.1949377749793264,122.06174407861562,6.928794797212717
18_8,0.2203177343261141,CABATANGAN,0.2078145470575068,122.06174407861562,6.937777950053913
18_9,0.2218260752831542,CABATANGAN,0.2109313687693233,122.06174407861562,6.94676110289511
19_10,0.2195021220675066,PASONANCA,0.2081125362823036,122.07072723145684,6.955744255736306
19_11,0.2205729133728016,PASONANCA,0.2197895131862007,122.07072723145684,6.964727408577502
19_12,0.2349707933973775,PASONANCA,0.2438342930700723,122.07521880787738,6.973710561418692
19_12,0.2349707933973775,PASONANCA,0.3060283783137722,122.07521880787738,6.973710561418692
19_12,0.2872653744440566,PASONANCA NATURAL PARK UNDER JURISDICTION OF ZAMBOANGA CITY,0.2438342930700723,122.07521880787738,6.973710561418692
19_12,0.2872653744440566,PASONANCA NATURAL PARK UNDER JURISDICTION OF ZAMBOANGA CITY,0.3060283783137722,122.07521880787738,6.973710561418692
19_13,0.2461561724199099,PASONANCA,0.2432101741982265,122.07521880787738,6.982693714259888
19_14,0.2799613625234494,PASONANCA,0.2884091600023992,122.07746459608768,6.991676867101084
19_14,0.2799613625234494,PASONANCA,0.3084311103224155,122.07746459608768,6.991676867101084
19_14,0.2918795525308424,PASONANCA NATURAL PARK UNDER JURISDICTION OF ZAMBOANGA CITY,0.2884091600023992,122.07746459608768,6.991676867101084
19_14,0.2918795525308424,PASONANCA NATURAL PARK UNDER JURISDICTION OF ZAMBOANGA CITY,0.3084311103224155,122.07746459608768,6.991676867101084
19_15,0.3087253032445025,PASONANCA,0.2981199127440952,122.07746459608768,7.000660019942281
19_16,0.3256757603172408,PASONANCA,0.353271349888368,122.07746459608768,7.002905808152576
19_5,0.2262451803732735,SANTO NIÑO,0.1973834909838826,122.07072723145684,6.910828491530324
19_6,0.211507973615748,CANELAR,0.1903446064328013,122.07072723145684,6.919811644371521
19_7,0.2102568581732898,SANTA MARIA,0.1880647986183276,122.07072723145684,6.928794797212717
19_8,0.2121074535338891,PASONANCA,0.1941573675836492,122.07072723145684,6.937777950053913
19_9,0.2192920296679028,PASONANCA,0.2062745327151312,122.07072723145684,6.94676110289511
1_19,0.3796778535044102,PATALON,0.3816719940243276,121.91352205673589,7.036592631307059
1_20,0.3804997442063819,PATALON,0.3909317853925234,121.91127626852555,7.045575784148255
1_21,0.3835504761968762,PATALON,0.3915332036666405,121.90903048031528,7.054558936989452
1_22,0.3874706949544941,PATALON,0.3887760364709232,121.90678469210496,7.063542089830648
1_23,0.3830234698947237,PATALON,0.3812172653761406,121.90678469210496,7.072525242671844
1_24,0.3797806666190512,LABUAN,0.3790614676674329,121.90678469210496,7.0815083955130405
1_25,0.3763028943461717,LABUAN,0.378576735605117,121.90678469210496,7.09049154835423
1_26,0.3796351925420422,LABUAN,0.3823109841523208,121.90678469210496,7.099474701195426
1_27,0.3895008762614108,LABUAN,0.3865620266542894,121.90678469210496,7.108457854036622
1_28,0.398795525646086,LIMPAPA,0.4125695367044129,121.90678469210496,7.117441006877819
1_29,0.4105300043766934,LIMPAPA,0.4426590065049587,121.90903048031528,7.126424159719015
1_30,0.3985064273497797,LIMPAPA,0.4449592322392312,121.90678469210496,7.135407312560211
1_31,0.4133425883638675,LIMPAPA,0.4463874880459978,121.90678469210496,7.1443904654014005
1_32,0.4154317573053194,LIMPAPA,0.4461216791495798,121.90678469210496,7.151127830032301
1_32,0.4154317573053194,LIMPAPA,0.3905585461873024,121.90678469210496,7.151127830032301
1_32,0.4021587869336163,,0.4461216791495798,121.90678469210496,7.151127830032301
1_32,0.4021587869336163,,0.3905585461873024,121.90678469210496,7.151127830032301
20_10,0.2198178149719952,PASONANCA,0.2034795832125582,122.07971038429798,6.955744255736306
20_11,0.2180435164260975,PASONANCA,0.2203950793988028,122.07971038429798,6.964727408577502
20_12,0.2291907820058893,PASONANCA,0.2419155617918617,122.07971038429798,6.973710561418692
20_13,0.2462387562508927,PASONANCA,0.2463623624940924,122.07971038429798,6.982693714259888
20_14,0.2880647679826695,PASONANCA,0.2886029956125381,122.07971038429798,6.991676867101084
20_15,0.308701823668921,PASONANCA,0.2920784069375228,122.07971038429798,7.000660019942281
20_16,0.3187796876619424,LUMAYANG,0.3420610950896655,122.08644774892888,7.009643172783477
20_16,0.3187796876619424,LUMAYANG,0.3028079349249677,122.08644774892888,7.009643172783477
20_16,0.2909840768083168,PASONANCA NATURAL PARK UNDER JURISDICTION OF ZAMBOANGA CITY,0.3420610950896655,122.08644774892888,7.009643172783477
20_16,0.2909840768083168,PASONANCA NATURAL PARK UNDER JURISDICTION OF ZAMBOANGA CITY,0.3028079349249677,122.08644774892888,7.009643172783477
20_22,0.3879396231516683,SALAAN,0.394298211370575,122.08644774892888,7.061296301620345
20_22,0.3879396231516683,SALAAN,0.3851008207684251,122.08644774892888,7.061296301620345
20_22,0.3775453809601289,PASONANCA NATURAL PARK UNDER JURISDICTION OF ZAMBOANGA CITY,0.394298211370575,122.08644774892888,7.061296301620345
20_22,0.3775453809601289,PASONANCA NATURAL PARK UNDER JURISDICTION OF ZAMBOANGA CITY,0.3851008207684251,122.08644774892888,7.061296301620345
20_4,0.2944216419024279,ZONE III,0.3309166329083513,122.08195617250828,6.901845338689135
20_5,0.233158704766842,ZONE IV,0.2018056231688407,122.07971038429798,6.910828491530324
20_6,0.213561504808272,TETUAN,0.1838517380684012,122.07971038429798,6.919811644371521
20_7,0.2113065344911018,TETUAN,0.1847111641006313,122.07971038429798,6.928794797212717
20_8,0.209629670602976,TUMAGA,0.1885632027600566,122.07971038429798,6.937777950053913
20_9,0.209528578088488,TUMAGA,0.1947588431014242,122.07971038429798,6.94676110289511
21_10,0.2150431218643167,LUNZURAN,0.1972175766401939,122.0886935371392,6.955744255736306
21_11,0.2276577871556689,LUNZURAN,0.2240175726949279,122.0886935371392,6.964727408577502
21_12,0.2342873187637035,LUMBANGAN,0.2462186780270664,122.0886935371392,6.973710561418692
21_13,0.2692874604828091,LUMAYANG,0.2609210701259203,122.0886935371392,6.982693714259888
21_14,0.3095575318401286,LUMAYANG,0.2896387064169531,122.0886935371392,6.991676867101084
21_15,0.3110603125000765,LUMAYANG,0.2914096645296531,122.0886935371392,7.000660019942281
21_16,0.3085450633684864,LUMAYANG,0.3049971491079873,122.0909393253495,7.009643172783477
21_17,0.339174253447586,LUMAYANG,0.3317778671685999,122.0954309017701,7.018626325624673
21_17,0.339174253447586,LUMAYANG,0.2964596403217327,122.0954309017701,7.018626325624673
21_17,0.2909840768083168,PASONANCA NATURAL PARK UNDER JURISDICTION OF ZAMBOANGA CITY,0.3317778671685999,122.0954309017701,7.018626325624673
21_17,0.2909840768083168,PASONANCA NATURAL PARK UNDER JURISDICTION OF ZAMBOANGA CITY,0.2964596403217327,122.0954309017701,7.018626325624673
21_18,0.3698821782545974,SALAAN,0.3907192688091494,122.0954309017701,7.027609478465863
21_19,0.3746361819246008,SALAAN,0.3912779265404322,122.0954309017701,7.034346843096763
21_22,0.3851223623318688,SALAAN,0.3942058477327095,122.0909393253495,7.063542089830648
21_23,0.3907044838529621,TOLOSA,0.3941404703168776,122.0954309017701,7.068033666251246
21_4,0.3158692009166294,RIO HONDO,0.4368366979369674,122.0886935371392,6.901845338689135
21_5,0.2635549819873169,SANTA CATALINA,0.3281625316797422,122.0886935371392,6.910828491530324
21_6,0.2245349518544032,TETUAN,0.1954883993905188,122.0886935371392,6.919811644371521
21_7,0.2126097721577811,GUIWAN,0.1823764308601269,122.0886935371392,6.928794797212717
21_8,0.2094050991996519,TUMAGA,0.1812694504009098,122.0886935371392,6.937777950053913
21_9,0.206985893603845,TUMAGA,0.1878147085182689,122.0886935371392,6.94676110289511
22_10,0.2153315199153765,LUNZURAN,0.1940815519990143,122.0976766899804,6.955744255736306
22_11,0.2280351004191538,LUMBANGAN,0.2154716465821152,122.0976766899804,6.964727408577502
22_12,0.2423042370584395,LUMBANGAN,0.2462226992802315,122.0976766899804,6.973710561418692
22_13,0.276790888742974,LUMAYANG,0.2533825088005715,122.0999224781907,6.982693714259888
22_14,0.3213487247869204,LUMAYANG,0.298018003404122,122.0976766899804,6.991676867101084
22_15,0.3361286204227412,LUMAYANG,0.2959138572114051,122.0976766899804,7.000660019942281
22_16,0.3380894995206541,LUMAYANG,0.3016548064674121,122.0976766899804,7.009643172783477
22_17,0.3501585675377808,SALAAN,0.360384534371542,122.102168266401,7.018626325624673
22_18,0.3706807479593939,SALAAN,0.391342009848475,122.0976766899804,7.027609478465863
22_19,0.3763795779316921,SALAAN,0.3913828634667361,122.102168266401,7.036592631307059
22_20,0.3746546047938103,SALAAN,0.3912106823599187,122.0999224781907,7.04332999593796
22_21,0.384982517321185,SALAAN,0.3914553582518613,122.0976766899804,7.054558936989452
22_22,0.3822830616461056,TOLOSA,0.3933722206582171,122.0999224781907,7.063542089830648
22_23,0.3885232915061429,TOLOSA,0.393958734015027,122.0999224781907,7.068033666251246
22_24,0.3894071427941482,TOLOSA,0.3936472991165889,122.102168266401,7.07477103088214
22_4,0.3119663826534941,KASANYANGAN,0.3844971621599815,122.0976766899804,6.901845338689135
22_5,0.2706285333449725,KASANYANGAN,0.3171367793471082,122.0976766899804,6.910828491530324
22_6,0.2362285881310862,TUGBUNGAN,0.2254741727196256,122.0976766899804,6.919811644371521
22_7,0.2270588253415436,GUIWAN,0.2105821277910978,122.0976766899804,6.928794797212717
22_8,0.2164116491695977,PUTIK,0.1897186171776971,122.0976766899804,6.937777950053913
22_9,0.2114895626487211,PUTIK,0.1856414409587448,122.0976766899804,6.94676110289511
23_10,0.2218025075767939,DIVISORIA,0.1927712466054713,122.10665984282156,6.955744255736306
23_11,0.2284540961709654,LUMBANGAN,0.2129249682857709,122.10665984282156,6.964727408577502
23_12,0.2442567955171073,LUMBANGAN,0.2453855937454409,122.10665984282156,6.973710561418692
23_13,0.2770445283736527,LUMAYANG,0.2619773038633465,122.10665984282156,6.982693714259888
23_14,0.3212202584179296,SALAAN,0.3053023703508661,122.10665984282156,6.991676867101084
23_15,0.3285001239591834,SALAAN,0.3019722402969437,122.10665984282156,7.000660019942281
23_16,0.3414299340068203,SALAAN,0.297764767936233,122.10665984282156,7.009643172783477
23_17,0.3647093094366322,SALAAN,0.3806891187487017,122.10665984282156,7.018626325624673
23_18,0.3745675856764058,SALAAN,0.3913987915269635,122.10665984282156,7.027609478465863
23_19,0.3771449400925776,SALAAN,0.3914897368630936,122.10665984282156,7.036592631307059
23_20,0.3776397184709394,SALAAN,0.3919872200528486,122.10665984282156,7.045575784148255
23_21,0.3855245302814445,TOLOSA,0.3912464084014183,122.11339720745246,7.054558936989452
23_22,0.3841981878406491,TOLOSA,0.3918775545451214,122.10665984282156,7.063542089830648
23_23,0.3874132966969607,TOLOSA,0.3935821904966695,122.11339720745246,7.065787878040943
23_24,0.3841509755810257,TOLOSA,0.3870864118608357,122.10890563103186,7.0815083955130405
23_25,0.3842700848943347,TOLOSA,0.3830253680087944,122.11339720745246,7.09049154835423
23_31,0.3594859202436978,BUNGUIAO,0.3514455580288312,122.11115141924216,7.1443904654014005
23_31,0.3594859202436978,BUNGUIAO,0.3705329512107886,122.11115141924216,7.1443904654014005
23_31,0.372992507383124,PASONANCA NATURAL PARK UNDER JURISDICTION OF ZAMBOANGA CITY,0.3514455580288312,122.11115141924216,7.1443904654014005
23_31,0.372992507383124,PASONANCA NATURAL PARK UNDER JURISDICTION OF ZAMBOANGA CITY,0.3705329512107886,122.11115141924216,7.1443904654014005
23_32,0.3455395534858583,BUNGUIAO,0.331750582350255,122.11115141924216,7.153373618242597
23_33,0.3399207260876015,BUNGUIAO,0.3309933471542032,122.11339720745246,7.157865194663195
23_4,0.2850261785972992,TALON TALON,0.2655605141054823,122.10890563103186,6.901845338689135
23_5,0.2525242155336635,TALON TALON,0.2492950564019996,122.10665984282156,6.910828491530324
23_6,0.2419185811775456,TUGBUNGAN,0.2271057639900838,122.10665984282156,6.919811644371521
23_7,0.2414574827528877,PUTIK,0.2295659620412945,122.10665984282156,6.928794797212717
23_8,0.2330110213891764,DIVISORIA,0.2040691504483442,122.10665984282156,6.937777950053913
23_9,0.2233030771890365,DIVISORIA,0.1940167350654103,122.10665984282156,6.94676110289511
24_10,0.2247410062539975,BOALAN,0.1932599947261107,122.11564299566275,6.955744255736306
24_11,0.2290160668255644,BOALAN,0.2169772510492076,122.11564299566275,6.964727408577502
24_12,0.2379353872112675,BOALAN,0.2424202056542317,122.11564299566275,6.973710561418692
24_13,0.2718585276923463,SALAAN,0.2684098230293155,122.11564299566275,6.982693714259888
24_14,0.3225227962557436,SALAAN,0.3052176791526316,122.11564299566275,6.991676867101084
24_15,0.3215759601001789,SALAAN,0.3025776650031303,122.11564299566275,7.000660019942281
24_16,0.3402244586186686,TOLOSA,0.2955178919104627,122.11564299566275,7.009643172783477
24_17,0.373841643143798,TOLOSA,0.37305913552205,122.11564299566275,7.018626325624673
24_18,0.3801416203643767,TOLOSA,0.3941214315506672,122.11564299566275,7.027609478465863
24_19,0.3830867221016612,TOLOSA,0.3944390472638485,122.12013457208336,7.034346843096763
24_20,0.3800398032543595,TOLOSA,0.3943416148302691,122.12013457208336,7.045575784148255
24_21,0.3875139626676531,TOLOSA,0.3927739334695034,122.11564299566275,7.054558936989452
24_22,0.3895653772015769,TOLOSA,0.3920248755138936,122.12238036029368,7.061296301620345
24_23,0.3936041447496705,TOLOSA,0.3940651987203862,122.12013457208336,7.072525242671844
24_24,0.3891408707833944,TOLOSA,0.3886238937539898,122.11564299566275,7.077016819092442
24_25,0.3799599744214278,TOLOSA,0.3692377813941178,122.11788878387308,7.09049154835423
24_26,0.3825516141534646,TOLOSA,0.390971571119707,122.12238036029368,7.099474701195426
24_27,0.3794322349180428,TOLOSA,0.3883995631252057,122.12238036029368,7.108457854036622
24_28,0.3838935599222003,TOLOSA,0.3813291672708861,122.11564299566275,7.117441006877819
24_29,0.3782265638712582,BUNGUIAO,0.374889435747757,122.12238036029368,7.126424159719015
24_30,0.3736179051919311,BUNGUIAO,0.36422583645981,122.11788878387308,7.135407312560211
24_31,0.3658296007007369,BUNGUIAO,0.3558130705319484,122.12238036029368,7.142144677191105
24_32,0.3514668168786902,BUNGUIAO,0.3465724139801702,122.11788878387308,7.153373618242597
24_33,0.3385190674622237,BUNGUIAO,0.3309354208558748,122.11564299566275,7.157865194663195
24_34,0.3615194311419679,BUNGUIAO,0.3460411108617565,122.11788878387308,7.169094135714687
24_34,0.3615194311419679,BUNGUIAO,0.3681569205137012,122.11788878387308,7.169094135714687
24_34,0.3491938289828941,UNCLAIMED AREA UNDER JURISDICTION OF ZAMBOANGA CITY,0.3460411108617565,122.11788878387308,7.169094135714687
24_34,0.3491938289828941,UNCLAIMED AREA UNDER JURISDICTION OF ZAMBOANGA CITY,0.3681569205137012,122.11788878387308,7.169094135714687
24_38,0.3746287107030744,UNCLAIMED AREA UNDER JURISDICTION OF ZAMBOANGA CITY,0.3927143859934235,122.12238036029368,7.205026747079472
24_4,0.2778822160355261,TALON TALON,0.2617798282220903,122.11564299566275,6.901845338689135
24_5,0.2522729191565128,TALON TALON,0.2533953226192486,122.11564299566275,6.910828491530324
24_6,0.2451088364295504,TALON TALON,0.2434968938917094,122.11564299566275,6.919811644371521
24_7,0.245361531514511,DIVISORIA,0.2444235969908977,122.11564299566275,6.928794797212717
24_8,0.2382478673923103,BOALAN,0.217071465820158,122.11564299566275,6.937777950053913
24_9,0.224564489090636,BOALAN,0.1953905905328501,122.11564299566275,6.94676110289511
25_10,0.2287187637069382,BOALAN,0.2368097848789899,122.12462614850398,6.955744255736306
25_11,0.2334660440111402,BOALAN,0.240578454279693,122.12462614850398,6.964727408577502
25_12,0.2417325067217995,SALAAN,0.2435550141351487,122.12462614850398,6.973710561418692
25_13,0.2461631873775084,PASOBOLONG,0.2458532812121947,122.12462614850398,6.982693714259888
25_14,0.2974440605326973,LANZONES,0.2769776478760413,122.12462614850398,6.991676867101084
25_15,0.3294206987005308,LANZONES,0.2998021543731664,122.12462614850398,7.000660019942281
25_16,0.3364127931929719,LANZONES,0.2923742004840856,122.12911772492458,7.009643172783477
25_17,0.365777403847995,TOLOSA,0.3353712354785622,122.12462614850398,7.018626325624673
25_18,0.3764614964700735,TOLOSA,0.3831597067778854,122.12462614850398,7.027609478465863
25_19,0.3802846499102094,TOLOSA,0.3932346255656386,122.12462614850398,7.036592631307059
25_20,0.3769144649384024,TOLOSA,0.3938504674257208,122.12462614850398,7.045575784148255
25_21,0.3828520363798952,TOLOSA,0.3927063334395752,122.12462614850398,7.054558936989452
25_22,0.3794851958545219,TOLOSA,0.3913090188756249,122.12462614850398,7.063542089830648
25_23,0.3853780529668731,TOLOSA,0.3926852338412524,122.12911772492458,7.072525242671844
25_24,0.3865001655948105,TOLOSA,0.3879979066844102,122.12687193671428,7.0815083955130405
25_25,0.3809042472688976,TOLOSA,0.3698491667041163,122.12462614850398,7.09049154835423
25_26,0.3830096520632217,TOLOSA,0.366477002963019,122.12687193671428,7.099474701195426
25_27,0.3772731280851762,TOLOSA,0.3421830326368248,122.12462614850398,7.108457854036622
25_28,0.3782754660802296,BUNGUIAO,0.3430644557805551,122.12687193671428,7.117441006877819
25_29,0.3802570867235027,BUNGUIAO,0.372947106750975,122.12462614850398,7.126424159719015
25_30,0.3721681784841776,BUNGUIAO,0.3636781494111739,122.12687193671428,7.135407312560211
25_31,0.3651988826622359,BUNGUIAO,0.3554631115905966,122.12462614850398,7.142144677191105
25_34,0.3640498324751212,DULIAN,0.3456138883537448,122.12462614850398,7.1713399239249895
25_34,0.3640498324751212,DULIAN,0.3681569205137012,122.12462614850398,7.1713399239249895
25_34,0.3491938289828941,UNCLAIMED AREA UNDER JURISDICTION OF ZAMBOANGA CITY,0.3456138883537448,122.12462614850398,7.1713399239249895
25_34,0.3491938289828941,UNCLAIMED AREA UNDER JURISDICTION OF ZAMBOANGA CITY,0.3681569205137012,122.12462614850398,7.1713399239249895
25_35,0.3598225976619024,DULIAN,0.342345570884576,122.13136351313489,7.175831500345588
25_4,0.2704437736839039,TALON TALON,0.2613136681017565,122.12462614850398,6.901845338689135
25_5,0.2522622476868393,MAMPANG,0.2546730456264341,122.12462614850398,6.910828491530324
25_6,0.2501633057755835,MAMPANG,0.2484496985223684,122.12462614850398,6.919811644371521
25_7,0.2501572110188409,ZAMBOWOOD,0.2498135536938896,122.12462614850398,6.928794797212717
25_8,0.2532651125653961,BOALAN,0.2538989769777598,122.12462614850398,6.937777950053913
25_9,0.2314013684639637,BOALAN,0.2393596092077787,122.12462614850398,6.94676110289511
26_10,0.2331821603638479,MERCEDES,0.2471962767607799,122.1336093013452,6.955744255736306
26_11,0.2365996105817222,PASOBOLONG,0.2462701364608909,122.1336093013452,6.964727408577502
26_12,0.2416600394012882,PASOBOLONG,0.2445210722872209,122.1336093013452,6.973710561418692
26_13,0.2406133816303318,LANZONES,0.2438451889377688,122.1336093013452,6.982693714259888
26_14,0.2616321525419268,LANZONES,0.2490576100493869,122.1336093013452,6.991676867101084
26_15,0.3145098195664936,LANZONES,0.2771461503225977,122.13585508955548,7.000660019942281
26_16,0.3318460122684637,LANZONES,0.2918410704120885,122.1336093013452,7.009643172783477
26_17,0.3450071307453565,LANZONES,0.2980115042755901,122.1336093013452,7.018626325624673
26_18,0.3466945787808893,CACAO,0.2995553555033656,122.13585508955548,7.027609478465863
26_19,0.3463633878365716,CACAO,0.2972354019984365,122.1381008777658,7.036592631307059
26_20,0.3712360421531043,TOLOSA,0.3763448611608599,122.1336093013452,7.045575784148255
26_21,0.3816731422130691,TOLOSA,0.3898190100782049,122.1336093013452,7.054558936989452
26_22,0.3811948515574941,TOLOSA,0.3903418986344398,122.1336093013452,7.063542089830648
26_23,0.3845987321580126,TOLOSA,0.3902822430721486,122.1336093013452,7.072525242671844
26_24,0.3823951688364677,TOLOSA,0.3843187236184323,122.1336093013452,7.0815083955130405
26_25,0.3587986451973609,BUNGUIAO,0.3404613137782791,122.1381008777658,7.09049154835423
26_26,0.350798888068238,BUNGUIAO,0.3253297500164026,122.14034666597604,7.094983124774828
26_27,0.3572009541811533,BUNGUIAO,0.3205541233189852,122.1381008777658,7.108457854036622
26_28,0.3517202688083675,BUNGUIAO,0.3268487881651775,122.1336093013452,7.117441006877819
26_29,0.3599657466199865,BUNGUIAO,0.3406825402028091,122.13585508955548,7.126424159719015
26_30,0.3570238877166708,BUNGUIAO,0.3277137489890664,122.13585508955548,7.133161524349909
26_32,0.3397687982682941,BUNGUIAO,0.3149965869972727,122.1381008777658,7.148882041821999
26_34,0.3400589429828125,DULIAN,0.3179318166861899,122.1336093013452,7.1713399239249895
26_35,0.3405194998012749,DULIAN,0.3172466647170797,122.1336093013452,7.173585712135285
26_5,0.2506529475776528,MAMPANG,0.2509449174333125,122.1336093013452,6.910828491530324
26_6,0.2535227386255699,MAMPANG,0.2495823813250615,122.1336093013452,6.919811644371521
26_7,0.2552362512267515,MAMPANG,0.2525952190864681,122.1336093013452,6.928794797212717
26_8,0.2532295617096235,ZAMBOWOOD,0.2518088740068436,122.1336093013452,6.937777950053913
26_9,0.2394558566391453,ZAMBOWOOD,0.2483631001577745,122.1336093013452,6.94676110289511
27_10,0.2462421273990289,MERCEDES,0.2492882500600333,122.14259245418634,6.955744255736306
27_11,0.2458761030430974,MERCEDES,0.2478576290351823,122.14259245418634,6.964727408577502
27_12,0.2406974049208869,CULIANAN,0.2441174391201877,122.14259245418634,6.973710561418692
27_13,0.2458464361299156,CULIANAN,0.2443496620902876,122.14259245418634,6.982693714259888
27_14,0.2614946348757521,CULIANAN,0.2503638508093518,122.14708403060696,6.991676867101084
27_15,0.3007107346941372,LANZONES,0.2560705022678933,122.14259245418634,7.000660019942281
27_16,0.3221748141633642,GUISAO,0.2910500227744391,122.14483824239665,7.009643172783477
27_17,0.3251951187319029,CACAO,0.2957314300367706,122.14708403060696,7.018626325624673
27_18,0.3253682757712262,CACAO,0.2959095443919638,122.14483824239665,7.027609478465863
27_19,0.3342972033399558,CACAO,0.2966348845511172,122.14708403060696,7.036592631307059
27_20,0.350899302653126,TOLOSA,0.3161679228816604,122.14708403060696,7.045575784148255
27_21,0.3773077432363064,TOLOSA,0.3763828306721253,122.14259245418634,7.054558936989452
27_22,0.3842376017979404,LAPAKAN,0.3889164796278799,122.14259245418634,7.063542089830648
27_23,0.3796673344861273,TOLOSA,0.3881370558440139,122.14259245418634,7.072525242671844
27_24,0.3797010540895721,LAMISAHAN,0.3870490894592712,122.14483824239665,7.0815083955130405
27_25,0.3737123225081328,BUNGUIAO,0.3730988297738316,122.14932981881724,7.085999971933632
27_26,0.3340383062397959,BUNGUIAO,0.3171344891964247,122.14259245418634,7.099474701195426
27_27,0.3282624840976367,BUNGUIAO,0.3177704446496789,122.14259245418634,7.108457854036622
27_28,0.3316817155448634,BUNGUIAO,0.3192974896232811,122.14259245418634,7.117441006877819
27_29,0.3296274727009542,BUNGUIAO,0.3187073834986796,122.14932981881724,7.126424159719015
27_30,0.3320585306824392,BUNGUIAO,0.313109169200646,122.14483824239665,7.135407312560211
27_31,0.3246686522015787,BUNGUIAO,0.3120779970522604,122.14708403060696,7.139898888980802
27_32,0.3362762438348954,BUNGUIAO,0.3158314993237867,122.14483824239665,7.153373618242597
27_34,0.3388069332818989,DULIAN,0.314457780937941,122.14259245418634,7.1713399239249895
27_35,0.3444529541552274,DULIAN,0.3192884286926151,122.14932981881724,7.178077288555883
27_42,0.3796779142258301,CURUAN,0.4035744422828089,122.14708403060696,7.243205146654553
27_43,0.3832414777749219,CURUAN,0.4041392921689026,122.14708403060696,7.252188299495749
27_44,0.3881664439806617,CURUAN,0.4046536243617137,122.14483824239665,7.261171452336939
27_45,0.3901113474551653,CURUAN,0.4048799679330073,122.14932981881724,7.265663028757537
27_5,0.2526897925562074,MAMPANG,0.2493869736000809,122.14259245418634,6.910828491530324
27_6,0.2670659736570983,MAMPANG,0.266247669136371,122.14483824239665,6.919811644371521
27_7,0.2597161357184382,MAMPANG,0.2801356949686386,122.14708403060696,6.922057432581823
27_8,0.2532705881698094,MERCEDES,0.251928805741281,122.14259245418634,6.937777950053913
27_9,0.2459195191516982,MERCEDES,0.2492240569106264,122.14259245418634,6.94676110289511
28_10,0.2624931438249506,MERCEDES,0.2630982423218039,122.15157560702755,6.955744255736306
28_11,0.2672016947103793,MERCEDES,0.2633547676721812,122.15157560702755,6.964727408577502
28_12,0.2556481657795107,CULIANAN,0.2534558002469649,122.15157560702755,6.973710561418692
28_13,0.2562698028859278,CULIANAN,0.2526002686828756,122.15157560702755,6.982693714259888
28_14,0.2675524138788546,GUISAO,0.2536483005814393,122.15157560702755,6.991676867101084
28_15,0.2875072492433602,GUISAO,0.2512230532472245,122.15157560702755,7.000660019942281
28_16,0.3117211079132418,GUISAO,0.2774392610462682,122.15157560702755,7.009643172783477
28_17,0.3257433624551945,CACAO,0.2947910265254212,122.15157560702755,7.018626325624673
28_18,0.3225763923078021,CACAO,0.2964205891310346,122.15157560702755,7.027609478465863
28_19,0.3284335760635999,LAPAKAN,0.2986675044592159,122.15382139523786,7.036592631307059
28_20,0.3467680276935695,LAPAKAN,0.298581046870049,122.15382139523786,7.045575784148255
28_21,0.3699160277091832,LAPAKAN,0.3184959139523333,122.15382139523786,7.054558936989452
28_22,0.381684536277603,LAMISAHAN,0.3828063761755549,122.15157560702755,7.063542089830648
28_23,0.3800215619752406,LAMISAHAN,0.3866959163723003,122.15157560702755,7.072525242671844
28_24,0.3790729643339135,LAMISAHAN,0.3872033535946978,122.15157560702755,7.079262607302738
28_25,0.3776044724054187,BUNGUIAO,0.380086051074093,122.15831297165846,7.085999971933632
28_26,0.3408005791190844,BUNGUIAO,0.3380229368807202,122.15382139523786,7.0972289129851305
28_27,0.3406802163082727,BUNGUIAO,0.3274609490562872,122.15157560702755,7.108457854036622
28_28,0.3374818586225261,BUNGUIAO,0.3253559416174146,122.15157560702755,7.117441006877819
28_29,0.3217125609766761,BUNGUIAO,0.3149834067429339,122.15157560702755,7.126424159719015
28_30,0.3221471797031877,BUNGUIAO,0.3119838833758718,122.15382139523786,7.130915736139613
28_32,0.3242492064543126,DULIAN,0.3116800670789257,122.15606718344816,7.153373618242597
28_33,0.3322074821332829,DULIAN,0.3123226711636969,122.15382139523786,7.162356771083793
28_34,0.3379624761770622,DULIAN,0.3129393942024856,122.15831297165846,7.164602559294096
28_35,0.339503280894231,CURUAN,0.3219653121142327,122.15831297165846,7.180323076766186
28_36,0.3473933696879702,CURUAN,0.3383115496128449,122.15831297165846,7.189306229607382
28_36,0.3473933696879702,CURUAN,0.4068108531999406,122.15831297165846,7.189306229607382
28_36,0.3841918276648712,UNCLAIMED AREA UNDER JURISDICTION OF ZAMBOANGA CITY,0.3383115496128449,122.15831297165846,7.189306229607382
28_36,0.3841918276648712,UNCLAIMED AREA UNDER JURISDICTION OF ZAMBOANGA CITY,0.4068108531999406,122.15831297165846,7.189306229607382
28_37,0.3693759643091373,CURUAN,0.390539343067388,122.15606718344816,7.198289382448571
28_38,0.3738800052799922,CURUAN,0.3910704492244074,122.15831297165846,7.205026747079472
28_39,0.3977390140590999,CURUAN,0.4051296315690694,122.15606718344816,7.216255688130964
28_39,0.3977390140590999,CURUAN,0.38394944244562,122.15606718344816,7.216255688130964
28_39,0.3658569475408527,UNCLAIMED AREA UNDER JURISDICTION OF ZAMBOANGA CITY,0.4051296315690694,122.15606718344816,7.216255688130964
28_39,0.3658569475408527,UNCLAIMED AREA UNDER JURISDICTION OF ZAMBOANGA CITY,0.38394944244562,122.15606718344816,7.216255688130964
28_40,0.4012673679825739,CURUAN,0.4029828419936076,122.15606718344816,7.22523884097216
28_40,0.4012673679825739,CURUAN,0.38394944244562,122.15606718344816,7.22523884097216
28_40,0.3658569475408527,UNCLAIMED AREA UNDER JURISDICTION OF ZAMBOANGA CITY,0.4029828419936076,122.15606718344816,7.22523884097216
28_40,0.3658569475408527,UNCLAIMED AREA UNDER JURISDICTION OF ZAMBOANGA CITY,0.38394944244562,122.15606718344816,7.22523884097216
28_41,0.4073485768489762,CURUAN,0.4041219760430936,122.15382139523786,7.234221993813357
28_42,0.3910361841590691,CURUAN,0.4047986113272558,122.15157560702755,7.243205146654553
28_43,0.3879819195287461,CURUAN,0.404604083989678,122.15157560702755,7.252188299495749
28_44,0.3874099873073296,CURUAN,0.4047123963779239,122.15382139523786,7.261171452336939
28_45,0.3895978318412132,CURUAN,0.4049477895971247,122.15157560702755,7.265663028757537
28_5,0.2603907831490486,MAMPANG,0.25320777800078,122.15157560702755,6.910828491530324
28_6,0.2821892017722366,ARENA BLANCO,0.4167694937954035,122.15157560702755,6.919811644371521
28_6,0.2821892017722366,ARENA BLANCO,0.2723162927631907,122.15157560702755,6.919811644371521
28_6,0.2777103899412419,,0.4167694937954035,122.15157560702755,6.919811644371521
28_6,0.2777103899412419,,0.2723162927631907,122.15157560702755,6.919811644371521
28_7,0.2659997703213403,MERCEDES,0.2946200290036033,122.15382139523786,6.9265490090024215
28_7,0.2659997703213403,MERCEDES,0.3173838842992507,122.15382139523786,6.9265490090024215
28_7,0.2615997293387543,,0.2946200290036033,122.15382139523786,6.9265490090024215
28_7,0.2615997293387543,,0.3173838842992507,122.15382139523786,6.9265490090024215
28_8,0.2578345888060442,MERCEDES,0.2554156967973137,122.15157560702755,6.937777950053913
28_8,0.2578345888060442,MERCEDES,0.3038722587042072,122.15157560702755,6.937777950053913
28_8,0.2463193943061719,,0.2554156967973137,122.15157560702755,6.937777950053913
28_8,0.2463193943061719,,0.3038722587042072,122.15157560702755,6.937777950053913
28_9,0.2605371274005,MERCEDES,0.2600523059544024,122.15157560702755,6.94676110289511
29_10,0.2904104710174626,TALABAAN,0.3107205993693999,122.16055875986876,6.955744255736306
29_11,0.301110824027821,MERCEDES,0.3028066669057305,122.16055875986876,6.964727408577502
29_12,0.2888183109163605,MERCEDES,0.2886278560182024,122.16055875986876,6.973710561418692
29_13,0.2811247256540971,CULIANAN,0.2789141878649548,122.16055875986876,6.982693714259888
29_14,0.2681174285097883,GUISAO,0.2642562396130515,122.16055875986876,6.991676867101084
29_15,0.2703265517171171,CABALUAY,0.2579977496907177,122.16055875986876,7.000660019942281
29_16,0.2875031493800763,CACAO,0.2639274228874221,122.16280454807908,7.009643172783477
29_17,0.3219718012528301,CACAO,0.2918429271505017,122.16055875986876,7.018626325624673
29_18,0.3305191411013323,LAPAKAN,0.29688665679548,122.16055875986876,7.027609478465863
29_19,0.3395821948545675,LAPAKAN,0.2984247663070408,122.16055875986876,7.036592631307059
29_20,0.3483805643283611,LAPAKAN,0.2981227630614098,122.16055875986876,7.045575784148255
29_21,0.3655452951310862,LAPAKAN,0.3074324400635909,122.16055875986876,7.054558936989452
29_22,0.3788618782256352,LAMISAHAN,0.3516490188200109,122.16055875986876,7.063542089830648
29_23,0.3754267271409616,LAMISAHAN,0.3748736491882704,122.16055875986876,7.072525242671844
29_24,0.3685427152320879,LAMISAHAN,0.3816563684162091,122.16729612449969,7.0815083955130405
29_25,0.3787230120633239,BUNGUIAO,0.3837199638271858,122.16505033628935,7.09049154835423
29_26,0.3669776327234997,BUNGUIAO,0.3634496323600228,122.16729612449969,7.099474701195426
29_27,0.3435267343607063,BUNGUIAO,0.3308893917303863,122.16055875986876,7.108457854036622
29_28,0.335871748307909,BUNGUIAO,0.3223378333610076,122.16505033628935,7.117441006877819
29_29,0.3203066779798841,DULIAN,0.3211215939030318,122.16729612449969,7.126424159719015
29_30,0.3193179885526613,DULIAN,0.3120781939741535,122.16505033628935,7.135407312560211
29_31,0.3189426108082475,DULIAN,0.3115038190055773,122.16055875986876,7.1443904654014005
29_32,0.3201673901839608,DULIAN,0.3115076305580244,122.16055875986876,7.153373618242597
29_33,0.3218330468404464,DULIAN,0.3116452465089163,122.16280454807908,7.157865194663195
29_35,0.3419820221694151,CURUAN,0.3242554219352363,122.16055875986876,7.180323076766186
29_36,0.3495375221788209,CURUAN,0.3381419573954075,122.16280454807908,7.189306229607382
29_37,0.3611706418395154,CURUAN,0.3667643022867372,122.16505033628935,7.196043594238276
29_38,0.3690251837155528,CURUAN,0.3911648587180114,122.16505033628935,7.207272535289768
29_39,0.3891848144487692,CURUAN,0.4012083002864923,122.16729612449969,7.2140098999206685
29_40,0.3979993996775455,CURUAN,0.4028547085006622,122.16505033628935,7.22523884097216
29_41,0.4038525508263982,CURUAN,0.4033577231708778,122.16055875986876,7.234221993813357
29_42,0.4009659280406853,CURUAN,0.405089804439431,122.16055875986876,7.236467782023652
29_43,0.3894795639933758,CURUAN,0.4039268203057311,122.16055875986876,7.252188299495749
29_44,0.3907557986806883,CURUAN,0.4053451730189754,122.16055875986876,7.258925664126643
29_8,0.2654068217613156,MERCEDES,0.267018112049742,122.16055875986876,6.937777950053913
29_9,0.277368593877458,TALABAAN,0.3002467911913629,122.16055875986876,6.94676110289511
2_14,0.2428599875949185,TALISAYAN,0.2015792968978629,121.92250520957708,6.991676867101084
2_15,0.2477193099783647,TALISAYAN,0.206956319282088,121.92250520957708,7.000660019942281
2_16,0.2586506271107572,SINUBUNG,0.2207226375652803,121.92025942136678,7.009643172783477
2_17,0.2993916387323762,SINUBUNG,0.301203653781233,121.92025942136678,7.018626325624673
2_18,0.3499130964627943,SINUBUNG,0.3534406685404064,121.91576784494616,7.027609478465863
2_18,0.3499130964627943,SINUBUNG,0.2975695073818145,121.91576784494616,7.027609478465863
2_18,0.3184462203953115,,0.3534406685404064,121.91576784494616,7.027609478465863
2_18,0.3184462203953115,,0.2975695073818145,121.91576784494616,7.027609478465863
2_19,0.3819649807305599,PATALON,0.3837384236353262,121.91576784494616,7.036592631307059
2_20,0.3790462202737786,PATALON,0.3929817501863615,121.91576784494616,7.045575784148255
2_21,0.3851175408415627,PATALON,0.3963990981693084,121.91576784494616,7.054558936989452
2_22,0.3880331989526804,PATALON,0.3943512671682805,121.91801363315648,7.063542089830648
2_23,0.3861369515436512,PATALON,0.389049386461987,121.91576784494616,7.072525242671844
2_24,0.389519859928557,LABUAN,0.3840253614177933,121.91576784494616,7.0815083955130405
2_25,0.3838856788155239,LABUAN,0.3806432562496305,121.91576784494616,7.09049154835423
2_26,0.3826718090464969,LABUAN,0.3822825504777895,121.91576784494616,7.094983124774828
2_27,0.3951501330831311,LABUAN,0.3899417514723204,121.91576784494616,7.108457854036622
2_28,0.4032905156777511,LABUAN,0.4065545348290301,121.91576784494616,7.115195218667516
2_29,0.4164457339884124,LIMPAPA,0.4414935903836717,121.91576784494616,7.126424159719015
2_30,0.4147473317771475,LIMPAPA,0.4426586517142814,121.91576784494616,7.133161524349909
2_31,0.4213346149743239,LIMPAPA,0.4473165671231388,121.91576784494616,7.137653100770507
30_10,0.3062244290247424,TALABAAN,0.3487870593337254,122.16954191270996,6.955744255736306
30_11,0.3051997823353516,TALABAAN,0.3487646378720855,122.16954191270996,6.964727408577502
30_12,0.3149204658833472,TALABAAN,0.3233057258406573,122.16954191270996,6.973710561418692
30_13,0.3063228567712047,CABALUAY,0.3039106428333117,122.16954191270996,6.982693714259888
30_14,0.275900551252887,CABALUAY,0.2938583680818453,122.16954191270996,6.991676867101084
30_15,0.267098238375627,CABALUAY,0.2703499762967873,122.16954191270996,7.000660019942281
30_16,0.276667065554853,CACAO,0.2721732757849852,122.16954191270996,7.009643172783477
30_17,0.294437820968365,LAPAKAN,0.299086511351424,122.16954191270996,7.018626325624673
30_18,0.3218914585306445,LAPAKAN,0.3063955216636261,122.16954191270996,7.027609478465863
30_19,0.3370534317517828,LAPAKAN,0.2988787180300955,122.17403348913052,7.036592631307059
30_20,0.3408149900617436,VICTORIA,0.2977811101123794,122.17403348913052,7.045575784148255
30_21,0.3473795979425768,LAPAKAN,0.3128129848251196,122.17178770092028,7.054558936989452
30_22,0.3529484541402128,LAMISAHAN,0.3153825501559447,122.16954191270996,7.063542089830648
30_23,0.3583396241543202,LAMISAHAN,0.3174454712393011,122.16954191270996,7.072525242671844
30_24,0.3653909469844473,LAMISAHAN,0.3301961878365257,122.17403348913052,7.0815083955130405
30_25,0.3630181515436078,BUNGUIAO,0.3513778009167417,122.17627927734084,7.09049154835423
30_26,0.3612505625978724,BUNGUIAO,0.3256102332549397,122.16954191270996,7.099474701195426
30_27,0.3488496175602381,BUNGUIAO,0.315865838945255,122.17178770092028,7.108457854036622
30_28,0.3319787929558006,BUNGUIAO,0.3206346006203258,122.16954191270996,7.117441006877819
30_29,0.3141493462867355,DULIAN,0.3123407780858674,122.16954191270996,7.126424159719015
30_30,0.3145732920104815,DULIAN,0.311083872856601,122.16954191270996,7.135407312560211
30_31,0.3187690960580155,DULIAN,0.3120832050705109,122.16954191270996,7.1443904654014005
30_32,0.3148457612667215,DULIAN,0.3114976349689025,122.17627927734084,7.151127830032301
30_33,0.3182818754176397,DULIAN,0.3112996604547759,122.17178770092028,7.162356771083793
30_34,0.3219104417082777,DULIAN,0.3112464665274783,122.17627927734084,7.1713399239249895
30_35,0.3364846445433486,CURUAN,0.3187650588754561,122.16954191270996,7.180323076766186
30_36,0.3515884388739101,CURUAN,0.341962351963436,122.17178770092028,7.189306229607382
30_37,0.3589759251026708,CURUAN,0.3734660761601893,122.16954191270996,7.198289382448571
30_38,0.3638081171144348,CURUAN,0.3909611949300052,122.17627927734084,7.205026747079472
30_39,0.3945483114413689,CURUAN,0.4028048287615746,122.17178770092028,7.216255688130964
30_40,0.3994467021707949,CURUAN,0.4041247293825663,122.16954191270996,7.22523884097216
30_41,0.3993289163946799,CURUAN,0.4054361949652261,122.17403348913052,7.234221993813357
30_42,0.3908665957303496,CURUAN,0.3999585777594198,122.17178770092028,7.24095935844425
30_43,0.3866412087614629,CURUAN,0.3993034884301861,122.16954191270996,7.252188299495749
30_53,0.392893991838436,SIBULAO,0.4061473473408483,122.17627927734084,7.342019827907698
30_54,0.3891604098224287,SIBULAO,0.4052102671882036,122.17627927734084,7.346511404328297
30_56,0.3762366246640676,SIBULAO,0.3945761471875589,122.17627927734084,7.36896928643128
30_56,0.3762366246640676,SIBULAO,0.3741991239254207,122.17627927734084,7.36896928643128
30_56,0.3980893049507638,UNCLAIMED AREA UNDER JURISDICTION OF ZAMBOANGA CITY,0.3945761471875589,122.17627927734084,7.36896928643128
30_56,0.3980893049507638,UNCLAIMED AREA UNDER JURISDICTION OF ZAMBOANGA CITY,0.3741991239254207,122.17627927734084,7.36896928643128
30_9,0.3080374850922974,TALABAAN,0.3538934672489792,122.16954191270996,6.94676110289511
31_10,0.3132172484066078,TALABAAN,0.4060263135583647,122.17852506555111,6.955744255736306
31_11,0.3074437915805945,TALABAAN,0.3887289633671024,122.17852506555111,6.964727408577502
31_12,0.3247462400502637,TALABAAN,0.3220555704796348,122.17852506555111,6.973710561418692
31_13,0.3115305036113089,CABALUAY,0.3127094610990026,122.17852506555111,6.982693714259888
31_14,0.2758862632243896,CABALUAY,0.2916643827940603,122.17852506555111,6.991676867101084
31_15,0.265117670434168,CABALUAY,0.2686361825795447,122.17852506555111,7.000660019942281
31_16,0.2714452436775988,CABALUAY,0.2683637826422665,122.17852506555111,7.009643172783477
31_17,0.2900327403500297,MANICAHAN,0.31189545768597,122.17852506555111,7.018626325624673
31_18,0.3100256877392842,MANICAHAN,0.3186461265712687,122.17852506555111,7.027609478465863
31_19,0.3213457724312363,MANICAHAN,0.3129558422274042,122.17852506555111,7.036592631307059
31_20,0.3347460714344039,VICTORIA,0.2936628059755218,122.17852506555111,7.045575784148255
31_21,0.33732425949836,LAMISAHAN,0.3036003689774618,122.17852506555111,7.054558936989452
31_22,0.3407759578095147,LAMISAHAN,0.3154019050465192,122.17852506555111,7.063542089830648
31_23,0.3400995490414539,LAMISAHAN,0.3222338646320108,122.17852506555111,7.072525242671844
31_24,0.3526453338379381,SANGALI,0.3144380018522047,122.17852506555111,7.0815083955130405
31_25,0.3476051161366577,BUNGUIAO,0.314266746651432,122.18077085376144,7.09049154835423
31_26,0.3423413265718087,BUNGUIAO,0.3133130593135468,122.17852506555111,7.099474701195426
31_27,0.3383805283379209,BUNGUIAO,0.3124739395465802,122.18077085376144,7.108457854036622
31_28,0.3330719778593102,BUNGUIAO,0.3117773561179775,122.17852506555111,7.117441006877819
31_29,0.3131526526897822,DULIAN,0.3043826933203807,122.17852506555111,7.126424159719015
31_30,0.3087838344769228,DULIAN,0.3045252056014367,122.17852506555111,7.135407312560211
31_31,0.306417975820309,DULIAN,0.3083323772042154,122.17852506555111,7.1443904654014005
31_32,0.3106513015514547,DULIAN,0.3091245041545783,122.17852506555111,7.153373618242597
31_33,0.3105722917009492,DULIAN,0.3146758438351969,122.18526243018204,7.162356771083793
31_34,0.3166332243139747,DULIAN,0.3098627293373465,122.17852506555111,7.1713399239249895
31_35,0.3203925177370518,CURUAN,0.3147782005021712,122.17852506555111,7.180323076766186
31_36,0.3478905167248684,CURUAN,0.3398121520460542,122.18301664197172,7.189306229607382
31_37,0.3590787057088087,CURUAN,0.3721039864101367,122.18526243018204,7.198289382448571
31_38,0.3755816705130096,CURUAN,0.3944006484366972,122.17852506555111,7.207272535289768
31_39,0.3926514122692116,CURUAN,0.4046911127818502,122.17852506555111,7.2140098999206685
31_40,0.397197310693862,CURUAN,0.4055018330257192,122.17852506555111,7.22523884097216
31_41,0.3985619928883945,CURUAN,0.4039231142316191,122.18077085376144,7.234221993813357
31_42,0.3979693117753669,CURUAN,0.4049805863036007,122.18526243018204,7.243205146654553
31_43,0.3977274375802707,CURUAN,0.4071800275444736,122.18301664197172,7.249942511285447
31_53,0.3976420393871835,SIBULAO,0.4056332485593042,122.17852506555111,7.342019827907698
31_54,0.3890169514705596,SIBULAO,0.4056444846759459,122.17852506555111,7.351002980748895
31_55,0.3956677529150509,SIBULAO,0.4055413660256501,122.18526243018204,7.355494557169493
31_56,0.3938197862020616,SIBULAO,0.4077336054264669,122.18077085376144,7.36896928643128
31_57,0.3956518725730839,VITALI,0.3745298787874735,122.18526243018204,7.377952439272477
31_61,0.3673633900250633,VITALI,0.350468204988992,122.18077085376144,7.411639262426959
32_14,0.285769855990407,CABALUAY,0.2932739850705858,122.18975400660264,6.991676867101084
32_14,0.285769855990407,CABALUAY,0.3670601941999755,122.18975400660264,6.991676867101084
32_14,0.4030983696567983,,0.2932739850705858,122.18975400660264,6.991676867101084
32_14,0.4030983696567983,,0.3670601941999755,122.18975400660264,6.991676867101084
32_15,0.2768916781929877,CABALUAY,0.2816240729045655,122.18750821839234,7.000660019942281
32_16,0.2735965434692004,MANICAHAN,0.2949080512131733,122.18750821839234,7.009643172783477
32_17,0.2895664415224586,MANICAHAN,0.3232640069799346,122.18750821839234,7.018626325624673
32_18,0.3060723704177622,MANICAHAN,0.3249290051481384,122.18975400660264,7.027609478465863
32_19,0.3168419685467222,MANICAHAN,0.3189539693773737,122.18750821839234,7.036592631307059
32_20,0.3301399640048474,VICTORIA,0.2898735407315848,122.18750821839234,7.045575784148255
32_21,0.3291582729755559,LAMISAHAN,0.2767406892887932,122.18750821839234,7.054558936989452
32_22,0.3268382920371493,LAMISAHAN,0.3182021377338283,122.18750821839234,7.063542089830648
32_23,0.3229706971556905,SANGALI,0.3596849778213654,122.18975400660264,7.072525242671844
32_24,0.3281596849844357,SANGALI,0.3484250526981114,122.18750821839234,7.0815083955130405
32_25,0.3387421919362143,BUNGUIAO,0.3217478311550515,122.18750821839234,7.09049154835423
32_26,0.3313494624810727,BUNGUIAO,0.31420174811364,122.18750821839234,7.099474701195426
32_27,0.3310705739627016,BUNGUIAO,0.3138255266076276,122.18750821839234,7.108457854036622
32_28,0.3393005992854118,BUNGUIAO,0.3141576205026756,122.18750821839234,7.117441006877819
32_29,0.3257327276076303,DULIAN,0.3084001002456312,122.18750821839234,7.126424159719015
32_30,0.3142525338204703,DULIAN,0.306292070001175,122.18750821839234,7.135407312560211
32_31,0.3118917303640028,DULIAN,0.3066238389229457,122.19199979481294,7.1443904654014005
32_32,0.3102807354118372,DULIAN,0.3156958768096752,122.18750821839234,7.153373618242597
32_33,0.3113484181206299,DULIAN,0.3408752975287392,122.18750821839234,7.162356771083793
32_34,0.3038021995123763,QUINIPUT,0.3036067468826393,122.18750821839234,7.169094135714687
32_35,0.3169463038864397,QUINIPUT,0.3047794109241716,122.19199979481294,7.180323076766186
32_36,0.3446480142814124,CURUAN,0.3305611219617405,122.18750821839234,7.189306229607382
32_37,0.3556905768794638,CURUAN,0.3717956212923888,122.18750821839234,7.198289382448571
32_38,0.3766289832796957,CURUAN,0.4025808426310885,122.18750821839234,7.207272535289768
32_39,0.3933018931352324,CURUAN,0.4055520461721438,122.18750821839234,7.216255688130964
32_40,0.3931403977135641,CURUAN,0.4052332255377502,122.18750821839234,7.22523884097216
32_41,0.3946139757834013,LATUAN,0.4061603195188798,122.18750821839234,7.234221993813357
32_42,0.3966738862950427,CURUAN,0.4085166921732694,122.18750821839234,7.243205146654553
32_43,0.4027146049857878,LATUAN,0.409523226528361,122.19424558302325,7.252188299495749
32_44,0.399868639904962,LATUAN,0.4098691346482671,122.19424558302325,7.261171452336939
32_45,0.3993650369267706,CALABASA,0.4094687255943596,122.19424558302325,7.270154605178135
32_52,0.3929373914135582,SIBULAO,0.4057214961295267,122.19199979481294,7.333036675066502
32_52,0.3929373914135582,SIBULAO,0.3771749113177917,122.19199979481294,7.333036675066502
32_52,0.3960662275674301,UNCLAIMED AREA UNDER JURISDICTION OF ZAMBOANGA CITY,0.4057214961295267,122.19199979481294,7.333036675066502
32_52,0.3960662275674301,UNCLAIMED AREA UNDER JURISDICTION OF ZAMBOANGA CITY,0.3771749113177917,122.19199979481294,7.333036675066502
32_53,0.3953506483750339,SIBULAO,0.4055706105383501,122.18750821839234,7.342019827907698
32_54,0.3909009182766659,SIBULAO,0.4055522534429815,122.19199979481294,7.348757192538592
32_56,0.3937102752985171,SIBULAO,0.4088031926579564,122.18750821839234,7.364477710010689
32_57,0.3918933990773252,VITALI,0.3735425050588933,122.19199979481294,7.377952439272477
32_58,0.3927410103915389,VITALI,0.373688986778361,122.18750821839234,7.386935592113673
32_59,0.3763656336090331,VITALI,0.3597329157432273,122.18975400660264,7.391427168534271
32_62,0.3608691848055185,VITALI,0.3504202294473107,122.19199979481294,7.41837662705786
32_63,0.3543000434813725,VITALI,0.3497509602118804,122.19199979481294,7.425113991688754
33_16,0.2838093311657337,MANICAHAN,0.3242595746119789,122.19649137123356,7.009643172783477
33_17,0.2922678954226979,MANICAHAN,0.3271326804218583,122.19649137123356,7.018626325624673
33_17,0.2922678954226979,MANICAHAN,0.4291701136233156,122.19649137123356,7.018626325624673
33_17,0.3680374133653468,,0.3271326804218583,122.19649137123356,7.018626325624673
33_17,0.3680374133653468,,0.4291701136233156,122.19649137123356,7.018626325624673
33_18,0.3059680669997154,MANICAHAN,0.3262445091187563,122.19649137123356,7.027609478465863
33_19,0.3188357368056844,MANICAHAN,0.3214563095574286,122.19649137123356,7.034346843096763
33_20,0.3359396141843843,VICTORIA,0.2833953580330436,122.19649137123356,7.045575784148255
33_21,0.3258917342950044,VICTORIA,0.2457157866795408,122.19649137123356,7.054558936989452
33_22,0.3231695239405215,SANGALI,0.3138203476896076,122.19649137123356,7.063542089830648
33_23,0.3147168833179474,SANGALI,0.3587969669816916,122.19649137123356,7.072525242671844
33_24,0.3134885684494938,SANGALI,0.359263965872332,122.19649137123356,7.0815083955130405
33_25,0.3159385034427545,BUNGUIAO,0.3459746803415759,122.19873715944384,7.09049154835423
33_26,0.3313209841901045,BUNGUIAO,0.3125758816869607,122.19649137123356,7.099474701195426
33_27,0.3393852411093996,BUNGUIAO,0.3165068864179102,122.19649137123356,7.108457854036622
33_28,0.3434128175519176,BUNGUIAO,0.3168171420313014,122.19873715944384,7.117441006877819
33_29,0.3398436725484934,BUNGUIAO,0.3128151396876933,122.19649137123356,7.126424159719015
33_30,0.3331981080519194,DULIAN,0.3104457752419672,122.19873715944384,7.135407312560211
33_31,0.325116596951518,DULIAN,0.3083137949393126,122.19649137123356,7.1443904654014005
33_32,0.3301296533134449,DULIAN,0.3407146349834486,122.19649137123356,7.153373618242597
33_33,0.3296339347710231,DULIAN,0.3493953501124027,122.19649137123356,7.162356771083793
33_34,0.3322456936884954,QUINIPUT,0.3271434933998813,122.20098294765415,7.1713399239249895
33_35,0.3214078813251796,QUINIPUT,0.307361265910521,122.19649137123356,7.180323076766186
33_36,0.3492622953018832,CURUAN,0.3178539662757021,122.19649137123356,7.189306229607382
33_37,0.3594845790564651,CURUAN,0.3575960249160406,122.19873715944384,7.198289382448571
33_38,0.375140337879653,CURUAN,0.3814288992660773,122.19873715944384,7.207272535289768
33_39,0.387857646232326,CURUAN,0.3923137778768846,122.19649137123356,7.216255688130964
33_40,0.3948569323394311,LATUAN,0.4055280946759141,122.19873715944384,7.22523884097216
33_41,0.3986434013855767,LATUAN,0.4073790644908275,122.20098294765415,7.234221993813357
33_42,0.3989627937119249,LATUAN,0.4085244455151258,122.19649137123356,7.243205146654553
33_43,0.4042986230002885,CALABASA,0.4095779751742777,122.19649137123356,7.252188299495749
33_44,0.4065884141160925,CALABASA,0.4096693298798124,122.19873715944384,7.261171452336939
33_45,0.4022405996111823,CALABASA,0.4091795810390174,122.19649137123356,7.270154605178135
33_46,0.3912489542116716,CALABASA,0.4085802261511102,122.19649137123356,7.276891969809036
33_47,0.3825054212360151,CALABASA,0.4022460160412304,122.20322873586446,7.285875122650225
33_51,0.391105136398965,SIBULAO,0.4080188115463284,122.19649137123356,7.324053522225306
33_52,0.3921356575149798,SIBULAO,0.4056526852993105,122.19649137123356,7.333036675066502
33_53,0.3895772452440245,SIBULAO,0.4055104037317436,122.19649137123356,7.342019827907698
33_54,0.3904629172021163,SIBULAO,0.4054572070572712,122.20098294765415,7.348757192538592
33_56,0.3930839091875666,VITALI,0.3968891836721245,122.19649137123356,7.36896928643128
33_57,0.3922194627004825,VITALI,0.374117799965343,122.19649137123356,7.371215074641583
33_60,0.3715215297884205,VITALI,0.357131543512709,122.20322873586446,7.404901897796066
33_61,0.3660135336385877,VITALI,0.3516569255022059,122.20098294765415,7.409393474216664
33_62,0.3615314493667615,VITALI,0.3524461871598149,122.20098294765415,7.422868203478458
33_63,0.3614888978599442,VITALI,0.3511640738620618,122.19873715944384,7.427359779899049
34_10,0.4568578360103301,LANDANG LAUM,0.4036119631041057,122.20996610049532,6.949006891105405
34_11,0.4334855612462245,LANDANG LAUM,0.4044318014024821,122.2122118887056,6.960235832156904
34_19,0.366585642406044,VICTORIA,0.3187454390613006,122.20996610049532,7.036592631307059
34_22,0.3067815127405262,SANGALI,0.3252749018593776,122.20996610049532,7.061296301620345
34_23,0.3105067625765412,SANGALI,0.3432225946834678,122.20547452407476,7.072525242671844
34_24,0.3166704789148425,SANGALI,0.3562214316512861,122.20547452407476,7.0815083955130405
34_25,0.3210395834083954,BUNGUIAO,0.3496700037449869,122.20547452407476,7.09049154835423
34_26,0.334124319767773,BUNGUIAO,0.3239714839685116,122.20547452407476,7.099474701195426
34_27,0.3543932412053309,BUNGUIAO,0.3301633671007238,122.20547452407476,7.108457854036622
34_28,0.363058859004458,BUNGUIAO,0.3329658195507183,122.2122118887056,7.117441006877819
34_29,0.3694657960953463,BUNGUIAO,0.3304009503784773,122.20547452407476,7.124178371508712
34_30,0.3708153718235892,BOLONG,0.3282828811404791,122.20996610049532,7.133161524349909
34_31,0.3800786401544978,LUBIGAN,0.3662563113697439,122.2122118887056,7.1443904654014005
34_32,0.3705902098154603,DULIAN,0.3834749925079009,122.20547452407476,7.151127830032301
34_33,0.3866407432654901,LUBIGAN,0.3907784407898709,122.20547452407476,7.162356771083793
34_34,0.3849145210670072,QUINIPUT,0.3622049861363139,122.2122118887056,7.1713399239249895
34_35,0.3427691868880812,QUINIPUT,0.3156456808738823,122.20547452407476,7.180323076766186
34_36,0.344830759822649,QUINIPUT,0.3175520534967768,122.20996610049532,7.189306229607382
34_37,0.3574587146250287,CURUAN,0.368608197947636,122.20547452407476,7.198289382448571
34_38,0.3662738074527696,CURUAN,0.3881256836477706,122.20547452407476,7.207272535289768
34_39,0.3711058513601733,CURUAN,0.394688355821927,122.2122118887056,7.216255688130964
34_40,0.3918300151658844,LATUAN,0.4044063956887664,122.20547452407476,7.22523884097216
34_41,0.4032227071221958,LATUAN,0.4068992161159614,122.20547452407476,7.234221993813357
34_42,0.4029130698238251,CALABASA,0.4075477838667279,122.20996610049532,7.243205146654553
34_43,0.4095187560094889,CALABASA,0.4091007076533522,122.207720312285,7.252188299495749
34_44,0.4075589585698014,CALABASA,0.408382703737788,122.20547452407476,7.261171452336939
34_45,0.4045126047382518,CALABASA,0.408613134361343,122.20547452407476,7.270154605178135
34_46,0.3928918414529891,CALABASA,0.4042508455246272,122.20547452407476,7.279137758019331
34_47,0.387271625845168,CALABASA,0.3993325645069092,122.20996610049532,7.281383546229634
34_50,0.3968752401675046,SIBULAO,0.4047084008887056,122.20547452407476,7.315070369384109
34_50,0.3968752401675046,SIBULAO,0.3919963028310073,122.20547452407476,7.315070369384109
34_50,0.3821654491671398,UNCLAIMED AREA UNDER JURISDICTION OF ZAMBOANGA CITY,0.4047084008887056,122.20547452407476,7.315070369384109
34_50,0.3821654491671398,UNCLAIMED AREA UNDER JURISDICTION OF ZAMBOANGA CITY,0.3919963028310073,122.20547452407476,7.315070369384109
34_51,0.395422140584684,SIBULAO,0.4068363240782343,122.2122118887056,7.324053522225306
34_52,0.393171514673337,SIBULAO,0.4042054839399825,122.20547452407476,7.333036675066502
34_53,0.3927981367663075,SIBULAO,0.4039141447741191,122.207720312285,7.342019827907698
34_54,0.3925217591412836,SIBULAO,0.4043955485916066,122.20547452407476,7.348757192538592
34_55,0.3969758361127445,SIBULAO,0.4037884073173965,122.20996610049532,7.359986133590091
34_58,0.3786818702730858,VITALI,0.3596227881811138,122.2122118887056,7.386935592113673
34_59,0.3769798520152033,VITALI,0.3597651456603262,122.2122118887056,7.395918744954869
34_60,0.3748337608146662,VITALI,0.3587594537426573,122.2122118887056,7.4004103213754675
34_61,0.3735857722936466,VITALI,0.3606504691042678,122.2122118887056,7.411639262426959
34_62,0.369203167676273,VITALI,0.3606330396937157,122.207720312285,7.422868203478458
34_63,0.3689433090343,VITALI,0.3606340094158086,122.20547452407476,7.429605568109352
34_64,0.370445874177028,VITALI,0.3595685406325466,122.20996610049532,7.438588720950548
35_12,0.4469659600335701,LANDANG LAUM,0.4038851274893913,122.22119504154682,6.966973196787798
35_24,0.3236843366807483,SANGALI,0.3582788559575466,122.21445767691591,7.0815083955130405
35_25,0.3281239903388722,SANGALI,0.3605947816134345,122.21445767691591,7.09049154835423
35_26,0.3342613711447655,BUNGUIAO,0.3520792785159994,122.21445767691591,7.099474701195426
35_27,0.361161296163296,BOLONG,0.331577411009434,122.21445767691591,7.108457854036622
35_28,0.3661217565638021,BOLONG,0.3344942111797991,122.21445767691591,7.117441006877819
35_29,0.3686270471367527,BOLONG,0.3374146629617575,122.21445767691591,7.126424159719015
35_30,0.3728136588611213,BOLONG,0.3370146921144885,122.21670346512622,7.135407312560211
35_31,0.3821944042950091,LUBIGAN,0.3631146933844729,122.21894925333652,7.1443904654014005
35_32,0.3979136559263561,LUBIGAN,0.4022878744728135,122.21670346512622,7.151127830032301
35_33,0.4004451568089296,LUBIGAN,0.4025278412224604,122.21445767691591,7.162356771083793
35_34,0.3790541079102971,QUINIPUT,0.3410683345154975,122.21445767691591,7.1713399239249895
35_35,0.3510801240224102,QUINIPUT,0.3164536090644417,122.21445767691591,7.180323076766186
35_36,0.3432851858735743,QUINIPUT,0.3193234207634347,122.21445767691591,7.189306229607382
35_37,0.3508781901197311,CURUAN,0.3273364507387085,122.21670346512622,7.198289382448571
35_38,0.3616140741969484,CURUAN,0.3937758627101856,122.21445767691591,7.207272535289768
35_39,0.3649658347453159,CURUAN,0.3997658549066771,122.21445767691591,7.216255688130964
35_40,0.376148504326417,LATUAN,0.4004862902511598,122.21445767691591,7.22523884097216
35_41,0.4025333969353163,LATUAN,0.4060494198162021,122.21445767691591,7.234221993813357
35_42,0.4062600367542627,CALABASA,0.4068240253695748,122.21445767691591,7.243205146654553
35_43,0.4034423461926758,CALABASA,0.4077905422574226,122.21445767691591,7.252188299495749
35_44,0.4046348393484691,CALABASA,0.4084672086059791,122.21445767691591,7.261171452336939
35_45,0.4033773026163123,CALABASA,0.4082772976870894,122.21445767691591,7.267908816967839
35_46,0.3863987209985444,CALABASA,0.4002638169338253,122.21445767691591,7.279137758019331
35_47,0.3787361341015072,CALABASA,0.3958934304786163,122.21670346512622,7.283629334439929
35_48,0.3816929255265495,TAGASILAY,0.3988005960873411,122.21670346512622,7.297104063701724
35_49,0.3846247259135773,SIBULAO,0.4016359937995103,122.21445767691591,7.30608721654292
35_50,0.3871637809073659,SIBULAO,0.4015816597778787,122.21445767691591,7.315070369384109
35_51,0.3954363183729498,SIBULAO,0.4049104582147634,122.21445767691591,7.324053522225306
35_52,0.3931510073208245,SIBULAO,0.403803752021988,122.21445767691591,7.333036675066502
35_53,0.3858471683134614,SIBULAO,0.4033705221064868,122.22119504154682,7.342019827907698
35_54,0.3901154830883542,SIBULAO,0.4033610915563106,122.22119504154682,7.348757192538592
35_55,0.3929624293480968,SIBULAO,0.4033610915563106,122.21670346512622,7.3577403453797885
35_56,0.3930666306762332,SIBULAO,0.4002691899995927,122.21670346512622,7.362231921800387
35_57,0.3822185104405451,VITALI,0.3655527875725211,122.21445767691591,7.375706651062181
35_58,0.3798721148483119,VITALI,0.3593286652021408,122.21670346512622,7.3846898039033775
35_59,0.374810730108269,VITALI,0.3590846205465253,122.21670346512622,7.395918744954869
35_60,0.3717833619692269,VITALI,0.3590904171852083,122.21670346512622,7.402656109585763
35_61,0.3758538893974007,VITALI,0.3612100555958222,122.21445767691591,7.409393474216664
35_62,0.3782052091167207,VITALI,0.3601244237417775,122.21894925333652,7.422868203478458
35_63,0.378593179805117,VITALI,0.360687196815635,122.21670346512622,7.431851356319647
35_64,0.3796471556243452,VITALI,0.3608151481945683,122.21670346512622,7.43409714452995
35_65,0.3806319234832858,VITALI,0.3607954920474497,122.21894925333652,7.443080297371146
36_10,0.4800055189719449,LANDANG GUA,0.5088009246867335,122.23242398259832,6.951252679315708
36_12,0.4646726121508648,LANDANG LAUM,0.4621923905837788,122.23017819438805,6.973710561418692
36_13,0.4573916165829783,LANDANG LAUM,0.4431243609220581,122.22793240617771,6.97820213783929
36_14,0.4522375123055925,LANDANG LAUM,0.4445308552420628,122.22793240617771,6.984939502470191
36_25,0.3358921621942035,BOLONG,0.3599507551078906,122.22344082975712,7.09049154835423
36_25,0.3358921621942035,BOLONG,0.4360863348158476,122.22344082975712,7.09049154835423
36_25,0.3750679287776501,,0.3599507551078906,122.22344082975712,7.09049154835423
36_25,0.3750679287776501,,0.4360863348158476,122.22344082975712,7.09049154835423
36_26,0.3439283599247376,BOLONG,0.3625658109579808,122.22344082975712,7.099474701195426
36_27,0.3585611188770238,BOLONG,0.3591430673696373,122.22344082975712,7.108457854036622
36_28,0.3700630673362776,BOLONG,0.3602501609133291,122.23017819438805,7.117441006877819
36_29,0.3805206420526368,LUBIGAN,0.3881312403955666,122.22568661796744,7.126424159719015
36_30,0.3819264810895926,BOLONG,0.4116899505088727,122.22568661796744,7.135407312560211
36_31,0.3912389825102484,LUBIGAN,0.4235385917669617,122.22344082975712,7.1443904654014005
36_32,0.4122601182688266,LUBIGAN,0.4412682898714645,122.22344082975712,7.153373618242597
36_33,0.4138124319732211,LUBIGAN,0.4347411821029323,122.22344082975712,7.162356771083793
36_34,0.4066904509566411,QUINIPUT,0.4013517818889807,122.22344082975712,7.1713399239249895
36_35,0.3724542885758817,QUINIPUT,0.3486908844085242,122.22344082975712,7.180323076766186
36_36,0.3572055787776643,QUINIPUT,0.3436229219028734,122.23017819438805,7.189306229607382
36_37,0.3621274033170482,QUINIPUT,0.3343624310610228,122.22344082975712,7.198289382448571
36_38,0.3660571326672995,CURUAN,0.3814700914438798,122.22344082975712,7.207272535289768
36_39,0.3684805706882593,CURUAN,0.3857899472959533,122.22344082975712,7.216255688130964
36_40,0.3751973194990403,LATUAN,0.3921428072693742,122.22344082975712,7.22523884097216
36_41,0.3909768997408527,CALABASA,0.4093691319482593,122.22344082975712,7.234221993813357
36_42,0.4073332783110959,CALABASA,0.4141356109366059,122.22344082975712,7.243205146654553
36_43,0.4082710590128537,CALABASA,0.4161576550906878,122.22344082975712,7.252188299495749
36_44,0.4083007724915937,CALABASA,0.4164819976933899,122.22344082975712,7.261171452336939
36_45,0.4110683357203245,CALABASA,0.418397144458725,122.23242398259832,7.270154605178135
36_46,0.4112400689134092,CALABASA,0.4249984202845489,122.23017819438805,7.279137758019331
36_47,0.3796832974659337,CALABASA,0.405783401941991,122.22344082975712,7.288120910860528
36_48,0.3839104692246141,TAGASILAY,0.3998741768206674,122.22344082975712,7.297104063701724
36_49,0.386307269868355,TAGASILAY,0.4006606063449326,122.22568661796744,7.30608721654292
36_50,0.3854375682188402,SIBULAO,0.4010936332471247,122.22344082975712,7.315070369384109
36_51,0.3913309633173201,SIBULAO,0.3992443380219461,122.22344082975712,7.324053522225306
36_52,0.3954883527948454,SIBULAO,0.3988237114720525,122.22344082975712,7.333036675066502
36_53,0.388943878350977,SIBULAO,0.3972163639317991,122.22344082975712,7.342019827907698
36_54,0.390247642940042,SIBULAO,0.4027602320402777,122.22344082975712,7.351002980748895
36_55,0.3944518734520538,VITALI,0.3992389104742317,122.22793240617771,7.359986133590091
36_56,0.3959844785158173,VITALI,0.3856332530298572,122.22344082975712,7.366723498220985
36_57,0.3985614434634981,VITALI,0.3714824432179494,122.22793240617771,7.371215074641583
36_58,0.3888995601689094,VITALI,0.3835265133033,122.23242398259832,7.386935592113673
36_59,0.3761886085022533,VITALI,0.365277503879768,122.22344082975712,7.395918744954869
36_60,0.3713449843845631,VITALI,0.3652202250698189,122.22793240617771,7.404901897796066
36_61,0.3702215530181125,VITALI,0.3671230993083003,122.22344082975712,7.411639262426959
36_62,0.3732602363611169,VITALI,0.3661987774335935,122.22568661796744,7.422868203478458
36_63,0.3762719744637885,VITALI,0.3659568576232712,122.23242398259832,7.431851356319647
36_64,0.3740518613428665,VITALI,0.3596745468526528,122.22344082975712,7.438588720950548
37_10,0.4757301444671577,LANDANG GUA,0.5071252288846737,122.23466977080864,6.955744255736306
37_11,0.4655315355732102,LANDANG LAUM,0.4840678266444962,122.23916134722924,6.964727408577502
37_12,0.4637651712760424,LANDANG LAUM,0.4712245424753862,122.23691555901894,6.973710561418692
37_13,0.4579227357569946,LANDANG LAUM,0.4677708934333158,122.23466977080864,6.982693714259888
37_14,0.4537833047637343,LANDANG LAUM,0.4663013810215234,122.23466977080864,6.987185290680486
37_14,0.4537833047637343,LANDANG LAUM,0.4274323237859608,122.23466977080864,6.987185290680486
37_14,0.4126553098016866,,0.4663013810215234,122.23466977080864,6.987185290680486
37_14,0.4126553098016866,,0.4274323237859608,122.23466977080864,6.987185290680486
37_25,0.3462431459358409,BOLONG,0.361989445078447,122.23466977080864,7.09049154835423
37_26,0.3506702801562213,BOLONG,0.3637204394832345,122.23466977080864,7.099474701195426
37_27,0.3616016048360493,BOLONG,0.3638011620648658,122.23466977080864,7.108457854036622
37_28,0.3682007228582313,BOLONG,0.3700097268902839,122.23466977080864,7.117441006877819
37_29,0.3915547588119186,LUBIGAN,0.4370083988275585,122.23466977080864,7.126424159719015
37_30,0.3964758661260068,PANUBIGAN,0.4535863177812457,122.23466977080864,7.135407312560211
37_31,0.3882315498360913,LUBIGAN,0.4492671291148877,122.23466977080864,7.1443904654014005
37_32,0.4188387790587041,LUBIGAN,0.4670325385079413,122.23466977080864,7.153373618242597
37_33,0.4243989753917257,DITA,0.4729807821575282,122.23466977080864,7.162356771083793
37_34,0.4292024929231424,DITA,0.4718970080247256,122.23691555901894,7.1713399239249895
37_35,0.4122872148953663,DITA,0.4458031029621486,122.23691555901894,7.180323076766186
37_36,0.3938261789344157,DITA,0.4351530820384205,122.23466977080864,7.189306229607382
37_37,0.3746120541665798,CURUAN,0.370206019313342,122.23466977080864,7.198289382448571
37_38,0.3724790139126369,CURUAN,0.36986886013274,122.23466977080864,7.207272535289768
37_39,0.3736071174545038,BUENAVISTA,0.3693450829356294,122.23466977080864,7.216255688130964
37_40,0.3786812311249616,BUENAVISTA,0.3701366444775499,122.23466977080864,7.22523884097216
37_41,0.3889359070781649,CALABASA,0.3737891074205846,122.23466977080864,7.234221993813357
37_42,0.3956838251940093,CALABASA,0.4197353980892113,122.23466977080864,7.243205146654553
37_43,0.4098013051276228,CALABASA,0.4285769080731327,122.23466977080864,7.252188299495749
37_44,0.4139702913267289,CALABASA,0.4276163681765184,122.23691555901894,7.261171452336939
37_45,0.4159516852941627,CALABASA,0.426040483316026,122.23691555901894,7.270154605178135
37_46,0.41423948837551,MUTI,0.4266440242812327,122.23916134722924,7.279137758019331
37_47,0.401421343865368,MUTI,0.4267086527182359,122.23691555901894,7.288120910860528
37_48,0.3918106065239103,TAGASILAY,0.4025730930783516,122.23466977080864,7.297104063701724
37_49,0.3816684196401075,TAGASILAY,0.4005848771322605,122.23466977080864,7.30608721654292
37_50,0.3845189102500283,SIBULAO,0.4001099166231627,122.23691555901894,7.315070369384109
37_51,0.3912453863303839,SIBULAO,0.3886523346338217,122.23691555901894,7.324053522225306
37_52,0.3936968817458977,SIBULAO,0.3870747205246518,122.23691555901894,7.333036675066502
37_53,0.3943148532822216,SIBULAO,0.3877000313421901,122.23916134722924,7.342019827907698
37_54,0.3951886544733094,SIBULAO,0.3887389499216627,122.23691555901894,7.351002980748895
37_56,0.3988057947653277,VITALI,0.3858873424399349,122.23466977080864,7.36896928643128
37_57,0.4036199791722425,VITALI,0.387508872692577,122.23466977080864,7.375706651062181
37_59,0.3814606328726539,VITALI,0.3849207690028704,122.23691555901894,7.395918744954869
37_60,0.3785457583179495,VITALI,0.3845363818034299,122.24140713543947,7.404901897796066
37_61,0.3832109690216827,VITALI,0.3840297543619681,122.23691555901894,7.413885050637262
37_63,0.3736590968462506,VITALI,0.3829158286330114,122.23691555901894,7.427359779899049
38_11,0.4783824208078522,LANDANG GUA,0.5103544460070644,122.2503902882807,6.9624816203672
38_12,0.4625216091541062,LANDANG LAUM,0.4735220907421549,122.2436529236498,6.973710561418692
38_13,0.4541946237463186,BUSAY,0.4614926994143057,122.2436529236498,6.982693714259888
38_14,0.4546730282130963,BUSAY,0.4354467477504012,122.2503902882807,6.991676867101084
38_27,0.3570451318283064,BOLONG,0.3624925196741089,122.2436529236498,7.103966277616024
38_28,0.3696227981935658,BOLONG,0.3646398562087871,122.2481445000704,7.117441006877819
38_29,0.4028990049923486,PANUBIGAN,0.4583448626347534,122.2458987118601,7.126424159719015
38_30,0.4096749478785083,PANUBIGAN,0.4623174191911974,122.2481445000704,7.133161524349909
38_31,0.3887475050715426,LUBIGAN,0.4493992646376072,122.2436529236498,7.1443904654014005
38_32,0.4175098514570538,DITA,0.4688791266882628,122.2436529236498,7.153373618242597
38_33,0.4241490417574203,DITA,0.4724422657681607,122.2458987118601,7.162356771083793
38_34,0.4286645343206752,DITA,0.4693271065888378,122.2436529236498,7.1713399239249895
38_35,0.4286990414710011,DITA,0.4537450299062714,122.2458987118601,7.175831500345588
38_36,0.4106699197696978,DITA,0.4443999484274763,122.2436529236498,7.184814653186784
38_37,0.3821760641464345,CURUAN,0.3705668076318428,122.2481445000704,7.198289382448571
38_38,0.3746236472789591,CURUAN,0.3698700946759423,122.2436529236498,7.207272535289768
38_39,0.3761500345142351,BUENAVISTA,0.3693973260820714,122.2458987118601,7.216255688130964
38_40,0.38528643239192,BUENAVISTA,0.370884761356993,122.2436529236498,7.22523884097216
38_41,0.3940016283862191,CALABASA,0.370385591632739,122.2436529236498,7.234221993813357
38_42,0.3894536954045807,CALABASA,0.3711484448657368,122.2481445000704,7.243205146654553
38_43,0.3933481312080799,CALABASA,0.4224032979956146,122.2436529236498,7.252188299495749
38_44,0.4045572669492431,CALABASA,0.4280195634499442,122.2458987118601,7.258925664126643
38_45,0.4160760259774754,MUTI,0.4280157552452778,122.2436529236498,7.270154605178135
38_46,0.4102584643271439,MUTI,0.4293407943026022,122.2503902882807,7.279137758019331
38_47,0.3850582776672512,MUTI,0.4286755273344579,122.2458987118601,7.285875122650225
38_48,0.3675385410100331,TAGASILAY,0.3982969978789057,122.2458987118601,7.292612487281126
38_49,0.3615084249374556,TAGASILAY,0.3791835371320266,122.2436529236498,7.30608721654292
38_50,0.3702690420090868,TAGASILAY,0.3724777241095405,122.2458987118601,7.315070369384109
38_51,0.3831612901443542,TAGASILAY,0.3709490604081721,122.2436529236498,7.324053522225306
38_52,0.385274054987435,SIBULAO,0.385369584894712,122.2436529236498,7.333036675066502
38_53,0.3941919834622505,SIBULAO,0.3874456452706366,122.2458987118601,7.342019827907698
38_54,0.4005951618902992,SIBULAO,0.3889745414750882,122.2436529236498,7.351002980748895
38_55,0.3998054598986266,VITALI,0.3902055996662613,122.2436529236498,7.359986133590091
38_56,0.3874645351679111,VITALI,0.3815985639237168,122.2503902882807,7.36896928643128
38_57,0.3837900615494757,VITALI,0.3829971268953865,122.2481445000704,7.377952439272477
38_58,0.3771590736501844,VITALI,0.3823321743817229,122.2481445000704,7.386935592113673
38_59,0.3748509037362701,VITALI,0.3844423476031745,122.2436529236498,7.395918744954869
38_60,0.3760883635890674,VITALI,0.3848701931815119,122.2481445000704,7.4004103213754675
38_61,0.3849116957776151,VITALI,0.3850413860063241,122.2436529236498,7.409393474216664
38_63,0.3931094649840358,VITALI,0.386386264361971,122.2436529236498,7.429605568109352
38_66,0.4007521034417222,TICTAPUL,0.3998026462107265,122.2481445000704,7.452063450212343
39_10,0.4878654874513459,LANDANG GUA,0.5175037818374988,122.2571276529116,6.955744255736306
39_11,0.4811063804124891,LANDANG GUA,0.5113067620696227,122.25937344112192,6.964727408577502
39_12,0.4677426651050763,LANDANG LAUM,0.4789822054431829,122.252636076491,6.973710561418692
39_13,0.4614413275621651,BUSAY,0.46019034804116,122.252636076491,6.982693714259888
39_14,0.4579702808211465,BUSAY,0.4411338437160628,122.252636076491,6.991676867101084
39_15,0.4578443207305772,BUSAY,0.4591982759588293,122.2548818647013,6.993922655311387
39_33,0.424283031721674,DITA,0.4721042235890664,122.2571276529116,7.162356771083793
39_37,0.3859955613024975,CURUAN,0.4081485467941751,122.252636076491,7.196043594238276
39_39,0.3879113129662651,BUENAVISTA,0.3673085043148544,122.252636076491,7.216255688130964
39_40,0.3908360268719787,BUENAVISTA,0.3670825900811358,122.252636076491,7.22523884097216
39_41,0.3868771708099116,BUENAVISTA,0.3671108695022497,122.252636076491,7.234221993813357
39_42,0.3821968952845558,BUENAVISTA,0.3673063933668021,122.252636076491,7.243205146654553
39_43,0.3789718049827245,CALABASA,0.3978348579263893,122.252636076491,7.252188299495749
39_44,0.3926360097888692,MUTI,0.4307490355455834,122.2548818647013,7.261171452336939
39_45,0.4041893959687927,MUTI,0.4313106666326767,122.2571276529116,7.270154605178135
39_46,0.3982158010599039,MUTI,0.4311199258163938,122.252636076491,7.279137758019331
39_47,0.3808355241603007,TAGASILAY,0.3716582325774909,122.25937344112192,7.288120910860528
39_48,0.3708439816763471,TAGASILAY,0.3634206690274814,122.2548818647013,7.297104063701724
39_49,0.3701761389141654,TAGASILAY,0.3630308835310777,122.252636076491,7.30608721654292
39_50,0.3717548386500987,TAGASILAY,0.3629088865667689,122.252636076491,7.315070369384109
39_51,0.3761295242756275,TIGBALABAG,0.3312440890482089,122.252636076491,7.324053522225306
39_52,0.3734553962849585,TIGBALABAG,0.3595831413068071,122.2571276529116,7.333036675066502
39_53,0.391519812867781,SIBULAO,0.3878004935306974,122.252636076491,7.342019827907698
39_54,0.400552795523627,SIBULAO,0.3888265875137601,122.2571276529116,7.351002980748895
39_55,0.3980291312203261,VITALI,0.3870739390930651,122.2571276529116,7.359986133590091
39_56,0.395070367765593,VITALI,0.3844242344687685,122.25937344112192,7.36896928643128
39_57,0.3823618924160783,VITALI,0.3806166168518998,122.252636076491,7.377952439272477
39_58,0.3688569320549341,VITALI,0.3800243625097464,122.252636076491,7.386935592113673
39_59,0.3664212118150459,VITALI,0.3832860609321971,122.2548818647013,7.395918744954869
39_60,0.3776552614883171,VITALI,0.3847951988034984,122.2548818647013,7.404901897796066
39_62,0.3960532296129092,VITALI,0.3853592672641195,122.252636076491,7.420622415268156
39_68,0.3827694424952234,LICOMO,0.3999101309828995,122.2548818647013,7.474521332315327
3_13,0.2599517121888462,TALISAYAN,0.2174508166132661,121.93148836241828,6.982693714259888
3_13,0.2599517121888462,TALISAYAN,0.3053204442902885,121.93148836241828,6.982693714259888
3_13,0.3439980866760103,,0.2174508166132661,121.93148836241828,6.982693714259888
3_13,0.3439980866760103,,0.3053204442902885,121.93148836241828,6.982693714259888
3_14,0.2476350932223997,TALISAYAN,0.214021730467831,121.92475099778738,6.991676867101084
3_15,0.247963328936548,TALISAYAN,0.2077991248918314,121.92475099778738,7.000660019942281
3_16,0.2622159487963291,TALISAYAN,0.212818703310582,121.92475099778738,7.009643172783477
3_17,0.3111161438449376,SINUBUNG,0.2879246050122913,121.92475099778738,7.018626325624673
3_18,0.3599389716978731,SINUBUNG,0.3529628409325468,121.92475099778738,7.027609478465863
3_19,0.3778896892016852,SINUBUNG,0.3758222950176348,121.92475099778738,7.036592631307059
3_20,0.3820684999973177,PATALON,0.3881223056790475,121.92475099778738,7.045575784148255
3_21,0.3948582906062331,PATALON,0.3905175569586737,121.92475099778738,7.047821572358558
3_22,0.3893461440455955,PATALON,0.3960740247369936,121.92699678599767,7.056804725199747
3_23,0.4099058531848111,PATALON,0.3991014242386717,121.93148836241828,7.072525242671844
3_24,0.4017502479691598,LABUAN,0.3971935764115656,121.92475099778738,7.0815083955130405
3_25,0.4074094795998564,LABUAN,0.3990847244506032,121.92699678599767,7.09049154835423
3_26,0.4071566790501394,LABUAN,0.4078195003204589,121.92699678599767,7.0972289129851305
3_27,0.4098453672247514,LABUAN,0.4144334158334137,121.92475099778738,7.108457854036622
3_28,0.4076800512081784,LIMPAPA,0.4244425689292279,121.92699678599767,7.117441006877819
3_29,0.4061338982313609,LIMPAPA,0.4329452199470872,121.92475099778738,7.126424159719015
3_30,0.4104361864703013,LIMPAPA,0.4346928671972734,121.92475099778738,7.133161524349909
40_10,0.4861245616724301,LANDANG GUA,0.5177407719152058,122.2616192293322,6.955744255736306
40_11,0.4875676613045057,LANDANG GUA,0.5180941256505108,122.26835659396312,6.960235832156904
40_12,0.4794431298176689,LANDANG LAUM,0.4962823361049809,122.2616192293322,6.973710561418692
40_13,0.4657215449834668,LANDANG LAUM,0.4877478896116897,122.2616192293322,6.982693714259888
40_14,0.4593519344915678,PASILMANTA,0.4887937902555716,122.2616192293322,6.991676867101084
40_15,0.4597487560437824,PASILMANTA,0.4908853781222866,122.2616192293322,6.993922655311387
40_34,0.4562544673602547,DITA,0.4730675901396425,122.26835659396312,7.166848347504391
40_40,0.3927592278928641,BUENAVISTA,0.3670389408850539,122.2616192293322,7.22523884097216
40_41,0.3835857952244778,BUENAVISTA,0.3662672746383883,122.2616192293322,7.234221993813357
40_42,0.3799294803985286,BUENAVISTA,0.3664999217990102,122.2616192293322,7.243205146654553
40_43,0.3760150758835346,BUENAVISTA,0.3807181752572091,122.2616192293322,7.252188299495749
40_44,0.3964925616212648,MUTI,0.4334645287517651,122.26386501754251,7.261171452336939
40_45,0.4013936197927427,MUTI,0.4326801245158591,122.26386501754251,7.270154605178135
40_46,0.3972011278584365,MUTI,0.4242321417550576,122.26386501754251,7.279137758019331
40_47,0.3782941001847643,TAGASILAY,0.3688560933437659,122.26386501754251,7.288120910860528
40_48,0.36865420637199,TAGASILAY,0.3621406553500713,122.2616192293322,7.297104063701724
40_49,0.3700442559116986,TAGASILAY,0.3616390993895278,122.2616192293322,7.30608721654292
40_50,0.3721085877322121,TAGASILAY,0.3617267407321927,122.2616192293322,7.315070369384109
40_51,0.3606436712648888,TIGBALABAG,0.3423052449049397,122.26386501754251,7.324053522225306
40_52,0.3587800745406077,TIGBALABAG,0.3065673231169809,122.26611080575282,7.333036675066502
40_54,0.3804790278377915,SIBULAO,0.3857440052313963,122.2616192293322,7.351002980748895
40_55,0.3845842413368232,VITALI,0.3850469469408378,122.2616192293322,7.359986133590091
40_56,0.388286768245944,VITALI,0.3852542413563887,122.26386501754251,7.36896928643128
40_57,0.3855984803636883,VITALI,0.3845574731881101,122.26611080575282,7.377952439272477
40_58,0.3712096241242844,VITALI,0.3810654839470734,122.26611080575282,7.386935592113673
40_59,0.3645508175009523,VITALI,0.3824618788332513,122.2616192293322,7.395918744954869
40_60,0.3753957544363176,VITALI,0.3850303545896189,122.2616192293322,7.404901897796066
40_61,0.387655448216719,VITALI,0.3853347556699996,122.26611080575282,7.413885050637262
40_62,0.3992418751742817,TICTAPUL,0.3873432461093604,122.26835659396312,7.422868203478458
40_63,0.4004130567054008,TICTAPUL,0.3933977002754582,122.26835659396312,7.431851356319647
40_64,0.3996854379377867,TICTAPUL,0.3954534165174727,122.26835659396312,7.436342932740246
40_65,0.3964235849741459,TICTAPUL,0.3977134413764845,122.26386501754251,7.44981766200204
40_66,0.3928379512867251,LICOMO,0.4011910434073145,122.26611080575282,7.458800814843235
40_67,0.3901735258130389,LICOMO,0.4024410426997945,122.2616192293322,7.467783967684433
40_68,0.3886545269443865,LICOMO,0.4023508192315898,122.26835659396312,7.472275544105031
41_10,0.3922725524117403,,0.4656807516490043,122.27060238217342,6.955744255736306
41_11,0.4936194921083179,LANDANG GUA,0.5122039878182105,122.27284817038368,6.964727408577502
41_12,0.4998239805464096,LANDANG GUA,0.5059141852107164,122.27509395859396,6.973710561418692
41_13,0.4703202544185633,PASILMANTA,0.4949305103788257,122.27060238217342,6.982693714259888
41_14,0.4766699197678157,PASILMANTA,0.4955994600405712,122.27284817038368,6.991676867101084
41_15,0.4635862401097378,PASILMANTA,0.4927337039270252,122.27060238217342,6.996168443521682
41_2,0.5629229410800111,MANALIPA,0.5900745179740463,122.27509395859396,6.883879033006743
41_3,0.5591290943919605,MANALIPA,0.592238544691883,122.27509395859396,6.890616397637636
41_34,0.4597282287203847,DITA,0.4750131556969952,122.27060238217342,7.169094135714687
41_41,0.3802513256584281,BUENAVISTA,0.3623585390839288,122.27284817038368,7.234221993813357
41_42,0.3808319340293069,BUENAVISTA,0.3611913184836858,122.27509395859396,7.243205146654553
41_43,0.3868235634795268,MUTI,0.3829545465387703,122.27733974680427,7.252188299495749
41_44,0.4129859723292401,MUTI,0.4488809551984661,122.27060238217342,7.261171452336939
41_45,0.4121510373754506,MUTI,0.4505614412451481,122.27509395859396,7.270154605178135
41_46,0.3969661688733814,MUTI,0.4470819035283179,122.27060238217342,7.279137758019331
41_47,0.4084849358895851,MUTI,0.4517300533450021,122.27733974680427,7.281383546229634
41_48,0.3873133641278266,TAGASILAY,0.3929654329077384,122.27509395859396,7.297104063701724
41_49,0.3730662892127951,TAGASILAY,0.3766912443621699,122.27060238217342,7.30608721654292
41_50,0.3831375548024949,TAGUITI,0.3989780817926452,122.27509395859396,7.315070369384109
41_51,0.3625607761179114,TIGBALABAG,0.310539251986056,122.27060238217342,7.324053522225306
41_52,0.3677401887666935,TIGBALABAG,0.2833110751437769,122.27509395859396,7.333036675066502
41_53,0.3631373928471436,MANGUSU,0.3283246735777506,122.27509395859396,7.342019827907698
41_54,0.3668706081731622,VITALI,0.360403969398482,122.27060238217342,7.351002980748895
41_55,0.3725966423679118,VITALI,0.3708881408003742,122.27284817038368,7.359986133590091
41_56,0.382231789898427,VITALI,0.37183688459649,122.27509395859396,7.36896928643128
41_57,0.382537360257637,VITALI,0.3794238321200231,122.27509395859396,7.377952439272477
41_58,0.3814190287051632,VITALI,0.384039825179186,122.27060238217342,7.386935592113673
41_59,0.3767704115911045,VITALI,0.3835479523712403,122.27284817038368,7.395918744954869
41_60,0.3807041299808482,VITALI,0.3865046002515445,122.27060238217342,7.404901897796066
41_61,0.3973432139161046,VITALI,0.3870771544851809,122.27733974680427,7.413885050637262
41_62,0.4049977325222605,TICTAPUL,0.3880935242756909,122.27060238217342,7.422868203478458
41_63,0.4065299889881691,TICTAPUL,0.3995117108572062,122.27284817038368,7.431851356319647
41_64,0.4027657309443841,TICTAPUL,0.4009594400029996,122.27060238217342,7.440834509160844
41_65,0.392781192891115,LICOMO,0.402346382303237,122.27060238217342,7.44981766200204
41_66,0.391217243625904,LICOMO,0.4020607433262545,122.27284817038368,7.458800814843235
41_67,0.3954619242702716,LICOMO,0.404026429114271,122.27060238217342,7.467783967684433
41_68,0.4002495867876409,LICOMO,0.4038644126199558,122.27733974680427,7.474521332315327
42_12,0.5023481876319655,PASILMANTA,0.5030897103058436,122.27958553501458,6.973710561418692
42_12,0.5023481876319655,PASILMANTA,0.4274130458729015,122.27958553501458,6.973710561418692
42_12,0.3776458888261507,,0.5030897103058436,122.27958553501458,6.973710561418692
42_12,0.3776458888261507,,0.4274130458729015,122.27958553501458,6.973710561418692
42_13,0.4886932772076661,PASILMANTA,0.4998248123531889,122.28183132322488,6.982693714259888
42_14,0.4845402777282121,PASILMANTA,0.4968462429949197,122.27958553501458,6.987185290680486
42_2,0.5629496620045866,MANALIPA,0.5951325598036091,122.27958553501458,6.881633244796447
42_43,0.4184230877755218,MUTI,0.4511687274150427,122.27958553501458,7.252188299495749
42_44,0.4295694002041474,MUTI,0.4535769637022404,122.27958553501458,7.25667987591634
42_45,0.416030444655687,MUTI,0.4541030735184699,122.27958553501458,7.270154605178135
42_46,0.412163538903137,MUTI,0.4542145880927987,122.27958553501458,7.279137758019331
42_46,0.412163538903137,MUTI,0.3258324702385733,122.27958553501458,7.279137758019331
42_46,0.4032549004995771,,0.4542145880927987,122.27958553501458,7.279137758019331
42_46,0.4032549004995771,,0.3258324702385733,122.27958553501458,7.279137758019331
42_47,0.4243428625915279,TAGUITI,0.4550002751227579,122.27958553501458,7.288120910860528
42_48,0.4097377500200809,TAGUITI,0.4387825257909346,122.27958553501458,7.292612487281126
42_49,0.4156593354401615,TAGUITI,0.4256833813640174,122.28183132322488,7.30608721654292
42_50,0.4049595456982652,TAGUITI,0.4213074129605247,122.27958553501458,7.315070369384109
42_51,0.3818558405207234,TIGBALABAG,0.3704701333884385,122.27958553501458,7.324053522225306
42_52,0.3675789716869092,TIGBALABAG,0.2849971421108943,122.27958553501458,7.333036675066502
42_53,0.3658632242441106,MANGUSU,0.3257057396347956,122.27958553501458,7.342019827907698
42_54,0.3739755275542682,MANGUSU,0.3518794744930327,122.27958553501458,7.351002980748895
42_55,0.3752925703542121,MANGUSU,0.360495110742034,122.27958553501458,7.359986133590091
42_56,0.3737887343179325,VITALI,0.3596913717320917,122.27958553501458,7.36896928643128
42_57,0.3665601977859197,VITALI,0.359519306756688,122.27958553501458,7.377952439272477
42_58,0.3668855786999054,VITALI,0.3658011310695395,122.28632289964548,7.386935592113673
42_59,0.3879125619073976,VITALI,0.3849879329527178,122.28632289964548,7.395918744954869
42_60,0.4022815689896655,VITALI,0.3877442819811802,122.27958553501458,7.404901897796066
42_61,0.4155973405083149,VITALI,0.3881822277825514,122.27958553501458,7.413885050637262
42_62,0.4197246362120774,TICTAPUL,0.3892243299222276,122.27958553501458,7.422868203478458
42_63,0.4146100266053942,LICOMO,0.4036785381601849,122.28183132322488,7.431851356319647
42_64,0.4069369607366389,LICOMO,0.4050409873472189,122.27958553501458,7.440834509160844
42_65,0.3963921377566546,LICOMO,0.4051772191477778,122.28183132322488,7.44981766200204
42_66,0.3949667851411904,LICOMO,0.4052394987127852,122.27958553501458,7.458800814843235
42_67,0.4008748785235995,LICOMO,0.4052284050351487,122.27958553501458,7.46553817947413
42_68,0.4142630266205006,LICOMO,0.4038277058324349,122.27958553501458,7.476767120525629
42_69,0.4185290784878481,LICOMO,0.4041972798541515,122.28183132322488,7.483504485156523
42_70,0.4170310232752976,LICOMO,0.4038142172901775,122.28632289964548,7.494733426208015
42_72,0.4092164107704918,LICOMO,0.4032918926113359,122.28407711143518,7.512699731890407
43_1,0.5623012429110784,MANALIPA,0.5956438592420219,,
43_2,0.5617732191369547,MANALIPA,0.595813280333061,122.29081447606607,6.883879033006743
43_3,0.5587055054625798,MANALIPA,0.595813280333061,122.2885686878558,6.888370609427341
43_47,0.4320790517617602,MUTI,0.4557415665722877,122.2885686878558,7.288120910860528
43_48,0.4324504574402554,TAGUITI,0.4278333463198167,122.2885686878558,7.297104063701724
43_49,0.4305101979344913,TAGUITI,0.4271039424404143,122.2885686878558,7.30608721654292
43_49,0.4305101979344913,TAGUITI,0.3878554623408336,122.2885686878558,7.30608721654292
43_49,0.4011711883994182,,0.4271039424404143,122.2885686878558,7.30608721654292
43_49,0.4011711883994182,,0.3878554623408336,122.2885686878558,7.30608721654292
43_50,0.4245150856211473,TAGUITI,0.4254046146013109,122.29081447606607,7.315070369384109
43_51,0.3759512516665325,TIGBALABAG,0.3930860210854706,122.29081447606607,7.32180773401501
43_52,0.3723771150289284,TIGBALABAG,0.3351458561610204,122.2885686878558,7.333036675066502
43_53,0.3699467554434242,MANGUSU,0.3444024782549054,122.2885686878558,7.342019827907698
43_54,0.3813034030767797,MANGUSU,0.3598906837684539,122.2885686878558,7.351002980748895
43_55,0.3725860596976774,MANGUSU,0.3605363281456478,122.29081447606607,7.359986133590091
43_56,0.3663219087197374,VITALI,0.3603923782528627,122.2885686878558,7.36896928643128
43_57,0.3617269916409615,VITALI,0.360407612370703,122.2885686878558,7.377952439272477
43_58,0.3633673408732221,VITALI,0.3566061289057189,122.2885686878558,7.386935592113673
43_59,0.3823501302843449,VITALI,0.3827065001596567,122.2885686878558,7.395918744954869
43_60,0.4033274239214729,VITALI,0.387958042554746,122.29081447606607,7.404901897796066
43_61,0.4208783854969201,VITALI,0.3888377560908381,122.2885686878558,7.413885050637262
43_62,0.424589813377611,TICTAPUL,0.390280542451046,122.29081447606607,7.422868203478458
43_63,0.4230728485148834,LICOMO,0.4050279320731905,122.2930602642764,7.429605568109352
43_64,0.4109835025877521,LICOMO,0.4050794500034501,122.29081447606607,7.440834509160844
43_65,0.4091525140157362,LICOMO,0.4050438412363713,122.2930602642764,7.44981766200204
43_66,0.4109332064144446,LICOMO,0.4050603613553113,122.29081447606607,7.458800814843235
43_67,0.418761685403766,LICOMO,0.4049227942505043,122.29081447606607,7.46553817947413
43_68,0.4291611560741135,LICOMO,0.4054001390835865,122.29081447606607,7.476767120525629
43_69,0.4331361319157372,LICOMO,0.4056683521095234,122.2953060524867,7.483504485156523
43_70,0.4214077738592472,LICOMO,0.4043265165303065,122.2885686878558,7.494733426208015
43_71,0.4168771959572739,LICOMO,0.4037297200716355,122.29081447606607,7.496979214418317
43_72,0.4128760193297606,LICOMO,0.4034569895446727,122.2885686878558,7.510453943680112
44_52,0.3993526325316451,MANGUSU,0.3855796848221859,122.297551840697,7.333036675066502
44_53,0.3993055400943908,MANGUSU,0.3856351251484763,122.2997976289073,7.342019827907698
44_54,0.3993330233010524,MANGUSU,0.3803347755046896,122.297551840697,7.351002980748895
44_55,0.3734413807106109,MANGUSU,0.3633305795564436,122.297551840697,7.359986133590091
44_56,0.3653015431224975,VITALI,0.3604194760337821,122.297551840697,7.36896928643128
44_57,0.3657947297583139,VITALI,0.3604100591723098,122.297551840697,7.377952439272477
44_58,0.3690013539786571,VITALI,0.3604377831252369,122.297551840697,7.386935592113673
44_59,0.3791813572268808,VITALI,0.3758713080407348,122.2997976289073,7.395918744954869
44_60,0.3970322436573636,TICTAPUL,0.387099649976112,122.2997976289073,7.404901897796066
44_61,0.4108359031676217,TICTAPUL,0.3897601355108379,122.3042892053279,7.413885050637262
44_62,0.4219469975607299,LICOMO,0.3939820694907449,122.297551840697,7.422868203478458
44_63,0.4199362420292289,LICOMO,0.4042335537448377,122.2997976289073,7.429605568109352
44_64,0.4153577995659731,LICOMO,0.4050937366587797,122.297551840697,7.440834509160844
44_65,0.4169866892593749,LICOMO,0.405031711009098,122.2997976289073,7.44981766200204
44_66,0.4188377678317536,LICOMO,0.4050178364449494,122.297551840697,7.456555026632934
44_67,0.4210505813444207,LICOMO,0.4050380277014316,122.297551840697,7.467783967684433
44_68,0.4181555636655249,LICOMO,0.4053008418304551,122.297551840697,7.474521332315327
44_69,0.4349110518761819,LICOMO,0.4057821630694489,122.297551840697,7.483504485156523
44_69,0.4349110518761819,LICOMO,0.4050818961242123,122.297551840697,7.483504485156523
44_69,0.4158759356583996,,0.4057821630694489,122.297551840697,7.483504485156523
44_69,0.4158759356583996,,0.4050818961242123,122.297551840697,7.483504485156523
44_70,0.4278275761338209,LICOMO,0.4054632091149249,122.297551840697,7.487996061577121
45_50,0.4735564055821248,TAGUITI,0.457198361470787,122.31102656995876,7.312824581173814
45_53,0.4335191845244222,MANGUSU,0.3932763201989033,122.30878078174844,7.335282463276805
45_54,0.4181302552569957,MANGUSU,0.3867591517441404,122.30653499353816,7.351002980748895
45_55,0.4119243185296951,MANGUSU,0.3868665294158895,122.30878078174844,7.355494557169493
45_56,0.3753973560221225,VITALI,0.3621073440586321,122.30653499353816,7.36896928643128
45_57,0.3728780535309264,VITALI,0.3625565386574448,122.30653499353816,7.377952439272477
45_58,0.3749362268098826,VITALI,0.363281368320383,122.30653499353816,7.386935592113673
45_59,0.3806223408411919,TICTAPUL,0.3684792500939216,122.30653499353816,7.395918744954869
45_60,0.3927784479053758,TICTAPUL,0.3755200596624325,122.30653499353816,7.404901897796066
45_61,0.388332399462975,TICTAPUL,0.3753107951743811,122.31327235816906,7.413885050637262
45_62,0.3931412503571178,TICTAPUL,0.3838844877846162,122.30878078174844,7.41837662705786
45_63,0.4126927104961934,LICOMO,0.4042904393891763,122.30878078174844,7.431851356319647
45_64,0.418348733815557,LICOMO,0.4050178364449494,122.30653499353816,7.440834509160844
45_65,0.4176658191833334,LICOMO,0.4050178364449494,122.30653499353816,7.44981766200204
45_66,0.4215459908112103,LICOMO,0.4049753837352197,122.30653499353816,7.458800814843235
45_67,0.4222230938993638,LICOMO,0.4047608957160424,122.30653499353816,7.467783967684433
45_68,0.4192582465911269,LICOMO,0.4048261395602979,122.30878078174844,7.474521332315327
46_52,0.4427801742990254,LIMAONG,0.4230380692527059,122.31776393458966,7.333036675066502
46_52,0.4427801742990254,LIMAONG,0.4264581596447925,122.31776393458966,7.333036675066502
46_52,0.3866729563989667,,0.4230380692527059,122.31776393458966,7.333036675066502
46_52,0.3866729563989667,,0.4264581596447925,122.31776393458966,7.333036675066502
46_54,0.4241018055899793,MANGUSU,0.3879023393159549,122.31551814637936,7.351002980748895
46_55,0.4270140567477803,VITALI,0.3921683470446345,122.31776393458966,7.359986133590091
46_56,0.4119441189560074,VITALI,0.3908985163956619,122.31551814637936,7.36896928643128
46_57,0.4025213350051528,LIMAONG,0.3822488777936507,122.31776393458966,7.377952439272477
46_58,0.416104875686264,TICTAPUL,0.3889750560573118,122.31776393458966,7.386935592113673
46_59,0.4026564358218618,TICTAPUL,0.3754118155016249,122.31776393458966,7.395918744954869
46_60,0.3926732512221332,TICTAPUL,0.3734272438970237,122.31551814637936,7.404901897796066
46_61,0.3905609209100711,TICTAPUL,0.3705854726559421,122.32000972279997,7.413885050637262
46_62,0.3971421777880535,LICOMO,0.3806970573282106,122.32000972279997,7.422868203478458
46_63,0.4146907024795858,LICOMO,0.4075317620786138,122.32000972279997,7.431851356319647
46_64,0.4281567083453351,LICOMO,0.4081370455468416,122.32000972279997,7.440834509160844
46_65,0.426456090864038,LICOMO,0.4082756652220087,122.32000972279997,7.44981766200204
46_66,0.4197568925818596,LICOMO,0.4072225174033108,122.31551814637936,7.458800814843235
46_67,0.4147076167244178,LICOMO,0.4064886551008171,122.31551814637936,7.46553817947413
46_68,0.4143095214258909,LICOMO,0.4086076745991706,122.32000972279997,7.470029755894728
47_50,0.4867955345293913,TAGUITI,0.484901231687381,122.33123866385148,7.315070369384109
47_53,0.4552165358933356,LIMAONG,0.4822188242545451,122.33123866385148,7.342019827907698
47_54,0.4546895361736274,LIMAONG,0.4820374765138435,122.32674708743087,7.351002980748895
47_55,0.4549057941799299,LIMAONG,0.4551125352172855,122.32450129922056,7.359986133590091
47_56,0.457909544087333,VITALI,0.4596055223077256,122.32450129922056,7.36896928643128
47_57,0.4593000653495987,LIMAONG,0.474612539434597,122.32450129922056,7.377952439272477
47_58,0.4654132409049813,LIMAONG,0.480673199249629,122.32674708743087,7.386935592113673
47_59,0.4521402956904432,TICTAPUL,0.4590605059697399,122.32450129922056,7.393672956744574
47_60,0.4212688110614523,TICTAPUL,0.4197767914979235,122.32450129922056,7.4004103213754675
47_61,0.4107824162308917,TICTAPUL,0.3899011887319601,122.32450129922056,7.413885050637262
47_62,0.4200109131483652,LICOMO,0.4120122050842495,122.32450129922056,7.422868203478458
47_63,0.4266335309396433,LICOMO,0.4292485007488784,122.32450129922056,7.431851356319647
47_64,0.448228426250848,LICOMO,0.4295706694632974,122.32899287564118,7.440834509160844
47_65,0.4412648510746071,LICOMO,0.4302499041003673,122.32899287564118,7.44981766200204
47_66,0.4303186745912782,LICOMO,0.4314067957908664,122.32450129922056,7.458800814843235
47_67,0.43267618438061,LICOMO,0.4330376336173027,122.32674708743087,7.467783967684433
48_50,0.4871335426341719,TAGUITI,0.4847192486599393,122.33348445206178,7.315070369384109
48_51,0.4739584979963303,LIMAONG,0.4825336668750891,122.34022181669263,7.324053522225306
48_52,0.4633004461711364,LIMAONG,0.4824419488859212,122.33348445206178,7.333036675066502
48_53,0.4546310262425104,LIMAONG,0.4822419301508692,122.34022181669263,7.339774039697403
48_54,0.4501064422886944,LIMAONG,0.4821428138841049,122.34022181669263,7.351002980748895
48_55,0.456023321494699,LIMAONG,0.4819883851633073,122.3379760284824,7.3577403453797885
48_56,0.4632722486457385,LIMAONG,0.4815385233068699,122.33348445206178,7.36896928643128
48_57,0.4623772790581749,LIMAONG,0.4818862509338363,122.33348445206178,7.377952439272477
48_58,0.4636758998206073,LIMAONG,0.4820425520325894,122.33348445206178,7.386935592113673
48_59,0.4663213926091615,LIMAONG,0.4816324077528749,122.33348445206178,7.395918744954869
48_60,0.4451857085880769,LIMAONG,0.4719443820516646,122.33573024027208,7.402656109585763
48_61,0.4246422516937266,TICTAPUL,0.4047684321969618,122.33573024027208,7.413885050637262
48_62,0.4283502046192727,LICOMO,0.4246020316633105,122.33348445206178,7.422868203478458
48_63,0.4387473653629514,LICOMO,0.435103126494888,122.33573024027208,7.431851356319647
48_64,0.4531955818399682,LICOMO,0.435131002280915,122.34022181669263,7.438588720950548
48_65,0.4445415430492141,LICOMO,0.4351717931089144,122.33348445206178,7.44981766200204
48_66,0.436003844546288,LICOMO,0.4348874160253749,122.3379760284824,7.458800814843235
48_67,0.4365892956623322,LICOMO,0.4348245771114557,122.33348445206178,7.46553817947413
49_51,0.4706147640927604,LIMAONG,0.4824575953637076,122.34246760490294,7.324053522225306
49_52,0.4629184940121214,LIMAONG,0.4822779938981937,122.34695918132354,7.333036675066502
49_53,0.4548976035186729,LIMAONG,0.4822217604553476,122.34471339311324,7.342019827907698
49_54,0.453183655311158,LIMAONG,0.4821754548950779,122.34246760490294,7.351002980748895
49_55,0.4548972383325478,LIMAONG,0.4817705989944236,122.34471339311324,7.359986133590091
49_56,0.4544353586926539,LIMAONG,0.4816974238725964,122.34246760490294,7.36896928643128
49_57,0.4538751756027356,LIMAONG,0.4821235031853259,122.34246760490294,7.377952439272477
49_58,0.4568692531381157,LIMAONG,0.4845501199376177,122.34246760490294,7.386935592113673
49_59,0.4666224568427514,LIMAONG,0.4858931720840712,122.34246760490294,7.393672956744574
49_62,0.4275374460223545,TICTAPUL,0.4166551447513185,122.34246760490294,7.416130838847557
49_63,0.4496524478557171,LICOMO,0.4353107403264078,122.34246760490294,7.431851356319647
49_64,0.4552589171698725,LICOMO,0.4355227251825199,122.34246760490294,7.440834509160844
49_65,0.4545297562685839,LICOMO,0.4355135293870433,122.34471339311324,7.44981766200204
49_66,0.4393696887618412,LICOMO,0.4351540448783483,122.34246760490294,7.458800814843235
49_67,0.4373363204900303,LICOMO,0.4349261358019837,122.34246760490294,7.461046603053532
4_11,0.2551286280933873,AYALA,0.2353891580387775,121.94047151525945,6.964727408577502
4_11,0.2551286280933873,AYALA,0.2495489569925561,121.94047151525945,6.964727408577502
4_11,0.2426972801859718,,0.2353891580387775,121.94047151525945,6.964727408577502
4_11,0.2426972801859718,,0.2495489569925561,121.94047151525945,6.964727408577502
4_12,0.2570739592166233,TALISAYAN,0.2274486121405592,121.9337341506286,6.973710561418692
4_13,0.2627139786371711,TALISAYAN,0.2240526258723511,121.9337341506286,6.982693714259888
4_14,0.2612586811663588,TALISAYAN,0.2273293998926412,121.9337341506286,6.991676867101084
4_15,0.2598171617693095,TALISAYAN,0.2247943790786005,121.9337341506286,6.998414231731978
4_16,0.2961604239576658,TALISAYAN,0.2459949017894118,121.9337341506286,7.009643172783477
4_17,0.3436264393568293,SINUBUNG,0.2964713119376367,121.9337341506286,7.018626325624673
4_18,0.3743006885373773,SINUBUNG,0.3572974128281538,121.9337341506286,7.027609478465863
4_19,0.3808886570796428,SINUBUNG,0.3749765504127341,121.9337341506286,7.036592631307059
4_20,0.3972583144023716,SINUBUNG,0.3852713644669227,121.9337341506286,7.04332999593796
4_24,0.410943484060885,PATALON,0.3991531813245271,121.9337341506286,7.0815083955130405
4_27,0.4105195735220975,LABUAN,0.4178301385395997,121.9337341506286,7.108457854036622
4_28,0.4111293749044744,LIMPAPA,0.4270526449868165,121.9359799388389,7.117441006877819
4_29,0.4113360907943851,LIMPAPA,0.4327321337501488,121.94047151525945,7.126424159719015
4_30,0.4100538068037166,LIMPAPA,0.4338622687548256,121.9359799388389,7.135407312560211
4_30,0.4100538068037166,LIMPAPA,0.4189560256017228,121.9359799388389,7.135407312560211
4_30,0.4002629260462089,WATERSHED AREA UNDER JURISDICTION OF ZAMBOANGA CITY,0.4338622687548256,121.9359799388389,7.135407312560211
4_30,0.4002629260462089,WATERSHED AREA UNDER JURISDICTION OF ZAMBOANGA CITY,0.4189560256017228,121.9359799388389,7.135407312560211
50_52,0.4544148855102529,LIMAONG,0.4822098794014485,122.35145075774416,7.333036675066502
50_53,0.4566920709925903,LIMAONG,0.4822395207502258,122.35145075774416,7.342019827907698
50_54,0.4582996554121177,LIMAONG,0.4822419301508692,122.35594233416477,7.351002980748895
50_55,0.4613465292977826,LIMAONG,0.4820923292323929,122.35594233416477,7.359986133590091
50_56,0.4616369965915727,LIMAONG,0.4824730358876151,122.35145075774416,7.36896928643128
50_57,0.4656313256935689,TUMITUS,0.487608048177548,122.35594233416477,7.377952439272477
50_58,0.4674100834481303,TUMITUS,0.4981246033800292,122.35145075774416,7.386935592113673
50_59,0.4686811793700008,TUMITUS,0.5017202599628173,122.35369654595443,7.395918744954869
50_66,0.4555057579885843,LICOMO,0.4335772098028769,122.35145075774416,7.456555026632934
51_53,0.4603303335615376,LIMAONG,0.4822322925482957,122.36043391058536,7.342019827907698
51_54,0.4647049327564315,LIMAONG,0.482271155209139,122.36267969879566,7.351002980748895
51_55,0.4663689461885796,LIMAONG,0.4822262688657485,122.36043391058536,7.359986133590091
51_56,0.4729131275817269,TUMITUS,0.483142837766158,122.36267969879566,7.36896928643128
51_57,0.4744640228556132,TUMITUS,0.4993100180195925,122.36043391058536,7.377952439272477
51_58,0.4721521658178568,TUMITUS,0.5020651192259613,122.36043391058536,7.386935592113673
51_59,0.4688225295572698,TUMITUS,0.5018106345902803,122.36043391058536,7.395918744954869
51_60,0.4699963722090235,TUMITUS,0.5012705282361495,122.36043391058536,7.398164533165165
52_54,0.4706863198255998,LIMAONG,0.4823640656280189,122.36941706342655,7.351002980748895
52_55,0.4721011659485159,LIMAONG,0.4826926464870609,122.36941706342655,7.359986133590091
52_56,0.4741145799585851,TUMITUS,0.4865622278902735,122.36941706342655,7.36896928643128
52_57,0.4733550552069069,TUMITUS,0.5020031182984027,122.36941706342655,7.377952439272477
52_58,0.4726309804302072,TUMITUS,0.5020651192259613,122.36941706342655,7.386935592113673
52_59,0.4710732253926925,TUMITUS,0.5020651192259613,122.37615442805742,7.389181380323976
53_56,0.4717210405819908,TUMITUS,0.4987469586238092,122.37840021626772,7.366723498220985
53_57,0.4724107838768011,TUMITUS,0.5020651192259613,122.37840021626772,7.377952439272477
53_58,0.4714733862911165,TUMITUS,0.5020651192259613,122.37840021626772,7.386935592113673
53_58,0.4714733862911165,TUMITUS,0.4602449012174685,122.37840021626772,7.386935592113673
53_58,0.4486389647396192,,0.5020651192259613,122.37840021626772,7.386935592113673
53_58,0.4486389647396192,,0.4602449012174685,122.37840021626772,7.386935592113673
53_59,0.4693366236118074,TUMITUS,0.5020227302295439,122.38064600447802,7.391427168534271
54_58,0.4680059081075733,TUMITUS,0.5020420754310111,122.38962915731923,7.386935592113673
5_10,0.2575037428333647,AYALA,0.2537463589219512,121.94945466810066,6.955744255736306
5_11,0.2553466914354879,AYALA,0.2521390041930038,121.94496309168004,6.964727408577502
5_12,0.2549000515797637,AYALA,0.2514387741876902,121.94496309168004,6.973710561418692
5_13,0.2706482303357514,AYALA,0.2709229954704023,121.94496309168004,6.982693714259888
5_14,0.2844908843242163,PAMUCUTAN,0.2995761616750639,121.94496309168004,6.991676867101084
5_15,0.3329384677221881,PAMUCUTAN,0.3308448575256887,121.94720887989035,7.000660019942281
5_16,0.3573399142125086,PAMUCUTAN,0.3382040756543623,121.94496309168004,7.009643172783477
5_17,0.3469165036480671,TALISAYAN,0.2997775221983857,121.94496309168004,7.018626325624673
5_18,0.3670873832719354,SINUBUNG,0.3447936402239926,121.94496309168004,7.027609478465863
5_19,0.3900389688657109,SINUBUNG,0.3647623947664266,121.94496309168004,7.036592631307059
5_20,0.4069187842067577,SINUBUNG,0.3772707811950024,121.95170045631096,7.045575784148255
5_28,0.4185119979845128,LIMPAPA,0.4284777586736,121.94496309168004,7.1129494304572205
5_29,0.4149262835592001,LIMPAPA,0.4326848978089769,121.94945466810066,7.126424159719015
6_10,0.2678185072391591,AYALA,0.2786731814327877,121.95394624452126,6.955744255736306
6_10,0.2678185072391591,AYALA,0.2491563964558955,121.95394624452126,6.955744255736306
6_10,0.233627989922576,,0.2786731814327877,121.95394624452126,6.955744255736306
6_10,0.233627989922576,,0.2491563964558955,121.95394624452126,6.955744255736306
6_11,0.2650953166705397,TULUNGATUNG,0.2725189275356489,121.95394624452126,6.964727408577502
6_12,0.2691243582649752,AYALA,0.2591119361423531,121.95394624452126,6.973710561418692
6_13,0.2830048660010648,LA PAZ,0.2927548336044269,121.95394624452126,6.982693714259888
6_14,0.3145598792272081,PAMUCUTAN,0.3369677158140332,121.95394624452126,6.991676867101084
6_15,0.3617807333078658,PAMUCUTAN,0.3644490175513316,121.95394624452126,7.000660019942281
6_16,0.3591232819078553,PAMUCUTAN,0.3542359053778917,121.95394624452126,7.009643172783477
6_17,0.3514340607794242,PAMUCUTAN,0.3417257329582224,121.95394624452126,7.018626325624673
6_18,0.36830914011419,PAMUCUTAN,0.3446578052789462,121.95394624452126,7.027609478465863
6_19,0.3802970898650161,SINUBUNG,0.3492515450416667,121.95394624452126,7.034346843096763
6_20,0.4025348349366215,SINUBUNG,0.3575788867770225,121.95619203273156,7.04332999593796
7_10,0.2761176368043158,RECODO,0.3008814710562435,121.96292939736249,6.955744255736306
7_10,0.2761176368043158,RECODO,0.221229231563967,121.96292939736249,6.955744255736306
7_10,0.2354371634759947,,0.3008814710562435,121.96292939736249,6.955744255736306
7_10,0.2354371634759947,,0.221229231563967,121.96292939736249,6.955744255736306
7_11,0.2789563655376046,CAWIT,0.2849816235012506,121.96292939736249,6.964727408577502
7_12,0.27929417790765,TULUNGATUNG,0.2637515298155706,121.96292939736249,6.973710561418692
7_13,0.3115431893137709,LA PAZ,0.3016197047568,121.96292939736249,6.982693714259888
7_14,0.3408516998002331,LA PAZ,0.3619514489396751,121.96292939736249,6.991676867101084
7_15,0.3875566879157907,PAMUCUTAN,0.4188569817008858,121.96292939736249,7.000660019942281
7_16,0.3936007077409965,LA PAZ,0.4007391559579077,121.96966676199338,7.007397384573174
7_17,0.3581613149307578,PAMUCUTAN,0.363542460197901,121.96292939736249,7.018626325624673
7_18,0.3655844699131726,PAMUCUTAN,0.3454236283104206,121.96742097378308,7.027609478465863
7_19,0.3679811351880942,PAMUCUTAN,0.3463911754083792,121.96292939736249,7.036592631307059
7_20,0.4098838487172908,PAMUCUTAN,0.3722391697809478,121.96742097378308,7.04332999593796
7_20,0.4098838487172908,PAMUCUTAN,0.3219591048767868,121.96742097378308,7.04332999593796
7_20,0.3426390119453144,WATERSHED AREA UNDER JURISDICTION OF ZAMBOANGA CITY,0.3722391697809478,121.96742097378308,7.04332999593796
7_20,0.3426390119453144,WATERSHED AREA UNDER JURISDICTION OF ZAMBOANGA CITY,0.3219591048767868,121.96742097378308,7.04332999593796
8_10,0.2796159212707819,CAWIT,0.2847621929512126,121.97191255020368,6.955744255736306
8_10,0.2796159212707819,CAWIT,0.2176075623678761,121.97191255020368,6.955744255736306
8_10,0.2351993988239621,,0.2847621929512126,121.97191255020368,6.955744255736306
8_10,0.2351993988239621,,0.2176075623678761,121.97191255020368,6.955744255736306
8_11,0.2819252207471832,CAWIT,0.2715940774841489,121.97191255020368,6.964727408577502
8_12,0.29812794958142,TULUNGATUNG,0.2963362103776532,121.97191255020368,6.973710561418692
8_13,0.3613180748421168,BALUNO,0.4266985451222185,121.97640412662425,6.982693714259888
8_14,0.3938873095647399,LA PAZ,0.4362011758470404,121.97191255020368,6.991676867101084
8_15,0.4089426170768115,LA PAZ,0.4449132815842246,121.97640412662425,7.000660019942281
8_16,0.4062480997994687,LA PAZ,0.4067814156337589,121.97415833841391,7.009643172783477
8_17,0.3855697842173969,LA PAZ,0.3936387196602352,121.97864991483452,7.018626325624673
8_18,0.3623273710263545,PAMUCUTAN,0.3680691120986983,121.97191255020368,7.027609478465863
8_19,0.3877802265701284,PAMUCUTAN,0.3651851818439612,121.97191255020368,7.036592631307059
8_20,0.4165635774750333,PAMUCUTAN,0.3783625481877625,121.97864991483452,7.045575784148255
8_21,0.4171493426263346,PAMUCUTAN,0.3970271725904916,121.97191255020368,7.054558936989452
8_22,0.3454933469165124,WATERSHED AREA UNDER JURISDICTION OF ZAMBOANGA CITY,0.3222341079170814,121.97864991483452,7.056804725199747
9_10,0.2741479483574445,MAASIN,0.2648402912103314,121.98089570304484,6.955744255736306
9_11,0.2942463413065683,CAWIT,0.3014623870343306,121.98089570304484,6.964727408577502
9_12,0.345688955953503,BALUNO,0.4612384473433309,121.98314149125514,6.973710561418692
9_13,0.4153611301803838,BALUNO,0.469523713689154,121.98089570304484,6.982693714259888
9_14,0.4111121465201777,LA PAZ,0.4558021913548727,121.98538727946544,6.991676867101084
9_15,0.4097554255188186,LA PAZ,0.4394577112166974,121.98089570304484,7.000660019942281
9_16,0.4122816582616532,LA PAZ,0.4068208705789362,121.98089570304484,7.009643172783477
9_17,0.4099361009861844,LA PAZ,0.3999841356352636,121.98089570304484,7.018626325624673
9_18,0.3920158598034297,LA PAZ,0.3944313598737098,121.98314149125514,7.025363690255567
9_19,0.414282956227526,LA PAZ,0.3977653270268517,121.98763306767574,7.036592631307059
9_20,0.4231716772177192,LA PAZ,0.407943118508853,121.98089570304484,7.045575784148255
9_21,0.4232523045011174,LA PAZ,0.4106562335846714,121.98314149125514,7.052313148779156
9_22,0.4198063332500927,LA PAZ,0.4226471431953102,121.98089570304484,7.063542089830648
9_23,0.4202838933384681,LA PAZ,0.4225375410549795,121.98763306767574,7.072525242671844
9_24,0.4197677106767267,LA PAZ,0.4223573363958659,121.98763306767574,7.077016819092442
9_9,0.2680608688454278,MAASIN,0.2673632118520444,121.98763306767574,6.94676110289511
