grid_id,pred_scaled_catboost,pred_scaled_rf,barangay_name_clean,lon,lat
0_21,0.3812374099435789,0.38710460099620186,,121.90209783400798,7.052218341627173
0_22,0.3869201746354706,0.3871654791492984,PATALON,121.90207651902136,7.061262612594819
0_23,0.3677459597246715,0.3771165003016237,PATALON,121.90205517602581,7.070306880000095
0_24,0.3696519078796975,0.3761517002047032,LABUAN,121.90203380501863,7.079351143838532
0_25,0.3628101993394458,0.3748639908810688,LABUAN,121.90201240599717,7.088395404105661
0_25,0.3628101993394458,0.3448893765423433,LABUAN,121.90201240599717,7.088395404105661
0_25,0.3718634809568582,0.3748639908810688,,121.90201240599717,7.088395404105661
0_25,0.3718634809568582,0.3448893765423433,,121.90201240599717,7.088395404105661
0_26,0.3722795285457446,0.3796172998654484,LABUAN,121.90199097895875,7.097439660797003
0_27,0.3877911317844991,0.3815632069897346,LABUAN,121.90196952390062,7.106483913908094
0_28,0.397629086830972,0.4112652246969821,LIMPAPA,121.90194804082023,7.115528163434453
0_29,0.4037266229839847,0.4434191852991923,LIMPAPA,121.90192652971473,7.1245724093716225
0_30,0.394042207573774,0.4453490029320163,LIMPAPA,121.9019049905815,7.133616651715114
0_31,0.4157934629574491,0.4456387957574118,LIMPAPA,121.90188342341784,7.142660890460473
0_32,0.4153846327802461,0.4461455683728492,LIMPAPA,121.90186182822103,7.151705125603216
1_18,0.3432792974441244,0.3367384691737539,,121.91121422268708,7.025106617530358
1_19,0.3796778535044102,0.3816719940243276,PATALON,121.91119316669402,7.034150926599993
1_20,0.3804997442063819,0.3909317853925234,PATALON,121.91117208293086,7.0431952321217
1_21,0.3835504761968762,0.3915332036666405,PATALON,121.91115097139487,7.052239534091009
1_22,0.3874706949544941,0.3887760364709232,PATALON,121.91112983208345,7.061283832503443
1_23,0.3830234698947237,0.3812172653761406,PATALON,121.91110866499396,7.070328127354532
1_24,0.3797806666190512,0.3790614676674329,LABUAN,121.91108747012366,7.079372418639805
1_25,0.3763028943461717,0.378576735605117,LABUAN,121.91106624747003,7.088416706354793
1_26,0.3796351925420422,0.3823109841523208,LABUAN,121.91104499703029,7.09746099049502
1_27,0.3895008762614108,0.3865620266542894,LABUAN,121.91102371880181,7.106505271056015
1_28,0.398795525646086,0.4125695367044129,LIMPAPA,121.91100241278195,7.115549548033316
1_29,0.4105300043766934,0.4426590065049587,LIMPAPA,121.91098107896804,7.124593821422448
1_30,0.3985064273497797,0.4449592322392312,LIMPAPA,121.91095971735734,7.133638091218942
1_31,0.4133425883638675,0.4463874880459978,LIMPAPA,121.91093832794725,7.142682357418323
1_32,0.4154317573053194,0.4461216791495798,LIMPAPA,121.91091691073504,7.151726620016132
1_32,0.4154317573053194,0.3905585461873024,LIMPAPA,121.91091691073504,7.151726620016132
1_32,0.4021587869336163,0.4461216791495798,,121.91091691073504,7.151726620016132
1_32,0.4021587869336163,0.3905585461873024,,121.91091691073504,7.151726620016132
2_14,0.2428599875949185,0.2015792968978629,TALISAYAN,121.92035011088949,6.988950172440014
2_15,0.2477193099783647,0.206956319282088,TALISAYAN,121.9203293400133,6.9979945228672324
2_16,0.2586506271107572,0.2207226375652803,SINUBUNG,121.92030854160815,7.00703886976543
2_17,0.2993916387323762,0.301203653781233,SINUBUNG,121.92028771567148,7.016083213130114
2_18,0.3499130964627943,0.3534406685404064,SINUBUNG,121.92026686220069,7.025127552956828
2_18,0.3499130964627943,0.2975695073818145,SINUBUNG,121.92026686220069,7.025127552956828
2_18,0.3184462203953115,0.3534406685404064,,121.92026686220069,7.025127552956828
2_18,0.3184462203953115,0.2975695073818145,,121.92026686220069,7.025127552956828
2_19,0.3819649807305599,0.3837384236353262,PATALON,121.92024598119308,7.034171889241091
2_20,0.3790462202737786,0.3929817501863615,PATALON,121.92022507264615,7.043216221978442
2_21,0.3851175408415627,0.3963990981693084,PATALON,121.9202041365572,7.052260551164392
2_22,0.3880331989526804,0.3943512671682805,PATALON,121.92018317292361,7.061304876794486
2_23,0.3861369515436512,0.389049386461987,PATALON,121.92016218174282,7.070349198864248
2_24,0.389519859928557,0.3840253614177933,LABUAN,121.92014116301212,7.079393517369208
2_25,0.3838856788155239,0.3806432562496305,LABUAN,121.92012011672894,7.088437832304892
2_26,0.3826718090464969,0.3822825504777895,LABUAN,121.92009904289053,7.097482143666837
2_27,0.3951501330831311,0.3899417514723204,LABUAN,121.92007794149436,7.106526451450572
2_28,0.4032905156777511,0.4065545348290301,LABUAN,121.92005681253778,7.115570755651625
2_29,0.4164457339884124,0.4414935903836717,LIMPAPA,121.92003565601807,7.124615056265528
2_30,0.4147473317771475,0.4426586517142814,LIMPAPA,121.92001447193262,7.133659353287818
2_31,0.4213346149743239,0.4473165671231388,LIMPAPA,121.91999326027877,7.142703646714019
3_12,0.2929947113892673,0.25459822678953364,,121.92944319203272,6.9708820598269545
3_13,0.2599517121888462,0.2174508166132661,TALISAYAN,121.92942264981038,6.979926444280363
3_13,0.2599517121888462,0.3053204442902885,TALISAYAN,121.92942264981038,6.979926444280363
3_13,0.3439980866760103,0.2174508166132661,,121.92942264981038,6.979926444280363
3_13,0.3439980866760103,0.3053204442902885,,121.92942264981038,6.979926444280363
3_14,0.2476350932223997,0.214021730467831,TALISAYAN,121.92940208029499,6.9889708252146825
3_15,0.247963328936548,0.2077991248918314,TALISAYAN,121.92938148348394,6.998015202625437
3_16,0.2622159487963291,0.212818703310582,TALISAYAN,121.92936085937464,7.007059576508153
3_17,0.3111161438449376,0.2879246050122913,SINUBUNG,121.92934020796454,7.016103946858366
3_18,0.3599389716978731,0.3529628409325468,SINUBUNG,121.92931952925103,7.025148313671601
3_19,0.3778896892016852,0.3758222950176348,SINUBUNG,121.92929882323152,7.034192676943385
3_20,0.3820684999973177,0.3881223056790475,PATALON,121.92927808990345,7.0432370366692485
3_21,0.3948582906062331,0.3905175569586737,PATALON,121.92925732926415,7.052281392844722
3_22,0.3893461440455955,0.3960740247369936,PATALON,121.92923654131107,7.061325745465341
3_23,0.4099058531848111,0.3991014242386717,PATALON,121.92921572604156,7.070370094526626
3_24,0.4017502479691598,0.3971935764115656,LABUAN,121.92919488345309,7.079414440024118
3_25,0.4074094795998564,0.3990847244506032,LABUAN,121.92917401354298,7.088458781953345
3_26,0.4071566790501394,0.4078195003204589,LABUAN,121.9291531163086,7.097503120309835
3_27,0.4098453672247514,0.4144334158334137,LABUAN,121.92913219174739,7.1065474550891246
3_28,0.4076800512081784,0.4244425689292279,LIMPAPA,121.92911123985667,7.115591786286744
3_29,0.4061338982313609,0.4329452199470872,LIMPAPA,121.92909026063387,7.124636113898229
3_30,0.4104361864703013,0.4346928671972734,LIMPAPA,121.92906925407628,7.133680437919108
3_31,0.4094087970628381,0.43549727607824834,,121.92904822018136,7.142724758344918
4_11,0.2551286280933873,0.2353891580387775,AYALA,121.93851518284639,6.961858070564233
4_11,0.2551286280933873,0.2495489569925561,AYALA,121.93851518284639,6.961858070564233
4_11,0.2426972801859718,0.2353891580387775,,121.93851518284639,6.961858070564233
4_11,0.2426972801859718,0.2495489569925561,,121.93851518284639,6.961858070564233
4_12,0.2570739592166233,0.2274486121405592,TALISAYAN,121.93849484129035,6.970902485285767
4_13,0.2627139786371711,0.2240526258723511,TALISAYAN,121.93847447267444,6.9799468964936615
4_14,0.2612586811663588,0.2273293998926412,TALISAYAN,121.93845407699608,6.988991304183447
4_15,0.2598171617693095,0.2247943790786005,TALISAYAN,121.9384336542528,6.998035708350654
4_16,0.2961604239576658,0.2459949017894118,TALISAYAN,121.93841320444196,7.007080108990811
4_17,0.3436264393568293,0.2964713119376367,SINUBUNG,121.938392727561,7.016124506099448
4_18,0.3743006885373773,0.3572974128281538,SINUBUNG,121.9383722236074,7.0251688996720905
4_19,0.3808886570796428,0.3749765504127341,SINUBUNG,121.93835169257856,7.034213289704285
4_20,0.3972583144023716,0.3852713644669227,SINUBUNG,121.93833113447191,7.043257676191541
4_21,0.3940900066516551,0.387451206607328,,121.93831054928488,7.05230205912941
4_22,0.4004624172599792,0.39402351034515776,,121.9382899370149,7.061346438513405
4_23,0.39961653616082055,0.396114318634749,,121.93826929765935,7.070390814339075
4_24,0.410943484060885,0.3991531813245271,PATALON,121.93824863121564,7.0794351866019385
4_25,0.4075558928404276,0.4042162242093509,,121.93822793768126,7.088479555297538
4_26,0.4092120948602639,0.4132440848261784,,121.93820721705353,7.097523920421403
4_27,0.4105195735220975,0.4178301385395997,LABUAN,121.93818646932986,7.10656828196907
4_28,0.4111293749044744,0.4270526449868165,LIMPAPA,121.93816569450772,7.115612639936064
4_29,0.4113360907943851,0.4327321337501488,LIMPAPA,121.93814489258439,7.124656994317928
4_30,0.4100538068037166,0.4338622687548256,LIMPAPA,121.93812406355734,7.133701345110191
4_30,0.4100538068037166,0.4189560256017228,LIMPAPA,121.93812406355734,7.133701345110191
4_30,0.4002629260462089,0.4338622687548256,WATERSHED AREA UNDER JURISDICTION OF ZAMBOANGA CITY,121.93812406355734,7.133701345110191
4_30,0.4002629260462089,0.4189560256017228,WATERSHED AREA UNDER JURISDICTION OF ZAMBOANGA CITY,121.93812406355734,7.133701345110191
4_31,0.4062139304340304,0.42806589118207405,,121.93810320742395,7.1427456923083925
4_32,0.4062139304340304,0.42806589118207405,,121.93808232418161,7.151790035908067
5_10,0.2575037428333647,0.2537463589219512,AYALA,121.94758682713658,6.952833851386138
5_11,0.2553466914354879,0.2521390041930038,AYALA,121.94756668578556,6.961878296142302
5_12,0.2549000515797637,0.2514387741876902,AYALA,121.94754651760786,6.9709227373902785
5_13,0.2706482303357514,0.2709229954704023,AYALA,121.9475263226009,6.979967175125589
5_14,0.2844908843242163,0.2995761616750639,PAMUCUTAN,121.9475061007622,6.989011609343769
5_15,0.3329384677221881,0.3308448575256887,PAMUCUTAN,121.9474858520892,6.998056040040339
5_16,0.3573399142125086,0.3382040756543623,PAMUCUTAN,121.94746557657933,7.007100467210842
5_17,0.3469165036480671,0.2997775221983857,TALISAYAN,121.94744527423016,7.016144890850801
5_18,0.3670873832719354,0.3447936402239926,SINUBUNG,121.947424945039,7.0251893109557555
5_19,0.3900389688657109,0.3647623947664266,SINUBUNG,121.9474045890034,7.034233727521229
5_20,0.4069187842067577,0.3772707811950024,SINUBUNG,121.94738420612082,7.0432781405427605
5_21,0.3983218386035389,0.3750801968328096,,121.9473637963886,7.052322550015877
5_22,0.40140031233044626,0.38306964770009366,,121.94734335980426,7.061366955936117
5_23,0.4013608039733369,0.3964079527340863,,121.94732289636525,7.070411358299014
5_24,0.40387104177206157,0.3981213862324723,,121.947302406069,7.079455757100095
5_25,0.4075558928404276,0.4042162242093509,,121.94728188891287,7.0885001523348965
5_26,0.4116522219044218,0.4160666447690004,,121.94726134489436,7.097544543998961
5_27,0.41298651943900727,0.4240957711684814,,121.94724077401087,7.106588932087809
5_28,0.4185119979845128,0.4284777586736,LIMPAPA,121.94722017625985,7.115633316596994
5_29,0.4149262835592001,0.4326848978089769,LIMPAPA,121.94719955163865,7.124677697522031
5_30,0.40711194985181026,0.42766429730441474,,121.94717890014473,7.13372207485847
5_31,0.4071119498518102,0.42766429730441474,,121.94715822177551,7.1427664486018445
5_32,0.4062139304340304,0.42806589118207405,,121.9471375165284,7.15181081874769
6_9,0.2558021262255572,0.271308125366722,,121.9566581253594,6.943809402978693
6_10,0.2678185072391591,0.2786731814327877,AYALA,121.95663818375222,6.952853877536035
6_10,0.2678185072391591,0.2491563964558955,AYALA,121.95663818375222,6.952853877536035
6_10,0.233627989922576,0.2786731814327877,,121.95663818375222,6.952853877536035
6_10,0.233627989922576,0.2491563964558955,,121.95663818375222,6.952853877536035
6_11,0.2650953166705397,0.2725189275356489,TULUNGATUNG,121.95661821555147,6.961898348590623
6_12,0.2691243582649752,0.2591119361423531,AYALA,121.9565982207546,6.970942816137971
6_13,0.2830048660010648,0.2927548336044269,LA PAZ,121.95657819935913,6.97998728017363
6_14,0.3145598792272081,0.3369677158140332,PAMUCUTAN,121.95655815136256,6.989031740693113
6_15,0.3617807333078658,0.3644490175513316,PAMUCUTAN,121.95653807676243,6.998076197691971
6_16,0.3591232819078553,0.3542359053778917,PAMUCUTAN,121.95651797555612,7.00712065116572
6_17,0.3514340607794242,0.3417257329582224,PAMUCUTAN,121.95649784774122,7.016165101109901
6_18,0.36830914011419,0.3446578052789462,PAMUCUTAN,121.95647769331507,7.025209547520046
6_19,0.3802970898650161,0.3492515450416667,SINUBUNG,121.95645751227525,7.034253990391686
6_20,0.4025348349366215,0.3575788867770225,SINUBUNG,121.95643730461924,7.043298429720358
6_21,0.39437206570465505,0.36025742248214143,,121.95641707034446,7.0523428655015925
6_22,0.39494293269889463,0.3502564101093682,,121.95639680944831,7.061387297730924
6_23,0.39720537234503295,0.37501895456955886,,121.95637652192839,7.07043172640389
6_24,0.39757212856161894,0.38800792525754235,,121.95635620778212,7.079476151516026
6_25,0.40982695662730223,0.4083478758799791,,121.9563358670069,7.088520573062865
6_26,0.4116522219044218,0.4160666447690004,,121.95631549960018,7.097564991039943
6_27,0.41328466415293397,0.42775551475182844,,121.95629510555945,7.106609405442793
6_28,0.41328466415293397,0.42775551475182844,,121.95627468488209,7.115653816266956
6_29,0.41123333465775624,0.4309619407948736,,121.95625423756563,7.124698223507972
6_30,0.40711194985181026,0.42766429730441474,,121.95623376360747,7.133742627161369
6_31,0.40711194985181026,0.42766429730441474,,121.95621326300498,7.142787027222694
6_32,0.4071119498518102,0.42766429730441474,,121.95619273575566,7.1518314236874705
7_9,0.2605451043662806,0.26579671963832674,,121.96570933564651,6.9438292301530025
7_10,0.2761176368043158,0.3008814710562435,RECODO,121.96568956696144,6.952873730780748
7_10,0.2761176368043158,0.221229231563967,RECODO,121.96568956696144,6.952873730780748
7_10,0.2354371634759947,0.3008814710562435,,121.96568956696144,6.952873730780748
7_10,0.2354371634759947,0.221229231563967,,121.96568956696144,6.952873730780748
7_11,0.2789563655376046,0.2849816235012506,CAWIT,121.96566977191344,6.961918227906689
7_12,0.27929417790765,0.2637515298155706,TULUNGATUNG,121.96564995049994,6.970962721526356
7_13,0.3115431893137709,0.3016197047568,LA PAZ,121.96563010271848,6.98000721163528
7_14,0.3408516998002331,0.3619514489396751,LA PAZ,121.96561022856659,6.989051698228999
7_15,0.3875566879157907,0.4188569817008858,PAMUCUTAN,121.96559032804178,6.998096181303041
7_16,0.3936007077409965,0.4007391559579077,LA PAZ,121.96557040114156,7.007140660852938
7_17,0.3581613149307578,0.363542460197901,PAMUCUTAN,121.9655504478634,7.016185136874235
7_18,0.3655844699131726,0.3454236283104206,PAMUCUTAN,121.96553046820483,7.025229609362455
7_19,0.3679811351880942,0.3463911754083792,PAMUCUTAN,121.96551046216334,7.034274078313136
7_20,0.4098838487172908,0.3722391697809478,PAMUCUTAN,121.96549042973643,7.043318543721814
7_20,0.4098838487172908,0.3219591048767868,PAMUCUTAN,121.96549042973643,7.043318543721814
7_20,0.3426390119453144,0.3722391697809478,WATERSHED AREA UNDER JURISDICTION OF ZAMBOANGA CITY,121.96549042973643,7.043318543721814
7_20,0.3426390119453144,0.3219591048767868,WATERSHED AREA UNDER JURISDICTION OF ZAMBOANGA CITY,121.96549042973643,7.043318543721814
7_21,0.384439012790309,0.3570847443811922,,121.96547037092157,7.052363005584021
7_22,0.3850098797845486,0.3571397449892511,,121.96545028571627,7.061407463895303
7_23,0.40450012536162694,0.3973606602307457,,121.96543017411796,7.070451918651181
7_24,0.403258953648537,0.39778586197755283,,121.9654100361242,7.079496369847202
7_25,0.4023565674753084,0.3978356227233287,,121.96538987173236,7.088540817478899
7_26,0.41687551558115093,0.42281974431764696,,121.96536968094001,7.0975852615418065
7_27,0.4149709881294023,0.4256805552809718,,121.96534946374459,7.106629702031474
7_28,0.41328466415293397,0.42775551475182844,,121.96532922014353,7.115674138943418
7_29,0.41123333465775624,0.4309619407948736,,121.96530895013434,7.1247185722731965
7_30,0.4088035880879695,0.42658739528816964,,121.96528865371447,7.133763002016336
7_31,0.40711194985181026,0.42766429730441474,,121.96526833088129,7.142807428168376
7_32,0.40711194985181026,0.42766429730441474,,121.96524798163237,7.151851850724868
8_10,0.2796159212707819,0.2847621929512126,CAWIT,121.9747409765337,6.952893411117809
8_10,0.2796159212707819,0.2176075623678761,CAWIT,121.9747409765337,6.952893411117809
8_10,0.2351993988239621,0.2847621929512126,,121.9747409765337,6.952893411117809
8_10,0.2351993988239621,0.2176075623678761,,121.9747409765337,6.952893411117809
8_11,0.2819252207471832,0.2715940774841489,CAWIT,121.97472135464085,6.961937934088041
8_12,0.29812794958142,0.2963362103776532,TULUNGATUNG,121.97470170661322,6.970982453552955
8_13,0.3613180748421168,0.4266985451222185,BALUNO,121.97468203244824,6.980026969508073
8_14,0.3938873095647399,0.4362011758470404,LA PAZ,121.97466233214351,6.9890714819489315
8_15,0.4089426170768115,0.4449132815842246,LA PAZ,121.97464260569654,6.998115990871069
8_16,0.4062480997994687,0.4067814156337589,LA PAZ,121.97462285310489,7.007160496270019
8_17,0.3855697842173969,0.3936387196602352,LA PAZ,121.97460307436603,7.01620499814131
8_18,0.3623273710263545,0.3680691120986983,PAMUCUTAN,121.97458326947752,7.025249496480493
8_19,0.3877802265701284,0.3651851818439612,PAMUCUTAN,121.97456343843687,7.034293991283082
8_20,0.4165635774750333,0.3783625481877625,PAMUCUTAN,121.97454358124158,7.043338482544633
8_21,0.4171493426263346,0.3970271725904916,PAMUCUTAN,121.97452369788917,7.052382970260677
8_22,0.3454933469165124,0.3222341079170814,WATERSHED AREA UNDER JURISDICTION OF ZAMBOANGA CITY,121.97450378837715,7.061427454426743
8_23,0.40450012536162694,0.39736066023074573,,121.97448385270302,7.070471935038376
8_24,0.40526300647965885,0.4022149761365771,,121.97446389086426,7.0795164120911105
8_25,0.4192404617203448,0.42230120340335214,,121.9744439028584,7.08856088558049
8_26,0.4205462707238438,0.42267093951074497,,121.97442388868294,7.097605355502045
8_27,0.418257988303589,0.4228641615267228,,121.97440384833534,7.106649821851315
8_28,0.4172897028800837,0.424929673809345,,121.97438378181313,7.115694284623851
8_29,0.41343959574234956,0.427454415960092,,121.97436368911374,7.124738743815171
8_30,0.4088035880879695,0.42658739528816964,,121.97434357023468,7.133783199420837
8_31,0.40711194985181026,0.42766429730441474,,121.97432342517341,7.142827651436372
8_32,0.40711194985181026,0.42766429730441474,,121.97430325392742,7.151872099857325
9_9,0.2680608688454278,0.2673632118520444,MAASIN,121.98381183507165,6.943868366457378
9_10,0.2741479483574445,0.2648402912103314,MAASIN,121.98379241223829,6.952912918544772
9_11,0.2942463413065683,0.3014623870343306,CAWIT,121.98377296350314,6.961957467132238
9_12,0.345688955953503,0.4612384473433309,BALUNO,121.98375348886378,6.971002012215321
9_13,0.4153611301803838,0.469523713689154,BALUNO,121.9837339883178,6.980046553789548
9_14,0.4111121465201777,0.4558021913548727,LA PAZ,121.98371446186268,6.989091091850465
9_15,0.4097554255188186,0.4394577112166974,LA PAZ,121.98369490949602,6.998135626393596
9_16,0.4122816582616532,0.4068208705789362,LA PAZ,121.98367533121541,7.007180157414487
9_17,0.4099361009861844,0.3999841356352636,LA PAZ,121.98365572701833,7.016224684908671
9_18,0.3920158598034297,0.3944313598737098,LA PAZ,121.98363609690236,7.025269208871677
9_19,0.414282956227526,0.3977653270268517,LA PAZ,121.983616440865,7.034313729299059
9_20,0.4231716772177192,0.407943118508853,LA PAZ,121.98359675890381,7.0433582461863375
9_21,0.4232523045011174,0.4106562335846714,LA PAZ,121.98357705101637,7.052402759529061
9_22,0.4198063332500927,0.4226471431953102,LA PAZ,121.98355731720012,7.0614472693227635
9_23,0.4202838933384681,0.4225375410549795,LA PAZ,121.98353755745264,7.070491775562984
9_24,0.4197677106767267,0.4223573363958659,LA PAZ,121.98351777177146,7.079536278245262
9_25,0.42046034516981823,0.4227109850447158,,121.98349796015408,7.088580777365141
9_26,0.4216878863028407,0.4230565010455282,,121.983478122598,7.097625272918152
9_27,0.41975398295337696,0.422061679537782,,121.98345825910076,7.10666976489984
9_28,0.4191234268942695,0.42434767805671614,,121.98343836965986,7.115714253305742
9_29,0.4190498031293197,0.4263054682336736,,121.98341845427281,7.124758738131401
9_30,0.41129951363537864,0.4319226955540393,,121.9833985129371,7.133803219372361
9_31,0.41129951363537864,0.4319226955540393,,121.98337854565024,7.142847697024159
9_32,0.41129951363537864,0.4319226955540393,,121.98335855240974,7.15189217108234
10_8,0.27051373271660195,0.2725587066797194,,121.99288234798361,6.934843094611433
10_9,0.2670526903017087,0.2713993245832569,MAASIN,121.9928631237485,6.943887675582589
10_10,0.2807898706670171,0.2779467809399842,MAASIN,121.99284387384466,6.952932253059212
10_11,0.3238715498236895,0.3683212925102729,BALUNO,121.99282459826962,6.961976827036846
10_12,0.3982792544319632,0.4774358250763064,BALUNO,121.99280529702102,6.971021397511019
10_13,0.4151041608352266,0.4715327249301359,BALUNO,121.9927859700964,6.980065964477281
10_14,0.4257858828110928,0.4642624534427367,LA PAZ,121.99276661749339,6.989110527931154
10_15,0.4155972216555043,0.4316463075671108,LA PAZ,121.99274723920954,6.9981550878681835
10_16,0.4130908924855885,0.405504477724903,LA PAZ,121.99272783524236,7.007199644283907
10_17,0.4088880645840074,0.4059223292287324,LA PAZ,121.99270840558951,7.016244197173857
10_18,0.4104159989928019,0.4109290006745991,,121.99268895024854,7.025288746533577
10_19,0.4217708708514129,0.4117219032550597,LA PAZ,121.99266946921695,7.034333292358603
10_20,0.4291154828742396,0.421754592683528,LA PAZ,121.99264996249237,7.043377834644473
10_21,0.4237214612819387,0.422107971690876,LA PAZ,121.99263043007232,7.052422373386729
10_22,0.4213133997370338,0.4225427449736626,LA PAZ,121.99261087195435,7.061466908580906
10_23,0.4198925539860853,0.4224164405220774,LA PAZ,121.99259128813601,7.070511440222548
10_24,0.4209637482164942,0.4212987521196486,LA PAZ,121.99257167861484,7.0795559683071945
10_25,0.4152944023839498,0.4228959469241896,LA PAZ,121.99255204338841,7.088600492830382
10_26,0.41999319046133043,0.4218499626825386,,121.99253238245424,7.0976450137876546
10_27,0.4213190802229433,0.42318582341400346,,121.99251269580982,7.106689531174555
10_28,0.4223707793372176,0.4249030306689523,,121.99249298345275,7.115734044986622
10_29,0.41831634263624273,0.4284536560439543,,121.99247324538052,7.124778555219399
10_30,0.41383289632845033,0.43098132714763865,,121.99245348159069,7.133823061868427
10_31,0.40466513476241167,0.42754486228269223,,121.99243369208072,7.142867564929248
10_32,0.40503338926040877,0.43117190938738953,,121.9924138768482,7.151912064397412
11_7,0.26933401597595896,0.27059926879970664,,122.00195251572595,6.925817596265982
11_8,0.2683115906473393,0.2735034240076629,SINUNOC,122.00193348962792,6.934862205887531
11_9,0.268353643121517,0.2725807920156486,SINUNOC,122.00191443809413,6.943906812019934
11_10,0.2846059475600483,0.2845871783672474,SINUNOC,122.00189536112217,6.952951414658733
11_11,0.3483536608411023,0.351185152676023,BALUNO,122.00187625870967,6.961996013799459
11_12,0.4101580940936828,0.46440436482039,BALUNO,122.00185713085423,6.971040609437654
11_13,0.4174337929579842,0.4571483839375995,BALUNO,122.00183797755345,6.980085201568848
11_14,0.4292437022043652,0.4505901475782595,BALUNO,122.00181879880495,6.989129790188589
11_15,0.4259171060785913,0.440970385113608,LA PAZ,122.00179959460625,6.998174375292417
11_16,0.4195297675938626,0.4208220838547428,LA PAZ,122.00178036495504,7.007218956875856
11_17,0.4164213201395447,0.4277011793276374,LA PAZ,122.00176110984889,7.016263534934459
11_18,0.419469098738975,0.4425852753802301,LA PAZ,122.00174182928531,7.0253081094637535
11_19,0.4249542950058472,0.4341101417374956,LA PAZ,122.00172252326193,7.034352680459291
11_20,0.4332503989009341,0.4296259125259701,LA PAZ,122.00170319177639,7.043397247916608
11_21,0.4321923540369157,0.4292690676730206,LA PAZ,122.0016838348262,7.052441811831239
11_22,0.4261187337203855,0.423388519575495,LA PAZ,122.00166445240895,7.061486372198727
11_23,0.4251680047059339,0.4233117751861964,LA PAZ,122.00164504452218,7.07053092901462
11_24,0.4260003889667494,0.4237346028150732,LA PAZ,122.0016256111635,7.07957548227445
11_25,0.4259919712334525,0.424465348728896,LA PAZ,122.0016061523305,7.0886200319737664
11_26,0.4264215990035804,0.424265121059041,LA PAZ,122.00158666802066,7.097664578108106
11_27,0.4112942314691755,0.4163246445809175,LA PAZ,122.00156715823157,7.106709120673008
11_28,0.41869164720931173,0.426660464692759,,122.0015476229608,7.115753659664027
11_29,0.4156591236273588,0.43049260785302684,,122.00152806220588,7.1247981950767025
11_30,0.41094135771537077,0.43227769201312477,,122.00150847596436,7.133842726906568
11_31,0.40503338926040877,0.43117190938738953,,122.0014888642338,7.142887255149175
11_32,0.3975278688657367,0.41785631438020515,,122.00146922701174,7.151931779800065
12_7,0.2748196843696071,0.2785526887407278,SINUNOC,122.01100351033288,6.925836510145619
12_8,0.2712773561522277,0.2672498242286824,SINUNOC,122.01098465670796,6.934881144700452
12_9,0.2845367527517022,0.2915725924955128,SINUNOC,122.01096577787791,6.943925775767045
12_10,0.3119041338834423,0.3025261269485885,SINUNOC,122.01094687384024,6.952970403340953
12_11,0.358974377379814,0.3805813393795155,BALUNO,122.01092794459267,6.9620150274176975
12_12,0.4047011598629787,0.4315955178684696,BALUNO,122.01090899013282,6.971059647992827
12_13,0.4265578053335827,0.4419162624697841,BALUNO,122.01089001045824,6.9801042650618745
12_14,0.4385646486456577,0.4464827416626546,BALUNO,122.01087100556661,6.989148878620386
12_15,0.4349408163524977,0.4624500931427279,BALUNO,122.01085197545557,6.998193488663892
12_16,0.4406241269642976,0.4681098966966865,BALUNO,122.01083292012267,7.0072380951879385
12_17,0.4432982892968867,0.4693171433156715,BALUNO,122.01081383956557,7.016282698188065
12_18,0.4410113918593757,0.4674878279411119,BALUNO,122.01079473378188,7.0253272976598105
12_19,0.4405348946521932,0.4634818814774803,LA PAZ,122.01077560276914,7.034371893598718
12_20,0.4482338514368851,0.4669001454082878,BALUNO,122.01075644652504,7.043416486000323
12_21,0.4423461607870113,0.4464154316714062,LA PAZ,122.01073726504714,7.052461074860174
12_22,0.4370223153911909,0.4238810453749246,LA PAZ,122.01071805833301,7.061505660173815
12_23,0.4378393553506104,0.4239513239437489,LA PAZ,122.01069882638028,7.070550241936775
12_24,0.4333849395652383,0.4323125715384955,LA PAZ,122.01067956918652,7.079594820144615
12_25,0.4336236958552616,0.4296955570995794,LA PAZ,122.01066028674933,7.088639394792862
12_26,0.4315311645986898,0.4256727099853703,LA PAZ,122.0106409790663,7.097683965877067
12_27,0.4275931970245583,0.427978055776973,LA PAZ,122.01062164613501,7.106728533392777
12_28,0.415013704590084,0.4302746219424595,LA PAZ,122.01060228795295,7.115773097335523
12_29,0.4142011508264473,0.43460837425233584,,122.0105829045178,7.124817657700865
12_30,0.40503338926040877,0.43117190938738953,,122.0105634958271,7.133862214484335
12_31,0.3975278688657367,0.41785631438020515,,122.01054406187838,7.142906767681486
12_32,0.3975278688657367,0.41785631438020515,,122.01052460266926,7.151951317287866
13_6,0.2632091990888397,0.2661652236535151,,122.0200731863197,6.916810589042842
13_7,0.2639078055891037,0.2611096150058116,SINUNOC,122.02005453014262,6.925855251786776
13_8,0.2693059667875105,0.2578735060472829,MALAGUTAY,122.02003584899325,6.934899911047835
13_9,0.2919649809003026,0.2647303643316486,SINUNOC,122.02001714286926,6.943944566821574
13_10,0.3125988953647071,0.2717315654581846,SINUNOC,122.01999841176828,6.9529892191035145
13_11,0.3753407046603474,0.3903807054840774,SINUNOC,122.01997965568796,6.962033867889201
13_12,0.3939368895783108,0.3789721873674897,CAPISAN,122.01996087462607,6.971078513174183
13_13,0.4044169659720859,0.4200306275304692,BALUNO,122.0199420685801,6.980123154953988
13_14,0.413170211226588,0.4353497863832444,BALUNO,122.01992323754774,6.9891677932241585
13_15,0.4391704820741893,0.4662717326401553,BALUNO,122.01990438152669,6.998212427980241
13_16,0.4445623305911247,0.4673986508039284,BALUNO,122.01988550051453,7.0072570592177765
13_17,0.4535159864678285,0.4686535022310443,BALUNO,122.01986659450888,7.016301686932297
13_18,0.445749220635704,0.4698973001241857,BALUNO,122.01984766350742,7.02534631111936
13_19,0.4526607825602332,0.4697597251577778,BALUNO,122.01982870750776,7.034390931774486
13_20,0.4548738528557631,0.4698651692153528,BALUNO,122.0198097265075,7.043435548893241
13_21,0.4551528154753945,0.4691153833764536,BALUNO,122.01979072050426,7.052480162471147
13_22,0.43043827224855746,0.43108747995662816,,122.01977168949573,7.061524772503764
13_23,0.4404478723521237,0.43591834134277524,,122.01975263347944,7.070569378986627
13_24,0.41512819572211146,0.4017902010435058,,122.019733552453,7.07961398191528
13_25,0.4388399359781842,0.4303313824802537,LA PAZ,122.0197144464141,7.088658581285267
13_26,0.4352466574805791,0.4301971853594747,LA PAZ,122.01969531536025,7.097703177092137
13_27,0.4255016475115464,0.4280824821286481,,122.01967615928915,7.106747769331431
13_28,0.4131355039591605,0.434459880104404,LA PAZ,122.01965697819826,7.115792357998695
13_29,0.4112589810938157,0.4434258368603802,LA PAZ,122.01963777208533,7.124836943089472
13_30,0.4040043674646182,0.4369034765774626,LA PAZ,122.01961854094785,7.133881524599316
13_31,0.38732276391561427,0.4008204411210068,,122.01959928478341,7.142926102523765
13_32,0.38732276391561427,0.4008204411210068,,122.01958000358964,7.151970676858368
14_6,0.2545501110508797,0.2678141847676757,CALARIAN,122.02912405885448,6.916829133964911
14_7,0.2534624276470977,0.2654761237060775,MALAGUTAY,122.02910557492466,6.925873821187123
14_8,0.246082328339542,0.2514168703729767,MALAGUTAY,122.02908706625314,6.934918504927369
14_9,0.2652439266694035,0.2504968817590935,MALAGUTAY,122.02906853283754,6.943963185181168
14_10,0.2888295633703115,0.2557719672814108,SAN ROQUE,122.02904997467559,6.953007861944078
14_11,0.3405042554376353,0.3450106210060419,CAPISAN,122.02903139176495,6.962052535211637
14_12,0.344681416153239,0.3278945067765416,CAPISAN,122.0290127841033,6.971097204979371
14_13,0.3429805301104441,0.3323994566418839,CAPISAN,122.02899415168832,6.9801418712428385
14_14,0.3458305140775037,0.3550926937610438,DULIAN,122.02897549451761,6.98918653399757
14_15,0.3712672040185421,0.3774945960530213,DULIAN,122.02895681258889,6.998231193239116
14_16,0.4255782377485463,0.4466527774083663,BALUNO,122.02893810589981,7.00727584896301
14_17,0.4341836662630655,0.4572582080837105,BALUNO,122.02891937444805,7.016320501164805
14_18,0.4336742068589992,0.4290826266400729,BALUNO,122.02890061823119,7.025365149840031
14_19,0.4455044542769374,0.4602883297134506,BALUNO,122.02888183724693,7.034409794984248
14_20,0.4350884570574708,0.4432166320348067,BALUNO,122.02886303149292,7.043454436592979
14_21,0.3798307142385804,0.392074215416608,PASONANCA NATURAL PARK UNDER JURISDICTION OF ZAMBOANGA CITY,122.02884420096676,7.052499074661789
14_22,0.43239363100367995,0.4396304890836292,,122.02882534566614,7.061543709186207
14_23,0.4087231745808064,0.40162649507450315,,122.02880646558864,7.070588340161787
14_24,0.403174556473535,0.3931446745586552,,122.02878756073201,7.079632967584069
14_25,0.3319530518612628,0.2926601701554516,PASONANCA NATURAL PARK UNDER JURISDICTION OF ZAMBOANGA CITY,122.02876863109373,7.0886775914486
14_26,0.4187825508697532,0.4180036544993626,LA PAZ,122.02874967667152,7.097722211750922
14_27,0.4200017144947444,0.4221045794170182,LA PAZ,122.02873069746299,7.1067668284865935
14_28,0.395563365488507,0.3930131019442082,,122.02871169346571,7.115811441651145
14_29,0.3756079019858002,0.367881905068482,LA PAZ,122.02869266467735,7.124856051240136
14_30,0.3817543891943651,0.4107957314522415,LA PAZ,122.02867361109547,7.133900657249104
14_31,0.3873227639156142,0.4008204411210068,,122.0286545327178,7.1429452596736
14_32,0.3873227639156142,0.4008204411210068,,122.02863542954178,7.15198985850918
15_2,0.2320653250280687,0.22886369745189636,,122.03824795778374,6.8806686262553765
15_3,0.23206532502806865,0.22886369745189636,,122.03822974412526,6.889713351608604
15_6,0.2434413051214943,0.2662016231270454,CALARIAN,122.03817495612866,6.916847506870912
15_7,0.2407356788918164,0.2662185845393194,CALARIAN,122.03815664444842,6.925892218344367
15_8,0.2332276120199622,0.243559280626066,SAN ROQUE,122.03813830825706,6.934936926336725
15_9,0.240072921606297,0.2462428505260723,SAN ROQUE,122.03811994755223,6.943981630843538
15_10,0.2652982172650941,0.2538823737879042,SAN ROQUE,122.03810156233162,6.953026331860336
15_11,0.3043711485316654,0.2870806199579232,CAPISAN,122.03808315259298,6.962071029382669
15_12,0.311140875871208,0.2969612996429903,CAPISAN,122.03806471833394,6.971115723406078
15_13,0.3065218656863434,0.2959086447165793,CAPISAN,122.03804625955222,6.980160413926104
15_14,0.3142282176097303,0.2969379493925893,DULIAN,122.0380277762455,6.989205100938291
15_15,0.3207872986134655,0.2953836233839229,DULIAN,122.03800926841151,6.998249784438178
15_16,0.3732089248506699,0.374745430864322,,122.03799073604786,7.007294464421313
15_17,0.413547879190381,0.4194061475494234,,122.03797217915223,7.0163391408832405
15_18,0.43693795715665057,0.4526358483939572,,122.03795359772235,7.0253838138195
15_19,0.4402223134033412,0.4519211043259637,,122.03793499175589,7.034428483225644
15_20,0.4297943370575502,0.43890539460405814,,122.03791636125045,7.043473149097205
15_21,0.43409005878082924,0.4469119459513344,,122.03789770620372,7.052517811429744
15_22,0.4323936310036799,0.4396304890836292,,122.03787902661341,7.06156247021879
15_23,0.39973776432933167,0.39531934910969585,,122.03786032247714,7.070607125459904
15_24,0.35728095675747235,0.332308189180445,,122.03784159379258,7.07965177714862
15_25,0.3572809567574724,0.332308189180445,,122.03782284055731,7.088696425280493
15_26,0.3929123040932364,0.3924155941197124,LA PAZ,122.0378040627691,7.09774106985107
15_26,0.3929123040932364,0.2920247937536743,LA PAZ,122.0378040627691,7.09774106985107
15_26,0.3343135618698132,0.3924155941197124,PASONANCA NATURAL PARK UNDER JURISDICTION OF ZAMBOANGA CITY,122.0378040627691,7.09774106985107
15_26,0.3343135618698132,0.2920247937536743,PASONANCA NATURAL PARK UNDER JURISDICTION OF ZAMBOANGA CITY,122.0378040627691,7.09774106985107
15_27,0.405083527163358,0.3955238894846689,LA PAZ,122.03778526042551,7.106785710855889
15_28,0.3915187255153222,0.38460424474726984,,122.0377664335242,7.115830348290512
15_29,0.3639881798394719,0.3450952556464679,LA PAZ,122.03774758206283,7.124874982150468
15_30,0.3873227639156142,0.4008204411210069,,122.03772870603902,7.133919612431326
15_31,0.3873227639156142,0.4008204411210069,,122.0377098054504,7.142964239128622
15_32,0.3873227639156142,0.4008204411210069,,122.03769088029459,7.152008862237906
16_1,0.241346245141203,0.24145540157266518,,122.04731621092378,6.871641978223221
16_2,0.2264043388925474,0.21477755869513776,,122.0472981928644,6.880686731055058
16_5,0.22635360936435323,0.2204742376472927,,122.04724399306168,6.9078209687851855
16_6,0.2250899549946493,0.2168436342749213,CALARIAN,122.04722587791166,6.916865707758576
16_7,0.2259915327323024,0.2258668857446573,CALARIAN,122.04720773848335,6.92591044325621
16_8,0.2261089638651302,0.2244605991450466,SAN ROQUE,122.04718957477444,6.934955175273629
16_9,0.2262098464086622,0.2266126024339108,CABATANGAN,122.04717138678265,6.94399990380637
16_10,0.2578262723530981,0.2496884100166154,SAN ROQUE,122.04715317450571,6.95304462884999
16_11,0.2996690547175639,0.277177931934272,DULIAN,122.04713493794134,6.962089350400015
16_12,0.3076530103780774,0.2941500676970039,DULIAN,122.04711667708725,6.971134068451998
16_13,0.3089074267409626,0.2942345051863184,DULIAN,122.0470983919411,6.980178783001477
16_14,0.3166571038366029,0.2934007131123767,DULIAN,122.04708008250071,6.98922349404401
16_15,0.3169734329944828,0.2938408477720572,,122.0470617487637,6.99826820157512
16_16,0.3403075951959995,0.32432450221646675,,122.04704339072782,7.0073129055903705
16_17,0.3970981227005237,0.4011743663138187,,122.04702500839075,7.016357606085294
16_18,0.4348058044410039,0.4472997147760814,,122.04700660175014,7.025402303055441
16_19,0.4256562997390107,0.43638400237772973,,122.04698817080376,7.034446996496357
16_20,0.4297943370575502,0.43890539460405814,,122.04696971554927,7.04349168640359
16_21,0.43409005878082924,0.4469119459513344,,122.04695123598434,7.052536372772683
16_22,0.4095058985819292,0.4114709461393541,,122.04693273210667,7.061581055599188
16_23,0.3663843872312258,0.35231807351303174,,122.0469142039139,7.07062573487864
16_24,0.3572809567574724,0.332308189180445,,122.04689565140377,7.079670410606603
16_25,0.3572809567574724,0.332308189180445,,122.04687707457391,7.0887150827786165
16_26,0.3719070518178914,0.3528809330462884,,122.04685847342205,7.097759751390225
16_27,0.3719070518178914,0.3528809330462884,,122.04683984794578,7.106804416436977
16_28,0.3778419754118231,0.36349502542484713,,122.04682119814281,7.11584907791443
16_29,0.38928714253554786,0.3882802722137757,,122.04680252401079,7.1248937358181355
16_30,0.3860876731295227,0.3912400516458646,,122.04678382554734,7.133938390143624
16_31,0.3873227639156142,0.4008204411210069,,122.04676510275019,7.142983040886463
16_32,0.3873227639156142,0.4008204411210069,,122.04674635561696,7.152027688042196
17_0,0.2574455742546685,0.2725748143134335,,122.05638412209323,6.862615108040401
17_1,0.23821415620317268,0.22471295843018285,,122.05636629917207,6.871659888117639
17_5,0.21901089119315326,0.20089384813484168,,122.05629476709942,6.907838973855992
17_6,0.2197121106591501,0.1975274185207143,SAN JOSE GUSU,122.05627682397305,6.91688373662564
17_7,0.2192591613296221,0.2046379393436554,SAN ROQUE,122.05625885679888,6.925928495920396
17_8,0.2212467739471219,0.2110635699219813,CABATANGAN,122.05624086557471,6.934973251735808
17_9,0.2224112772762201,0.2127710393581859,CABATANGAN,122.05622285029824,6.944018004067417
17_10,0.2460227238189825,0.2391150168542027,CABATANGAN,122.05620481096723,6.953062752910762
17_11,0.29307879097378,0.2626323027904331,DULIAN,122.0561867475794,6.962107498261392
17_12,0.3043755859077027,0.2818044612665143,DULIAN,122.05616866013253,6.971152240114854
17_13,0.3176781452236411,0.289330207654717,DULIAN,122.05615054862433,6.980196978466693
17_14,0.3242871181716526,0.2892474477850786,DULIAN,122.05613241305251,6.98924171331244
17_15,0.3176269938179729,0.29309638093603807,,122.0561142534148,6.9982864446476585
17_16,0.3192265168366929,0.30588460938276824,,122.05609606970897,7.007331172467887
17_17,0.3427318293219854,0.338656108377035,,122.05607786193272,7.016375896768671
17_18,0.39196507726594165,0.39905682754190497,,122.05605963008372,7.025420617545556
17_19,0.4148253089547428,0.42862342927208175,,122.05604137415973,7.034465334794094
17_20,0.41432864267842334,0.42379200303510267,,122.05602309415849,7.043510048509827
17_21,0.39158991127359544,0.40179761819219795,,122.05600479007764,7.052554758688308
17_22,0.38216014449243496,0.39017445593892164,,122.05598646191494,7.061599465325082
17_23,0.38477646246336616,0.3902427316795425,,122.05596810966806,7.070644168415696
17_24,0.3572809567574724,0.332308189180445,,122.0559497333347,7.079688867955695
17_25,0.3719070518178914,0.3528809330462884,,122.05593133291256,7.0887335639406395
17_26,0.3719070518178914,0.3528809330462884,,122.05591290839935,7.097778256366065
17_27,0.3719070518178914,0.3528809330462884,,122.05589445979277,7.106822945227538
17_28,0.3778419754118231,0.36349502542484713,,122.05587598709043,7.115867630520593
17_29,0.38386926045524633,0.3823424751543145,,122.05585749029011,7.124912312240788
17_30,0.38608767312952263,0.3912400516458646,,122.05583896938944,7.133956990383672
17_31,0.3860876731295227,0.3912400516458646,,122.05582042438611,7.14300166494479
17_32,0.3873227639156142,0.4008204411210069,,122.05580185527776,7.15204633591971
18_0,0.2574455742546685,0.27257481431343344,,122.06543406350464,6.862632823482215
18_1,0.2574455742546685,0.2725748143134335,,122.06541641145694,6.8716776271243845
18_5,0.2175331433141699,0.1959316265691253,SAN JOSE CAWA CAWA,122.06534556518271,6.907856807131001
18_6,0.2134600856681748,0.1895286219657921,CANELAR,122.06532779408218,6.9169015934698574
18_7,0.2149176634456028,0.1949377749793264,SANTA MARIA,122.06530999916446,6.925946376334685
18_8,0.2203177343261141,0.2078145470575068,CABATANGAN,122.06529218042725,6.934991155721018
18_9,0.2218260752831542,0.2109313687693233,CABATANGAN,122.06527433786835,6.944035931624413
18_10,0.2275371883060787,0.2116293738261105,PASONANCA,122.06525647148555,6.953080704040408
18_11,0.2448126059870768,0.2407191308646103,PASONANCA,122.06523858127653,6.962125472964556
18_12,0.2650076493489476,0.2557435134762873,PASONANCA,122.06522066723915,6.971170238392392
18_13,0.27363766925951577,0.2627845299331635,,122.0652027293711,6.9802150003194665
18_14,0.29359378965604727,0.29658559768694165,,122.06518476767019,6.989259758741332
18_15,0.29934657780025786,0.29452335817127756,,122.06516678213407,6.998304513653528
18_16,0.3070297809680639,0.3198136455144128,,122.06514877276057,7.007349265051595
18_17,0.3070297809680639,0.3198136455144128,,122.0651307395474,7.016394012931099
18_18,0.3090406578515518,0.32860188198352686,,122.06511268249231,7.025438757287578
18_19,0.3359915769933396,0.348176883017577,,122.06509460159303,7.034483498116572
18_20,0.38112123802963904,0.39001519816368646,,122.06507649684728,7.043528235413641
18_21,0.3832184741110926,0.39060078240214197,,122.06505836825285,7.0525729691743315
18_22,0.3832184741110926,0.39060078240214197,,122.0650402158074,7.061617699394187
18_23,0.3843348984153113,0.39058770691897554,,122.06502203950866,7.070662426068765
18_24,0.3843348984153113,0.3905877069189756,,122.06500383935439,7.079707149193612
18_25,0.36847827101555347,0.3526357974234697,,122.06498561534228,7.088751868764276
18_26,0.3719070518178914,0.3528809330462884,,122.06496736747006,7.0977965847763045
18_27,0.3719070518178914,0.3528809330462884,,122.06494909573546,7.106841297225256
18_28,0.3778419754118231,0.36349502542484713,,122.0649308001361,7.115886006106681
18_29,0.38386926045524633,0.3823424751543145,,122.06491248066979,7.124930711416125
18_30,0.38386926045524633,0.3823424751543145,,122.06489413733418,7.133975413149148
18_31,0.37718398368533856,0.3779659465725298,,122.06487577012696,7.143020111301297
18_32,0.3652751889498386,0.36139380650925557,,122.06485737904586,7.152064805868123
19_0,0.273207109831999,0.30911312211166164,,122.07448402871997,6.862650368261166
19_1,0.2574455742546685,0.2725748143134335,,122.07446654754794,6.871695195241256
19_4,0.23657332879449222,0.22327639601260024,,122.07441396256893,6.898829655458272
19_5,0.2262451803732735,0.1973834909838826,SANTO NIÑO,122.07439638708095,6.907874468608007
19_6,0.211507973615748,0.1903446064328013,CANELAR,122.07437878800854,6.9169192782890185
19_7,0.2102568581732898,0.1880647986183276,SANTA MARIA,122.07436116534946,6.925964084496846
19_8,0.2121074535338891,0.1941573675836492,PASONANCA,122.07434351910149,6.935008887227041
19_9,0.2192920296679028,0.2062745327151312,PASONANCA,122.07432584926241,6.944053686475143
19_10,0.2195021220675066,0.2081125362823036,PASONANCA,122.07430815583001,6.953098482236705
19_11,0.2205729133728016,0.2197895131862007,PASONANCA,122.0742904388021,6.9621432745072624
19_12,0.2349707933973775,0.2438342930700723,PASONANCA,122.07427269817644,6.9711880632823755
19_12,0.2349707933973775,0.3060283783137722,PASONANCA,122.07427269817644,6.9711880632823755
19_12,0.2872653744440566,0.2438342930700723,PASONANCA NATURAL PARK UNDER JURISDICTION OF ZAMBOANGA CITY,122.07427269817644,6.9711880632823755
19_12,0.2872653744440566,0.3060283783137722,PASONANCA NATURAL PARK UNDER JURISDICTION OF ZAMBOANGA CITY,122.07427269817644,6.9711880632823755
19_13,0.2461561724199099,0.2432101741982265,PASONANCA,122.0742549339508,6.9802328485575815
19_14,0.2799613625234494,0.2884091600023992,PASONANCA,122.07423714612298,6.989277630328432
19_14,0.2799613625234494,0.3084311103224155,PASONANCA,122.07423714612298,6.989277630328432
19_14,0.2918795525308424,0.2884091600023992,PASONANCA NATURAL PARK UNDER JURISDICTION OF ZAMBOANGA CITY,122.07423714612298,6.989277630328432
19_14,0.2918795525308424,0.3084311103224155,PASONANCA NATURAL PARK UNDER JURISDICTION OF ZAMBOANGA CITY,122.07423714612298,6.989277630328432
19_15,0.3087253032445025,0.2981199127440952,PASONANCA,122.07421933469074,6.998322408590475
19_16,0.3256757603172408,0.353271349888368,PASONANCA,122.07420149965182,7.007367183339261
19_17,0.3090406578515518,0.32860188198352686,,122.07418364100401,7.016411954570329
19_18,0.3192611559700828,0.3383335167274236,,122.07416575874507,7.025456722279239
19_19,0.3427701887765374,0.3484025140017028,,122.07414785287277,7.034501486461537
19_20,0.38112123802963904,0.39001519816368646,,122.07412992338485,7.04354624711277
19_21,0.3832184741110926,0.39060078240214197,,122.07411197027905,7.05259100422849
19_22,0.3832184741110926,0.39060078240214197,,122.07409399355313,7.061635757804245
19_23,0.3843348984153113,0.39058770691897554,,122.07407599320486,7.070680507835592
19_24,0.3843348984153113,0.3905877069189756,,122.07405796923192,7.079725254318073
19_25,0.38433489841531127,0.39058770691897565,,122.07403992163215,7.088769997247245
19_26,0.3683302108959946,0.3729287502853131,,122.07402185040318,7.097814736618657
19_27,0.3719070518178914,0.3528809330462884,,122.07400375554282,7.106859472427862
19_28,0.3778419754118231,0.36349502542484713,,122.07398563704875,7.115904204670414
19_29,0.37220721097466986,0.36280864247991756,,122.07396749491876,7.12494893334187
19_30,0.36578900701862305,0.3578104548251415,,122.07394932915051,7.133993658437769
19_31,0.3620992817479004,0.35514152016589895,,122.07393113974175,7.14303837995368
19_32,0.36209928174790035,0.35514152016589895,,122.07391292669018,7.152083097885146
20_4,0.2944216419024279,0.3309166329083513,ZONE III,122.08346463625192,6.898847122020826
20_5,0.233158704766842,0.2018056231688407,ZONE IV,122.08344723256373,6.907891958284821
20_6,0.213561504808272,0.1838517380684012,TETUAN,122.08342980552159,6.916936791080926
20_7,0.2113065344911018,0.1847111641006313,TETUAN,122.08341235512334,6.925981620404696
20_8,0.209629670602976,0.1885632027600566,TUMAGA,122.0833948813668,6.935026446251667
20_9,0.209528578088488,0.1947588431014242,TUMAGA,122.08337738424976,6.944071268617398
20_10,0.2198178149719952,0.2034795832125582,PASONANCA,122.08335986377001,6.953116087497429
20_11,0.2180435164260975,0.2203950793988028,PASONANCA,122.08334231992539,6.962160902887308
20_12,0.2291907820058893,0.2419155617918617,PASONANCA,122.08332475271371,6.971205714782585
20_13,0.2462387562508927,0.2463623624940924,PASONANCA,122.08330716213273,6.980250523178809
20_14,0.2880647679826695,0.2886029956125381,PASONANCA,122.08328954818023,6.989295328071526
20_15,0.308701823668921,0.2920784069375228,PASONANCA,122.08327191085407,6.998340129456286
20_16,0.3187796876619424,0.3420610950896655,LUMAYANG,122.08325425015197,7.007384927328638
20_16,0.3187796876619424,0.3028079349249677,LUMAYANG,122.08325425015197,7.007384927328638
20_16,0.2909840768083168,0.3420610950896655,PASONANCA NATURAL PARK UNDER JURISDICTION OF ZAMBOANGA CITY,122.08325425015197,7.007384927328638
20_16,0.2909840768083168,0.3028079349249677,PASONANCA NATURAL PARK UNDER JURISDICTION OF ZAMBOANGA CITY,122.08325425015197,7.007384927328638
20_17,0.31174035647762083,0.3243031854395732,,122.08323656607179,7.016429721684138
20_18,0.3260397677532806,0.329438856757963,,122.0832188586112,7.025474512518322
20_19,0.3502112536733586,0.3673871586307035,,122.0832011277681,7.034519299826752
20_20,0.38112123802963904,0.3900151981636865,,122.08318337354025,7.043564083604977
20_21,0.3832184741110926,0.39060078240214197,,122.08316559592537,7.052608863848544
20_22,0.3879396231516683,0.394298211370575,SALAAN,122.08314779492122,7.06165364055301
20_22,0.3879396231516683,0.3851008207684251,SALAAN,122.08314779492122,7.06165364055301
20_22,0.3775453809601289,0.394298211370575,PASONANCA NATURAL PARK UNDER JURISDICTION OF ZAMBOANGA CITY,122.08314779492122,7.06165364055301
20_22,0.3775453809601289,0.3851008207684251,PASONANCA NATURAL PARK UNDER JURISDICTION OF ZAMBOANGA CITY,122.08314779492122,7.06165364055301
20_23,0.3843348984153113,0.39058770691897554,,122.08312997052565,7.070698413713921
20_24,0.38433489841531127,0.39058770691897554,,122.08311212273634,7.079743183326833
20_25,0.3868239844530101,0.39406858523792876,,122.0830942515511,7.0887879493873
20_26,0.38741119572572275,0.3903716566636247,,122.08307635696774,7.09783271189087
20_27,0.38527311212259047,0.39003685433743474,,122.08305843898388,7.106877470833098
20_28,0.37976299019779197,0.3758178184362949,,122.08304049759737,7.1159222262095385
20_29,0.3686366838249803,0.36376929084539933,,122.08302253280593,7.1249669780157445
20_30,0.3620992817479004,0.35514152016589895,,122.08300454460735,7.134011726247275
20_31,0.3620992817479004,0.35514152016589895,,122.08298653299931,7.1430564708996735
20_32,0.36209928174790035,0.35514152016589895,,122.08296849797959,7.152101211968508
20_33,0.35548492548879584,0.3472335993545818,,122.08295043954588,7.161145949449322
21_3,0.28379418244534205,0.3364437295707766,,122.09253254205164,6.889819554394264
21_4,0.3158692009166294,0.4368366979369674,RIO HONDO,122.09251533328663,6.898864417008059
21_5,0.2635549819873169,0.3281625316797422,SANTA CATALINA,122.09249810140041,6.907909276159257
21_6,0.2245349518544032,0.1954883993905188,TETUAN,122.09248084639076,6.916954131843404
21_7,0.2126097721577811,0.1823764308601269,GUIWAN,122.09246356825555,6.92599898405604
21_8,0.2094050991996519,0.1812694504009098,TUMAGA,122.09244626699264,6.935043832792722
21_9,0.206985893603845,0.1878147085182689,TUMAGA,122.09242894259981,6.944088678048996
21_10,0.2150431218643167,0.1972175766401939,LUNZURAN,122.09241159507492,6.953133519820405
21_11,0.2276577871556689,0.2240175726949279,LUNZURAN,122.09239422441578,6.962178358102505
21_12,0.2342873187637035,0.2462186780270664,LUMBANGAN,122.09237683062024,6.971223192890836
21_13,0.2692874604828091,0.2609210701259203,LUMAYANG,122.0923594136861,6.98026802418096
21_14,0.3095575318401286,0.2896387064169531,LUMAYANG,122.09234197361116,6.989312851968413
21_15,0.3110603125000765,0.2914096645296531,LUMAYANG,122.09232451039327,6.998357676248757
21_16,0.3085450633684864,0.3049971491079873,LUMAYANG,122.09230702403022,7.007402497017538
21_17,0.339174253447586,0.3317778671685999,LUMAYANG,122.09228951451985,7.0164473142703025
21_17,0.339174253447586,0.2964596403217327,LUMAYANG,122.09228951451985,7.0164473142703025
21_17,0.2909840768083168,0.3317778671685999,PASONANCA NATURAL PARK UNDER JURISDICTION OF ZAMBOANGA CITY,122.09228951451985,7.0164473142703025
21_17,0.2909840768083168,0.2964596403217327,PASONANCA NATURAL PARK UNDER JURISDICTION OF ZAMBOANGA CITY,122.09228951451985,7.0164473142703025
21_18,0.3698821782545974,0.3907192688091494,SALAAN,122.09227198185992,7.025492128002612
21_19,0.3746361819246008,0.3912779265404322,SALAAN,122.09225442604824,7.034536938210007
21_20,0.37915504886063134,0.3919065356703315,,122.09223684708265,7.043581744888044
21_21,0.3809175854106197,0.39290846407465635,,122.09221924496089,7.052626548032275
21_22,0.3851223623318688,0.3942058477327095,SALAAN,122.09220161968081,7.061671347638259
21_23,0.3907044838529621,0.3941404703168776,TOLOSA,122.09218397124015,7.070716143701536
21_24,0.3875816512132295,0.39260775260840775,,122.09216629963669,7.079760936217669
21_25,0.38741119572572275,0.3903716566636247,,122.0921486048683,7.088805725182208
21_26,0.3862168602551871,0.38977422408456075,,122.09213088693268,7.097850510590708
21_27,0.38391092733643817,0.3874745937282364,,122.09211314582761,7.106895292438723
21_28,0.37976299019779197,0.3758178184362949,,122.09209538155089,7.115940070721811
21_29,0.3686366838249803,0.36376929084539933,,122.09207759410035,7.124984845435517
21_30,0.3620992817479004,0.35514152016589895,,122.09205978347362,7.1340296165754085
21_31,0.3620992817479004,0.35514152016589895,,122.09204194966858,7.143074384137034
21_32,0.36209928174790035,0.35514152016589895,,122.09202409268293,7.1521191481159505
21_33,0.35548492548879584,0.3472335993545818,,122.09200621251448,7.161163908507717
21_34,0.3515385941680579,0.34459661434833444,,122.09198830916098,7.170208665307889
21_35,0.35226944926746506,0.3518778819810237,,122.09197038262013,7.179253418512019
22_3,0.2894090554999424,0.34643873704585637,,122.10158309063404,6.8898366551447054
22_4,0.3119663826534941,0.3844971621599815,KASANYANGAN,122.10156605344262,6.898881540417829
22_5,0.2706285333449725,0.3171367793471082,KASANYANGAN,122.10154899336048,6.907926422229178
22_6,0.2362285881310862,0.2254741727196256,TUGBUNGAN,122.10153191038548,6.916971300574295
22_7,0.2270588253415436,0.2105821277910978,GUIWAN,122.1015148045155,6.926016175448738
22_8,0.2164116491695977,0.1897186171776971,PUTIK,122.10149767574835,6.935061046848045
22_9,0.2114895626487211,0.1856414409587448,PUTIK,122.10148052408191,6.9441059147677695
22_10,0.2153315199153765,0.1940815519990143,LUNZURAN,122.10146334951405,6.953150779203464
22_11,0.2280351004191538,0.2154716465821152,LUMBANGAN,122.1014461520426,6.962195640150678
22_12,0.2423042370584395,0.2462226992802315,LUMBANGAN,122.10142893166537,6.971240497604956
22_13,0.276790888742974,0.2533825088005715,LUMAYANG,122.10141168838025,6.980285351561854
22_14,0.3213487247869204,0.298018003404122,LUMAYANG,122.10139442218507,6.989330202016924
22_15,0.3361286204227412,0.2959138572114051,LUMAYANG,122.10137713307766,6.99837504896571
22_16,0.3380894995206541,0.3016548064674121,LUMAYANG,122.10135982105582,7.007419892403771
22_17,0.3501585675377808,0.360384534371542,SALAAN,122.10134248611745,7.016464732326655
22_18,0.3706807479593939,0.391342009848475,SALAAN,122.10132512826034,7.025509568729919
22_19,0.3763795779316921,0.3913828634667361,SALAAN,122.1013077474823,7.034554401609108
22_20,0.3746546047938103,0.3912106823599187,SALAAN,122.10129034378116,7.0435992309597815
22_21,0.384982517321185,0.3914553582518613,SALAAN,122.10127291715479,7.052644056777491
22_22,0.3822830616461056,0.3933722206582171,TOLOSA,122.10125546760092,7.061688879057789
22_23,0.3885232915061429,0.393958734015027,TOLOSA,122.10123799511742,7.07073369779623
22_24,0.3894071427941482,0.3936472991165889,TOLOSA,122.10122049970207,7.079778512988371
22_25,0.3852622938394159,0.3853911188790728,,122.10120298135267,7.0888233246297645
22_26,0.3840679583688802,0.3847936863000087,,122.10118544006704,7.097868132715962
22_27,0.3820214936618941,0.38259269018374215,,122.10116787584299,7.106912937242526
22_28,0.3795443756113794,0.3799631147446732,,122.10115028867831,7.115957738205003
22_29,0.3686366838249803,0.36376929084539933,,122.10113267857079,7.125002535598967
22_30,0.3677149520891149,0.36163657098780994,,122.10111504551824,7.1340473294199525
22_31,0.3620992817479004,0.35514152016589895,,122.1010973895184,7.1430921196635255
22_32,0.36209928174790035,0.35514152016589895,,122.10107971056914,7.1521369063252545
22_33,0.351291554932501,0.33931409328359907,,122.10106200866811,7.161181689400676
22_34,0.35226944926746506,0.3518778819810237,,122.10104428381322,7.1702264688853665
22_35,0.35226944926746506,0.3518778819810237,,122.1010265360022,7.179271244774875
22_36,0.35921104619055966,0.36422208974886777,,122.10100876523279,7.188316017064757
23_3,0.27960550523299105,0.29565386804733235,,122.11063366210502,6.889853584542605
23_4,0.2850261785972992,0.2655605141054823,TALON TALON,122.11061679648934,6.898898492248004
23_5,0.2525242155336635,0.2492950564019996,TALON TALON,122.11059990821343,6.907943396492449
23_6,0.2419185811775456,0.2271057639900838,TUGBUNGAN,122.1105829972752,6.916988297271475
23_7,0.2414574827528877,0.2295659620412945,PUTIK,122.11056606367256,6.926033194580641
23_8,0.2330110213891764,0.2040691504483442,DIVISORIA,122.11054910740336,6.935078088415495
23_9,0.2233030771890365,0.1940167350654103,DIVISORIA,122.11053212846545,6.9441229787715875
23_10,0.2218025075767939,0.1927712466054713,DIVISORIA,122.11051512685675,6.953167865644462
23_11,0.2284540961709654,0.2129249682857709,LUMBANGAN,122.11049810257512,6.962212749029685
23_12,0.2442567955171073,0.2453855937454409,LUMBANGAN,122.11048105561841,6.971257628922796
23_13,0.2770445283736527,0.2619773038633465,LUMAYANG,122.11046398598447,6.9803025053193455
23_14,0.3212202584179296,0.3053023703508661,SALAAN,122.11044689367118,6.989347378214892
23_15,0.3285001239591834,0.3019722402969437,SALAAN,122.1104297786764,6.99839224760499
23_16,0.3414299340068203,0.297764767936233,SALAAN,122.110412640998,7.00743711348518
23_17,0.3647093094366322,0.3806891187487017,SALAAN,122.1103954806338,7.0164819758510255
23_18,0.3745675856764058,0.3913987915269635,SALAAN,122.11037829758168,7.025526834698076
23_19,0.3771449400925776,0.3914897368630936,SALAAN,122.11036109183948,7.034571690021892
23_20,0.3776397184709394,0.3919872200528486,SALAAN,122.11034386340499,7.0436165418180146
23_21,0.3855245302814445,0.3912464084014183,TOLOSA,122.11032661227613,7.05266139008201
23_22,0.3841981878406491,0.3918775545451214,TOLOSA,122.11030933845069,7.0617062348094235
23_23,0.3874132966969607,0.3935821904966695,TOLOSA,122.11029204192653,7.070751075995825
23_24,0.3841509755810257,0.3870864118608357,TOLOSA,122.11027472270142,7.079795913636756
23_25,0.3842700848943347,0.3830253680087944,TOLOSA,122.11025738077329,7.088840747727773
23_26,0.38207297679365915,0.3837441391017321,,122.11024001613984,7.097885578264443
23_27,0.38148412439464374,0.3771817404322836,,122.11022262879901,7.10693040524231
23_28,0.3804758877890391,0.37573083860882217,,122.11020521874852,7.115975228656942
23_29,0.37364329132244223,0.3646671111072231,,122.11018778598631,7.125020048503887
23_30,0.3677149520891149,0.36163657098780994,,122.1101703305101,7.134064864778704
23_31,0.3594859202436978,0.3514455580288312,BUNGUIAO,122.11015285231771,7.143109677476962
23_31,0.3594859202436978,0.3705329512107886,BUNGUIAO,122.11015285231771,7.143109677476962
23_31,0.372992507383124,0.3514455580288312,PASONANCA NATURAL PARK UNDER JURISDICTION OF ZAMBOANGA CITY,122.11015285231771,7.143109677476962
23_31,0.372992507383124,0.3705329512107886,PASONANCA NATURAL PARK UNDER JURISDICTION OF ZAMBOANGA CITY,122.11015285231771,7.143109677476962
23_32,0.3455395534858583,0.331750582350255,BUNGUIAO,122.11013535140697,7.152154486594203
23_33,0.3399207260876015,0.3309933471542032,BUNGUIAO,122.11011782777567,7.161199292126
23_34,0.35226944926746506,0.3518778819810237,,122.11010028142161,7.170244094067898
23_35,0.35226944926746506,0.3518778819810237,,122.1100827123426,7.179288892415468
23_36,0.35921104619055966,0.36422208974886777,,122.11006512053642,7.188333687164266
23_37,0.36133679992636136,0.3590598198230427,,122.1100475060009,7.197378478309853
24_3,0.26762986060138105,0.25826887789011543,,122.11968425623408,6.889870342585853
24_4,0.2778822160355261,0.2617798282220903,TALON TALON,122.11966756219626,6.898915272496491
24_5,0.2522729191565128,0.2533953226192486,TALON TALON,122.1196508457287,6.907960198946959
24_6,0.2451088364295504,0.2434968938917094,TALON TALON,122.11963410682937,6.917005121932827
24_7,0.245361531514511,0.2444235969908977,DIVISORIA,122.11961734549618,6.926050041449648
24_8,0.2382478673923103,0.217071465820158,BOALAN,122.11960056172704,6.935094957492959
24_9,0.224564489090636,0.1953905905328501,BOALAN,122.11958375551983,6.9441398700583195
24_10,0.2247410062539975,0.1932599947261107,BOALAN,122.11956692687244,6.953184779141288
24_11,0.2290160668255644,0.2169772510492076,BOALAN,122.11955007578274,6.962229684737399
24_12,0.2379353872112675,0.2424202056542317,BOALAN,122.11953320224866,6.97127458684222
24_13,0.2718585276923463,0.2684098230293155,SALAAN,122.11951630626803,6.980319485451303
24_14,0.3225227962557436,0.3052176791526316,SALAAN,122.1194993878388,6.989364380560192
24_15,0.3215759601001789,0.3025776650031303,SALAAN,122.11948244695884,6.998409272164447
24_16,0.3402244586186686,0.2955178919104627,TOLOSA,122.11946548362597,7.007454160259622
24_17,0.373841643143798,0.37305913552205,TOLOSA,122.11944849783809,7.016499044841271
24_18,0.3801416203643767,0.3941214315506672,TOLOSA,122.11943148959314,7.025543925904941
24_19,0.3830867221016612,0.3944390472638485,TOLOSA,122.1194144588889,7.0345888034462005
24_20,0.3800398032543595,0.3943416148302691,TOLOSA,122.11939740572323,7.043633677460595
24_21,0.3875139626676531,0.3927739334695034,TOLOSA,122.11938033009406,7.05267854794368
24_22,0.3895653772015769,0.3920248755138936,TOLOSA,122.11936323199923,7.061723414891018
24_23,0.3936041447496705,0.3940651987203862,TOLOSA,122.11934611143651,7.070768278298158
24_24,0.3891408707833944,0.3886238937539898,TOLOSA,122.11932896840389,7.079813138160661
24_25,0.3799599744214278,0.3692377813941178,TOLOSA,122.1193118028991,7.088857994474081
24_26,0.3825516141534646,0.390971571119707,TOLOSA,122.11929461492008,7.0979028472339785
24_27,0.3794322349180428,0.3883995631252057,TOLOSA,122.11927740446463,7.106947696435912
24_28,0.3838935599222003,0.3813291672708861,TOLOSA,122.1192601715306,7.115992542075436
24_29,0.3782265638712582,0.374889435747757,BUNGUIAO,122.11924291611584,7.125037384148108
24_30,0.3736179051919311,0.36422583645981,BUNGUIAO,122.11922563821815,7.134082222649492
24_31,0.3658296007007369,0.3558130705319484,BUNGUIAO,122.1192083378354,7.143127057575143
24_32,0.3514668168786902,0.3465724139801702,BUNGUIAO,122.11919101496537,7.15217188892062
24_33,0.3385190674622237,0.3309354208558748,BUNGUIAO,122.11917366960597,7.161216716681485
24_34,0.3615194311419679,0.3460411108617565,BUNGUIAO,122.11915630175497,7.1702615408533
24_34,0.3615194311419679,0.3681569205137012,BUNGUIAO,122.11915630175497,7.1702615408533
24_34,0.3491938289828941,0.3460411108617565,UNCLAIMED AREA UNDER JURISDICTION OF ZAMBOANGA CITY,122.11915630175497,7.1702615408533
24_34,0.3491938289828941,0.3681569205137012,UNCLAIMED AREA UNDER JURISDICTION OF ZAMBOANGA CITY,122.11915630175497,7.1702615408533
24_35,0.3562498235823253,0.3541483267270983,,122.11913891141016,7.1793063614316175
24_36,0.36133679992636136,0.3590598198230427,,122.11912149856944,7.188351178412008
24_37,0.3571368136582227,0.3533009305941074,,122.11910406323055,7.197395991790028
24_38,0.3746287107030744,0.3927143859934235,UNCLAIMED AREA UNDER JURISDICTION OF ZAMBOANGA CITY,122.1190866053913,7.206440801561238
25_3,0.26070282082808693,0.25642135640056835,,122.12873487279074,6.889886929272382
25_4,0.2704437736839039,0.2613136681017565,TALON TALON,122.12871835033283,6.898931881161184
25_5,0.2522622476868393,0.2546730456264341,MAMPANG,122.12870180567573,6.907976829590629
25_6,0.2501633057755835,0.2484496985223684,MAMPANG,122.12868523881741,6.917021774556269
25_7,0.2501572110188409,0.2498135536938896,ZAMBOWOOD,122.12866864975577,6.926066716053654
25_8,0.2532651125653961,0.2538989769777598,BOALAN,122.12865203848882,6.9351116540783435
25_9,0.2314013684639637,0.2393596092077787,BOALAN,122.12863540501435,6.944156588625879
25_10,0.2287187637069382,0.2368097848789899,BOALAN,122.12861874933036,6.953201519691822
25_11,0.2334660440111402,0.240578454279693,BOALAN,122.12860207143474,6.962246447271724
25_12,0.2417325067217995,0.2435550141351487,SALAAN,122.1285853713254,6.971291371361136
25_13,0.2461631873775084,0.2458532812121947,PASOBOLONG,122.12856864900023,6.980336291955612
25_14,0.2974440605326973,0.2769776478760413,LANZONES,122.12855190445717,6.989381209050713
25_15,0.3294206987005308,0.2998021543731664,LANZONES,122.12853513769413,6.998426122641986
25_16,0.3364127931929719,0.2923742004840856,LANZONES,122.12851834870895,7.0074710327249825
25_17,0.365777403847995,0.3353712354785622,TOLOSA,122.12850153749955,7.01651593929527
25_18,0.3764614964700735,0.3831597067778854,TOLOSA,122.12848470406381,7.025560842348397
25_19,0.3802846499102094,0.3932346255656386,TOLOSA,122.12846784839968,7.034605741879912
25_20,0.3769144649384024,0.3938504674257208,TOLOSA,122.12845097050501,7.04365063788539
25_21,0.3828520363798952,0.3927063334395752,TOLOSA,122.12843407037768,7.052695530360375
25_22,0.3794851958545219,0.3913090188756249,TOLOSA,122.12841714801553,7.061740419300422
25_23,0.3853780529668731,0.3926852338412524,TOLOSA,122.12840020341649,7.0707853047010945
25_24,0.3865001655948105,0.3879979066844102,TOLOSA,122.12838323657846,7.07983018655795
25_25,0.3809042472688976,0.3698491667041163,TOLOSA,122.12836624749924,7.088875064866543
25_26,0.3830096520632217,0.366477002963019,TOLOSA,122.12834923617677,7.097919939622429
25_27,0.3772731280851762,0.3421830326368248,TOLOSA,122.12833220260883,7.106964810821178
25_28,0.3782754660802296,0.3430644557805551,BUNGUIAO,122.1283151467934,7.116009678458341
25_29,0.3802570867235027,0.372947106750975,BUNGUIAO,122.12829806872827,7.12505454252948
25_30,0.3721681784841776,0.3636781494111739,BUNGUIAO,122.12828096841126,7.134099403030152
25_31,0.3651988826622359,0.3554631115905966,BUNGUIAO,122.12826384584032,7.143144259955919
25_32,0.3521566331944362,0.34075612079117257,,122.12824670101321,7.15218911330234
25_33,0.35300127807565085,0.35169540771815333,,122.12822953392788,7.16123396306498
25_34,0.3640498324751212,0.3456138883537448,DULIAN,122.12821234458207,7.170278809239398
25_34,0.3640498324751212,0.3681569205137012,DULIAN,122.12821234458207,7.170278809239398
25_34,0.3491938289828941,0.3456138883537448,UNCLAIMED AREA UNDER JURISDICTION OF ZAMBOANGA CITY,122.12821234458207,7.170278809239398
25_34,0.3491938289828941,0.3681569205137012,UNCLAIMED AREA UNDER JURISDICTION OF ZAMBOANGA CITY,122.12821234458207,7.170278809239398
25_35,0.3598225976619024,0.342345570884576,DULIAN,122.12819513297367,7.179323651821155
25_36,0.35552711827926275,0.34379538656456926,,122.12817789910056,7.18836849080581
25_37,0.35669471895932003,0.34344178772828776,,122.12816064296054,7.19741332618893
25_38,0.36364535555107624,0.36678328277737493,,122.1281433645514,7.206458157966075
25_39,0.3803641267805959,0.39417450680456045,,122.12812606387105,7.215502986132813
26_2,0.2607861955080259,0.25561968659673484,,122.13780184045383,6.880858367506088
26_3,0.26078619550802584,0.25561968659673484,,122.1377855115445,6.889903344600127
26_4,0.2559143000260346,0.2531801972173291,,122.13776916066854,6.898948318240036
26_5,0.2506529475776528,0.2509449174333125,MAMPANG,122.13775278782396,6.907993288421387
26_6,0.2535227386255699,0.2495823813250615,MAMPANG,122.13773639300872,6.917038255139724
26_7,0.2552362512267515,0.2525952190864681,MAMPANG,122.13771997622074,6.9260832183906
26_8,0.2532295617096235,0.2518088740068436,ZAMBOWOOD,122.13770353745802,6.935128178169567
26_9,0.2394558566391453,0.2483631001577745,ZAMBOWOOD,122.13768707671842,6.9441731344721855
26_10,0.2331821603638479,0.2471962767607799,MERCEDES,122.13767059399994,6.953218087293996
26_11,0.2365996105817222,0.2462701364608909,PASOBOLONG,122.13765408930047,6.962263036630569
26_12,0.2416600394012882,0.2445210722872209,PASOBOLONG,122.13763756261798,6.971307982477451
26_13,0.2406133816303318,0.2438451889377688,LANZONES,122.13762101395037,6.980352924830192
26_14,0.2616321525419268,0.2490576100493869,LANZONES,122.13760444329557,6.989397863684359
26_15,0.3145098195664936,0.2771461503225977,LANZONES,122.13758785065153,6.998442799035495
26_16,0.3318460122684637,0.2918410704120885,LANZONES,122.13757123601613,7.007487730879172
26_17,0.3450071307453565,0.2980115042755901,LANZONES,122.13755459938727,7.016532659210924
26_18,0.3466945787808893,0.2995553555033656,CACAO,122.13753794076297,7.0255775840263315
26_19,0.3463633878365716,0.2972354019984365,CACAO,122.13752126014103,7.034622505320934
26_20,0.3712360421531043,0.3763448611608599,TOLOSA,122.1375045575194,7.043667423090297
26_21,0.3816731422130691,0.3898190100782049,TOLOSA,122.13748783289604,7.052712337329975
26_22,0.3811948515574941,0.3903418986344398,TOLOSA,122.13747108626877,7.0617572480355335
26_23,0.3845987321580126,0.3902822430721486,TOLOSA,122.13745431763553,7.070802155202523
26_24,0.3823951688364677,0.3843187236184323,TOLOSA,122.13743752699416,7.079847058826498
26_25,0.3587986451973609,0.3404613137782791,BUNGUIAO,122.13742071434265,7.088891958903029
26_26,0.350798888068238,0.3253297500164026,BUNGUIAO,122.13740387967884,7.097936855427676
26_27,0.3572009541811533,0.3205541233189852,BUNGUIAO,122.13738702300058,7.106981748395986
26_28,0.3517202688083675,0.3268487881651775,BUNGUIAO,122.13737014430588,7.116026637803529
26_29,0.3599657466199865,0.3406825402028091,BUNGUIAO,122.13735324359249,7.125071523645861
26_30,0.3570238877166708,0.3277137489890664,BUNGUIAO,122.13733632085838,7.134116405918553
26_31,0.35176567986659146,0.334785918808074,,122.13731937610135,7.143161284617148
26_32,0.3397687982682941,0.3149965869972727,BUNGUIAO,122.13730240931932,7.152206159737223
26_33,0.34082094947015895,0.3262749208917783,,122.1372854205102,7.161251031274339
26_34,0.3400589429828125,0.3179318166861899,DULIAN,122.13726840967176,7.170295899224048
26_35,0.3405194998012749,0.3172466647170797,DULIAN,122.13725137680193,7.17934076358192
26_36,0.34644947285783745,0.3270248061186611,,122.13723432189862,7.188385624343519
26_37,0.35231287712310244,0.3415463113949007,,122.13721724495957,7.197430481504403
26_38,0.38267254168208076,0.3926806504599817,,122.13720014598273,7.2064753350601425
26_39,0.3803641267805959,0.39417450680456045,,122.13718302496592,7.215520185006298
26_40,0.3827853090545366,0.3954878022322529,,122.13716588190704,7.224565031338435
26_41,0.3874784568746309,0.395946919077209,,122.13714871680384,7.233609874052111
27_2,0.2572879089307304,0.2539052765524728,,122.14685232982062,6.880874589949733
27_3,0.2572879089307304,0.2539052765524728,,122.14683617226478,6.889919588567034
27_5,0.2526897925562074,0.2493869736000809,MAMPANG,122.14680379194289,6.908009575437195
27_6,0.2670659736570983,0.266247669136371,MAMPANG,122.14678756917276,6.917054563681148
27_7,0.2597161357184382,0.2801356949686386,MAMPANG,122.14677132466055,6.9260995484584305
27_8,0.2532705881698094,0.251928805741281,MERCEDES,122.1467550584041,6.935144529764588
27_9,0.2459195191516982,0.2492240569106264,MERCEDES,122.14673877040143,6.944189507595175
27_10,0.2462421273990289,0.2492882500600333,MERCEDES,122.1467224606505,6.953234481945758
27_11,0.2458761030430974,0.2478576290351823,MERCEDES,122.14670612914925,6.962279452811877
27_12,0.2406974049208869,0.2441174391201877,CULIANAN,122.14668977589567,6.971324420189101
27_13,0.2458464361299156,0.2443496620902876,CULIANAN,122.14667340088765,6.9803693840729775
27_14,0.2614946348757521,0.2503638508093518,CULIANAN,122.14665700412318,6.989414344459062
27_15,0.3007107346941372,0.2560705022678933,LANZONES,122.14664058560024,6.99845930134292
27_16,0.3221748141633642,0.2910500227744391,GUISAO,122.14662414531672,7.0075042547201
27_17,0.3251951187319029,0.2957314300367706,CACAO,122.14660768327056,7.0165492045861635
27_18,0.3253682757712262,0.2959095443919638,CACAO,122.1465911994597,7.025594150936665
27_19,0.3342972033399558,0.2966348845511172,CACAO,122.14657469388207,7.03463909376717
27_20,0.350899302653126,0.3161679228816604,TOLOSA,122.14655816653563,7.0436840330732275
27_21,0.3773077432363064,0.3763828306721253,TOLOSA,122.1465416174183,7.052728968850405
27_22,0.3842376017979404,0.3889164796278799,LAPAKAN,122.14652504652796,7.061773901094256
27_23,0.3796673344861273,0.3881370558440139,TOLOSA,122.14650845386257,7.07081882980034
27_24,0.3797010540895721,0.3870490894592712,LAMISAHAN,122.14649183942007,7.079863754964219
27_25,0.3737123225081328,0.3730988297738316,BUNGUIAO,122.14647520319835,7.088908676581457
27_26,0.3340383062397959,0.3171344891964247,BUNGUIAO,122.14645854519534,7.097953594647602
27_27,0.3282624840976367,0.3177704446496789,BUNGUIAO,122.14644186540889,7.106998509158228
27_28,0.3316817155448634,0.3192974896232811,BUNGUIAO,122.14642516383698,7.116043420108892
27_29,0.3296274727009542,0.3187073834986796,BUNGUIAO,122.14640844047747,7.125088327495153
27_30,0.3320585306824392,0.313109169200646,BUNGUIAO,122.14639169532835,7.134133231312574
27_31,0.3246686522015787,0.3120779970522604,BUNGUIAO,122.1463749283874,7.1431781315567235
27_32,0.3362762438348954,0.3158314993237867,BUNGUIAO,122.14635813965255,7.152223028223152
27_33,0.3342617327945368,0.31385772110032456,,122.14634132912174,7.1612679213074335
27_34,0.3388069332818989,0.314457780937941,DULIAN,122.14632449679286,7.170312810805127
27_35,0.3444529541552274,0.3192884286926151,DULIAN,122.14630764266373,7.179357696711795
27_36,0.36152466977218206,0.3619066468636372,,122.1462907667323,7.1884025790230055
27_37,0.36650927180296405,0.37615682973859177,,122.14627386899647,7.197447457734319
27_38,0.38091818904963637,0.3951636995751108,,122.14625694945403,7.206492332841305
27_39,0.3802143856959795,0.39384571945075725,,122.14624000810291,7.215537204339521
27_40,0.38002111571754116,0.3915628022648151,,122.146223044941,7.224582072224541
27_41,0.3910836349161614,0.3957156290421501,,122.14620605996615,7.233626936491927
27_42,0.3796779142258301,0.4035744422828089,CURUAN,122.14618905317624,7.24267179713724
27_43,0.3832414777749219,0.4041392921689026,CURUAN,122.14617202456908,7.251716654156057
27_44,0.3881664439806617,0.4046536243617137,CURUAN,122.14615497414265,7.260761507543941
27_45,0.3901113474551653,0.4048799679330073,CURUAN,122.14613790189468,7.269806357296453
28_2,0.2623775373816109,0.25743392597982406,,122.15590284092146,6.880890641257587
28_3,0.2647266229992774,0.2596344509121109,,122.15588685472116,6.889935661171113
28_5,0.2603907831490486,0.25320777800078,MAMPANG,122.15585481780195,6.908025690636025
28_6,0.2821892017722366,0.4167694937954035,ARENA BLANCO,122.15583876707899,6.917070700178523
28_6,0.2821892017722366,0.2723162927631907,ARENA BLANCO,122.15583876707899,6.917070700178523
28_6,0.2777103899412419,0.4167694937954035,,122.15583876707899,6.917070700178523
28_6,0.2777103899412419,0.2723162927631907,,122.15583876707899,6.917070700178523
28_7,0.2659997703213403,0.2946200290036033,MERCEDES,122.15582269484445,6.926115706255117
28_7,0.2659997703213403,0.3173838842992507,MERCEDES,122.15582269484445,6.926115706255117
28_7,0.2615997293387543,0.2946200290036033,,122.15582269484445,6.926115706255117
28_7,0.2615997293387543,0.3173838842992507,,122.15582269484445,6.926115706255117
28_8,0.2578345888060442,0.2554156967973137,MERCEDES,122.15580660109636,6.9351607088613685
28_8,0.2578345888060442,0.3038722587042072,MERCEDES,122.15580660109636,6.9351607088613685
28_8,0.2463193943061719,0.2554156967973137,,122.15580660109636,6.9351607088613685
28_8,0.2463193943061719,0.3038722587042072,,122.15580660109636,6.9351607088613685
28_9,0.2605371274005,0.2600523059544024,MERCEDES,122.15579048583267,6.944205707992828
28_10,0.2624931438249506,0.2630982423218039,MERCEDES,122.15577434905136,6.953250703645061
28_11,0.2672016947103793,0.2633547676721812,MERCEDES,122.15575819075036,6.962295695813613
28_12,0.2556481657795107,0.2534558002469649,CULIANAN,122.15574201092774,6.971340684494044
28_13,0.2562698028859278,0.2526002686828756,CULIANAN,122.15572580958141,6.980385669681917
28_14,0.2675524138788546,0.2536483005814393,GUISAO,122.15570958670936,6.98943065137278
28_15,0.2875072492433602,0.2512230532472245,GUISAO,122.15569334230953,6.998475629562197
28_16,0.3117211079132418,0.2774392610462682,GUISAO,122.15567707637993,7.007520604245727
28_17,0.3257433624551945,0.2947910265254212,CACAO,122.1556607889185,7.016565575418924
28_18,0.3225763923078021,0.2964205891310346,CACAO,122.15564447992318,7.025610543077351
28_19,0.3284335760635999,0.2986675044592159,LAPAKAN,122.15562814939194,7.034655507216562
28_20,0.3467680276935695,0.298581046870049,LAPAKAN,122.15561179732275,7.043700467832125
28_21,0.3699160277091832,0.3184959139523333,LAPAKAN,122.15559542371354,7.05274542491959
28_22,0.381684536277603,0.3828063761755549,LAMISAHAN,122.15557902856222,7.061790378474522
28_23,0.3800215619752406,0.3866959163723003,LAMISAHAN,122.15556261186681,7.07083532849248
28_24,0.3790729643339135,0.3872033535946978,LAMISAHAN,122.1555461736252,7.079880274969035
28_25,0.3776044724054187,0.380086051074093,BUNGUIAO,122.15552971383534,7.088925217899726
28_26,0.3408005791190844,0.3380229368807202,BUNGUIAO,122.15551323249518,7.097970157280141
28_27,0.3406802163082727,0.3274609490562872,BUNGUIAO,122.15549672960265,7.107015093105823
28_28,0.3374818586225261,0.3253559416174146,BUNGUIAO,122.15548020515568,7.116060025372339
28_29,0.3217125609766761,0.3149834067429339,BUNGUIAO,122.15546365915216,7.12510495407526
28_30,0.3221471797031877,0.3119838833758718,BUNGUIAO,122.15544709159008,7.134149879210136
28_31,0.3244132359699531,0.31207098714265624,,122.15543050246731,7.1431948007725365
28_32,0.3242492064543126,0.3116800670789257,DULIAN,122.15541389178179,7.1522397187580316
28_33,0.3322074821332829,0.3123226711636969,DULIAN,122.15539725953141,7.161284633162171
28_34,0.3379624761770622,0.3129393942024856,DULIAN,122.15538060571417,7.170329543980534
28_35,0.339503280894231,0.3219653121142327,CURUAN,122.15536393032787,7.179374451208677
28_36,0.3473933696879702,0.3383115496128449,CURUAN,122.15534723337046,7.188419354842162
28_36,0.3473933696879702,0.4068108531999406,CURUAN,122.15534723337046,7.188419354842162
28_36,0.3841918276648712,0.3383115496128449,UNCLAIMED AREA UNDER JURISDICTION OF ZAMBOANGA CITY,122.15534723337046,7.188419354842162
28_36,0.3841918276648712,0.4068108531999406,UNCLAIMED AREA UNDER JURISDICTION OF ZAMBOANGA CITY,122.15534723337046,7.188419354842162
28_37,0.3693759643091373,0.390539343067388,CURUAN,122.15533051483989,7.197464254876564
28_38,0.3738800052799922,0.3910704492244074,CURUAN,122.15531377473395,7.206509151307443
28_39,0.3977390140590999,0.4051296315690694,CURUAN,122.15529701305071,7.215554044130371
28_39,0.3977390140590999,0.38394944244562,CURUAN,122.15529701305071,7.215554044130371
28_39,0.3658569475408527,0.4051296315690694,UNCLAIMED AREA UNDER JURISDICTION OF ZAMBOANGA CITY,122.15529701305071,7.215554044130371
28_39,0.3658569475408527,0.38394944244562,UNCLAIMED AREA UNDER JURISDICTION OF ZAMBOANGA CITY,122.15529701305071,7.215554044130371
28_40,0.4012673679825739,0.4029828419936076,CURUAN,122.15528022978789,7.224598933340904
28_40,0.4012673679825739,0.38394944244562,CURUAN,122.15528022978789,7.224598933340904
28_40,0.3658569475408527,0.4029828419936076,UNCLAIMED AREA UNDER JURISDICTION OF ZAMBOANGA CITY,122.15528022978789,7.224598933340904
28_40,0.3658569475408527,0.38394944244562,UNCLAIMED AREA UNDER JURISDICTION OF ZAMBOANGA CITY,122.15528022978789,7.224598933340904
28_41,0.4073485768489762,0.4041219760430936,CURUAN,122.15526342494351,7.233643818934619
28_42,0.3910361841590691,0.4047986113272558,CURUAN,122.15524659851539,7.242688700907077
28_43,0.3879819195287461,0.404604083989678,CURUAN,122.15522975050143,7.2517335792538455
28_44,0.3874099873073296,0.4047123963779239,CURUAN,122.15521288089955,7.260778453970497
28_45,0.3895978318412132,0.4049477895971247,CURUAN,122.15519598970762,7.269823325052602
29_3,0.2710338738381942,0.2927993661845291,,122.16493755868309,6.889951562410349
29_4,0.2760379933152011,0.32627587022359367,,122.16492172256528,6.898996599941234
29_6,0.2760379933152012,0.32627587022359367,,122.16488998649673,6.917086664629835
29_8,0.2654068217613156,0.267018112049742,MERCEDES,122.16485816530424,6.935176715457902
29_9,0.277368593877458,0.3002467911913629,TALABAAN,122.16484222278152,6.9442217356631275
29_10,0.2904104710174626,0.3107205993693999,TALABAAN,122.16482625897184,6.953266752389894
29_11,0.301110824027821,0.3028066669057305,MERCEDES,122.16481027387317,6.962311765633753
29_12,0.2888183109163605,0.2886278560182024,MERCEDES,122.16479426748349,6.97135677539027
29_13,0.2811247256540971,0.2789141878649548,CULIANAN,122.1647782398009,6.98040178165499
29_14,0.2681174285097883,0.2642562396130515,GUISAO,122.16476219082327,6.989446784423485
29_15,0.2703265517171171,0.2579977496907177,CABALUAY,122.16474612054864,6.998491783691307
29_16,0.2875031493800763,0.2639274228874221,CACAO,122.16473002897499,7.0075367794540195
29_17,0.3219718012528301,0.2918429271505017,CACAO,122.1647139161003,7.016581771707176
29_18,0.3305191411013323,0.29688665679548,LAPAKAN,122.16469778192257,7.025626760446343
29_19,0.3395821948545675,0.2984247663070408,LAPAKAN,122.16468162643976,7.034671745667077
29_20,0.3483805643283611,0.2981227630614098,LAPAKAN,122.16466544964987,7.043716727364937
29_21,0.3655452951310862,0.3074324400635909,LAPAKAN,122.1646492515508,7.052761705535486
29_22,0.3788618782256352,0.3516490188200109,LAMISAHAN,122.1646330321406,7.0618066801742865
29_23,0.3754267271409616,0.3748736491882704,LAMISAHAN,122.1646167914172,7.0708516512769
29_24,0.3685427152320879,0.3816563684162091,LAMISAHAN,122.16460052937856,7.079896618838884
29_25,0.3787230120633239,0.3837199638271858,BUNGUIAO,122.16458424602267,7.088941582855809
29_26,0.3669776327234997,0.3634496323600228,BUNGUIAO,122.16456794134743,7.097986543323228
29_27,0.3435267343607063,0.3308893917303863,BUNGUIAO,122.16455161535087,7.107031500236709
29_28,0.335871748307909,0.3223378333610076,BUNGUIAO,122.1645352680309,7.116076453591819
29_29,0.3203066779798841,0.3211215939030318,DULIAN,122.16451889938544,7.125121403384115
29_30,0.3193179885526613,0.3120781939741535,DULIAN,122.1645025094125,7.134166349609163
29_31,0.3189426108082475,0.3115038190055773,DULIAN,122.16448609810998,7.1432112922625315
29_32,0.3201673901839608,0.3115076305580244,DULIAN,122.16446966547586,7.152256231339781
29_33,0.3218330468404464,0.3116452465089163,DULIAN,122.16445321150802,7.1613011668364805
29_34,0.3311790938056968,0.3144818400675627,,122.16443673620448,7.170346098748185
29_35,0.3419820221694151,0.3242554219352363,CURUAN,122.16442023956307,7.179391027070476
29_36,0.3495375221788209,0.3381419573954075,CURUAN,122.1644037215818,7.188435951798911
29_37,0.3611706418395154,0.3667643022867372,CURUAN,122.1643871822586,7.197480872929055
29_38,0.3690251837155528,0.3911648587180114,CURUAN,122.16437062159133,7.206525790456476
29_39,0.3891848144487692,0.4012083002864923,CURUAN,122.16435403957797,7.215570704376747
29_40,0.3979993996775455,0.4028547085006622,CURUAN,122.16433743621643,7.224615614685427
29_41,0.4038525508263982,0.4033577231708778,CURUAN,122.16432081150458,7.2336605213780905
29_42,0.4009659280406853,0.405089804439431,CURUAN,122.16430416544041,7.242705424450306
29_43,0.3894795639933758,0.4039268203057311,CURUAN,122.16428749802175,7.251750323897641
29_44,0.3907557986806883,0.4053451730189754,CURUAN,122.16427080924655,7.260795219715657
29_45,0.38947090585555444,0.4047624294465525,,122.16425409911274,7.269840111899929
29_50,0.3944954083240332,0.40007969989539943,,122.16417022799057,7.315064518160118
29_51,0.393114244775033,0.3999774541071349,,122.16415338966078,7.324109388448911
29_52,0.3923301567864332,0.40567136877876575,,122.16413652995762,7.333154255072959
29_53,0.3928762290867317,0.40563534275799046,,122.16411964887894,7.342199118027833
29_54,0.38907945654925113,0.40123087871602314,,122.16410274642269,7.351243977309104
29_55,0.38756245381041826,0.3885521618828326,,122.16408582258666,7.360288832912345
29_56,0.3884943290863449,0.3890568295304852,,122.1640688773688,7.369333684833133
29_57,0.3888607463605494,0.3824160842026866,,122.16405191076693,7.378378533067037
30_3,0.2760379933152011,0.32627587022359367,,122.17398828391998,6.889967292282772
30_8,0.2806713448123971,0.3050722253242246,,122.1739097507971,6.935192549552198
30_9,0.3080374850922974,0.3538934672489792,TALABAAN,122.17389398101737,6.944237590604081
30_10,0.3062244290247424,0.3487870593337254,TALABAAN,122.17387819018131,6.953282628178265
30_11,0.3051997823353516,0.3487646378720855,TALABAAN,122.17386237828693,6.962327662270309
30_12,0.3149204658833472,0.3233057258406573,TALABAAN,122.1738465453323,6.971372692875763
30_13,0.3063228567712047,0.3039106428333117,CABALUAY,122.17383069131535,6.980417719990201
30_14,0.275900551252887,0.2938583680818453,CABALUAY,122.17381481623417,6.989462743609171
30_15,0.267098238375627,0.2703499762967873,CABALUAY,122.17379892008677,6.998507763728246
30_16,0.276667065554853,0.2721732757849852,CACAO,122.17378300287109,7.007552780342965
30_17,0.294437820968365,0.299086511351424,LAPAKAN,122.17376706458519,7.016597793448913
30_18,0.3218914585306445,0.3063955216636261,LAPAKAN,122.17375110522707,7.025642803041628
30_19,0.3370534317517828,0.2988787180300955,LAPAKAN,122.17373512479469,7.03468780911669
30_20,0.3408149900617436,0.2977811101123794,VICTORIA,122.1737191232861,7.043732811669654
30_21,0.3473795979425768,0.3128129848251196,LAPAKAN,122.17370310069927,7.052777810696076
30_22,0.3529484541402128,0.3153825501559447,LAMISAHAN,122.17368705703221,7.061822806191522
30_23,0.3583396241543202,0.3174454712393011,LAMISAHAN,122.17367099228281,7.07086779815156
30_24,0.3653909469844473,0.3301961878365257,LAMISAHAN,122.1736549064492,7.079912786571751
30_25,0.3630181515436078,0.3513778009167417,BUNGUIAO,122.1736387995293,7.0889577714476495
30_26,0.3612505625978724,0.3256102332549397,BUNGUIAO,122.17362267152103,7.098002752774829
30_27,0.3488496175602381,0.315865838945255,BUNGUIAO,122.1736065224225,7.107047730548852
30_28,0.3319787929558006,0.3206346006203258,BUNGUIAO,122.17359035223154,7.11609270476528
30_29,0.3141493462867355,0.3123407780858674,DULIAN,122.17357416094622,7.125137675419675
30_30,0.3145732920104815,0.311083872856601,DULIAN,122.1735579485645,7.134182642507616
30_31,0.3187690960580155,0.3120832050705109,DULIAN,122.1735417150843,7.14322760602465
30_32,0.3148457612667215,0.3114976349689025,DULIAN,122.17352546050358,7.152272565966354
30_33,0.3182818754176397,0.3112996604547759,DULIAN,122.17350918482036,7.16131752232829
30_34,0.3219104417082777,0.3112464665274783,DULIAN,122.17349288803258,7.170362475106034
30_35,0.3364846445433486,0.3187650588754561,CURUAN,122.1734765701382,7.17940742429514
30_36,0.3515884388739101,0.341962351963436,CURUAN,122.17346023113512,7.188452369891178
30_37,0.3589759251026708,0.3734660761601893,CURUAN,122.17344387102135,7.1974973118897205
30_38,0.3638081171144348,0.3909611949300052,CURUAN,122.1734274897948,7.206542250286332
30_39,0.3945483114413689,0.4028048287615746,CURUAN,122.17341108745343,7.215587185076584
30_40,0.3994467021707949,0.4041247293825663,CURUAN,122.17339466399524,7.224632116256042
30_41,0.3993289163946799,0.4054361949652261,CURUAN,122.17337821941803,7.233677043820275
30_42,0.3908665957303496,0.3999585777594198,CURUAN,122.17336175371983,7.2427219677648536
30_43,0.3866412087614629,0.3993034884301861,CURUAN,122.1733452668986,7.251766888085346
30_44,0.39109412094922946,0.40314281741175717,,122.1733287589522,7.260811804777327
30_45,0.3911678880407021,0.40459839938927544,,122.17331222987859,7.269856717836362
30_46,0.39339945893219275,0.4068686438473302,,122.1732956796757,7.278901627258021
30_47,0.39069460857927174,0.40611758608056003,,122.17327910834143,7.28794653303788
30_48,0.39069460857927174,0.40611758608056003,,122.17326251587374,7.2969914351715115
30_49,0.3921025318395983,0.3936077661871734,,122.17324590227051,7.306036333654475
30_50,0.3941802459600825,0.394388032447097,,122.17322926752966,7.315081228482359
30_51,0.3944954083240332,0.40007969989539943,,122.17321261164913,7.324126119650727
30_52,0.393114244775033,0.3999774541071349,,122.17319593462678,7.333171007155154
30_53,0.392893991838436,0.4061473473408483,SIBULAO,122.17317923646057,7.342215890991213
30_54,0.3891604098224287,0.4052102671882036,SIBULAO,122.17316251714836,7.351260771154479
30_55,0.38756245381041826,0.3885521618828326,,122.17314577668807,7.360305647640528
30_56,0.3762366246640676,0.3945761471875589,SIBULAO,122.17312901507762,7.369350520444922
30_56,0.3762366246640676,0.3741991239254207,SIBULAO,122.17312901507762,7.369350520444922
30_56,0.3980893049507638,0.3945761471875589,UNCLAIMED AREA UNDER JURISDICTION OF ZAMBOANGA CITY,122.17312901507762,7.369350520444922
30_56,0.3980893049507638,0.3741991239254207,UNCLAIMED AREA UNDER JURISDICTION OF ZAMBOANGA CITY,122.17312901507762,7.369350520444922
30_57,0.3888607463605494,0.3824160842026866,,122.17311223231486,7.378395389563256
30_58,0.3888607463605493,0.3824160842026866,,122.1730954283977,7.387440254991092
30_59,0.3848030611352089,0.3663924982713894,,122.17307860332403,7.396485116724003
30_60,0.37377214972391487,0.35828837609411995,,122.17306175709173,7.405529974757571
31_5,0.2760379933152011,0.32627587022359367,,122.18300802351415,6.908073005310758
31_6,0.2770412010376545,0.32903793703338613,,122.18299248894469,6.917118077386374
31_9,0.30245830959634,0.35953651893990696,,122.18294576030951,6.944253272813721
31_10,0.3132172484066078,0.4060263135583647,TALABAAN,122.18293014244905,6.9532983310082
31_11,0.3074437915805945,0.3887289633671024,TALABAAN,122.18291450376097,6.962343385721292
31_12,0.3247462400502637,0.3220555704796348,TALABAAN,122.18289884424331,6.971388436948562
31_13,0.3115305036113089,0.3127094610990026,CABALUAY,122.18288316389409,6.980433484685565
31_14,0.2758862632243896,0.2916643827940603,CABALUAY,122.18286746271131,6.989478528927862
31_15,0.265117670434168,0.2686361825795447,CABALUAY,122.1828517406931,6.998523569671013
31_16,0.2714452436775988,0.2683637826422665,CABALUAY,122.18283599783743,7.007568606910586
31_17,0.2900327403500297,0.31189545768597,MANICAHAN,122.18282023414228,7.016613640642129
31_18,0.3100256877392842,0.3186461265712687,MANICAHAN,122.18280444960577,7.025658670861223
31_19,0.3213457724312363,0.3129558422274042,MANICAHAN,122.18278864422588,7.034703697563414
31_20,0.3347460714344039,0.2936628059755218,VICTORIA,122.18277281800059,7.043748720744266
31_21,0.33732425949836,0.3036003689774618,LAMISAHAN,122.18275697092794,7.052793740399352
31_22,0.3407759578095147,0.3154019050465192,LAMISAHAN,122.18274110300602,7.061838756524229
31_23,0.3400995490414539,0.3222338646320108,LAMISAHAN,122.18272521423275,7.070883769114464
31_24,0.3526453338379381,0.3144380018522047,SANGALI,122.18270930460613,7.079928778165612
31_25,0.3476051161366577,0.314266746651432,BUNGUIAO,122.18269337412421,7.088973783673252
31_26,0.3423413265718087,0.3133130593135468,BUNGUIAO,122.18267742278498,7.098018785632931
31_27,0.3383805283379209,0.3124739395465802,BUNGUIAO,122.18266145058647,7.107063784040229
31_28,0.3330719778593102,0.3117773561179775,BUNGUIAO,122.18264545752659,7.116108778890708
31_29,0.3131526526897822,0.3043826933203807,DULIAN,122.18262944360342,7.125153770179927
31_30,0.3087838344769228,0.3045252056014367,DULIAN,122.18261340881493,7.13419875790346
31_31,0.306417975820309,0.3083323772042154,DULIAN,122.18259735315905,7.1432437420568675
31_32,0.3106513015514547,0.3091245041545783,DULIAN,122.18258127663384,7.152288722635723
31_33,0.3105722917009492,0.3146758438351969,DULIAN,122.1825651792373,7.161333699635591
31_34,0.3166332243139747,0.3098627293373465,DULIAN,122.18254906096733,7.170378673052033
31_35,0.3203925177370518,0.3147782005021712,CURUAN,122.18253292182197,7.179423642880624
31_36,0.3478905167248684,0.3398121520460542,CURUAN,122.18251676179918,7.188468609116933
31_37,0.3590787057088087,0.3721039864101367,CURUAN,122.18250058089687,7.197513571756522
31_38,0.3755816705130096,0.3944006484366972,CURUAN,122.18248437911309,7.2065585307949656
31_39,0.3926514122692116,0.4046911127818502,CURUAN,122.18246815644581,7.21560348622783
31_40,0.397197310693862,0.4055018330257192,CURUAN,122.18245191289294,7.224648438050691
31_41,0.3985619928883945,0.4039231142316191,CURUAN,122.18243564845245,7.233693386259107
31_42,0.3979693117753669,0.4049805863036007,CURUAN,122.18241936312236,7.242738330848663
31_43,0.3977274375802707,0.4071800275444736,CURUAN,122.18240305690058,7.251783271814918
31_44,0.39726338563185076,0.40706892054912946,,122.18238672978502,7.260828209153447
31_45,0.3971685845569297,0.40700019145126076,,122.18237038177372,7.2698731428598204
31_46,0.3950457303781203,0.40786873669479695,,122.18235401286458,7.278918072929617
31_47,0.39252632756616157,0.40576142266652526,,122.18233762305556,7.287962999358398
31_48,0.39252632756616157,0.4057614226665254,,122.18232121234453,7.297007922141739
31_49,0.39111031360590537,0.3940672292705337,,122.18230478072954,7.306052841275225
31_50,0.39382247487218836,0.394762325288193,,122.18228832820847,7.315097756754411
31_51,0.39512985546983204,0.3942852126907882,,122.1822718547793,7.324142668574882
31_52,0.39512985546983204,0.3942852126907882,,122.18225536043987,7.333187576732211
31_53,0.3976420393871835,0.4056332485593042,SIBULAO,122.18223884518818,7.34223248122197
31_54,0.3890169514705596,0.4056444846759459,SIBULAO,122.18222230902215,7.351277382039729
31_55,0.3956677529150509,0.4055413660256501,SIBULAO,122.18220575193968,7.360322279181073
31_56,0.3938197862020616,0.4077336054264669,SIBULAO,122.18218917393872,7.369367172641578
31_57,0.3956518725730839,0.3745298787874735,VITALI,122.18217257501718,7.378412062416805
31_58,0.3900943403706085,0.37784557835888444,,122.18215595517296,7.387456948502346
31_59,0.3848030611352089,0.3663924982713894,,122.182139314404,7.39650183089377
31_60,0.37377214972391487,0.35828837609412,,122.18212265270813,7.405546709586659
31_61,0.3673633900250633,0.350468204988992,VITALI,122.18210597008336,7.414591584576582
31_62,0.36201552026346073,0.3509485014620408,,122.18208926652756,7.423636455859122
32_7,0.32994876405905865,0.3558673830589834,,122.19202838841004,6.926178614690632
32_8,0.3299487640590587,0.3558673830589834,,122.19201298471522,6.9352237002262465
32_13,0.3378533909811439,0.32667556392802505,,122.1919356573063,6.980449075739126
32_14,0.285769855990407,0.2932739850705858,CABALUAY,122.19192013002397,6.989494140377591
32_14,0.285769855990407,0.3670601941999755,CABALUAY,122.19192013002397,6.989494140377591
32_14,0.4030983696567983,0.2932739850705858,,122.19192013002397,6.989494140377591
32_14,0.4030983696567983,0.3670601941999755,,122.19192013002397,6.989494140377591
32_15,0.2768916781929877,0.2816240729045655,CABALUAY,122.1919045821369,6.998539201517661
32_16,0.2735965434692004,0.2949080512131733,MANICAHAN,122.19188901364316,7.0075842591549
32_17,0.2895664415224586,0.3232640069799346,MANICAHAN,122.19187342454082,7.016629313284876
32_18,0.3060723704177622,0.3249290051481384,MANICAHAN,122.19185781482787,7.02567436390314
32_19,0.3168419685467222,0.3189539693773737,MANICAHAN,122.19184218450242,7.034719411005266
32_20,0.3301399640048474,0.2898735407315848,VICTORIA,122.19182653356243,7.043764454586809
32_21,0.3291582729755559,0.2767406892887932,LAMISAHAN,122.19181086200601,7.052809494643344
32_22,0.3268382920371493,0.3182021377338283,LAMISAHAN,122.19179516983118,7.0618545311704235
32_23,0.3229706971556905,0.3596849778213654,SANGALI,122.19177945703596,7.070899564163618
32_24,0.3281596849844357,0.3484250526981114,SANGALI,122.19176372361838,7.079944593618494
32_25,0.3387421919362143,0.3217478311550515,BUNGUIAO,122.19174796957647,7.088989619530612
32_26,0.3313494624810727,0.31420174811364,BUNGUIAO,122.19173219490825,7.098034641895546
32_27,0.3310705739627016,0.3138255266076276,BUNGUIAO,122.19171639961172,7.10707966070885
32_28,0.3393005992854118,0.3141576205026756,BUNGUIAO,122.19170058368496,7.1161246759661
32_29,0.3257327276076303,0.3084001002456312,DULIAN,122.19168474712593,7.125169687662864
32_30,0.3142525338204703,0.306292070001175,DULIAN,122.1916688899327,7.134214695794699
32_31,0.3118917303640028,0.3066238389229457,DULIAN,122.19165301210323,7.1432597003571825
32_32,0.3102807354118372,0.3156958768096752,DULIAN,122.19163711363552,7.152304701345877
32_33,0.3113484181206299,0.3408752975287392,DULIAN,122.19162119452761,7.161349698756353
32_34,0.3038021995123763,0.3036067468826393,QUINIPUT,122.1916052547775,7.17039469258418
32_35,0.3169463038864397,0.3047794109241716,QUINIPUT,122.19158929438315,7.1794396828249205
32_36,0.3446480142814124,0.3305611219617405,CURUAN,122.19157331334263,7.188484669474149
32_37,0.3556905768794638,0.3717956212923888,CURUAN,122.1915573116539,7.1975296525274395
32_38,0.3766289832796957,0.4025808426310885,CURUAN,122.19154128931494,7.206574631980355
32_39,0.3933018931352324,0.4055520461721438,CURUAN,122.19152524632372,7.215619607828465
32_40,0.3931403977135641,0.4052332255377502,CURUAN,122.19150918267829,7.224664580067349
32_41,0.3946139757834013,0.4061603195188798,LATUAN,122.19149309837655,7.233709548692569
32_42,0.3966738862950427,0.4085166921732694,CURUAN,122.19147699341657,7.2427545136996985
32_43,0.4027146049857878,0.409523226528361,LATUAN,122.19146086779625,7.251799475084311
32_44,0.399868639904962,0.4098691346482671,LATUAN,122.19144472151366,7.260844432841982
32_45,0.3993650369267706,0.4094687255943596,CALABASA,122.1914285545667,7.269889386968273
32_46,0.3950457303781203,0.407868736694797,,122.19141236695336,7.278934337458771
32_47,0.39252632756616157,0.4057614226665254,,122.19139615867158,7.287979284309041
32_48,0.3901586165826697,0.4038236106225165,,122.19137992971936,7.2970242275146555
32_49,0.38990529742742586,0.4023355864391955,,122.19136368009465,7.306069167071192
32_50,0.39382247487218824,0.394762325288193,,122.19134740979543,7.315114102974221
32_51,0.39382247487218836,0.394762325288193,,122.19133111881963,7.324159035219322
32_52,0.3929373914135582,0.4057214961295267,SIBULAO,122.19131480716523,7.333203963802069
32_52,0.3929373914135582,0.3771749113177917,SIBULAO,122.19131480716523,7.333203963802069
32_52,0.3960662275674301,0.4057214961295267,UNCLAIMED AREA UNDER JURISDICTION OF ZAMBOANGA CITY,122.19131480716523,7.333203963802069
32_52,0.3960662275674301,0.3771749113177917,UNCLAIMED AREA UNDER JURISDICTION OF ZAMBOANGA CITY,122.19131480716523,7.333203963802069
32_53,0.3953506483750339,0.4055706105383501,SIBULAO,122.19129847483012,7.342248888718033
32_54,0.3909009182766659,0.4055522534429815,SIBULAO,122.19128212181235,7.351293809962796
32_55,0.391951763032582,0.40619970077196105,,122.1912657481098,7.3603387275319285
32_56,0.3937102752985171,0.4088031926579564,SIBULAO,122.19124935372042,7.369383641421014
32_57,0.3918933990773252,0.3735425050588933,VITALI,122.19123293864216,7.378428551625622
32_58,0.3927410103915389,0.373688986778361,VITALI,122.19121650287296,7.387473458141329
32_59,0.3763656336090331,0.3597329157432273,VITALI,122.19120004641076,7.396518360963726
32_60,0.3684266543733246,0.353881963838889,,122.19118356925347,7.405563260088368
32_61,0.3654598175248703,0.3524246181222065,,122.19116707139908,7.414608155510858
32_62,0.3608691848055185,0.3504202294473107,VITALI,122.1911505528454,7.423653047226757
32_63,0.3543000434813725,0.3497509602118804,VITALI,122.19113401359047,7.432697935231654
33_6,0.32994876405905865,0.35586738305898347,,122.20109507467187,6.917148801935165
33_7,0.3554009905033551,0.36699633147273475,,122.20107986385582,6.9261939111019375
33_8,0.36380838446721087,0.3913385017362068,,122.20106463267925,6.9352390168021225
33_9,0.36380838446721087,0.3913385017362068,,122.20104938114021,6.944284119031288
33_10,0.36715013545880415,0.38497092238233793,,122.2010341092368,6.953329217784992
33_16,0.2838093311657337,0.3242595746119789,MANICAHAN,122.20094205005755,7.00759973707398
33_17,0.2922678954226979,0.3271326804218583,MANICAHAN,122.20092663554989,7.0166448113751905
33_17,0.2922678954226979,0.4291701136233156,MANICAHAN,122.20092663554989,7.0166448113751905
33_17,0.3680374133653468,0.3271326804218583,,122.20092663554989,7.0166448113751905
33_17,0.3680374133653468,0.4291701136233156,,122.20092663554989,7.0166448113751905
33_18,0.3059680669997154,0.3262445091187563,MANICAHAN,122.2009112006625,7.025689882165447
33_19,0.3188357368056844,0.3214563095574286,MANICAHAN,122.20089574539342,7.034734949440297
33_20,0.3359396141843843,0.2833953580330436,VICTORIA,122.20088026974074,7.0437800131953265
33_21,0.3258917342950044,0.2457157866795408,VICTORIA,122.20086477370249,7.052825073426085
33_22,0.3231695239405215,0.3138203476896076,SANGALI,122.20084925727676,7.061870130128143
33_23,0.3147168833179474,0.3587969669816916,SANGALI,122.20083372046156,7.070915183297071
33_24,0.3134885684494938,0.359263965872332,SANGALI,122.20081816325495,7.079960232928424
33_25,0.3159385034427545,0.3459746803415759,BUNGUIAO,122.20080258565504,7.0890052790177815
33_26,0.3313209841901045,0.3125758816869607,BUNGUIAO,122.2007869876598,7.098050321560693
33_27,0.3393852411093996,0.3165068864179102,BUNGUIAO,122.2007713692673,7.1070953605527425
33_28,0.3434128175519176,0.3168171420313014,BUNGUIAO,122.20075573047559,7.116140395989492
33_29,0.3398436725484934,0.3128151396876933,BUNGUIAO,122.20074007128271,7.125185427866501
33_30,0.3331981080519194,0.3104457752419672,DULIAN,122.20072439168669,7.134230456179355
33_31,0.325116596951518,0.3083137949393126,DULIAN,122.20070869168558,7.143275480923607
33_32,0.3301296533134449,0.3407146349834486,DULIAN,122.20069297127736,7.15232050209483
33_33,0.3296339347710231,0.3493953501124027,DULIAN,122.2006772304601,7.161365519688597
33_34,0.3322456936884954,0.3271434933998813,QUINIPUT,122.20066146923186,7.170410533700473
33_35,0.3214078813251796,0.307361265910521,QUINIPUT,122.20064568759058,7.179455544126031
33_36,0.3492622953018832,0.3178539662757021,CURUAN,122.20062988553433,7.188500550960842
33_37,0.3594845790564651,0.3575960249160406,CURUAN,122.20061406306112,7.197545554200466
33_38,0.375140337879653,0.3814288992660773,CURUAN,122.20059822016898,7.2065905538404955
33_39,0.387857646232326,0.3923137778768846,CURUAN,122.20058235685586,7.2156355498764855
33_40,0.3948569323394311,0.4055280946759141,LATUAN,122.20056647311986,7.2246805423040055
33_41,0.3986434013855767,0.4073790644908275,LATUAN,122.20055056895893,7.2337255311186395
33_42,0.3989627937119249,0.4085244455151258,LATUAN,122.20053464437109,7.242770516315953
33_43,0.4042986230002885,0.4095779751742777,CALABASA,122.20051869935432,7.25181549789152
33_44,0.4065884141160925,0.4096693298798124,CALABASA,122.20050273390662,7.260860475840906
33_45,0.4022405996111823,0.4091795810390174,CALABASA,122.20048674802602,7.269905450159699
33_46,0.3912489542116716,0.4085802261511102,CALABASA,122.2004707417105,7.278950420843467
33_47,0.3825054212360151,0.4022460160412304,CALABASA,122.20045471495803,7.287995387887781
33_48,0.3871221536544787,0.40264204966224365,,122.20043866776663,7.297040351288216
33_49,0.3898373030136507,0.4002856437971508,,122.20042260013426,7.306085311040348
33_50,0.3898373030136507,0.4002856437971508,,122.2004065120589,7.315130267139759
33_51,0.391105136398965,0.4080188115463284,SIBULAO,122.20039040353859,7.324175219582011
33_52,0.3921356575149798,0.4056526852993105,SIBULAO,122.20037427457119,7.33322016836269
33_53,0.3895772452440245,0.4055104037317436,SIBULAO,122.20035812515479,7.342265113477371
33_54,0.3904629172021163,0.4054572070572712,SIBULAO,122.20034195528733,7.351310054921629
33_55,0.3927890679840754,0.403216520016276,,122.20032576496672,7.360354992691043
33_56,0.3930839091875666,0.3968891836721245,VITALI,122.20030955419101,7.369399926781188
33_57,0.3922194627004825,0.374117799965343,VITALI,122.2002933229581,7.378444857187644
33_58,0.38650311889152716,0.3681474451288075,,122.20027707126602,7.387489783905993
33_59,0.37925797921545634,0.3619882759751475,,122.20026079911263,7.396534706931796
33_60,0.3715215297884205,0.357131543512709,VITALI,122.20024450649596,7.40557962626066
33_61,0.3660135336385877,0.3516569255022059,VITALI,122.20022819341395,7.41462454188814
33_62,0.3615314493667615,0.3524461871598149,VITALI,122.20021185986454,7.423669453809826
33_63,0.3614888978599442,0.3511640738620618,VITALI,122.2001955058457,7.4327143620213
33_64,0.3633419147838812,0.35471275425642246,,122.20017913135534,7.441759266518138
34_7,0.431859261820453,0.44599924632727195,,122.21013135966217,6.926209035230376
34_8,0.431859261820453,0.44599924632727195,,122.21011630100568,6.935254160868029
34_9,0.4261064249337355,0.42535122604821546,,122.21010122221742,6.9442992830353845
34_10,0.4568578360103301,0.4036119631041057,LANDANG LAUM,122.21008612329544,6.953344401728006
34_11,0.4334855612462245,0.4044318014024821,LANDANG LAUM,122.21007100423788,6.962389516941461
34_12,0.45187471720479355,0.42344912870036316,,122.2100558650428,6.971434628671307
34_13,0.4411228239340872,0.4161387749195372,,122.21004070570838,6.980479736913111
34_18,0.3250253827233004,0.3456850845294178,,122.20996460687881,7.0257052256462
34_19,0.366585642406044,0.3187454390613006,VICTORIA,122.20994932666807,7.034750312866583
34_20,0.3308068480863287,0.2989175590381382,,122.2099340263046,7.043795396567878
34_21,0.3204578295473955,0.3022857977890075,,122.20991870578644,7.0528404767456445
34_22,0.3067815127405262,0.3252749018593776,SANGALI,122.20990336511173,7.061885553395457
34_23,0.3105067625765412,0.3432225946834678,SANGALI,122.20988800427853,7.0709306265128715
34_24,0.3166704789148425,0.3562214316512861,SANGALI,122.20987262328485,7.079975696093462
34_25,0.3210395834083954,0.3496700037449869,BUNGUIAO,122.20985722212885,7.089020762132793
34_26,0.334124319767773,0.3239714839685116,BUNGUIAO,122.20984180080858,7.098065824626435
34_27,0.3543932412053309,0.3301633671007238,BUNGUIAO,122.20982635932205,7.107110883569957
34_28,0.363058859004458,0.3329658195507183,BUNGUIAO,122.2098108976674,7.116155938958919
34_29,0.3694657960953463,0.3304009503784773,BUNGUIAO,122.2097954158426,7.125200990788902
34_30,0.3708153718235892,0.3282828811404791,BOLONG,122.2097799138458,7.134246039055462
34_31,0.3800786401544978,0.3662563113697439,LUBIGAN,122.20976439167502,7.143291083754181
34_32,0.3705902098154603,0.3834749925079009,DULIAN,122.20974884932828,7.152336124880621
34_33,0.3866407432654901,0.3907784407898709,LUBIGAN,122.20973328680364,7.161381162430356
34_34,0.3849145210670072,0.3622049861363139,QUINIPUT,122.2097177040992,7.170426196398953
34_35,0.3427691868880812,0.3156456808738823,QUINIPUT,122.20970210121297,7.1794712267819865
34_36,0.344830759822649,0.3175520534967768,QUINIPUT,122.20968647814301,7.188516253575026
34_37,0.3574587146250287,0.368608197947636,CURUAN,122.20967083488733,7.197561276773643
34_38,0.3662738074527696,0.3881256836477706,CURUAN,122.20965517144397,7.206606296373408
34_39,0.3711058513601733,0.394688355821927,CURUAN,122.20963948781097,7.215651312369901
34_40,0.3918300151658844,0.4044063956887664,LATUAN,122.20962378398639,7.224696324758683
34_41,0.4032227071221958,0.4068992161159614,LATUAN,122.2096080599682,7.233741333535337
34_42,0.4029130698238251,0.4075477838667279,CALABASA,122.20959231575452,7.242786338695434
34_43,0.4095187560094889,0.4091007076533522,CALABASA,122.20957655134328,7.251831340234539
34_44,0.4075589585698014,0.408382703737788,CALABASA,122.20956076673252,7.260876338148238
34_45,0.4045126047382518,0.408613134361343,CALABASA,122.20954496192032,7.269921332432105
34_46,0.3928918414529891,0.4042508455246272,CALABASA,122.20952913690459,7.278966323081704
34_47,0.387271625845168,0.3993325645069092,CALABASA,122.20951329168346,7.288011310092617
34_48,0.38296616652456344,0.39958172018272153,,122.20949742625488,7.297056293460422
34_49,0.3885412209165732,0.3990090802477872,,122.20948154061686,7.306101273180692
34_50,0.3968752401675046,0.4047084008887056,SIBULAO,122.20946563476743,7.315146249249005
34_50,0.3968752401675046,0.3919963028310073,SIBULAO,122.20946563476743,7.315146249249005
34_50,0.3821654491671398,0.4047084008887056,UNCLAIMED AREA UNDER JURISDICTION OF ZAMBOANGA CITY,122.20946563476743,7.315146249249005
34_50,0.3821654491671398,0.3919963028310073,UNCLAIMED AREA UNDER JURISDICTION OF ZAMBOANGA CITY,122.20946563476743,7.315146249249005
34_51,0.395422140584684,0.4068363240782343,SIBULAO,122.20944970870457,7.324191221660938
34_52,0.393171514673337,0.4042054839399825,SIBULAO,122.20943376242626,7.333236190412065
34_53,0.3927981367663075,0.4039141447741191,SIBULAO,122.20941779593056,7.342281155497963
34_54,0.3925217591412836,0.4043955485916066,SIBULAO,122.20940180921538,7.351326116914212
34_55,0.3969758361127445,0.4037884073173965,SIBULAO,122.2093858022788,7.360371074656391
34_56,0.39166146315303724,0.39397213202358905,,122.20936977511873,7.369416028720076
34_57,0.38785407665558264,0.37929034987813903,,122.20935372773324,7.378460979100851
34_58,0.3786818702730858,0.3596227881811138,VITALI,122.20933766012024,7.387505925794288
34_59,0.3769798520152033,0.3597651456603262,VITALI,122.20932157227779,7.396550868795973
34_60,0.3748337608146662,0.3587594537426573,VITALI,122.20930546420377,7.405595808101477
34_61,0.3735857722936466,0.3606504691042678,VITALI,122.20928933589624,7.414640743706392
34_62,0.369203167676273,0.3606330396937157,VITALI,122.20927318735312,7.423685675606292
34_63,0.3689433090343,0.3606340094158086,VITALI,122.20925701857243,7.432730603796756
34_64,0.370445874177028,0.3595685406325466,VITALI,122.2092408295521,7.441775528273375
35_8,0.46232211925377353,0.4616075489444983,,122.21916798946397,6.93526913242208
35_9,0.46232211925377353,0.4616075489444983,,122.21915308342834,6.944314274300505
35_10,0.4586090041458454,0.44557100911347725,,122.21913815748967,6.95335941270492
35_11,0.4563974976825869,0.43658444145329833,,122.21912321164609,6.962404547630884
35_12,0.4469659600335701,0.4038851274893913,LANDANG LAUM,122.21910824589573,6.971449679073965
35_13,0.45583808736600007,0.44430072553412137,,122.2190932602367,6.980494807029726
35_23,0.3171534162503061,0.3487185131530225,,122.21894230825592,7.070945893809106
35_24,0.3236843366807483,0.3582788559575466,SANGALI,122.21892710347716,7.079990983111689
35_25,0.3281239903388722,0.3605947816134345,SANGALI,122.21891187876697,7.089036068873738
35_26,0.3342613711447655,0.3520792785159994,BUNGUIAO,122.21889663412358,7.098081151090841
35_27,0.361161296163296,0.331577411009434,BOLONG,122.21888136954497,7.107126229758554
35_28,0.3661217565638021,0.3344942111797991,BOLONG,122.21886608502929,7.1161713048724575
35_29,0.3686270471367527,0.3374146629617575,BOLONG,122.21885078057457,7.125216376428113
35_30,0.3728136588611213,0.3370146921144885,BOLONG,122.21883545617888,7.1342614444210914
35_31,0.3821944042950091,0.3631146933844729,LUBIGAN,122.21882011184034,7.143306508846965
35_32,0.3979136559263561,0.4022878744728135,LUBIGAN,122.21880474755706,7.15235156970131
35_33,0.4004451568089296,0.4025278412224604,LUBIGAN,122.21878936332705,7.161396626979683
35_34,0.3790541079102971,0.3410683345154975,QUINIPUT,122.21877395914836,7.17044168067767
35_35,0.3510801240224102,0.3164536090644417,QUINIPUT,122.2187585350191,7.179486730790839
35_36,0.3432851858735743,0.3193234207634347,QUINIPUT,122.21874309093738,7.188531777314753
35_37,0.3508781901197311,0.3273364507387085,CURUAN,122.21872762690118,7.1975768202450014
35_38,0.3616140741969484,0.3937758627101856,CURUAN,122.21871214290857,7.206621859577145
35_39,0.3649658347453159,0.3997658549066771,CURUAN,122.21869663895765,7.215666895306756
35_40,0.376148504326417,0.4004862902511598,LATUAN,122.21868111504645,7.224711927429419
35_41,0.4025333969353163,0.4060494198162021,LATUAN,122.21866557117303,7.233756955940697
35_42,0.4062600367542627,0.4068240253695748,CALABASA,122.21865000733547,7.242801980836171
35_43,0.4034423461926758,0.4077905422574226,CALABASA,122.21863442353173,7.251847002111417
35_44,0.4046348393484691,0.4084672086059791,CALABASA,122.21861881975993,7.260892019762
35_45,0.4033773026163123,0.4082772976870894,CALABASA,122.21860319601807,7.269937033783504
35_46,0.3863987209985444,0.4002638169338253,CALABASA,122.21858755230417,7.278982044171501
35_47,0.3787361341015072,0.3958934304786163,CALABASA,122.21857188861635,7.288027050921578
35_48,0.3816929255265495,0.3988005960873411,TAGASILAY,122.21855620495258,7.297072054029296
35_49,0.3846247259135773,0.4016359937995103,SIBULAO,122.2185405013109,7.30611705349024
35_50,0.3871637809073659,0.4015816597778787,SIBULAO,122.21852477768935,7.315162049299986
35_51,0.3954363183729498,0.4049104582147634,SIBULAO,122.21850903408594,7.3242070414541125
35_52,0.3931510073208245,0.403803752021988,SIBULAO,122.21849327049874,7.333252029948197
35_53,0.3858471683134614,0.4033705221064868,SIBULAO,122.2184774869257,7.342297014777814
35_54,0.3901154830883542,0.4033610915563106,SIBULAO,122.2184616833649,7.351341995938549
35_55,0.3929624293480968,0.4033610915563106,SIBULAO,122.21844585981432,7.360386973425978
35_56,0.3930666306762332,0.4002691899995927,SIBULAO,122.21843001627194,7.3694319472356815
35_57,0.3822185104405451,0.3655527875725211,VITALI,122.21841415273583,7.378476917363236
35_58,0.3798721148483119,0.3593286652021408,VITALI,122.21839826920403,7.387521883804224
35_59,0.374810730108269,0.3590846205465253,VITALI,122.21838236567444,7.396566846554229
35_60,0.3717833619692269,0.3590904171852083,VITALI,122.21836644214513,7.405611805608827
35_61,0.3758538893974007,0.3612100555958222,VITALI,122.21835049861406,7.414656760963599
35_62,0.3782052091167207,0.3601244237417775,VITALI,122.2183345350793,7.423701712614137
35_63,0.378593179805117,0.360687196815635,VITALI,122.21831855153879,7.432746660556007
35_64,0.3796471556243452,0.3608151481945683,VITALI,122.21830254799049,7.4417916047847985
35_65,0.3806319234832858,0.3607954920474497,VITALI,122.21828652443246,7.450836545296101
36_9,0.4623221192537734,0.4616075489444983,,122.22820496454227,6.944329092824787
36_10,0.4800055189719449,0.5088009246867335,LANDANG GUA,122.22819021158881,6.953374250713856
36_11,0.46994099648784393,0.4866821826550137,,122.22817543896109,6.962419405125196
36_12,0.4646726121508648,0.4621923905837788,LANDANG LAUM,122.22816064665729,6.971464556054361
36_13,0.4573916165829783,0.4431243609220581,LANDANG LAUM,122.22814583467559,6.980509703496921
36_14,0.4522375123055925,0.4445308552420628,LANDANG LAUM,122.22813100301408,6.989554847448444
36_24,0.34912090372489113,0.3900706071610046,,122.22798160360078,7.080006093981195
36_25,0.3358921621942035,0.3599507551078906,BOLONG,122.22796655533843,7.089051199238716
36_25,0.3358921621942035,0.4360863348158476,BOLONG,122.22796655533843,7.089051199238716
36_25,0.3750679287776501,0.3599507551078906,,122.22796655533843,7.089051199238716
36_25,0.3750679287776501,0.4360863348158476,,122.22796655533843,7.089051199238716
36_26,0.3439283599247376,0.3625658109579808,BOLONG,122.22795148737379,7.098096300952009
36_27,0.3585611188770238,0.3591430673696373,BOLONG,122.22793639970499,7.107141399116641
36_28,0.3700630673362776,0.3602501609133291,BOLONG,122.2279212923302,7.116186493728195
36_29,0.3805206420526368,0.3881312403955666,LUBIGAN,122.22790616524742,7.125231584782233
36_30,0.3819264810895926,0.4116899505088727,BOLONG,122.22789101845483,7.134276672274327
36_31,0.3912389825102484,0.4235385917669617,LUBIGAN,122.22787585195047,7.143321756200045
36_32,0.4122601182688266,0.4412682898714645,LUBIGAN,122.22786066573254,7.152366836554967
36_33,0.4138124319732211,0.4347411821029323,LUBIGAN,122.22784545979906,7.161411913334663
36_34,0.4066904509566411,0.4013517818889807,QUINIPUT,122.22783023414807,7.1704569865347
36_35,0.3724542885758817,0.3486908844085242,QUINIPUT,122.22781498877777,7.179502056150653
36_36,0.3572055787776643,0.3436229219028734,QUINIPUT,122.22779972368618,7.188547122178101
36_37,0.3621274033170482,0.3343624310610228,QUINIPUT,122.22778443887141,7.197592184612612
36_38,0.3660571326672995,0.3814700914438798,CURUAN,122.22776913433151,7.206637243449761
36_39,0.3684805706882593,0.3857899472959533,CURUAN,122.22775381006464,7.215682298685122
36_40,0.3751973194990403,0.3921428072693742,LATUAN,122.22773846606877,7.224727350314267
36_41,0.3909768997408527,0.4093691319482593,CALABASA,122.22772310234203,7.233772398332781
36_42,0.4073332783110959,0.4141356109366059,CALABASA,122.22770771888248,7.242817442736228
36_43,0.4082710590128537,0.4161576550906878,CALABASA,122.22769231568826,7.251862483520189
36_44,0.4083007724915937,0.4164819976933899,CALABASA,122.22767689275729,7.260907520680242
36_45,0.4110683357203245,0.418397144458725,CALABASA,122.22766145008778,7.269952554211956
36_46,0.4112400689134092,0.4249984202845489,CALABASA,122.22764598767773,7.278997584110917
36_47,0.3796832974659337,0.405783401941991,CALABASA,122.22763050552514,7.288042610372695
36_48,0.3839104692246141,0.3998741768206674,TAGASILAY,122.22761500362817,7.2970876329928736
36_49,0.386307269868355,0.4006606063449326,TAGASILAY,122.22759948198481,7.306132651967026
36_50,0.3854375682188402,0.4010936332471247,SIBULAO,122.22758394059315,7.315177667290731
36_51,0.3913309633173201,0.3992443380219461,SIBULAO,122.2275683794512,7.324222678959564
36_52,0.3954883527948454,0.3988237114720525,SIBULAO,122.22755279855703,7.333267686969119
36_53,0.388943878350977,0.3972163639317991,SIBULAO,122.22753719790869,7.342312691314958
36_54,0.390247642940042,0.4027602320402777,SIBULAO,122.22752157750416,7.3513576919926615
36_55,0.3944518734520538,0.3992389104742317,VITALI,122.22750593734158,7.3604026889978265
36_56,0.3959844785158173,0.3856332530298572,VITALI,122.22749027741892,7.369447682326019
36_57,0.3985614434634981,0.3714824432179494,VITALI,122.2274745977342,7.378492671972818
36_58,0.3888995601689094,0.3835265133033,VITALI,122.22745889828552,7.387537657933812
36_59,0.3761886085022533,0.365277503879768,VITALI,122.22744317907085,7.396582640204585
36_60,0.3713449843845631,0.3652202250698189,VITALI,122.22742744008822,7.405627618780711
36_61,0.3702215530181125,0.3671230993083003,VITALI,122.2274116813357,7.414672593657774
36_62,0.3732602363611169,0.3661987774335935,VITALI,122.22739590281121,7.423717564831356
36_63,0.3762719744637885,0.3659568576232712,VITALI,122.22738010451287,7.4327625322970485
36_64,0.3740518613428665,0.3596745468526528,VITALI,122.22736428643867,7.441807496050425
36_65,0.3778392189438806,0.36158584830671536,,122.22734844858658,7.450852456087073
36_66,0.38110578361384956,0.3681312747875888,,122.22733259095465,7.45989741240258
36_67,0.3835704972774886,0.3761995928576593,,122.22731671354089,7.468942364992522
37_9,0.4775030214543022,0.5055704416120933,,122.23725686532862,6.944343738606395
37_10,0.4757301444671577,0.5071252288846737,LANDANG GUA,122.23724228536213,6.953388915752983
37_11,0.4655315355732102,0.4840678266444962,LANDANG LAUM,122.23722768595212,6.962434089422545
37_12,0.4637651712760424,0.4712245424753862,LANDANG LAUM,122.23721306709676,6.9714792596106445
37_13,0.4579227357569946,0.4677708934333158,LANDANG LAUM,122.23719842879423,6.980524426312846
37_14,0.4537833047637343,0.4663013810215234,LANDANG LAUM,122.23718377104264,6.989569589524718
37_14,0.4537833047637343,0.4274323237859608,LANDANG LAUM,122.23718377104264,6.989569589524718
37_14,0.4126553098016866,0.4663013810215234,,122.23718377104264,6.989569589524718
37_14,0.4126553098016866,0.4274323237859608,,122.23718377104264,6.989569589524718
37_24,0.3536326655759096,0.39081272498518466,,122.2370361234248,7.080021028700115
37_25,0.3462431459358409,0.361989445078447,BOLONG,122.23702125161208,7.089066153225836
37_26,0.3506702801562213,0.3637204394832345,BOLONG,122.23700636032811,7.098111274208047
37_27,0.3616016048360493,0.3638011620648658,BOLONG,122.2369914495711,7.107156391642331
37_28,0.3682007228582313,0.3700097268902839,BOLONG,122.23697651933902,7.116201505524242
37_29,0.3915547588119186,0.4370083988275585,LUBIGAN,122.23696156963014,7.125246615849369
37_30,0.3964758661260068,0.4535863177812457,PANUBIGAN,122.23694660044254,7.134291722613272
37_31,0.3882315498360913,0.4492671291148877,LUBIGAN,122.23693161177431,7.143336825811527
37_32,0.4188387790587041,0.4670325385079413,LUBIGAN,122.23691660362357,7.152381925439711
37_33,0.4243989753917257,0.4729807821575282,DITA,122.23690157598851,7.161427021493386
37_34,0.4292024929231424,0.4718970080247256,DITA,122.23688652886715,7.170472113968141
37_35,0.4122872148953663,0.4458031029621486,DITA,122.23687146225771,7.179517202859536
37_36,0.3938261789344157,0.4351530820384205,DITA,122.23685637615817,7.188562288163157
37_37,0.3746120541665798,0.370206019313342,CURUAN,122.23684127056676,7.197607369874566
37_38,0.3724790139126369,0.36986886013274,CURUAN,122.2368261454815,7.20665244798935
37_39,0.3736071174545038,0.3693450829356294,BUENAVISTA,122.23681100090054,7.215697522503073
37_40,0.3786812311249616,0.3701366444775499,BUENAVISTA,122.23679583682197,7.224742593411324
37_41,0.3889359070781649,0.3737891074205846,CALABASA,122.23678065324384,7.233787660709665
37_42,0.3956838251940093,0.4197353980892113,CALABASA,122.23676545016431,7.242832724393679
37_43,0.4098013051276228,0.4285769080731327,CALABASA,122.23675022758145,7.251877784458947
37_44,0.4139702913267289,0.4276163681765184,CALABASA,122.23673498549334,7.260922840901038
37_45,0.4159516852941627,0.426040483316026,CALABASA,122.23671972389808,7.2699678937155285
37_46,0.41423948837551,0.4266440242812327,MUTI,122.23670444279372,7.279012942898009
37_47,0.401421343865368,0.4267086527182359,MUTI,122.2366891421784,7.288057988444048
37_48,0.3918106065239103,0.4025730930783516,TAGASILAY,122.23667382205014,7.2971030303492155
37_49,0.3816684196401075,0.4005848771322605,TAGASILAY,122.23665848240705,7.30614806860911
37_50,0.3845189102500283,0.4001099166231627,SIBULAO,122.23664312324719,7.315193103219296
37_51,0.3912453863303839,0.3886523346338217,SIBULAO,122.23662774456865,7.3242381341753635
37_52,0.3936968817458977,0.3870747205246518,SIBULAO,122.23661234636948,7.333283161472879
37_53,0.3943148532822216,0.3877000313421901,SIBULAO,122.23659692864778,7.3423281851074345
37_54,0.3951886544733094,0.3887389499216627,SIBULAO,122.23658149140155,7.3513732050746095
37_55,0.3956998851058719,0.3933662069084737,,122.23656603462891,7.360418221369976
37_56,0.3988057947653277,0.3858873424399349,VITALI,122.2365505583279,7.369463233989129
37_57,0.4036199791722425,0.387508872692577,VITALI,122.23653506249659,7.378508242927638
37_58,0.3899401378654977,0.38195415451968395,,122.23651954713299,7.387553248181092
37_59,0.3814606328726539,0.3849207690028704,VITALI,122.23650401223519,7.396598249745069
37_60,0.3785457583179495,0.3845363818034299,VITALI,122.23648845780123,7.405643247615163
37_61,0.3832109690216827,0.3840297543619681,VITALI,122.23647288382917,7.414688241786938
37_62,0.37705271020495557,0.3770617691486395,,122.23645729031702,7.423733232255998
37_63,0.3736590968462506,0.3829158286330114,VITALI,122.23644167726285,7.432778219017909
37_64,0.37934791065225737,0.3711497291330949,,122.23642604466467,7.441823202068268
37_65,0.38107339191558276,0.3738290742734223,,122.23641039252057,7.45086818140266
37_66,0.3835704972774886,0.3761995928576593,,122.2363947208285,7.459913157016656
37_67,0.38567577131522734,0.3845247717587046,,122.23637902958657,7.468958128905856
37_68,0.3885963044355313,0.393060026234492,,122.23636331879275,7.478003097065839
38_10,0.477723193742411,0.5060716090886711,,122.24629437857902,6.953403407820473
38_11,0.4783824208078522,0.5103544460070644,LANDANG GUA,122.24627995238855,6.962448600521115
38_12,0.4625216091541062,0.4735220907421549,LANDANG LAUM,122.24626550698345,6.971493789740992
38_13,0.4541946237463186,0.4614926994143057,BUSAY,122.2462510423619,6.980538975475674
38_14,0.4546730282130963,0.4354467477504012,BUSAY,122.24623655852204,6.989584157720722
38_26,0.3570365921899967,0.3633286845018887,,122.24606125275558,7.098126070857108
38_27,0.3570451318283064,0.3624925196741089,BOLONG,122.2460465189121,7.107171207333751
38_28,0.3696227981935658,0.3646398562087871,BOLONG,122.24603176582475,7.116216340258736
38_29,0.4028990049923486,0.4583448626347534,PANUBIGAN,122.24601699349157,7.125261469627652
38_30,0.4096749478785083,0.4623174191911974,PANUBIGAN,122.24600220191083,7.134306595436061
38_31,0.3887475050715426,0.4493992646376072,LUBIGAN,122.24598739108058,7.143351717679538
38_32,0.4175098514570538,0.4688791266882628,DITA,122.245972560999,7.152396836353652
38_33,0.4241490417574203,0.4724422657681607,DITA,122.24595771166422,7.161441951453989
38_34,0.4286645343206752,0.4693271065888378,DITA,122.24594284307442,7.170487062976113
38_35,0.4286990414710011,0.4537450299062714,DITA,122.24592795522764,7.1795321709156035
38_36,0.4106699197696978,0.4443999484274763,DITA,122.24591304812212,7.188577275268031
38_37,0.3821760641464345,0.3705668076318428,CURUAN,122.2458981217559,7.197622376028982
38_38,0.3746236472789591,0.3698700946759423,CURUAN,122.24588317612718,7.206667473194018
38_39,0.3761500345142351,0.3693973260820714,BUENAVISTA,122.2458682112341,7.2157125667587305
38_40,0.38528643239192,0.370884761356993,BUENAVISTA,122.24585322707466,7.224757656718678
38_41,0.3940016283862191,0.370385591632739,CALABASA,122.24583822364711,7.233802743069455
38_42,0.3894536954045807,0.3711484448657368,CALABASA,122.24582320094946,7.242847825806629
38_43,0.3933481312080799,0.4224032979956146,CALABASA,122.2458081589799,7.251892904925777
38_44,0.4045572669492431,0.4280195634499442,CALABASA,122.24579309773654,7.260937980422484
38_45,0.4160760259774754,0.4280157552452778,MUTI,122.24577801721743,7.2699830522923214
38_46,0.4102584643271439,0.4293407943026022,MUTI,122.24576291742073,7.279028120530867
38_47,0.3850582776672512,0.4286755273344579,MUTI,122.24574779834454,7.2880731851337055
38_48,0.3675385410100331,0.3982969978789057,TAGASILAY,122.24573265998694,7.297118246096418
38_49,0.3615084249374556,0.3791835371320266,TAGASILAY,122.24571750234604,7.3061633034145785
38_50,0.3702690420090868,0.3724777241095405,TAGASILAY,122.24570232541994,7.315208357083772
38_51,0.3831612901443542,0.3709490604081721,TAGASILAY,122.24568712920674,7.324253407099567
38_52,0.385274054987435,0.385369584894712,SIBULAO,122.24567191370451,7.333298453457562
38_53,0.3941919834622505,0.3874456452706366,SIBULAO,122.24565667891136,7.3423434961533305
38_54,0.4005951618902992,0.3889745414750882,SIBULAO,122.24564142482537,7.351388535182444
38_55,0.3998054598986266,0.3902055996662613,VITALI,122.24562615144464,7.360433570540509
38_56,0.3874645351679111,0.3815985639237168,VITALI,122.24561085876721,7.369478602223083
38_57,0.3837900615494757,0.3829971268953865,VITALI,122.2455955467912,7.37852363022576
38_58,0.3771590736501844,0.3823321743817229,VITALI,122.24558021551468,7.387568654544124
38_59,0.3748509037362701,0.3844423476031745,VITALI,122.24556486493572,7.396613675173753
38_60,0.3760883635890674,0.3848701931815119,VITALI,122.24554949505239,7.405658692110236
38_61,0.3849116957776151,0.3850413860063241,VITALI,122.24553410586273,7.414703705349156
38_62,0.38618889124849864,0.38474650012547884,,122.24551869736484,7.423748714886092
38_63,0.3931094649840358,0.386386264361971,VITALI,122.2455032695568,7.432793720716643
38_64,0.3882515929105324,0.38484654051516687,,122.24548782243666,7.441838722836382
38_65,0.3875992223178042,0.38529854548696923,,122.24547235600245,7.450883721240889
38_66,0.4007521034417222,0.3998026462107265,TICTAPUL,122.24545687025227,7.459928715925772
38_67,0.3910375099962192,0.40113913650646493,,122.2454413651841,7.468973706886592
38_68,0.39103750999621917,0.40113913650646493,,122.24542584079612,7.478018694118957
39_10,0.4878654874513459,0.5175037818374988,LANDANG GUA,122.25534649100871,6.953417726914529
39_11,0.4811063804124891,0.5113067620696227,LANDANG GUA,122.25533223803964,6.962462938419104
39_12,0.4677426651050763,0.4789822054431829,LANDANG LAUM,122.25531796608658,6.971508146443601
39_13,0.4614413275621651,0.46019034804116,BUSAY,122.25530367514784,6.980553350983589
39_14,0.4579702808211465,0.4411338437160628,BUSAY,122.2552893652216,6.989598552034643
39_15,0.4578443207305772,0.4591982759588293,BUSAY,122.255275036306,6.998643749592323
39_26,0.3570365921899967,0.36332868450188865,,122.25511616442509,7.098140690897347
39_27,0.3683677640012983,0.38259976801315,,122.2551016074971,7.107185846189067
39_28,0.38148852115019205,0.4035608769198261,,122.2550870315562,7.116230997929842
39_29,0.38615932834092953,0.41696061130728096,,122.25507243660061,7.1252761461152385
39_30,0.3934840244523944,0.4376575440907181,,122.25505782262856,7.134321290740839
39_31,0.40568937719297404,0.4603934326442043,,122.25504318963816,7.143366431802222
39_32,0.41470564181327896,0.4659714838382077,,122.2550285376276,7.15241156929495
39_33,0.424283031721674,0.4721042235890664,DITA,122.25501386659496,7.161456703214604
39_34,0.43241002332620504,0.4681372431983958,,122.25499917653853,7.170501833556756
39_35,0.42205670484482527,0.4497376443712806,,122.25498446745641,7.179546960316991
39_36,0.4002733531248093,0.42240268295963723,,122.25496973934672,7.188592083490874
39_37,0.3859955613024975,0.4081485467941751,CURUAN,122.25495499220763,7.197637203073987
39_38,0.38137132404167823,0.37705825589977715,,122.25494022603732,7.206682319061909
39_39,0.3879113129662651,0.3673085043148544,BUENAVISTA,122.2549254408339,7.215727431450208
39_40,0.3908360268719787,0.3670825900811358,BUENAVISTA,122.25491063659555,7.224772540234471
39_41,0.3868771708099116,0.3671108695022497,BUENAVISTA,122.25489581332037,7.233817645410273
39_42,0.3821968952845558,0.3673063933668021,BUENAVISTA,122.25488097100651,7.242862746973195
39_43,0.3789718049827245,0.3978348579263893,CALABASA,122.25486610965213,7.251907844918806
39_44,0.3926360097888692,0.4307490355455834,MUTI,122.25485122925541,7.260952939242697
39_45,0.4041893959687927,0.4313106666326767,MUTI,122.2548363298144,7.269998029940435
39_46,0.3982158010599039,0.4311199258163938,MUTI,122.25482141132724,7.279043117007612
39_47,0.3808355241603007,0.3716582325774909,TAGASILAY,122.25480647379207,7.288088200439799
39_48,0.3708439816763471,0.3634206690274814,TAGASILAY,122.25479151720704,7.297133280232583
39_49,0.3701761389141654,0.3630308835310777,TAGASILAY,122.25477654157024,7.306178356381536
39_50,0.3717548386500987,0.3629088865667689,TAGASILAY,122.25476154687978,7.3152234288822475
39_51,0.3761295242756275,0.3312440890482089,TIGBALABAG,122.25474653313381,7.324268497730295
39_52,0.3734553962849585,0.3595831413068071,TIGBALABAG,122.25473150033045,7.333313562921262
39_53,0.391519812867781,0.3878004935306974,SIBULAO,122.25471644846779,7.34235862445073
39_54,0.400552795523627,0.3888265875137601,SIBULAO,122.25470137754394,7.351403682314284
39_55,0.3980291312203261,0.3870739390930651,VITALI,122.254686287557,7.360448736507501
39_56,0.395070367765593,0.3844242344687685,VITALI,122.2546711785051,7.369493787025968
39_57,0.3823618924160783,0.3806166168518998,VITALI,122.25465605038636,7.37853883386527
39_58,0.3688569320549341,0.3800243625097464,VITALI,122.2546409031988,7.387583877020987
39_59,0.3664212118150459,0.3832860609321971,VITALI,122.25462573694061,7.396628916488713
39_60,0.3776552614883171,0.3847951988034984,VITALI,122.25461055160982,7.405673952264015
39_61,0.38447279973692555,0.3850801601850907,,122.25459534720453,7.414718984342498
39_62,0.3960532296129092,0.3853592672641195,VITALI,122.25458012372285,7.4237640127197375
39_63,0.39770061288288283,0.38958797890567637,,122.25456488116286,7.432809037391314
39_64,0.3971369548428557,0.39166201795910116,,122.25454961952269,7.441854058352825
39_65,0.39649605410629896,0.39930138596304704,,122.25453433880034,7.45089907559985
39_66,0.39259132160217114,0.4002116609354439,,122.25451903899393,7.459944089127978
39_67,0.3910375099962192,0.40113913650646493,,122.25450372010155,7.468989098932796
39_68,0.3827694424952234,0.3999101309828995,LICOMO,122.25448838212125,7.478034105009894
39_69,0.39146180126211216,0.4025185669297021,,122.25447302505114,7.487079107354857
40_10,0.4861245616724301,0.5177407719152058,LANDANG GUA,122.26439862242059,6.95343187303337
40_11,0.4875676613045057,0.5180941256505108,LANDANG GUA,122.26438454267462,6.962477103114721
40_12,0.4794431298176689,0.4962823361049809,LANDANG LAUM,122.26437044417546,6.971522329716685
40_13,0.4657215449834668,0.4877478896116897,LANDANG LAUM,122.2643563269213,6.980567552834816
40_14,0.4593519344915678,0.4887937902555716,PASILMANTA,122.26434219091038,6.989612772464695
40_15,0.4597487560437824,0.4908853781222866,PASILMANTA,122.264328036141,6.998657988601888
40_29,0.3855978775928543,0.4194387844692907,,122.26412789872622,7.12529064531031
40_30,0.3976908215186038,0.44071610587212157,,122.26411346236466,7.134335808525794
40_31,0.4086228682242255,0.46220897934817745,,122.26409900721592,7.143380968177753
40_32,0.429304616866182,0.4676926721503148,,122.2640845332782,7.152426124261764
40_33,0.43638492420335745,0.47230127237642544,,122.26407004054961,7.161471276773399
40_34,0.4562544673602547,0.4730675901396425,DITA,122.26405552902838,7.170516425708242
40_35,0.4309920661151624,0.45641570922523017,,122.26404099871267,7.179561571061857
40_37,0.38827530109277075,0.39205878036885816,,122.26401188169055,7.197651851007741
40_38,0.3864251552625129,0.3758897353502323,,122.26399729498051,7.206696985591162
40_39,0.3862484794939641,0.3674189272003008,,122.26398268946866,7.21574211657567
40_40,0.3927592278928641,0.3670389408850539,BUENAVISTA,122.26396806515321,7.224787243956847
40_41,0.3835857952244778,0.3662672746383883,BUENAVISTA,122.2639534220323,7.2338323677302725
40_42,0.3799294803985286,0.3664999217990102,BUENAVISTA,122.26393876010412,7.242877487891522
40_43,0.3760150758835346,0.3807181752572091,BUENAVISTA,122.26392407936683,7.251922604436177
40_44,0.3964925616212648,0.4334645287517651,MUTI,122.26390937981853,7.260967717359815
40_45,0.4013936197927427,0.4326801245158591,MUTI,122.26389466145747,7.27001282665802
40_46,0.3972011278584365,0.4242321417550576,MUTI,122.26387992428175,7.279057932326373
40_47,0.3782941001847643,0.3688560933437659,TAGASILAY,122.26386516828947,7.2881030343604465
40_48,0.36865420637199,0.3621406553500713,TAGASILAY,122.26385039347889,7.297148132755839
40_49,0.3700442559116986,0.3616390993895278,TAGASILAY,122.26383559984806,7.306193227508114
40_50,0.3721085877322121,0.3617267407321927,TAGASILAY,122.26382078739518,7.31523831861286
40_51,0.3606436712648888,0.3423052449049397,TIGBALABAG,122.26380595611832,7.324283406065659
40_52,0.3587800745406077,0.3065673231169809,TIGBALABAG,122.26379110601567,7.333328489862102
40_53,0.37347434087565645,0.35360392735272644,,122.26377623708538,7.342373569997761
40_54,0.3804790278377915,0.3857440052313963,SIBULAO,122.26376134932558,7.351418646468225
40_55,0.3845842413368232,0.3850469469408378,VITALI,122.26374644273437,7.360463719269075
40_56,0.388286768245944,0.3852542413563887,VITALI,122.2637315173099,7.369508788395903
40_57,0.3855984803636883,0.3845574731881101,VITALI,122.26371657305025,7.378553853844279
40_58,0.3712096241242844,0.3810654839470734,VITALI,122.2637016099536,7.387598915609799
40_59,0.3645508175009523,0.3824618788332513,VITALI,122.26368662801804,7.396643973688049
40_60,0.3753957544363176,0.3850303545896189,VITALI,122.2636716272417,7.405689028074605
40_61,0.387655448216719,0.3853347556699996,VITALI,122.2636566076227,7.4147340787650675
40_62,0.3992418751742817,0.3873432461093604,TICTAPUL,122.26364156915918,7.42377912575501
40_63,0.4004130567054008,0.3933977002754582,TICTAPUL,122.26362651184918,7.4328241690400265
40_64,0.3996854379377867,0.3954534165174727,TICTAPUL,122.26361143569085,7.441869208615696
40_65,0.3964235849741459,0.3977134413764845,TICTAPUL,122.26359634068228,7.45091424447762
40_66,0.3928379512867251,0.4011910434073145,LICOMO,122.2635812268216,7.459959276621373
40_67,0.3901735258130389,0.4024410426997945,LICOMO,122.26356609410689,7.469004305042551
40_68,0.3886545269443865,0.4023508192315898,LICOMO,122.26355094253627,7.478049329736739
40_69,0.3960752321056275,0.4025527370776782,,122.2635357721078,7.487094350699528
40_70,0.4014467315980793,0.4028273719957548,,122.26352058281962,7.49613936792651
41_2,0.5629229410800111,0.5900745179740463,MANALIPA,122.27356135815124,6.881083734025173
41_3,0.5591290943919605,0.592238544691883,MANALIPA,122.2735475997476,6.89012901012639
41_10,0.3922725524117403,0.4656807516490043,,122.2734507725839,6.9534458461752395
41_11,0.4936194921083179,0.5122039878182105,LANDANG GUA,122.27343686606285,6.962491094606219
41_12,0.4998239805464096,0.5059141852107164,LANDANG GUA,122.2734229410193,6.971536339558479
41_13,0.4703202544185633,0.4949305103788257,PASILMANTA,122.27340899745148,6.98058158102759
41_14,0.4766699197678157,0.4955994600405712,PASILMANTA,122.27339503535772,6.989626819009114
41_15,0.4635862401097378,0.4927337039270252,PASILMANTA,122.27338105473622,6.99867205349863
41_28,0.38148852115019205,0.4035608769198261,,122.27319761983205,7.116259782074587
41_29,0.3855978775928543,0.4194387844692907,,122.27318337963712,7.1253049672110516
41_30,0.3990454575715278,0.44136112525228227,,122.27316912088797,7.1343501487891094
41_32,0.429304616866182,0.4676926721503148,,122.2731405477196,7.152440501252289
41_33,0.43638492420335745,0.47230127237642544,,122.27312623329686,7.161485672128575
41_34,0.4597282287203847,0.4750131556969952,DITA,122.27311190031267,7.1705308394287455
41_35,0.4309920661151624,0.45641570922523006,,122.27309754876524,7.179576003148394
41_40,0.3856528619354111,0.36478773263443853,,122.27302551251634,7.2248017678839815
41_41,0.3802513256584281,0.3623585390839288,BUENAVISTA,122.27301104955154,7.233846910027619
41_42,0.3808319340293069,0.3611913184836858,BUENAVISTA,122.27299656801085,7.2428920485597805
41_43,0.3868235634795268,0.3829545465387703,MUTI,122.27298206789247,7.251937183476052
41_44,0.4129859723292401,0.4488809551984661,MUTI,122.27296754919453,7.26098231477201
41_45,0.4121510373754506,0.4505614412451481,MUTI,122.27295301191523,7.2700274424432365
41_46,0.3969661688733814,0.4470819035283179,MUTI,122.27293845605276,7.2790725664853095
41_47,0.4084849358895851,0.4517300533450021,MUTI,122.2729238816053,7.288117686893821
41_48,0.3873133641278266,0.3929654329077384,TAGASILAY,122.27290928857094,7.297162803664338
41_49,0.3730662892127951,0.3766912443621699,TAGASILAY,122.27289467694794,7.306207916792459
41_50,0.3831375548024949,0.3989780817926452,TAGUITI,122.27288004673447,7.315253026273758
41_51,0.3625607761179114,0.310539251986056,TIGBALABAG,122.27286539792861,7.324298132103819
41_52,0.3677401887666935,0.2833110751437769,TIGBALABAG,122.27285073052857,7.333343234278225
41_53,0.3631373928471436,0.3283246735777506,MANGUSU,122.27283604453254,7.342388332792561
41_54,0.3668706081731622,0.360403969398482,VITALI,122.27282133993862,7.351433427642417
41_55,0.3725966423679118,0.3708881408003742,VITALI,122.27280661674499,7.3604785188233715
41_56,0.382231789898427,0.37183688459649,VITALI,122.2727918749498,7.3695236063310094
41_57,0.382537360257637,0.3794238321200231,VITALI,122.27277711455116,7.378568690160921
41_58,0.3814190287051632,0.384039825179186,VITALI,122.2727623355473,7.3876137703086835
41_59,0.3767704115911045,0.3835479523712403,VITALI,122.27274753793627,7.39665884676989
41_60,0.3807041299808482,0.3865046002515445,VITALI,122.2727327217163,7.40570391954013
41_61,0.3973432139161046,0.3870771544851809,VITALI,122.27271788688546,7.414748988614982
41_62,0.4049977325222605,0.3880935242756909,TICTAPUL,122.2727030334419,7.423794053990042
41_63,0.4065299889881691,0.3995117108572062,TICTAPUL,122.27268816138381,7.432839115660888
41_64,0.4027657309443841,0.4009594400029996,TICTAPUL,122.27267327070926,7.441884173623118
41_65,0.392781192891115,0.402346382303237,LICOMO,122.27265836141638,7.450929227872315
41_66,0.391217243625904,0.4020607433262545,LICOMO,122.27264343350329,7.459974278404068
41_67,0.3954619242702716,0.404026429114271,LICOMO,122.27262848696819,7.469019325213966
41_68,0.4002495867876409,0.4038644126199558,LICOMO,122.2726135218091,7.4780643682975985
41_69,0.40774544842313476,0.40361088696566194,,122.27259853802423,7.487109407650557
41_70,0.4091743978708841,0.4037106491052362,,122.27258353561163,7.496154443268434
41_71,0.41661229647003173,0.40387192527152144,,122.27256851456943,7.505199475146816
42_1,0.5618152319049182,0.5937805524089242,,122.28262571807124,6.872052091575803
42_2,0.5629496620045866,0.5951325598036091,MANALIPA,122.28261214932563,6.881097389232387
42_3,0.5610960844152185,0.5938144366271321,,122.28259856230359,6.8901426834508
42_11,0.4507215290049101,0.4746419000351402,,122.28248920797354,6.962504912891855
42_12,0.5023481876319655,0.5030897103058436,PASILMANTA,122.28247545638735,6.971550175967251
42_12,0.5023481876319655,0.4274130458729015,PASILMANTA,122.28247545638735,6.971550175967251
42_12,0.3776458888261507,0.5030897103058436,,122.28247545638735,6.971550175967251
42_12,0.3776458888261507,0.4274130458729015,,122.28247545638735,6.971550175967251
42_13,0.4886932772076661,0.4998248123531889,PASILMANTA,122.2824616865077,6.980595435560156
42_14,0.4845402777282121,0.4968462429949197,PASILMANTA,122.28244789833279,6.989640691666155
42_34,0.4386158607760818,0.4723908683565405,,122.28216829016021,7.17054507471649
42_35,0.4309920661151624,0.45641570922523006,,122.28215411738287,7.1795902565748095
42_41,0.3899831412334523,0.3847880812319632,,122.28206869564666,7.233861272300502
42_42,0.3991798622293862,0.4022500190447336,,122.28205439449529,7.2429064289761635
42_43,0.4184230877755218,0.4511687274150427,MUTI,122.28204007499761,7.25195158203662
42_44,0.4295694002041474,0.4535769637022404,MUTI,122.28202573715186,7.260996731477462
42_45,0.416030444655687,0.4541030735184699,MUTI,122.28201138095616,7.27004187729426
42_46,0.412163538903137,0.4542145880927987,MUTI,122.28199700640879,7.279087019482607
42_46,0.412163538903137,0.3258324702385733,MUTI,122.28199700640879,7.279087019482607
42_46,0.4032549004995771,0.4542145880927987,,122.28199700640879,7.279087019482607
42_46,0.4032549004995771,0.3258324702385733,,122.28199700640879,7.279087019482607
42_47,0.4243428625915279,0.4550002751227579,TAGUITI,122.28198261350788,7.288132158038083
42_48,0.4097377500200809,0.4387825257909346,TAGUITI,122.2819682022517,7.297177292956267
42_49,0.4156593354401615,0.4256833813640174,TAGUITI,122.28195377263837,7.306222424232748
42_50,0.4049595456982652,0.4213074129605247,TAGUITI,122.2819393246661,7.315267551863106
42_51,0.3818558405207234,0.3704701333884385,TIGBALABAG,122.28192485833308,7.324312675842931
42_52,0.3675789716869092,0.2849971421108943,TIGBALABAG,122.28191037363752,7.333357796167798
42_53,0.3658632242441106,0.3257057396347956,MANGUSU,122.28189587057754,7.342402912833302
42_54,0.3739755275542682,0.3518794744930327,MANGUSU,122.28188134915136,7.351448025835021
42_55,0.3752925703542121,0.360495110742034,MANGUSU,122.28186680935718,7.360493135168542
42_56,0.3737887343179325,0.3596913717320917,VITALI,122.28185225119311,7.3695382408294545
42_57,0.3665601977859197,0.359519306756688,VITALI,122.28183767465735,7.378583342813344
42_58,0.3668855786999054,0.3658011310695395,VITALI,122.28182307974814,7.387628441115797
42_59,0.3879125619073976,0.3849879329527178,VITALI,122.28180846646354,7.396673535732397
42_60,0.4022815689896655,0.3877442819811802,VITALI,122.28179383480176,7.405718626658734
42_61,0.4155973405083149,0.3881822277825514,VITALI,122.28177918476091,7.414763713890398
42_62,0.4197246362120774,0.3892243299222276,TICTAPUL,122.28176451633927,7.423808797422971
42_63,0.4146100266053942,0.4036785381601849,LICOMO,122.28174982953489,7.432853877252051
42_64,0.4069369607366389,0.4050409873472189,LICOMO,122.28173512434596,7.441898953373222
42_65,0.3963921377566546,0.4051772191477778,LICOMO,122.28172040077061,7.450944025782071
42_66,0.3949667851411904,0.4052394987127852,LICOMO,122.28170565880706,7.459989094474193
42_67,0.4008748785235995,0.4052284050351487,LICOMO,122.28169089845338,7.469034159445171
42_68,0.4142630266205006,0.4038277058324349,LICOMO,122.28167611970778,7.478079220690602
42_69,0.4185290784878481,0.4041972798541515,LICOMO,122.28166132256833,7.487124278206079
42_70,0.4170310232752976,0.4038142172901775,LICOMO,122.28164650703323,7.49616933198718
42_71,0.4154816846384143,0.4037238672096256,,122.28163167310058,7.505214382029511
42_72,0.4092164107704918,0.4032918926113359,LICOMO,122.28161682076852,7.514259428328659
43_1,0.5623012429110784,0.5956438592420219,MANALIPA,122.29167635636912,6.872065557730124
43_2,0.5617732191369547,0.595813280333061,MANALIPA,122.29166295877627,6.881110873276149
43_3,0.5587055054625798,0.595813280333061,MANALIPA,122.29164954313758,6.890156185384653
43_34,0.4309851646850972,0.4595321245617434,,122.29122469833978,7.170559131569689
43_35,0.4309920661151624,0.45641570922523006,,122.29121070433426,7.1796043313393225
43_46,0.4125831861134377,0.4031671366470063,,122.2910555751183,7.279101291316468
43_47,0.4320790517617602,0.4557415665722877,MUTI,122.29104136376583,7.288146447791441
43_48,0.4324504574402554,0.4278333463198167,TAGUITI,122.29102713428958,7.297191600629819
43_49,0.4305101979344913,0.4271039424404143,TAGUITI,122.29101288668771,7.306236749827178
43_49,0.4305101979344913,0.3878554623408336,TAGUITI,122.29101288668771,7.306236749827178
43_49,0.4011711883994182,0.4271039424404143,,122.29101288668771,7.306236749827178
43_49,0.4011711883994182,0.3878554623408336,,122.29101288668771,7.306236749827178
43_50,0.4245150856211473,0.4254046146013109,TAGUITI,122.2909986209585,7.315281895379111
43_51,0.3759512516665325,0.3930860210854706,TIGBALABAG,122.29098433710011,7.324327037281186
43_52,0.3723771150289284,0.3351458561610204,TIGBALABAG,122.29097003511082,7.333372175529015
43_53,0.3699467554434242,0.3444024782549054,MANGUSU,122.29095571498875,7.342417310118162
43_54,0.3813034030767797,0.3598906837684539,MANGUSU,122.29094137673214,7.351462441044217
43_55,0.3725860596976774,0.3605363281456478,MANGUSU,122.29092702033923,7.3605075683027765
43_56,0.3663219087197374,0.3603923782528627,VITALI,122.29091264580813,7.369552691889419
43_57,0.3617269916409615,0.360407612370703,VITALI,122.29089825313709,7.378597811799734
43_58,0.3633673408732221,0.3566061289057189,VITALI,122.2908838423243,7.387642928029309
43_59,0.3823501302843449,0.3827065001596567,VITALI,122.29086941336791,7.39668804057373
43_60,0.4033274239214729,0.387958042554746,VITALI,122.2908549662662,7.40573314942859
43_61,0.4208783854969201,0.3888377560908381,VITALI,122.29084050101726,7.414778254589475
43_62,0.424589813377611,0.390280542451046,TICTAPUL,122.29082601761928,7.423823356051971
43_63,0.4230728485148834,0.4050279320731905,LICOMO,122.2908115160705,7.432868453811674
43_64,0.4109835025877521,0.4050794500034501,LICOMO,122.29079699636907,7.4419135478641705
43_65,0.4091525140157362,0.4050438412363713,LICOMO,122.29078245851314,7.450958638205051
43_66,0.4109332064144446,0.4050603613553113,LICOMO,122.29076790250095,7.460003724829904
43_67,0.418761685403766,0.4049227942505043,LICOMO,122.29075332833057,7.469048807734327
43_68,0.4291611560741135,0.4054001390835865,LICOMO,122.29073873600024,7.478093886913902
43_69,0.4331361319157372,0.4056683521095234,LICOMO,122.29072412550812,7.487138962364229
43_70,0.4214077738592472,0.4043265165303065,LICOMO,122.29070949685236,7.496184034080895
43_71,0.4168771959572739,0.4037297200716355,LICOMO,122.29069485003109,7.505229102059497
43_72,0.4128760193297606,0.4034569895446727,LICOMO,122.29068018504255,7.514274166295624
44_1,0.5617305141190421,0.5944954995371599,,122.30072701271116,6.872078852946395
44_51,0.4091504980860757,0.39928290762815494,,122.3000438339981,7.324341216416815
44_52,0.3993526325316451,0.3855796848221859,MANGUSU,122.30002971471686,7.33338637236008
44_53,0.3993055400943908,0.3856351251484763,MANGUSU,122.30001557753451,7.342431524645352
44_54,0.3993330233010524,0.3803347755046896,MANGUSU,122.30000142244928,7.3514766732682215
44_55,0.3734413807106109,0.3633305795564436,MANGUSU,122.29998724945939,7.360521818224277
44_56,0.3653015431224975,0.3604194760337821,VITALI,122.29997305856308,7.369566959509104
44_57,0.3657947297583139,0.3604100591723098,VITALI,122.29995884975855,7.378612097118287
44_58,0.3690013539786571,0.3604377831252369,VITALI,122.29994462304404,7.387657231047419
44_59,0.3791813572268808,0.3758713080407348,VITALI,122.29993037841771,7.396702361292094
44_60,0.3970322436573636,0.387099649976112,TICTAPUL,122.29991611587783,7.405747487847893
44_61,0.4108359031676217,0.3897601355108379,TICTAPUL,122.29990183542257,7.414792610710403
44_62,0.4219469975607299,0.3939820694907449,LICOMO,122.29988753705017,7.423837729875229
44_63,0.4199362420292289,0.4042335537448377,LICOMO,122.29987322075878,7.432882845337944
44_64,0.4153577995659731,0.4050937366587797,LICOMO,122.29985888654664,7.441927957094152
44_65,0.4169866892593749,0.405031711009098,LICOMO,122.29984453441197,7.450973065139432
44_66,0.4188377678317536,0.4050178364449494,LICOMO,122.29983016435293,7.46001816946939
44_67,0.4210505813444207,0.4050380277014316,LICOMO,122.29981577636768,7.469063270079605
44_68,0.4181555636655249,0.4053008418304551,LICOMO,122.29980137045449,7.478108366965672
44_69,0.4349110518761819,0.4057821630694489,LICOMO,122.2997869466115,7.4871534601231895
44_69,0.4349110518761819,0.4050818961242123,LICOMO,122.2997869466115,7.4871534601231895
44_69,0.4158759356583996,0.4057821630694489,,122.2997869466115,7.4871534601231895
44_69,0.4158759356583996,0.4050818961242123,,122.2997869466115,7.4871534601231895
44_70,0.4278275761338209,0.4054632091149249,LICOMO,122.29977250483694,7.4961985495477546
45_49,0.4273838356499888,0.41742343420665656,,122.3091311689369,7.306264855471357
45_50,0.4735564055821248,0.457198361470787,TAGUITI,122.30911726769915,7.3153100361839405
45_51,0.4264925333956218,0.4312381638531567,,122.3091033487954,7.324355213248038
45_52,0.40979958083060525,0.410962078712676,,122.30908941222401,7.333400386659233
45_53,0.4335191845244222,0.3932763201989033,MANGUSU,122.30907545798313,7.342445556413108
45_54,0.4181302552569957,0.3867591517441404,MANGUSU,122.30906148607106,7.35149072250526
45_55,0.4119243185296951,0.3868665294158895,MANGUSU,122.30904749648603,7.36053588493127
45_56,0.3753973560221225,0.3621073440586321,VITALI,122.30903348922625,7.369581043686732
45_57,0.3728780535309264,0.3625565386574448,VITALI,122.30901946429005,7.378626198767229
45_58,0.3749362268098826,0.363281368320383,VITALI,122.30900542167554,7.387671350168359
45_59,0.3806223408411919,0.3684792500939216,TICTAPUL,122.3089913613811,7.396716497885703
45_60,0.3927784479053758,0.3755200596624325,TICTAPUL,122.30897728340484,7.4057616419148555
45_61,0.388332399462975,0.3753107951743811,TICTAPUL,122.30896318774508,7.414806782251411
45_62,0.3931412503571178,0.3838844877846162,TICTAPUL,122.30894907439998,7.42385191889095
45_63,0.4126927104961934,0.4042904393891763,LICOMO,122.30893494336782,7.432897051829072
45_64,0.418348733815557,0.4050178364449494,LICOMO,122.30892079464681,7.4419421810613695
45_65,0.4176658191833334,0.4050178364449494,LICOMO,122.30890662823512,7.4509873065834284
45_66,0.4215459908112103,0.4049753837352197,LICOMO,122.30889244413106,7.460032428390843
45_67,0.4222230938993638,0.4047608957160424,LICOMO,122.30887824233281,7.46907754647921
45_68,0.4192582465911269,0.4048261395602979,LICOMO,122.30886402283856,7.478122660844118
46_49,0.461623387428197,0.4664781155891804,,122.3181903366736,7.3062786355176055
46_50,0.435295605441695,0.4436107963400918,,122.3181766176842,7.315323833469282
46_51,0.4264925333956218,0.4312381638531567,,122.31816288126043,7.324369027773124
46_52,0.4427801742990254,0.4230380692527059,LIMAONG,122.31814912740062,7.333414218424729
46_52,0.4427801742990254,0.4264581596447925,LIMAONG,122.31814912740062,7.333414218424729
46_52,0.3866729563989667,0.4230380692527059,,122.31814912740062,7.333414218424729
46_52,0.3866729563989667,0.4264581596447925,,122.31814912740062,7.333414218424729
46_53,0.4166016133971927,0.4173789594221903,,122.31813535610297,7.342459405419686
46_54,0.4241018055899793,0.3879023393159549,MANGUSU,122.3181215673658,7.351504588753584
46_55,0.4270140567477803,0.3921683470446345,VITALI,122.31810776118735,7.360549768422013
46_56,0.4119441189560074,0.3908985163956619,VITALI,122.31809393756592,7.369594944420553
46_57,0.4025213350051528,0.3822488777936507,LIMAONG,122.31808009649973,7.378640116744809
46_58,0.416104875686264,0.3889750560573118,TICTAPUL,122.3180662379871,7.387685285390359
46_59,0.4026564358218618,0.3754118155016249,TICTAPUL,122.31805236202621,7.396730450352805
46_60,0.3926732512221332,0.3734272438970237,TICTAPUL,122.3180384686154,7.405775611627727
46_61,0.3905609209100711,0.3705854726559421,TICTAPUL,122.31802455775286,7.414820769210721
46_62,0.3971421777880535,0.3806970573282106,LICOMO,122.31801062943687,7.423865923097376
46_63,0.4146907024795858,0.4075317620786138,LICOMO,122.31799668366571,7.432911073283296
46_64,0.4281567083453351,0.4081370455468416,LICOMO,122.31798272043756,7.441956219764054
46_65,0.426456090864038,0.4082756652220087,LICOMO,122.31796873975071,7.451001362535261
46_66,0.4197568925818596,0.4072225174033108,LICOMO,122.31795474160342,7.4600465015924975
46_67,0.4147076167244178,0.4064886551008171,LICOMO,122.31794072599386,7.469091636931362
46_68,0.4143095214258909,0.4086076745991706,LICOMO,122.31792669292037,7.478136768547452
47_10,0.4497362860247797,0.47216606494213587,,122.32776405442482,6.953526052414384
47_49,0.47841174896695576,0.4783620208113808,,122.32724952184294,7.3062922337110185
47_50,0.4867955345293913,0.484901231687381,TAGUITI,122.32723598510361,7.315337448674268
47_51,0.4707936391260111,0.47221085115062456,,122.32722243116156,7.32438265999035
47_52,0.4228245594578639,0.4362422564099083,,122.32720886001502,7.333427867654851
47_53,0.4552165358933356,0.4822188242545451,LIMAONG,122.32719527166233,7.342473071663364
47_54,0.4546895361736274,0.4820374765138435,LIMAONG,122.3271816661018,7.351518272011468
47_55,0.4549057941799299,0.4551125352172855,LIMAONG,122.3271680433317,7.360563468694767
47_56,0.457909544087333,0.4596055223077256,VITALI,122.32715440335032,7.369608661708848
47_57,0.4593000653495987,0.474612539434597,LIMAONG,122.32714074615592,7.37865385104929
47_58,0.4654132409049813,0.480673199249629,LIMAONG,122.32712707174683,7.387699036711698
47_59,0.4521402956904432,0.4590605059697399,TICTAPUL,122.3271133801213,7.396744218691658
47_60,0.4212688110614523,0.4197767914979235,TICTAPUL,122.32709967127765,7.405789396984758
47_61,0.4107824162308917,0.3899011887319601,TICTAPUL,122.3270859452141,7.4148345715865975
47_62,0.4200109131483652,0.4120122050842495,LICOMO,122.32707220192897,7.4238797424927725
47_63,0.4266335309396433,0.4292485007488784,LICOMO,122.32705844142056,7.43292490969886
47_64,0.448228426250848,0.4295706694632974,LICOMO,122.32704466368705,7.441970073200468
47_65,0.4412648510746071,0.4302499041003673,LICOMO,122.32703086872677,7.451015232993182
47_66,0.4303186745912782,0.4314067957908664,LICOMO,122.327017056538,7.460060389072603
47_67,0.43267618438061,0.4330376336173027,LICOMO,122.32700322711895,7.4691055414343195
48_50,0.4871335426341719,0.4847192486599393,TAGUITI,122.33629536972578,7.315350881797218
48_51,0.4739584979963303,0.4825336668750891,LIMAONG,122.33628199826705,7.324396109898026
48_52,0.4633004461711364,0.4824419488859212,LIMAONG,122.33626860983557,7.333441334347904
48_53,0.4546310262425104,0.4822419301508692,LIMAONG,122.33625520442956,7.342486555142433
48_54,0.4501064422886944,0.4821428138841049,LIMAONG,122.33624178204737,7.351531772277221
48_55,0.456023321494699,0.4819883851633073,LIMAONG,122.3362283426873,7.3605769857478425
48_56,0.4632722486457385,0.4815385233068699,LIMAONG,122.33621488634768,7.369622195549895
48_57,0.4623772790581749,0.4818862509338363,LIMAONG,122.33620141302683,7.378667401678972
48_58,0.4636758998206073,0.4820425520325894,LIMAONG,122.33618792272298,7.387712604130658
48_59,0.4663213926091615,0.4816324077528749,LIMAONG,122.33617441543456,7.396757802900556
48_60,0.4451857085880769,0.4719443820516646,LIMAONG,122.33616089115975,7.405802997984246
48_61,0.4246422516937266,0.4047684321969618,TICTAPUL,122.33614734989695,7.414848189377332
48_62,0.4283502046192727,0.4246020316633105,LICOMO,122.33613379164439,7.4238933770754025
48_63,0.4387473653629514,0.435103126494888,LICOMO,122.33612021640043,7.432938561074054
48_64,0.4531955818399682,0.435131002280915,LICOMO,122.33610662416332,7.441983741368883
48_65,0.4445415430492141,0.4351717931089144,LICOMO,122.33609301493132,7.451028917955473
48_66,0.436003844546288,0.4348874160253749,LICOMO,122.33607938870281,7.460074090829426
48_67,0.4365892956623322,0.4348245771114557,LICOMO,122.33606574547603,7.469119259986341
49_13,0.4497362860247797,0.47216606494213587,,122.34583100924388,6.980687554660744
49_50,0.47628416665295503,0.4833779472968621,,122.34535477131907,7.315364132836453
49_51,0.4706147640927604,0.4824575953637076,LIMAONG,122.34534158234545,7.324409377494476
49_52,0.4629184940121214,0.4822779938981937,LIMAONG,122.34532837663063,7.3334546185022065
49_53,0.4548976035186729,0.4822217604553476,LIMAONG,122.34531515417298,7.342499855855238
49_54,0.453183655311158,0.4821754548950779,LIMAONG,122.3453019149708,7.351545089549154
49_55,0.4548972383325478,0.4817705989944236,LIMAONG,122.34528865902247,7.3605903195795515
49_56,0.4544353586926539,0.4816974238725964,LIMAONG,122.3452753863263,7.369635545942026
49_57,0.4538751756027356,0.4821235031853259,LIMAONG,122.34526209688063,7.378680768632163
49_58,0.4568692531381157,0.4845501199376177,LIMAONG,122.3452487906838,7.387725987645555
49_59,0.4666224568427514,0.4858931720840712,LIMAONG,122.34523546773413,7.396771202977803
49_60,0.45429059782074344,0.469191730809678,,122.3452221280299,7.405816414624494
49_61,0.4350736117558295,0.43065614619793263,,122.34520877156952,7.414861622581227
49_62,0.4275374460223545,0.4166551447513185,TICTAPUL,122.34519539835128,7.42390682684359
49_63,0.4496524478557171,0.4353107403264078,LICOMO,122.34518200837344,7.432952027407179
49_64,0.4552589171698725,0.4355227251825199,LICOMO,122.34516860163444,7.441997224267593
49_65,0.4545297562685839,0.4355135293870433,LICOMO,122.34515517813247,7.451042417420426
49_66,0.4393696887618412,0.4351540448783483,LICOMO,122.34514173786587,7.46008760686127
49_67,0.4373363204900303,0.4349261358019837,LICOMO,122.34512828083308,7.469132792585729
50_13,0.4497362860247797,0.47216606494213587,,122.35488383820014,6.980700019851584
50_14,0.47111516380519197,0.470917371479951,,122.35487144143669,6.989745412774539
50_51,0.4637197425208111,0.48234373125773294,,122.35440118316498,7.324422462778057
50_52,0.4544148855102529,0.4822098794014485,LIMAONG,122.35438816016855,7.333467720116111
50_53,0.4566920709925903,0.4822395207502258,LIMAONG,122.35437512066089,7.342512973800099
50_54,0.4582996554121177,0.4822419301508692,LIMAONG,122.35436206464041,7.351558223825614
50_55,0.4613465292977826,0.4820923292323929,LIMAONG,122.3543489921055,7.360603470188241
50_56,0.4616369965915727,0.4824730358876151,LIMAONG,122.35433590305442,7.369648712883571
50_57,0.4656313256935689,0.487608048177548,TUMITUS,122.35432279748562,7.3786939519072
50_58,0.4674100834481303,0.4981246033800292,TUMITUS,122.35430967539743,7.387739187254728
50_59,0.4686811793700008,0.5017202599628173,TUMITUS,122.3542965367882,7.39678441892174
50_60,0.46334439156124585,0.49189861041377253,,122.35428338165626,7.405829646903833
50_61,0.45126117269722066,0.46216952871708983,,122.35427020999998,7.414874871196606
50_62,0.4370882534721886,0.4233718148241037,,122.35425702181767,7.423920091795643
50_64,0.45362849222454515,0.4350110413959526,,122.35423059586844,7.442010521894929
50_65,0.44984113264761916,0.43498786047194055,,122.35421735809818,7.451055731386362
50_66,0.4555057579885843,0.4335772098028769,LICOMO,122.35420410379527,7.4601009371664535
51_52,0.45981214336658666,0.48224616836146056,,122.36344796021767,7.333480639187993
51_53,0.4603303335615376,0.4822322925482957,LIMAONG,122.36343510366163,7.342525908975412
51_54,0.4647049327564315,0.482271155209139,LIMAONG,122.3634222308245,7.351571175104967
51_55,0.4663689461885796,0.4822262688657485,LIMAONG,122.36340934170457,7.360616437572268
51_56,0.4729131275817269,0.483142837766158,TUMITUS,122.36339643630029,7.369661696372899
51_57,0.4744640228556132,0.4993100180195925,TUMITUS,122.36338351461004,7.3787069515024495
51_58,0.4721521658178568,0.5020651192259613,TUMITUS,122.36337057663214,7.387752202956532
51_59,0.4688225295572698,0.5018106345902803,TUMITUS,122.363357622365,7.396797450730717
52_53,0.464902964616935,0.482359936124548,,122.37249510294352,7.342538661379544
52_54,0.4706863198255998,0.4823640656280189,LIMAONG,122.37248241329134,7.351583943385606
52_55,0.4721011659485159,0.4826926464870609,LIMAONG,122.37246970758808,7.360629221730023
52_56,0.4741145799585851,0.4865622278902735,TUMITUS,122.37245698583217,7.36967449640839
52_57,0.4733550552069069,0.5020031182984027,TUMITUS,122.37244424802205,7.3787197674163
52_58,0.4726309804302072,0.5020651192259613,TUMITUS,122.37243149415606,7.387765034749343
52_59,0.4710732253926925,0.5020651192259613,TUMITUS,122.37241872423265,7.396810298403125
52_60,0.47080310496196676,0.5020057444995416,,122.37240593825015,7.405855558373229
52_61,0.47010890767239555,0.5019367726469129,,122.37239313620701,7.414900814655262
53_55,0.4722067780382986,0.4904862035710247,,122.38153008952422,7.360641822659923
53_56,0.4717210405819908,0.4987469586238092,TUMITUS,122.38151755141833,7.3696871129884585
53_57,0.4724107838768011,0.5020651192259613,TUMITUS,122.3815049974899,7.3787323996471414
53_58,0.4714733862911165,0.5020651192259613,TUMITUS,122.38149242773747,7.387777682631573
53_58,0.4714733862911165,0.4602449012174685,TUMITUS,122.38149242773747,7.387777682631573
53_58,0.4486389647396192,0.5020651192259613,,122.38149242773747,7.387777682631573
53_58,0.4486389647396192,0.4602449012174685,,122.38149242773747,7.387777682631573
53_59,0.4693366236118074,0.5020227302295439,TUMITUS,122.38147984215935,7.3968229619373504
54_57,0.47101690102971966,0.49303283474484233,,122.39056576278188,7.378744848193415
54_58,0.4680059081075733,0.5020420754310111,TUMITUS,122.39055337714451,7.387790146601649
54_59,0.46578565380824655,0.4853239454642907,,122.39054097591327,7.396835441331828
55_59,0.46578565380824655,0.4853239454642907,,122.39960212526263,7.396847736585002
56_54,0.4709850436680962,0.4935821730791723,,122.40872330135211,7.351633186489597
56_55,0.4709850436680962,0.4935821730791723,,122.40871132933123,7.3606785260669065
58_58,0.46164612203380895,0.4853324232635742,,122.42679732839296,7.387838163329745
