cell_id,filepath,centroid_lon,centroid_lat,processing
cell_0000_0021,output\cnn_reuse_1km_2024\images\cell_0000_0021.png,121.90209783400798,7.052218341627173,existing
cell_0000_0022,output\cnn_reuse_1km_2024\images\cell_0000_0022.png,121.90207651902136,7.061262612594819,existing
cell_0000_0023,output\cnn_reuse_1km_2024\images\cell_0000_0023.png,121.90205517602581,7.070306880000095,existing
cell_0000_0024,output\cnn_reuse_1km_2024\images\cell_0000_0024.png,121.90203380501863,7.079351143838532,existing
cell_0000_0025,output\cnn_reuse_1km_2024\images\cell_0000_0025.png,121.90201240599717,7.088395404105661,existing
cell_0000_0026,output\cnn_reuse_1km_2024\images\cell_0000_0026.png,121.90199097895875,7.097439660797003,existing
cell_0000_0027,output\cnn_reuse_1km_2024\images\cell_0000_0027.png,121.90196952390062,7.106483913908094,existing
cell_0000_0028,output\cnn_reuse_1km_2024\images\cell_0000_0028.png,121.90194804082023,7.115528163434453,existing
cell_0000_0029,output\cnn_reuse_1km_2024\images\cell_0000_0029.png,121.90192652971473,7.1245724093716225,existing
cell_0000_0030,output\cnn_reuse_1km_2024\images\cell_0000_0030.png,121.9019049905815,7.133616651715114,existing
cell_0000_0031,output\cnn_reuse_1km_2024\images\cell_0000_0031.png,121.90188342341784,7.142660890460473,existing
cell_0000_0032,output\cnn_reuse_1km_2024\images\cell_0000_0032.png,121.90186182822103,7.151705125603216,existing
cell_0001_0018,output\cnn_reuse_1km_2024\images\cell_0001_0018.png,121.91121422268708,7.025106617530358,existing
cell_0001_0019,output\cnn_reuse_1km_2024\images\cell_0001_0019.png,121.91119316669402,7.034150926599993,existing
cell_0001_0020,output\cnn_reuse_1km_2024\images\cell_0001_0020.png,121.91117208293086,7.0431952321217,existing
cell_0001_0021,output\cnn_reuse_1km_2024\images\cell_0001_0021.png,121.91115097139487,7.052239534091009,existing
cell_0001_0022,output\cnn_reuse_1km_2024\images\cell_0001_0022.png,121.91112983208345,7.061283832503443,existing
cell_0001_0023,output\cnn_reuse_1km_2024\images\cell_0001_0023.png,121.91110866499396,7.070328127354532,existing
cell_0001_0024,output\cnn_reuse_1km_2024\images\cell_0001_0024.png,121.91108747012366,7.079372418639805,existing
cell_0001_0025,output\cnn_reuse_1km_2024\images\cell_0001_0025.png,121.91106624747003,7.088416706354793,existing
cell_0001_0026,output\cnn_reuse_1km_2024\images\cell_0001_0026.png,121.91104499703029,7.09746099049502,existing
cell_0001_0027,output\cnn_reuse_1km_2024\images\cell_0001_0027.png,121.91102371880181,7.106505271056015,existing
cell_0001_0028,output\cnn_reuse_1km_2024\images\cell_0001_0028.png,121.91100241278195,7.115549548033316,existing
cell_0001_0029,output\cnn_reuse_1km_2024\images\cell_0001_0029.png,121.91098107896804,7.124593821422448,existing
cell_0001_0030,output\cnn_reuse_1km_2024\images\cell_0001_0030.png,121.91095971735734,7.133638091218942,existing
cell_0001_0031,output\cnn_reuse_1km_2024\images\cell_0001_0031.png,121.91093832794725,7.142682357418323,existing
cell_0001_0032,output\cnn_reuse_1km_2024\images\cell_0001_0032.png,121.91091691073504,7.151726620016132,existing
cell_0002_0014,output\cnn_reuse_1km_2024\images\cell_0002_0014.png,121.92035011088949,6.988950172440014,existing
cell_0002_0015,output\cnn_reuse_1km_2024\images\cell_0002_0015.png,121.9203293400133,6.9979945228672324,existing
cell_0002_0016,output\cnn_reuse_1km_2024\images\cell_0002_0016.png,121.92030854160815,7.00703886976543,existing
cell_0002_0017,output\cnn_reuse_1km_2024\images\cell_0002_0017.png,121.92028771567148,7.016083213130114,existing
cell_0002_0018,output\cnn_reuse_1km_2024\images\cell_0002_0018.png,121.92026686220069,7.025127552956828,existing
cell_0002_0019,output\cnn_reuse_1km_2024\images\cell_0002_0019.png,121.92024598119308,7.034171889241091,existing
cell_0002_0020,output\cnn_reuse_1km_2024\images\cell_0002_0020.png,121.92022507264615,7.043216221978442,existing
cell_0002_0021,output\cnn_reuse_1km_2024\images\cell_0002_0021.png,121.9202041365572,7.052260551164392,existing
cell_0002_0022,output\cnn_reuse_1km_2024\images\cell_0002_0022.png,121.92018317292361,7.061304876794486,existing
cell_0002_0023,output\cnn_reuse_1km_2024\images\cell_0002_0023.png,121.92016218174282,7.070349198864248,existing
cell_0002_0024,output\cnn_reuse_1km_2024\images\cell_0002_0024.png,121.92014116301212,7.079393517369208,existing
cell_0002_0025,output\cnn_reuse_1km_2024\images\cell_0002_0025.png,121.92012011672894,7.088437832304892,existing
cell_0002_0026,output\cnn_reuse_1km_2024\images\cell_0002_0026.png,121.92009904289053,7.097482143666837,existing
cell_0002_0027,output\cnn_reuse_1km_2024\images\cell_0002_0027.png,121.92007794149436,7.106526451450572,existing
cell_0002_0028,output\cnn_reuse_1km_2024\images\cell_0002_0028.png,121.92005681253778,7.115570755651625,existing
cell_0002_0029,output\cnn_reuse_1km_2024\images\cell_0002_0029.png,121.92003565601807,7.124615056265528,existing
cell_0002_0030,output\cnn_reuse_1km_2024\images\cell_0002_0030.png,121.92001447193262,7.133659353287818,existing
cell_0002_0031,output\cnn_reuse_1km_2024\images\cell_0002_0031.png,121.91999326027877,7.142703646714019,existing
cell_0003_0012,output\cnn_reuse_1km_2024\images\cell_0003_0012.png,121.92944319203272,6.9708820598269545,existing
cell_0003_0013,output\cnn_reuse_1km_2024\images\cell_0003_0013.png,121.92942264981038,6.979926444280363,existing
cell_0003_0014,output\cnn_reuse_1km_2024\images\cell_0003_0014.png,121.92940208029499,6.9889708252146825,existing
cell_0003_0015,output\cnn_reuse_1km_2024\images\cell_0003_0015.png,121.92938148348394,6.998015202625437,existing
cell_0003_0016,output\cnn_reuse_1km_2024\images\cell_0003_0016.png,121.92936085937464,7.007059576508153,existing
cell_0003_0017,output\cnn_reuse_1km_2024\images\cell_0003_0017.png,121.92934020796454,7.016103946858366,existing
cell_0003_0018,output\cnn_reuse_1km_2024\images\cell_0003_0018.png,121.92931952925103,7.025148313671601,existing
cell_0003_0019,output\cnn_reuse_1km_2024\images\cell_0003_0019.png,121.92929882323152,7.034192676943385,existing
cell_0003_0020,output\cnn_reuse_1km_2024\images\cell_0003_0020.png,121.92927808990345,7.0432370366692485,existing
cell_0003_0021,output\cnn_reuse_1km_2024\images\cell_0003_0021.png,121.92925732926415,7.052281392844722,existing
cell_0003_0022,output\cnn_reuse_1km_2024\images\cell_0003_0022.png,121.92923654131107,7.061325745465341,existing
cell_0003_0023,output\cnn_reuse_1km_2024\images\cell_0003_0023.png,121.92921572604156,7.070370094526626,existing
cell_0003_0024,output\cnn_reuse_1km_2024\images\cell_0003_0024.png,121.92919488345309,7.079414440024118,existing
cell_0003_0025,output\cnn_reuse_1km_2024\images\cell_0003_0025.png,121.92917401354298,7.088458781953345,existing
cell_0003_0026,output\cnn_reuse_1km_2024\images\cell_0003_0026.png,121.9291531163086,7.097503120309835,existing
cell_0003_0027,output\cnn_reuse_1km_2024\images\cell_0003_0027.png,121.92913219174739,7.1065474550891246,existing
cell_0003_0028,output\cnn_reuse_1km_2024\images\cell_0003_0028.png,121.92911123985667,7.115591786286744,existing
cell_0003_0029,output\cnn_reuse_1km_2024\images\cell_0003_0029.png,121.92909026063387,7.124636113898229,existing
cell_0003_0030,output\cnn_reuse_1km_2024\images\cell_0003_0030.png,121.92906925407628,7.133680437919108,existing
cell_0003_0031,output\cnn_reuse_1km_2024\images\cell_0003_0031.png,121.92904822018136,7.142724758344918,existing
cell_0004_0011,output\cnn_reuse_1km_2024\images\cell_0004_0011.png,121.93851518284639,6.961858070564233,existing
cell_0004_0012,output\cnn_reuse_1km_2024\images\cell_0004_0012.png,121.93849484129035,6.970902485285767,existing
cell_0004_0013,output\cnn_reuse_1km_2024\images\cell_0004_0013.png,121.93847447267444,6.9799468964936615,existing
cell_0004_0014,output\cnn_reuse_1km_2024\images\cell_0004_0014.png,121.93845407699608,6.988991304183447,existing
cell_0004_0015,output\cnn_reuse_1km_2024\images\cell_0004_0015.png,121.9384336542528,6.998035708350654,existing
cell_0004_0016,output\cnn_reuse_1km_2024\images\cell_0004_0016.png,121.93841320444196,7.007080108990811,existing
cell_0004_0017,output\cnn_reuse_1km_2024\images\cell_0004_0017.png,121.938392727561,7.016124506099448,existing
cell_0004_0018,output\cnn_reuse_1km_2024\images\cell_0004_0018.png,121.9383722236074,7.0251688996720905,existing
cell_0004_0019,output\cnn_reuse_1km_2024\images\cell_0004_0019.png,121.93835169257856,7.034213289704285,existing
cell_0004_0020,output\cnn_reuse_1km_2024\images\cell_0004_0020.png,121.93833113447191,7.043257676191541,existing
cell_0004_0021,output\cnn_reuse_1km_2024\images\cell_0004_0021.png,121.93831054928488,7.05230205912941,existing
cell_0004_0022,output\cnn_reuse_1km_2024\images\cell_0004_0022.png,121.9382899370149,7.061346438513405,existing
cell_0004_0023,output\cnn_reuse_1km_2024\images\cell_0004_0023.png,121.93826929765935,7.070390814339075,existing
cell_0004_0024,output\cnn_reuse_1km_2024\images\cell_0004_0024.png,121.93824863121564,7.0794351866019385,existing
cell_0004_0025,output\cnn_reuse_1km_2024\images\cell_0004_0025.png,121.93822793768126,7.088479555297538,existing
cell_0004_0026,output\cnn_reuse_1km_2024\images\cell_0004_0026.png,121.93820721705353,7.097523920421403,existing
cell_0004_0027,output\cnn_reuse_1km_2024\images\cell_0004_0027.png,121.93818646932986,7.10656828196907,existing
cell_0004_0028,output\cnn_reuse_1km_2024\images\cell_0004_0028.png,121.93816569450772,7.115612639936064,existing
cell_0004_0029,output\cnn_reuse_1km_2024\images\cell_0004_0029.png,121.93814489258439,7.124656994317928,existing
cell_0004_0030,output\cnn_reuse_1km_2024\images\cell_0004_0030.png,121.93812406355734,7.133701345110191,existing
cell_0004_0031,output\cnn_reuse_1km_2024\images\cell_0004_0031.png,121.93810320742395,7.1427456923083925,existing
cell_0004_0032,output\cnn_reuse_1km_2024\images\cell_0004_0032.png,121.93808232418161,7.151790035908067,existing
cell_0005_0010,output\cnn_reuse_1km_2024\images\cell_0005_0010.png,121.94758682713658,6.952833851386138,existing
cell_0005_0011,output\cnn_reuse_1km_2024\images\cell_0005_0011.png,121.94756668578556,6.961878296142302,existing
cell_0005_0012,output\cnn_reuse_1km_2024\images\cell_0005_0012.png,121.94754651760786,6.9709227373902785,existing
cell_0005_0013,output\cnn_reuse_1km_2024\images\cell_0005_0013.png,121.9475263226009,6.979967175125589,existing
cell_0005_0014,output\cnn_reuse_1km_2024\images\cell_0005_0014.png,121.9475061007622,6.989011609343769,existing
cell_0005_0015,output\cnn_reuse_1km_2024\images\cell_0005_0015.png,121.9474858520892,6.998056040040339,existing
cell_0005_0016,output\cnn_reuse_1km_2024\images\cell_0005_0016.png,121.94746557657933,7.007100467210842,existing
cell_0005_0017,output\cnn_reuse_1km_2024\images\cell_0005_0017.png,121.94744527423016,7.016144890850801,existing
cell_0005_0018,output\cnn_reuse_1km_2024\images\cell_0005_0018.png,121.947424945039,7.0251893109557555,existing
cell_0005_0019,output\cnn_reuse_1km_2024\images\cell_0005_0019.png,121.9474045890034,7.034233727521229,existing
cell_0005_0020,output\cnn_reuse_1km_2024\images\cell_0005_0020.png,121.94738420612082,7.0432781405427605,existing
cell_0005_0021,output\cnn_reuse_1km_2024\images\cell_0005_0021.png,121.9473637963886,7.052322550015877,existing
cell_0005_0022,output\cnn_reuse_1km_2024\images\cell_0005_0022.png,121.94734335980426,7.061366955936117,existing
cell_0005_0023,output\cnn_reuse_1km_2024\images\cell_0005_0023.png,121.94732289636525,7.070411358299014,existing
cell_0005_0024,output\cnn_reuse_1km_2024\images\cell_0005_0024.png,121.947302406069,7.079455757100095,existing
cell_0005_0025,output\cnn_reuse_1km_2024\images\cell_0005_0025.png,121.94728188891287,7.0885001523348965,existing
cell_0005_0026,output\cnn_reuse_1km_2024\images\cell_0005_0026.png,121.94726134489436,7.097544543998961,existing
cell_0005_0027,output\cnn_reuse_1km_2024\images\cell_0005_0027.png,121.94724077401087,7.106588932087809,existing
cell_0005_0028,output\cnn_reuse_1km_2024\images\cell_0005_0028.png,121.94722017625985,7.115633316596994,existing
cell_0005_0029,output\cnn_reuse_1km_2024\images\cell_0005_0029.png,121.94719955163865,7.124677697522031,existing
cell_0005_0030,output\cnn_reuse_1km_2024\images\cell_0005_0030.png,121.94717890014473,7.13372207485847,existing
cell_0005_0031,output\cnn_reuse_1km_2024\images\cell_0005_0031.png,121.94715822177551,7.1427664486018445,existing
cell_0005_0032,output\cnn_reuse_1km_2024\images\cell_0005_0032.png,121.9471375165284,7.15181081874769,existing
cell_0006_0009,output\cnn_reuse_1km_2024\images\cell_0006_0009.png,121.9566581253594,6.943809402978693,existing
cell_0006_0010,output\cnn_reuse_1km_2024\images\cell_0006_0010.png,121.95663818375222,6.952853877536035,existing
cell_0006_0011,output\cnn_reuse_1km_2024\images\cell_0006_0011.png,121.95661821555147,6.961898348590623,existing
cell_0006_0012,output\cnn_reuse_1km_2024\images\cell_0006_0012.png,121.9565982207546,6.970942816137971,existing
cell_0006_0013,output\cnn_reuse_1km_2024\images\cell_0006_0013.png,121.95657819935913,6.97998728017363,existing
cell_0006_0014,output\cnn_reuse_1km_2024\images\cell_0006_0014.png,121.95655815136256,6.989031740693113,existing
cell_0006_0015,output\cnn_reuse_1km_2024\images\cell_0006_0015.png,121.95653807676243,6.998076197691971,existing
cell_0006_0016,output\cnn_reuse_1km_2024\images\cell_0006_0016.png,121.95651797555612,7.00712065116572,existing
cell_0006_0017,output\cnn_reuse_1km_2024\images\cell_0006_0017.png,121.95649784774122,7.016165101109901,existing
cell_0006_0018,output\cnn_reuse_1km_2024\images\cell_0006_0018.png,121.95647769331507,7.025209547520046,existing
cell_0006_0019,output\cnn_reuse_1km_2024\images\cell_0006_0019.png,121.95645751227525,7.034253990391686,existing
cell_0006_0020,output\cnn_reuse_1km_2024\images\cell_0006_0020.png,121.95643730461924,7.043298429720358,existing
cell_0006_0021,output\cnn_reuse_1km_2024\images\cell_0006_0021.png,121.95641707034446,7.0523428655015925,existing
cell_0006_0022,output\cnn_reuse_1km_2024\images\cell_0006_0022.png,121.95639680944831,7.061387297730924,existing
cell_0006_0023,output\cnn_reuse_1km_2024\images\cell_0006_0023.png,121.95637652192839,7.07043172640389,existing
cell_0006_0024,output\cnn_reuse_1km_2024\images\cell_0006_0024.png,121.95635620778212,7.079476151516026,existing
cell_0006_0025,output\cnn_reuse_1km_2024\images\cell_0006_0025.png,121.9563358670069,7.088520573062865,existing
cell_0006_0026,output\cnn_reuse_1km_2024\images\cell_0006_0026.png,121.95631549960018,7.097564991039943,existing
cell_0006_0027,output\cnn_reuse_1km_2024\images\cell_0006_0027.png,121.95629510555945,7.106609405442793,existing
cell_0006_0028,output\cnn_reuse_1km_2024\images\cell_0006_0028.png,121.95627468488209,7.115653816266956,existing
cell_0006_0029,output\cnn_reuse_1km_2024\images\cell_0006_0029.png,121.95625423756563,7.124698223507972,existing
cell_0006_0030,output\cnn_reuse_1km_2024\images\cell_0006_0030.png,121.95623376360747,7.133742627161369,existing
cell_0006_0031,output\cnn_reuse_1km_2024\images\cell_0006_0031.png,121.95621326300498,7.142787027222694,existing
cell_0006_0032,output\cnn_reuse_1km_2024\images\cell_0006_0032.png,121.95619273575566,7.1518314236874705,existing
cell_0007_0009,output\cnn_reuse_1km_2024\images\cell_0007_0009.png,121.96570933564651,6.9438292301530025,existing
cell_0007_0010,output\cnn_reuse_1km_2024\images\cell_0007_0010.png,121.96568956696144,6.952873730780748,existing
cell_0007_0011,output\cnn_reuse_1km_2024\images\cell_0007_0011.png,121.96566977191344,6.961918227906689,existing
cell_0007_0012,output\cnn_reuse_1km_2024\images\cell_0007_0012.png,121.96564995049994,6.970962721526356,existing
cell_0007_0013,output\cnn_reuse_1km_2024\images\cell_0007_0013.png,121.96563010271848,6.98000721163528,existing
cell_0007_0014,output\cnn_reuse_1km_2024\images\cell_0007_0014.png,121.96561022856659,6.989051698228999,existing
cell_0007_0015,output\cnn_reuse_1km_2024\images\cell_0007_0015.png,121.96559032804178,6.998096181303041,existing
cell_0007_0016,output\cnn_reuse_1km_2024\images\cell_0007_0016.png,121.96557040114156,7.007140660852938,existing
cell_0007_0017,output\cnn_reuse_1km_2024\images\cell_0007_0017.png,121.9655504478634,7.016185136874235,existing
cell_0007_0018,output\cnn_reuse_1km_2024\images\cell_0007_0018.png,121.96553046820483,7.025229609362455,existing
cell_0007_0019,output\cnn_reuse_1km_2024\images\cell_0007_0019.png,121.96551046216334,7.034274078313136,existing
cell_0007_0020,output\cnn_reuse_1km_2024\images\cell_0007_0020.png,121.96549042973643,7.043318543721814,existing
cell_0007_0021,output\cnn_reuse_1km_2024\images\cell_0007_0021.png,121.96547037092157,7.052363005584021,existing
cell_0007_0022,output\cnn_reuse_1km_2024\images\cell_0007_0022.png,121.96545028571627,7.061407463895303,existing
cell_0007_0023,output\cnn_reuse_1km_2024\images\cell_0007_0023.png,121.96543017411796,7.070451918651181,existing
cell_0007_0024,output\cnn_reuse_1km_2024\images\cell_0007_0024.png,121.9654100361242,7.079496369847202,existing
cell_0007_0025,output\cnn_reuse_1km_2024\images\cell_0007_0025.png,121.96538987173236,7.088540817478899,existing
cell_0007_0026,output\cnn_reuse_1km_2024\images\cell_0007_0026.png,121.96536968094001,7.0975852615418065,existing
cell_0007_0027,output\cnn_reuse_1km_2024\images\cell_0007_0027.png,121.96534946374459,7.106629702031474,existing
cell_0007_0028,output\cnn_reuse_1km_2024\images\cell_0007_0028.png,121.96532922014353,7.115674138943418,existing
cell_0007_0029,output\cnn_reuse_1km_2024\images\cell_0007_0029.png,121.96530895013434,7.1247185722731965,existing
cell_0007_0030,output\cnn_reuse_1km_2024\images\cell_0007_0030.png,121.96528865371447,7.133763002016336,existing
cell_0007_0031,output\cnn_reuse_1km_2024\images\cell_0007_0031.png,121.96526833088129,7.142807428168376,existing
cell_0007_0032,output\cnn_reuse_1km_2024\images\cell_0007_0032.png,121.96524798163237,7.151851850724868,existing
cell_0008_0010,output\cnn_reuse_1km_2024\images\cell_0008_0010.png,121.9747409765337,6.952893411117809,existing
cell_0008_0011,output\cnn_reuse_1km_2024\images\cell_0008_0011.png,121.97472135464085,6.961937934088041,existing
cell_0008_0012,output\cnn_reuse_1km_2024\images\cell_0008_0012.png,121.97470170661322,6.970982453552955,existing
cell_0008_0013,output\cnn_reuse_1km_2024\images\cell_0008_0013.png,121.97468203244824,6.980026969508073,existing
cell_0008_0014,output\cnn_reuse_1km_2024\images\cell_0008_0014.png,121.97466233214351,6.9890714819489315,existing
cell_0008_0015,output\cnn_reuse_1km_2024\images\cell_0008_0015.png,121.97464260569654,6.998115990871069,existing
cell_0008_0016,output\cnn_reuse_1km_2024\images\cell_0008_0016.png,121.97462285310489,7.007160496270019,existing
cell_0008_0017,output\cnn_reuse_1km_2024\images\cell_0008_0017.png,121.97460307436603,7.01620499814131,existing
cell_0008_0018,output\cnn_reuse_1km_2024\images\cell_0008_0018.png,121.97458326947752,7.025249496480493,existing
cell_0008_0019,output\cnn_reuse_1km_2024\images\cell_0008_0019.png,121.97456343843687,7.034293991283082,existing
cell_0008_0020,output\cnn_reuse_1km_2024\images\cell_0008_0020.png,121.97454358124158,7.043338482544633,existing
cell_0008_0021,output\cnn_reuse_1km_2024\images\cell_0008_0021.png,121.97452369788917,7.052382970260677,existing
cell_0008_0022,output\cnn_reuse_1km_2024\images\cell_0008_0022.png,121.97450378837715,7.061427454426743,existing
cell_0008_0023,output\cnn_reuse_1km_2024\images\cell_0008_0023.png,121.97448385270302,7.070471935038376,existing
cell_0008_0024,output\cnn_reuse_1km_2024\images\cell_0008_0024.png,121.97446389086426,7.0795164120911105,existing
cell_0008_0025,output\cnn_reuse_1km_2024\images\cell_0008_0025.png,121.9744439028584,7.08856088558049,existing
cell_0008_0026,output\cnn_reuse_1km_2024\images\cell_0008_0026.png,121.97442388868294,7.097605355502045,existing
cell_0008_0027,output\cnn_reuse_1km_2024\images\cell_0008_0027.png,121.97440384833534,7.106649821851315,existing
cell_0008_0028,output\cnn_reuse_1km_2024\images\cell_0008_0028.png,121.97438378181313,7.115694284623851,existing
cell_0008_0029,output\cnn_reuse_1km_2024\images\cell_0008_0029.png,121.97436368911374,7.124738743815171,existing
cell_0008_0030,output\cnn_reuse_1km_2024\images\cell_0008_0030.png,121.97434357023468,7.133783199420837,existing
cell_0008_0031,output\cnn_reuse_1km_2024\images\cell_0008_0031.png,121.97432342517341,7.142827651436372,existing
cell_0008_0032,output\cnn_reuse_1km_2024\images\cell_0008_0032.png,121.97430325392742,7.151872099857325,existing
cell_0009_0009,output\cnn_reuse_1km_2024\images\cell_0009_0009.png,121.98381183507165,6.943868366457378,existing
cell_0009_0010,output\cnn_reuse_1km_2024\images\cell_0009_0010.png,121.98379241223829,6.952912918544772,existing
cell_0009_0011,output\cnn_reuse_1km_2024\images\cell_0009_0011.png,121.98377296350314,6.961957467132238,existing
cell_0009_0012,output\cnn_reuse_1km_2024\images\cell_0009_0012.png,121.98375348886378,6.971002012215321,existing
cell_0009_0013,output\cnn_reuse_1km_2024\images\cell_0009_0013.png,121.9837339883178,6.980046553789548,existing
cell_0009_0014,output\cnn_reuse_1km_2024\images\cell_0009_0014.png,121.98371446186268,6.989091091850465,existing
cell_0009_0015,output\cnn_reuse_1km_2024\images\cell_0009_0015.png,121.98369490949602,6.998135626393596,existing
cell_0009_0016,output\cnn_reuse_1km_2024\images\cell_0009_0016.png,121.98367533121541,7.007180157414487,existing
cell_0009_0017,output\cnn_reuse_1km_2024\images\cell_0009_0017.png,121.98365572701833,7.016224684908671,existing
cell_0009_0018,output\cnn_reuse_1km_2024\images\cell_0009_0018.png,121.98363609690236,7.025269208871677,existing
cell_0009_0019,output\cnn_reuse_1km_2024\images\cell_0009_0019.png,121.983616440865,7.034313729299059,existing
cell_0009_0020,output\cnn_reuse_1km_2024\images\cell_0009_0020.png,121.98359675890381,7.0433582461863375,existing
cell_0009_0021,output\cnn_reuse_1km_2024\images\cell_0009_0021.png,121.98357705101637,7.052402759529061,existing
cell_0009_0022,output\cnn_reuse_1km_2024\images\cell_0009_0022.png,121.98355731720012,7.0614472693227635,existing
cell_0009_0023,output\cnn_reuse_1km_2024\images\cell_0009_0023.png,121.98353755745264,7.070491775562984,existing
cell_0009_0024,output\cnn_reuse_1km_2024\images\cell_0009_0024.png,121.98351777177146,7.079536278245262,existing
cell_0009_0025,output\cnn_reuse_1km_2024\images\cell_0009_0025.png,121.98349796015408,7.088580777365141,existing
cell_0009_0026,output\cnn_reuse_1km_2024\images\cell_0009_0026.png,121.983478122598,7.097625272918152,existing
cell_0009_0027,output\cnn_reuse_1km_2024\images\cell_0009_0027.png,121.98345825910076,7.10666976489984,existing
cell_0009_0028,output\cnn_reuse_1km_2024\images\cell_0009_0028.png,121.98343836965986,7.115714253305742,existing
cell_0009_0029,output\cnn_reuse_1km_2024\images\cell_0009_0029.png,121.98341845427281,7.124758738131401,existing
cell_0009_0030,output\cnn_reuse_1km_2024\images\cell_0009_0030.png,121.9833985129371,7.133803219372361,existing
cell_0009_0031,output\cnn_reuse_1km_2024\images\cell_0009_0031.png,121.98337854565024,7.142847697024159,existing
cell_0009_0032,output\cnn_reuse_1km_2024\images\cell_0009_0032.png,121.98335855240974,7.15189217108234,existing
cell_0010_0008,output\cnn_reuse_1km_2024\images\cell_0010_0008.png,121.99288234798361,6.934843094611433,existing
cell_0010_0009,output\cnn_reuse_1km_2024\images\cell_0010_0009.png,121.9928631237485,6.943887675582589,existing
cell_0010_0010,output\cnn_reuse_1km_2024\images\cell_0010_0010.png,121.99284387384466,6.952932253059212,existing
cell_0010_0011,output\cnn_reuse_1km_2024\images\cell_0010_0011.png,121.99282459826962,6.961976827036846,existing
cell_0010_0012,output\cnn_reuse_1km_2024\images\cell_0010_0012.png,121.99280529702102,6.971021397511019,existing
cell_0010_0013,output\cnn_reuse_1km_2024\images\cell_0010_0013.png,121.9927859700964,6.980065964477281,existing
cell_0010_0014,output\cnn_reuse_1km_2024\images\cell_0010_0014.png,121.99276661749339,6.989110527931154,existing
cell_0010_0015,output\cnn_reuse_1km_2024\images\cell_0010_0015.png,121.99274723920954,6.9981550878681835,existing
cell_0010_0016,output\cnn_reuse_1km_2024\images\cell_0010_0016.png,121.99272783524236,7.007199644283907,existing
cell_0010_0017,output\cnn_reuse_1km_2024\images\cell_0010_0017.png,121.99270840558951,7.016244197173857,existing
cell_0010_0018,output\cnn_reuse_1km_2024\images\cell_0010_0018.png,121.99268895024854,7.025288746533577,existing
cell_0010_0019,output\cnn_reuse_1km_2024\images\cell_0010_0019.png,121.99266946921695,7.034333292358603,existing
cell_0010_0020,output\cnn_reuse_1km_2024\images\cell_0010_0020.png,121.99264996249237,7.043377834644473,existing
cell_0010_0021,output\cnn_reuse_1km_2024\images\cell_0010_0021.png,121.99263043007232,7.052422373386729,existing
cell_0010_0022,output\cnn_reuse_1km_2024\images\cell_0010_0022.png,121.99261087195435,7.061466908580906,existing
cell_0010_0023,output\cnn_reuse_1km_2024\images\cell_0010_0023.png,121.99259128813601,7.070511440222548,existing
cell_0010_0024,output\cnn_reuse_1km_2024\images\cell_0010_0024.png,121.99257167861484,7.0795559683071945,existing
cell_0010_0025,output\cnn_reuse_1km_2024\images\cell_0010_0025.png,121.99255204338841,7.088600492830382,existing
cell_0010_0026,output\cnn_reuse_1km_2024\images\cell_0010_0026.png,121.99253238245424,7.0976450137876546,existing
cell_0010_0027,output\cnn_reuse_1km_2024\images\cell_0010_0027.png,121.99251269580982,7.106689531174555,existing
cell_0010_0028,output\cnn_reuse_1km_2024\images\cell_0010_0028.png,121.99249298345275,7.115734044986622,existing
cell_0010_0029,output\cnn_reuse_1km_2024\images\cell_0010_0029.png,121.99247324538052,7.124778555219399,existing
cell_0010_0030,output\cnn_reuse_1km_2024\images\cell_0010_0030.png,121.99245348159069,7.133823061868427,existing
cell_0010_0031,output\cnn_reuse_1km_2024\images\cell_0010_0031.png,121.99243369208072,7.142867564929248,existing
cell_0010_0032,output\cnn_reuse_1km_2024\images\cell_0010_0032.png,121.9924138768482,7.151912064397412,existing
cell_0011_0007,output\cnn_reuse_1km_2024\images\cell_0011_0007.png,122.00195251572595,6.925817596265982,existing
cell_0011_0008,output\cnn_reuse_1km_2024\images\cell_0011_0008.png,122.00193348962792,6.934862205887531,existing
cell_0011_0009,output\cnn_reuse_1km_2024\images\cell_0011_0009.png,122.00191443809413,6.943906812019934,existing
cell_0011_0010,output\cnn_reuse_1km_2024\images\cell_0011_0010.png,122.00189536112217,6.952951414658733,existing
cell_0011_0011,output\cnn_reuse_1km_2024\images\cell_0011_0011.png,122.00187625870967,6.961996013799459,existing
cell_0011_0012,output\cnn_reuse_1km_2024\images\cell_0011_0012.png,122.00185713085423,6.971040609437654,existing
cell_0011_0013,output\cnn_reuse_1km_2024\images\cell_0011_0013.png,122.00183797755345,6.980085201568848,existing
cell_0011_0014,output\cnn_reuse_1km_2024\images\cell_0011_0014.png,122.00181879880495,6.989129790188589,existing
cell_0011_0015,output\cnn_reuse_1km_2024\images\cell_0011_0015.png,122.00179959460625,6.998174375292417,existing
cell_0011_0016,output\cnn_reuse_1km_2024\images\cell_0011_0016.png,122.00178036495504,7.007218956875856,existing
cell_0011_0017,output\cnn_reuse_1km_2024\images\cell_0011_0017.png,122.00176110984889,7.016263534934459,existing
cell_0011_0018,output\cnn_reuse_1km_2024\images\cell_0011_0018.png,122.00174182928531,7.0253081094637535,existing
cell_0011_0019,output\cnn_reuse_1km_2024\images\cell_0011_0019.png,122.00172252326193,7.034352680459291,existing
cell_0011_0020,output\cnn_reuse_1km_2024\images\cell_0011_0020.png,122.00170319177639,7.043397247916608,existing
cell_0011_0021,output\cnn_reuse_1km_2024\images\cell_0011_0021.png,122.0016838348262,7.052441811831239,existing
cell_0011_0022,output\cnn_reuse_1km_2024\images\cell_0011_0022.png,122.00166445240895,7.061486372198727,existing
cell_0011_0023,output\cnn_reuse_1km_2024\images\cell_0011_0023.png,122.00164504452218,7.07053092901462,existing
cell_0011_0024,output\cnn_reuse_1km_2024\images\cell_0011_0024.png,122.0016256111635,7.07957548227445,existing
cell_0011_0025,output\cnn_reuse_1km_2024\images\cell_0011_0025.png,122.0016061523305,7.0886200319737664,existing
cell_0011_0026,output\cnn_reuse_1km_2024\images\cell_0011_0026.png,122.00158666802066,7.097664578108106,existing
cell_0011_0027,output\cnn_reuse_1km_2024\images\cell_0011_0027.png,122.00156715823157,7.106709120673008,existing
cell_0011_0028,output\cnn_reuse_1km_2024\images\cell_0011_0028.png,122.0015476229608,7.115753659664027,existing
cell_0011_0029,output\cnn_reuse_1km_2024\images\cell_0011_0029.png,122.00152806220588,7.1247981950767025,existing
cell_0011_0030,output\cnn_reuse_1km_2024\images\cell_0011_0030.png,122.00150847596436,7.133842726906568,existing
cell_0011_0031,output\cnn_reuse_1km_2024\images\cell_0011_0031.png,122.0014888642338,7.142887255149175,existing
cell_0011_0032,output\cnn_reuse_1km_2024\images\cell_0011_0032.png,122.00146922701174,7.151931779800065,existing
cell_0012_0007,output\cnn_reuse_1km_2024\images\cell_0012_0007.png,122.01100351033288,6.925836510145619,existing
cell_0012_0008,output\cnn_reuse_1km_2024\images\cell_0012_0008.png,122.01098465670796,6.934881144700452,existing
cell_0012_0009,output\cnn_reuse_1km_2024\images\cell_0012_0009.png,122.01096577787791,6.943925775767045,existing
cell_0012_0010,output\cnn_reuse_1km_2024\images\cell_0012_0010.png,122.01094687384024,6.952970403340953,existing
cell_0012_0011,output\cnn_reuse_1km_2024\images\cell_0012_0011.png,122.01092794459267,6.9620150274176975,existing
cell_0012_0012,output\cnn_reuse_1km_2024\images\cell_0012_0012.png,122.01090899013282,6.971059647992827,existing
cell_0012_0013,output\cnn_reuse_1km_2024\images\cell_0012_0013.png,122.01089001045824,6.9801042650618745,existing
cell_0012_0014,output\cnn_reuse_1km_2024\images\cell_0012_0014.png,122.01087100556661,6.989148878620386,existing
cell_0012_0015,output\cnn_reuse_1km_2024\images\cell_0012_0015.png,122.01085197545557,6.998193488663892,existing
cell_0012_0016,output\cnn_reuse_1km_2024\images\cell_0012_0016.png,122.01083292012267,7.0072380951879385,existing
cell_0012_0017,output\cnn_reuse_1km_2024\images\cell_0012_0017.png,122.01081383956557,7.016282698188065,existing
cell_0012_0018,output\cnn_reuse_1km_2024\images\cell_0012_0018.png,122.01079473378188,7.0253272976598105,existing
cell_0012_0019,output\cnn_reuse_1km_2024\images\cell_0012_0019.png,122.01077560276914,7.034371893598718,existing
cell_0012_0020,output\cnn_reuse_1km_2024\images\cell_0012_0020.png,122.01075644652504,7.043416486000323,existing
cell_0012_0021,output\cnn_reuse_1km_2024\images\cell_0012_0021.png,122.01073726504714,7.052461074860174,existing
cell_0012_0022,output\cnn_reuse_1km_2024\images\cell_0012_0022.png,122.01071805833301,7.061505660173815,existing
cell_0012_0023,output\cnn_reuse_1km_2024\images\cell_0012_0023.png,122.01069882638028,7.070550241936775,existing
cell_0012_0024,output\cnn_reuse_1km_2024\images\cell_0012_0024.png,122.01067956918652,7.079594820144615,existing
cell_0012_0025,output\cnn_reuse_1km_2024\images\cell_0012_0025.png,122.01066028674933,7.088639394792862,existing
cell_0012_0026,output\cnn_reuse_1km_2024\images\cell_0012_0026.png,122.0106409790663,7.097683965877067,existing
cell_0012_0027,output\cnn_reuse_1km_2024\images\cell_0012_0027.png,122.01062164613501,7.106728533392777,existing
cell_0012_0028,output\cnn_reuse_1km_2024\images\cell_0012_0028.png,122.01060228795295,7.115773097335523,existing
cell_0012_0029,output\cnn_reuse_1km_2024\images\cell_0012_0029.png,122.0105829045178,7.124817657700865,existing
cell_0012_0030,output\cnn_reuse_1km_2024\images\cell_0012_0030.png,122.0105634958271,7.133862214484335,existing
cell_0012_0031,output\cnn_reuse_1km_2024\images\cell_0012_0031.png,122.01054406187838,7.142906767681486,existing
cell_0012_0032,output\cnn_reuse_1km_2024\images\cell_0012_0032.png,122.01052460266926,7.151951317287866,existing
cell_0013_0006,output\cnn_reuse_1km_2024\images\cell_0013_0006.png,122.0200731863197,6.916810589042842,existing
cell_0013_0007,output\cnn_reuse_1km_2024\images\cell_0013_0007.png,122.02005453014262,6.925855251786776,existing
cell_0013_0008,output\cnn_reuse_1km_2024\images\cell_0013_0008.png,122.02003584899325,6.934899911047835,existing
cell_0013_0009,output\cnn_reuse_1km_2024\images\cell_0013_0009.png,122.02001714286926,6.943944566821574,existing
cell_0013_0010,output\cnn_reuse_1km_2024\images\cell_0013_0010.png,122.01999841176828,6.9529892191035145,existing
cell_0013_0011,output\cnn_reuse_1km_2024\images\cell_0013_0011.png,122.01997965568796,6.962033867889201,existing
cell_0013_0012,output\cnn_reuse_1km_2024\images\cell_0013_0012.png,122.01996087462607,6.971078513174183,existing
cell_0013_0013,output\cnn_reuse_1km_2024\images\cell_0013_0013.png,122.0199420685801,6.980123154953988,existing
cell_0013_0014,output\cnn_reuse_1km_2024\images\cell_0013_0014.png,122.01992323754774,6.9891677932241585,existing
cell_0013_0015,output\cnn_reuse_1km_2024\images\cell_0013_0015.png,122.01990438152669,6.998212427980241,existing
cell_0013_0016,output\cnn_reuse_1km_2024\images\cell_0013_0016.png,122.01988550051453,7.0072570592177765,existing
cell_0013_0017,output\cnn_reuse_1km_2024\images\cell_0013_0017.png,122.01986659450888,7.016301686932297,existing
cell_0013_0018,output\cnn_reuse_1km_2024\images\cell_0013_0018.png,122.01984766350742,7.02534631111936,existing
cell_0013_0019,output\cnn_reuse_1km_2024\images\cell_0013_0019.png,122.01982870750776,7.034390931774486,existing
cell_0013_0020,output\cnn_reuse_1km_2024\images\cell_0013_0020.png,122.0198097265075,7.043435548893241,existing
cell_0013_0021,output\cnn_reuse_1km_2024\images\cell_0013_0021.png,122.01979072050426,7.052480162471147,existing
cell_0013_0022,output\cnn_reuse_1km_2024\images\cell_0013_0022.png,122.01977168949573,7.061524772503764,existing
cell_0013_0023,output\cnn_reuse_1km_2024\images\cell_0013_0023.png,122.01975263347944,7.070569378986627,existing
cell_0013_0024,output\cnn_reuse_1km_2024\images\cell_0013_0024.png,122.019733552453,7.07961398191528,existing
cell_0013_0025,output\cnn_reuse_1km_2024\images\cell_0013_0025.png,122.0197144464141,7.088658581285267,existing
cell_0013_0026,output\cnn_reuse_1km_2024\images\cell_0013_0026.png,122.01969531536025,7.097703177092137,existing
cell_0013_0027,output\cnn_reuse_1km_2024\images\cell_0013_0027.png,122.01967615928915,7.106747769331431,existing
cell_0013_0028,output\cnn_reuse_1km_2024\images\cell_0013_0028.png,122.01965697819826,7.115792357998695,existing
cell_0013_0029,output\cnn_reuse_1km_2024\images\cell_0013_0029.png,122.01963777208533,7.124836943089472,existing
cell_0013_0030,output\cnn_reuse_1km_2024\images\cell_0013_0030.png,122.01961854094785,7.133881524599316,existing
cell_0013_0031,output\cnn_reuse_1km_2024\images\cell_0013_0031.png,122.01959928478341,7.142926102523765,existing
cell_0013_0032,output\cnn_reuse_1km_2024\images\cell_0013_0032.png,122.01958000358964,7.151970676858368,existing
cell_0014_0006,output\cnn_reuse_1km_2024\images\cell_0014_0006.png,122.02912405885448,6.916829133964911,existing
cell_0014_0007,output\cnn_reuse_1km_2024\images\cell_0014_0007.png,122.02910557492466,6.925873821187123,existing
cell_0014_0008,output\cnn_reuse_1km_2024\images\cell_0014_0008.png,122.02908706625314,6.934918504927369,existing
cell_0014_0009,output\cnn_reuse_1km_2024\images\cell_0014_0009.png,122.02906853283754,6.943963185181168,existing
cell_0014_0010,output\cnn_reuse_1km_2024\images\cell_0014_0010.png,122.02904997467559,6.953007861944078,existing
cell_0014_0011,output\cnn_reuse_1km_2024\images\cell_0014_0011.png,122.02903139176495,6.962052535211637,existing
cell_0014_0012,output\cnn_reuse_1km_2024\images\cell_0014_0012.png,122.0290127841033,6.971097204979371,existing
cell_0014_0013,output\cnn_reuse_1km_2024\images\cell_0014_0013.png,122.02899415168832,6.9801418712428385,existing
cell_0014_0014,output\cnn_reuse_1km_2024\images\cell_0014_0014.png,122.02897549451761,6.98918653399757,existing
cell_0014_0015,output\cnn_reuse_1km_2024\images\cell_0014_0015.png,122.02895681258889,6.998231193239116,existing
cell_0014_0016,output\cnn_reuse_1km_2024\images\cell_0014_0016.png,122.02893810589981,7.00727584896301,existing
cell_0014_0017,output\cnn_reuse_1km_2024\images\cell_0014_0017.png,122.02891937444805,7.016320501164805,existing
cell_0014_0018,output\cnn_reuse_1km_2024\images\cell_0014_0018.png,122.02890061823119,7.025365149840031,existing
cell_0014_0019,output\cnn_reuse_1km_2024\images\cell_0014_0019.png,122.02888183724693,7.034409794984248,existing
cell_0014_0020,output\cnn_reuse_1km_2024\images\cell_0014_0020.png,122.02886303149292,7.043454436592979,existing
cell_0014_0021,output\cnn_reuse_1km_2024\images\cell_0014_0021.png,122.02884420096676,7.052499074661789,existing
cell_0014_0022,output\cnn_reuse_1km_2024\images\cell_0014_0022.png,122.02882534566614,7.061543709186207,existing
cell_0014_0023,output\cnn_reuse_1km_2024\images\cell_0014_0023.png,122.02880646558864,7.070588340161787,existing
cell_0014_0024,output\cnn_reuse_1km_2024\images\cell_0014_0024.png,122.02878756073201,7.079632967584069,existing
cell_0014_0025,output\cnn_reuse_1km_2024\images\cell_0014_0025.png,122.02876863109373,7.0886775914486,existing
cell_0014_0026,output\cnn_reuse_1km_2024\images\cell_0014_0026.png,122.02874967667152,7.097722211750922,existing
cell_0014_0027,output\cnn_reuse_1km_2024\images\cell_0014_0027.png,122.02873069746299,7.1067668284865935,existing
cell_0014_0028,output\cnn_reuse_1km_2024\images\cell_0014_0028.png,122.02871169346571,7.115811441651145,existing
cell_0014_0029,output\cnn_reuse_1km_2024\images\cell_0014_0029.png,122.02869266467735,7.124856051240136,existing
cell_0014_0030,output\cnn_reuse_1km_2024\images\cell_0014_0030.png,122.02867361109547,7.133900657249104,existing
cell_0014_0031,output\cnn_reuse_1km_2024\images\cell_0014_0031.png,122.0286545327178,7.1429452596736,existing
cell_0014_0032,output\cnn_reuse_1km_2024\images\cell_0014_0032.png,122.02863542954178,7.15198985850918,existing
cell_0015_0002,output\cnn_reuse_1km_2024\images\cell_0015_0002.png,122.03824795778374,6.8806686262553765,existing
cell_0015_0003,output\cnn_reuse_1km_2024\images\cell_0015_0003.png,122.03822974412526,6.889713351608604,existing
cell_0015_0006,output\cnn_reuse_1km_2024\images\cell_0015_0006.png,122.03817495612866,6.916847506870912,existing
cell_0015_0007,output\cnn_reuse_1km_2024\images\cell_0015_0007.png,122.03815664444842,6.925892218344367,existing
cell_0015_0008,output\cnn_reuse_1km_2024\images\cell_0015_0008.png,122.03813830825706,6.934936926336725,existing
cell_0015_0009,output\cnn_reuse_1km_2024\images\cell_0015_0009.png,122.03811994755223,6.943981630843538,existing
cell_0015_0010,output\cnn_reuse_1km_2024\images\cell_0015_0010.png,122.03810156233162,6.953026331860336,existing
cell_0015_0011,output\cnn_reuse_1km_2024\images\cell_0015_0011.png,122.03808315259298,6.962071029382669,existing
cell_0015_0012,output\cnn_reuse_1km_2024\images\cell_0015_0012.png,122.03806471833394,6.971115723406078,existing
cell_0015_0013,output\cnn_reuse_1km_2024\images\cell_0015_0013.png,122.03804625955222,6.980160413926104,existing
cell_0015_0014,output\cnn_reuse_1km_2024\images\cell_0015_0014.png,122.0380277762455,6.989205100938291,existing
cell_0015_0015,output\cnn_reuse_1km_2024\images\cell_0015_0015.png,122.03800926841151,6.998249784438178,existing
cell_0015_0016,output\cnn_reuse_1km_2024\images\cell_0015_0016.png,122.03799073604786,7.007294464421313,existing
cell_0015_0017,output\cnn_reuse_1km_2024\images\cell_0015_0017.png,122.03797217915223,7.0163391408832405,existing
cell_0015_0018,output\cnn_reuse_1km_2024\images\cell_0015_0018.png,122.03795359772235,7.0253838138195,existing
cell_0015_0019,output\cnn_reuse_1km_2024\images\cell_0015_0019.png,122.03793499175589,7.034428483225644,existing
cell_0015_0020,output\cnn_reuse_1km_2024\images\cell_0015_0020.png,122.03791636125045,7.043473149097205,existing
cell_0015_0021,output\cnn_reuse_1km_2024\images\cell_0015_0021.png,122.03789770620372,7.052517811429744,existing
cell_0015_0022,output\cnn_reuse_1km_2024\images\cell_0015_0022.png,122.03787902661341,7.06156247021879,existing
cell_0015_0023,output\cnn_reuse_1km_2024\images\cell_0015_0023.png,122.03786032247714,7.070607125459904,existing
cell_0015_0024,output\cnn_reuse_1km_2024\images\cell_0015_0024.png,122.03784159379258,7.07965177714862,existing
cell_0015_0025,output\cnn_reuse_1km_2024\images\cell_0015_0025.png,122.03782284055731,7.088696425280493,existing
cell_0015_0026,output\cnn_reuse_1km_2024\images\cell_0015_0026.png,122.0378040627691,7.09774106985107,existing
cell_0015_0027,output\cnn_reuse_1km_2024\images\cell_0015_0027.png,122.03778526042551,7.106785710855889,existing
cell_0015_0028,output\cnn_reuse_1km_2024\images\cell_0015_0028.png,122.0377664335242,7.115830348290512,existing
cell_0015_0029,output\cnn_reuse_1km_2024\images\cell_0015_0029.png,122.03774758206283,7.124874982150468,existing
cell_0015_0030,output\cnn_reuse_1km_2024\images\cell_0015_0030.png,122.03772870603902,7.133919612431326,existing
cell_0015_0031,output\cnn_reuse_1km_2024\images\cell_0015_0031.png,122.0377098054504,7.142964239128622,existing
cell_0015_0032,output\cnn_reuse_1km_2024\images\cell_0015_0032.png,122.03769088029459,7.152008862237906,existing
cell_0016_0001,output\cnn_reuse_1km_2024\images\cell_0016_0001.png,122.04731621092378,6.871641978223221,existing
cell_0016_0002,output\cnn_reuse_1km_2024\images\cell_0016_0002.png,122.0472981928644,6.880686731055058,existing
cell_0016_0005,output\cnn_reuse_1km_2024\images\cell_0016_0005.png,122.04724399306168,6.9078209687851855,existing
cell_0016_0006,output\cnn_reuse_1km_2024\images\cell_0016_0006.png,122.04722587791166,6.916865707758576,existing
cell_0016_0007,output\cnn_reuse_1km_2024\images\cell_0016_0007.png,122.04720773848335,6.92591044325621,existing
cell_0016_0008,output\cnn_reuse_1km_2024\images\cell_0016_0008.png,122.04718957477444,6.934955175273629,existing
cell_0016_0009,output\cnn_reuse_1km_2024\images\cell_0016_0009.png,122.04717138678265,6.94399990380637,existing
cell_0016_0010,output\cnn_reuse_1km_2024\images\cell_0016_0010.png,122.04715317450571,6.95304462884999,existing
cell_0016_0011,output\cnn_reuse_1km_2024\images\cell_0016_0011.png,122.04713493794134,6.962089350400015,existing
cell_0016_0012,output\cnn_reuse_1km_2024\images\cell_0016_0012.png,122.04711667708725,6.971134068451998,existing
cell_0016_0013,output\cnn_reuse_1km_2024\images\cell_0016_0013.png,122.0470983919411,6.980178783001477,existing
cell_0016_0014,output\cnn_reuse_1km_2024\images\cell_0016_0014.png,122.04708008250071,6.98922349404401,existing
cell_0016_0015,output\cnn_reuse_1km_2024\images\cell_0016_0015.png,122.0470617487637,6.99826820157512,existing
cell_0016_0016,output\cnn_reuse_1km_2024\images\cell_0016_0016.png,122.04704339072782,7.0073129055903705,existing
cell_0016_0017,output\cnn_reuse_1km_2024\images\cell_0016_0017.png,122.04702500839075,7.016357606085294,existing
cell_0016_0018,output\cnn_reuse_1km_2024\images\cell_0016_0018.png,122.04700660175014,7.025402303055441,existing
cell_0016_0019,output\cnn_reuse_1km_2024\images\cell_0016_0019.png,122.04698817080376,7.034446996496357,existing
cell_0016_0020,output\cnn_reuse_1km_2024\images\cell_0016_0020.png,122.04696971554927,7.04349168640359,existing
cell_0016_0021,output\cnn_reuse_1km_2024\images\cell_0016_0021.png,122.04695123598434,7.052536372772683,existing
cell_0016_0022,output\cnn_reuse_1km_2024\images\cell_0016_0022.png,122.04693273210667,7.061581055599188,existing
cell_0016_0023,output\cnn_reuse_1km_2024\images\cell_0016_0023.png,122.0469142039139,7.07062573487864,existing
cell_0016_0024,output\cnn_reuse_1km_2024\images\cell_0016_0024.png,122.04689565140377,7.079670410606603,existing
cell_0016_0025,output\cnn_reuse_1km_2024\images\cell_0016_0025.png,122.04687707457391,7.0887150827786165,existing
cell_0016_0026,output\cnn_reuse_1km_2024\images\cell_0016_0026.png,122.04685847342205,7.097759751390225,existing
cell_0016_0027,output\cnn_reuse_1km_2024\images\cell_0016_0027.png,122.04683984794578,7.106804416436977,existing
cell_0016_0028,output\cnn_reuse_1km_2024\images\cell_0016_0028.png,122.04682119814281,7.11584907791443,existing
cell_0016_0029,output\cnn_reuse_1km_2024\images\cell_0016_0029.png,122.04680252401079,7.1248937358181355,existing
cell_0016_0030,output\cnn_reuse_1km_2024\images\cell_0016_0030.png,122.04678382554734,7.133938390143624,existing
cell_0016_0031,output\cnn_reuse_1km_2024\images\cell_0016_0031.png,122.04676510275019,7.142983040886463,existing
cell_0016_0032,output\cnn_reuse_1km_2024\images\cell_0016_0032.png,122.04674635561696,7.152027688042196,existing
cell_0017_0000,output\cnn_reuse_1km_2024\images\cell_0017_0000.png,122.05638412209323,6.862615108040401,existing
cell_0017_0001,output\cnn_reuse_1km_2024\images\cell_0017_0001.png,122.05636629917207,6.871659888117639,existing
cell_0017_0005,output\cnn_reuse_1km_2024\images\cell_0017_0005.png,122.05629476709942,6.907838973855992,existing
cell_0017_0006,output\cnn_reuse_1km_2024\images\cell_0017_0006.png,122.05627682397305,6.91688373662564,existing
cell_0017_0007,output\cnn_reuse_1km_2024\images\cell_0017_0007.png,122.05625885679888,6.925928495920396,existing
cell_0017_0008,output\cnn_reuse_1km_2024\images\cell_0017_0008.png,122.05624086557471,6.934973251735808,existing
cell_0017_0009,output\cnn_reuse_1km_2024\images\cell_0017_0009.png,122.05622285029824,6.944018004067417,existing
cell_0017_0010,output\cnn_reuse_1km_2024\images\cell_0017_0010.png,122.05620481096723,6.953062752910762,existing
cell_0017_0011,output\cnn_reuse_1km_2024\images\cell_0017_0011.png,122.0561867475794,6.962107498261392,existing
cell_0017_0012,output\cnn_reuse_1km_2024\images\cell_0017_0012.png,122.05616866013253,6.971152240114854,existing
cell_0017_0013,output\cnn_reuse_1km_2024\images\cell_0017_0013.png,122.05615054862433,6.980196978466693,existing
cell_0017_0014,output\cnn_reuse_1km_2024\images\cell_0017_0014.png,122.05613241305251,6.98924171331244,existing
cell_0017_0015,output\cnn_reuse_1km_2024\images\cell_0017_0015.png,122.0561142534148,6.9982864446476585,existing
cell_0017_0016,output\cnn_reuse_1km_2024\images\cell_0017_0016.png,122.05609606970897,7.007331172467887,existing
cell_0017_0017,output\cnn_reuse_1km_2024\images\cell_0017_0017.png,122.05607786193272,7.016375896768671,existing
cell_0017_0018,output\cnn_reuse_1km_2024\images\cell_0017_0018.png,122.05605963008372,7.025420617545556,existing
cell_0017_0019,output\cnn_reuse_1km_2024\images\cell_0017_0019.png,122.05604137415973,7.034465334794094,existing
cell_0017_0020,output\cnn_reuse_1km_2024\images\cell_0017_0020.png,122.05602309415849,7.043510048509827,existing
cell_0017_0021,output\cnn_reuse_1km_2024\images\cell_0017_0021.png,122.05600479007764,7.052554758688308,existing
cell_0017_0022,output\cnn_reuse_1km_2024\images\cell_0017_0022.png,122.05598646191494,7.061599465325082,existing
cell_0017_0023,output\cnn_reuse_1km_2024\images\cell_0017_0023.png,122.05596810966806,7.070644168415696,existing
cell_0017_0024,output\cnn_reuse_1km_2024\images\cell_0017_0024.png,122.0559497333347,7.079688867955695,existing
cell_0017_0025,output\cnn_reuse_1km_2024\images\cell_0017_0025.png,122.05593133291256,7.0887335639406395,existing
cell_0017_0026,output\cnn_reuse_1km_2024\images\cell_0017_0026.png,122.05591290839935,7.097778256366065,existing
cell_0017_0027,output\cnn_reuse_1km_2024\images\cell_0017_0027.png,122.05589445979277,7.106822945227538,existing
cell_0017_0028,output\cnn_reuse_1km_2024\images\cell_0017_0028.png,122.05587598709043,7.115867630520593,existing
cell_0017_0029,output\cnn_reuse_1km_2024\images\cell_0017_0029.png,122.05585749029011,7.124912312240788,existing
cell_0017_0030,output\cnn_reuse_1km_2024\images\cell_0017_0030.png,122.05583896938944,7.133956990383672,existing
cell_0017_0031,output\cnn_reuse_1km_2024\images\cell_0017_0031.png,122.05582042438611,7.14300166494479,existing
cell_0017_0032,output\cnn_reuse_1km_2024\images\cell_0017_0032.png,122.05580185527776,7.15204633591971,existing
cell_0018_0000,output\cnn_reuse_1km_2024\images\cell_0018_0000.png,122.06543406350464,6.862632823482215,existing
cell_0018_0001,output\cnn_reuse_1km_2024\images\cell_0018_0001.png,122.06541641145694,6.8716776271243845,existing
cell_0018_0005,output\cnn_reuse_1km_2024\images\cell_0018_0005.png,122.06534556518271,6.907856807131001,existing
cell_0018_0006,output\cnn_reuse_1km_2024\images\cell_0018_0006.png,122.06532779408218,6.9169015934698574,existing
cell_0018_0007,output\cnn_reuse_1km_2024\images\cell_0018_0007.png,122.06530999916446,6.925946376334685,existing
cell_0018_0008,output\cnn_reuse_1km_2024\images\cell_0018_0008.png,122.06529218042725,6.934991155721018,existing
cell_0018_0009,output\cnn_reuse_1km_2024\images\cell_0018_0009.png,122.06527433786835,6.944035931624413,existing
cell_0018_0010,output\cnn_reuse_1km_2024\images\cell_0018_0010.png,122.06525647148555,6.953080704040408,existing
cell_0018_0011,output\cnn_reuse_1km_2024\images\cell_0018_0011.png,122.06523858127653,6.962125472964556,existing
cell_0018_0012,output\cnn_reuse_1km_2024\images\cell_0018_0012.png,122.06522066723915,6.971170238392392,existing
cell_0018_0013,output\cnn_reuse_1km_2024\images\cell_0018_0013.png,122.0652027293711,6.9802150003194665,existing
cell_0018_0014,output\cnn_reuse_1km_2024\images\cell_0018_0014.png,122.06518476767019,6.989259758741332,existing
cell_0018_0015,output\cnn_reuse_1km_2024\images\cell_0018_0015.png,122.06516678213407,6.998304513653528,existing
cell_0018_0016,output\cnn_reuse_1km_2024\images\cell_0018_0016.png,122.06514877276057,7.007349265051595,existing
cell_0018_0017,output\cnn_reuse_1km_2024\images\cell_0018_0017.png,122.0651307395474,7.016394012931099,existing
cell_0018_0018,output\cnn_reuse_1km_2024\images\cell_0018_0018.png,122.06511268249231,7.025438757287578,existing
cell_0018_0019,output\cnn_reuse_1km_2024\images\cell_0018_0019.png,122.06509460159303,7.034483498116572,existing
cell_0018_0020,output\cnn_reuse_1km_2024\images\cell_0018_0020.png,122.06507649684728,7.043528235413641,existing
cell_0018_0021,output\cnn_reuse_1km_2024\images\cell_0018_0021.png,122.06505836825285,7.0525729691743315,existing
cell_0018_0022,output\cnn_reuse_1km_2024\images\cell_0018_0022.png,122.0650402158074,7.061617699394187,existing
cell_0018_0023,output\cnn_reuse_1km_2024\images\cell_0018_0023.png,122.06502203950866,7.070662426068765,existing
cell_0018_0024,output\cnn_reuse_1km_2024\images\cell_0018_0024.png,122.06500383935439,7.079707149193612,existing
cell_0018_0025,output\cnn_reuse_1km_2024\images\cell_0018_0025.png,122.06498561534228,7.088751868764276,existing
cell_0018_0026,output\cnn_reuse_1km_2024\images\cell_0018_0026.png,122.06496736747006,7.0977965847763045,existing
cell_0018_0027,output\cnn_reuse_1km_2024\images\cell_0018_0027.png,122.06494909573546,7.106841297225256,existing
cell_0018_0028,output\cnn_reuse_1km_2024\images\cell_0018_0028.png,122.0649308001361,7.115886006106681,existing
cell_0018_0029,output\cnn_reuse_1km_2024\images\cell_0018_0029.png,122.06491248066979,7.124930711416125,existing
cell_0018_0030,output\cnn_reuse_1km_2024\images\cell_0018_0030.png,122.06489413733418,7.133975413149148,existing
cell_0018_0031,output\cnn_reuse_1km_2024\images\cell_0018_0031.png,122.06487577012696,7.143020111301297,existing
cell_0018_0032,output\cnn_reuse_1km_2024\images\cell_0018_0032.png,122.06485737904586,7.152064805868123,existing
cell_0019_0000,output\cnn_reuse_1km_2024\images\cell_0019_0000.png,122.07448402871997,6.862650368261166,existing
cell_0019_0001,output\cnn_reuse_1km_2024\images\cell_0019_0001.png,122.07446654754794,6.871695195241256,existing
cell_0019_0004,output\cnn_reuse_1km_2024\images\cell_0019_0004.png,122.07441396256893,6.898829655458272,existing
cell_0019_0005,output\cnn_reuse_1km_2024\images\cell_0019_0005.png,122.07439638708095,6.907874468608007,existing
cell_0019_0006,output\cnn_reuse_1km_2024\images\cell_0019_0006.png,122.07437878800854,6.9169192782890185,existing
cell_0019_0007,output\cnn_reuse_1km_2024\images\cell_0019_0007.png,122.07436116534946,6.925964084496846,existing
cell_0019_0008,output\cnn_reuse_1km_2024\images\cell_0019_0008.png,122.07434351910149,6.935008887227041,existing
cell_0019_0009,output\cnn_reuse_1km_2024\images\cell_0019_0009.png,122.07432584926241,6.944053686475143,existing
cell_0019_0010,output\cnn_reuse_1km_2024\images\cell_0019_0010.png,122.07430815583001,6.953098482236705,existing
cell_0019_0011,output\cnn_reuse_1km_2024\images\cell_0019_0011.png,122.0742904388021,6.9621432745072624,existing
cell_0019_0012,output\cnn_reuse_1km_2024\images\cell_0019_0012.png,122.07427269817644,6.9711880632823755,existing
cell_0019_0013,output\cnn_reuse_1km_2024\images\cell_0019_0013.png,122.0742549339508,6.9802328485575815,existing
cell_0019_0014,output\cnn_reuse_1km_2024\images\cell_0019_0014.png,122.07423714612298,6.989277630328432,existing
cell_0019_0015,output\cnn_reuse_1km_2024\images\cell_0019_0015.png,122.07421933469074,6.998322408590475,existing
cell_0019_0016,output\cnn_reuse_1km_2024\images\cell_0019_0016.png,122.07420149965182,7.007367183339261,existing
cell_0019_0017,output\cnn_reuse_1km_2024\images\cell_0019_0017.png,122.07418364100401,7.016411954570329,existing
cell_0019_0018,output\cnn_reuse_1km_2024\images\cell_0019_0018.png,122.07416575874507,7.025456722279239,existing
cell_0019_0019,output\cnn_reuse_1km_2024\images\cell_0019_0019.png,122.07414785287277,7.034501486461537,existing
cell_0019_0020,output\cnn_reuse_1km_2024\images\cell_0019_0020.png,122.07412992338485,7.04354624711277,existing
cell_0019_0021,output\cnn_reuse_1km_2024\images\cell_0019_0021.png,122.07411197027905,7.05259100422849,existing
cell_0019_0022,output\cnn_reuse_1km_2024\images\cell_0019_0022.png,122.07409399355313,7.061635757804245,existing
cell_0019_0023,output\cnn_reuse_1km_2024\images\cell_0019_0023.png,122.07407599320486,7.070680507835592,existing
cell_0019_0024,output\cnn_reuse_1km_2024\images\cell_0019_0024.png,122.07405796923192,7.079725254318073,existing
cell_0019_0025,output\cnn_reuse_1km_2024\images\cell_0019_0025.png,122.07403992163215,7.088769997247245,existing
cell_0019_0026,output\cnn_reuse_1km_2024\images\cell_0019_0026.png,122.07402185040318,7.097814736618657,existing
cell_0019_0027,output\cnn_reuse_1km_2024\images\cell_0019_0027.png,122.07400375554282,7.106859472427862,existing
cell_0019_0028,output\cnn_reuse_1km_2024\images\cell_0019_0028.png,122.07398563704875,7.115904204670414,existing
cell_0019_0029,output\cnn_reuse_1km_2024\images\cell_0019_0029.png,122.07396749491876,7.12494893334187,existing
cell_0019_0030,output\cnn_reuse_1km_2024\images\cell_0019_0030.png,122.07394932915051,7.133993658437769,existing
cell_0019_0031,output\cnn_reuse_1km_2024\images\cell_0019_0031.png,122.07393113974175,7.14303837995368,existing
cell_0019_0032,output\cnn_reuse_1km_2024\images\cell_0019_0032.png,122.07391292669018,7.152083097885146,existing
cell_0020_0004,output\cnn_reuse_1km_2024\images\cell_0020_0004.png,122.08346463625192,6.898847122020826,existing
cell_0020_0005,output\cnn_reuse_1km_2024\images\cell_0020_0005.png,122.08344723256373,6.907891958284821,existing
cell_0020_0006,output\cnn_reuse_1km_2024\images\cell_0020_0006.png,122.08342980552159,6.916936791080926,existing
cell_0020_0007,output\cnn_reuse_1km_2024\images\cell_0020_0007.png,122.08341235512334,6.925981620404696,existing
cell_0020_0008,output\cnn_reuse_1km_2024\images\cell_0020_0008.png,122.0833948813668,6.935026446251667,existing
cell_0020_0009,output\cnn_reuse_1km_2024\images\cell_0020_0009.png,122.08337738424976,6.944071268617398,existing
cell_0020_0010,output\cnn_reuse_1km_2024\images\cell_0020_0010.png,122.08335986377001,6.953116087497429,existing
cell_0020_0011,output\cnn_reuse_1km_2024\images\cell_0020_0011.png,122.08334231992539,6.962160902887308,existing
cell_0020_0012,output\cnn_reuse_1km_2024\images\cell_0020_0012.png,122.08332475271371,6.971205714782585,existing
cell_0020_0013,output\cnn_reuse_1km_2024\images\cell_0020_0013.png,122.08330716213273,6.980250523178809,existing
cell_0020_0014,output\cnn_reuse_1km_2024\images\cell_0020_0014.png,122.08328954818023,6.989295328071526,existing
cell_0020_0015,output\cnn_reuse_1km_2024\images\cell_0020_0015.png,122.08327191085407,6.998340129456286,existing
cell_0020_0016,output\cnn_reuse_1km_2024\images\cell_0020_0016.png,122.08325425015197,7.007384927328638,existing
cell_0020_0017,output\cnn_reuse_1km_2024\images\cell_0020_0017.png,122.08323656607179,7.016429721684138,existing
cell_0020_0018,output\cnn_reuse_1km_2024\images\cell_0020_0018.png,122.0832188586112,7.025474512518322,existing
cell_0020_0019,output\cnn_reuse_1km_2024\images\cell_0020_0019.png,122.0832011277681,7.034519299826752,existing
cell_0020_0020,output\cnn_reuse_1km_2024\images\cell_0020_0020.png,122.08318337354025,7.043564083604977,existing
cell_0020_0021,output\cnn_reuse_1km_2024\images\cell_0020_0021.png,122.08316559592537,7.052608863848544,existing
cell_0020_0022,output\cnn_reuse_1km_2024\images\cell_0020_0022.png,122.08314779492122,7.06165364055301,existing
cell_0020_0023,output\cnn_reuse_1km_2024\images\cell_0020_0023.png,122.08312997052565,7.070698413713921,existing
cell_0020_0024,output\cnn_reuse_1km_2024\images\cell_0020_0024.png,122.08311212273634,7.079743183326833,existing
cell_0020_0025,output\cnn_reuse_1km_2024\images\cell_0020_0025.png,122.0830942515511,7.0887879493873,existing
cell_0020_0026,output\cnn_reuse_1km_2024\images\cell_0020_0026.png,122.08307635696774,7.09783271189087,existing
cell_0020_0027,output\cnn_reuse_1km_2024\images\cell_0020_0027.png,122.08305843898388,7.106877470833098,existing
cell_0020_0028,output\cnn_reuse_1km_2024\images\cell_0020_0028.png,122.08304049759737,7.1159222262095385,existing
cell_0020_0029,output\cnn_reuse_1km_2024\images\cell_0020_0029.png,122.08302253280593,7.1249669780157445,existing
cell_0020_0030,output\cnn_reuse_1km_2024\images\cell_0020_0030.png,122.08300454460735,7.134011726247275,existing
cell_0020_0031,output\cnn_reuse_1km_2024\images\cell_0020_0031.png,122.08298653299931,7.1430564708996735,existing
cell_0020_0032,output\cnn_reuse_1km_2024\images\cell_0020_0032.png,122.08296849797959,7.152101211968508,existing
cell_0020_0033,output\cnn_reuse_1km_2024\images\cell_0020_0033.png,122.08295043954588,7.161145949449322,existing
cell_0021_0003,output\cnn_reuse_1km_2024\images\cell_0021_0003.png,122.09253254205164,6.889819554394264,existing
cell_0021_0004,output\cnn_reuse_1km_2024\images\cell_0021_0004.png,122.09251533328663,6.898864417008059,existing
cell_0021_0005,output\cnn_reuse_1km_2024\images\cell_0021_0005.png,122.09249810140041,6.907909276159257,existing
cell_0021_0006,output\cnn_reuse_1km_2024\images\cell_0021_0006.png,122.09248084639076,6.916954131843404,existing
cell_0021_0007,output\cnn_reuse_1km_2024\images\cell_0021_0007.png,122.09246356825555,6.92599898405604,existing
cell_0021_0008,output\cnn_reuse_1km_2024\images\cell_0021_0008.png,122.09244626699264,6.935043832792722,existing
cell_0021_0009,output\cnn_reuse_1km_2024\images\cell_0021_0009.png,122.09242894259981,6.944088678048996,existing
cell_0021_0010,output\cnn_reuse_1km_2024\images\cell_0021_0010.png,122.09241159507492,6.953133519820405,existing
cell_0021_0011,output\cnn_reuse_1km_2024\images\cell_0021_0011.png,122.09239422441578,6.962178358102505,existing
cell_0021_0012,output\cnn_reuse_1km_2024\images\cell_0021_0012.png,122.09237683062024,6.971223192890836,existing
cell_0021_0013,output\cnn_reuse_1km_2024\images\cell_0021_0013.png,122.0923594136861,6.98026802418096,existing
cell_0021_0014,output\cnn_reuse_1km_2024\images\cell_0021_0014.png,122.09234197361116,6.989312851968413,existing
cell_0021_0015,output\cnn_reuse_1km_2024\images\cell_0021_0015.png,122.09232451039327,6.998357676248757,existing
cell_0021_0016,output\cnn_reuse_1km_2024\images\cell_0021_0016.png,122.09230702403022,7.007402497017538,existing
cell_0021_0017,output\cnn_reuse_1km_2024\images\cell_0021_0017.png,122.09228951451985,7.0164473142703025,existing
cell_0021_0018,output\cnn_reuse_1km_2024\images\cell_0021_0018.png,122.09227198185992,7.025492128002612,existing
cell_0021_0019,output\cnn_reuse_1km_2024\images\cell_0021_0019.png,122.09225442604824,7.034536938210007,existing
cell_0021_0020,output\cnn_reuse_1km_2024\images\cell_0021_0020.png,122.09223684708265,7.043581744888044,existing
cell_0021_0021,output\cnn_reuse_1km_2024\images\cell_0021_0021.png,122.09221924496089,7.052626548032275,existing
cell_0021_0022,output\cnn_reuse_1km_2024\images\cell_0021_0022.png,122.09220161968081,7.061671347638259,existing
cell_0021_0023,output\cnn_reuse_1km_2024\images\cell_0021_0023.png,122.09218397124015,7.070716143701536,existing
cell_0021_0024,output\cnn_reuse_1km_2024\images\cell_0021_0024.png,122.09216629963669,7.079760936217669,existing
cell_0021_0025,output\cnn_reuse_1km_2024\images\cell_0021_0025.png,122.0921486048683,7.088805725182208,existing
cell_0021_0026,output\cnn_reuse_1km_2024\images\cell_0021_0026.png,122.09213088693268,7.097850510590708,existing
cell_0021_0027,output\cnn_reuse_1km_2024\images\cell_0021_0027.png,122.09211314582761,7.106895292438723,existing
cell_0021_0028,output\cnn_reuse_1km_2024\images\cell_0021_0028.png,122.09209538155089,7.115940070721811,existing
cell_0021_0029,output\cnn_reuse_1km_2024\images\cell_0021_0029.png,122.09207759410035,7.124984845435517,existing
cell_0021_0030,output\cnn_reuse_1km_2024\images\cell_0021_0030.png,122.09205978347362,7.1340296165754085,existing
cell_0021_0031,output\cnn_reuse_1km_2024\images\cell_0021_0031.png,122.09204194966858,7.143074384137034,existing
cell_0021_0032,output\cnn_reuse_1km_2024\images\cell_0021_0032.png,122.09202409268293,7.1521191481159505,existing
cell_0021_0033,output\cnn_reuse_1km_2024\images\cell_0021_0033.png,122.09200621251448,7.161163908507717,existing
cell_0021_0034,output\cnn_reuse_1km_2024\images\cell_0021_0034.png,122.09198830916098,7.170208665307889,existing
cell_0021_0035,output\cnn_reuse_1km_2024\images\cell_0021_0035.png,122.09197038262013,7.179253418512019,existing
cell_0022_0003,output\cnn_reuse_1km_2024\images\cell_0022_0003.png,122.10158309063404,6.8898366551447054,existing
cell_0022_0004,output\cnn_reuse_1km_2024\images\cell_0022_0004.png,122.10156605344262,6.898881540417829,existing
cell_0022_0005,output\cnn_reuse_1km_2024\images\cell_0022_0005.png,122.10154899336048,6.907926422229178,existing
cell_0022_0006,output\cnn_reuse_1km_2024\images\cell_0022_0006.png,122.10153191038548,6.916971300574295,existing
cell_0022_0007,output\cnn_reuse_1km_2024\images\cell_0022_0007.png,122.1015148045155,6.926016175448738,existing
cell_0022_0008,output\cnn_reuse_1km_2024\images\cell_0022_0008.png,122.10149767574835,6.935061046848045,existing
cell_0022_0009,output\cnn_reuse_1km_2024\images\cell_0022_0009.png,122.10148052408191,6.9441059147677695,existing
cell_0022_0010,output\cnn_reuse_1km_2024\images\cell_0022_0010.png,122.10146334951405,6.953150779203464,existing
cell_0022_0011,output\cnn_reuse_1km_2024\images\cell_0022_0011.png,122.1014461520426,6.962195640150678,existing
cell_0022_0012,output\cnn_reuse_1km_2024\images\cell_0022_0012.png,122.10142893166537,6.971240497604956,existing
cell_0022_0013,output\cnn_reuse_1km_2024\images\cell_0022_0013.png,122.10141168838025,6.980285351561854,existing
cell_0022_0014,output\cnn_reuse_1km_2024\images\cell_0022_0014.png,122.10139442218507,6.989330202016924,existing
cell_0022_0015,output\cnn_reuse_1km_2024\images\cell_0022_0015.png,122.10137713307766,6.99837504896571,existing
cell_0022_0016,output\cnn_reuse_1km_2024\images\cell_0022_0016.png,122.10135982105582,7.007419892403771,existing
cell_0022_0017,output\cnn_reuse_1km_2024\images\cell_0022_0017.png,122.10134248611745,7.016464732326655,existing
cell_0022_0018,output\cnn_reuse_1km_2024\images\cell_0022_0018.png,122.10132512826034,7.025509568729919,existing
cell_0022_0019,output\cnn_reuse_1km_2024\images\cell_0022_0019.png,122.1013077474823,7.034554401609108,existing
cell_0022_0020,output\cnn_reuse_1km_2024\images\cell_0022_0020.png,122.10129034378116,7.0435992309597815,existing
cell_0022_0021,output\cnn_reuse_1km_2024\images\cell_0022_0021.png,122.10127291715479,7.052644056777491,existing
cell_0022_0022,output\cnn_reuse_1km_2024\images\cell_0022_0022.png,122.10125546760092,7.061688879057789,existing
cell_0022_0023,output\cnn_reuse_1km_2024\images\cell_0022_0023.png,122.10123799511742,7.07073369779623,existing
cell_0022_0024,output\cnn_reuse_1km_2024\images\cell_0022_0024.png,122.10122049970207,7.079778512988371,existing
cell_0022_0025,output\cnn_reuse_1km_2024\images\cell_0022_0025.png,122.10120298135267,7.0888233246297645,existing
cell_0022_0026,output\cnn_reuse_1km_2024\images\cell_0022_0026.png,122.10118544006704,7.097868132715962,existing
cell_0022_0027,output\cnn_reuse_1km_2024\images\cell_0022_0027.png,122.10116787584299,7.106912937242526,existing
cell_0022_0028,output\cnn_reuse_1km_2024\images\cell_0022_0028.png,122.10115028867831,7.115957738205003,existing
cell_0022_0029,output\cnn_reuse_1km_2024\images\cell_0022_0029.png,122.10113267857079,7.125002535598967,existing
cell_0022_0030,output\cnn_reuse_1km_2024\images\cell_0022_0030.png,122.10111504551824,7.1340473294199525,existing
cell_0022_0031,output\cnn_reuse_1km_2024\images\cell_0022_0031.png,122.1010973895184,7.1430921196635255,existing
cell_0022_0032,output\cnn_reuse_1km_2024\images\cell_0022_0032.png,122.10107971056914,7.1521369063252545,existing
cell_0022_0033,output\cnn_reuse_1km_2024\images\cell_0022_0033.png,122.10106200866811,7.161181689400676,existing
cell_0022_0034,output\cnn_reuse_1km_2024\images\cell_0022_0034.png,122.10104428381322,7.1702264688853665,existing
cell_0022_0035,output\cnn_reuse_1km_2024\images\cell_0022_0035.png,122.1010265360022,7.179271244774875,existing
cell_0022_0036,output\cnn_reuse_1km_2024\images\cell_0022_0036.png,122.10100876523279,7.188316017064757,existing
cell_0023_0003,output\cnn_reuse_1km_2024\images\cell_0023_0003.png,122.11063366210502,6.889853584542605,existing
cell_0023_0004,output\cnn_reuse_1km_2024\images\cell_0023_0004.png,122.11061679648934,6.898898492248004,existing
cell_0023_0005,output\cnn_reuse_1km_2024\images\cell_0023_0005.png,122.11059990821343,6.907943396492449,existing
cell_0023_0006,output\cnn_reuse_1km_2024\images\cell_0023_0006.png,122.1105829972752,6.916988297271475,existing
cell_0023_0007,output\cnn_reuse_1km_2024\images\cell_0023_0007.png,122.11056606367256,6.926033194580641,existing
cell_0023_0008,output\cnn_reuse_1km_2024\images\cell_0023_0008.png,122.11054910740336,6.935078088415495,existing
cell_0023_0009,output\cnn_reuse_1km_2024\images\cell_0023_0009.png,122.11053212846545,6.9441229787715875,existing
cell_0023_0010,output\cnn_reuse_1km_2024\images\cell_0023_0010.png,122.11051512685675,6.953167865644462,existing
cell_0023_0011,output\cnn_reuse_1km_2024\images\cell_0023_0011.png,122.11049810257512,6.962212749029685,existing
cell_0023_0012,output\cnn_reuse_1km_2024\images\cell_0023_0012.png,122.11048105561841,6.971257628922796,existing
cell_0023_0013,output\cnn_reuse_1km_2024\images\cell_0023_0013.png,122.11046398598447,6.9803025053193455,existing
cell_0023_0014,output\cnn_reuse_1km_2024\images\cell_0023_0014.png,122.11044689367118,6.989347378214892,existing
cell_0023_0015,output\cnn_reuse_1km_2024\images\cell_0023_0015.png,122.1104297786764,6.99839224760499,existing
cell_0023_0016,output\cnn_reuse_1km_2024\images\cell_0023_0016.png,122.110412640998,7.00743711348518,existing
cell_0023_0017,output\cnn_reuse_1km_2024\images\cell_0023_0017.png,122.1103954806338,7.0164819758510255,existing
cell_0023_0018,output\cnn_reuse_1km_2024\images\cell_0023_0018.png,122.11037829758168,7.025526834698076,existing
cell_0023_0019,output\cnn_reuse_1km_2024\images\cell_0023_0019.png,122.11036109183948,7.034571690021892,existing
cell_0023_0020,output\cnn_reuse_1km_2024\images\cell_0023_0020.png,122.11034386340499,7.0436165418180146,existing
cell_0023_0021,output\cnn_reuse_1km_2024\images\cell_0023_0021.png,122.11032661227613,7.05266139008201,existing
cell_0023_0022,output\cnn_reuse_1km_2024\images\cell_0023_0022.png,122.11030933845069,7.0617062348094235,existing
cell_0023_0023,output\cnn_reuse_1km_2024\images\cell_0023_0023.png,122.11029204192653,7.070751075995825,existing
cell_0023_0024,output\cnn_reuse_1km_2024\images\cell_0023_0024.png,122.11027472270142,7.079795913636756,existing
cell_0023_0025,output\cnn_reuse_1km_2024\images\cell_0023_0025.png,122.11025738077329,7.088840747727773,existing
cell_0023_0026,output\cnn_reuse_1km_2024\images\cell_0023_0026.png,122.11024001613984,7.097885578264443,existing
cell_0023_0027,output\cnn_reuse_1km_2024\images\cell_0023_0027.png,122.11022262879901,7.10693040524231,existing
cell_0023_0028,output\cnn_reuse_1km_2024\images\cell_0023_0028.png,122.11020521874852,7.115975228656942,existing
cell_0023_0029,output\cnn_reuse_1km_2024\images\cell_0023_0029.png,122.11018778598631,7.125020048503887,existing
cell_0023_0030,output\cnn_reuse_1km_2024\images\cell_0023_0030.png,122.1101703305101,7.134064864778704,existing
cell_0023_0031,output\cnn_reuse_1km_2024\images\cell_0023_0031.png,122.11015285231771,7.143109677476962,existing
cell_0023_0032,output\cnn_reuse_1km_2024\images\cell_0023_0032.png,122.11013535140697,7.152154486594203,existing
cell_0023_0033,output\cnn_reuse_1km_2024\images\cell_0023_0033.png,122.11011782777567,7.161199292126,existing
cell_0023_0034,output\cnn_reuse_1km_2024\images\cell_0023_0034.png,122.11010028142161,7.170244094067898,existing
cell_0023_0035,output\cnn_reuse_1km_2024\images\cell_0023_0035.png,122.1100827123426,7.179288892415468,existing
cell_0023_0036,output\cnn_reuse_1km_2024\images\cell_0023_0036.png,122.11006512053642,7.188333687164266,existing
cell_0023_0037,output\cnn_reuse_1km_2024\images\cell_0023_0037.png,122.1100475060009,7.197378478309853,existing
cell_0024_0003,output\cnn_reuse_1km_2024\images\cell_0024_0003.png,122.11968425623408,6.889870342585853,existing
cell_0024_0004,output\cnn_reuse_1km_2024\images\cell_0024_0004.png,122.11966756219626,6.898915272496491,existing
cell_0024_0005,output\cnn_reuse_1km_2024\images\cell_0024_0005.png,122.1196508457287,6.907960198946959,existing
cell_0024_0006,output\cnn_reuse_1km_2024\images\cell_0024_0006.png,122.11963410682937,6.917005121932827,existing
cell_0024_0007,output\cnn_reuse_1km_2024\images\cell_0024_0007.png,122.11961734549618,6.926050041449648,existing
cell_0024_0008,output\cnn_reuse_1km_2024\images\cell_0024_0008.png,122.11960056172704,6.935094957492959,existing
cell_0024_0009,output\cnn_reuse_1km_2024\images\cell_0024_0009.png,122.11958375551983,6.9441398700583195,existing
cell_0024_0010,output\cnn_reuse_1km_2024\images\cell_0024_0010.png,122.11956692687244,6.953184779141288,existing
cell_0024_0011,output\cnn_reuse_1km_2024\images\cell_0024_0011.png,122.11955007578274,6.962229684737399,existing
cell_0024_0012,output\cnn_reuse_1km_2024\images\cell_0024_0012.png,122.11953320224866,6.97127458684222,existing
cell_0024_0013,output\cnn_reuse_1km_2024\images\cell_0024_0013.png,122.11951630626803,6.980319485451303,existing
cell_0024_0014,output\cnn_reuse_1km_2024\images\cell_0024_0014.png,122.1194993878388,6.989364380560192,existing
cell_0024_0015,output\cnn_reuse_1km_2024\images\cell_0024_0015.png,122.11948244695884,6.998409272164447,existing
cell_0024_0016,output\cnn_reuse_1km_2024\images\cell_0024_0016.png,122.11946548362597,7.007454160259622,existing
cell_0024_0017,output\cnn_reuse_1km_2024\images\cell_0024_0017.png,122.11944849783809,7.016499044841271,existing
cell_0024_0018,output\cnn_reuse_1km_2024\images\cell_0024_0018.png,122.11943148959314,7.025543925904941,existing
cell_0024_0019,output\cnn_reuse_1km_2024\images\cell_0024_0019.png,122.1194144588889,7.0345888034462005,existing
cell_0024_0020,output\cnn_reuse_1km_2024\images\cell_0024_0020.png,122.11939740572323,7.043633677460595,existing
cell_0024_0021,output\cnn_reuse_1km_2024\images\cell_0024_0021.png,122.11938033009406,7.05267854794368,existing
cell_0024_0022,output\cnn_reuse_1km_2024\images\cell_0024_0022.png,122.11936323199923,7.061723414891018,existing
cell_0024_0023,output\cnn_reuse_1km_2024\images\cell_0024_0023.png,122.11934611143651,7.070768278298158,existing
cell_0024_0024,output\cnn_reuse_1km_2024\images\cell_0024_0024.png,122.11932896840389,7.079813138160661,existing
cell_0024_0025,output\cnn_reuse_1km_2024\images\cell_0024_0025.png,122.1193118028991,7.088857994474081,existing
cell_0024_0026,output\cnn_reuse_1km_2024\images\cell_0024_0026.png,122.11929461492008,7.0979028472339785,existing
cell_0024_0027,output\cnn_reuse_1km_2024\images\cell_0024_0027.png,122.11927740446463,7.106947696435912,existing
cell_0024_0028,output\cnn_reuse_1km_2024\images\cell_0024_0028.png,122.1192601715306,7.115992542075436,existing
cell_0024_0029,output\cnn_reuse_1km_2024\images\cell_0024_0029.png,122.11924291611584,7.125037384148108,existing
cell_0024_0030,output\cnn_reuse_1km_2024\images\cell_0024_0030.png,122.11922563821815,7.134082222649492,existing
cell_0024_0031,output\cnn_reuse_1km_2024\images\cell_0024_0031.png,122.1192083378354,7.143127057575143,existing
cell_0024_0032,output\cnn_reuse_1km_2024\images\cell_0024_0032.png,122.11919101496537,7.15217188892062,existing
cell_0024_0033,output\cnn_reuse_1km_2024\images\cell_0024_0033.png,122.11917366960597,7.161216716681485,existing
cell_0024_0034,output\cnn_reuse_1km_2024\images\cell_0024_0034.png,122.11915630175497,7.1702615408533,existing
cell_0024_0035,output\cnn_reuse_1km_2024\images\cell_0024_0035.png,122.11913891141016,7.1793063614316175,existing
cell_0024_0036,output\cnn_reuse_1km_2024\images\cell_0024_0036.png,122.11912149856944,7.188351178412008,existing
cell_0024_0037,output\cnn_reuse_1km_2024\images\cell_0024_0037.png,122.11910406323055,7.197395991790028,existing
cell_0024_0038,output\cnn_reuse_1km_2024\images\cell_0024_0038.png,122.1190866053913,7.206440801561238,existing
cell_0025_0003,output\cnn_reuse_1km_2024\images\cell_0025_0003.png,122.12873487279074,6.889886929272382,existing
cell_0025_0004,output\cnn_reuse_1km_2024\images\cell_0025_0004.png,122.12871835033283,6.898931881161184,existing
cell_0025_0005,output\cnn_reuse_1km_2024\images\cell_0025_0005.png,122.12870180567573,6.907976829590629,existing
cell_0025_0006,output\cnn_reuse_1km_2024\images\cell_0025_0006.png,122.12868523881741,6.917021774556269,existing
cell_0025_0007,output\cnn_reuse_1km_2024\images\cell_0025_0007.png,122.12866864975577,6.926066716053654,existing
cell_0025_0008,output\cnn_reuse_1km_2024\images\cell_0025_0008.png,122.12865203848882,6.9351116540783435,existing
cell_0025_0009,output\cnn_reuse_1km_2024\images\cell_0025_0009.png,122.12863540501435,6.944156588625879,existing
cell_0025_0010,output\cnn_reuse_1km_2024\images\cell_0025_0010.png,122.12861874933036,6.953201519691822,existing
cell_0025_0011,output\cnn_reuse_1km_2024\images\cell_0025_0011.png,122.12860207143474,6.962246447271724,existing
cell_0025_0012,output\cnn_reuse_1km_2024\images\cell_0025_0012.png,122.1285853713254,6.971291371361136,existing
cell_0025_0013,output\cnn_reuse_1km_2024\images\cell_0025_0013.png,122.12856864900023,6.980336291955612,existing
cell_0025_0014,output\cnn_reuse_1km_2024\images\cell_0025_0014.png,122.12855190445717,6.989381209050713,existing
cell_0025_0015,output\cnn_reuse_1km_2024\images\cell_0025_0015.png,122.12853513769413,6.998426122641986,existing
cell_0025_0016,output\cnn_reuse_1km_2024\images\cell_0025_0016.png,122.12851834870895,7.0074710327249825,existing
cell_0025_0017,output\cnn_reuse_1km_2024\images\cell_0025_0017.png,122.12850153749955,7.01651593929527,existing
cell_0025_0018,output\cnn_reuse_1km_2024\images\cell_0025_0018.png,122.12848470406381,7.025560842348397,existing
cell_0025_0019,output\cnn_reuse_1km_2024\images\cell_0025_0019.png,122.12846784839968,7.034605741879912,existing
cell_0025_0020,output\cnn_reuse_1km_2024\images\cell_0025_0020.png,122.12845097050501,7.04365063788539,existing
cell_0025_0021,output\cnn_reuse_1km_2024\images\cell_0025_0021.png,122.12843407037768,7.052695530360375,existing
cell_0025_0022,output\cnn_reuse_1km_2024\images\cell_0025_0022.png,122.12841714801553,7.061740419300422,existing
cell_0025_0023,output\cnn_reuse_1km_2024\images\cell_0025_0023.png,122.12840020341649,7.0707853047010945,existing
cell_0025_0024,output\cnn_reuse_1km_2024\images\cell_0025_0024.png,122.12838323657846,7.07983018655795,existing
cell_0025_0025,output\cnn_reuse_1km_2024\images\cell_0025_0025.png,122.12836624749924,7.088875064866543,existing
cell_0025_0026,output\cnn_reuse_1km_2024\images\cell_0025_0026.png,122.12834923617677,7.097919939622429,existing
cell_0025_0027,output\cnn_reuse_1km_2024\images\cell_0025_0027.png,122.12833220260883,7.106964810821178,existing
cell_0025_0028,output\cnn_reuse_1km_2024\images\cell_0025_0028.png,122.1283151467934,7.116009678458341,existing
cell_0025_0029,output\cnn_reuse_1km_2024\images\cell_0025_0029.png,122.12829806872827,7.12505454252948,existing
cell_0025_0030,output\cnn_reuse_1km_2024\images\cell_0025_0030.png,122.12828096841126,7.134099403030152,existing
cell_0025_0031,output\cnn_reuse_1km_2024\images\cell_0025_0031.png,122.12826384584032,7.143144259955919,existing
cell_0025_0032,output\cnn_reuse_1km_2024\images\cell_0025_0032.png,122.12824670101321,7.15218911330234,existing
cell_0025_0033,output\cnn_reuse_1km_2024\images\cell_0025_0033.png,122.12822953392788,7.16123396306498,existing
cell_0025_0034,output\cnn_reuse_1km_2024\images\cell_0025_0034.png,122.12821234458207,7.170278809239398,existing
cell_0025_0035,output\cnn_reuse_1km_2024\images\cell_0025_0035.png,122.12819513297367,7.179323651821155,existing
cell_0025_0036,output\cnn_reuse_1km_2024\images\cell_0025_0036.png,122.12817789910056,7.18836849080581,existing
cell_0025_0037,output\cnn_reuse_1km_2024\images\cell_0025_0037.png,122.12816064296054,7.19741332618893,existing
cell_0025_0038,output\cnn_reuse_1km_2024\images\cell_0025_0038.png,122.1281433645514,7.206458157966075,existing
cell_0025_0039,output\cnn_reuse_1km_2024\images\cell_0025_0039.png,122.12812606387105,7.215502986132813,existing
cell_0026_0002,output\cnn_reuse_1km_2024\images\cell_0026_0002.png,122.13780184045383,6.880858367506088,existing
cell_0026_0003,output\cnn_reuse_1km_2024\images\cell_0026_0003.png,122.1377855115445,6.889903344600127,existing
cell_0026_0004,output\cnn_reuse_1km_2024\images\cell_0026_0004.png,122.13776916066854,6.898948318240036,existing
cell_0026_0005,output\cnn_reuse_1km_2024\images\cell_0026_0005.png,122.13775278782396,6.907993288421387,existing
cell_0026_0006,output\cnn_reuse_1km_2024\images\cell_0026_0006.png,122.13773639300872,6.917038255139724,existing
cell_0026_0007,output\cnn_reuse_1km_2024\images\cell_0026_0007.png,122.13771997622074,6.9260832183906,existing
cell_0026_0008,output\cnn_reuse_1km_2024\images\cell_0026_0008.png,122.13770353745802,6.935128178169567,existing
cell_0026_0009,output\cnn_reuse_1km_2024\images\cell_0026_0009.png,122.13768707671842,6.9441731344721855,existing
cell_0026_0010,output\cnn_reuse_1km_2024\images\cell_0026_0010.png,122.13767059399994,6.953218087293996,existing
cell_0026_0011,output\cnn_reuse_1km_2024\images\cell_0026_0011.png,122.13765408930047,6.962263036630569,existing
cell_0026_0012,output\cnn_reuse_1km_2024\images\cell_0026_0012.png,122.13763756261798,6.971307982477451,existing
cell_0026_0013,output\cnn_reuse_1km_2024\images\cell_0026_0013.png,122.13762101395037,6.980352924830192,existing
cell_0026_0014,output\cnn_reuse_1km_2024\images\cell_0026_0014.png,122.13760444329557,6.989397863684359,existing
cell_0026_0015,output\cnn_reuse_1km_2024\images\cell_0026_0015.png,122.13758785065153,6.998442799035495,existing
cell_0026_0016,output\cnn_reuse_1km_2024\images\cell_0026_0016.png,122.13757123601613,7.007487730879172,existing
cell_0026_0017,output\cnn_reuse_1km_2024\images\cell_0026_0017.png,122.13755459938727,7.016532659210924,existing
cell_0026_0018,output\cnn_reuse_1km_2024\images\cell_0026_0018.png,122.13753794076297,7.0255775840263315,existing
cell_0026_0019,output\cnn_reuse_1km_2024\images\cell_0026_0019.png,122.13752126014103,7.034622505320934,existing
cell_0026_0020,output\cnn_reuse_1km_2024\images\cell_0026_0020.png,122.1375045575194,7.043667423090297,existing
cell_0026_0021,output\cnn_reuse_1km_2024\images\cell_0026_0021.png,122.13748783289604,7.052712337329975,existing
cell_0026_0022,output\cnn_reuse_1km_2024\images\cell_0026_0022.png,122.13747108626877,7.0617572480355335,existing
cell_0026_0023,output\cnn_reuse_1km_2024\images\cell_0026_0023.png,122.13745431763553,7.070802155202523,existing
cell_0026_0024,output\cnn_reuse_1km_2024\images\cell_0026_0024.png,122.13743752699416,7.079847058826498,existing
cell_0026_0025,output\cnn_reuse_1km_2024\images\cell_0026_0025.png,122.13742071434265,7.088891958903029,existing
cell_0026_0026,output\cnn_reuse_1km_2024\images\cell_0026_0026.png,122.13740387967884,7.097936855427676,existing
cell_0026_0027,output\cnn_reuse_1km_2024\images\cell_0026_0027.png,122.13738702300058,7.106981748395986,existing
cell_0026_0028,output\cnn_reuse_1km_2024\images\cell_0026_0028.png,122.13737014430588,7.116026637803529,existing
cell_0026_0029,output\cnn_reuse_1km_2024\images\cell_0026_0029.png,122.13735324359249,7.125071523645861,existing
cell_0026_0030,output\cnn_reuse_1km_2024\images\cell_0026_0030.png,122.13733632085838,7.134116405918553,existing
cell_0026_0031,output\cnn_reuse_1km_2024\images\cell_0026_0031.png,122.13731937610135,7.143161284617148,existing
cell_0026_0032,output\cnn_reuse_1km_2024\images\cell_0026_0032.png,122.13730240931932,7.152206159737223,existing
cell_0026_0033,output\cnn_reuse_1km_2024\images\cell_0026_0033.png,122.1372854205102,7.161251031274339,existing
cell_0026_0034,output\cnn_reuse_1km_2024\images\cell_0026_0034.png,122.13726840967176,7.170295899224048,existing
cell_0026_0035,output\cnn_reuse_1km_2024\images\cell_0026_0035.png,122.13725137680193,7.17934076358192,existing
cell_0026_0036,output\cnn_reuse_1km_2024\images\cell_0026_0036.png,122.13723432189862,7.188385624343519,existing
cell_0026_0037,output\cnn_reuse_1km_2024\images\cell_0026_0037.png,122.13721724495957,7.197430481504403,existing
cell_0026_0038,output\cnn_reuse_1km_2024\images\cell_0026_0038.png,122.13720014598273,7.2064753350601425,existing
cell_0026_0039,output\cnn_reuse_1km_2024\images\cell_0026_0039.png,122.13718302496592,7.215520185006298,existing
cell_0026_0040,output\cnn_reuse_1km_2024\images\cell_0026_0040.png,122.13716588190704,7.224565031338435,existing
cell_0026_0041,output\cnn_reuse_1km_2024\images\cell_0026_0041.png,122.13714871680384,7.233609874052111,existing
cell_0027_0002,output\cnn_reuse_1km_2024\images\cell_0027_0002.png,122.14685232982062,6.880874589949733,existing
cell_0027_0003,output\cnn_reuse_1km_2024\images\cell_0027_0003.png,122.14683617226478,6.889919588567034,existing
cell_0027_0005,output\cnn_reuse_1km_2024\images\cell_0027_0005.png,122.14680379194289,6.908009575437195,existing
cell_0027_0006,output\cnn_reuse_1km_2024\images\cell_0027_0006.png,122.14678756917276,6.917054563681148,existing
cell_0027_0007,output\cnn_reuse_1km_2024\images\cell_0027_0007.png,122.14677132466055,6.9260995484584305,existing
cell_0027_0008,output\cnn_reuse_1km_2024\images\cell_0027_0008.png,122.1467550584041,6.935144529764588,existing
cell_0027_0009,output\cnn_reuse_1km_2024\images\cell_0027_0009.png,122.14673877040143,6.944189507595175,existing
cell_0027_0010,output\cnn_reuse_1km_2024\images\cell_0027_0010.png,122.1467224606505,6.953234481945758,existing
cell_0027_0011,output\cnn_reuse_1km_2024\images\cell_0027_0011.png,122.14670612914925,6.962279452811877,existing
cell_0027_0012,output\cnn_reuse_1km_2024\images\cell_0027_0012.png,122.14668977589567,6.971324420189101,existing
cell_0027_0013,output\cnn_reuse_1km_2024\images\cell_0027_0013.png,122.14667340088765,6.9803693840729775,existing
cell_0027_0014,output\cnn_reuse_1km_2024\images\cell_0027_0014.png,122.14665700412318,6.989414344459062,existing
cell_0027_0015,output\cnn_reuse_1km_2024\images\cell_0027_0015.png,122.14664058560024,6.99845930134292,existing
cell_0027_0016,output\cnn_reuse_1km_2024\images\cell_0027_0016.png,122.14662414531672,7.0075042547201,existing
cell_0027_0017,output\cnn_reuse_1km_2024\images\cell_0027_0017.png,122.14660768327056,7.0165492045861635,existing
cell_0027_0018,output\cnn_reuse_1km_2024\images\cell_0027_0018.png,122.1465911994597,7.025594150936665,existing
cell_0027_0019,output\cnn_reuse_1km_2024\images\cell_0027_0019.png,122.14657469388207,7.03463909376717,existing
cell_0027_0020,output\cnn_reuse_1km_2024\images\cell_0027_0020.png,122.14655816653563,7.0436840330732275,existing
cell_0027_0021,output\cnn_reuse_1km_2024\images\cell_0027_0021.png,122.1465416174183,7.052728968850405,existing
cell_0027_0022,output\cnn_reuse_1km_2024\images\cell_0027_0022.png,122.14652504652796,7.061773901094256,existing
cell_0027_0023,output\cnn_reuse_1km_2024\images\cell_0027_0023.png,122.14650845386257,7.07081882980034,existing
cell_0027_0024,output\cnn_reuse_1km_2024\images\cell_0027_0024.png,122.14649183942007,7.079863754964219,existing
cell_0027_0025,output\cnn_reuse_1km_2024\images\cell_0027_0025.png,122.14647520319835,7.088908676581457,existing
cell_0027_0026,output\cnn_reuse_1km_2024\images\cell_0027_0026.png,122.14645854519534,7.097953594647602,existing
cell_0027_0027,output\cnn_reuse_1km_2024\images\cell_0027_0027.png,122.14644186540889,7.106998509158228,existing
cell_0027_0028,output\cnn_reuse_1km_2024\images\cell_0027_0028.png,122.14642516383698,7.116043420108892,existing
cell_0027_0029,output\cnn_reuse_1km_2024\images\cell_0027_0029.png,122.14640844047747,7.125088327495153,existing
cell_0027_0030,output\cnn_reuse_1km_2024\images\cell_0027_0030.png,122.14639169532835,7.134133231312574,existing
cell_0027_0031,output\cnn_reuse_1km_2024\images\cell_0027_0031.png,122.1463749283874,7.1431781315567235,existing
cell_0027_0032,output\cnn_reuse_1km_2024\images\cell_0027_0032.png,122.14635813965255,7.152223028223152,existing
cell_0027_0033,output\cnn_reuse_1km_2024\images\cell_0027_0033.png,122.14634132912174,7.1612679213074335,existing
cell_0027_0034,output\cnn_reuse_1km_2024\images\cell_0027_0034.png,122.14632449679286,7.170312810805127,existing
cell_0027_0035,output\cnn_reuse_1km_2024\images\cell_0027_0035.png,122.14630764266373,7.179357696711795,existing
cell_0027_0036,output\cnn_reuse_1km_2024\images\cell_0027_0036.png,122.1462907667323,7.1884025790230055,existing
cell_0027_0037,output\cnn_reuse_1km_2024\images\cell_0027_0037.png,122.14627386899647,7.197447457734319,existing
cell_0027_0038,output\cnn_reuse_1km_2024\images\cell_0027_0038.png,122.14625694945403,7.206492332841305,existing
cell_0027_0039,output\cnn_reuse_1km_2024\images\cell_0027_0039.png,122.14624000810291,7.215537204339521,existing
cell_0027_0040,output\cnn_reuse_1km_2024\images\cell_0027_0040.png,122.146223044941,7.224582072224541,existing
cell_0027_0041,output\cnn_reuse_1km_2024\images\cell_0027_0041.png,122.14620605996615,7.233626936491927,existing
cell_0027_0042,output\cnn_reuse_1km_2024\images\cell_0027_0042.png,122.14618905317624,7.24267179713724,existing
cell_0027_0043,output\cnn_reuse_1km_2024\images\cell_0027_0043.png,122.14617202456908,7.251716654156057,existing
cell_0027_0044,output\cnn_reuse_1km_2024\images\cell_0027_0044.png,122.14615497414265,7.260761507543941,existing
cell_0027_0045,output\cnn_reuse_1km_2024\images\cell_0027_0045.png,122.14613790189468,7.269806357296453,existing
cell_0028_0002,output\cnn_reuse_1km_2024\images\cell_0028_0002.png,122.15590284092146,6.880890641257587,existing
cell_0028_0003,output\cnn_reuse_1km_2024\images\cell_0028_0003.png,122.15588685472116,6.889935661171113,existing
cell_0028_0005,output\cnn_reuse_1km_2024\images\cell_0028_0005.png,122.15585481780195,6.908025690636025,existing
cell_0028_0006,output\cnn_reuse_1km_2024\images\cell_0028_0006.png,122.15583876707899,6.917070700178523,existing
cell_0028_0007,output\cnn_reuse_1km_2024\images\cell_0028_0007.png,122.15582269484445,6.926115706255117,existing
cell_0028_0008,output\cnn_reuse_1km_2024\images\cell_0028_0008.png,122.15580660109636,6.9351607088613685,existing
cell_0028_0009,output\cnn_reuse_1km_2024\images\cell_0028_0009.png,122.15579048583267,6.944205707992828,existing
cell_0028_0010,output\cnn_reuse_1km_2024\images\cell_0028_0010.png,122.15577434905136,6.953250703645061,existing
cell_0028_0011,output\cnn_reuse_1km_2024\images\cell_0028_0011.png,122.15575819075036,6.962295695813613,existing
cell_0028_0012,output\cnn_reuse_1km_2024\images\cell_0028_0012.png,122.15574201092774,6.971340684494044,existing
cell_0028_0013,output\cnn_reuse_1km_2024\images\cell_0028_0013.png,122.15572580958141,6.980385669681917,existing
cell_0028_0014,output\cnn_reuse_1km_2024\images\cell_0028_0014.png,122.15570958670936,6.98943065137278,existing
cell_0028_0015,output\cnn_reuse_1km_2024\images\cell_0028_0015.png,122.15569334230953,6.998475629562197,existing
cell_0028_0016,output\cnn_reuse_1km_2024\images\cell_0028_0016.png,122.15567707637993,7.007520604245727,existing
cell_0028_0017,output\cnn_reuse_1km_2024\images\cell_0028_0017.png,122.1556607889185,7.016565575418924,existing
cell_0028_0018,output\cnn_reuse_1km_2024\images\cell_0028_0018.png,122.15564447992318,7.025610543077351,existing
cell_0028_0019,output\cnn_reuse_1km_2024\images\cell_0028_0019.png,122.15562814939194,7.034655507216562,existing
cell_0028_0020,output\cnn_reuse_1km_2024\images\cell_0028_0020.png,122.15561179732275,7.043700467832125,existing
cell_0028_0021,output\cnn_reuse_1km_2024\images\cell_0028_0021.png,122.15559542371354,7.05274542491959,existing
cell_0028_0022,output\cnn_reuse_1km_2024\images\cell_0028_0022.png,122.15557902856222,7.061790378474522,existing
cell_0028_0023,output\cnn_reuse_1km_2024\images\cell_0028_0023.png,122.15556261186681,7.07083532849248,existing
cell_0028_0024,output\cnn_reuse_1km_2024\images\cell_0028_0024.png,122.1555461736252,7.079880274969035,existing
cell_0028_0025,output\cnn_reuse_1km_2024\images\cell_0028_0025.png,122.15552971383534,7.088925217899726,existing
cell_0028_0026,output\cnn_reuse_1km_2024\images\cell_0028_0026.png,122.15551323249518,7.097970157280141,existing
cell_0028_0027,output\cnn_reuse_1km_2024\images\cell_0028_0027.png,122.15549672960265,7.107015093105823,existing
cell_0028_0028,output\cnn_reuse_1km_2024\images\cell_0028_0028.png,122.15548020515568,7.116060025372339,existing
cell_0028_0029,output\cnn_reuse_1km_2024\images\cell_0028_0029.png,122.15546365915216,7.12510495407526,existing
cell_0028_0030,output\cnn_reuse_1km_2024\images\cell_0028_0030.png,122.15544709159008,7.134149879210136,existing
cell_0028_0031,output\cnn_reuse_1km_2024\images\cell_0028_0031.png,122.15543050246731,7.1431948007725365,existing
cell_0028_0032,output\cnn_reuse_1km_2024\images\cell_0028_0032.png,122.15541389178179,7.1522397187580316,existing
cell_0028_0033,output\cnn_reuse_1km_2024\images\cell_0028_0033.png,122.15539725953141,7.161284633162171,existing
cell_0028_0034,output\cnn_reuse_1km_2024\images\cell_0028_0034.png,122.15538060571417,7.170329543980534,existing
cell_0028_0035,output\cnn_reuse_1km_2024\images\cell_0028_0035.png,122.15536393032787,7.179374451208677,existing
cell_0028_0036,output\cnn_reuse_1km_2024\images\cell_0028_0036.png,122.15534723337046,7.188419354842162,existing
cell_0028_0037,output\cnn_reuse_1km_2024\images\cell_0028_0037.png,122.15533051483989,7.197464254876564,existing
cell_0028_0038,output\cnn_reuse_1km_2024\images\cell_0028_0038.png,122.15531377473395,7.206509151307443,existing
cell_0028_0039,output\cnn_reuse_1km_2024\images\cell_0028_0039.png,122.15529701305071,7.215554044130371,existing
cell_0028_0040,output\cnn_reuse_1km_2024\images\cell_0028_0040.png,122.15528022978789,7.224598933340904,existing
cell_0028_0041,output\cnn_reuse_1km_2024\images\cell_0028_0041.png,122.15526342494351,7.233643818934619,existing
cell_0028_0042,output\cnn_reuse_1km_2024\images\cell_0028_0042.png,122.15524659851539,7.242688700907077,existing
cell_0028_0043,output\cnn_reuse_1km_2024\images\cell_0028_0043.png,122.15522975050143,7.2517335792538455,existing
cell_0028_0044,output\cnn_reuse_1km_2024\images\cell_0028_0044.png,122.15521288089955,7.260778453970497,existing
cell_0028_0045,output\cnn_reuse_1km_2024\images\cell_0028_0045.png,122.15519598970762,7.269823325052602,existing
cell_0029_0003,output\cnn_reuse_1km_2024\images\cell_0029_0003.png,122.16493755868309,6.889951562410349,existing
cell_0029_0004,output\cnn_reuse_1km_2024\images\cell_0029_0004.png,122.16492172256528,6.898996599941234,existing
cell_0029_0006,output\cnn_reuse_1km_2024\images\cell_0029_0006.png,122.16488998649673,6.917086664629835,existing
cell_0029_0008,output\cnn_reuse_1km_2024\images\cell_0029_0008.png,122.16485816530424,6.935176715457902,existing
cell_0029_0009,output\cnn_reuse_1km_2024\images\cell_0029_0009.png,122.16484222278152,6.9442217356631275,existing
cell_0029_0010,output\cnn_reuse_1km_2024\images\cell_0029_0010.png,122.16482625897184,6.953266752389894,existing
cell_0029_0011,output\cnn_reuse_1km_2024\images\cell_0029_0011.png,122.16481027387317,6.962311765633753,existing
cell_0029_0012,output\cnn_reuse_1km_2024\images\cell_0029_0012.png,122.16479426748349,6.97135677539027,existing
cell_0029_0013,output\cnn_reuse_1km_2024\images\cell_0029_0013.png,122.1647782398009,6.98040178165499,existing
cell_0029_0014,output\cnn_reuse_1km_2024\images\cell_0029_0014.png,122.16476219082327,6.989446784423485,existing
cell_0029_0015,output\cnn_reuse_1km_2024\images\cell_0029_0015.png,122.16474612054864,6.998491783691307,existing
cell_0029_0016,output\cnn_reuse_1km_2024\images\cell_0029_0016.png,122.16473002897499,7.0075367794540195,existing
cell_0029_0017,output\cnn_reuse_1km_2024\images\cell_0029_0017.png,122.1647139161003,7.016581771707176,existing
cell_0029_0018,output\cnn_reuse_1km_2024\images\cell_0029_0018.png,122.16469778192257,7.025626760446343,existing
cell_0029_0019,output\cnn_reuse_1km_2024\images\cell_0029_0019.png,122.16468162643976,7.034671745667077,existing
cell_0029_0020,output\cnn_reuse_1km_2024\images\cell_0029_0020.png,122.16466544964987,7.043716727364937,existing
cell_0029_0021,output\cnn_reuse_1km_2024\images\cell_0029_0021.png,122.1646492515508,7.052761705535486,existing
cell_0029_0022,output\cnn_reuse_1km_2024\images\cell_0029_0022.png,122.1646330321406,7.0618066801742865,existing
cell_0029_0023,output\cnn_reuse_1km_2024\images\cell_0029_0023.png,122.1646167914172,7.0708516512769,existing
cell_0029_0024,output\cnn_reuse_1km_2024\images\cell_0029_0024.png,122.16460052937856,7.079896618838884,existing
cell_0029_0025,output\cnn_reuse_1km_2024\images\cell_0029_0025.png,122.16458424602267,7.088941582855809,existing
cell_0029_0026,output\cnn_reuse_1km_2024\images\cell_0029_0026.png,122.16456794134743,7.097986543323228,existing
cell_0029_0027,output\cnn_reuse_1km_2024\images\cell_0029_0027.png,122.16455161535087,7.107031500236709,existing
cell_0029_0028,output\cnn_reuse_1km_2024\images\cell_0029_0028.png,122.1645352680309,7.116076453591819,existing
cell_0029_0029,output\cnn_reuse_1km_2024\images\cell_0029_0029.png,122.16451889938544,7.125121403384115,existing
cell_0029_0030,output\cnn_reuse_1km_2024\images\cell_0029_0030.png,122.1645025094125,7.134166349609163,existing
cell_0029_0031,output\cnn_reuse_1km_2024\images\cell_0029_0031.png,122.16448609810998,7.1432112922625315,existing
cell_0029_0032,output\cnn_reuse_1km_2024\images\cell_0029_0032.png,122.16446966547586,7.152256231339781,existing
cell_0029_0033,output\cnn_reuse_1km_2024\images\cell_0029_0033.png,122.16445321150802,7.1613011668364805,existing
cell_0029_0034,output\cnn_reuse_1km_2024\images\cell_0029_0034.png,122.16443673620448,7.170346098748185,existing
cell_0029_0035,output\cnn_reuse_1km_2024\images\cell_0029_0035.png,122.16442023956307,7.179391027070476,existing
cell_0029_0036,output\cnn_reuse_1km_2024\images\cell_0029_0036.png,122.1644037215818,7.188435951798911,existing
cell_0029_0037,output\cnn_reuse_1km_2024\images\cell_0029_0037.png,122.1643871822586,7.197480872929055,existing
cell_0029_0038,output\cnn_reuse_1km_2024\images\cell_0029_0038.png,122.16437062159133,7.206525790456476,existing
cell_0029_0039,output\cnn_reuse_1km_2024\images\cell_0029_0039.png,122.16435403957797,7.215570704376747,existing
cell_0029_0040,output\cnn_reuse_1km_2024\images\cell_0029_0040.png,122.16433743621643,7.224615614685427,existing
cell_0029_0041,output\cnn_reuse_1km_2024\images\cell_0029_0041.png,122.16432081150458,7.2336605213780905,existing
cell_0029_0042,output\cnn_reuse_1km_2024\images\cell_0029_0042.png,122.16430416544041,7.242705424450306,existing
cell_0029_0043,output\cnn_reuse_1km_2024\images\cell_0029_0043.png,122.16428749802175,7.251750323897641,existing
cell_0029_0044,output\cnn_reuse_1km_2024\images\cell_0029_0044.png,122.16427080924655,7.260795219715657,existing
cell_0029_0045,output\cnn_reuse_1km_2024\images\cell_0029_0045.png,122.16425409911274,7.269840111899929,existing
cell_0029_0050,output\cnn_reuse_1km_2024\images\cell_0029_0050.png,122.16417022799057,7.315064518160118,existing
cell_0029_0051,output\cnn_reuse_1km_2024\images\cell_0029_0051.png,122.16415338966078,7.324109388448911,existing
cell_0029_0052,output\cnn_reuse_1km_2024\images\cell_0029_0052.png,122.16413652995762,7.333154255072959,existing
cell_0029_0053,output\cnn_reuse_1km_2024\images\cell_0029_0053.png,122.16411964887894,7.342199118027833,existing
cell_0029_0054,output\cnn_reuse_1km_2024\images\cell_0029_0054.png,122.16410274642269,7.351243977309104,existing
cell_0029_0055,output\cnn_reuse_1km_2024\images\cell_0029_0055.png,122.16408582258666,7.360288832912345,existing
cell_0029_0056,output\cnn_reuse_1km_2024\images\cell_0029_0056.png,122.1640688773688,7.369333684833133,existing
cell_0029_0057,output\cnn_reuse_1km_2024\images\cell_0029_0057.png,122.16405191076693,7.378378533067037,existing
cell_0030_0003,output\cnn_reuse_1km_2024\images\cell_0030_0003.png,122.17398828391998,6.889967292282772,existing
cell_0030_0008,output\cnn_reuse_1km_2024\images\cell_0030_0008.png,122.1739097507971,6.935192549552198,existing
cell_0030_0009,output\cnn_reuse_1km_2024\images\cell_0030_0009.png,122.17389398101737,6.944237590604081,existing
cell_0030_0010,output\cnn_reuse_1km_2024\images\cell_0030_0010.png,122.17387819018131,6.953282628178265,existing
cell_0030_0011,output\cnn_reuse_1km_2024\images\cell_0030_0011.png,122.17386237828693,6.962327662270309,existing
cell_0030_0012,output\cnn_reuse_1km_2024\images\cell_0030_0012.png,122.1738465453323,6.971372692875763,existing
cell_0030_0013,output\cnn_reuse_1km_2024\images\cell_0030_0013.png,122.17383069131535,6.980417719990201,existing
cell_0030_0014,output\cnn_reuse_1km_2024\images\cell_0030_0014.png,122.17381481623417,6.989462743609171,existing
cell_0030_0015,output\cnn_reuse_1km_2024\images\cell_0030_0015.png,122.17379892008677,6.998507763728246,existing
cell_0030_0016,output\cnn_reuse_1km_2024\images\cell_0030_0016.png,122.17378300287109,7.007552780342965,existing
cell_0030_0017,output\cnn_reuse_1km_2024\images\cell_0030_0017.png,122.17376706458519,7.016597793448913,existing
cell_0030_0018,output\cnn_reuse_1km_2024\images\cell_0030_0018.png,122.17375110522707,7.025642803041628,existing
cell_0030_0019,output\cnn_reuse_1km_2024\images\cell_0030_0019.png,122.17373512479469,7.03468780911669,existing
cell_0030_0020,output\cnn_reuse_1km_2024\images\cell_0030_0020.png,122.1737191232861,7.043732811669654,existing
cell_0030_0021,output\cnn_reuse_1km_2024\images\cell_0030_0021.png,122.17370310069927,7.052777810696076,existing
cell_0030_0022,output\cnn_reuse_1km_2024\images\cell_0030_0022.png,122.17368705703221,7.061822806191522,existing
cell_0030_0023,output\cnn_reuse_1km_2024\images\cell_0030_0023.png,122.17367099228281,7.07086779815156,existing
cell_0030_0024,output\cnn_reuse_1km_2024\images\cell_0030_0024.png,122.1736549064492,7.079912786571751,existing
cell_0030_0025,output\cnn_reuse_1km_2024\images\cell_0030_0025.png,122.1736387995293,7.0889577714476495,existing
cell_0030_0026,output\cnn_reuse_1km_2024\images\cell_0030_0026.png,122.17362267152103,7.098002752774829,existing
cell_0030_0027,output\cnn_reuse_1km_2024\images\cell_0030_0027.png,122.1736065224225,7.107047730548852,existing
cell_0030_0028,output\cnn_reuse_1km_2024\images\cell_0030_0028.png,122.17359035223154,7.11609270476528,existing
cell_0030_0029,output\cnn_reuse_1km_2024\images\cell_0030_0029.png,122.17357416094622,7.125137675419675,existing
cell_0030_0030,output\cnn_reuse_1km_2024\images\cell_0030_0030.png,122.1735579485645,7.134182642507616,existing
cell_0030_0031,output\cnn_reuse_1km_2024\images\cell_0030_0031.png,122.1735417150843,7.14322760602465,existing
cell_0030_0032,output\cnn_reuse_1km_2024\images\cell_0030_0032.png,122.17352546050358,7.152272565966354,existing
cell_0030_0033,output\cnn_reuse_1km_2024\images\cell_0030_0033.png,122.17350918482036,7.16131752232829,existing
cell_0030_0034,output\cnn_reuse_1km_2024\images\cell_0030_0034.png,122.17349288803258,7.170362475106034,existing
cell_0030_0035,output\cnn_reuse_1km_2024\images\cell_0030_0035.png,122.1734765701382,7.17940742429514,existing
cell_0030_0036,output\cnn_reuse_1km_2024\images\cell_0030_0036.png,122.17346023113512,7.188452369891178,existing
cell_0030_0037,output\cnn_reuse_1km_2024\images\cell_0030_0037.png,122.17344387102135,7.1974973118897205,existing
cell_0030_0038,output\cnn_reuse_1km_2024\images\cell_0030_0038.png,122.1734274897948,7.206542250286332,existing
cell_0030_0039,output\cnn_reuse_1km_2024\images\cell_0030_0039.png,122.17341108745343,7.215587185076584,existing
cell_0030_0040,output\cnn_reuse_1km_2024\images\cell_0030_0040.png,122.17339466399524,7.224632116256042,existing
cell_0030_0041,output\cnn_reuse_1km_2024\images\cell_0030_0041.png,122.17337821941803,7.233677043820275,existing
cell_0030_0042,output\cnn_reuse_1km_2024\images\cell_0030_0042.png,122.17336175371983,7.2427219677648536,existing
cell_0030_0043,output\cnn_reuse_1km_2024\images\cell_0030_0043.png,122.1733452668986,7.251766888085346,existing
cell_0030_0044,output\cnn_reuse_1km_2024\images\cell_0030_0044.png,122.1733287589522,7.260811804777327,existing
cell_0030_0045,output\cnn_reuse_1km_2024\images\cell_0030_0045.png,122.17331222987859,7.269856717836362,existing
cell_0030_0046,output\cnn_reuse_1km_2024\images\cell_0030_0046.png,122.1732956796757,7.278901627258021,existing
cell_0030_0047,output\cnn_reuse_1km_2024\images\cell_0030_0047.png,122.17327910834143,7.28794653303788,existing
cell_0030_0048,output\cnn_reuse_1km_2024\images\cell_0030_0048.png,122.17326251587374,7.2969914351715115,existing
cell_0030_0049,output\cnn_reuse_1km_2024\images\cell_0030_0049.png,122.17324590227051,7.306036333654475,existing
cell_0030_0050,output\cnn_reuse_1km_2024\images\cell_0030_0050.png,122.17322926752966,7.315081228482359,existing
cell_0030_0051,output\cnn_reuse_1km_2024\images\cell_0030_0051.png,122.17321261164913,7.324126119650727,existing
cell_0030_0052,output\cnn_reuse_1km_2024\images\cell_0030_0052.png,122.17319593462678,7.333171007155154,existing
cell_0030_0053,output\cnn_reuse_1km_2024\images\cell_0030_0053.png,122.17317923646057,7.342215890991213,existing
cell_0030_0054,output\cnn_reuse_1km_2024\images\cell_0030_0054.png,122.17316251714836,7.351260771154479,existing
cell_0030_0055,output\cnn_reuse_1km_2024\images\cell_0030_0055.png,122.17314577668807,7.360305647640528,existing
cell_0030_0056,output\cnn_reuse_1km_2024\images\cell_0030_0056.png,122.17312901507762,7.369350520444922,existing
cell_0030_0057,output\cnn_reuse_1km_2024\images\cell_0030_0057.png,122.17311223231486,7.378395389563256,existing
cell_0030_0058,output\cnn_reuse_1km_2024\images\cell_0030_0058.png,122.1730954283977,7.387440254991092,existing
cell_0030_0059,output\cnn_reuse_1km_2024\images\cell_0030_0059.png,122.17307860332403,7.396485116724003,existing
cell_0030_0060,output\cnn_reuse_1km_2024\images\cell_0030_0060.png,122.17306175709173,7.405529974757571,existing
cell_0031_0005,output\cnn_reuse_1km_2024\images\cell_0031_0005.png,122.18300802351415,6.908073005310758,existing
cell_0031_0006,output\cnn_reuse_1km_2024\images\cell_0031_0006.png,122.18299248894469,6.917118077386374,existing
cell_0031_0009,output\cnn_reuse_1km_2024\images\cell_0031_0009.png,122.18294576030951,6.944253272813721,existing
cell_0031_0010,output\cnn_reuse_1km_2024\images\cell_0031_0010.png,122.18293014244905,6.9532983310082,existing
cell_0031_0011,output\cnn_reuse_1km_2024\images\cell_0031_0011.png,122.18291450376097,6.962343385721292,existing
cell_0031_0012,output\cnn_reuse_1km_2024\images\cell_0031_0012.png,122.18289884424331,6.971388436948562,existing
cell_0031_0013,output\cnn_reuse_1km_2024\images\cell_0031_0013.png,122.18288316389409,6.980433484685565,existing
cell_0031_0014,output\cnn_reuse_1km_2024\images\cell_0031_0014.png,122.18286746271131,6.989478528927862,existing
cell_0031_0015,output\cnn_reuse_1km_2024\images\cell_0031_0015.png,122.1828517406931,6.998523569671013,existing
cell_0031_0016,output\cnn_reuse_1km_2024\images\cell_0031_0016.png,122.18283599783743,7.007568606910586,existing
cell_0031_0017,output\cnn_reuse_1km_2024\images\cell_0031_0017.png,122.18282023414228,7.016613640642129,existing
cell_0031_0018,output\cnn_reuse_1km_2024\images\cell_0031_0018.png,122.18280444960577,7.025658670861223,existing
cell_0031_0019,output\cnn_reuse_1km_2024\images\cell_0031_0019.png,122.18278864422588,7.034703697563414,existing
cell_0031_0020,output\cnn_reuse_1km_2024\images\cell_0031_0020.png,122.18277281800059,7.043748720744266,existing
cell_0031_0021,output\cnn_reuse_1km_2024\images\cell_0031_0021.png,122.18275697092794,7.052793740399352,existing
cell_0031_0022,output\cnn_reuse_1km_2024\images\cell_0031_0022.png,122.18274110300602,7.061838756524229,existing
cell_0031_0023,output\cnn_reuse_1km_2024\images\cell_0031_0023.png,122.18272521423275,7.070883769114464,existing
cell_0031_0024,output\cnn_reuse_1km_2024\images\cell_0031_0024.png,122.18270930460613,7.079928778165612,existing
cell_0031_0025,output\cnn_reuse_1km_2024\images\cell_0031_0025.png,122.18269337412421,7.088973783673252,existing
cell_0031_0026,output\cnn_reuse_1km_2024\images\cell_0031_0026.png,122.18267742278498,7.098018785632931,existing
cell_0031_0027,output\cnn_reuse_1km_2024\images\cell_0031_0027.png,122.18266145058647,7.107063784040229,existing
cell_0031_0028,output\cnn_reuse_1km_2024\images\cell_0031_0028.png,122.18264545752659,7.116108778890708,existing
cell_0031_0029,output\cnn_reuse_1km_2024\images\cell_0031_0029.png,122.18262944360342,7.125153770179927,existing
cell_0031_0030,output\cnn_reuse_1km_2024\images\cell_0031_0030.png,122.18261340881493,7.13419875790346,existing
cell_0031_0031,output\cnn_reuse_1km_2024\images\cell_0031_0031.png,122.18259735315905,7.1432437420568675,existing
cell_0031_0032,output\cnn_reuse_1km_2024\images\cell_0031_0032.png,122.18258127663384,7.152288722635723,existing
cell_0031_0033,output\cnn_reuse_1km_2024\images\cell_0031_0033.png,122.1825651792373,7.161333699635591,existing
cell_0031_0034,output\cnn_reuse_1km_2024\images\cell_0031_0034.png,122.18254906096733,7.170378673052033,existing
cell_0031_0035,output\cnn_reuse_1km_2024\images\cell_0031_0035.png,122.18253292182197,7.179423642880624,existing
cell_0031_0036,output\cnn_reuse_1km_2024\images\cell_0031_0036.png,122.18251676179918,7.188468609116933,existing
cell_0031_0037,output\cnn_reuse_1km_2024\images\cell_0031_0037.png,122.18250058089687,7.197513571756522,existing
cell_0031_0038,output\cnn_reuse_1km_2024\images\cell_0031_0038.png,122.18248437911309,7.2065585307949656,existing
cell_0031_0039,output\cnn_reuse_1km_2024\images\cell_0031_0039.png,122.18246815644581,7.21560348622783,existing
cell_0031_0040,output\cnn_reuse_1km_2024\images\cell_0031_0040.png,122.18245191289294,7.224648438050691,existing
cell_0031_0041,output\cnn_reuse_1km_2024\images\cell_0031_0041.png,122.18243564845245,7.233693386259107,existing
cell_0031_0042,output\cnn_reuse_1km_2024\images\cell_0031_0042.png,122.18241936312236,7.242738330848663,existing
cell_0031_0043,output\cnn_reuse_1km_2024\images\cell_0031_0043.png,122.18240305690058,7.251783271814918,existing
cell_0031_0044,output\cnn_reuse_1km_2024\images\cell_0031_0044.png,122.18238672978502,7.260828209153447,existing
cell_0031_0045,output\cnn_reuse_1km_2024\images\cell_0031_0045.png,122.18237038177372,7.2698731428598204,existing
cell_0031_0046,output\cnn_reuse_1km_2024\images\cell_0031_0046.png,122.18235401286458,7.278918072929617,existing
cell_0031_0047,output\cnn_reuse_1km_2024\images\cell_0031_0047.png,122.18233762305556,7.287962999358398,existing
cell_0031_0048,output\cnn_reuse_1km_2024\images\cell_0031_0048.png,122.18232121234453,7.297007922141739,existing
cell_0031_0049,output\cnn_reuse_1km_2024\images\cell_0031_0049.png,122.18230478072954,7.306052841275225,existing
cell_0031_0050,output\cnn_reuse_1km_2024\images\cell_0031_0050.png,122.18228832820847,7.315097756754411,existing
cell_0031_0051,output\cnn_reuse_1km_2024\images\cell_0031_0051.png,122.1822718547793,7.324142668574882,existing
cell_0031_0052,output\cnn_reuse_1km_2024\images\cell_0031_0052.png,122.18225536043987,7.333187576732211,existing
cell_0031_0053,output\cnn_reuse_1km_2024\images\cell_0031_0053.png,122.18223884518818,7.34223248122197,existing
cell_0031_0054,output\cnn_reuse_1km_2024\images\cell_0031_0054.png,122.18222230902215,7.351277382039729,existing
cell_0031_0055,output\cnn_reuse_1km_2024\images\cell_0031_0055.png,122.18220575193968,7.360322279181073,existing
cell_0031_0056,output\cnn_reuse_1km_2024\images\cell_0031_0056.png,122.18218917393872,7.369367172641578,existing
cell_0031_0057,output\cnn_reuse_1km_2024\images\cell_0031_0057.png,122.18217257501718,7.378412062416805,existing
cell_0031_0058,output\cnn_reuse_1km_2024\images\cell_0031_0058.png,122.18215595517296,7.387456948502346,existing
cell_0031_0059,output\cnn_reuse_1km_2024\images\cell_0031_0059.png,122.182139314404,7.39650183089377,existing
cell_0031_0060,output\cnn_reuse_1km_2024\images\cell_0031_0060.png,122.18212265270813,7.405546709586659,existing
cell_0031_0061,output\cnn_reuse_1km_2024\images\cell_0031_0061.png,122.18210597008336,7.414591584576582,existing
cell_0031_0062,output\cnn_reuse_1km_2024\images\cell_0031_0062.png,122.18208926652756,7.423636455859122,existing
cell_0032_0007,output\cnn_reuse_1km_2024\images\cell_0032_0007.png,122.19202838841004,6.926178614690632,existing
cell_0032_0008,output\cnn_reuse_1km_2024\images\cell_0032_0008.png,122.19201298471522,6.9352237002262465,existing
cell_0032_0013,output\cnn_reuse_1km_2024\images\cell_0032_0013.png,122.1919356573063,6.980449075739126,existing
cell_0032_0014,output\cnn_reuse_1km_2024\images\cell_0032_0014.png,122.19192013002397,6.989494140377591,existing
cell_0032_0015,output\cnn_reuse_1km_2024\images\cell_0032_0015.png,122.1919045821369,6.998539201517661,existing
cell_0032_0016,output\cnn_reuse_1km_2024\images\cell_0032_0016.png,122.19188901364316,7.0075842591549,existing
cell_0032_0017,output\cnn_reuse_1km_2024\images\cell_0032_0017.png,122.19187342454082,7.016629313284876,existing
cell_0032_0018,output\cnn_reuse_1km_2024\images\cell_0032_0018.png,122.19185781482787,7.02567436390314,existing
cell_0032_0019,output\cnn_reuse_1km_2024\images\cell_0032_0019.png,122.19184218450242,7.034719411005266,existing
cell_0032_0020,output\cnn_reuse_1km_2024\images\cell_0032_0020.png,122.19182653356243,7.043764454586809,existing
cell_0032_0021,output\cnn_reuse_1km_2024\images\cell_0032_0021.png,122.19181086200601,7.052809494643344,existing
cell_0032_0022,output\cnn_reuse_1km_2024\images\cell_0032_0022.png,122.19179516983118,7.0618545311704235,existing
cell_0032_0023,output\cnn_reuse_1km_2024\images\cell_0032_0023.png,122.19177945703596,7.070899564163618,existing
cell_0032_0024,output\cnn_reuse_1km_2024\images\cell_0032_0024.png,122.19176372361838,7.079944593618494,existing
cell_0032_0025,output\cnn_reuse_1km_2024\images\cell_0032_0025.png,122.19174796957647,7.088989619530612,existing
cell_0032_0026,output\cnn_reuse_1km_2024\images\cell_0032_0026.png,122.19173219490825,7.098034641895546,existing
cell_0032_0027,output\cnn_reuse_1km_2024\images\cell_0032_0027.png,122.19171639961172,7.10707966070885,existing
cell_0032_0028,output\cnn_reuse_1km_2024\images\cell_0032_0028.png,122.19170058368496,7.1161246759661,existing
cell_0032_0029,output\cnn_reuse_1km_2024\images\cell_0032_0029.png,122.19168474712593,7.125169687662864,existing
cell_0032_0030,output\cnn_reuse_1km_2024\images\cell_0032_0030.png,122.1916688899327,7.134214695794699,existing
cell_0032_0031,output\cnn_reuse_1km_2024\images\cell_0032_0031.png,122.19165301210323,7.1432597003571825,existing
cell_0032_0032,output\cnn_reuse_1km_2024\images\cell_0032_0032.png,122.19163711363552,7.152304701345877,existing
cell_0032_0033,output\cnn_reuse_1km_2024\images\cell_0032_0033.png,122.19162119452761,7.161349698756353,existing
cell_0032_0034,output\cnn_reuse_1km_2024\images\cell_0032_0034.png,122.1916052547775,7.17039469258418,existing
cell_0032_0035,output\cnn_reuse_1km_2024\images\cell_0032_0035.png,122.19158929438315,7.1794396828249205,existing
cell_0032_0036,output\cnn_reuse_1km_2024\images\cell_0032_0036.png,122.19157331334263,7.188484669474149,existing
cell_0032_0037,output\cnn_reuse_1km_2024\images\cell_0032_0037.png,122.1915573116539,7.1975296525274395,existing
cell_0032_0038,output\cnn_reuse_1km_2024\images\cell_0032_0038.png,122.19154128931494,7.206574631980355,existing
cell_0032_0039,output\cnn_reuse_1km_2024\images\cell_0032_0039.png,122.19152524632372,7.215619607828465,existing
cell_0032_0040,output\cnn_reuse_1km_2024\images\cell_0032_0040.png,122.19150918267829,7.224664580067349,existing
cell_0032_0041,output\cnn_reuse_1km_2024\images\cell_0032_0041.png,122.19149309837655,7.233709548692569,existing
cell_0032_0042,output\cnn_reuse_1km_2024\images\cell_0032_0042.png,122.19147699341657,7.2427545136996985,existing
cell_0032_0043,output\cnn_reuse_1km_2024\images\cell_0032_0043.png,122.19146086779625,7.251799475084311,existing
cell_0032_0044,output\cnn_reuse_1km_2024\images\cell_0032_0044.png,122.19144472151366,7.260844432841982,existing
cell_0032_0045,output\cnn_reuse_1km_2024\images\cell_0032_0045.png,122.1914285545667,7.269889386968273,existing
cell_0032_0046,output\cnn_reuse_1km_2024\images\cell_0032_0046.png,122.19141236695336,7.278934337458771,existing
cell_0032_0047,output\cnn_reuse_1km_2024\images\cell_0032_0047.png,122.19139615867158,7.287979284309041,existing
cell_0032_0048,output\cnn_reuse_1km_2024\images\cell_0032_0048.png,122.19137992971936,7.2970242275146555,existing
cell_0032_0049,output\cnn_reuse_1km_2024\images\cell_0032_0049.png,122.19136368009465,7.306069167071192,existing
cell_0032_0050,output\cnn_reuse_1km_2024\images\cell_0032_0050.png,122.19134740979543,7.315114102974221,existing
cell_0032_0051,output\cnn_reuse_1km_2024\images\cell_0032_0051.png,122.19133111881963,7.324159035219322,existing
cell_0032_0052,output\cnn_reuse_1km_2024\images\cell_0032_0052.png,122.19131480716523,7.333203963802069,existing
cell_0032_0053,output\cnn_reuse_1km_2024\images\cell_0032_0053.png,122.19129847483012,7.342248888718033,existing
cell_0032_0054,output\cnn_reuse_1km_2024\images\cell_0032_0054.png,122.19128212181235,7.351293809962796,existing
cell_0032_0055,output\cnn_reuse_1km_2024\images\cell_0032_0055.png,122.1912657481098,7.3603387275319285,existing
cell_0032_0056,output\cnn_reuse_1km_2024\images\cell_0032_0056.png,122.19124935372042,7.369383641421014,existing
cell_0032_0057,output\cnn_reuse_1km_2024\images\cell_0032_0057.png,122.19123293864216,7.378428551625622,existing
cell_0032_0058,output\cnn_reuse_1km_2024\images\cell_0032_0058.png,122.19121650287296,7.387473458141329,existing
cell_0032_0059,output\cnn_reuse_1km_2024\images\cell_0032_0059.png,122.19120004641076,7.396518360963726,existing
cell_0032_0060,output\cnn_reuse_1km_2024\images\cell_0032_0060.png,122.19118356925347,7.405563260088368,existing
cell_0032_0061,output\cnn_reuse_1km_2024\images\cell_0032_0061.png,122.19116707139908,7.414608155510858,existing
cell_0032_0062,output\cnn_reuse_1km_2024\images\cell_0032_0062.png,122.1911505528454,7.423653047226757,existing
cell_0032_0063,output\cnn_reuse_1km_2024\images\cell_0032_0063.png,122.19113401359047,7.432697935231654,existing
cell_0033_0006,output\cnn_reuse_1km_2024\images\cell_0033_0006.png,122.20109507467187,6.917148801935165,existing
cell_0033_0007,output\cnn_reuse_1km_2024\images\cell_0033_0007.png,122.20107986385582,6.9261939111019375,existing
cell_0033_0008,output\cnn_reuse_1km_2024\images\cell_0033_0008.png,122.20106463267925,6.9352390168021225,existing
cell_0033_0009,output\cnn_reuse_1km_2024\images\cell_0033_0009.png,122.20104938114021,6.944284119031288,existing
cell_0033_0010,output\cnn_reuse_1km_2024\images\cell_0033_0010.png,122.2010341092368,6.953329217784992,existing
cell_0033_0016,output\cnn_reuse_1km_2024\images\cell_0033_0016.png,122.20094205005755,7.00759973707398,existing
cell_0033_0017,output\cnn_reuse_1km_2024\images\cell_0033_0017.png,122.20092663554989,7.0166448113751905,existing
cell_0033_0018,output\cnn_reuse_1km_2024\images\cell_0033_0018.png,122.2009112006625,7.025689882165447,existing
cell_0033_0019,output\cnn_reuse_1km_2024\images\cell_0033_0019.png,122.20089574539342,7.034734949440297,existing
cell_0033_0020,output\cnn_reuse_1km_2024\images\cell_0033_0020.png,122.20088026974074,7.0437800131953265,existing
cell_0033_0021,output\cnn_reuse_1km_2024\images\cell_0033_0021.png,122.20086477370249,7.052825073426085,existing
cell_0033_0022,output\cnn_reuse_1km_2024\images\cell_0033_0022.png,122.20084925727676,7.061870130128143,existing
cell_0033_0023,output\cnn_reuse_1km_2024\images\cell_0033_0023.png,122.20083372046156,7.070915183297071,existing
cell_0033_0024,output\cnn_reuse_1km_2024\images\cell_0033_0024.png,122.20081816325495,7.079960232928424,existing
cell_0033_0025,output\cnn_reuse_1km_2024\images\cell_0033_0025.png,122.20080258565504,7.0890052790177815,existing
cell_0033_0026,output\cnn_reuse_1km_2024\images\cell_0033_0026.png,122.2007869876598,7.098050321560693,existing
cell_0033_0027,output\cnn_reuse_1km_2024\images\cell_0033_0027.png,122.2007713692673,7.1070953605527425,existing
cell_0033_0028,output\cnn_reuse_1km_2024\images\cell_0033_0028.png,122.20075573047559,7.116140395989492,existing
cell_0033_0029,output\cnn_reuse_1km_2024\images\cell_0033_0029.png,122.20074007128271,7.125185427866501,existing
cell_0033_0030,output\cnn_reuse_1km_2024\images\cell_0033_0030.png,122.20072439168669,7.134230456179355,existing
cell_0033_0031,output\cnn_reuse_1km_2024\images\cell_0033_0031.png,122.20070869168558,7.143275480923607,existing
cell_0033_0032,output\cnn_reuse_1km_2024\images\cell_0033_0032.png,122.20069297127736,7.15232050209483,existing
cell_0033_0033,output\cnn_reuse_1km_2024\images\cell_0033_0033.png,122.2006772304601,7.161365519688597,existing
cell_0033_0034,output\cnn_reuse_1km_2024\images\cell_0033_0034.png,122.20066146923186,7.170410533700473,existing
cell_0033_0035,output\cnn_reuse_1km_2024\images\cell_0033_0035.png,122.20064568759058,7.179455544126031,existing
cell_0033_0036,output\cnn_reuse_1km_2024\images\cell_0033_0036.png,122.20062988553433,7.188500550960842,existing
cell_0033_0037,output\cnn_reuse_1km_2024\images\cell_0033_0037.png,122.20061406306112,7.197545554200466,existing
cell_0033_0038,output\cnn_reuse_1km_2024\images\cell_0033_0038.png,122.20059822016898,7.2065905538404955,existing
cell_0033_0039,output\cnn_reuse_1km_2024\images\cell_0033_0039.png,122.20058235685586,7.2156355498764855,existing
cell_0033_0040,output\cnn_reuse_1km_2024\images\cell_0033_0040.png,122.20056647311986,7.2246805423040055,existing
cell_0033_0041,output\cnn_reuse_1km_2024\images\cell_0033_0041.png,122.20055056895893,7.2337255311186395,existing
cell_0033_0042,output\cnn_reuse_1km_2024\images\cell_0033_0042.png,122.20053464437109,7.242770516315953,existing
cell_0033_0043,output\cnn_reuse_1km_2024\images\cell_0033_0043.png,122.20051869935432,7.25181549789152,existing
cell_0033_0044,output\cnn_reuse_1km_2024\images\cell_0033_0044.png,122.20050273390662,7.260860475840906,existing
cell_0033_0045,output\cnn_reuse_1km_2024\images\cell_0033_0045.png,122.20048674802602,7.269905450159699,existing
cell_0033_0046,output\cnn_reuse_1km_2024\images\cell_0033_0046.png,122.2004707417105,7.278950420843467,existing
cell_0033_0047,output\cnn_reuse_1km_2024\images\cell_0033_0047.png,122.20045471495803,7.287995387887781,existing
cell_0033_0048,output\cnn_reuse_1km_2024\images\cell_0033_0048.png,122.20043866776663,7.297040351288216,existing
cell_0033_0049,output\cnn_reuse_1km_2024\images\cell_0033_0049.png,122.20042260013426,7.306085311040348,existing
cell_0033_0050,output\cnn_reuse_1km_2024\images\cell_0033_0050.png,122.2004065120589,7.315130267139759,existing
cell_0033_0051,output\cnn_reuse_1km_2024\images\cell_0033_0051.png,122.20039040353859,7.324175219582011,existing
cell_0033_0052,output\cnn_reuse_1km_2024\images\cell_0033_0052.png,122.20037427457119,7.33322016836269,existing
cell_0033_0053,output\cnn_reuse_1km_2024\images\cell_0033_0053.png,122.20035812515479,7.342265113477371,existing
cell_0033_0054,output\cnn_reuse_1km_2024\images\cell_0033_0054.png,122.20034195528733,7.351310054921629,existing
cell_0033_0055,output\cnn_reuse_1km_2024\images\cell_0033_0055.png,122.20032576496672,7.360354992691043,existing
cell_0033_0056,output\cnn_reuse_1km_2024\images\cell_0033_0056.png,122.20030955419101,7.369399926781188,existing
cell_0033_0057,output\cnn_reuse_1km_2024\images\cell_0033_0057.png,122.2002933229581,7.378444857187644,existing
cell_0033_0058,output\cnn_reuse_1km_2024\images\cell_0033_0058.png,122.20027707126602,7.387489783905993,existing
cell_0033_0059,output\cnn_reuse_1km_2024\images\cell_0033_0059.png,122.20026079911263,7.396534706931796,existing
cell_0033_0060,output\cnn_reuse_1km_2024\images\cell_0033_0060.png,122.20024450649596,7.40557962626066,existing
cell_0033_0061,output\cnn_reuse_1km_2024\images\cell_0033_0061.png,122.20022819341395,7.41462454188814,existing
cell_0033_0062,output\cnn_reuse_1km_2024\images\cell_0033_0062.png,122.20021185986454,7.423669453809826,existing
cell_0033_0063,output\cnn_reuse_1km_2024\images\cell_0033_0063.png,122.2001955058457,7.4327143620213,existing
cell_0034_0007,output\cnn_reuse_1km_2024\images\cell_0034_0007.png,122.21013135966217,6.926209035230376,existing
cell_0034_0008,output\cnn_reuse_1km_2024\images\cell_0034_0008.png,122.21011630100568,6.935254160868029,existing
cell_0034_0009,output\cnn_reuse_1km_2024\images\cell_0034_0009.png,122.21010122221742,6.9442992830353845,existing
cell_0034_0010,output\cnn_reuse_1km_2024\images\cell_0034_0010.png,122.21008612329544,6.953344401728006,existing
cell_0034_0011,output\cnn_reuse_1km_2024\images\cell_0034_0011.png,122.21007100423788,6.962389516941461,existing
cell_0034_0012,output\cnn_reuse_1km_2024\images\cell_0034_0012.png,122.2100558650428,6.971434628671307,existing
cell_0034_0013,output\cnn_reuse_1km_2024\images\cell_0034_0013.png,122.21004070570838,6.980479736913111,existing
cell_0034_0018,output\cnn_reuse_1km_2024\images\cell_0034_0018.png,122.20996460687881,7.0257052256462,existing
cell_0034_0019,output\cnn_reuse_1km_2024\images\cell_0034_0019.png,122.20994932666807,7.034750312866583,existing
cell_0034_0020,output\cnn_reuse_1km_2024\images\cell_0034_0020.png,122.2099340263046,7.043795396567878,existing
cell_0034_0021,output\cnn_reuse_1km_2024\images\cell_0034_0021.png,122.20991870578644,7.0528404767456445,existing
cell_0034_0022,output\cnn_reuse_1km_2024\images\cell_0034_0022.png,122.20990336511173,7.061885553395457,existing
cell_0034_0023,output\cnn_reuse_1km_2024\images\cell_0034_0023.png,122.20988800427853,7.0709306265128715,existing
cell_0034_0024,output\cnn_reuse_1km_2024\images\cell_0034_0024.png,122.20987262328485,7.079975696093462,existing
cell_0034_0025,output\cnn_reuse_1km_2024\images\cell_0034_0025.png,122.20985722212885,7.089020762132793,existing
cell_0034_0026,output\cnn_reuse_1km_2024\images\cell_0034_0026.png,122.20984180080858,7.098065824626435,existing
cell_0034_0027,output\cnn_reuse_1km_2024\images\cell_0034_0027.png,122.20982635932205,7.107110883569957,existing
cell_0034_0028,output\cnn_reuse_1km_2024\images\cell_0034_0028.png,122.2098108976674,7.116155938958919,existing
cell_0034_0029,output\cnn_reuse_1km_2024\images\cell_0034_0029.png,122.2097954158426,7.125200990788902,existing
cell_0034_0030,output\cnn_reuse_1km_2024\images\cell_0034_0030.png,122.2097799138458,7.134246039055462,existing
cell_0034_0031,output\cnn_reuse_1km_2024\images\cell_0034_0031.png,122.20976439167502,7.143291083754181,existing
cell_0034_0032,output\cnn_reuse_1km_2024\images\cell_0034_0032.png,122.20974884932828,7.152336124880621,existing
cell_0034_0033,output\cnn_reuse_1km_2024\images\cell_0034_0033.png,122.20973328680364,7.161381162430356,existing
cell_0034_0034,output\cnn_reuse_1km_2024\images\cell_0034_0034.png,122.2097177040992,7.170426196398953,existing
cell_0034_0035,output\cnn_reuse_1km_2024\images\cell_0034_0035.png,122.20970210121297,7.1794712267819865,existing
cell_0034_0036,output\cnn_reuse_1km_2024\images\cell_0034_0036.png,122.20968647814301,7.188516253575026,existing
cell_0034_0037,output\cnn_reuse_1km_2024\images\cell_0034_0037.png,122.20967083488733,7.197561276773643,existing
cell_0034_0038,output\cnn_reuse_1km_2024\images\cell_0034_0038.png,122.20965517144397,7.206606296373408,existing
cell_0034_0039,output\cnn_reuse_1km_2024\images\cell_0034_0039.png,122.20963948781097,7.215651312369901,existing
cell_0034_0040,output\cnn_reuse_1km_2024\images\cell_0034_0040.png,122.20962378398639,7.224696324758683,existing
cell_0034_0041,output\cnn_reuse_1km_2024\images\cell_0034_0041.png,122.2096080599682,7.233741333535337,existing
cell_0034_0042,output\cnn_reuse_1km_2024\images\cell_0034_0042.png,122.20959231575452,7.242786338695434,existing
cell_0034_0043,output\cnn_reuse_1km_2024\images\cell_0034_0043.png,122.20957655134328,7.251831340234539,existing
cell_0034_0044,output\cnn_reuse_1km_2024\images\cell_0034_0044.png,122.20956076673252,7.260876338148238,existing
cell_0034_0045,output\cnn_reuse_1km_2024\images\cell_0034_0045.png,122.20954496192032,7.269921332432105,existing
cell_0034_0046,output\cnn_reuse_1km_2024\images\cell_0034_0046.png,122.20952913690459,7.278966323081704,existing
cell_0034_0047,output\cnn_reuse_1km_2024\images\cell_0034_0047.png,122.20951329168346,7.288011310092617,existing
cell_0034_0048,output\cnn_reuse_1km_2024\images\cell_0034_0048.png,122.20949742625488,7.297056293460422,existing
cell_0034_0049,output\cnn_reuse_1km_2024\images\cell_0034_0049.png,122.20948154061686,7.306101273180692,existing
cell_0034_0050,output\cnn_reuse_1km_2024\images\cell_0034_0050.png,122.20946563476743,7.315146249249005,existing
cell_0034_0051,output\cnn_reuse_1km_2024\images\cell_0034_0051.png,122.20944970870457,7.324191221660938,existing
cell_0034_0052,output\cnn_reuse_1km_2024\images\cell_0034_0052.png,122.20943376242626,7.333236190412065,existing
cell_0034_0053,output\cnn_reuse_1km_2024\images\cell_0034_0053.png,122.20941779593056,7.342281155497963,existing
cell_0034_0054,output\cnn_reuse_1km_2024\images\cell_0034_0054.png,122.20940180921538,7.351326116914212,existing
cell_0034_0055,output\cnn_reuse_1km_2024\images\cell_0034_0055.png,122.2093858022788,7.360371074656391,existing
cell_0034_0056,output\cnn_reuse_1km_2024\images\cell_0034_0056.png,122.20936977511873,7.369416028720076,existing
cell_0034_0057,output\cnn_reuse_1km_2024\images\cell_0034_0057.png,122.20935372773324,7.378460979100851,existing
cell_0034_0058,output\cnn_reuse_1km_2024\images\cell_0034_0058.png,122.20933766012024,7.387505925794288,existing
cell_0034_0059,output\cnn_reuse_1km_2024\images\cell_0034_0059.png,122.20932157227779,7.396550868795973,existing
cell_0034_0060,output\cnn_reuse_1km_2024\images\cell_0034_0060.png,122.20930546420377,7.405595808101477,existing
cell_0034_0061,output\cnn_reuse_1km_2024\images\cell_0034_0061.png,122.20928933589624,7.414640743706392,existing
cell_0034_0062,output\cnn_reuse_1km_2024\images\cell_0034_0062.png,122.20927318735312,7.423685675606292,existing
cell_0034_0063,output\cnn_reuse_1km_2024\images\cell_0034_0063.png,122.20925701857243,7.432730603796756,existing
cell_0034_0064,output\cnn_reuse_1km_2024\images\cell_0034_0064.png,122.2092408295521,7.441775528273375,existing
cell_0035_0008,output\cnn_reuse_1km_2024\images\cell_0035_0008.png,122.21916798946397,6.93526913242208,existing
cell_0035_0009,output\cnn_reuse_1km_2024\images\cell_0035_0009.png,122.21915308342834,6.944314274300505,existing
cell_0035_0010,output\cnn_reuse_1km_2024\images\cell_0035_0010.png,122.21913815748967,6.95335941270492,existing
cell_0035_0011,output\cnn_reuse_1km_2024\images\cell_0035_0011.png,122.21912321164609,6.962404547630884,existing
cell_0035_0012,output\cnn_reuse_1km_2024\images\cell_0035_0012.png,122.21910824589573,6.971449679073965,existing
cell_0035_0013,output\cnn_reuse_1km_2024\images\cell_0035_0013.png,122.2190932602367,6.980494807029726,existing
cell_0035_0023,output\cnn_reuse_1km_2024\images\cell_0035_0023.png,122.21894230825592,7.070945893809106,existing
cell_0035_0024,output\cnn_reuse_1km_2024\images\cell_0035_0024.png,122.21892710347716,7.079990983111689,existing
cell_0035_0025,output\cnn_reuse_1km_2024\images\cell_0035_0025.png,122.21891187876697,7.089036068873738,existing
cell_0035_0026,output\cnn_reuse_1km_2024\images\cell_0035_0026.png,122.21889663412358,7.098081151090841,existing
cell_0035_0027,output\cnn_reuse_1km_2024\images\cell_0035_0027.png,122.21888136954497,7.107126229758554,existing
cell_0035_0028,output\cnn_reuse_1km_2024\images\cell_0035_0028.png,122.21886608502929,7.1161713048724575,existing
cell_0035_0029,output\cnn_reuse_1km_2024\images\cell_0035_0029.png,122.21885078057457,7.125216376428113,existing
cell_0035_0030,output\cnn_reuse_1km_2024\images\cell_0035_0030.png,122.21883545617888,7.1342614444210914,existing
cell_0035_0031,output\cnn_reuse_1km_2024\images\cell_0035_0031.png,122.21882011184034,7.143306508846965,existing
cell_0035_0032,output\cnn_reuse_1km_2024\images\cell_0035_0032.png,122.21880474755706,7.15235156970131,existing
cell_0035_0033,output\cnn_reuse_1km_2024\images\cell_0035_0033.png,122.21878936332705,7.161396626979683,existing
cell_0035_0034,output\cnn_reuse_1km_2024\images\cell_0035_0034.png,122.21877395914836,7.17044168067767,existing
cell_0035_0035,output\cnn_reuse_1km_2024\images\cell_0035_0035.png,122.2187585350191,7.179486730790839,existing
cell_0035_0036,output\cnn_reuse_1km_2024\images\cell_0035_0036.png,122.21874309093738,7.188531777314753,existing
cell_0035_0037,output\cnn_reuse_1km_2024\images\cell_0035_0037.png,122.21872762690118,7.1975768202450014,existing
cell_0035_0038,output\cnn_reuse_1km_2024\images\cell_0035_0038.png,122.21871214290857,7.206621859577145,existing
cell_0035_0039,output\cnn_reuse_1km_2024\images\cell_0035_0039.png,122.21869663895765,7.215666895306756,existing
cell_0035_0040,output\cnn_reuse_1km_2024\images\cell_0035_0040.png,122.21868111504645,7.224711927429419,existing
cell_0035_0041,output\cnn_reuse_1km_2024\images\cell_0035_0041.png,122.21866557117303,7.233756955940697,existing
cell_0035_0042,output\cnn_reuse_1km_2024\images\cell_0035_0042.png,122.21865000733547,7.242801980836171,existing
cell_0035_0043,output\cnn_reuse_1km_2024\images\cell_0035_0043.png,122.21863442353173,7.251847002111417,existing
cell_0035_0044,output\cnn_reuse_1km_2024\images\cell_0035_0044.png,122.21861881975993,7.260892019762,existing
cell_0035_0045,output\cnn_reuse_1km_2024\images\cell_0035_0045.png,122.21860319601807,7.269937033783504,existing
cell_0035_0046,output\cnn_reuse_1km_2024\images\cell_0035_0046.png,122.21858755230417,7.278982044171501,existing
cell_0035_0047,output\cnn_reuse_1km_2024\images\cell_0035_0047.png,122.21857188861635,7.288027050921578,existing
cell_0035_0048,output\cnn_reuse_1km_2024\images\cell_0035_0048.png,122.21855620495258,7.297072054029296,existing
cell_0035_0049,output\cnn_reuse_1km_2024\images\cell_0035_0049.png,122.2185405013109,7.30611705349024,existing
cell_0035_0050,output\cnn_reuse_1km_2024\images\cell_0035_0050.png,122.21852477768935,7.315162049299986,existing
cell_0035_0051,output\cnn_reuse_1km_2024\images\cell_0035_0051.png,122.21850903408594,7.3242070414541125,existing
cell_0035_0052,output\cnn_reuse_1km_2024\images\cell_0035_0052.png,122.21849327049874,7.333252029948197,existing
cell_0035_0053,output\cnn_reuse_1km_2024\images\cell_0035_0053.png,122.2184774869257,7.342297014777814,existing
cell_0035_0055,output\cnn_reuse_1km_2024\images\cell_0035_0055.png,122.21844585981432,7.360386973425978,existing
cell_0035_0056,output\cnn_reuse_1km_2024\images\cell_0035_0056.png,122.21843001627194,7.3694319472356815,existing
cell_0035_0057,output\cnn_reuse_1km_2024\images\cell_0035_0057.png,122.21841415273583,7.378476917363236,existing
cell_0035_0058,output\cnn_reuse_1km_2024\images\cell_0035_0058.png,122.21839826920403,7.387521883804224,existing
cell_0035_0059,output\cnn_reuse_1km_2024\images\cell_0035_0059.png,122.21838236567444,7.396566846554229,existing
cell_0035_0060,output\cnn_reuse_1km_2024\images\cell_0035_0060.png,122.21836644214513,7.405611805608827,existing
cell_0035_0062,output\cnn_reuse_1km_2024\images\cell_0035_0062.png,122.2183345350793,7.423701712614137,existing
cell_0035_0063,output\cnn_reuse_1km_2024\images\cell_0035_0063.png,122.21831855153879,7.432746660556007,existing
cell_0035_0064,output\cnn_reuse_1km_2024\images\cell_0035_0064.png,122.21830254799049,7.4417916047847985,existing
cell_0035_0065,output\cnn_reuse_1km_2024\images\cell_0035_0065.png,122.21828652443246,7.450836545296101,existing
cell_0036_0009,output\cnn_reuse_1km_2024\images\cell_0036_0009.png,122.22820496454227,6.944329092824787,existing
cell_0036_0010,output\cnn_reuse_1km_2024\images\cell_0036_0010.png,122.22819021158881,6.953374250713856,existing
cell_0036_0011,output\cnn_reuse_1km_2024\images\cell_0036_0011.png,122.22817543896109,6.962419405125196,existing
cell_0036_0012,output\cnn_reuse_1km_2024\images\cell_0036_0012.png,122.22816064665729,6.971464556054361,existing
cell_0036_0013,output\cnn_reuse_1km_2024\images\cell_0036_0013.png,122.22814583467559,6.980509703496921,existing
cell_0036_0014,output\cnn_reuse_1km_2024\images\cell_0036_0014.png,122.22813100301408,6.989554847448444,existing
cell_0036_0024,output\cnn_reuse_1km_2024\images\cell_0036_0024.png,122.22798160360078,7.080006093981195,existing
cell_0036_0025,output\cnn_reuse_1km_2024\images\cell_0036_0025.png,122.22796655533843,7.089051199238716,existing
cell_0036_0026,output\cnn_reuse_1km_2024\images\cell_0036_0026.png,122.22795148737379,7.098096300952009,existing
cell_0036_0027,output\cnn_reuse_1km_2024\images\cell_0036_0027.png,122.22793639970499,7.107141399116641,existing
cell_0036_0028,output\cnn_reuse_1km_2024\images\cell_0036_0028.png,122.2279212923302,7.116186493728195,existing
cell_0036_0029,output\cnn_reuse_1km_2024\images\cell_0036_0029.png,122.22790616524742,7.125231584782233,existing
cell_0036_0030,output\cnn_reuse_1km_2024\images\cell_0036_0030.png,122.22789101845483,7.134276672274327,existing
cell_0036_0031,output\cnn_reuse_1km_2024\images\cell_0036_0031.png,122.22787585195047,7.143321756200045,existing
cell_0036_0032,output\cnn_reuse_1km_2024\images\cell_0036_0032.png,122.22786066573254,7.152366836554967,existing
cell_0036_0033,output\cnn_reuse_1km_2024\images\cell_0036_0033.png,122.22784545979906,7.161411913334663,existing
cell_0036_0034,output\cnn_reuse_1km_2024\images\cell_0036_0034.png,122.22783023414807,7.1704569865347,existing
cell_0036_0035,output\cnn_reuse_1km_2024\images\cell_0036_0035.png,122.22781498877777,7.179502056150653,existing
cell_0036_0036,output\cnn_reuse_1km_2024\images\cell_0036_0036.png,122.22779972368618,7.188547122178101,existing
cell_0036_0037,output\cnn_reuse_1km_2024\images\cell_0036_0037.png,122.22778443887141,7.197592184612612,existing
cell_0036_0038,output\cnn_reuse_1km_2024\images\cell_0036_0038.png,122.22776913433151,7.206637243449761,existing
cell_0036_0039,output\cnn_reuse_1km_2024\images\cell_0036_0039.png,122.22775381006464,7.215682298685122,existing
cell_0036_0040,output\cnn_reuse_1km_2024\images\cell_0036_0040.png,122.22773846606877,7.224727350314267,existing
cell_0036_0041,output\cnn_reuse_1km_2024\images\cell_0036_0041.png,122.22772310234203,7.233772398332781,existing
cell_0036_0042,output\cnn_reuse_1km_2024\images\cell_0036_0042.png,122.22770771888248,7.242817442736228,existing
cell_0036_0043,output\cnn_reuse_1km_2024\images\cell_0036_0043.png,122.22769231568826,7.251862483520189,existing
cell_0036_0044,output\cnn_reuse_1km_2024\images\cell_0036_0044.png,122.22767689275729,7.260907520680242,existing
cell_0036_0045,output\cnn_reuse_1km_2024\images\cell_0036_0045.png,122.22766145008778,7.269952554211956,existing
cell_0036_0046,output\cnn_reuse_1km_2024\images\cell_0036_0046.png,122.22764598767773,7.278997584110917,existing
cell_0036_0047,output\cnn_reuse_1km_2024\images\cell_0036_0047.png,122.22763050552514,7.288042610372695,existing
cell_0036_0048,output\cnn_reuse_1km_2024\images\cell_0036_0048.png,122.22761500362817,7.2970876329928736,existing
cell_0036_0049,output\cnn_reuse_1km_2024\images\cell_0036_0049.png,122.22759948198481,7.306132651967026,existing
cell_0036_0050,output\cnn_reuse_1km_2024\images\cell_0036_0050.png,122.22758394059315,7.315177667290731,existing
cell_0036_0051,output\cnn_reuse_1km_2024\images\cell_0036_0051.png,122.2275683794512,7.324222678959564,existing
cell_0036_0052,output\cnn_reuse_1km_2024\images\cell_0036_0052.png,122.22755279855703,7.333267686969119,existing
cell_0036_0053,output\cnn_reuse_1km_2024\images\cell_0036_0053.png,122.22753719790869,7.342312691314958,existing
cell_0036_0054,output\cnn_reuse_1km_2024\images\cell_0036_0054.png,122.22752157750416,7.3513576919926615,existing
cell_0036_0055,output\cnn_reuse_1km_2024\images\cell_0036_0055.png,122.22750593734158,7.3604026889978265,existing
cell_0036_0056,output\cnn_reuse_1km_2024\images\cell_0036_0056.png,122.22749027741892,7.369447682326019,existing
cell_0036_0057,output\cnn_reuse_1km_2024\images\cell_0036_0057.png,122.2274745977342,7.378492671972818,existing
cell_0036_0058,output\cnn_reuse_1km_2024\images\cell_0036_0058.png,122.22745889828552,7.387537657933812,existing
cell_0036_0059,output\cnn_reuse_1km_2024\images\cell_0036_0059.png,122.22744317907085,7.396582640204585,existing
cell_0036_0060,output\cnn_reuse_1km_2024\images\cell_0036_0060.png,122.22742744008822,7.405627618780711,existing
cell_0036_0061,output\cnn_reuse_1km_2024\images\cell_0036_0061.png,122.2274116813357,7.414672593657774,existing
cell_0036_0062,output\cnn_reuse_1km_2024\images\cell_0036_0062.png,122.22739590281121,7.423717564831356,existing
cell_0036_0063,output\cnn_reuse_1km_2024\images\cell_0036_0063.png,122.22738010451287,7.4327625322970485,existing
cell_0036_0064,output\cnn_reuse_1km_2024\images\cell_0036_0064.png,122.22736428643867,7.441807496050425,existing
cell_0036_0065,output\cnn_reuse_1km_2024\images\cell_0036_0065.png,122.22734844858658,7.450852456087073,existing
cell_0036_0066,output\cnn_reuse_1km_2024\images\cell_0036_0066.png,122.22733259095465,7.45989741240258,existing
cell_0036_0067,output\cnn_reuse_1km_2024\images\cell_0036_0067.png,122.22731671354089,7.468942364992522,existing
cell_0037_0009,output\cnn_reuse_1km_2024\images\cell_0037_0009.png,122.23725686532862,6.944343738606395,existing
cell_0037_0010,output\cnn_reuse_1km_2024\images\cell_0037_0010.png,122.23724228536213,6.953388915752983,existing
cell_0037_0011,output\cnn_reuse_1km_2024\images\cell_0037_0011.png,122.23722768595212,6.962434089422545,existing
cell_0037_0012,output\cnn_reuse_1km_2024\images\cell_0037_0012.png,122.23721306709676,6.9714792596106445,existing
cell_0037_0013,output\cnn_reuse_1km_2024\images\cell_0037_0013.png,122.23719842879423,6.980524426312846,existing
cell_0037_0014,output\cnn_reuse_1km_2024\images\cell_0037_0014.png,122.23718377104264,6.989569589524718,existing
cell_0037_0024,output\cnn_reuse_1km_2024\images\cell_0037_0024.png,122.2370361234248,7.080021028700115,existing
cell_0037_0025,output\cnn_reuse_1km_2024\images\cell_0037_0025.png,122.23702125161208,7.089066153225836,existing
cell_0037_0026,output\cnn_reuse_1km_2024\images\cell_0037_0026.png,122.23700636032811,7.098111274208047,existing
cell_0037_0027,output\cnn_reuse_1km_2024\images\cell_0037_0027.png,122.2369914495711,7.107156391642331,existing
cell_0037_0028,output\cnn_reuse_1km_2024\images\cell_0037_0028.png,122.23697651933902,7.116201505524242,existing
cell_0037_0029,output\cnn_reuse_1km_2024\images\cell_0037_0029.png,122.23696156963014,7.125246615849369,existing
cell_0037_0030,output\cnn_reuse_1km_2024\images\cell_0037_0030.png,122.23694660044254,7.134291722613272,existing
cell_0037_0031,output\cnn_reuse_1km_2024\images\cell_0037_0031.png,122.23693161177431,7.143336825811527,existing
cell_0037_0032,output\cnn_reuse_1km_2024\images\cell_0037_0032.png,122.23691660362357,7.152381925439711,existing
cell_0037_0033,output\cnn_reuse_1km_2024\images\cell_0037_0033.png,122.23690157598851,7.161427021493386,existing
cell_0037_0034,output\cnn_reuse_1km_2024\images\cell_0037_0034.png,122.23688652886715,7.170472113968141,existing
cell_0037_0035,output\cnn_reuse_1km_2024\images\cell_0037_0035.png,122.23687146225771,7.179517202859536,existing
cell_0037_0036,output\cnn_reuse_1km_2024\images\cell_0037_0036.png,122.23685637615817,7.188562288163157,existing
cell_0037_0037,output\cnn_reuse_1km_2024\images\cell_0037_0037.png,122.23684127056676,7.197607369874566,existing
cell_0037_0038,output\cnn_reuse_1km_2024\images\cell_0037_0038.png,122.2368261454815,7.20665244798935,existing
cell_0037_0039,output\cnn_reuse_1km_2024\images\cell_0037_0039.png,122.23681100090054,7.215697522503073,existing
cell_0037_0040,output\cnn_reuse_1km_2024\images\cell_0037_0040.png,122.23679583682197,7.224742593411324,existing
cell_0037_0041,output\cnn_reuse_1km_2024\images\cell_0037_0041.png,122.23678065324384,7.233787660709665,existing
cell_0037_0042,output\cnn_reuse_1km_2024\images\cell_0037_0042.png,122.23676545016431,7.242832724393679,existing
cell_0037_0043,output\cnn_reuse_1km_2024\images\cell_0037_0043.png,122.23675022758145,7.251877784458947,existing
cell_0037_0044,output\cnn_reuse_1km_2024\images\cell_0037_0044.png,122.23673498549334,7.260922840901038,existing
cell_0037_0045,output\cnn_reuse_1km_2024\images\cell_0037_0045.png,122.23671972389808,7.2699678937155285,existing
cell_0037_0046,output\cnn_reuse_1km_2024\images\cell_0037_0046.png,122.23670444279372,7.279012942898009,existing
cell_0037_0047,output\cnn_reuse_1km_2024\images\cell_0037_0047.png,122.2366891421784,7.288057988444048,existing
cell_0037_0048,output\cnn_reuse_1km_2024\images\cell_0037_0048.png,122.23667382205014,7.2971030303492155,existing
cell_0037_0049,output\cnn_reuse_1km_2024\images\cell_0037_0049.png,122.23665848240705,7.30614806860911,existing
cell_0037_0050,output\cnn_reuse_1km_2024\images\cell_0037_0050.png,122.23664312324719,7.315193103219296,existing
cell_0037_0051,output\cnn_reuse_1km_2024\images\cell_0037_0051.png,122.23662774456865,7.3242381341753635,existing
cell_0037_0052,output\cnn_reuse_1km_2024\images\cell_0037_0052.png,122.23661234636948,7.333283161472879,existing
cell_0037_0053,output\cnn_reuse_1km_2024\images\cell_0037_0053.png,122.23659692864778,7.3423281851074345,existing
cell_0037_0054,output\cnn_reuse_1km_2024\images\cell_0037_0054.png,122.23658149140155,7.3513732050746095,existing
cell_0037_0055,output\cnn_reuse_1km_2024\images\cell_0037_0055.png,122.23656603462891,7.360418221369976,existing
cell_0037_0056,output\cnn_reuse_1km_2024\images\cell_0037_0056.png,122.2365505583279,7.369463233989129,existing
cell_0037_0057,output\cnn_reuse_1km_2024\images\cell_0037_0057.png,122.23653506249659,7.378508242927638,existing
cell_0037_0058,output\cnn_reuse_1km_2024\images\cell_0037_0058.png,122.23651954713299,7.387553248181092,existing
cell_0037_0059,output\cnn_reuse_1km_2024\images\cell_0037_0059.png,122.23650401223519,7.396598249745069,existing
cell_0037_0060,output\cnn_reuse_1km_2024\images\cell_0037_0060.png,122.23648845780123,7.405643247615163,existing
cell_0037_0061,output\cnn_reuse_1km_2024\images\cell_0037_0061.png,122.23647288382917,7.414688241786938,existing
cell_0037_0062,output\cnn_reuse_1km_2024\images\cell_0037_0062.png,122.23645729031702,7.423733232255998,existing
cell_0037_0063,output\cnn_reuse_1km_2024\images\cell_0037_0063.png,122.23644167726285,7.432778219017909,existing
cell_0037_0064,output\cnn_reuse_1km_2024\images\cell_0037_0064.png,122.23642604466467,7.441823202068268,existing
cell_0037_0065,output\cnn_reuse_1km_2024\images\cell_0037_0065.png,122.23641039252057,7.45086818140266,existing
cell_0037_0066,output\cnn_reuse_1km_2024\images\cell_0037_0066.png,122.2363947208285,7.459913157016656,existing
cell_0037_0067,output\cnn_reuse_1km_2024\images\cell_0037_0067.png,122.23637902958657,7.468958128905856,existing
cell_0037_0068,output\cnn_reuse_1km_2024\images\cell_0037_0068.png,122.23636331879275,7.478003097065839,existing
cell_0038_0010,output\cnn_reuse_1km_2024\images\cell_0038_0010.png,122.24629437857902,6.953403407820473,existing
cell_0038_0011,output\cnn_reuse_1km_2024\images\cell_0038_0011.png,122.24627995238855,6.962448600521115,existing
cell_0038_0012,output\cnn_reuse_1km_2024\images\cell_0038_0012.png,122.24626550698345,6.971493789740992,existing
cell_0038_0013,output\cnn_reuse_1km_2024\images\cell_0038_0013.png,122.2462510423619,6.980538975475674,existing
cell_0038_0014,output\cnn_reuse_1km_2024\images\cell_0038_0014.png,122.24623655852204,6.989584157720722,existing
cell_0038_0026,output\cnn_reuse_1km_2024\images\cell_0038_0026.png,122.24606125275558,7.098126070857108,existing
cell_0038_0027,output\cnn_reuse_1km_2024\images\cell_0038_0027.png,122.2460465189121,7.107171207333751,existing
cell_0038_0028,output\cnn_reuse_1km_2024\images\cell_0038_0028.png,122.24603176582475,7.116216340258736,existing
cell_0038_0029,output\cnn_reuse_1km_2024\images\cell_0038_0029.png,122.24601699349157,7.125261469627652,existing
cell_0038_0030,output\cnn_reuse_1km_2024\images\cell_0038_0030.png,122.24600220191083,7.134306595436061,existing
cell_0038_0031,output\cnn_reuse_1km_2024\images\cell_0038_0031.png,122.24598739108058,7.143351717679538,existing
cell_0038_0032,output\cnn_reuse_1km_2024\images\cell_0038_0032.png,122.245972560999,7.152396836353652,existing
cell_0038_0033,output\cnn_reuse_1km_2024\images\cell_0038_0033.png,122.24595771166422,7.161441951453989,existing
cell_0038_0034,output\cnn_reuse_1km_2024\images\cell_0038_0034.png,122.24594284307442,7.170487062976113,existing
cell_0038_0035,output\cnn_reuse_1km_2024\images\cell_0038_0035.png,122.24592795522764,7.1795321709156035,existing
cell_0038_0036,output\cnn_reuse_1km_2024\images\cell_0038_0036.png,122.24591304812212,7.188577275268031,existing
cell_0038_0037,output\cnn_reuse_1km_2024\images\cell_0038_0037.png,122.2458981217559,7.197622376028982,existing
cell_0038_0038,output\cnn_reuse_1km_2024\images\cell_0038_0038.png,122.24588317612718,7.206667473194018,existing
cell_0038_0039,output\cnn_reuse_1km_2024\images\cell_0038_0039.png,122.2458682112341,7.2157125667587305,existing
cell_0038_0040,output\cnn_reuse_1km_2024\images\cell_0038_0040.png,122.24585322707466,7.224757656718678,existing
cell_0038_0041,output\cnn_reuse_1km_2024\images\cell_0038_0041.png,122.24583822364711,7.233802743069455,existing
cell_0038_0042,output\cnn_reuse_1km_2024\images\cell_0038_0042.png,122.24582320094946,7.242847825806629,existing
cell_0038_0043,output\cnn_reuse_1km_2024\images\cell_0038_0043.png,122.2458081589799,7.251892904925777,existing
cell_0038_0044,output\cnn_reuse_1km_2024\images\cell_0038_0044.png,122.24579309773654,7.260937980422484,existing
cell_0038_0045,output\cnn_reuse_1km_2024\images\cell_0038_0045.png,122.24577801721743,7.2699830522923214,existing
cell_0038_0046,output\cnn_reuse_1km_2024\images\cell_0038_0046.png,122.24576291742073,7.279028120530867,existing
cell_0038_0047,output\cnn_reuse_1km_2024\images\cell_0038_0047.png,122.24574779834454,7.2880731851337055,existing
cell_0038_0048,output\cnn_reuse_1km_2024\images\cell_0038_0048.png,122.24573265998694,7.297118246096418,existing
cell_0038_0049,output\cnn_reuse_1km_2024\images\cell_0038_0049.png,122.24571750234604,7.3061633034145785,existing
cell_0038_0050,output\cnn_reuse_1km_2024\images\cell_0038_0050.png,122.24570232541994,7.315208357083772,existing
cell_0038_0051,output\cnn_reuse_1km_2024\images\cell_0038_0051.png,122.24568712920674,7.324253407099567,existing
cell_0038_0052,output\cnn_reuse_1km_2024\images\cell_0038_0052.png,122.24567191370451,7.333298453457562,existing
cell_0038_0053,output\cnn_reuse_1km_2024\images\cell_0038_0053.png,122.24565667891136,7.3423434961533305,existing
cell_0038_0054,output\cnn_reuse_1km_2024\images\cell_0038_0054.png,122.24564142482537,7.351388535182444,existing
cell_0038_0055,output\cnn_reuse_1km_2024\images\cell_0038_0055.png,122.24562615144464,7.360433570540509,existing
cell_0038_0056,output\cnn_reuse_1km_2024\images\cell_0038_0056.png,122.24561085876721,7.369478602223083,existing
cell_0038_0057,output\cnn_reuse_1km_2024\images\cell_0038_0057.png,122.2455955467912,7.37852363022576,existing
cell_0038_0058,output\cnn_reuse_1km_2024\images\cell_0038_0058.png,122.24558021551468,7.387568654544124,existing
cell_0038_0059,output\cnn_reuse_1km_2024\images\cell_0038_0059.png,122.24556486493572,7.396613675173753,existing
cell_0038_0060,output\cnn_reuse_1km_2024\images\cell_0038_0060.png,122.24554949505239,7.405658692110236,existing
cell_0038_0061,output\cnn_reuse_1km_2024\images\cell_0038_0061.png,122.24553410586273,7.414703705349156,existing
cell_0038_0062,output\cnn_reuse_1km_2024\images\cell_0038_0062.png,122.24551869736484,7.423748714886092,existing
cell_0038_0063,output\cnn_reuse_1km_2024\images\cell_0038_0063.png,122.2455032695568,7.432793720716643,existing
cell_0038_0064,output\cnn_reuse_1km_2024\images\cell_0038_0064.png,122.24548782243666,7.441838722836382,existing
cell_0038_0065,output\cnn_reuse_1km_2024\images\cell_0038_0065.png,122.24547235600245,7.450883721240889,existing
cell_0038_0066,output\cnn_reuse_1km_2024\images\cell_0038_0066.png,122.24545687025227,7.459928715925772,existing
cell_0038_0067,output\cnn_reuse_1km_2024\images\cell_0038_0067.png,122.2454413651841,7.468973706886592,existing
cell_0038_0068,output\cnn_reuse_1km_2024\images\cell_0038_0068.png,122.24542584079612,7.478018694118957,existing
cell_0039_0010,output\cnn_reuse_1km_2024\images\cell_0039_0010.png,122.25534649100871,6.953417726914529,existing
cell_0039_0011,output\cnn_reuse_1km_2024\images\cell_0039_0011.png,122.25533223803964,6.962462938419104,existing
cell_0039_0012,output\cnn_reuse_1km_2024\images\cell_0039_0012.png,122.25531796608658,6.971508146443601,existing
cell_0039_0013,output\cnn_reuse_1km_2024\images\cell_0039_0013.png,122.25530367514784,6.980553350983589,existing
cell_0039_0014,output\cnn_reuse_1km_2024\images\cell_0039_0014.png,122.2552893652216,6.989598552034643,existing
cell_0039_0015,output\cnn_reuse_1km_2024\images\cell_0039_0015.png,122.255275036306,6.998643749592323,existing
cell_0039_0026,output\cnn_reuse_1km_2024\images\cell_0039_0026.png,122.25511616442509,7.098140690897347,existing
cell_0039_0027,output\cnn_reuse_1km_2024\images\cell_0039_0027.png,122.2551016074971,7.107185846189067,existing
cell_0039_0028,output\cnn_reuse_1km_2024\images\cell_0039_0028.png,122.2550870315562,7.116230997929842,existing
cell_0039_0029,output\cnn_reuse_1km_2024\images\cell_0039_0029.png,122.25507243660061,7.1252761461152385,existing
cell_0039_0030,output\cnn_reuse_1km_2024\images\cell_0039_0030.png,122.25505782262856,7.134321290740839,existing
cell_0039_0031,output\cnn_reuse_1km_2024\images\cell_0039_0031.png,122.25504318963816,7.143366431802222,existing
cell_0039_0032,output\cnn_reuse_1km_2024\images\cell_0039_0032.png,122.2550285376276,7.15241156929495,existing
cell_0039_0033,output\cnn_reuse_1km_2024\images\cell_0039_0033.png,122.25501386659496,7.161456703214604,existing
cell_0039_0034,output\cnn_reuse_1km_2024\images\cell_0039_0034.png,122.25499917653853,7.170501833556756,existing
cell_0039_0035,output\cnn_reuse_1km_2024\images\cell_0039_0035.png,122.25498446745641,7.179546960316991,existing
cell_0039_0036,output\cnn_reuse_1km_2024\images\cell_0039_0036.png,122.25496973934672,7.188592083490874,existing
cell_0039_0037,output\cnn_reuse_1km_2024\images\cell_0039_0037.png,122.25495499220763,7.197637203073987,existing
cell_0039_0038,output\cnn_reuse_1km_2024\images\cell_0039_0038.png,122.25494022603732,7.206682319061909,existing
cell_0039_0039,output\cnn_reuse_1km_2024\images\cell_0039_0039.png,122.2549254408339,7.215727431450208,existing
cell_0039_0040,output\cnn_reuse_1km_2024\images\cell_0039_0040.png,122.25491063659555,7.224772540234471,existing
cell_0039_0041,output\cnn_reuse_1km_2024\images\cell_0039_0041.png,122.25489581332037,7.233817645410273,existing
cell_0039_0042,output\cnn_reuse_1km_2024\images\cell_0039_0042.png,122.25488097100651,7.242862746973195,existing
cell_0039_0043,output\cnn_reuse_1km_2024\images\cell_0039_0043.png,122.25486610965213,7.251907844918806,existing
cell_0039_0044,output\cnn_reuse_1km_2024\images\cell_0039_0044.png,122.25485122925541,7.260952939242697,existing
cell_0039_0045,output\cnn_reuse_1km_2024\images\cell_0039_0045.png,122.2548363298144,7.269998029940435,existing
cell_0039_0046,output\cnn_reuse_1km_2024\images\cell_0039_0046.png,122.25482141132724,7.279043117007612,existing
cell_0039_0047,output\cnn_reuse_1km_2024\images\cell_0039_0047.png,122.25480647379207,7.288088200439799,existing
cell_0039_0048,output\cnn_reuse_1km_2024\images\cell_0039_0048.png,122.25479151720704,7.297133280232583,existing
cell_0039_0049,output\cnn_reuse_1km_2024\images\cell_0039_0049.png,122.25477654157024,7.306178356381536,existing
cell_0039_0050,output\cnn_reuse_1km_2024\images\cell_0039_0050.png,122.25476154687978,7.3152234288822475,existing
cell_0039_0051,output\cnn_reuse_1km_2024\images\cell_0039_0051.png,122.25474653313381,7.324268497730295,existing
cell_0039_0052,output\cnn_reuse_1km_2024\images\cell_0039_0052.png,122.25473150033045,7.333313562921262,existing
cell_0039_0053,output\cnn_reuse_1km_2024\images\cell_0039_0053.png,122.25471644846779,7.34235862445073,existing
cell_0039_0054,output\cnn_reuse_1km_2024\images\cell_0039_0054.png,122.25470137754394,7.351403682314284,existing
cell_0039_0055,output\cnn_reuse_1km_2024\images\cell_0039_0055.png,122.254686287557,7.360448736507501,existing
cell_0039_0056,output\cnn_reuse_1km_2024\images\cell_0039_0056.png,122.2546711785051,7.369493787025968,existing
cell_0039_0057,output\cnn_reuse_1km_2024\images\cell_0039_0057.png,122.25465605038636,7.37853883386527,existing
cell_0039_0058,output\cnn_reuse_1km_2024\images\cell_0039_0058.png,122.2546409031988,7.387583877020987,existing
cell_0039_0059,output\cnn_reuse_1km_2024\images\cell_0039_0059.png,122.25462573694061,7.396628916488713,existing
cell_0039_0060,output\cnn_reuse_1km_2024\images\cell_0039_0060.png,122.25461055160982,7.405673952264015,existing
cell_0039_0061,output\cnn_reuse_1km_2024\images\cell_0039_0061.png,122.25459534720453,7.414718984342498,existing
cell_0039_0062,output\cnn_reuse_1km_2024\images\cell_0039_0062.png,122.25458012372285,7.4237640127197375,existing
cell_0039_0063,output\cnn_reuse_1km_2024\images\cell_0039_0063.png,122.25456488116286,7.432809037391314,existing
cell_0039_0064,output\cnn_reuse_1km_2024\images\cell_0039_0064.png,122.25454961952269,7.441854058352825,existing
cell_0039_0065,output\cnn_reuse_1km_2024\images\cell_0039_0065.png,122.25453433880034,7.45089907559985,existing
cell_0039_0066,output\cnn_reuse_1km_2024\images\cell_0039_0066.png,122.25451903899393,7.459944089127978,existing
cell_0039_0067,output\cnn_reuse_1km_2024\images\cell_0039_0067.png,122.25450372010155,7.468989098932796,existing
cell_0039_0068,output\cnn_reuse_1km_2024\images\cell_0039_0068.png,122.25448838212125,7.478034105009894,existing
cell_0039_0069,output\cnn_reuse_1km_2024\images\cell_0039_0069.png,122.25447302505114,7.487079107354857,existing
cell_0040_0010,output\cnn_reuse_1km_2024\images\cell_0040_0010.png,122.26439862242059,6.95343187303337,existing
cell_0040_0011,output\cnn_reuse_1km_2024\images\cell_0040_0011.png,122.26438454267462,6.962477103114721,existing
cell_0040_0012,output\cnn_reuse_1km_2024\images\cell_0040_0012.png,122.26437044417546,6.971522329716685,existing
cell_0040_0013,output\cnn_reuse_1km_2024\images\cell_0040_0013.png,122.2643563269213,6.980567552834816,existing
cell_0040_0014,output\cnn_reuse_1km_2024\images\cell_0040_0014.png,122.26434219091038,6.989612772464695,existing
cell_0040_0015,output\cnn_reuse_1km_2024\images\cell_0040_0015.png,122.264328036141,6.998657988601888,existing
cell_0040_0029,output\cnn_reuse_1km_2024\images\cell_0040_0029.png,122.26412789872622,7.12529064531031,existing
cell_0040_0030,output\cnn_reuse_1km_2024\images\cell_0040_0030.png,122.26411346236466,7.134335808525794,existing
cell_0040_0031,output\cnn_reuse_1km_2024\images\cell_0040_0031.png,122.26409900721592,7.143380968177753,existing
cell_0040_0032,output\cnn_reuse_1km_2024\images\cell_0040_0032.png,122.2640845332782,7.152426124261764,existing
cell_0040_0033,output\cnn_reuse_1km_2024\images\cell_0040_0033.png,122.26407004054961,7.161471276773399,existing
cell_0040_0034,output\cnn_reuse_1km_2024\images\cell_0040_0034.png,122.26405552902838,7.170516425708242,existing
cell_0040_0035,output\cnn_reuse_1km_2024\images\cell_0040_0035.png,122.26404099871267,7.179561571061857,existing
cell_0040_0037,output\cnn_reuse_1km_2024\images\cell_0040_0037.png,122.26401188169055,7.197651851007741,existing
cell_0040_0038,output\cnn_reuse_1km_2024\images\cell_0040_0038.png,122.26399729498051,7.206696985591162,existing
cell_0040_0039,output\cnn_reuse_1km_2024\images\cell_0040_0039.png,122.26398268946866,7.21574211657567,existing
cell_0040_0040,output\cnn_reuse_1km_2024\images\cell_0040_0040.png,122.26396806515321,7.224787243956847,existing
cell_0040_0041,output\cnn_reuse_1km_2024\images\cell_0040_0041.png,122.2639534220323,7.2338323677302725,existing
cell_0040_0042,output\cnn_reuse_1km_2024\images\cell_0040_0042.png,122.26393876010412,7.242877487891522,existing
cell_0040_0043,output\cnn_reuse_1km_2024\images\cell_0040_0043.png,122.26392407936683,7.251922604436177,existing
cell_0040_0044,output\cnn_reuse_1km_2024\images\cell_0040_0044.png,122.26390937981853,7.260967717359815,existing
cell_0040_0045,output\cnn_reuse_1km_2024\images\cell_0040_0045.png,122.26389466145747,7.27001282665802,existing
cell_0040_0046,output\cnn_reuse_1km_2024\images\cell_0040_0046.png,122.26387992428175,7.279057932326373,existing
cell_0040_0047,output\cnn_reuse_1km_2024\images\cell_0040_0047.png,122.26386516828947,7.2881030343604465,existing
cell_0040_0048,output\cnn_reuse_1km_2024\images\cell_0040_0048.png,122.26385039347889,7.297148132755839,existing
cell_0040_0049,output\cnn_reuse_1km_2024\images\cell_0040_0049.png,122.26383559984806,7.306193227508114,existing
cell_0040_0050,output\cnn_reuse_1km_2024\images\cell_0040_0050.png,122.26382078739518,7.31523831861286,existing
cell_0040_0051,output\cnn_reuse_1km_2024\images\cell_0040_0051.png,122.26380595611832,7.324283406065659,existing
cell_0040_0052,output\cnn_reuse_1km_2024\images\cell_0040_0052.png,122.26379110601567,7.333328489862102,existing
cell_0040_0053,output\cnn_reuse_1km_2024\images\cell_0040_0053.png,122.26377623708538,7.342373569997761,existing
cell_0040_0054,output\cnn_reuse_1km_2024\images\cell_0040_0054.png,122.26376134932558,7.351418646468225,existing
cell_0040_0055,output\cnn_reuse_1km_2024\images\cell_0040_0055.png,122.26374644273437,7.360463719269075,existing
cell_0040_0056,output\cnn_reuse_1km_2024\images\cell_0040_0056.png,122.2637315173099,7.369508788395903,existing
cell_0040_0057,output\cnn_reuse_1km_2024\images\cell_0040_0057.png,122.26371657305025,7.378553853844279,existing
cell_0040_0058,output\cnn_reuse_1km_2024\images\cell_0040_0058.png,122.2637016099536,7.387598915609799,existing
cell_0040_0059,output\cnn_reuse_1km_2024\images\cell_0040_0059.png,122.26368662801804,7.396643973688049,existing
cell_0040_0060,output\cnn_reuse_1km_2024\images\cell_0040_0060.png,122.2636716272417,7.405689028074605,existing
cell_0040_0061,output\cnn_reuse_1km_2024\images\cell_0040_0061.png,122.2636566076227,7.4147340787650675,existing
cell_0040_0062,output\cnn_reuse_1km_2024\images\cell_0040_0062.png,122.26364156915918,7.42377912575501,existing
cell_0040_0063,output\cnn_reuse_1km_2024\images\cell_0040_0063.png,122.26362651184918,7.4328241690400265,existing
cell_0040_0064,output\cnn_reuse_1km_2024\images\cell_0040_0064.png,122.26361143569085,7.441869208615696,existing
cell_0040_0065,output\cnn_reuse_1km_2024\images\cell_0040_0065.png,122.26359634068228,7.45091424447762,existing
cell_0040_0066,output\cnn_reuse_1km_2024\images\cell_0040_0066.png,122.2635812268216,7.459959276621373,existing
cell_0040_0067,output\cnn_reuse_1km_2024\images\cell_0040_0067.png,122.26356609410689,7.469004305042551,existing
cell_0040_0068,output\cnn_reuse_1km_2024\images\cell_0040_0068.png,122.26355094253627,7.478049329736739,existing
cell_0040_0069,output\cnn_reuse_1km_2024\images\cell_0040_0069.png,122.2635357721078,7.487094350699528,existing
cell_0040_0070,output\cnn_reuse_1km_2024\images\cell_0040_0070.png,122.26352058281962,7.49613936792651,existing
cell_0041_0002,output\cnn_reuse_1km_2024\images\cell_0041_0002.png,122.27356135815124,6.881083734025173,existing
cell_0041_0003,output\cnn_reuse_1km_2024\images\cell_0041_0003.png,122.2735475997476,6.89012901012639,existing
cell_0041_0010,output\cnn_reuse_1km_2024\images\cell_0041_0010.png,122.2734507725839,6.9534458461752395,existing
cell_0041_0011,output\cnn_reuse_1km_2024\images\cell_0041_0011.png,122.27343686606285,6.962491094606219,existing
cell_0041_0012,output\cnn_reuse_1km_2024\images\cell_0041_0012.png,122.2734229410193,6.971536339558479,existing
cell_0041_0013,output\cnn_reuse_1km_2024\images\cell_0041_0013.png,122.27340899745148,6.98058158102759,existing
cell_0041_0014,output\cnn_reuse_1km_2024\images\cell_0041_0014.png,122.27339503535772,6.989626819009114,existing
cell_0041_0015,output\cnn_reuse_1km_2024\images\cell_0041_0015.png,122.27338105473622,6.99867205349863,existing
cell_0041_0028,output\cnn_reuse_1km_2024\images\cell_0041_0028.png,122.27319761983205,7.116259782074587,existing
cell_0041_0029,output\cnn_reuse_1km_2024\images\cell_0041_0029.png,122.27318337963712,7.1253049672110516,existing
cell_0041_0030,output\cnn_reuse_1km_2024\images\cell_0041_0030.png,122.27316912088797,7.1343501487891094,existing
cell_0041_0032,output\cnn_reuse_1km_2024\images\cell_0041_0032.png,122.2731405477196,7.152440501252289,existing
cell_0041_0033,output\cnn_reuse_1km_2024\images\cell_0041_0033.png,122.27312623329686,7.161485672128575,existing
cell_0041_0034,output\cnn_reuse_1km_2024\images\cell_0041_0034.png,122.27311190031267,7.1705308394287455,existing
cell_0041_0035,output\cnn_reuse_1km_2024\images\cell_0041_0035.png,122.27309754876524,7.179576003148394,existing
cell_0041_0040,output\cnn_reuse_1km_2024\images\cell_0041_0040.png,122.27302551251634,7.2248017678839815,existing
cell_0041_0041,output\cnn_reuse_1km_2024\images\cell_0041_0041.png,122.27301104955154,7.233846910027619,existing
cell_0041_0042,output\cnn_reuse_1km_2024\images\cell_0041_0042.png,122.27299656801085,7.2428920485597805,existing
cell_0041_0043,output\cnn_reuse_1km_2024\images\cell_0041_0043.png,122.27298206789247,7.251937183476052,existing
cell_0041_0044,output\cnn_reuse_1km_2024\images\cell_0041_0044.png,122.27296754919453,7.26098231477201,existing
cell_0041_0045,output\cnn_reuse_1km_2024\images\cell_0041_0045.png,122.27295301191523,7.2700274424432365,existing
cell_0041_0046,output\cnn_reuse_1km_2024\images\cell_0041_0046.png,122.27293845605276,7.2790725664853095,existing
cell_0041_0047,output\cnn_reuse_1km_2024\images\cell_0041_0047.png,122.2729238816053,7.288117686893821,existing
cell_0041_0048,output\cnn_reuse_1km_2024\images\cell_0041_0048.png,122.27290928857094,7.297162803664338,existing
cell_0041_0049,output\cnn_reuse_1km_2024\images\cell_0041_0049.png,122.27289467694794,7.306207916792459,existing
cell_0041_0050,output\cnn_reuse_1km_2024\images\cell_0041_0050.png,122.27288004673447,7.315253026273758,existing
cell_0041_0051,output\cnn_reuse_1km_2024\images\cell_0041_0051.png,122.27286539792861,7.324298132103819,existing
cell_0041_0052,output\cnn_reuse_1km_2024\images\cell_0041_0052.png,122.27285073052857,7.333343234278225,existing
cell_0041_0053,output\cnn_reuse_1km_2024\images\cell_0041_0053.png,122.27283604453254,7.342388332792561,existing
cell_0041_0054,output\cnn_reuse_1km_2024\images\cell_0041_0054.png,122.27282133993862,7.351433427642417,existing
cell_0041_0055,output\cnn_reuse_1km_2024\images\cell_0041_0055.png,122.27280661674499,7.3604785188233715,existing
cell_0041_0056,output\cnn_reuse_1km_2024\images\cell_0041_0056.png,122.2727918749498,7.3695236063310094,existing
cell_0041_0057,output\cnn_reuse_1km_2024\images\cell_0041_0057.png,122.27277711455116,7.378568690160921,existing
cell_0041_0058,output\cnn_reuse_1km_2024\images\cell_0041_0058.png,122.2727623355473,7.3876137703086835,existing
cell_0041_0059,output\cnn_reuse_1km_2024\images\cell_0041_0059.png,122.27274753793627,7.39665884676989,existing
cell_0041_0060,output\cnn_reuse_1km_2024\images\cell_0041_0060.png,122.2727327217163,7.40570391954013,existing
cell_0041_0061,output\cnn_reuse_1km_2024\images\cell_0041_0061.png,122.27271788688546,7.414748988614982,existing
cell_0041_0062,output\cnn_reuse_1km_2024\images\cell_0041_0062.png,122.2727030334419,7.423794053990042,existing
cell_0041_0063,output\cnn_reuse_1km_2024\images\cell_0041_0063.png,122.27268816138381,7.432839115660888,existing
cell_0041_0064,output\cnn_reuse_1km_2024\images\cell_0041_0064.png,122.27267327070926,7.441884173623118,existing
cell_0041_0065,output\cnn_reuse_1km_2024\images\cell_0041_0065.png,122.27265836141638,7.450929227872315,existing
cell_0041_0066,output\cnn_reuse_1km_2024\images\cell_0041_0066.png,122.27264343350329,7.459974278404068,existing
cell_0041_0067,output\cnn_reuse_1km_2024\images\cell_0041_0067.png,122.27262848696819,7.469019325213966,existing
cell_0041_0068,output\cnn_reuse_1km_2024\images\cell_0041_0068.png,122.2726135218091,7.4780643682975985,existing
cell_0041_0069,output\cnn_reuse_1km_2024\images\cell_0041_0069.png,122.27259853802423,7.487109407650557,existing
cell_0041_0070,output\cnn_reuse_1km_2024\images\cell_0041_0070.png,122.27258353561163,7.496154443268434,existing
cell_0041_0071,output\cnn_reuse_1km_2024\images\cell_0041_0071.png,122.27256851456943,7.505199475146816,existing
cell_0042_0001,output\cnn_reuse_1km_2024\images\cell_0042_0001.png,122.28262571807124,6.872052091575803,existing
cell_0042_0002,output\cnn_reuse_1km_2024\images\cell_0042_0002.png,122.28261214932563,6.881097389232387,existing
cell_0042_0003,output\cnn_reuse_1km_2024\images\cell_0042_0003.png,122.28259856230359,6.8901426834508,existing
cell_0042_0011,output\cnn_reuse_1km_2024\images\cell_0042_0011.png,122.28248920797354,6.962504912891855,existing
cell_0042_0012,output\cnn_reuse_1km_2024\images\cell_0042_0012.png,122.28247545638735,6.971550175967251,existing
cell_0042_0013,output\cnn_reuse_1km_2024\images\cell_0042_0013.png,122.2824616865077,6.980595435560156,existing
cell_0042_0014,output\cnn_reuse_1km_2024\images\cell_0042_0014.png,122.28244789833279,6.989640691666155,existing
cell_0042_0034,output\cnn_reuse_1km_2024\images\cell_0042_0034.png,122.28216829016021,7.17054507471649,existing
cell_0042_0035,output\cnn_reuse_1km_2024\images\cell_0042_0035.png,122.28215411738287,7.1795902565748095,existing
cell_0042_0041,output\cnn_reuse_1km_2024\images\cell_0042_0041.png,122.28206869564666,7.233861272300502,existing
cell_0042_0042,output\cnn_reuse_1km_2024\images\cell_0042_0042.png,122.28205439449529,7.2429064289761635,existing
cell_0042_0043,output\cnn_reuse_1km_2024\images\cell_0042_0043.png,122.28204007499761,7.25195158203662,existing
cell_0042_0044,output\cnn_reuse_1km_2024\images\cell_0042_0044.png,122.28202573715186,7.260996731477462,existing
cell_0042_0045,output\cnn_reuse_1km_2024\images\cell_0042_0045.png,122.28201138095616,7.27004187729426,existing
cell_0042_0046,output\cnn_reuse_1km_2024\images\cell_0042_0046.png,122.28199700640879,7.279087019482607,existing
cell_0042_0047,output\cnn_reuse_1km_2024\images\cell_0042_0047.png,122.28198261350788,7.288132158038083,existing
cell_0042_0048,output\cnn_reuse_1km_2024\images\cell_0042_0048.png,122.2819682022517,7.297177292956267,existing
cell_0042_0049,output\cnn_reuse_1km_2024\images\cell_0042_0049.png,122.28195377263837,7.306222424232748,existing
cell_0042_0050,output\cnn_reuse_1km_2024\images\cell_0042_0050.png,122.2819393246661,7.315267551863106,existing
cell_0042_0051,output\cnn_reuse_1km_2024\images\cell_0042_0051.png,122.28192485833308,7.324312675842931,existing
cell_0042_0052,output\cnn_reuse_1km_2024\images\cell_0042_0052.png,122.28191037363752,7.333357796167798,existing
cell_0042_0053,output\cnn_reuse_1km_2024\images\cell_0042_0053.png,122.28189587057754,7.342402912833302,existing
cell_0042_0054,output\cnn_reuse_1km_2024\images\cell_0042_0054.png,122.28188134915136,7.351448025835021,existing
cell_0042_0055,output\cnn_reuse_1km_2024\images\cell_0042_0055.png,122.28186680935718,7.360493135168542,existing
cell_0042_0056,output\cnn_reuse_1km_2024\images\cell_0042_0056.png,122.28185225119311,7.3695382408294545,existing
cell_0042_0057,output\cnn_reuse_1km_2024\images\cell_0042_0057.png,122.28183767465735,7.378583342813344,existing
cell_0042_0058,output\cnn_reuse_1km_2024\images\cell_0042_0058.png,122.28182307974814,7.387628441115797,existing
cell_0042_0059,output\cnn_reuse_1km_2024\images\cell_0042_0059.png,122.28180846646354,7.396673535732397,existing
cell_0042_0060,output\cnn_reuse_1km_2024\images\cell_0042_0060.png,122.28179383480176,7.405718626658734,existing
cell_0042_0061,output\cnn_reuse_1km_2024\images\cell_0042_0061.png,122.28177918476091,7.414763713890398,existing
cell_0042_0062,output\cnn_reuse_1km_2024\images\cell_0042_0062.png,122.28176451633927,7.423808797422971,existing
cell_0042_0063,output\cnn_reuse_1km_2024\images\cell_0042_0063.png,122.28174982953489,7.432853877252051,existing
cell_0042_0064,output\cnn_reuse_1km_2024\images\cell_0042_0064.png,122.28173512434596,7.441898953373222,existing
cell_0042_0065,output\cnn_reuse_1km_2024\images\cell_0042_0065.png,122.28172040077061,7.450944025782071,existing
cell_0042_0066,output\cnn_reuse_1km_2024\images\cell_0042_0066.png,122.28170565880706,7.459989094474193,existing
cell_0042_0067,output\cnn_reuse_1km_2024\images\cell_0042_0067.png,122.28169089845338,7.469034159445171,existing
cell_0042_0068,output\cnn_reuse_1km_2024\images\cell_0042_0068.png,122.28167611970778,7.478079220690602,existing
cell_0042_0069,output\cnn_reuse_1km_2024\images\cell_0042_0069.png,122.28166132256833,7.487124278206079,existing
cell_0042_0070,output\cnn_reuse_1km_2024\images\cell_0042_0070.png,122.28164650703323,7.49616933198718,existing
cell_0042_0071,output\cnn_reuse_1km_2024\images\cell_0042_0071.png,122.28163167310058,7.505214382029511,existing
cell_0042_0072,output\cnn_reuse_1km_2024\images\cell_0042_0072.png,122.28161682076852,7.514259428328659,existing
cell_0043_0001,output\cnn_reuse_1km_2024\images\cell_0043_0001.png,122.29167635636912,6.872065557730124,existing
cell_0043_0002,output\cnn_reuse_1km_2024\images\cell_0043_0002.png,122.29166295877627,6.881110873276149,existing
cell_0043_0003,output\cnn_reuse_1km_2024\images\cell_0043_0003.png,122.29164954313758,6.890156185384653,existing
cell_0043_0034,output\cnn_reuse_1km_2024\images\cell_0043_0034.png,122.29122469833978,7.170559131569689,existing
cell_0043_0035,output\cnn_reuse_1km_2024\images\cell_0043_0035.png,122.29121070433426,7.1796043313393225,existing
cell_0043_0046,output\cnn_reuse_1km_2024\images\cell_0043_0046.png,122.2910555751183,7.279101291316468,existing
cell_0043_0047,output\cnn_reuse_1km_2024\images\cell_0043_0047.png,122.29104136376583,7.288146447791441,existing
cell_0043_0048,output\cnn_reuse_1km_2024\images\cell_0043_0048.png,122.29102713428958,7.297191600629819,existing
cell_0043_0049,output\cnn_reuse_1km_2024\images\cell_0043_0049.png,122.29101288668771,7.306236749827178,existing
cell_0043_0050,output\cnn_reuse_1km_2024\images\cell_0043_0050.png,122.2909986209585,7.315281895379111,existing
cell_0043_0051,output\cnn_reuse_1km_2024\images\cell_0043_0051.png,122.29098433710011,7.324327037281186,existing
cell_0043_0052,output\cnn_reuse_1km_2024\images\cell_0043_0052.png,122.29097003511082,7.333372175529015,existing
cell_0043_0053,output\cnn_reuse_1km_2024\images\cell_0043_0053.png,122.29095571498875,7.342417310118162,existing
cell_0043_0054,output\cnn_reuse_1km_2024\images\cell_0043_0054.png,122.29094137673214,7.351462441044217,existing
cell_0043_0055,output\cnn_reuse_1km_2024\images\cell_0043_0055.png,122.29092702033923,7.3605075683027765,existing
cell_0043_0056,output\cnn_reuse_1km_2024\images\cell_0043_0056.png,122.29091264580813,7.369552691889419,existing
cell_0043_0057,output\cnn_reuse_1km_2024\images\cell_0043_0057.png,122.29089825313709,7.378597811799734,existing
cell_0043_0058,output\cnn_reuse_1km_2024\images\cell_0043_0058.png,122.2908838423243,7.387642928029309,existing
cell_0043_0059,output\cnn_reuse_1km_2024\images\cell_0043_0059.png,122.29086941336791,7.39668804057373,existing
cell_0043_0060,output\cnn_reuse_1km_2024\images\cell_0043_0060.png,122.2908549662662,7.40573314942859,existing
cell_0043_0061,output\cnn_reuse_1km_2024\images\cell_0043_0061.png,122.29084050101726,7.414778254589475,existing
cell_0043_0062,output\cnn_reuse_1km_2024\images\cell_0043_0062.png,122.29082601761928,7.423823356051971,existing
cell_0043_0063,output\cnn_reuse_1km_2024\images\cell_0043_0063.png,122.2908115160705,7.432868453811674,existing
cell_0043_0064,output\cnn_reuse_1km_2024\images\cell_0043_0064.png,122.29079699636907,7.4419135478641705,existing
cell_0043_0065,output\cnn_reuse_1km_2024\images\cell_0043_0065.png,122.29078245851314,7.450958638205051,existing
cell_0043_0066,output\cnn_reuse_1km_2024\images\cell_0043_0066.png,122.29076790250095,7.460003724829904,existing
cell_0043_0067,output\cnn_reuse_1km_2024\images\cell_0043_0067.png,122.29075332833057,7.469048807734327,existing
cell_0043_0068,output\cnn_reuse_1km_2024\images\cell_0043_0068.png,122.29073873600024,7.478093886913902,existing
cell_0043_0069,output\cnn_reuse_1km_2024\images\cell_0043_0069.png,122.29072412550812,7.487138962364229,existing
cell_0043_0070,output\cnn_reuse_1km_2024\images\cell_0043_0070.png,122.29070949685236,7.496184034080895,existing
cell_0043_0071,output\cnn_reuse_1km_2024\images\cell_0043_0071.png,122.29069485003109,7.505229102059497,existing
cell_0043_0072,output\cnn_reuse_1km_2024\images\cell_0043_0072.png,122.29068018504255,7.514274166295624,existing
cell_0044_0001,output\cnn_reuse_1km_2024\images\cell_0044_0001.png,122.30072701271116,6.872078852946395,existing
cell_0044_0051,output\cnn_reuse_1km_2024\images\cell_0044_0051.png,122.3000438339981,7.324341216416815,existing
cell_0044_0052,output\cnn_reuse_1km_2024\images\cell_0044_0052.png,122.30002971471686,7.33338637236008,existing
cell_0044_0053,output\cnn_reuse_1km_2024\images\cell_0044_0053.png,122.30001557753451,7.342431524645352,existing
cell_0044_0054,output\cnn_reuse_1km_2024\images\cell_0044_0054.png,122.30000142244928,7.3514766732682215,existing
cell_0044_0055,output\cnn_reuse_1km_2024\images\cell_0044_0055.png,122.29998724945939,7.360521818224277,existing
cell_0044_0056,output\cnn_reuse_1km_2024\images\cell_0044_0056.png,122.29997305856308,7.369566959509104,existing
cell_0044_0057,output\cnn_reuse_1km_2024\images\cell_0044_0057.png,122.29995884975855,7.378612097118287,existing
cell_0044_0058,output\cnn_reuse_1km_2024\images\cell_0044_0058.png,122.29994462304404,7.387657231047419,existing
cell_0044_0059,output\cnn_reuse_1km_2024\images\cell_0044_0059.png,122.29993037841771,7.396702361292094,existing
cell_0044_0060,output\cnn_reuse_1km_2024\images\cell_0044_0060.png,122.29991611587783,7.405747487847893,existing
cell_0044_0061,output\cnn_reuse_1km_2024\images\cell_0044_0061.png,122.29990183542257,7.414792610710403,existing
cell_0044_0062,output\cnn_reuse_1km_2024\images\cell_0044_0062.png,122.29988753705017,7.423837729875229,existing
cell_0044_0063,output\cnn_reuse_1km_2024\images\cell_0044_0063.png,122.29987322075878,7.432882845337944,existing
cell_0044_0064,output\cnn_reuse_1km_2024\images\cell_0044_0064.png,122.29985888654664,7.441927957094152,existing
cell_0044_0065,output\cnn_reuse_1km_2024\images\cell_0044_0065.png,122.29984453441197,7.450973065139432,existing
cell_0044_0066,output\cnn_reuse_1km_2024\images\cell_0044_0066.png,122.29983016435293,7.46001816946939,existing
cell_0044_0067,output\cnn_reuse_1km_2024\images\cell_0044_0067.png,122.29981577636768,7.469063270079605,existing
cell_0044_0068,output\cnn_reuse_1km_2024\images\cell_0044_0068.png,122.29980137045449,7.478108366965672,existing
cell_0044_0069,output\cnn_reuse_1km_2024\images\cell_0044_0069.png,122.2997869466115,7.4871534601231895,existing
cell_0044_0070,output\cnn_reuse_1km_2024\images\cell_0044_0070.png,122.29977250483694,7.4961985495477546,existing
cell_0045_0049,output\cnn_reuse_1km_2024\images\cell_0045_0049.png,122.3091311689369,7.306264855471357,existing
cell_0045_0050,output\cnn_reuse_1km_2024\images\cell_0045_0050.png,122.30911726769915,7.3153100361839405,existing
cell_0045_0051,output\cnn_reuse_1km_2024\images\cell_0045_0051.png,122.3091033487954,7.324355213248038,existing
cell_0045_0052,output\cnn_reuse_1km_2024\images\cell_0045_0052.png,122.30908941222401,7.333400386659233,existing
cell_0045_0053,output\cnn_reuse_1km_2024\images\cell_0045_0053.png,122.30907545798313,7.342445556413108,existing
cell_0045_0054,output\cnn_reuse_1km_2024\images\cell_0045_0054.png,122.30906148607106,7.35149072250526,existing
cell_0045_0055,output\cnn_reuse_1km_2024\images\cell_0045_0055.png,122.30904749648603,7.36053588493127,existing
cell_0045_0056,output\cnn_reuse_1km_2024\images\cell_0045_0056.png,122.30903348922625,7.369581043686732,existing
cell_0045_0057,output\cnn_reuse_1km_2024\images\cell_0045_0057.png,122.30901946429005,7.378626198767229,existing
cell_0045_0058,output\cnn_reuse_1km_2024\images\cell_0045_0058.png,122.30900542167554,7.387671350168359,existing
cell_0045_0059,output\cnn_reuse_1km_2024\images\cell_0045_0059.png,122.3089913613811,7.396716497885703,existing
cell_0045_0060,output\cnn_reuse_1km_2024\images\cell_0045_0060.png,122.30897728340484,7.4057616419148555,existing
cell_0045_0061,output\cnn_reuse_1km_2024\images\cell_0045_0061.png,122.30896318774508,7.414806782251411,existing
cell_0045_0062,output\cnn_reuse_1km_2024\images\cell_0045_0062.png,122.30894907439998,7.42385191889095,existing
cell_0045_0063,output\cnn_reuse_1km_2024\images\cell_0045_0063.png,122.30893494336782,7.432897051829072,existing
cell_0045_0064,output\cnn_reuse_1km_2024\images\cell_0045_0064.png,122.30892079464681,7.4419421810613695,existing
cell_0045_0065,output\cnn_reuse_1km_2024\images\cell_0045_0065.png,122.30890662823512,7.4509873065834284,existing
cell_0045_0066,output\cnn_reuse_1km_2024\images\cell_0045_0066.png,122.30889244413106,7.460032428390843,existing
cell_0045_0067,output\cnn_reuse_1km_2024\images\cell_0045_0067.png,122.30887824233281,7.46907754647921,existing
cell_0045_0068,output\cnn_reuse_1km_2024\images\cell_0045_0068.png,122.30886402283856,7.478122660844118,existing
cell_0046_0049,output\cnn_reuse_1km_2024\images\cell_0046_0049.png,122.3181903366736,7.3062786355176055,existing
cell_0046_0050,output\cnn_reuse_1km_2024\images\cell_0046_0050.png,122.3181766176842,7.315323833469282,existing
cell_0046_0051,output\cnn_reuse_1km_2024\images\cell_0046_0051.png,122.31816288126043,7.324369027773124,existing
cell_0046_0052,output\cnn_reuse_1km_2024\images\cell_0046_0052.png,122.31814912740062,7.333414218424729,existing
cell_0046_0053,output\cnn_reuse_1km_2024\images\cell_0046_0053.png,122.31813535610297,7.342459405419686,existing
cell_0046_0054,output\cnn_reuse_1km_2024\images\cell_0046_0054.png,122.3181215673658,7.351504588753584,existing
cell_0046_0055,output\cnn_reuse_1km_2024\images\cell_0046_0055.png,122.31810776118735,7.360549768422013,existing
cell_0046_0056,output\cnn_reuse_1km_2024\images\cell_0046_0056.png,122.31809393756592,7.369594944420553,existing
cell_0046_0057,output\cnn_reuse_1km_2024\images\cell_0046_0057.png,122.31808009649973,7.378640116744809,existing
cell_0046_0058,output\cnn_reuse_1km_2024\images\cell_0046_0058.png,122.3180662379871,7.387685285390359,existing
cell_0046_0059,output\cnn_reuse_1km_2024\images\cell_0046_0059.png,122.31805236202621,7.396730450352805,existing
cell_0046_0060,output\cnn_reuse_1km_2024\images\cell_0046_0060.png,122.3180384686154,7.405775611627727,existing
cell_0046_0061,output\cnn_reuse_1km_2024\images\cell_0046_0061.png,122.31802455775286,7.414820769210721,existing
cell_0046_0062,output\cnn_reuse_1km_2024\images\cell_0046_0062.png,122.31801062943687,7.423865923097376,existing
cell_0046_0063,output\cnn_reuse_1km_2024\images\cell_0046_0063.png,122.31799668366571,7.432911073283296,existing
cell_0046_0064,output\cnn_reuse_1km_2024\images\cell_0046_0064.png,122.31798272043756,7.441956219764054,existing
cell_0046_0065,output\cnn_reuse_1km_2024\images\cell_0046_0065.png,122.31796873975071,7.451001362535261,existing
cell_0046_0066,output\cnn_reuse_1km_2024\images\cell_0046_0066.png,122.31795474160342,7.4600465015924975,existing
cell_0046_0067,output\cnn_reuse_1km_2024\images\cell_0046_0067.png,122.31794072599386,7.469091636931362,existing
cell_0046_0068,output\cnn_reuse_1km_2024\images\cell_0046_0068.png,122.31792669292037,7.478136768547452,existing
cell_0047_0010,output\cnn_reuse_1km_2024\images\cell_0047_0010.png,122.32776405442482,6.953526052414384,existing
cell_0047_0049,output\cnn_reuse_1km_2024\images\cell_0047_0049.png,122.32724952184294,7.3062922337110185,existing
cell_0047_0050,output\cnn_reuse_1km_2024\images\cell_0047_0050.png,122.32723598510361,7.315337448674268,existing
cell_0047_0051,output\cnn_reuse_1km_2024\images\cell_0047_0051.png,122.32722243116156,7.32438265999035,existing
cell_0047_0052,output\cnn_reuse_1km_2024\images\cell_0047_0052.png,122.32720886001502,7.333427867654851,existing
cell_0047_0053,output\cnn_reuse_1km_2024\images\cell_0047_0053.png,122.32719527166233,7.342473071663364,existing
cell_0047_0054,output\cnn_reuse_1km_2024\images\cell_0047_0054.png,122.3271816661018,7.351518272011468,existing
cell_0047_0055,output\cnn_reuse_1km_2024\images\cell_0047_0055.png,122.3271680433317,7.360563468694767,existing
cell_0047_0056,output\cnn_reuse_1km_2024\images\cell_0047_0056.png,122.32715440335032,7.369608661708848,existing
cell_0047_0057,output\cnn_reuse_1km_2024\images\cell_0047_0057.png,122.32714074615592,7.37865385104929,existing
cell_0047_0058,output\cnn_reuse_1km_2024\images\cell_0047_0058.png,122.32712707174683,7.387699036711698,existing
cell_0047_0059,output\cnn_reuse_1km_2024\images\cell_0047_0059.png,122.3271133801213,7.396744218691658,existing
cell_0047_0060,output\cnn_reuse_1km_2024\images\cell_0047_0060.png,122.32709967127765,7.405789396984758,existing
cell_0047_0061,output\cnn_reuse_1km_2024\images\cell_0047_0061.png,122.3270859452141,7.4148345715865975,existing
cell_0047_0062,output\cnn_reuse_1km_2024\images\cell_0047_0062.png,122.32707220192897,7.4238797424927725,existing
cell_0047_0063,output\cnn_reuse_1km_2024\images\cell_0047_0063.png,122.32705844142056,7.43292490969886,existing
cell_0047_0064,output\cnn_reuse_1km_2024\images\cell_0047_0064.png,122.32704466368705,7.441970073200468,existing
cell_0047_0065,output\cnn_reuse_1km_2024\images\cell_0047_0065.png,122.32703086872677,7.451015232993182,existing
cell_0047_0066,output\cnn_reuse_1km_2024\images\cell_0047_0066.png,122.327017056538,7.460060389072603,existing
cell_0047_0067,output\cnn_reuse_1km_2024\images\cell_0047_0067.png,122.32700322711895,7.4691055414343195,existing
cell_0048_0050,output\cnn_reuse_1km_2024\images\cell_0048_0050.png,122.33629536972578,7.315350881797218,existing
cell_0048_0051,output\cnn_reuse_1km_2024\images\cell_0048_0051.png,122.33628199826705,7.324396109898026,existing
cell_0048_0052,output\cnn_reuse_1km_2024\images\cell_0048_0052.png,122.33626860983557,7.333441334347904,existing
cell_0048_0053,output\cnn_reuse_1km_2024\images\cell_0048_0053.png,122.33625520442956,7.342486555142433,existing
cell_0048_0054,output\cnn_reuse_1km_2024\images\cell_0048_0054.png,122.33624178204737,7.351531772277221,existing
cell_0048_0055,output\cnn_reuse_1km_2024\images\cell_0048_0055.png,122.3362283426873,7.3605769857478425,existing
cell_0048_0056,output\cnn_reuse_1km_2024\images\cell_0048_0056.png,122.33621488634768,7.369622195549895,existing
cell_0048_0057,output\cnn_reuse_1km_2024\images\cell_0048_0057.png,122.33620141302683,7.378667401678972,existing
cell_0048_0058,output\cnn_reuse_1km_2024\images\cell_0048_0058.png,122.33618792272298,7.387712604130658,existing
cell_0048_0059,output\cnn_reuse_1km_2024\images\cell_0048_0059.png,122.33617441543456,7.396757802900556,existing
cell_0048_0060,output\cnn_reuse_1km_2024\images\cell_0048_0060.png,122.33616089115975,7.405802997984246,existing
cell_0048_0061,output\cnn_reuse_1km_2024\images\cell_0048_0061.png,122.33614734989695,7.414848189377332,existing
cell_0048_0062,output\cnn_reuse_1km_2024\images\cell_0048_0062.png,122.33613379164439,7.4238933770754025,existing
cell_0048_0063,output\cnn_reuse_1km_2024\images\cell_0048_0063.png,122.33612021640043,7.432938561074054,existing
cell_0048_0064,output\cnn_reuse_1km_2024\images\cell_0048_0064.png,122.33610662416332,7.441983741368883,existing
cell_0048_0065,output\cnn_reuse_1km_2024\images\cell_0048_0065.png,122.33609301493132,7.451028917955473,existing
cell_0048_0066,output\cnn_reuse_1km_2024\images\cell_0048_0066.png,122.33607938870281,7.460074090829426,existing
cell_0048_0067,output\cnn_reuse_1km_2024\images\cell_0048_0067.png,122.33606574547603,7.469119259986341,existing
cell_0049_0013,output\cnn_reuse_1km_2024\images\cell_0049_0013.png,122.34583100924388,6.980687554660744,existing
cell_0049_0050,output\cnn_reuse_1km_2024\images\cell_0049_0050.png,122.34535477131907,7.315364132836453,existing
cell_0049_0051,output\cnn_reuse_1km_2024\images\cell_0049_0051.png,122.34534158234545,7.324409377494476,existing
cell_0049_0052,output\cnn_reuse_1km_2024\images\cell_0049_0052.png,122.34532837663063,7.3334546185022065,existing
cell_0049_0053,output\cnn_reuse_1km_2024\images\cell_0049_0053.png,122.34531515417298,7.342499855855238,existing
cell_0049_0054,output\cnn_reuse_1km_2024\images\cell_0049_0054.png,122.3453019149708,7.351545089549154,existing
cell_0049_0055,output\cnn_reuse_1km_2024\images\cell_0049_0055.png,122.34528865902247,7.3605903195795515,existing
cell_0049_0056,output\cnn_reuse_1km_2024\images\cell_0049_0056.png,122.3452753863263,7.369635545942026,existing
cell_0049_0057,output\cnn_reuse_1km_2024\images\cell_0049_0057.png,122.34526209688063,7.378680768632163,existing
cell_0049_0058,output\cnn_reuse_1km_2024\images\cell_0049_0058.png,122.3452487906838,7.387725987645555,existing
cell_0049_0059,output\cnn_reuse_1km_2024\images\cell_0049_0059.png,122.34523546773413,7.396771202977803,existing
cell_0049_0060,output\cnn_reuse_1km_2024\images\cell_0049_0060.png,122.3452221280299,7.405816414624494,existing
cell_0049_0061,output\cnn_reuse_1km_2024\images\cell_0049_0061.png,122.34520877156952,7.414861622581227,existing
cell_0049_0062,output\cnn_reuse_1km_2024\images\cell_0049_0062.png,122.34519539835128,7.42390682684359,existing
cell_0049_0063,output\cnn_reuse_1km_2024\images\cell_0049_0063.png,122.34518200837344,7.432952027407179,existing
cell_0049_0064,output\cnn_reuse_1km_2024\images\cell_0049_0064.png,122.34516860163444,7.441997224267593,existing
cell_0049_0065,output\cnn_reuse_1km_2024\images\cell_0049_0065.png,122.34515517813247,7.451042417420426,existing
cell_0049_0066,output\cnn_reuse_1km_2024\images\cell_0049_0066.png,122.34514173786587,7.46008760686127,existing
cell_0049_0067,output\cnn_reuse_1km_2024\images\cell_0049_0067.png,122.34512828083308,7.469132792585729,existing
cell_0050_0013,output\cnn_reuse_1km_2024\images\cell_0050_0013.png,122.35488383820014,6.980700019851584,existing
cell_0050_0014,output\cnn_reuse_1km_2024\images\cell_0050_0014.png,122.35487144143669,6.989745412774539,existing
cell_0050_0051,output\cnn_reuse_1km_2024\images\cell_0050_0051.png,122.35440118316498,7.324422462778057,existing
cell_0050_0052,output\cnn_reuse_1km_2024\images\cell_0050_0052.png,122.35438816016855,7.333467720116111,existing
cell_0050_0053,output\cnn_reuse_1km_2024\images\cell_0050_0053.png,122.35437512066089,7.342512973800099,existing
cell_0050_0054,output\cnn_reuse_1km_2024\images\cell_0050_0054.png,122.35436206464041,7.351558223825614,existing
cell_0050_0055,output\cnn_reuse_1km_2024\images\cell_0050_0055.png,122.3543489921055,7.360603470188241,existing
cell_0050_0056,output\cnn_reuse_1km_2024\images\cell_0050_0056.png,122.35433590305442,7.369648712883571,existing
cell_0050_0057,output\cnn_reuse_1km_2024\images\cell_0050_0057.png,122.35432279748562,7.3786939519072,existing
cell_0050_0058,output\cnn_reuse_1km_2024\images\cell_0050_0058.png,122.35430967539743,7.387739187254728,existing
cell_0050_0059,output\cnn_reuse_1km_2024\images\cell_0050_0059.png,122.3542965367882,7.39678441892174,existing
cell_0050_0060,output\cnn_reuse_1km_2024\images\cell_0050_0060.png,122.35428338165626,7.405829646903833,existing
cell_0050_0061,output\cnn_reuse_1km_2024\images\cell_0050_0061.png,122.35427020999998,7.414874871196606,existing
cell_0050_0062,output\cnn_reuse_1km_2024\images\cell_0050_0062.png,122.35425702181767,7.423920091795643,existing
cell_0050_0064,output\cnn_reuse_1km_2024\images\cell_0050_0064.png,122.35423059586844,7.442010521894929,existing
cell_0050_0065,output\cnn_reuse_1km_2024\images\cell_0050_0065.png,122.35421735809818,7.451055731386362,existing
cell_0050_0066,output\cnn_reuse_1km_2024\images\cell_0050_0066.png,122.35420410379527,7.4601009371664535,existing
cell_0051_0052,output\cnn_reuse_1km_2024\images\cell_0051_0052.png,122.36344796021767,7.333480639187993,existing
cell_0051_0053,output\cnn_reuse_1km_2024\images\cell_0051_0053.png,122.36343510366163,7.342525908975412,existing
cell_0051_0054,output\cnn_reuse_1km_2024\images\cell_0051_0054.png,122.3634222308245,7.351571175104967,existing
cell_0051_0055,output\cnn_reuse_1km_2024\images\cell_0051_0055.png,122.36340934170457,7.360616437572268,existing
cell_0051_0056,output\cnn_reuse_1km_2024\images\cell_0051_0056.png,122.36339643630029,7.369661696372899,existing
cell_0051_0057,output\cnn_reuse_1km_2024\images\cell_0051_0057.png,122.36338351461004,7.3787069515024495,existing
cell_0051_0058,output\cnn_reuse_1km_2024\images\cell_0051_0058.png,122.36337057663214,7.387752202956532,existing
cell_0051_0059,output\cnn_reuse_1km_2024\images\cell_0051_0059.png,122.363357622365,7.396797450730717,existing
cell_0052_0053,output\cnn_reuse_1km_2024\images\cell_0052_0053.png,122.37249510294352,7.342538661379544,existing
cell_0052_0054,output\cnn_reuse_1km_2024\images\cell_0052_0054.png,122.37248241329134,7.351583943385606,existing
cell_0052_0055,output\cnn_reuse_1km_2024\images\cell_0052_0055.png,122.37246970758808,7.360629221730023,existing
cell_0052_0056,output\cnn_reuse_1km_2024\images\cell_0052_0056.png,122.37245698583217,7.36967449640839,existing
cell_0052_0057,output\cnn_reuse_1km_2024\images\cell_0052_0057.png,122.37244424802205,7.3787197674163,existing
cell_0052_0058,output\cnn_reuse_1km_2024\images\cell_0052_0058.png,122.37243149415606,7.387765034749343,existing
cell_0052_0059,output\cnn_reuse_1km_2024\images\cell_0052_0059.png,122.37241872423265,7.396810298403125,existing
cell_0052_0060,output\cnn_reuse_1km_2024\images\cell_0052_0060.png,122.37240593825015,7.405855558373229,existing
cell_0052_0061,output\cnn_reuse_1km_2024\images\cell_0052_0061.png,122.37239313620701,7.414900814655262,existing
cell_0053_0055,output\cnn_reuse_1km_2024\images\cell_0053_0055.png,122.38153008952422,7.360641822659923,existing
cell_0053_0056,output\cnn_reuse_1km_2024\images\cell_0053_0056.png,122.38151755141833,7.3696871129884585,existing
cell_0053_0057,output\cnn_reuse_1km_2024\images\cell_0053_0057.png,122.3815049974899,7.3787323996471414,existing
cell_0053_0058,output\cnn_reuse_1km_2024\images\cell_0053_0058.png,122.38149242773747,7.387777682631573,existing
cell_0053_0059,output\cnn_reuse_1km_2024\images\cell_0053_0059.png,122.38147984215935,7.3968229619373504,existing
cell_0054_0057,output\cnn_reuse_1km_2024\images\cell_0054_0057.png,122.39056576278188,7.378744848193415,existing
cell_0054_0058,output\cnn_reuse_1km_2024\images\cell_0054_0058.png,122.39055337714451,7.387790146601649,existing
cell_0054_0059,output\cnn_reuse_1km_2024\images\cell_0054_0059.png,122.39054097591327,7.396835441331828,existing
cell_0055_0059,output\cnn_reuse_1km_2024\images\cell_0055_0059.png,122.39960212526263,7.396847736585002,existing
cell_0056_0054,output\cnn_reuse_1km_2024\images\cell_0056_0054.png,122.40872330135211,7.351633186489597,existing
cell_0056_0055,output\cnn_reuse_1km_2024\images\cell_0056_0055.png,122.40871132933123,7.3606785260669065,existing
cell_0058_0058,output\cnn_reuse_1km_2024\images\cell_0058_0058.png,122.42679732839296,7.387838163329745,existing
