cell_id,centroid_lon,centroid_lat,minx,miny,maxx,maxy,predicted_poverty,is_interpolated
cell_0000_0021,121.90209783400798,7.052218341627173,121.89756057566721,7.0476855574468615,121.90663500010982,7.056751110333982,0.7140757,False
cell_0000_0022,121.90207651902136,7.061262612594819,121.89753915878218,7.056729816396706,121.90661378690626,7.0657953932820545,1.349691,False
cell_0000_0023,121.90205517602581,7.070306880000095,121.89751771377146,7.065774071785908,121.90659254581054,7.074839672666036,1.3028934,False
cell_0000_0024,121.90203380501863,7.079351143838532,121.89749624063236,7.074818323609994,121.90657127681996,7.083883948481455,1.442822,False
cell_0000_0025,121.90201240599717,7.088395404105661,121.89747473936218,7.0838625718644925,121.90654997993187,7.0929282207238415,1.1112294,False
cell_0000_0026,121.90199097895875,7.097439660797003,121.89745320995824,7.092906816544927,121.90652865514359,7.101972489388722,1.7579503,False
cell_0000_0027,121.90196952390062,7.106483913908094,121.89743165241781,7.1019510576468265,121.90650730245245,7.111016754471627,1.2118288,False
cell_0000_0028,121.90194804082023,7.115528163434453,121.89741006673823,7.1109952951657185,121.9064859218558,7.120061015968085,1.2758169,False
cell_0000_0029,121.90192652971473,7.1245724093716225,121.89738845291674,7.1200395290971334,121.90646451335093,7.129105273873626,1.3085525,False
cell_0000_0030,121.9019049905815,7.133616651715114,121.89736681095067,7.129083759436596,121.90644307693516,7.138149528183778,1.5401344,False
cell_0000_0031,121.90188342341784,7.142660890460473,121.89734514083729,7.138127986179633,121.90642161260577,7.147193778894074,1.598425,False
cell_0000_0032,121.90186182822103,7.151705125603216,121.89732344257388,7.147172209321777,121.90640012036015,7.156238026000044,1.7861845,False
cell_0001_0018,121.91121422268708,7.025106617530358,121.90667734285101,7.020573942990252,121.91575101066549,7.029639276595422,1.245547,False
cell_0001_0019,121.91119316669402,7.034150926599993,121.90665618542386,7.029618240149954,121.9157300559913,7.0386835975376165,1.0976131,False
cell_0001_0020,121.91117208293086,7.0431952321217,121.90663500010982,7.0386625337634605,121.91570907366366,7.047727914930154,1.0114952,False
cell_0001_0021,121.91115097139487,7.052239534091009,121.90661378690626,7.047706823826293,121.91568806367994,7.05677222876856,1.0499121,False
cell_0001_0022,121.91112983208345,7.061283832503443,121.90659254581054,7.056751110333982,121.91566702603751,7.065816539048368,1.0631248,False
cell_0001_0023,121.91110866499396,7.070328127354532,121.90657127681996,7.0657953932820545,121.91564596073374,7.074860845765101,1.8495736,False
cell_0001_0024,121.91108747012366,7.079372418639805,121.90654997993187,7.074839672666036,121.91562486776597,7.08390514891429,1.4951789,False
cell_0001_0025,121.91106624747003,7.088416706354793,121.90652865514359,7.083883948481455,121.91560374713154,7.092949448491467,1.6283994,False
cell_0001_0026,121.91104499703029,7.09746099049502,121.90650730245245,7.0929282207238415,121.91558259882785,7.101993744492158,1.0930983,False
cell_0001_0027,121.91102371880181,7.106505271056015,121.9064859218558,7.101972489388722,121.91556142285224,7.111038036911897,1.3853235,False
cell_0001_0028,121.91100241278195,7.115549548033316,121.90646451335093,7.111016754471627,121.915540219202,7.120082325746214,1.0038865,False
cell_0001_0029,121.91098107896804,7.124593821422448,121.90644307693516,7.120061015968085,121.91551898787452,7.129126610990638,0.98049736,False
cell_0001_0030,121.91095971735734,7.133638091218942,121.90642161260577,7.129105273873626,121.91549772886714,7.1381708926407015,0.9835197,False
cell_0001_0031,121.91093832794725,7.142682357418323,121.90640012036015,7.138149528183778,121.91547644217717,7.147215170691937,1.1254429,False
cell_0001_0032,121.91091691073504,7.151726620016132,121.90637860019551,7.147193778894074,121.91545512780196,7.156259445139875,1.4955379,False
cell_0002_0014,121.92035011088949,6.988950172440014,121.91581370879356,6.984417618796108,121.92488642162428,6.993482710644729,2.4966989,False
cell_0002_0015,121.9203293400133,6.9979945228672324,121.915792837064,6.993461957419506,121.9248657514862,7.002527072838403,1.2357557,False
cell_0002_0016,121.92030854160815,7.00703886976543,121.91577193768883,7.0025062925156085,121.92484505393581,7.011571431501309,3.1562266,False
cell_0002_0017,121.92028771567148,7.016083213130114,121.91575101066549,7.011550624079946,121.92482432897059,7.0206157866289765,1.5586026,False
cell_0002_0018,121.92026686220069,7.025127552956828,121.9157300559913,7.02059495210804,121.92480357658786,7.029660138216931,1.5765417,False
cell_0002_0019,121.92024598119308,7.034171889241091,121.91570907366366,7.029639276595422,121.92478279678505,7.038704486260704,1.6256868,False
cell_0002_0020,121.92022507264615,7.043216221978442,121.91568806367994,7.0386835975376165,121.92476198955956,7.047748830755822,1.1387261,False
cell_0002_0021,121.9202041365572,7.052260551164392,121.91566702603751,7.047727914930154,121.9247411549088,7.056793171697818,2.322875,False
cell_0002_0022,121.92018317292361,7.061304876794486,121.91564596073374,7.05677222876856,121.92472029283012,7.065837509082219,2.1038535,False
cell_0002_0023,121.92016218174282,7.070349198864248,121.91562486776597,7.065816539048368,121.92469940332093,7.074881842904556,1.0873439,False
cell_0002_0024,121.92014116301212,7.079393517369208,121.91560374713154,7.074860845765101,121.92467848637861,7.083926173160361,1.3073316,False
cell_0002_0025,121.92012011672894,7.088437832304892,121.91558259882785,7.08390514891429,121.92465754200053,7.092970499845164,1.0878791,False
cell_0002_0026,121.92009904289053,7.097482143666837,121.91556142285224,7.092949448491467,121.92463657018405,7.102014822954495,1.0298359,False
cell_0002_0027,121.92007794149436,7.106526451450572,121.915540219202,7.101993744492158,121.92461557092656,7.111059142483887,1.1179466,False
cell_0002_0028,121.92005681253778,7.115570755651625,121.91551898787452,7.111038036911897,121.92459454422544,7.120103458428871,1.2995423,False
cell_0002_0029,121.92003565601807,7.124615056265528,121.91549772886714,7.120082325746214,121.92457349007805,7.129147770784982,1.2453012,False
cell_0002_0030,121.92001447193262,7.133659353287818,121.91547644217717,7.129126610990638,121.9245524084817,7.13819207954775,0.9788303,False
cell_0002_0031,121.91999326027877,7.142703646714019,121.91545512780196,7.1381708926407015,121.92453129943381,7.147236384712708,0.8838308,False
cell_0003_0012,121.92944319203272,6.9708820598269545,121.92490706435268,6.966349602923822,121.93397922861749,6.9754145012520175,4.26416,False
cell_0003_0013,121.92942264981038,6.979926444280363,121.92488642162428,6.975393975682966,121.93395878678602,6.984458897362321,1.6892085,False
cell_0003_0014,121.92940208029499,6.9889708252146825,121.9248657514862,6.984438344924759,121.93393831777807,6.993503289951789,2.5512738,False
cell_0003_0015,121.92938148348394,6.998015202625437,121.92484505393581,6.993482710644729,121.93391782159111,7.002547679015951,1.7309611,False
cell_0003_0016,121.92936085937464,7.007059576508153,121.92482432897059,7.002527072838403,121.93389729822253,7.011592064550336,2.1376235,False
cell_0003_0017,121.92934020796454,7.016103946858366,121.92480357658786,7.011571431501309,121.93387674766979,7.020636446550474,1.7211541,False
cell_0003_0018,121.92931952925103,7.025148313671601,121.92478279678505,7.0206157866289765,121.9338561699303,7.029680825011894,1.2523568,False
cell_0003_0019,121.92929882323152,7.034192676943385,121.92476198955956,7.029660138216931,121.93383556500149,7.038725199930125,1.6024587,False
cell_0003_0020,121.92927808990345,7.0432370366692485,121.9247411549088,7.038704486260704,121.93381493288075,7.047769571300702,1.5878961,False
cell_0003_0021,121.92925732926415,7.052281392844722,121.92472029283012,7.047748830755822,121.93379427356555,7.056813939119151,2.5695233,False
cell_0003_0022,121.92923654131107,7.061325745465341,121.92469940332093,7.056793171697818,121.93377358705322,7.065858303381006,2.1861155,False
cell_0003_0023,121.92921572604156,7.070370094526626,121.92467848637861,7.065837509082219,121.93375287334126,7.074902664081796,1.0378454,False
cell_0003_0024,121.92919488345309,7.079414440024118,121.92465754200053,7.074881842904556,121.933732132427,7.083947021217058,1.0874372,False
cell_0003_0025,121.92917401354298,7.088458781953345,121.92463657018405,7.083926173160361,121.93371136430787,7.092991374782317,1.0041413,False
cell_0003_0026,121.9291531163086,7.097503120309835,121.92461557092656,7.092970499845164,121.93369056898126,7.1020357247731125,1.045825,False
cell_0003_0027,121.92913219174739,7.1065474550891246,121.92459454422544,7.102014822954495,121.93366974644456,7.111080071184973,1.0332525,False
cell_0003_0028,121.92911123985667,7.115591786286744,121.92457349007805,7.111059142483887,121.93364889669517,7.120124414013435,1.6578876,False
cell_0003_0029,121.92909026063387,7.124636113898229,121.9245524084817,7.120103458428871,121.93362801973048,7.129168753254029,1.2590272,False
cell_0003_0030,121.92906925407628,7.133680437919108,121.92453129943381,7.129147770784982,121.93360711554783,7.13821308890229,1.0452548,False
cell_0003_0031,121.92904822018136,7.142724758344918,121.9245101629317,7.13819207954775,121.93358618414466,7.147257420953754,0.9101993,False
cell_0004_0011,121.93851518284639,6.961858070564233,121.93397922861749,6.957325698486794,121.94305104613076,6.966390427087371,2.2307782,False
cell_0004_0012,121.93849484129035,6.970902485285767,121.93395878678602,6.966370101625351,121.94303080473493,6.9754348533545,3.3838322,False
cell_0004_0013,121.93847447267444,6.9799468964936615,121.93393831777807,6.9754145012520175,121.94301053639583,6.984479276106241,2.9608994,False
cell_0004_0014,121.93845407699608,6.988991304183447,121.93391782159111,6.984458897362321,121.94299024111089,6.99352369533813,1.8629823,False
cell_0004_0015,121.9384336542528,6.998035708350654,121.93389729822253,6.993503289951789,121.9429699188776,7.002568111045693,1.0959373,False
cell_0004_0016,121.93841320444196,7.007080108990811,121.93387674766979,7.002547679015951,121.9429495696934,7.011612523224462,2.3401232,False
cell_0004_0017,121.938392727561,7.016124506099448,121.9338561699303,7.011592064550336,121.94292919355574,7.020656931869967,1.5329218,False
cell_0004_0018,121.9383722236074,7.0251688996720905,121.93383556500149,7.020636446550474,121.94290879046208,7.02970133697774,1.7029749,False
cell_0004_0019,121.93835169257856,7.034213289704285,121.93381493288075,7.029680825011894,121.94288836040981,7.0387457385433105,1.1792448,False
cell_0004_0020,121.93833113447191,7.043257676191541,121.93379427356555,7.038725199930125,121.94286790339645,7.047790136562214,1.1240299,False
cell_0004_0021,121.93831054928488,7.05230205912941,121.93377358705322,7.047769571300702,121.94284741941937,7.056834531029981,1.8592079,False
cell_0004_0022,121.9382899370149,7.061346438513405,121.93375287334126,7.056813939119151,121.94282690847604,7.065878921942144,3.7917552,False
cell_0004_0023,121.93826929765935,7.070390814339075,121.933732132427,7.065858303381006,121.94280637056386,7.074923309294235,2.4569173,False
cell_0004_0024,121.93824863121564,7.0794351866019385,121.93371136430787,7.074902664081796,121.94278580568027,7.083967693081788,1.617619,False
cell_0004_0025,121.93822793768126,7.088479555297538,121.93369056898126,7.083947021217058,121.9427652138227,7.093012073300336,1.2327904,False
cell_0004_0026,121.93820721705353,7.097523920421403,121.93366974644456,7.092991374782317,121.94274459498855,7.102056449945414,1.7117016,False
cell_0004_0027,121.93818646932986,7.10656828196907,121.93364889669517,7.1020357247731125,121.94272394917525,7.111100823012556,4.8613844,False
cell_0004_0028,121.93816569450772,7.115612639936064,121.93362801973048,7.111080071184973,121.94270327638023,7.120145192497298,1.7038624,False
cell_0004_0029,121.93814489258439,7.124656994317928,121.93360711554783,7.120124414013435,121.94268257660084,7.129189558395171,1.9305122,False
cell_0004_0030,121.93812406355734,7.133701345110191,121.93358618414466,7.129168753254029,121.94266184983452,7.138233920701713,1.159585,False
cell_0004_0031,121.93810320742395,7.1427456923083925,121.9335652255183,7.13821308890229,121.94264109607869,7.147278279412462,0.9571172,False
cell_0004_0032,121.93808232418161,7.151790035908067,121.93354423966613,7.147257420953754,121.9426203153307,7.156322634522949,0.72622705,False
cell_0005_0010,121.94758682713658,6.952833851386138,121.94305104613076,6.948301564024845,121.95212251734858,6.957366123116891,3.894443,False
cell_0005_0011,121.94756668578556,6.961878296142302,121.94303080473493,6.957345997309331,121.9521024759272,6.966410579307359,1.9089134,False
cell_0005_0012,121.94754651760786,6.9709227373902785,121.94301053639583,6.966390427087371,121.95208240779564,6.975455031987884,3.3557358,False
cell_0005_0013,121.9475263226009,6.979967175125589,121.94299024111089,6.9754348533545,121.95206231295145,6.984499481153993,1.3976274,False
cell_0005_0014,121.9475061007622,6.989011609343769,121.9429699188776,6.984479276106241,121.95204219139207,6.993543926801218,1.2073369,False
cell_0005_0015,121.9474858520892,6.998056040040339,121.9429495696934,6.99352369533813,121.95202204311502,7.002588368925092,3.0203366,False
cell_0005_0016,121.94746557657933,7.007100467210842,121.94292919355574,7.002568111045693,121.95200186811773,7.011632807521145,2.1705682,False
cell_0005_0017,121.94744527423016,7.016144890850801,121.94290879046208,7.011612523224462,121.95198166639773,7.020677242584911,1.4072671,False
cell_0005_0018,121.947424945039,7.0251893109557555,121.94288836040981,7.020656931869967,121.95196143795242,7.029721674111921,0.9774126,False
cell_0005_0019,121.9474045890034,7.034233727521229,121.94286790339645,7.02970133697774,121.9519411827793,7.03876610209771,1.0768921,False
cell_0005_0020,121.94738420612082,7.0432781405427605,121.94284741941937,7.0387457385433105,121.95192090087583,7.047810526537807,2.754148,False
cell_0005_0021,121.9473637963886,7.052322550015877,121.94282690847604,7.047790136562214,121.95190059223947,7.05685494742775,2.495615,False
cell_0005_0022,121.94734335980426,7.061366955936117,121.94280637056386,7.056834531029981,121.95188025686765,7.065899364763074,2.1861408,False
cell_0005_0023,121.94732289636525,7.070411358299014,121.94278580568027,7.065878921942144,121.95185989475786,7.074943778539305,2.1768286,False
cell_0005_0024,121.947302406069,7.079455757100095,121.9427652138227,7.074923309294235,121.95183950590754,7.083988188751986,2.0679564,False
cell_0005_0025,121.94728188891287,7.0885001523348965,121.94274459498855,7.083967693081788,121.9518190903141,7.093032595396648,2.359088,False
cell_0005_0026,121.94726134489436,7.097544543998961,121.94272394917525,7.093012073300336,121.951798647975,7.102076998468826,2.5997639,False
cell_0005_0027,121.94724077401087,7.106588932087809,121.94270327638023,7.102056449945414,121.95177817888768,7.111121397964059,2.577603,False
cell_0005_0028,121.94722017625985,7.115633316596994,121.94268257660084,7.111100823012556,121.95175768304958,7.120165793877879,3.5924518,False
cell_0005_0029,121.94719955163865,7.124677697522031,121.94266184983452,7.120145192497298,121.95173716045814,7.129210186205824,3.2794566,False
cell_0005_0030,121.94717890014473,7.13372207485847,121.94264109607869,7.129189558395171,121.95171661111074,7.138254574943431,2.3482003,False
cell_0005_0031,121.94715822177551,7.1427664486018445,121.9426203153307,7.138233920701713,121.95169603500484,7.1472989600862356,1.8630607,False
cell_0005_0032,121.9471375165284,7.15181081874769,121.94259950758797,7.147278279412462,121.95167543213785,7.156343341629777,0.85700774,False
cell_0006_0009,121.9566581253594,6.943809402978693,121.95212251734858,6.939277200223999,121.96119364272715,6.948341590026628,1.1833038,False
cell_0006_0010,121.95663818375222,6.952853877536035,121.9521024759272,6.948321663420949,121.96117380081897,6.957386075906977,4.1431527,False
cell_0006_0011,121.95661821555147,6.961898348590623,121.95208240779564,6.957366123116891,121.96115393243375,6.966430558282813,1.6404121,False
cell_0006_0012,121.9565982207546,6.970942816137971,121.95206231295145,6.966410579307359,121.96113403756902,6.975475037149662,2.7135956,False
cell_0006_0013,121.95657819935913,6.97998728017363,121.95204219139207,6.975455031987884,121.96111411622225,6.98451951250306,1.7259936,False
cell_0006_0014,121.95655815136256,6.989031740693113,121.95202204311502,6.984499481153993,121.96109416839096,6.9935639843385395,1.1142981,False
cell_0006_0015,121.95653807676243,6.998076197691971,121.95200186811773,6.993543926801218,121.96107419407264,7.002608452651629,1.5840355,False
cell_0006_0016,121.95651797555612,7.00712065116572,121.95198166639773,7.002588368925092,121.96105419326481,7.011652917437868,1.1061627,False
cell_0006_0017,121.95649784774122,7.016165101109901,121.95196143795242,7.011632807521145,121.96103416596497,7.020697378692784,1.7199111,False
cell_0006_0018,121.95647769331507,7.025209547520046,121.9519411827793,7.020677242584911,121.96101411217056,7.029741836411913,1.5270685,False
cell_0006_0019,121.95645751227525,7.034253990391686,121.95192090087583,7.029721674111921,121.96099403187911,7.03878629059079,1.4699233,False
cell_0006_0020,121.95643730461924,7.043298429720358,121.95190059223947,7.03876610209771,121.9609739250881,7.047830741224948,1.5418311,False
cell_0006_0021,121.95641707034446,7.0523428655015925,121.95188025686765,7.047810526537807,121.96095379179499,7.056875188309925,2.396544,False
cell_0006_0022,121.95639680944831,7.061387297730924,121.95185989475786,7.05685494742775,121.96093363199728,7.065919631841252,2.7727907,False
cell_0006_0023,121.95637652192839,7.07043172640389,121.95183950590754,7.065899364763074,121.96091344569241,7.074964071814467,1.8940676,False
cell_0006_0024,121.95635620778212,7.079476151516026,121.9518190903141,7.074943778539305,121.9608932328779,7.084008508225108,3.475184,False
cell_0006_0025,121.9563358670069,7.088520573062865,121.951798647975,7.083988188751986,121.96087299355115,7.093052941068703,3.33881,False
cell_0006_0026,121.95631549960018,7.097564991039943,121.95177817888768,7.093032595396648,121.96085272770966,7.102097370340797,2.705976,False
cell_0006_0027,121.95629510555945,7.106609405442793,121.95175768304958,7.102076998468826,121.96083243535092,7.111141796036923,3.1218476,False
cell_0006_0028,121.95627468488209,7.115653816266956,121.95173716045814,7.111121397964059,121.96081211647233,7.120186218152622,3.262384,False
cell_0006_0029,121.95625423756563,7.124698223507972,121.95171661111074,7.120165793877879,121.96079177107136,7.129230636683426,3.2970667,False
cell_0006_0030,121.95623376360747,7.133742627161369,121.95169603500484,7.129210186205824,121.96077139914546,7.138275051624874,4.8924685,False
cell_0006_0031,121.95621326300498,7.142787027222694,121.95167543213785,7.138254574943431,121.96075100069207,7.147319462972509,3.3856335,False
cell_0006_0032,121.95619273575566,7.1518314236874705,121.95165480250719,7.1472989600862356,121.96073057570868,7.156363870721868,2.6509151,False
cell_0007_0009,121.96570933564651,6.9438292301530025,121.96117380081897,6.939297100646229,121.9702447798665,6.948361343839408,0.9447638,False
cell_0007_0010,121.96568956696144,6.952873730780748,121.96115393243375,6.948341590026628,121.97022511076639,6.95740585567711,2.1395605,False
cell_0007_0011,121.96566977191344,6.961918227906689,121.96113403756902,6.957386075906977,121.97020541541984,6.966450364011248,1.238667,False
cell_0007_0012,121.96564995049994,6.970962721526356,121.96111411622225,6.966430558282813,121.9701856938244,6.9754948688373535,1.6420548,False
cell_0007_0013,121.96563010271848,6.98000721163528,121.96109416839096,6.975475037149662,121.97016594597756,6.9845393701509595,1.7327428,False
cell_0007_0014,121.96561022856659,6.989051698228999,121.96107419407264,6.98451951250306,121.97014617187683,6.993583867947604,1.754322,False
cell_0007_0015,121.96559032804178,6.998096181303041,121.96105419326481,6.9935639843385395,121.97012637151978,7.002628362222814,3.132049,False
cell_0007_0016,121.96557040114156,7.007140660852938,121.96103416596497,7.002608452651629,121.97010654490393,7.011672852972129,3.2703648,False
cell_0007_0017,121.9655504478634,7.016185136874235,121.96101411217056,7.011652917437868,121.97008669202674,7.020717340191083,1.0648273,False
cell_0007_0018,121.96553046820483,7.025229609362455,121.96099403187911,7.020697378692784,121.97006681288576,7.0297618238752095,1.6638,False
cell_0007_0019,121.96551046216334,7.034274078313136,121.9609739250881,7.029741836411913,121.9700469074785,7.038806304020046,1.5665998,False
cell_0007_0020,121.96549042973643,7.043318543721814,121.96095379179499,7.03878629059079,121.97002697580247,7.047850780621126,1.7680593,False
cell_0007_0021,121.96547037092157,7.052363005584021,121.96093363199728,7.047830741224948,121.97000701785515,7.056895253673988,3.0614324,False
cell_0007_0022,121.96545028571627,7.061407463895303,121.96091344569241,7.056875188309925,121.96998703363403,7.065939723174167,3.0354822,False
cell_0007_0023,121.96543017411796,7.070451918651181,121.9608932328779,7.065919631841252,121.96996702313665,7.074984189117198,3.595051,False
cell_0007_0024,121.9654100361242,7.079496369847202,121.96087299355115,7.074964071814467,121.96994698636045,7.084028651498623,2.8119721,False
cell_0007_0025,121.96538987173236,7.088540817478899,121.96085272770966,7.084008508225108,121.96992692330295,7.093073110313976,2.624096,False
cell_0007_0026,121.96536968094001,7.0975852615418065,121.96083243535092,7.093052941068703,121.96990683396162,7.102117565558796,2.50037,False
cell_0007_0027,121.96534946374459,7.106629702031474,121.96081211647233,7.102097370340797,121.96988671833395,7.111162017228618,3.106131,False
cell_0007_0028,121.96532922014353,7.115674138943418,121.96079177107136,7.111141796036923,121.96986657641745,7.120206465318985,3.544586,False
cell_0007_0029,121.96530895013434,7.1247185722731965,121.96077139914546,7.120186218152622,121.9698464082095,7.129250909825434,3.1843708,False
cell_0007_0030,121.96528865371447,7.133763002016336,121.96075100069207,7.129230636683426,121.96982621370768,7.138295350743505,1.8510854,False
cell_0007_0031,121.96526833088129,7.142807428168376,121.96073057570868,7.138275051624874,121.96980599290937,7.147339788068736,2.1387427,False
cell_0007_0032,121.96524798163237,7.151851850724868,121.96071012419264,7.147319462972509,121.96978574581209,7.156384221796668,0.8200128,False
cell_0008_0010,121.9747409765337,6.952893411117809,121.97020541541984,6.948361343839408,121.97927644696028,6.957425462424833,1.9879342,False
cell_0008_0011,121.97472135464085,6.961937934088041,121.9701856938244,6.95740585567711,121.97925692465488,6.966469996490207,1.4264252,False
cell_0008_0012,121.97470170661322,6.970982453552955,121.97016594597756,6.966450364011248,121.97923737633117,6.975514527048493,1.838085,False
cell_0008_0013,121.97468203244824,6.980026969508073,121.97014617187683,6.9754948688373535,121.97921780198674,6.984559054095227,1.828487,False
cell_0008_0014,121.97466233214351,6.9890714819489315,121.97012637151978,6.9845393701509595,121.97919820161908,6.993603577625942,2.5183716,False
cell_0008_0015,121.97464260569654,6.998115990871069,121.97010654490393,6.993583867947604,121.97917857522576,7.002648097636173,2.7409735,False
cell_0008_0016,121.97462285310489,7.007160496270019,121.97008669202674,7.002628362222814,121.97915892280433,7.011692614121458,3.102559,False
cell_0008_0017,121.97460307436603,7.01620499814131,121.97006681288576,7.011672852972129,121.97913924435233,7.020737127077331,2.6000018,False
cell_0008_0018,121.97458326947752,7.025249496480493,121.9700469074785,7.020717340191083,121.97911953986724,7.02978163649933,2.5103967,False
cell_0008_0019,121.97456343843687,7.034293991283082,121.97002697580247,7.0297618238752095,121.97909980934669,7.038826142382993,2.0095856,False
cell_0008_0020,121.97454358124158,7.043338482544633,121.97000701785515,7.038806304020046,121.97908005278809,7.047870644723851,1.8342545,False
cell_0008_0021,121.97452369788917,7.052382970260677,121.96998703363403,7.047850780621126,121.97906027018905,7.056915143517448,2.216169,False
cell_0008_0022,121.97450378837715,7.061427454426743,121.96996702313665,7.056895253673988,121.97904046154707,7.065959638759319,2.1011763,False
cell_0008_0023,121.97448385270302,7.070471935038376,121.96994698636045,7.065939723174167,121.97902062685965,7.075004130445,1.9067893,False
cell_0008_0024,121.97446389086426,7.0795164120911105,121.96992692330295,7.074984189117198,121.97900076612432,7.084048618570035,2.9266992,False
cell_0008_0025,121.9744439028584,7.08856088558049,121.96990683396162,7.084028651498623,121.97898087933856,7.093093103129958,2.3387294,False
cell_0008_0026,121.97442388868294,7.097605355502045,121.96988671833395,7.093073110313976,121.97896096649991,7.102137584120309,2.9196734,False
cell_0008_0027,121.97440384833534,7.106649821851315,121.96986657641745,7.102117565558796,121.97894102760587,7.11118206153663,3.0822606,False
cell_0008_0028,121.97438378181313,7.115694284623851,121.9698464082095,7.111162017228618,121.97892106265392,7.1202265353744565,2.8404183,False
cell_0008_0029,121.97436368911374,7.124738743815171,121.96982621370768,7.120206465318985,121.97890107164159,7.129271005629332,1.7443149,False
cell_0008_0030,121.97434357023468,7.133783199420837,121.96980599290937,7.129250909825434,121.97888105456633,7.138315472296795,1.7276189,False
cell_0008_0031,121.97432342517341,7.142827651436372,121.96978574581209,7.138295350743505,121.97886101142566,7.147359935372388,2.1785228,False
cell_0008_0032,121.97430325392742,7.151872099857325,121.96976547241329,7.147339788068736,121.97884094221705,7.156404394851653,2.3788056,False
cell_0009_0009,121.98381183507165,6.943868366457378,121.97927644696028,6.939336383790686,121.98834713264655,6.948400333076484,1.5418932,False
cell_0009_0010,121.98379241223829,6.952912918544772,121.97925692465488,6.948380924856838,121.98832780917,6.957444896147713,1.1352836,False
cell_0009_0011,121.98377296350314,6.961957467132238,121.97923737633117,6.957425462424833,121.9883084599082,6.966489455717253,1.5620244,False
cell_0009_0012,121.98375348886378,6.971002012215321,121.97921780198674,6.966469996490207,121.98828908485869,6.97553401178064,1.3554358,False
cell_0009_0013,121.9837339883178,6.980046553789548,121.97919820161908,6.975514527048493,121.98826968401912,6.984578564333412,3.033781,False
cell_0009_0014,121.98371446186268,6.989091091850465,121.97917857522576,6.984559054095227,121.98825025738697,6.993623113371104,1.3154435,False
cell_0009_0015,121.98369490949602,6.998135626393596,121.97915892280433,6.993603577625942,121.98823080495985,7.002667658889254,3.8724194,False
cell_0009_0016,121.98367533121541,7.007180157414487,121.97913924435233,7.002648097636173,121.98821132673532,7.011712200883397,3.5571399,False
cell_0009_0017,121.98365572701833,7.016224684908671,121.97911953986724,7.011692614121458,121.98819182271095,7.020756739349071,3.6435058,False
cell_0009_0018,121.98363609690236,7.025269208871677,121.97909980934669,7.020737127077331,121.98817229288427,7.029801274281813,3.2685404,False
cell_0009_0019,121.983616440865,7.034313729299059,121.97908005278809,7.02978163649933,121.98815273725285,7.0388458056771634,3.141766,False
cell_0009_0020,121.98359675890381,7.0433582461863375,121.97906027018905,7.038826142382993,121.98813315581423,7.047890333530657,1.4131727,False
cell_0009_0021,121.98357705101637,7.052402759529061,121.97904046154707,7.047870644723851,121.98811354856593,7.056934857837835,1.352593,False
cell_0009_0022,121.98355731720012,7.0614472693227635,121.97902062685965,7.056915143517448,121.98809391550556,7.065979378594236,1.3425977,False
cell_0009_0023,121.98353755745264,7.070491775562984,121.97900076612432,7.065959638759319,121.9880742566306,7.075023895795399,1.006395,False
cell_0009_0024,121.98351777177146,7.079536278245262,121.97898087933856,7.075004130445,121.9880545719386,7.084068409436863,1.8402452,False
cell_0009_0025,121.98349796015408,7.088580777365141,121.97896096649991,7.084048618570035,121.98803486142708,7.0931129195141684,1.0903502,False
cell_0009_0026,121.983478122598,7.097625272918152,121.97894102760587,7.093093103129958,121.98801512509361,7.102157426022856,4.249542,False
cell_0009_0027,121.98345825910076,7.10666976489984,121.97892106265392,7.102137584120309,121.98799536293569,7.111201928958468,3.8672576,False
cell_0009_0028,121.98343836965986,7.115714253305742,121.97890107164159,7.11118206153663,121.98797557495084,7.120246428316541,3.0616102,False
cell_0009_0029,121.98341845427281,7.124758738131401,121.97888105456633,7.1202265353744565,121.98795576113658,7.129290924092622,2.4726045,False
cell_0009_0030,121.9833985129371,7.133803219372361,121.97886101142566,7.129271005629332,121.9879359214904,7.138335416282248,2.576901,False
cell_0009_0031,121.98337854565024,7.142847697024159,121.97884094221705,7.138315472296795,121.98791605600987,7.1473799048809665,2.4553785,False
cell_0009_0032,121.98335855240974,7.15189217108234,121.97882084693798,7.147359935372388,121.98789616469244,7.156424389884315,1.8535442,False
cell_0010_0008,121.99288234798361,6.934843094611433,121.98834713264655,6.930311196446827,121.997417472935,6.939374976652244,1.4775738,False
cell_0010_0009,121.9928631237485,6.943887675582589,121.98832780917,6.939355766508033,121.9973983478261,6.948419568495938,1.4517148,False
cell_0010_0010,121.99284387384466,6.952932253059212,121.9883084599082,6.948400333076484,121.99737919716499,6.957464156843333,1.3635798,False
cell_0010_0011,121.99282459826962,6.961976827036846,121.98828908485869,6.957444896147713,121.99736002094919,6.966508741689966,1.5454165,False
cell_0010_0012,121.99280529702102,6.971021397511019,121.98826968401912,6.966489455717253,121.99734081917634,6.975553323031373,2.8394718,False
cell_0010_0013,121.9927859700964,6.980065964477281,121.98825025738697,6.97553401178064,121.99732159184401,6.984597900863094,3.0534697,False
cell_0010_0014,121.99276661749339,6.989110527931154,121.98823080495985,6.984578564333412,121.99730233894984,6.993642475180668,3.9981174,False
cell_0010_0015,121.99274723920954,6.9981550878681835,121.98821132673532,6.993623113371104,121.99728306049137,7.002687045979628,3.4559522,False
cell_0010_0016,121.99272783524236,7.007199644283907,121.98819182271095,7.002667658889254,121.99726375646617,7.011731613255513,2.006353,False
cell_0010_0017,121.99270840558951,7.016244197173857,121.98817229288427,7.011712200883397,121.99724442687187,7.020776177003865,2.8815734,False
cell_0010_0018,121.99268895024854,7.025288746533577,121.98815273725285,7.020756739349071,121.99722507170603,7.029820737220218,4.3412204,False
cell_0010_0019,121.99266946921695,7.034333292358603,121.98813315581423,7.029801274281813,121.9972056909662,7.038865293900118,2.54698,False
cell_0010_0020,121.99264996249237,7.043377834644473,121.98811354856593,7.0388458056771634,121.99718628464998,7.047909847039096,2.7646036,False
cell_0010_0021,121.99263043007232,7.052422373386729,121.98809391550556,7.047890333530657,121.99716685275492,7.056954396632699,1.3460069,False
cell_0010_0022,121.99261087195435,7.061466908580906,121.9880742566306,7.056934857837835,121.9971473952786,7.0659989426764644,1.5300853,False
cell_0010_0023,121.99259128813601,7.070511440222548,121.9880545719386,7.065979378594236,121.99712791221856,7.075043485165933,1.3840121,False
cell_0010_0024,121.99257167861484,7.0795559683071945,121.98803486142708,7.075023895795399,121.99710840357237,7.084088024096647,1.0789901,False
cell_0010_0025,121.99255204338841,7.088600492830382,121.98801512509361,7.084068409436863,121.99708886933759,7.093132559464144,2.2464967,False
cell_0010_0026,121.99253238245424,7.0976450137876546,121.98799536293569,7.0931129195141684,121.99706930951177,7.102177091263969,3.463192,False
cell_0010_0027,121.99251269580982,7.106689531174555,121.98797557495084,7.102157426022856,121.99704972409243,7.111221619491664,3.6114874,False
cell_0010_0028,121.99249298345275,7.115734044986622,121.98795576113658,7.111201928958468,121.99703011307714,7.120266144142771,1.6538053,False
cell_0010_0029,121.99247324538052,7.124778555219399,121.9879359214904,7.120246428316541,121.99701047646346,7.129310665212831,2.2420917,False
cell_0010_0030,121.99245348159069,7.133823061868427,121.98791605600987,7.129290924092622,121.99699081424887,7.138355182697388,3.323164,False
cell_0010_0031,121.99243369208072,7.142867564929248,121.98789616469244,7.138335416282248,121.99697112643095,7.147399696591984,1.5169103,False
cell_0010_0032,121.9924138768482,7.151912064397412,121.98787624753567,7.1473799048809665,121.99695141300721,7.156444206892168,1.1577495,False
cell_0011_0007,122.00195251572595,6.925817596265982,121.997417472935,6.921285782493826,122.00648746828195,6.930349393838142,0.7867615,False
cell_0011_0008,122.00193348962792,6.934862205887531,121.9973983478261,6.930330381316721,122.0064685410796,6.939394014220936,2.2299116,False
cell_0011_0009,122.00191443809413,6.943906812019934,121.99737919716499,6.939374976652244,122.00644958855793,6.94843863111281,1.3915099,False
cell_0011_0010,122.00189536112217,6.952951414658733,121.99736002094919,6.948419568495938,122.00643061071462,6.957483244509303,1.3006467,False
cell_0011_0011,122.00187625870967,6.961996013799459,121.99734081917634,6.957464156843333,122.00641160754724,6.966527854405953,1.0833964,False
cell_0011_0012,122.00185713085423,6.971040609437654,121.99732159184401,6.966508741689966,122.00639257905344,6.975572460798297,2.7036343,False
cell_0011_0013,122.00183797755345,6.980085201568848,121.99730233894984,6.975553323031373,122.00637352523083,6.984617063681875,2.8003647,False
cell_0011_0014,122.00181879880495,6.989129790188589,121.99728306049137,6.984597900863094,122.006354446077,6.993661663052226,4.096073,False
cell_0011_0015,122.00179959460625,6.998174375292417,121.99726375646617,6.993642475180668,122.00633534158956,7.002706258904886,2.4651794,False
cell_0011_0016,122.00178036495504,7.007218956875856,121.99724442687187,7.002687045979628,122.00631621176615,7.011750851235398,3.1995862,False
cell_0011_0017,122.00176110984889,7.016263534934459,121.99722507170603,7.011731613255513,122.00629705660434,7.0207954400393,2.7123475,False
cell_0011_0018,122.00174182928531,7.0253081094637535,121.9972056909662,7.020776177003865,122.00627787610176,7.02984002531213,1.2870541,False
cell_0011_0019,122.00172252326193,7.034352680459291,121.99718628464998,7.029820737220218,122.00625867025595,7.038884607049433,2.3318787,False
cell_0011_0020,122.00170319177639,7.043397247916608,121.99716685275492,7.038865293900118,122.00623943906456,7.047929185246747,2.808617,False
cell_0011_0021,122.0016838348262,7.052441811831239,121.9971473952786,7.047909847039096,122.00622018252517,7.056973759899615,3.4662209,False
cell_0011_0022,122.00166445240895,7.061486372198727,121.99712791221856,7.056954396632699,122.00620090063536,7.066018331003576,2.1664615,False
cell_0011_0023,122.00164504452218,7.07053092901462,121.99710840357237,7.0659989426764644,122.00618159339268,7.075062898554172,1.6102562,False
cell_0011_0024,122.0016256111635,7.07957548227445,121.99708886933759,7.075043485165933,122.00616226079475,7.08410746254695,1.0185095,False
cell_0011_0025,122.0016061523305,7.0886200319737664,121.99706930951177,7.084088024096647,122.00614290283913,7.0931520229774465,1.6308079,False
cell_0011_0026,122.00158666802066,7.097664578108106,121.99704972409243,7.093132559464144,122.00612351952341,7.1021965798412054,1.6025994,False
cell_0011_0027,122.00156715823157,7.106709120673008,121.99703011307714,7.102177091263969,122.00610411084514,7.111241133133772,0.96348155,False
cell_0011_0028,122.0015476229608,7.115753659664027,121.99701047646346,7.111221619491664,122.00608467680186,7.1202856828506915,1.4636267,False
cell_0011_0029,122.00152806220588,7.1247981950767025,121.99699081424887,7.120266144142771,122.0060652173912,7.129330228987502,1.6945963,False
cell_0011_0030,122.00150847596436,7.133842726906568,121.99697112643095,7.129310665212831,122.00604573261067,7.138374771539754,1.3653271,False
cell_0011_0031,122.0014888642338,7.142887255149175,121.99695141300721,7.138355182697388,122.00602622245785,7.147419310502989,0.9132939,False
cell_0011_0032,122.00146922701174,7.151931779800065,121.99693167397521,7.147399696591984,122.00600668693028,7.156463845872752,0.87892604,False
cell_0012_0007,122.01100351033288,6.925836510145619,122.0064685410796,6.921304769968895,122.01553838938676,6.930368234008734,1.8559136,False
cell_0012_0008,122.01098465670796,6.934881144700452,122.00644958855793,6.930349393838142,122.01551963454347,6.93941287921174,2.6474893,False
cell_0012_0009,122.01096577787791,6.943925775767045,122.00643061071462,6.939394014220936,122.01550085461145,6.948457520924733,1.8004231,False
cell_0012_0010,122.01094687384024,6.952970403340953,122.00641160754724,6.94843863111281,122.0154820495883,6.957502159143253,1.388154,False
cell_0012_0011,122.01092794459267,6.9620150274176975,122.00639257905344,6.957483244509303,122.01546321947173,6.966546793862841,3.82473,False
cell_0012_0012,122.01090899013282,6.971059647992827,122.00637352523083,6.966527854405953,122.01544436425935,6.975591425079034,2.4279888,False
cell_0012_0013,122.01089001045824,6.9801042650618745,122.006354446077,6.975572460798297,122.01542548394882,6.984636052787372,3.8519268,False
cell_0012_0014,122.01087100556661,6.989148878620386,122.00633534158956,6.984617063681875,122.01540657853772,6.993680676983396,2.6774821,False
cell_0012_0015,122.01085197545557,6.998193488663892,122.00631621176615,6.993661663052226,122.01538764802376,7.002725297662644,3.2014468,False
cell_0012_0016,122.01083292012267,7.0072380951879385,122.00629705660434,7.002706258904886,122.01536869240451,7.011769914820659,2.219529,False
cell_0012_0017,122.01081383956557,7.016282698188065,122.00627787610176,7.011750851235398,122.0153497116776,7.020814528452981,1.7671224,False
cell_0012_0018,122.01079473378188,7.0253272976598105,122.00625867025595,7.0207954400393,122.01533070584068,7.029859138555152,1.545856,False
cell_0012_0019,122.01077560276914,7.034371893598718,122.00623943906456,7.02984002531213,122.01531167489131,7.038903745122713,1.8651394,False
cell_0012_0020,122.01075644652504,7.043416486000323,122.00622018252517,7.038884607049433,122.01529261882719,7.047948348151206,1.8995441,False
cell_0012_0021,122.01073726504714,7.052461074860174,122.00620090063536,7.047929185246747,122.01527353764585,7.056992947636175,2.7266412,False
cell_0012_0022,122.01071805833301,7.061505660173815,122.00618159339268,7.056973759899615,122.01525443134494,7.06603754357316,2.8466017,False
cell_0012_0023,122.01069882638028,7.070550241936775,122.00616226079475,7.066018331003576,122.01523529992207,7.0750821359577065,3.527457,False
cell_0012_0024,122.01067956918652,7.079594820144615,122.00614290283913,7.075062898554172,122.0152161433748,7.084126724785358,3.0090835,False
cell_0012_0025,122.01066028674933,7.088639394792862,122.00612351952341,7.08410746254695,122.01519696170078,7.0931713100516545,2.4021828,False
cell_0012_0026,122.0106409790663,7.097683965877067,122.00610411084514,7.0931520229774465,122.01517775489759,7.102215891752143,3.9193726,False
cell_0012_0027,122.01062164613501,7.106728533392777,122.00608467680186,7.1021965798412054,122.0151585229628,7.11126046988237,2.6444566,False
cell_0012_0028,122.01060228795295,7.115773097335523,122.0060652173912,7.111241133133772,122.01513926589402,7.120305044437877,1.7057737,False
cell_0012_0029,122.0105829045178,7.124817657700865,122.00604573261067,7.1202856828506915,122.0151199836888,7.129349615414211,2.861424,False
cell_0012_0030,122.0105634958271,7.133862214484335,122.00602622245785,7.129330228987502,122.01510067634479,7.138394182806915,1.1609654,False
cell_0012_0031,122.01054406187838,7.142906767681486,122.00600668693028,7.138374771539754,122.01508134385949,7.147438746611538,1.0790225,False
cell_0012_0032,122.01052460266926,7.151951317287866,122.00598712602549,7.147419310502989,122.01506198623052,7.156483306823626,0.8384159,False
cell_0013_0006,122.0200731863197,6.916810589042842,122.01553838938676,6.912278933150539,122.02460789320409,6.921342228545345,1.1612252,False
cell_0013_0007,122.02005453014262,6.925855251786776,122.01551963454347,6.921323585320182,122.024589335578,6.930386901826156,1.5480882,False
cell_0013_0008,122.02003584899325,6.934899911047835,122.01550085461145,6.930368234008734,122.02457075309611,6.939431571622315,1.2998662,False
cell_0013_0009,122.02001714286926,6.943944566821574,122.0154820495883,6.93941287921174,122.02455214575602,6.94847623792936,1.5286837,False
cell_0013_0010,122.01999841176828,6.9529892191035145,122.01546321947173,6.948457520924733,122.02453351355544,6.957520900742835,1.757099,False
cell_0013_0011,122.01997965568796,6.962033867889201,122.01544436425935,6.957502159143253,122.02451485649203,6.966565560058278,2.630118,False
cell_0013_0012,122.01996087462607,6.971078513174183,122.01542548394882,6.966546793862841,122.02449617456342,6.975610215871226,1.9015677,False
cell_0013_0013,122.0199420685801,6.980123154953988,122.01540657853772,6.975591425079034,122.02447746776734,6.984654868177226,1.8707,False
cell_0013_0014,122.01992323754774,6.9891677932241585,122.01538764802376,6.984636052787372,122.02445873610138,6.993699516971815,3.385179,False
cell_0013_0015,122.01990438152669,6.998212427980241,122.01536869240451,6.993680676983396,122.02443997956323,7.002744162250535,3.1980722,False
cell_0013_0016,122.01988550051453,7.0072570592177765,122.0153497116776,7.002725297662644,122.0244211981505,7.011788804008931,3.339104,False
cell_0013_0017,122.01986659450888,7.016301686932297,122.01533070584068,7.011769914820659,122.02440239186089,7.02083344224254,4.5788794,False
cell_0013_0018,122.01984766350742,7.02534631111936,122.01531167489131,7.020814528452981,122.02438356069199,7.02987807694691,1.4408604,False
cell_0013_0019,122.01982870750776,7.034390931774486,122.01529261882719,7.029859138555152,122.02436470464148,7.03892270811758,3.3807225,False
cell_0013_0020,122.0198097265075,7.043435548893241,122.01527353764585,7.038903745122713,122.02434582370697,7.047967335750093,3.1096234,False
cell_0013_0021,122.01979072050426,7.052480162471147,122.01525443134494,7.047948348151206,122.02432691788613,7.057011959839997,3.3755121,False
cell_0013_0022,122.01977168949573,7.061524772503764,122.01523529992207,7.056992947636175,122.02430798717651,7.066056580382832,1.6368303,False
cell_0013_0023,122.01975263347944,7.070569378986627,122.0152161433748,7.06603754357316,122.02428903157582,7.075101197374143,2.73544,False
cell_0013_0024,122.019733552453,7.07961398191528,122.01519696170078,7.0750821359577065,122.02427005108164,7.084145810809477,2.3791533,False
cell_0013_0025,122.0197144464141,7.088658581285267,122.01517775489759,7.084126724785358,122.02425104569163,7.093190420684375,1.7066201,False
cell_0013_0026,122.01969531536025,7.097703177092137,122.0151585229628,7.0931713100516545,122.02423201540336,7.102235026994385,3.4969072,False
cell_0013_0027,122.01967615928915,7.106747769331431,122.01513926589402,7.102215891752143,122.02421296021447,7.111279629735053,2.291513,False
cell_0013_0028,122.01965697819826,7.115792357998695,122.0151199836888,7.11126046988237,122.02419388012257,7.120324228901923,1.483671,False
cell_0013_0029,122.01963777208533,7.124836943089472,122.01510067634479,7.120305044437877,122.02417477512526,7.129368824490544,2.804288,False
cell_0013_0030,122.01961854094785,7.133881524599316,122.01508134385949,7.129349615414211,122.02415564522013,7.13841341649646,1.5557482,False
cell_0013_0031,122.01959928478341,7.142926102523765,122.01506198623052,7.138394182806915,122.0241364904048,7.14745800491522,1.2909191,False
cell_0013_0032,122.01958000358964,7.151970676858368,122.01504260345546,7.147438746611538,122.02411731067687,7.156502589742372,0.90609866,False
cell_0014_0006,122.02912405885448,6.916829133964911,122.024589335578,6.912297551784342,122.03365869211798,6.921360699642074,0.97535145,False
cell_0014_0007,122.02910557492466,6.925873821187123,122.02457075309611,6.921342228545345,122.0336403066251,6.930405397288088,1.4225271,False
cell_0014_0008,122.02908706625314,6.934918504927369,122.02455214575602,6.930386901826156,122.0336218965069,6.93945009145034,1.968497,False
cell_0014_0009,122.02906853283754,6.943963185181168,122.02453351355544,6.939431571622315,122.03360346176112,6.94849478212437,1.6765188,False
cell_0014_0010,122.02904997467559,6.953007861944078,122.02451485649203,6.94847623792936,122.03358500238541,6.957539469305721,1.4122772,False
cell_0014_0011,122.02903139176495,6.962052535211637,122.02449617456342,6.957520900742835,122.03356651837748,6.966584152989931,3.0920978,False
cell_0014_0012,122.0290127841033,6.971097204979371,122.02447746776734,6.966565560058278,122.03354800973504,6.975628833172543,1.2038114,False
cell_0014_0013,122.02899415168832,6.9801418712428385,122.02445873610138,6.975610215871226,122.03352947645573,6.9846735098491015,2.6512365,False
cell_0014_0014,122.02897549451761,6.98918653399757,122.02443997956323,6.984654868177226,122.03351091853725,6.993718183015146,3.0517688,False
cell_0014_0015,122.02895681258889,6.998231193239116,122.0244211981505,6.993699516971815,122.03349233597724,7.002762852666218,3.4555242,False
cell_0014_0016,122.02893810589981,7.00727584896301,122.02440239186089,7.002744162250535,122.03347372877343,7.011807518797865,3.9562209,False
cell_0014_0017,122.02891937444805,7.016320501164805,122.02438356069199,7.011788804008931,122.03345509692345,7.020852181405628,3.0082858,False
cell_0014_0018,122.02890061823119,7.025365149840031,122.02436470464148,7.02083344224254,122.03343644042496,7.0298968404850495,4.0268617,False
cell_0014_0019,122.02888183724693,7.034409794984248,122.02434582370697,7.02987807694691,122.03341775927562,7.038941496031678,2.5838246,False
cell_0014_0020,122.02886303149292,7.043454436592979,122.02432691788613,7.03892270811758,122.03339905347313,7.047986148041051,1.9948447,False
cell_0014_0021,122.02884420096676,7.052499074661789,122.02430798717651,7.047967335750093,122.0333803230151,7.05703079650872,1.0747596,False
cell_0014_0022,122.02882534566614,7.061543709186207,122.02428903157582,7.057011959839997,122.03336156789918,7.066075441430226,2.189735,False
cell_0014_0023,122.02880646558864,7.070588340161787,122.02427005108164,7.066056580382832,122.03334278812305,7.075120082801117,3.1925035,False
cell_0014_0024,122.02878756073201,7.079632967584069,122.02425104569163,7.075101197374143,122.03332398368434,7.084164720616938,3.9850247,False
cell_0014_0025,122.02876863109373,7.0886775914486,122.02423201540336,7.084145810809477,122.03330515458072,7.093209354873234,1.8144438,False
cell_0014_0026,122.02874967667152,7.097722211750922,122.02421296021447,7.093190420684375,122.03328630080978,7.102253985565553,3.4332194,False
cell_0014_0027,122.02873069746299,7.1067668284865935,122.02419388012257,7.102235026994385,122.03326742236915,7.111298612689442,2.5262709,False
cell_0014_0028,122.02871169346571,7.115811441651145,122.02417477512526,7.111279629735053,122.03324851925653,7.120343236240447,1.2565058,False
cell_0014_0029,122.02869266467735,7.124856051240136,122.02415564522013,7.120324228901923,122.03322959146949,7.129387856214117,1.1730194,False
cell_0014_0030,122.02867361109547,7.133900657249104,122.0241364904048,7.129368824490544,122.03321063900569,7.138432472605998,1.5001622,False
cell_0014_0031,122.0286545327178,7.1429452596736,122.02411731067687,7.13841341649646,122.03319166186273,7.147477085411641,1.847157,False
cell_0014_0032,122.02863542954178,7.15198985850918,122.02409810603393,7.14745800491522,122.03317266003823,7.156521694626592,1.1620575,False
cell_0015_0002,122.03824795778374,6.8806686262553765,122.03371370086799,6.876137159311661,122.04278212518281,6.885200076731777,2.2584414,False
cell_0015_0003,122.03822974412526,6.889713351608604,122.03369538923714,6.885181874309588,122.04276400938154,6.894244812402877,1.8500009,False
cell_0015_0006,122.03817495612866,6.916847506870912,122.0336403066251,6.912315998516753,122.04270951565488,6.921378998608069,2.2640274,False
cell_0015_0007,122.03815664444842,6.925892218344367,122.0336218965069,6.921360699642074,122.04269130229744,6.930423720392233,1.6764438,False
cell_0015_0008,122.03813830825706,6.934936926336725,122.03360346176112,6.930405397288088,122.04267306454528,6.939468438693514,2.1474762,False
cell_0015_0009,122.03811994755223,6.943981630843538,122.03358500238541,6.93945009145034,122.04265480239609,6.948513153507457,1.8075552,False
cell_0015_0010,122.03810156233162,6.953026331860336,122.03356651837748,6.94849478212437,122.0426365158476,6.957557864829602,1.6123029,False
cell_0015_0011,122.03808315259298,6.962071029382669,122.03354800973504,6.957539469305721,122.04261820489748,6.966602572655494,3.6785743,False
cell_0015_0012,122.03806471833394,6.971115723406078,122.03352947645573,6.966584152989931,122.04259986954348,6.975647276980671,4.647745,False
cell_0015_0013,122.03804625955222,6.980160413926104,122.03351091853725,6.975628833172543,122.04258150978329,6.984691977800683,2.34153,False
cell_0015_0014,122.0380277762455,6.989205100938291,122.03349233597724,6.9846735098491015,122.0425631256146,6.993736675111069,1.6387761,False
cell_0015_0015,122.03800926841151,6.998249784438178,122.03347372877343,6.993718183015146,122.04254471703511,7.002781368907372,2.884027,False
cell_0015_0016,122.03799073604786,7.007294464421313,122.03345509692345,7.002762852666218,122.04252628404252,7.011826059185141,2.4768229,False
cell_0015_0017,122.03797217915223,7.0163391408832405,122.03343644042496,7.011807518797865,122.04250782663449,7.0208707459399164,2.06503,False
cell_0015_0018,122.03795359772235,7.0253838138195,122.03341775927562,7.020852181405628,122.04248934480876,7.029915429167244,3.3340797,False
cell_0015_0019,122.03793499175589,7.034428483225644,122.03339905347313,7.0298968404850495,122.04247083856295,7.03896010886267,2.5584908,False
cell_0015_0020,122.03791636125045,7.043473149097205,122.0333803230151,7.038941496031678,122.0424523078948,7.048004785021741,1.343328,False
cell_0015_0021,122.03789770620372,7.052517811429744,122.03336156789918,7.047986148041051,122.04243375280194,7.0570494576400025,4.3463206,False
cell_0015_0022,122.03787902661341,7.06156247021879,122.03334278812305,7.05703079650872,122.0424151732821,7.066094126713001,2.6048453,False
cell_0015_0023,122.03786032247714,7.070607125459904,122.03332398368434,7.066075441430226,122.04239656933288,7.07513879223628,2.5733228,False
cell_0015_0024,122.03784159379258,7.07965177714862,122.03330515458072,7.075120082801117,122.042377940952,7.084183454205391,1.5708556,False
cell_0015_0025,122.03782284055731,7.088696425280493,122.03328630080978,7.084164720616938,122.04235928813709,7.093228112615878,1.4593174,False
cell_0015_0026,122.0378040627691,7.09774106985107,122.03326742236915,7.093209354873234,122.04234061088582,7.10227276746329,2.5457873,False
cell_0015_0027,122.03778526042551,7.106785710855889,122.03324851925653,7.102253985565553,122.04232190919586,7.111317418743178,2.7190268,False
cell_0015_0028,122.0377664335242,7.115830348290512,122.03322959146949,7.111298612689442,122.04230318306487,7.120362066451086,1.4128455,False
cell_0015_0029,122.03774758206283,7.124874982150468,122.03321063900569,7.120343236240447,122.04228443249052,7.129406710582565,1.2570646,False
cell_0015_0030,122.03772870603902,7.133919612431326,122.03319166186273,7.129387856214117,122.04226565747038,7.138451351133162,1.5960088,False
cell_0015_0031,122.0377098054504,7.142964239128622,122.03317266003823,7.138432472605998,122.04224685800217,7.147495988098431,1.5482073,False
cell_0015_0032,122.03769088029459,7.152008862237906,122.03315363352985,7.147477085411641,122.04222803408351,7.156540621473917,0.97326297,False
cell_0016_0001,122.04731621092378,6.871641978223221,122.04278212518281,6.867110595012277,122.05185020729887,6.876173344890686,1.8001852,False
cell_0016_0002,122.0472981928644,6.880686731055058,122.04276400938154,6.876155337600091,122.05183228686624,6.885218107929116,2.278686,False
cell_0016_0005,122.04724399306168,6.9078209687851855,122.04270951565488,6.903289544608933,122.05177838064199,6.912352376268259,2.7069578,False
cell_0016_0006,122.04722587791166,6.916865707758576,122.04269130229744,6.912334273345482,122.05176036358422,6.921397125441065,2.554904,False
cell_0016_0007,122.04720773848335,6.92591044325621,122.04267306454528,6.921378998608069,122.05174232236455,6.930441871136317,2.4969764,False
cell_0016_0008,122.04718957477444,6.934955175273629,122.04265480239609,6.930423720392233,122.05172425698069,6.939486613349562,2.033094,False
cell_0016_0009,122.04717138678265,6.94399990380637,122.0426365158476,6.939468438693514,122.0517061674304,6.9485313520763405,2.4652603,False
cell_0016_0010,122.04715317450571,6.95304462884999,122.04261820489748,6.948513153507457,122.05168805371137,6.957576087312198,0.9970579,False
cell_0016_0011,122.04713493794134,6.962089350400015,122.04259986954348,6.957557864829602,122.05166991582138,6.966620819052677,3.6146276,False
cell_0016_0012,122.04711667708725,6.971134068451998,122.04258150978329,6.966602572655494,122.05165175375814,6.975665547293321,5.530325,False
cell_0016_0013,122.0470983919411,6.980178783001477,122.0425631256146,6.975647276980671,122.05163356751936,6.984710272029676,3.5214353,False
cell_0016_0014,122.04708008250071,6.98922349404401,122.04254471703511,6.984691977800683,122.05161535710275,6.993754993257286,1.816489,False
cell_0016_0015,122.0470617487637,6.99826820157512,122.04252628404252,6.993736675111069,122.05159712250608,7.0027997109716935,1.3681685,False
cell_0016_0016,122.04704339072782,7.0073129055903705,122.04250782663449,7.002781368907372,122.051578863727,7.011844425168451,1.6762435,False
cell_0016_0017,122.04702500839075,7.016357606085294,122.04248934480876,7.011826059185141,122.05156058076328,7.020889135843098,1.4113111,False
cell_0016_0018,122.04700660175014,7.025402303055441,122.04247083856295,7.0208707459399164,122.0515422736126,7.0299338429911815,1.5522559,False
cell_0016_0019,122.04698817080376,7.034446996496357,122.0424523078948,7.029915429167244,122.05152394227264,7.0389785466082495,1.0782619,False
cell_0016_0020,122.04696971554927,7.04349168640359,122.04243375280194,7.03896010886267,122.05150558674116,7.0480232466898505,1.1046083,False
cell_0016_0021,122.04695123598434,7.052536372772683,122.0424151732821,7.048004785021741,122.05148720701581,7.057067943231528,2.1482072,False
cell_0016_0022,122.04693273210667,7.061581055599188,122.04239656933288,7.0570494576400025,122.05146880309432,7.066112636228832,1.825014,False
cell_0016_0023,122.0469142039139,7.07062573487864,122.042377940952,7.066094126713001,122.05145037497437,7.075157325677308,2.1896117,False
cell_0016_0024,122.04689565140377,7.079670410606603,122.04235928813709,7.07513879223628,122.05143192265362,7.084202011572509,3.4949489,False
cell_0016_0025,122.04687707457391,7.0887150827786165,122.04234061088582,7.084183454205391,122.0514134461298,7.093246693909977,3.5701432,False
cell_0016_0026,122.04685847342205,7.097759751390225,122.04232190919586,7.093228112615878,122.05139494540057,7.102291372685265,2.2644036,False
cell_0016_0027,122.04683984794578,7.106804416436977,122.04230318306487,7.10227276746329,122.05137642046364,7.111336047893922,2.5191495,False
cell_0016_0028,122.04682119814281,7.11584907791443,122.04228443249052,7.111317418743178,122.05135787131663,7.1203807195315,2.5831015,False
cell_0016_0029,122.04680252401079,7.1248937358181355,122.04226565747038,7.120362066451086,122.05133929795726,7.129425387593544,3.1815,False
cell_0016_0030,122.04678382554734,7.133938390143624,122.04224685800217,7.129406710582565,122.0513207003832,7.138470052075606,1.991033,False
cell_0016_0031,122.04676510275019,7.142983040886463,122.04222803408351,7.138451351133162,122.05130207859209,7.147514712973239,1.6518838,False
cell_0016_0032,122.04674635561696,7.152027688042196,122.04220918571205,7.147495988098431,122.05128343258161,7.156559370281993,1.2575006,False
cell_0017_0000,122.05638412209323,6.862615108040401,122.05185020729887,6.858083808452507,122.06091794767248,6.867146391008659,1.9417335,False
cell_0017_0001,122.05636629917207,6.871659888117639,122.05183228686624,6.867128578396997,122.06090022214767,6.876191181181214,2.3952003,False
cell_0017_0005,122.05629476709942,6.907838973855992,122.05176036358422,6.903307623622361,122.06082908082375,6.912370307282836,2.6141686,False
cell_0017_0006,122.05627682397305,6.91688373662564,122.05174232236455,6.912352376268259,122.0608112356755,6.921415080138806,2.773048,False
cell_0017_0007,122.05625885679888,6.925928495920396,122.05172425698069,6.921397125441065,122.06079336659585,6.930459849518087,1.7856717,False
cell_0017_0008,122.05624086557471,6.934973251735808,122.0517061674304,6.930441871136317,122.06077547358255,6.939504615416223,2.2069879,False
cell_0017_0009,122.05622285029824,6.944018004067417,122.05168805371137,6.939486613349562,122.0607575566334,6.94854937782876,3.1781769,False
cell_0017_0010,122.05620481096723,6.953062752910762,122.05166991582138,6.9485313520763405,122.06073961574616,6.957594136751242,1.781971,False
cell_0017_0011,122.0561867475794,6.962107498261392,122.05165175375814,6.957576087312198,122.06072165091855,6.966638892179215,2.299601,False
cell_0017_0012,122.05616866013253,6.971152240114854,122.05163356751936,6.966620819052677,122.0607036621483,6.975683644108221,3.2774892,False
cell_0017_0013,122.05615054862433,6.980196978466693,122.05161535710275,6.975665547293321,122.06068564943321,6.9847283925338095,2.2164688,False
cell_0017_0014,122.05613241305251,6.98924171331244,122.05159712250608,6.984710272029676,122.06066761277101,6.993773137451522,1.2075304,False
cell_0017_0015,122.0561142534148,6.9982864446476585,122.051578863727,6.993754993257286,122.06064955215942,7.00281787885691,1.0048043,False
cell_0017_0016,122.05609606970897,7.007331172467887,122.05156058076328,7.0027997109716935,122.06063146759615,7.011862616745517,0.9403574,False
cell_0017_0017,122.05607786193272,7.016375896768671,122.0515422736126,7.011844425168451,122.06061335907903,7.02090735111289,1.8348677,False
cell_0017_0018,122.05605963008372,7.025420617545556,122.05152394227264,7.020889135843098,122.0605952266057,7.029952081954575,2.395863,False
cell_0017_0019,122.05604137415973,7.034465334794094,122.05150558674116,7.0299338429911815,122.06057707017388,7.038996809266124,3.277411,False
cell_0017_0020,122.05602309415849,7.043510048509827,122.05148720701581,7.0389785466082495,122.06055888978138,7.048041533043083,2.3245826,False
cell_0017_0021,122.05600479007764,7.052554758688308,122.05146880309432,7.0480232466898505,122.06054068542583,7.057086253280999,2.3409395,False
cell_0017_0022,122.05598646191494,7.061599465325082,122.05145037497437,7.057067943231528,122.06052245710501,7.066130969975422,4.183633,False
cell_0017_0023,122.05596810966806,7.070644168415696,122.05143192265362,7.066112636228832,122.06050420481662,7.075175683121901,3.1147203,False
cell_0017_0024,122.0559497333347,7.079688867955695,122.0514134461298,7.075157325677308,122.06048592855836,7.084220392715985,2.4288669,False
cell_0017_0025,122.05593133291256,7.0887335639406395,122.05139494540057,7.084202011572509,122.06046762832791,7.093265098753223,3.2000327,False
cell_0017_0026,122.05591290839935,7.097778256366065,122.05137642046364,7.093246693909977,122.06044930412304,7.1023098012291666,2.2959914,False
cell_0017_0027,122.05589445979277,7.106822945227538,122.05135787131663,7.102291372685265,122.06043095594141,7.111354500139366,3.7496824,False
cell_0017_0028,122.05587598709043,7.115867630520593,122.05133929795726,7.111336047893922,122.06041258378075,7.120399195479372,2.757595,False
cell_0017_0029,122.05585749029011,7.124912312240788,122.0513207003832,7.1203807195315,122.06039418763872,7.129443887244736,2.3465486,False
cell_0017_0030,122.05583896938944,7.133956990383672,122.05130207859209,7.129425387593544,122.06037576751304,7.1384885754310075,2.7645555,False
cell_0017_0031,122.05582042438611,7.14300166494479,122.05128343258161,7.138470052075606,122.06035732340138,7.147533260033741,1.473177,False
cell_0017_0032,122.05580185527776,7.15204633591971,122.05126476234942,7.147514712973239,122.06033885530141,7.156577941048489,0.73241806,False
cell_0018_0000,122.06543406350464,6.862632823482215,122.06090022214767,6.858101597386158,122.06996781568219,6.867164032845052,1.7560902,False
cell_0018_0001,122.06541641145694,6.8716776271243845,122.0608824727026,6.867146391008659,122.06995026091673,6.876208846469458,1.9153931,False
cell_0018_0005,122.06534556518271,6.907856807131001,122.0608112356755,6.9033255309546355,122.0698798049347,6.912388066386986,2.3640606,False
cell_0018_0006,122.06532779408218,6.9169015934698574,122.06079336659585,6.912370307282836,122.06986213169814,6.9214328626990635,3.369974,False
cell_0018_0007,122.06530999916446,6.925946376334685,122.06077547358255,6.921415080138806,122.06984443476074,6.930477655535308,2.6588137,False
cell_0018_0008,122.06529218042725,6.934991155721018,122.0607575566334,6.930459849518087,122.06982671412028,6.939522444891263,3.9142373,False
cell_0018_0009,122.06527433786835,6.944035931624413,122.06073961574616,6.939504615416223,122.06980896977453,6.948567230762479,1.8528415,False
cell_0018_0010,122.06525647148555,6.953080704040408,122.06072165091855,6.94854937782876,122.06979120172129,6.957612013144496,1.3733327,False
cell_0018_0011,122.06523858127653,6.962125472964556,122.0607036621483,6.957594136751242,122.06977340995829,6.966656792032864,1.3163685,False
cell_0018_0012,122.06522066723915,6.971170238392392,122.06068564943321,6.966638892179215,122.06975559448334,6.975701567423126,2.1275022,False
cell_0018_0013,122.0652027293711,6.9802150003194665,122.06066761277101,6.975683644108221,122.0697377552942,6.984746339310832,1.8161964,False
cell_0018_0014,122.06518476767019,6.989259758741332,122.06064955215942,6.9847283925338095,122.06971989238863,6.993791107691529,1.2779303,False
cell_0018_0015,122.06516678213407,6.998304513653528,122.06063146759615,6.993773137451522,122.0697020057644,7.00283587256076,2.669568,False
cell_0018_0016,122.06514877276057,7.007349265051595,122.06061335907903,7.00281787885691,122.06968409541925,7.011880633914079,1.870136,False
cell_0018_0017,122.0651307395474,7.016394012931099,122.0605952266057,7.011862616745517,122.06966616135092,7.020925391747029,1.1201885,False
cell_0018_0018,122.06511268249231,7.025438757287578,122.06057707017388,7.02090735111289,122.06964820355722,7.029970146055162,1.4079068,False
cell_0018_0019,122.06509460159303,7.034483498116572,122.06055888978138,7.029952081954575,122.06963022203587,7.0390148968340265,3.1050653,False
cell_0018_0020,122.06507649684728,7.043528235413641,122.06054068542583,7.038996809266124,122.0696122167846,7.048059644079169,2.2508373,False
cell_0018_0021,122.06505836825285,7.0525729691743315,122.06052245710501,7.048041533043083,122.06959418780116,7.057104387786141,1.8731989,False
cell_0018_0022,122.0650402158074,7.061617699394187,122.06050420481662,7.057086253280999,122.0695761350833,7.066149127950495,1.3028759,False
cell_0018_0023,122.06502203950866,7.070662426068765,122.06048592855836,7.066130969975422,122.06955805862874,7.075193864567775,2.029107,False
cell_0018_0024,122.06500383935439,7.079707149193612,122.06046762832791,7.075175683121901,122.06953995843524,7.084238597633538,2.541813,False
cell_0018_0025,122.06498561534228,7.088751868764276,122.06044930412304,7.084220392715985,122.0695218345005,7.093283327143329,2.4665935,False
cell_0018_0026,122.06496736747006,7.0977965847763045,122.06043095594141,7.093265098753223,122.0695036868223,7.102328053092702,2.055129,False
cell_0018_0027,122.06494909573546,7.106841297225256,122.06041258378075,7.1023098012291666,122.06948551539828,7.111372775477212,1.059979,False
cell_0018_0028,122.0649308001361,7.115886006106681,122.06039418763872,7.111354500139366,122.06946732022622,7.120417494292408,1.604548,False
cell_0018_0029,122.06491248066979,7.124930711416125,122.06037576751304,7.120399195479372,122.06944910130385,7.129462209533841,3.7093341,False
cell_0018_0030,122.06489413733418,7.133975413149148,122.06035732340138,7.129443887244736,122.06943085862882,7.138506921197063,3.265266,False
cell_0018_0031,122.06487577012696,7.143020111301297,122.06033885530141,7.1384885754310075,122.06941259219893,7.147551629277633,2.936316,False
cell_0018_0032,122.06485737904586,7.152064805868123,122.06032036321085,7.147533260033741,122.06939430201182,7.156596333771098,0.6582247,False
cell_0019_0000,122.07448402871997,6.862650368261166,122.06995026091673,6.85811921577155,122.07901770737953,6.867181503903987,1.9368255,False
cell_0019_0001,122.07446654754794,6.871695195241256,122.06993268246144,6.867164032845052,122.07900032337557,6.876226340753226,1.7295231,False
cell_0019_0004,122.07441396256893,6.898829655458272,122.0698798049347,6.894298463353154,122.0789480305988,6.903360830566845,2.118721,False
cell_0019_0005,122.07439638708095,6.907874468608007,122.06986213169814,6.903343266603529,122.07893055274428,6.912405653578504,3.312635,False
cell_0019_0006,122.07437878800854,6.9169192782890185,122.06984443476074,6.912388066386986,122.07891305142165,6.921450473119629,2.7112622,False
cell_0019_0007,122.07436116534946,6.925964084496846,122.06982671412028,6.9214328626990635,122.07889552662871,6.930495289185769,2.4107554,False
cell_0019_0008,122.07434351910149,6.935008887227041,122.06980896977453,6.930477655535308,122.07887797836328,6.93954010177247,1.9917214,False
cell_0019_0009,122.07432584926241,6.944053686475143,122.06979120172129,6.939522444891263,122.07886040662316,6.948584910875278,2.1949458,False
cell_0019_0010,122.07430815583001,6.953098482236705,122.06977340995829,6.948567230762479,122.07884281140613,6.9576297164897385,2.7576985,False
cell_0019_0011,122.0742904388021,6.9621432745072624,122.06975559448334,6.957612013144496,122.07882519271001,6.9666745186113985,2.0289946,False
cell_0019_0012,122.07427269817644,6.9711880632823755,122.0697377552942,6.966656792032864,122.07880755053257,6.975719317235809,1.8809083,False
cell_0019_0013,122.0742549339508,6.9802328485575815,122.06971989238863,6.975701567423126,122.07878988487163,6.984764112358516,1.0067081,False
cell_0019_0014,122.07423714612298,6.989277630328432,122.0697020057644,6.984746339310832,122.07877219572494,6.993808903975068,1.1492887,False
cell_0019_0015,122.07421933469074,6.998322408590475,122.06968409541925,6.993791107691529,122.07875448309031,7.002853692081011,1.2799518,False
cell_0019_0016,122.07420149965182,7.007367183339261,122.06966616135092,7.00283587256076,122.07873674696549,7.011898476671898,1.8439953,False
cell_0019_0017,122.07418364100401,7.016411954570329,122.06964820355722,7.011880633914079,122.07871898734828,7.0209432577432755,2.1835592,False
cell_0019_0018,122.07416575874507,7.025456722279239,122.06963022203587,7.020925391747029,122.07870120423644,7.029988035290695,0.8656354,False
cell_0019_0019,122.07414785287277,7.034501486461537,122.0696122167846,7.029970146055162,122.07868339762776,7.039032809309707,1.153682,False
cell_0019_0020,122.07412992338485,7.04354624711277,122.06959418780116,7.0390148968340265,122.07866556751999,7.048077579795858,1.3532346,False
cell_0019_0021,122.07411197027905,7.05259100422849,122.0695761350833,7.048059644079169,122.0786477139109,7.057122346744703,2.0773802,False
cell_0019_0022,122.07409399355313,7.061635757804245,122.06955805862874,7.057104387786141,122.07862983679827,7.066167110151792,2.1010597,False
cell_0019_0023,122.07407599320486,7.070680507835592,122.06953995843524,7.066149127950495,122.07861193617983,7.075211870012674,3.2005763,False
cell_0019_0024,122.07405796923192,7.079725254318073,122.0695218345005,7.075193864567775,122.07859401205336,7.0842566263229045,2.7989292,False
cell_0019_0025,122.07403992163215,7.088769997247245,122.0695036868223,7.084238597633538,122.0785760644166,7.093301379078032,2.8752904,False
cell_0019_0026,122.07402185040318,7.097814736618657,122.06948551539828,7.093283327143329,122.07855809326729,7.102346128273609,3.2646847,False
cell_0019_0027,122.07400375554282,7.106859472427862,122.06946732022622,7.102328053092702,122.0785400986032,7.111390873905192,3.516376,False
cell_0019_0028,122.07398563704875,7.115904204670414,122.06944910130385,7.111372775477212,122.07852208042203,7.120435615968333,3.2914793,False
cell_0019_0029,122.07396749491876,7.12494893334187,122.06943085862882,7.120417494292408,122.07850403872158,7.1294803544585825,1.918664,False
cell_0019_0030,122.07394932915051,7.133993658437769,122.06941259219893,7.129462209533841,122.07848597349955,7.1385250893714955,2.9329543,False
cell_0019_0031,122.07393113974175,7.14303837995368,122.06939430201182,7.138506921197063,122.07846788475368,7.147569820702629,3.2271583,False
cell_0019_0032,122.07391292669018,7.152083097885146,122.0693759880652,7.147551629277633,122.0784497724817,7.156614548447536,1.1558919,False
cell_0020_0004,122.08346463625192,6.898847122020826,122.07893055274428,6.894316004089109,122.08799863019087,6.903378222842397,1.698314,False
cell_0020_0005,122.08344723256373,6.907891958284821,122.07891305142165,6.903360830566845,122.08798132402195,6.9124230688552055,2.211718,False
cell_0020_0006,122.08342980552159,6.916936791080926,122.07889552662871,6.912405653578504,122.08796399461545,6.921467911398318,3.515913,False
cell_0020_0007,122.08341235512334,6.925981620404696,122.07887797836328,6.921450473119629,122.08794664196917,6.930512750467283,3.7251618,False
cell_0020_0008,122.0833948813668,6.935026446251667,122.07886040662316,6.930495289185769,122.087929266081,6.9395575860576475,2.5285733,False
cell_0020_0009,122.08337738424976,6.944071268617398,122.07884281140613,6.93954010177247,122.0879118669487,6.948602418164961,2.4323235,False
cell_0020_0010,122.08335986377001,6.953116087497429,122.07882519271001,6.948584910875278,122.0878944445701,6.957647246784769,2.0110888,False
cell_0020_0011,122.08334231992539,6.962160902887308,122.07880755053257,6.9576297164897385,122.08787699894306,6.966692071912621,2.658174,False
cell_0020_0012,122.08332475271371,6.971205714782585,122.07878988487163,6.9666745186113985,122.08785953006533,6.975736893544066,3.2845926,False
cell_0020_0013,122.08330716213273,6.980250523178809,122.07877219572494,6.975719317235809,122.08784203793479,6.9847817116746524,3.7515845,False
cell_0020_0014,122.08328954818023,6.989295328071526,122.07875448309031,6.984764112358516,122.08782452254918,6.99382652629993,1.0227572,False
cell_0020_0015,122.08327191085407,6.998340129456286,122.07873674696549,6.993808903975068,122.08780698390636,7.002871337415449,1.698688,False
cell_0020_0016,122.08325425015197,7.007384927328638,122.07871898734828,7.002853692081011,122.08778942200411,7.011916145016759,2.6347084,False
cell_0020_0017,122.08323656607179,7.016429721684138,122.07870120423644,7.011898476671898,122.0877718368402,7.020960949099411,0.9956525,False
cell_0020_0018,122.0832188586112,7.025474512518322,122.07868339762776,7.0209432577432755,122.08775422841249,7.0300057496589545,0.90255356,False
cell_0020_0019,122.0832011277681,7.034519299826752,122.07866556751999,7.029988035290695,122.08773659671871,7.039050546690942,1.7924922,False
cell_0020_0020,122.08318337354025,7.043564083604977,122.0786477139109,7.039032809309707,122.08771894175669,7.0480953401909225,1.4725972,False
cell_0020_0021,122.08316559592537,7.052608863848544,122.07862983679827,7.048077579795858,122.08770126352421,7.057140130154453,2.5704734,False
cell_0020_0022,122.08314779492122,7.06165364055301,122.07861193617983,7.057122346744703,122.08768356201904,7.066184916577081,2.5245924,False
cell_0020_0023,122.08312997052565,7.070698413713921,122.07859401205336,7.066167110151792,122.08766583723896,7.07522969945436,1.3894887,False
cell_0020_0024,122.08311212273634,7.079743183326833,122.0785760644166,7.075211870012674,122.08764808918176,7.084274478781846,1.7156227,False
cell_0020_0025,122.0830942515511,7.0887879493873,122.07855809326729,7.0842566263229045,122.0876303178452,7.0933192545550865,2.1394634,False
cell_0020_0026,122.08307635696774,7.09783271189087,122.0785400986032,7.093301379078032,122.08761252322708,7.102364026769639,2.5452762,False
cell_0020_0027,122.08305843898388,7.106877470833098,122.07852208042203,7.102346128273609,122.08759470532515,7.111408795421057,2.6512632,False
cell_0020_0028,122.08304049759737,7.1159222262095385,122.07850403872158,7.111390873905192,122.08757686413716,7.120453560504895,3.3824792,False
cell_0020_0029,122.08302253280593,7.1249669780157445,122.07848597349955,7.120435615968333,122.08755899966089,7.1294983220167065,1.0030676,False
cell_0020_0030,122.08300454460735,7.134011726247275,122.07846788475368,7.1294803544585825,122.08754111189408,7.138543079952047,1.8597279,False
cell_0020_0031,122.08298653299931,7.1430564708996735,122.0784497724817,7.1385250893714955,122.08752320083454,7.1475878343064725,3.2452288,False
cell_0020_0032,122.08296849797959,7.152101211968508,122.07843163668134,7.147569820702629,122.08750526647997,7.156632585075538,1.8500096,False
cell_0020_0033,122.08295043954588,7.161145949449322,122.07841347735034,7.156614548447536,122.08748730882814,7.165677332254798,3.0787055,False
cell_0021_0003,122.09253254205164,6.889819554394264,122.08799863019087,6.8852885204255125,122.09706636449461,6.894350571176716,0.9330173,False
cell_0021_0004,122.09251533328663,6.898864417008059,122.08798132402195,6.89433337336435,122.09704925301837,6.903395443428029,2.4712172,False
cell_0021_0005,122.09249810140041,6.907909276159257,122.08796399461545,6.903378222842397,122.09703211853721,6.912440312214928,3.8509264,False
cell_0021_0006,122.09248084639076,6.916954131843404,122.08794664196917,6.9124230688552055,122.09701496104898,6.921485177532963,2.7494545,False
cell_0021_0007,122.09246356825555,6.92599898405604,122.087929266081,6.921467911398318,122.09699778055158,6.930530039377679,2.3939316,False
cell_0021_0008,122.09244626699264,6.935043832792722,122.0879118669487,6.930512750467283,122.0969805770428,6.9395748977446265,2.7016444,False
cell_0021_0009,122.09242894259981,6.944088678048996,122.0878944445701,6.9395575860576475,122.0969633505205,6.948619752629355,2.4370909,False
cell_0021_0010,122.09241159507492,6.953133519820405,122.08787699894306,6.948602418164961,122.09694610098254,6.957664604027413,3.2543192,False
cell_0021_0011,122.09239422441578,6.962178358102505,122.08785953006533,6.957647246784769,122.09692882842674,6.96670945193435,3.178697,False
cell_0021_0012,122.09237683062024,6.971223192890836,122.08784203793479,6.966692071912621,122.09691153285094,6.9757542963457135,2.9335055,False
cell_0021_0013,122.0923594136861,6.98026802418096,122.08782452254918,6.975736893544066,122.09689421425297,6.984799137257056,3.9996161,False
cell_0021_0014,122.09234197361116,6.989312851968413,122.08780698390636,6.9847817116746524,122.09687687263067,6.993843974663931,1.5121272,False
cell_0021_0015,122.09232451039327,6.998357676248757,122.08778942200411,6.99382652629993,122.09685950798185,7.002888808561883,1.6838697,False
cell_0021_0016,122.09230702403022,7.007402497017538,122.0877718368402,7.002871337415449,122.09684212030434,7.011933638946467,2.5221095,False
cell_0021_0017,122.09228951451985,7.0164473142703025,122.08775422841249,7.011916145016759,122.09682470959599,7.020978465813235,1.779823,False
cell_0021_0018,122.09227198185992,7.025492128002612,122.08773659671871,7.020960949099411,122.09680727585457,7.0300232891577386,1.4549487,False
cell_0021_0019,122.09225442604824,7.034536938210007,122.08771894175669,7.0300057496589545,122.09678981907793,7.039068108975528,2.5464025,False
cell_0021_0020,122.09223684708265,7.043581744888044,122.08770126352421,7.039050546690942,122.09677233926386,7.048112925262157,1.4133618,False
cell_0021_0021,122.09221924496089,7.052626548032275,122.08768356201904,7.0480953401909225,122.09675483641018,7.057157738013181,2.3165655,False
cell_0021_0022,122.09220161968081,7.061671347638259,122.08766583723896,7.057140130154453,122.09673731051468,7.06620254722415,3.8316073,False
cell_0021_0023,122.09218397124015,7.070716143701536,122.08764808918176,7.066184916577081,122.09671976157522,7.075247352890619,3.028957,False
cell_0021_0024,122.09216629963669,7.079760936217669,122.0876303178452,7.07522969945436,122.09670218958951,7.084292155008143,1.3336673,False
cell_0021_0025,122.0921486048683,7.088805725182208,122.08761252322708,7.084274478781846,122.0966845945554,7.093336953572274,1.3101401,False
cell_0021_0026,122.09213088693268,7.097850510590708,122.08759470532515,7.0933192545550865,122.09666697647067,7.1023817485785665,3.0066056,False
cell_0021_0027,122.09211314582761,7.106895292438723,122.08757686413716,7.102364026769639,122.09664933533313,7.11142654002258,2.0612621,False
cell_0021_0028,122.09209538155089,7.115940070721811,122.08755899966089,7.111408795421057,122.09663167114054,7.120471327899865,2.8110228,False
cell_0021_0029,122.09207759410035,7.124984845435517,122.08754111189408,7.120453560504895,122.09661398389073,7.12951611220598,0.88005424,False
cell_0021_0030,122.09205978347362,7.1340296165754085,122.08752320083454,7.1294983220167065,122.0965962735814,7.13856089293648,1.2451589,False
cell_0021_0031,122.09204194966858,7.143074384137034,122.08750526647997,7.138543079952047,122.09657854021042,7.147605670086922,4.8180723,False
cell_0021_0032,122.09202409268293,7.1521191481159505,122.08748730882814,7.1475878343064725,122.09656078377552,7.156650443652865,2.309328,False
cell_0021_0033,122.09200621251448,7.161163908507717,122.0874693278768,7.156632585075538,122.09654300427447,7.165695213629862,1.0564202,False
cell_0021_0034,122.09198830916098,7.170208665307889,122.08745132362368,7.165677332254798,122.09652520170503,7.17473998001347,1.0269563,False
cell_0021_0035,122.09197038262013,7.179253418512019,122.08743329606655,7.174722075839813,122.096507376065,7.183784742799252,1.3636413,False
cell_0022_0003,122.10158309063404,6.8898366551447054,122.09704925301837,6.885305695465442,122.1061168388676,6.894367597524074,1.7575097,False
cell_0022_0004,122.10156605344262,6.898881540417829,122.09703211853721,6.894350571176716,122.10609989885076,6.903412492321599,2.0799112,False
cell_0022_0005,122.10154899336048,6.907926422229178,122.09701496104898,6.903395443428029,122.10608293605952,6.91245738365553,2.6755228,False
cell_0022_0006,122.10153191038548,6.916971300574295,122.09699778055158,6.912440312214928,122.10606595049174,6.921502271521419,2.1973314,False
cell_0022_0007,122.1015148045155,6.926016175448738,122.0969805770428,6.921485177532963,122.10604894214532,6.9305471559148115,1.5649637,False
cell_0022_0008,122.10149767574835,6.935061046848045,122.0969633505205,6.930530039377679,122.10603191101812,6.939592036831256,1.6868737,False
cell_0022_0009,122.10148052408191,6.9441059147677695,122.09694610098254,6.9395748977446265,122.106014857108,6.948636914266307,2.2466726,False
cell_0022_0010,122.10146334951405,6.953150779203464,122.09692882842674,6.948619752629355,122.10599778041279,6.9576817882155115,1.6843743,False
cell_0022_0011,122.1014461520426,6.962195640150678,122.09691153285094,6.957664604027413,122.10598068093041,6.966726658674424,1.6820083,False
cell_0022_0012,122.10142893166537,6.971240497604956,122.09689421425297,6.96670945193435,122.10596355865871,6.9757715256385895,1.2685965,False
cell_0022_0013,122.10141168838025,6.980285351561854,122.09687687263067,6.9757542963457135,122.1059464135955,6.984816389103564,0.9678345,False
cell_0022_0014,122.10139442218507,6.989330202016924,122.09685950798185,6.984799137257056,122.10592924573866,6.993861249064898,0.9687356,False
cell_0022_0015,122.10137713307766,6.99837504896571,122.09684212030434,6.993843974663931,122.10591205508604,7.002906105518142,1.5474832,False
cell_0022_0016,122.10135982105582,7.007419892403771,122.09682470959599,7.002888808561883,122.10589484163546,7.01195095845885,1.2656885,False
cell_0022_0017,122.10134248611745,7.016464732326655,122.09680727585457,7.011933638946467,122.10587760538482,7.020995807882574,1.1206332,False
cell_0022_0018,122.10132512826034,7.025509568729919,122.09678981907793,7.020978465813235,122.1058603463319,7.0300406537848685,1.0193831,False
cell_0022_0019,122.1013077474823,7.034554401609108,122.09677233926386,7.0300232891577386,122.10584306447457,7.0390854961612845,1.0758541,False
cell_0022_0020,122.10129034378116,7.0435992309597815,122.09675483641018,7.039068108975528,122.10582575981064,7.048130335007377,1.0016062,False
cell_0022_0021,122.10127291715479,7.052644056777491,122.09673731051468,7.048112925262157,122.10580843233797,7.0571751703187005,1.2399023,False
cell_0022_0022,122.10125546760092,7.061688879057789,122.09671976157522,7.057157738013181,122.10579108205435,7.066220002090809,1.1046333,False
cell_0022_0023,122.10123799511742,7.07073369779623,122.09670218958951,7.06620254722415,122.10577370895767,7.075264830319258,1.6760216,False
cell_0022_0024,122.10122049970207,7.079778512988371,122.0966845945554,7.075247352890619,122.10575631304566,7.084309654999601,1.9052657,False
cell_0022_0025,122.10120298135267,7.0888233246297645,122.09666697647067,7.084292155008143,122.1057388943162,7.093354476127394,1.601721,False
cell_0022_0026,122.10118544006704,7.097868132715962,122.09664933533313,7.093336953572274,122.10572145276711,7.102399293698194,1.2644453,False
cell_0022_0027,122.10116787584299,7.106912937242526,122.09663167114054,7.1023817485785665,122.10570398839616,7.111444107707556,1.3663023,False
cell_0022_0028,122.10115028867831,7.115957738205003,122.09661398389073,7.11142654002258,122.1056865012012,7.120488918151037,1.2953832,False
cell_0022_0029,122.10113267857079,7.125002535598967,122.0965962735814,7.120471327899865,122.10566899118,7.129533725024195,1.2914989,False
cell_0022_0030,122.10111504551824,7.1340473294199525,122.09657854021042,7.12951611220598,122.10565145833041,7.1385785283225855,1.3404102,False
cell_0022_0031,122.1010973895184,7.1430921196635255,122.09656078377552,7.13856089293648,122.10563390265023,7.1476233280417665,1.2284895,False
cell_0022_0032,122.10107971056914,7.1521369063252545,122.09654300427447,7.147605670086922,122.10561632413717,7.156668124177295,0.94544715,False
cell_0022_0033,122.10106200866811,7.161181689400676,122.09652520170503,7.156650443652865,122.10559872278915,7.165712916724732,1.5197077,False
cell_0022_0034,122.10104428381322,7.1702264688853665,122.096507376065,7.165695213629862,122.10558109860385,7.1747577056796334,0.8892051,False
cell_0022_0035,122.1010265360022,7.179271244774875,122.09648952735212,7.17473998001347,122.10556345157914,7.183802491037562,1.0868399,False
cell_0022_0036,122.10100876523279,7.188316017064757,122.09647165556417,7.183784742799252,122.10554578171279,7.19284727279407,0.87479097,False
cell_0023_0003,122.11063366210502,6.889853584542605,122.10609989885076,6.885322699267408,122.11516733601289,6.89438445240431,1.5600003,False
cell_0023_0004,122.11061679648934,6.898898492248004,122.10608293605952,6.894367597524074,122.11515056745759,6.903429369520995,0.89869833,False
cell_0023_0005,122.11059990821343,6.907943396492449,122.10606595049174,6.903412492321599,122.11513377635836,6.9124742831748955,1.7666795,False
cell_0023_0006,122.1105829972752,6.916988297271475,122.10604894214532,6.91245738365553,122.11511696271317,6.921519193361566,3.016097,False
cell_0023_0007,122.11056606367256,6.926033194580641,122.10603191101812,6.921502271521419,122.11510012651988,6.930564100076554,1.733784,False
cell_0023_0008,122.11054910740336,6.935078088415495,122.106014857108,6.9305471559148115,122.11508326777636,6.939609003315409,1.479491,False
cell_0023_0009,122.11053212846545,6.9441229787715875,122.10599778041279,6.939592036831256,122.11506638648052,6.948653903073686,2.4796484,False
cell_0023_0010,122.11051512685675,6.953167865644462,122.10598068093041,6.948636914266307,122.11504948263027,6.957698799346937,1.9672277,False
cell_0023_0011,122.11049810257512,6.962212749029685,122.10596355865871,6.9576817882155115,122.11503255622343,6.966743692130708,1.968899,False
cell_0023_0012,122.11048105561841,6.971257628922796,122.1059464135955,6.966726658674424,122.11501560725796,6.975788581420557,1.2671492,False
cell_0023_0013,122.11046398598447,6.9803025053193455,122.10592924573866,6.9757715256385895,122.11499863573167,6.984833467212031,1.4663327,False
cell_0023_0014,122.11044689367118,6.989347378214892,122.10591205508604,6.984816389103564,122.11498164164244,6.9938783495006875,1.3381908,False
cell_0023_0015,122.1104297786764,6.99839224760499,122.10589484163546,6.993861249064898,122.11496462498815,7.002923228282079,1.3867657,False
cell_0023_0016,122.110412640998,7.00743711348518,122.10587760538482,7.002906105518142,122.1149475857667,7.011968103551756,1.3218304,False
cell_0023_0017,122.1103954806338,7.0164819758510255,122.1058603463319,7.01195095845885,122.11493052397591,7.021012975305274,1.1794806,False
cell_0023_0018,122.11037829758168,7.025526834698076,122.10584306447457,7.020995807882574,122.11491343961364,7.030057843538187,1.2733245,False
cell_0023_0019,122.11036109183948,7.034571690021892,122.10582575981064,7.0300406537848685,122.11489633267779,7.03910270824605,1.0494531,False
cell_0023_0020,122.11034386340499,7.0436165418180146,122.10580843233797,7.0390854961612845,122.1148792031662,7.048147569424419,1.7571895,False
cell_0023_0021,122.11032661227613,7.05266139008201,122.10579108205435,7.048130335007377,122.11486205107668,7.057192427068846,1.0607722,False
cell_0023_0022,122.11030933845069,7.0617062348094235,122.10577370895767,7.0571751703187005,122.11484487640715,7.066237281174889,1.0401945,False
cell_0023_0023,122.11029204192653,7.070751075995825,122.10575631304566,7.066220002090809,122.11482767915538,7.075282131738104,1.1179458,False
cell_0023_0024,122.11027472270142,7.079795913636756,122.1057388943162,7.075264830319258,122.11481045931927,7.084326978754046,1.5192521,False
cell_0023_0025,122.11025738077329,7.088840747727773,122.10572145276711,7.084309654999601,122.11479321689666,7.093371822218271,2.1290374,False
cell_0023_0026,122.11024001613984,7.097885578264443,122.10570398839616,7.093354476127394,122.11477595188535,7.102416662126338,1.0472718,False
cell_0023_0027,122.11022262879901,7.10693040524231,122.1056865012012,7.102399293698194,122.11475866428322,7.111461498473803,1.3995066,False
cell_0023_0028,122.11020521874852,7.115975228656942,122.10566899118,7.111444107707556,122.11474135408805,7.120506331256226,1.7555019,False
cell_0023_0029,122.11018778598631,7.125020048503887,122.10565145833041,7.120488918151037,122.11472402129772,7.129551160469159,1.2484341,False
cell_0023_0030,122.1101703305101,7.134064864778704,122.10563390265023,7.129533725024195,122.11470666591003,7.138595986108166,1.1620343,False
cell_0023_0031,122.11015285231771,7.143109677476962,122.10561632413717,7.1385785283225855,122.11468928792281,7.147640808168805,1.2439687,False
cell_0023_0032,122.11013535140697,7.152154486594203,122.10559872278915,7.1476233280417665,122.11467188733387,7.1566856266466345,0.96518254,False
cell_0023_0033,122.11011782777567,7.161199292126,122.10558109860385,7.156668124177295,122.11465446414105,7.165730441537213,0.94818383,False
cell_0023_0034,122.11010028142161,7.170244094067898,122.10556345157914,7.165712916724732,122.11463701834214,7.174775252836098,1.2930284,False
cell_0023_0035,122.1100827123426,7.179288892415468,122.10554578171279,7.1747577056796334,122.11461954993496,7.183820060538857,0.9764375,False
cell_0023_0036,122.11006512053642,7.188333687164266,122.10552808900258,7.183802491037562,122.11460205891733,7.192864864641044,1.0621983,False
cell_0023_0037,122.1100475060009,7.197378478309853,122.10551037344625,7.19284727279407,122.11458454528704,7.201909665138221,0.7997932,False
cell_0024_0003,122.11968425623408,6.889870342585853,122.11515056745759,6.885339531829295,122.12421785569997,6.894401135815331,1.647088,False
cell_0024_0004,122.11966756219626,6.898915272496491,122.11513377635836,6.89438445240431,122.12420125860827,6.903446075024116,1.0613179,False
cell_0024_0005,122.1196508457287,6.907960198946959,122.11511696271317,6.903429369520995,122.12418463920322,6.912491010770921,1.7771083,False
cell_0024_0006,122.11963410682937,6.917005121932827,122.11510012651988,6.9124742831748955,122.12416799748269,6.9215359430513,1.492505,False
cell_0024_0007,122.11961734549618,6.926050041449648,122.11508326777636,6.921519193361566,122.1241513334446,6.9305808718608,0.82653356,False
cell_0024_0008,122.11960056172704,6.935094957492959,122.11506638648052,6.930564100076554,122.12413464708692,6.939625797194978,1.0092798,False
cell_0024_0009,122.11958375551983,6.9441398700583195,122.11504948263027,6.939609003315409,122.1241179384075,6.948670719049382,1.9345716,False
cell_0024_0010,122.11956692687244,6.953184779141288,122.11503255622343,6.948653903073686,122.12410120740427,6.957715637419569,2.6867938,False
cell_0024_0011,122.11955007578274,6.962229684737399,122.11501560725796,6.957698799346937,122.12408445407515,6.966760552301087,1.7463684,False
cell_0024_0012,122.11953320224866,6.97127458684222,122.11499863573167,6.966743692130708,122.124067678418,6.975805463689492,1.1794419,False
cell_0024_0013,122.11951630626803,6.980319485451303,122.11498164164244,6.975788581420557,122.12405088043073,6.984850371580339,1.4397597,False
cell_0024_0014,122.1194993878388,6.989364380560192,122.11496462498815,6.984833467212031,122.12403406011127,6.993895275969178,1.8460708,False
cell_0024_0015,122.11948244695884,6.998409272164447,122.1149475857667,6.9938783495006875,122.12401721745746,7.002940176851564,1.1894238,False
cell_0024_0016,122.11946548362597,7.007454160259622,122.11493052397591,7.002923228282079,122.12400035246723,7.011985074223053,1.5390396,False
cell_0024_0017,122.11944849783809,7.016499044841271,122.11491343961364,7.011968103551756,122.12398346513845,7.0210299680792,1.2261684,False
cell_0024_0018,122.11943148959314,7.025543925904941,122.11489633267779,7.021012975305274,122.12396655546901,7.030074858415561,1.5050017,False
cell_0024_0019,122.1194144588889,7.0345888034462005,122.1148792031662,7.030057843538187,122.12394962345675,7.039119745227688,1.1179622,False
cell_0024_0020,122.11939740572323,7.043633677460595,122.11486205107668,7.03910270824605,122.12393266909963,7.04816462851114,1.7712617,False
cell_0024_0021,122.11938033009406,7.05267854794368,122.11484487640715,7.048147569424419,122.12391569239546,7.057209508261473,1.0942026,False
cell_0024_0022,122.11936323199923,7.061723414891018,122.11482767915538,7.057192427068846,122.12389869334213,7.066254384474245,1.6263905,False
cell_0024_0023,122.11934611143651,7.070768278298158,122.11481045931927,7.066237281174889,122.12388167193748,7.075299257145009,0.9804384,False
cell_0024_0024,122.11932896840389,7.079813138160661,122.11479321689666,7.075282131738104,122.12386462817942,7.0843441262693245,0.99821955,False
cell_0024_0025,122.1193118028991,7.088857994474081,122.11477595188535,7.084326978754046,122.1238475620658,7.093388991842748,1.0687941,False
cell_0024_0026,122.11929461492008,7.0979028472339785,122.11475866428322,7.093371822218271,122.12383047359445,7.102433853860842,1.6498263,False
cell_0024_0027,122.11927740446463,7.106947696435912,122.11474135408805,7.102416662126338,122.12381336276327,7.11147871231916,1.0818988,False
cell_0024_0028,122.1192601715306,7.115992542075436,122.11472402129772,7.111461498473803,122.1237962295701,7.1205235672132625,1.2324913,False
cell_0024_0029,122.11924291611584,7.125037384148108,122.11470666591003,7.120506331256226,122.1237790740128,7.12956841853871,1.7710607,False
cell_0024_0030,122.11922563821815,7.134082222649492,122.11468928792281,7.129551160469159,122.12376189608919,7.138613266291058,1.4123099,False
cell_0024_0031,122.1192083378354,7.143127057575143,122.11467188733387,7.138595986108166,122.12374469579713,7.147658110465872,1.625806,False
cell_0024_0032,122.11919101496537,7.15217188892062,122.11465446414105,7.147640808168805,122.12372747313447,7.156702951058707,1.3927376,False
cell_0024_0033,122.11917366960597,7.161216716681485,122.11463701834214,7.1566856266466345,122.12371022809906,7.165747788065125,0.9412831,False
cell_0024_0034,122.11915630175497,7.1702615408533,122.11461954993496,7.165730441537213,122.12369296068869,7.174792621480689,0.8265039,False
cell_0024_0035,122.11913891141016,7.1793063614316175,122.11460205891733,7.174775252836098,122.12367567090124,7.183837451300957,0.9107305,False
cell_0024_0036,122.11912149856944,7.188351178412008,122.11458454528704,7.183820060538857,122.1236583587345,7.192882277521491,0.9976603,False
cell_0024_0037,122.11910406323055,7.197395991790028,122.11456700904189,7.192864864641044,122.12364102418634,7.201927100137857,1.1535048,False
cell_0024_0038,122.1190866053913,7.206440801561238,122.1145494501797,7.201909665138221,122.12362366725458,7.210971919145612,0.676052,False
cell_0025_0003,122.12873487279074,6.889886929272382,122.12420125860827,6.8853561931490175,122.13326839769834,6.894417647755065,1.5852777,False
cell_0025_0004,122.12871835033283,6.898931881161184,122.12418463920322,6.894401135815331,122.13325197207233,6.903462608828889,0.68741477,False
cell_0025_0005,122.12870180567573,6.907976829590629,122.12416799748269,6.903446075024116,122.1332355243635,6.912507566441529,2.781333,False
cell_0025_0006,122.12868523881741,6.917021774556269,122.1241513334446,6.912491010770921,122.13321905456974,6.92155252058854,1.4625127,False
cell_0025_0007,122.12866864975577,6.926066716053654,122.12413464708692,6.9215359430513,122.13320256268898,6.930597471265472,1.127318,False
cell_0025_0008,122.12865203848882,6.9351116540783435,122.1241179384075,6.9305808718608,122.1331860487192,6.9396424184678756,1.0931894,False
cell_0025_0009,122.12863540501435,6.944156588625879,122.12410120740427,6.939625797194978,122.13316951265828,6.948687362191307,1.4153624,False
cell_0025_0010,122.12861874933036,6.953201519691822,122.12408445407515,6.948670719049382,122.13315295450418,6.95773230243132,1.7925656,False
cell_0025_0011,122.12860207143474,6.962246447271724,122.124067678418,6.957715637419569,122.13313637425485,6.966777239183469,2.2325497,False
cell_0025_0012,122.1285853713254,6.971291371361136,122.12405088043073,6.966760552301087,122.13311977190816,6.975822172443303,1.41062,False
cell_0025_0013,122.12856864900023,6.980336291955612,122.12403406011127,6.975805463689492,122.13310314746204,6.984867102206384,1.4031167,False
cell_0025_0014,122.12855190445717,6.989381209050713,122.12401721745746,6.984850371580339,122.13308650091442,6.993912028468263,1.830935,False
cell_0025_0015,122.12853513769413,6.998426122641986,122.12400035246723,6.993895275969178,122.1330698322632,7.002956951224495,1.4372292,False
cell_0025_0016,122.12851834870895,7.0074710327249825,122.12398346513845,7.002940176851564,122.13305314150634,7.012001870470637,0.9905983,False
cell_0025_0017,122.12850153749955,7.01651593929527,122.12396655546901,7.011985074223053,122.13303642864166,7.021046786202245,1.1605296,False
cell_0025_0018,122.12848470406381,7.025560842348397,122.12394962345675,7.0210299680792,122.13301969366714,7.030091698414874,1.2227162,False
cell_0025_0019,122.12846784839968,7.034605741879912,122.12393266909963,7.030074858415561,122.13300293658065,7.039136607104082,1.233562,False
cell_0025_0020,122.12845097050501,7.04365063788539,122.12391569239546,7.039119745227688,122.13298615738009,7.048181512265424,1.3621435,False
cell_0025_0021,122.12843407037768,7.052695530360375,122.12389869334213,7.04816462851114,122.13296935606337,7.057226413894462,1.1502818,False
cell_0025_0022,122.12841714801553,7.061740419300422,122.12388167193748,7.057209508261473,122.1329525326284,7.066271311986749,1.4918895,False
cell_0025_0023,122.12840020341649,7.0707853047010945,122.12386462817942,7.066254384474245,122.132935687073,7.075316206537844,1.0492215,False
cell_0025_0024,122.12838323657846,7.07983018655795,122.1238475620658,7.075299257145009,122.1329188193951,7.084361097543309,1.3339298,False
cell_0025_0025,122.12836624749924,7.088875064866543,122.12383047359445,7.0843441262693245,122.13290192959263,7.093405984998697,1.9870775,False
cell_0025_0026,122.12834923617677,7.097919939622429,122.12381336276327,7.093388991842748,122.13288501766343,7.102450868899571,1.5221534,False
cell_0025_0027,122.12833220260883,7.106964810821178,122.1237962295701,7.102433853860842,122.13286808360533,7.11149574924149,1.2333784,False
cell_0025_0028,122.1283151467934,7.116009678458341,122.1237790740128,7.11147871231916,122.13285112741629,7.120540626020013,1.1030273,False
cell_0025_0029,122.12829806872827,7.12505454252948,122.12376189608919,7.1205235672132625,122.13283414909415,7.129585499230701,1.3892611,False
cell_0025_0030,122.12828096841126,7.134099403030152,122.12374469579713,7.12956841853871,122.13281714863679,7.138630368869114,1.1230998,False
cell_0025_0031,122.12826384584032,7.143144259955919,122.12372747313447,7.138613266291058,122.13280012604206,7.147675234930813,1.1574013,False
cell_0025_0032,122.12824670101321,7.15218911330234,122.12371022809906,7.147658110465872,122.13278308130782,7.15672009741136,1.241593,False
cell_0025_0033,122.12822953392788,7.16123396306498,122.12369296068869,7.156702951058707,122.13276601443197,7.165764956306314,1.1943434,False
cell_0025_0034,122.12821234458207,7.170278809239398,122.12367567090124,7.165747788065125,122.13274892541232,7.174809811611241,0.9282726,False
cell_0025_0035,122.12819513297367,7.179323651821155,122.1236583587345,7.174792621480689,122.13273181424675,7.183854663321701,0.94830096,False
cell_0025_0036,122.12817789910056,7.18836849080581,122.12364102418634,7.183837451300957,122.13271468093312,7.192899511433255,1.187053,False
cell_0025_0037,122.12816064296054,7.19741332618893,122.12362366725458,7.192882277521491,122.13269752546927,7.201944355941468,0.9241886,False
cell_0025_0038,122.1281433645514,7.206458157966075,122.12360628793704,7.201927100137857,122.13268034785307,7.210989196841905,1.065308,False
cell_0025_0039,122.12812606387105,7.215502986132813,122.12358888623149,7.210971919145612,122.13266314808233,7.220034034130127,1.3490443,False
cell_0026_0002,122.13780184045383,6.880858367506088,122.13326839769834,6.876327715241656,122.14233519408542,6.885389002053707,2.1049566,False
cell_0026_0003,122.1377855115445,6.889903344600127,122.13325197207233,6.885372683224503,122.14231896177749,6.89443398822146,0.7430961,False
cell_0026_0004,122.13776916066854,6.898948318240036,122.1332355243635,6.894417647755065,122.14230270761928,6.903478970933264,0.5750024,False
cell_0026_0005,122.13775278782396,6.907993288421387,122.13321905456974,6.903462608828889,122.1422864316087,6.912523950184669,1.0972357,False
cell_0026_0006,122.13773639300872,6.917038255139724,122.13320256268898,6.912507566441529,122.14227013374375,6.921568925971232,1.3282304,False
cell_0026_0007,122.13771997622074,6.9260832183906,122.1331860487192,6.92155252058854,122.1422538140224,6.930613898288503,1.4473661,False
cell_0026_0008,122.13770353745802,6.935128178169567,122.13316951265828,6.930597471265472,122.1422374724426,6.939658867132038,2.0274584,False
cell_0026_0009,122.13768707671842,6.9441731344721855,122.13315295450418,6.9396424184678756,122.14222110900225,6.948703832497394,2.3686652,False
cell_0026_0010,122.13767059399994,6.953218087293996,122.13313637425485,6.948687362191307,122.1422047236994,6.95774879438012,2.010548,False
cell_0026_0011,122.13765408930047,6.962263036630569,122.13311977190816,6.95773230243132,122.14218831653189,6.966793752775777,3.229394,False
cell_0026_0012,122.13763756261798,6.971307982477451,122.13310314746204,6.966777239183469,122.14217188749772,6.975838707679916,2.007179,False
cell_0026_0013,122.13762101395037,6.980352924830192,122.13308650091442,6.975822172443303,122.14215543659485,6.9848836590880925,1.9637754,False
cell_0026_0014,122.13760444329557,6.989397863684359,122.1330698322632,6.984867102206384,122.14213896382115,6.9939286069958655,1.2770903,False
cell_0026_0015,122.13758785065153,6.998442799035495,122.13305314150634,6.993912028468263,122.14212246917464,7.002973551398788,1.4541636,False
cell_0026_0016,122.13757123601613,7.007487730879172,122.13303642864166,7.002956951224495,122.14210595265318,7.0120184922924205,1.5454806,False
cell_0026_0017,122.13755459938727,7.016532659210924,122.13301969366714,7.012001870470637,122.14208941425476,7.021063429672317,1.2317549,False
cell_0026_0018,122.13753794076297,7.0255775840263315,122.13300293658065,7.021046786202245,122.14207285397724,7.030108363534037,1.0727996,False
cell_0026_0019,122.13752126014103,7.034622505320934,122.13298615738009,7.030091698414874,122.1420562718186,7.039153293873137,1.086757,False
cell_0026_0020,122.1375045575194,7.043667423090297,122.13296935606337,7.039136607104082,122.14203966777673,7.048198220685175,1.6335192,False
cell_0026_0021,122.13748783289604,7.052712337329975,122.1329525326284,7.048181512265424,122.14202304184958,7.057243143965709,1.065787,False
cell_0026_0022,122.13747108626877,7.0617572480355335,122.132935687073,7.057226413894462,122.14200639403504,7.066288063710301,1.6855215,False
cell_0026_0023,122.13745431763553,7.070802155202523,122.1329188193951,7.066271311986749,122.14198972433101,7.075332979914506,1.2699807,False
cell_0026_0024,122.13743752699416,7.079847058826498,122.13290192959263,7.075316206537844,122.14197303273544,7.084377892573887,1.4886919,False
cell_0026_0025,122.13742071434265,7.088891958903029,122.13288501766343,7.084361097543309,122.1419563192462,7.0934228016839995,1.7805614,False
cell_0026_0026,122.13740387967884,7.097936855427676,122.13286808360533,7.093405984998697,122.14193958386122,7.102467707240409,1.2067878,False
cell_0026_0027,122.13738702300058,7.106981748395986,122.13285112741629,7.102450868899571,122.14192282657838,7.111512609238673,1.1534739,False
cell_0026_0028,122.13737014430588,7.116026637803529,122.13283414909415,7.11149574924149,122.1419060473956,7.120557507674354,1.0601046,False
cell_0026_0029,122.13735324359249,7.125071523645861,122.13281714863679,7.120540626020013,122.14188924631075,7.12960240254301,1.4303169,False
cell_0026_0030,122.13733632085838,7.134116405918553,122.13280012604206,7.129585499230701,122.14187242332173,7.138647293840206,0.99109215,False
cell_0026_0031,122.13731937610135,7.143161284617148,122.13278308130782,7.138630368869114,122.14185557842649,7.147692181561502,1.4114522,False
cell_0026_0032,122.13730240931932,7.152206159737223,122.13276601443197,7.147675234930813,122.1418387116228,7.156737065702462,1.1030585,False
cell_0026_0033,122.1372854205102,7.161251031274339,122.13274892541232,7.15672009741136,122.14182182290864,7.1657819462586465,1.6134106,False
cell_0026_0034,122.13726840967176,7.170295899224048,122.13273181424675,7.165764956306314,122.14180491228187,7.174826823225622,1.094517,False
cell_0026_0035,122.13725137680193,7.17934076358192,122.13271468093312,7.174809811611241,122.14178797974036,7.183871696598946,1.9213037,False
cell_0026_0036,122.13723432189862,7.188385624343519,122.13269752546927,7.183854663321701,122.14177102528197,7.192916566374188,1.5466833,False
cell_0026_0037,122.13721724495957,7.197430481504403,122.13268034785307,7.192899511433255,122.14175404890459,7.20196143254691,1.113234,False
cell_0026_0038,122.13720014598273,7.2064753350601425,122.13266314808233,7.201944355941468,122.1417370506061,7.2110062951126785,1.0359676,False
cell_0026_0039,122.13718302496592,7.215520185006298,122.13264592615492,7.210989196841905,122.14172003038432,7.220051154067052,1.4182799,False
cell_0026_0040,122.13716588190704,7.224565031338435,122.13262868206866,7.220034034130127,122.14170298823718,7.229096009405603,0.94145507,False
cell_0026_0041,122.13714871680384,7.233609874052111,122.1326114158214,7.2290788678017,122.1416859241625,7.238140861123893,0.87062997,False
cell_0027_0002,122.14685232982062,6.880874589949733,122.14231896177749,6.876344012434454,122.15138560877558,6.885405149634601,1.7732215,False
cell_0027_0003,122.14683617226478,6.889919588567034,122.14230270761928,6.885389002053707,122.15136954770696,6.894450157212488,0.59465456,False
cell_0027_0005,122.14680379194289,6.908009575437195,122.14227013374375,6.903478970933264,122.15133736070828,6.9125401619983,1.1637552,False
cell_0027_0006,122.14678756917276,6.917054563681148,122.1422538140224,6.912523950184669,122.15132123477422,6.921585159197335,1.7968125,False
cell_0027_0007,122.14677132466055,6.9260995484584305,122.1422374724426,6.921568925971232,122.15130508721427,6.930630152927857,0.6848367,False
cell_0027_0008,122.1467550584041,6.935144529764588,122.14222110900225,6.930613898288503,122.1512889180265,6.939675143185425,1.2754335,False
cell_0027_0009,122.14673877040143,6.944189507595175,122.1422047236994,6.939658867132038,122.15127272720879,6.9487201299655945,1.9816402,False
cell_0027_0010,122.1467224606505,6.953234481945758,122.14218831653189,6.948703832497394,122.15125651475918,6.957765113263922,3.0517516,False
cell_0027_0011,122.14670612914925,6.962279452811877,122.14217188749772,6.95774879438012,122.15124028067561,6.966810093075963,1.7838166,False
cell_0027_0012,122.14668977589567,6.971324420189101,122.14215543659485,6.966793752775777,122.15122402495602,6.975855069397269,1.9866848,False
cell_0027_0013,122.14667340088765,6.9803693840729775,122.14213896382115,6.975838707679916,122.15120774759843,6.984900042223405,1.6958525,False
cell_0027_0014,122.14665700412318,6.989414344459062,122.14212246917464,6.9848836590880925,122.15119144860076,6.993945011549922,1.4529753,False
cell_0027_0015,122.14664058560024,6.99845930134292,122.14210595265318,6.9939286069958655,122.15117512796097,7.00298997737238,1.1444087,False
cell_0027_0016,122.14662414531672,7.0075042547201,122.14208941425476,7.002973551398788,122.15115878567704,7.012034939686337,1.0937912,False
cell_0027_0017,122.14660768327056,7.0165492045861635,122.14207285397724,7.0120184922924205,122.1511424217469,7.02107989848735,1.1853695,False
cell_0027_0018,122.1465911994597,7.025594150936665,122.1420562718186,7.021063429672317,122.15112603616849,7.0301248537709755,1.9295099,False
cell_0027_0019,122.14657469388207,7.03463909376717,122.14203966777673,7.030108363534037,122.15110962893976,7.03916980553278,1.1058344,False
cell_0027_0020,122.14655816653563,7.0436840330732275,122.14202304184958,7.039153293873137,122.15109320005868,7.0482147537683115,1.064424,False
cell_0027_0021,122.1465416174183,7.052728968850405,122.14200639403504,7.048198220685175,122.15107674952314,7.057259698473138,1.422892,False
cell_0027_0022,122.14652504652796,7.061773901094256,122.14198972433101,7.057243143965709,122.15106027733114,7.066304639642818,1.1005789,False
cell_0027_0023,122.14650845386257,7.07081882980034,122.14197303273544,7.066288063710301,122.15104378348057,7.07534957727291,1.1546395,False
cell_0027_0024,122.14649183942007,7.079863754964219,122.1419563192462,7.075332979914506,122.1510272679694,7.084394511358975,1.0249316,False
cell_0027_0025,122.14647520319835,7.088908676581457,122.14193958386122,7.084377892573887,122.15101073079549,7.093439441896572,0.9798321,False
cell_0027_0026,122.14645854519534,7.097953594647602,122.14192282657838,7.0934228016839995,122.15099417195687,7.102484368881266,1.7149551,False
cell_0027_0027,122.14644186540889,7.106998509158228,122.1419060473956,7.102467707240409,122.15097759145135,7.111529292308617,1.1913946,False
cell_0027_0028,122.14642516383698,7.116043420108892,122.14188924631075,7.111512609238673,122.15096098927694,7.120574212174186,1.1574583,False
cell_0027_0029,122.14640844047747,7.125088327495153,122.14187242332173,7.120557507674354,122.15094436543151,7.1296191284735375,1.4521114,False
cell_0027_0030,122.14639169532835,7.134133231312574,122.14185557842649,7.12960240254301,122.15092771991297,7.13866404120223,1.0370101,False
cell_0027_0031,122.1463749283874,7.1431781315567235,122.1418387116228,7.138647293840206,122.15091105271927,7.147708950355833,1.283923,False
cell_0027_0032,122.14635813965255,7.152223028223152,122.14182182290864,7.147692181561502,122.1508943638483,7.156753855929907,1.0623932,False
cell_0027_0033,122.14634132912174,7.1612679213074335,122.14180491228187,7.156737065702462,122.15087765329795,7.16579875792001,2.0404637,False
cell_0027_0034,122.14632449679286,7.170312810805127,122.14178797974036,7.1657819462586465,122.15086092106617,7.1748436563217135,0.9690258,False
cell_0027_0035,122.14630764266373,7.179357696711795,122.14177102528197,7.174826823225622,122.15084416715081,7.183888551130582,0.9219151,False
cell_0027_0036,122.1462907667323,7.1884025790230055,122.14175404890459,7.183871696598946,122.15082739154978,7.192933442342174,1.5804932,False
cell_0027_0037,122.14627386899647,7.197447457734319,122.1417370506061,7.192916566374188,122.150810594261,7.20197832995206,1.3563665,False
cell_0027_0038,122.14625694945403,7.206492332841305,122.14172003038432,7.20196143254691,122.15079377528235,7.211023213955806,0.99470794,False
cell_0027_0039,122.14624000810291,7.215537204339521,122.14170298823718,7.2110062951126785,122.15077693461171,7.2200680943489735,0.9670677,False
cell_0027_0040,122.146223044941,7.224582072224541,122.1416859241625,7.220051154067052,122.15076007224697,7.229112971127132,1.0906233,False
cell_0027_0041,122.14620605996615,7.233626936491927,122.14166883815815,7.229096009405603,122.15074318818601,7.238157844285848,1.1277679,False
cell_0027_0042,122.14618905317624,7.24267179713724,122.141651730222,7.238140861123893,122.15072628242675,7.247202713820687,1.2358434,False
cell_0027_0043,122.14617202456908,7.251716654156057,122.14163460035186,7.247185709217489,122.15070935496699,7.256247579727217,1.2494662,False
cell_0027_0044,122.14615497414265,7.260761507543941,122.14161744854563,7.256230553681957,122.15069240580468,7.265292442001005,1.2085173,False
cell_0027_0045,122.14613790189468,7.269806357296453,122.14160027480115,7.265275394512864,122.15067543493768,7.274337300637623,1.2699097,False
cell_0028_0002,122.15590284092146,6.880890641257587,122.15136954770696,6.876360138605989,122.16043604508353,6.885421125965181,0.87948847,False
cell_0028_0003,122.15588685472116,6.889935661171113,122.15135346501852,6.885405149634601,122.1604201552562,6.894466154726143,0.8045386,False
cell_0028_0005,122.15585481780195,6.908025690636025,122.15132123477422,6.903495161335205,122.16038831143169,6.912556201880414,1.0379137,False
cell_0028_0006,122.15583876707899,6.917070700178523,122.15130508721427,6.9125401619983,122.1603723574305,6.921601220264834,1.9096156,False
cell_0028_0007,122.15582269484445,6.926115706255117,122.1512889180265,6.921585159197335,122.16035638203402,6.930646235181513,1.2209253,False
cell_0028_0008,122.15580660109636,6.9351607088613685,122.15127272720879,6.930630152927857,122.16034038524029,6.939691246626013,1.3365024,False
cell_0028_0009,122.15579048583267,6.944205707992828,122.15125651475918,6.939675143185425,122.16032436704725,6.948736254593889,1.2993964,False
cell_0028_0010,122.15577434905136,6.953250703645061,122.15124028067561,6.9487201299655945,122.16030832745294,6.957781259080698,1.4207709,False
cell_0028_0011,122.15575819075036,6.962295695813613,122.15122402495602,6.957765113263922,122.16029226645531,6.966826260081994,1.4216931,False
cell_0028_0012,122.15574201092774,6.971340684494044,122.15120774759843,6.966810093075963,122.16027618405236,6.975871257593339,1.1614267,False
cell_0028_0013,122.15572580958141,6.980385669681917,122.15119144860076,6.975855069397269,122.16026008024208,6.984916251610288,1.3050578,False
cell_0028_0014,122.15570958670936,6.98943065137278,122.15117512796097,6.984900042223405,122.16024395502247,6.9939612421284,1.8242211,False
cell_0028_0015,122.15569334230953,6.998475629562197,122.15115878567704,6.993945011549922,122.16022780839147,7.0030062291432325,1.9354254,False
cell_0028_0016,122.15567707637993,7.007520604245727,122.1511424217469,7.00298997737238,122.16021164034709,7.012051212650345,1.2978365,False
cell_0028_0017,122.1556607889185,7.016565575418924,122.15112603616849,7.012034939686337,122.16019545088729,7.021096192645296,1.2288843,False
cell_0028_0018,122.15564447992318,7.025610543077351,122.15110962893976,7.02107989848735,122.16017924001002,7.030141169123647,1.3067788,False
cell_0028_0019,122.15562814939194,7.034655507216562,122.15109320005868,7.0301248537709755,122.1601630077133,7.0391861420809585,1.2398887,False
cell_0028_0020,122.15561179732275,7.043700467832125,122.15107674952314,7.03916980553278,122.16014675399504,7.048231111512786,1.5854942,False
cell_0028_0021,122.15559542371354,7.05274542491959,122.15106027733114,7.0482147537683115,122.16013047885323,7.057276077414694,1.1427935,False
cell_0028_0022,122.15557902856222,7.061790378474522,122.15104378348057,7.057259698473138,122.16011418228584,7.066321039782244,1.289608,False
cell_0028_0023,122.15556261186681,7.07083532849248,122.1510272679694,7.066304639642818,122.16009786429079,7.075365998610991,1.175385,False
cell_0028_0024,122.1555461736252,7.079880274969035,122.15101073079549,7.07534957727291,122.16008152486604,7.084410953896508,1.0215762,False
cell_0028_0025,122.15552971383534,7.088925217899726,122.15099417195687,7.084394511358975,122.1600651640096,7.093455905634345,1.033301,False
cell_0028_0026,122.15551323249518,7.097970157280141,122.15097759145135,7.093439441896572,122.16004878171934,7.102500853820072,0.96536183,False
cell_0028_0027,122.15549672960265,7.107015093105823,122.15096098927694,7.102484368881266,122.16003237799326,7.111545798449247,1.1545761,False
cell_0028_0028,122.15548020515568,7.116060025372339,122.15094436543151,7.111529292308617,122.1600159528293,7.120590739517437,1.139579,False
cell_0028_0029,122.15546365915216,7.12510495407526,122.15092771991297,7.120574212174186,122.15999950622533,7.129635677020203,1.1212306,False
cell_0028_0030,122.15544709159008,7.134149879210136,122.15091105271927,7.1296191284735375,122.15998303817939,7.13868061095311,1.0824397,False
cell_0028_0031,122.15543050246731,7.1431948007725365,122.1508943638483,7.13866404120223,122.15996654868935,7.147725541311722,0.9861254,False
cell_0028_0032,122.15541389178179,7.1522397187580316,122.15087765329795,7.147708950355833,122.15995003775315,7.1567704680916036,1.0361421,False
cell_0028_0033,122.15539725953141,7.161284633162171,122.15086092106617,7.156753855929907,122.15993350536874,7.165815391288318,0.9449111,False
cell_0028_0034,122.15538060571417,7.170329543980534,122.15084416715081,7.16579875792001,122.159916951534,7.174860310897431,1.156469,False
cell_0028_0035,122.15536393032787,7.179374451208677,122.15082739154978,7.1748436563217135,122.15990037624692,7.183905226914509,1.0127283,False
cell_0028_0036,122.15534723337046,7.188419354842162,122.150810594261,7.183888551130582,122.15988377950538,7.192950139335116,0.9683191,False
cell_0028_0037,122.15533051483989,7.197464254876564,122.15079377528235,7.192933442342174,122.15986716130729,7.20199504815482,1.7283839,False
cell_0028_0038,122.15531377473395,7.206509151307443,122.15077693461171,7.20197832995206,122.15985052165058,7.211039953369186,1.010929,False
cell_0028_0039,122.15529701305071,7.215554044130371,122.15076007224697,7.211023213955806,122.15983386053317,7.220084854973785,0.9515928,False
cell_0028_0040,122.15528022978789,7.224598933340904,122.15074318818601,7.2200680943489735,122.15981717795297,7.229129752964179,1.3736007,False
cell_0028_0041,122.15526342494351,7.233643818934619,122.15072628242675,7.229112971127132,122.15980047390786,7.2381746473359385,1.5884223,False
cell_0028_0042,122.15524659851539,7.242688700907077,122.15070935496699,7.238157844285848,122.15978374839578,7.24721953808463,1.6212243,False
cell_0028_0043,122.15522975050143,7.2517335792538455,122.15069240580468,7.247202713820687,122.1597670014146,7.256264425205827,1.5376799,False
cell_0028_0044,122.15521288089955,7.260778453970497,122.15067543493768,7.256247579727217,122.15975023296221,7.265309308695089,1.3839433,False
cell_0028_0045,122.15519598970762,7.269823325052602,122.15065844236382,7.265292442001005,122.15973344303653,7.27435418854799,0.81090784,False
cell_0029_0003,122.16493755868309,6.889951562410349,122.16040424403958,6.885421125965181,122.16947078419476,6.894481980760436,3.0014536,False
cell_0029_0004,122.16492172256528,6.898996599941234,122.16038831143169,6.894466154726143,122.16945504445194,6.9035270270237685,2.0562193,False
cell_0029_0006,122.16488998649673,6.917086664629835,122.16035638203402,6.912556201880414,122.16942350148207,6.921617109171732,1.2202098,False
cell_0029_0008,122.16485816530424,6.935176715457902,122.16032436704725,6.930646235181513,122.16939187385337,6.939707177451803,0.9970145,False
cell_0029_0009,122.16484222278152,6.9442217356631275,122.16030832745294,6.939691246626013,122.169376028287,6.948752206380272,0.9140787,False
cell_0029_0010,122.16482625897184,6.953266752389894,122.16029226645531,6.948736254593889,122.16936016154999,6.957797231828442,1.2746031,False
cell_0029_0011,122.16481027387317,6.962311765633753,122.16027618405236,6.957781259080698,122.16934427364033,6.966842253791868,1.3559401,False
cell_0029_0012,122.16479426748349,6.97135677539027,122.16026008024208,6.966826260081994,122.16932836455601,6.975887272266109,0.88600093,False
cell_0029_0013,122.1647782398009,6.98040178165499,122.16024395502247,6.975871257593339,122.16931243429511,6.984932287246727,1.6234593,False
cell_0029_0014,122.16476219082327,6.989446784423485,122.16022780839147,6.984916251610288,122.16929648285556,6.99397729872928,1.3920883,False
cell_0029_0015,122.16474612054864,6.998491783691307,122.16021164034709,6.9939612421284,122.16928051023538,7.0030223067093225,1.3755317,False
cell_0029_0016,122.16473002897499,7.0075367794540195,122.16019545088729,7.0030062291432325,122.16926451643256,7.012067311182422,1.1040095,False
cell_0029_0017,122.1647139161003,7.016581771707176,122.16017924001002,7.012051212650345,122.16924850144514,7.021112312144136,1.8074752,False
cell_0029_0018,122.16469778192257,7.025626760446343,122.1601630077133,7.021096192645296,122.16923246527105,7.030157309590023,1.485021,False
cell_0029_0019,122.16468162643976,7.034671745667077,122.16014675399504,7.030141169123647,122.16921640790834,7.039202303515646,1.0615315,False
cell_0029_0020,122.16466544964987,7.043716727364937,122.16013047885323,7.0391861420809585,122.16920032935496,7.048247293916563,1.241353,False
cell_0029_0021,122.1646492515508,7.052761705535486,122.16011418228584,7.048231111512786,122.16918422960889,7.057292280788339,1.0614027,False
cell_0029_0022,122.1646330321406,7.0618066801742865,122.16009786429079,7.057276077414694,122.16916810866813,7.066337264126535,1.3607367,False
cell_0029_0023,122.1646167914172,7.0708516512769,122.16008152486604,7.066321039782244,122.16915196653066,7.075382243926715,1.013012,False
cell_0029_0024,122.16460052937856,7.079896618838884,122.1600651640096,7.075365998610991,122.16913580319445,7.08442722018444,0.94597477,False
cell_0029_0025,122.16458424602267,7.088941582855809,122.16004878171934,7.084410953896508,122.16911961865746,7.0934721928952715,0.9932351,False
cell_0029_0026,122.16456794134743,7.097986543323228,122.16003237799326,7.093455905634345,122.16910341291768,7.102517162054776,1.1420926,False
cell_0029_0027,122.16455161535087,7.107031500236709,122.1600159528293,7.102500853820072,122.16908718597307,7.111562127658514,1.3864543,False
cell_0029_0028,122.1645352680309,7.116076453591819,122.15999950622533,7.111545798449247,122.16907093782159,7.1206070897020535,1.1438117,False
cell_0029_0029,122.16451889938544,7.125121403384115,122.15998303817939,7.120590739517437,122.1690546684612,7.129652048180956,1.2436703,False
cell_0029_0030,122.1645025094125,7.134166349609163,122.15996654868935,7.129635677020203,122.16903837788989,7.138697003090785,1.0047555,False
cell_0029_0031,122.16448609810998,7.1432112922625315,122.15995003775315,7.13868061095311,122.16902206610557,7.147741954427109,1.0198053,False
cell_0029_0032,122.16446966547586,7.152256231339781,122.15993350536874,7.147725541311722,122.16900573310622,7.156786902185493,0.97112787,False
cell_0029_0033,122.16445321150802,7.1613011668364805,122.159916951534,7.1567704680916036,122.16898937888979,7.165831846361499,0.9667419,False
cell_0029_0034,122.16443673620448,7.170346098748185,122.15990037624692,7.165815391288318,122.16897300345425,7.1748767869506995,0.9979056,False
cell_0029_0035,122.16442023956307,7.179391027070476,122.15988377950538,7.174860310897431,122.1689566067975,7.1839217239486555,1.1126901,False
cell_0029_0036,122.1644037215818,7.188435951798911,122.15986716130729,7.183905226914509,122.1689401889175,7.192966657350937,0.9583323,False
cell_0029_0037,122.1643871822586,7.197480872929055,122.15985052165058,7.192950139335116,122.16892374981221,7.202011587153109,1.8139713,False
cell_0029_0038,122.16437062159133,7.206525790456476,122.15983386053317,7.20199504815482,122.16890728947955,7.211056513350743,1.1804814,False
cell_0029_0039,122.16435403957797,7.215570704376747,122.15981717795297,7.211039953369186,122.16889080791745,7.220101435939403,1.6298738,False
cell_0029_0040,122.16433743621643,7.224615614685427,122.15980047390786,7.220084854973785,122.16887430512388,7.229146354914655,1.209869,False
cell_0029_0041,122.16432081150458,7.2336605213780905,122.15978374839578,7.229129752964179,122.16885778109669,7.238191270272079,1.2435962,False
cell_0029_0042,122.16430416544041,7.242705424450306,122.1597670014146,7.2381746473359385,122.16884123583388,7.247236182007232,1.0357109,False
cell_0029_0043,122.16428749802175,7.251750323897641,122.15975023296221,7.24721953808463,122.16882466933335,7.25628109011569,1.1335998,False
cell_0029_0044,122.16427080924655,7.260795219715657,122.15973344303653,7.256264425205827,122.16880808159304,7.265325994593017,1.0708516,False
cell_0029_0045,122.16425409911274,7.269840111899929,122.15971663163548,7.265309308695089,122.16879147261082,7.274370895434788,0.66737634,False
cell_0029_0050,122.16417022799057,7.315064518160118,122.15963225242511,7.310533671507387,122.16870810899844,7.319595344955267,0.7105002,False
cell_0029_0051,122.16415338966078,7.324109388448911,122.1596153121272,7.319578533112033,122.16869137252107,7.328640223890686,0.50471467,False
cell_0029_0052,122.16413652995762,7.333154255072959,122.15959835033908,7.328623391053741,122.16867461478714,7.337685099159552,0.98709136,False
cell_0029_0053,122.16411964887894,7.342199118027833,122.15958136705859,7.337668245328082,122.16865783579458,7.346729970757432,1.1846371,False
cell_0029_0054,122.16410274642269,7.351243977309104,122.15956436228359,7.346713095930627,122.16864103554128,7.355774838679905,1.6969647,False
cell_0029_0055,122.16408582258666,7.360288832912345,122.15954733601198,7.35575794285695,122.16862421402513,7.364819702922542,0.9574348,False
cell_0029_0056,122.1640688773688,7.369333684833133,122.1595302882416,7.364802786102621,122.16860737124401,7.3738645634809155,1.0203866,False
cell_0029_0057,122.16405191076693,7.378378533067037,122.15951321897029,7.373847625663218,122.16859050719582,7.382909420350599,0.66514766,False
cell_0030_0003,122.17398828391998,6.889967292282772,122.16945504445194,6.885436931043462,122.17852143429208,6.894497635313403,1.3062993,False
cell_0030_0008,122.1739097507971,6.935192549552198,122.169376028287,6.930662145047474,122.17844338363513,6.939722935660815,0.7581413,False
cell_0030_0009,122.17389398101737,6.944237590604081,122.16936016154999,6.939707177451803,122.1784277106974,6.948767985322763,1.5409167,False
cell_0030_0010,122.17387819018131,6.953282628178265,122.16934427364033,6.948752206380272,122.17841201681968,6.957813031505171,2.055335,False
cell_0030_0011,122.17386237828693,6.962327662270309,122.16932836455601,6.957797231828442,122.17839630199998,6.966858074203593,1.3407432,False
cell_0030_0012,122.1738465453323,6.971372692875763,122.16931243429511,6.966842253791868,122.17838056623633,6.975903113413594,1.2547717,False
cell_0030_0013,122.17383069131535,6.980417719990201,122.16929648285556,6.975887272266109,122.17836480952674,6.984948149130732,1.2806182,False
cell_0030_0014,122.17381481623417,6.989462743609171,122.16928051023538,6.984932287246727,122.17834903186926,6.993993181350568,1.5425702,False
cell_0030_0015,122.17379892008677,6.998507763728246,122.16926451643256,6.99397729872928,122.17833323326188,7.003038210068659,1.2735229,False
cell_0030_0016,122.17378300287109,7.007552780342965,122.16924850144514,7.0030223067093225,122.17831741370269,7.012083235280571,1.2288237,False
cell_0030_0017,122.17376706458519,7.016597793448913,122.16923246527105,7.012067311182422,122.17830157318963,7.0211282569818625,1.7773138,False
cell_0030_0018,122.17375110522707,7.025642803041628,122.16921640790834,7.021112312144136,122.17828571172076,7.030173275168095,1.3364606,False
cell_0030_0019,122.17373512479469,7.03468780911669,122.16920032935496,7.030157309590023,122.17826982929404,7.03921828983483,1.3302553,False
cell_0030_0020,122.1737191232861,7.043732811669654,122.16918422960889,7.039202303515646,122.17825392590755,7.048263300977631,1.137373,False
cell_0030_0021,122.17370310069927,7.052777810696076,122.16916810866813,7.048247293916563,122.17823800155925,7.057308308592061,1.1894246,False
cell_0030_0022,122.17368705703221,7.061822806191522,122.16915196653066,7.057292280788339,122.17822205624717,7.066353312673684,1.4881499,False
cell_0030_0023,122.17367099228281,7.07086779815156,122.16913580319445,7.066337264126535,122.17820608996928,7.075398313218059,1.0020748,False
cell_0030_0024,122.1736549064492,7.079912786571751,122.16911961865746,7.075382243926715,122.17819010272359,7.084443310220753,0.9775559,False
cell_0030_0025,122.1736387995293,7.0889577714476495,122.16910341291768,7.08442722018444,122.17817409450814,7.093488303677331,0.95327216,False
cell_0030_0026,122.17362267152103,7.098002752774829,122.16908718597307,7.0934721928952715,122.17815806532083,7.102533293583354,1.1680547,False
cell_0030_0027,122.1736065224225,7.107047730548852,122.16907093782159,7.102517162054776,122.17814201515974,7.11157827993439,1.3579574,False
cell_0030_0028,122.17359035223154,7.11609270476528,122.1690546684612,7.111562127658514,122.1781259440228,7.120623262726001,1.8278856,False
cell_0030_0029,122.17357416094622,7.125137675419675,122.16903837788989,7.1206070897020535,122.17810985190802,7.1296682419537545,1.7598181,False
cell_0030_0030,122.1735579485645,7.134182642507616,122.16902206610557,7.129652048180956,122.17809373881336,7.138713217613217,1.0628524,False
cell_0030_0031,122.1735417150843,7.14322760602465,122.16900573310622,7.138697003090785,122.17807760473684,7.147758189699952,0.9450501,False
cell_0030_0032,122.17352546050358,7.152272565966354,122.16898937888979,7.147741954427109,122.17806144967639,7.156803158209529,0.8927845,False
cell_0030_0033,122.17350918482036,7.16131752232829,122.16897300345425,7.156786902185493,122.17804527363,7.165848123137514,0.93668145,False
cell_0030_0034,122.17349288803258,7.170362475106034,122.1689566067975,7.165831846361499,122.17802907659565,7.174893084479472,0.9719122,False
cell_0030_0035,122.1734765701382,7.17940742429514,122.1689401889175,7.1748767869506995,122.17801285857131,7.183938042230973,1.0992792,False
cell_0030_0036,122.17346023113512,7.188452369891178,122.16892374981221,7.1839217239486555,122.17799661955495,7.192982996387584,1.1119488,False
cell_0030_0037,122.17344387102135,7.1974973118897205,122.16890728947955,7.192966657350937,122.17798035954449,7.202027946944876,1.2363299,False
cell_0030_0038,122.1734274897948,7.206542250286332,122.16889080791745,7.202011587153109,122.17796407853794,7.211072893898413,1.0323293,False
cell_0030_0039,122.17341108745343,7.215587185076584,122.16887430512388,7.211056513350743,122.17794777653322,7.220117837243765,1.4901822,False
cell_0030_0040,122.17339466399524,7.224632116256042,122.16885778109669,7.220101435939403,122.17793145352834,7.229162776976503,1.298234,False
cell_0030_0041,122.17337821941803,7.233677043820275,122.16884123583388,7.229146354914655,122.17791510952118,7.238207713092199,0.95923734,False
cell_0030_0042,122.17336175371983,7.2427219677648536,122.16882466933335,7.238191270272079,122.17789874450973,7.247252645586418,1.0277573,False
cell_0030_0043,122.1733452668986,7.251766888085346,122.16880808159304,7.247236182007232,122.17788235849193,7.2562975744547344,1.5144155,False
cell_0030_0044,122.1733287589522,7.260811804777327,122.16879147261082,7.25628109011569,122.17786595146572,7.265342499692713,1.2032855,False
cell_0030_0045,122.17331222987859,7.269856717836362,122.16877484238464,7.265325994593017,122.17784952342905,7.274387421295933,0.8004217,False
cell_0030_0046,122.1732956796757,7.278901627258021,122.1687581909124,7.274370895434788,122.17783307437986,7.283432339259963,0.87999237,False
cell_0030_0047,122.17327910834143,7.28794653303788,122.16874151819202,7.283415792636575,122.17781660431605,7.292477253580372,1.0583706,False
cell_0030_0048,122.17326251587374,7.2969914351715115,122.16872482422139,7.292460686193944,122.17780011323559,7.301522164252734,0.892326,False
cell_0030_0049,122.17324590227051,7.306036333654475,122.16870810899844,7.301505576102467,122.17778360113641,7.310567071272625,0.9261005,False
cell_0030_0050,122.17322926752966,7.315081228482359,122.16869137252107,7.310550462357718,122.1777670680164,7.319611974635612,1.0393846,False
cell_0030_0051,122.17321261164913,7.324126119650727,122.16867461478714,7.319595344955267,122.17775051387353,7.328656874337274,0.96443915,False
cell_0030_0052,122.17319593462678,7.333171007155154,122.16865783579458,7.328640223890686,122.1777339387057,7.33770177037318,1.0186199,False
cell_0030_0053,122.17317923646057,7.342215890991213,122.16864103554128,7.337685099159552,122.17771734251082,7.346746662738904,2.3781083,False
cell_0030_0054,122.17316251714836,7.351260771154479,122.16862421402513,7.346729970757432,122.17770072528681,7.355791551430024,2.748894,False
cell_0030_0055,122.17314577668807,7.360305647640528,122.16860737124401,7.355774838679905,122.17768408703161,7.364836436442116,2.1852362,False
cell_0030_0056,122.17312901507762,7.369350520444922,122.16859050719582,7.364819702922542,122.17766742774313,7.3738813177707465,0.97307134,False
cell_0030_0057,122.17311223231486,7.378395389563256,122.16857362187841,7.3738645634809155,122.17765074741921,7.382926195411502,0.77049965,False
cell_0030_0058,122.1730954283977,7.387440254991092,122.16855671528967,7.382909420350599,122.17763404605783,7.391971069359953,0.936391,False
cell_0030_0059,122.17307860332403,7.396485116724003,122.1685397874275,7.3919542735271735,122.17761732365686,7.401015939611673,0.5949784,False
cell_0030_0060,122.17306175709173,7.405529974757571,122.16852283828977,7.400999123006207,122.17760058021422,7.410060806162243,0.7304474,False
cell_0031_0005,122.18300802351415,6.908073005310758,122.17847466669836,6.903542702306435,122.18754129103938,6.912603289917823,0.9083579,False
cell_0031_0006,122.18299248894469,6.917118077386374,122.17845903563477,6.912587765842136,122.18752585284876,6.921648370495864,1.8871794,False
cell_0031_0009,122.18294576030951,6.944253272813721,122.17841201681968,6.939722935660815,122.18747941404783,6.948783591419402,1.1318078,False
cell_0031_0010,122.18293014244905,6.9532983310082,122.17839630199998,6.948767985322763,122.18746389303136,6.9578286581089195,1.4254665,False
cell_0031_0011,122.18291450376097,6.962343385721292,122.17838056623633,6.957813031505171,122.18744835130359,6.966873721315208,0.801703,False
cell_0031_0012,122.18289884424331,6.971388436948562,122.17836480952674,6.966858074203593,122.18743278886252,6.975918781033824,0.85730183,False
cell_0031_0013,122.18288316389409,6.980433484685565,122.17834903186926,6.975903113413594,122.18741720570627,6.984963837260332,1.193969,False
cell_0031_0014,122.18286746271131,6.989478528927862,122.17833323326188,6.984948149130732,122.18740160183283,6.994008889990292,1.1246793,False
cell_0031_0015,122.1828517406931,6.998523569671013,122.17831741370269,6.993993181350568,122.18738597724025,7.003053939219263,1.2671304,False
cell_0031_0016,122.18283599783743,7.007568606910586,122.17830157318963,7.003038210068659,122.18737033192662,7.012098984942811,1.2616167,False
cell_0031_0017,122.18282023414228,7.016613640642129,122.17828571172076,7.012083235280571,122.18735466588994,7.021144027156496,2.1751516,False
cell_0031_0018,122.18280444960577,7.025658670861223,122.17826982929404,7.0211282569818625,122.18733897912823,7.0301890658558825,1.1330369,False
cell_0031_0019,122.18278864422588,7.034703697563414,122.17825392590755,7.030173275168095,122.18732327163956,7.039234101036532,1.2885828,False
cell_0031_0020,122.18277281800059,7.043748720744266,122.17823800155925,7.03921828983483,122.18730754342197,7.048279132694004,1.5492396,False
cell_0031_0021,122.18275697092794,7.052793740399352,122.17822205624717,7.048263300977631,122.18729179447341,7.05732416082387,2.1828046,False
cell_0031_0022,122.18274110300602,7.061838756524229,122.17820608996928,7.057308308592061,122.18727602479198,7.066369185421691,1.4980103,False
cell_0031_0023,122.18272521423275,7.070883769114464,122.17819010272359,7.066353312673684,122.1872602343757,7.075414206483027,1.0305492,False
cell_0031_0024,122.18270930460613,7.079928778165612,122.17817409450814,7.075398313218059,122.18724442322257,7.08445922400345,0.9250165,False
cell_0031_0025,122.18269337412421,7.088973783673252,122.17815806532083,7.084443310220753,122.1872285913306,7.093504237978519,1.4558748,False
cell_0031_0026,122.18267742278498,7.098018785632931,122.17814201515974,7.093488303677331,122.18721273869782,7.102549248403801,1.0820795,False
cell_0031_0027,122.18266145058647,7.107063784040229,122.1781259440228,7.102533293583354,122.18719686532224,7.1115942552748646,1.369351,False
cell_0031_0028,122.18264545752659,7.116108778890708,122.17810985190802,7.11157827993439,122.18718097120184,7.120639258587272,1.1899868,False
cell_0031_0029,122.18262944360342,7.125153770179927,122.17809373881336,7.120623262726001,122.18716505633469,7.129684258336592,1.1846988,False
cell_0031_0030,122.18261340881493,7.13419875790346,122.17807760473684,7.1296682419537545,122.18714912071873,7.138729254518392,1.0524976,False
cell_0031_0031,122.18259735315905,7.1432437420568675,122.17806144967639,7.138713217613217,122.187133164352,7.147774247128238,0.97946405,False
cell_0031_0032,122.18258127663384,7.152288722635723,122.17804527363,7.147758189699952,122.18711718723247,7.156819236161696,1.1007636,False
cell_0031_0033,122.1825651792373,7.161333699635591,122.17802907659565,7.156803158209529,122.18710118935816,7.165864221614336,0.99026644,False
cell_0031_0034,122.18254906096733,7.170378673052033,122.17801285857131,7.165848123137514,122.18708517072707,7.174909203481727,0.9734849,False
cell_0031_0035,122.18253292182197,7.179423642880624,122.17799661955495,7.174893084479472,122.18706913133715,7.183954181759436,0.9542863,False
cell_0031_0036,122.18251676179918,7.188468609116933,122.17798035954449,7.183938042230973,122.18705307118644,7.19299915644303,1.1182239,False
cell_0031_0037,122.18250058089687,7.197513571756522,122.17796407853794,7.192982996387584,122.18703699027289,7.202044127528081,1.0099226,False
cell_0031_0038,122.18248437911309,7.2065585307949656,122.17794777653322,7.202027946944876,122.18702088859449,7.211089095010162,1.6414492,False
cell_0031_0039,122.18246815644581,7.21560348622783,122.17793145352834,7.211072893898413,122.1870047661492,7.220134058884836,1.415942,False
cell_0031_0040,122.18245191289294,7.224648438050691,122.17791510952118,7.220117837243765,122.18698862293505,7.229179019147677,1.2172725,False
cell_0031_0041,122.18243564845245,7.233693386259107,122.17789874450973,7.229162776976503,122.18697245894997,7.238223975794257,2.6365924,False
cell_0031_0042,122.18241936312236,7.242738330848663,122.17788235849193,7.238207713092199,122.18695627419191,7.2472689288201435,3.2580996,False
cell_0031_0043,122.18240305690058,7.251783271814918,122.17786595146572,7.247252645586418,122.18694006865891,7.2563138782209124,3.9059436,False
cell_0031_0044,122.18238672978502,7.260828209153447,122.17784952342905,7.2562975744547344,122.18692384234889,7.265358823992131,1.6102812,False
cell_0031_0045,122.18237038177372,7.2698731428598204,122.17783307437986,7.265342499692713,122.18690759525981,7.2744037661293754,2.5296898,False
cell_0031_0046,122.18235401286458,7.278918072929617,122.17781660431605,7.274387421295933,122.18689132738966,7.283448704628215,1.4980543,False
cell_0031_0047,122.18233762305556,7.287962999358398,122.17780011323559,7.283432339259963,122.18687503873637,7.292493639484223,1.1026037,False
cell_0031_0048,122.18232121234453,7.297007922141739,122.17778360113641,7.292477253580372,122.18685872929791,7.301538570692978,0.98829854,False
cell_0031_0049,122.18230478072954,7.306052841275225,122.1777670680164,7.301522164252734,122.1868423990722,7.310583498250048,1.0343274,False
cell_0031_0050,122.18228832820847,7.315097756754411,122.17775051387353,7.310567071272625,122.18682604805724,7.319628422151002,1.7246088,False
cell_0031_0051,122.1822718547793,7.324142668574882,122.1777339387057,7.319611974635612,122.18680967625097,7.3286733423914265,1.4681468,False
cell_0031_0052,122.18225536043987,7.333187576732211,122.17771734251082,7.328656874337274,122.1867932836513,7.337718258966891,2.4140472,False
cell_0031_0053,122.18223884518818,7.34223248122197,122.17770072528681,7.33770177037318,122.18677687025618,7.346763171872966,2.233826,False
cell_0031_0054,122.18222230902215,7.351277382039729,122.17768408703161,7.346746662738904,122.18676043606358,7.355808081105234,2.2778885,False
cell_0031_0055,122.18220575193968,7.360322279181073,122.17766742774313,7.355791551430024,122.1867439810714,7.364852986659269,2.098195,False
cell_0031_0056,122.18218917393872,7.369367172641578,122.17765074741921,7.364836436442116,122.18672750527762,7.373897888530643,1.8200407,False
cell_0031_0057,122.18217257501718,7.378412062416805,122.17763404605783,7.3738813177707465,122.18671100868012,7.382942786714933,1.9158955,False
cell_0031_0058,122.18215595517296,7.387456948502346,122.17761732365686,7.382926195411502,122.18669449127684,7.3919876812077225,3.4304278,False
cell_0031_0059,122.182139314404,7.39650183089377,122.17760058021422,7.391971069359953,122.18667795306573,7.401032572004583,1.0316117,False
cell_0031_0060,122.18212265270813,7.405546709586659,122.17758381572777,7.401015939611673,122.18666139404468,7.410077459101096,1.7044449,False
cell_0031_0061,122.18210597008336,7.414591584576582,122.17756703019543,7.410060806162243,122.18664481421166,7.419122342492834,1.525227,False
cell_0031_0062,122.18208926652756,7.423636455859122,122.1775502236151,7.419105669007241,122.18662821356453,7.42816722217538,0.8744269,False
cell_0032_0007,122.19202838841004,6.926178614690632,122.18749491435494,6.921648370495864,122.19656177297989,6.930708840299543,0.806018,False
cell_0032_0008,122.19201298471522,6.9352237002262465,122.18747941404783,6.9306934476084345,122.19654646578218,6.939753934220701,0.8265845,False
cell_0032_0013,122.1919356573063,6.980449075739126,122.18740160183283,6.975918781033824,122.19646962260296,6.984979351633579,0.61912465,False
cell_0032_0014,122.19192013002397,6.989494140377591,122.18738597724025,6.984963837260332,122.19645419251555,6.994024424646501,1.5666044,False
cell_0032_0015,122.1919045821369,6.998539201517661,122.18737033192662,6.994008889990292,122.19643874193974,7.003069494159181,1.2716146,False
cell_0032_0016,122.19188901364316,7.0075842591549,122.18735466588994,7.003053939219263,122.19642327087361,7.012114560167187,0.8862115,False
cell_0032_0017,122.19187342454082,7.016629313284876,122.18733897912823,7.012098984942811,122.19640777931525,7.0211596226660795,1.8783479,False
cell_0032_0018,122.19185781482787,7.02567436390314,122.18732327163956,7.021144027156496,122.19639226726271,7.030204681651423,1.4508898,False
cell_0032_0019,122.19184218450242,7.034719411005266,122.18730754342197,7.0301890658558825,122.19637673471401,7.03924973711878,1.1688576,False
cell_0032_0020,122.19182653356243,7.043764454586809,122.18729179447341,7.039234101036532,122.19636118166727,7.048294789063716,1.2623425,False
cell_0032_0021,122.19181086200601,7.052809494643344,122.18727602479198,7.048279132694004,122.19634560812045,7.057339837481798,1.1708679,False
cell_0032_0022,122.19179516983118,7.0618545311704235,122.1872602343757,7.05732416082387,122.19633001407169,7.0663848823685855,1.317383,False
cell_0032_0023,122.19177945703596,7.070899564163618,122.18724442322257,7.066369185421691,122.19631439951898,7.075429923719647,1.0335273,False
cell_0032_0024,122.19176372361838,7.079944593618494,122.1872285913306,7.075414206483027,122.19629876446037,7.084474961530551,1.161656,False
cell_0032_0025,122.19174796957647,7.088989619530612,122.18721273869782,7.08445922400345,122.1962831088939,7.093519995796858,1.0350893,False
cell_0032_0026,122.19173219490825,7.098034641895546,122.18719686532224,7.093504237978519,122.19626743281759,7.102565026514136,1.1244508,False
cell_0032_0027,122.19171639961172,7.10707966070885,122.18718097120184,7.102549248403801,122.19625173622953,7.111610053677954,1.2327312,False
cell_0032_0028,122.19170058368496,7.1161246759661,122.18716505633469,7.1115942552748646,122.19623601912768,7.12065507728388,1.1100469,False
cell_0032_0029,122.19168474712593,7.125169687662864,122.18714912071873,7.120639258587272,122.19622028151012,7.129700097327478,1.0449696,False
cell_0032_0030,122.1916688899327,7.134214695794699,122.187133164352,7.129684258336592,122.19620452337489,7.138745113804316,1.1766095,False
cell_0032_0031,122.19165301210323,7.1432597003571825,122.18711718723247,7.138729254518392,122.19618874471996,7.147790126709966,1.0311426,False
cell_0032_0032,122.19163711363552,7.152304701345877,122.18710118935816,7.147774247128238,122.19617294554335,7.156835136039993,1.1589279,False
cell_0032_0033,122.19162119452761,7.161349698756353,122.18708517072707,7.156819236161696,122.19615712584313,7.165880141789967,1.0841097,False
cell_0032_0034,122.1916052547775,7.17039469258418,122.18706913133715,7.165864221614336,122.19614128561729,7.1749251439554556,1.1213921,False
cell_0032_0035,122.19158929438315,7.1794396828249205,122.18705307118644,7.174909203481727,122.19612542486384,7.183970142532034,1.1481657,False
cell_0032_0036,122.19157331334263,7.188484669474149,122.18703699027289,7.183954181759436,122.19610954358077,7.193015137515264,1.2951126,False
cell_0032_0037,122.1915573116539,7.1975296525274395,122.18702088859449,7.19299915644303,122.19609364176611,7.202060128900721,1.2238839,False
cell_0032_0038,122.19154128931494,7.206574631980355,122.1870047661492,7.202044127528081,122.1960777194179,7.211105116683975,1.6380403,False
cell_0032_0039,122.19152524632372,7.215619607828465,122.18698862293505,7.211089095010162,122.19606177653408,7.220150100860599,1.3311405,False
cell_0032_0040,122.19150918267829,7.224664580067349,122.18697245894997,7.220134058884836,122.19604581311266,7.229195081426159,1.0411936,False
cell_0032_0041,122.19149309837655,7.233709548692569,122.18695627419191,7.229179019147677,122.19602982915168,7.238240058376234,2.031067,False
cell_0032_0042,122.19147699341657,7.2427545136996985,122.18694006865891,7.238223975794257,122.1960138246491,7.247285031706388,1.6238585,False
cell_0032_0043,122.19146086779625,7.251799475084311,122.18692384234889,7.2472689288201435,122.1959977996029,7.256330001412199,3.3040018,False
cell_0032_0044,122.19144472151366,7.260844432841982,122.18690759525981,7.2563138782209124,122.19598175401109,7.2653749674892385,2.0585675,False
cell_0032_0045,122.1914285545667,7.269889386968273,122.18689132738966,7.265358823992131,122.19596568787168,7.274419929933079,2.9296143,False
cell_0032_0046,122.19141236695336,7.278934337458771,122.18687503873637,7.2744037661293754,122.19594960118259,7.2834648887392985,1.4736767,False
cell_0032_0047,122.19139615867158,7.287979284309041,122.18685872929791,7.283448704628215,122.19593349394185,7.292509843903463,2.2400804,False
cell_0032_0048,122.19137992971936,7.2970242275146555,122.1868423990722,7.292493639484223,122.19591736614744,7.301554795421151,1.1012293,False
cell_0032_0049,122.19136368009465,7.306069167071192,122.18682604805724,7.301538570692978,122.1959012177973,7.3105997432879395,1.0084836,False
cell_0032_0050,122.19134740979543,7.315114102974221,122.18680967625097,7.310583498250048,122.19588504888942,7.319644687499398,1.4280772,False
cell_0032_0051,122.19133111881963,7.324159035219322,122.1867932836513,7.319628422151002,122.19586885942178,7.328689628051103,1.2327373,False
cell_0032_0052,122.19131480716523,7.333203963802069,122.18677687025618,7.3286733423914265,122.19585264939234,7.337734564938638,1.7935457,False
cell_0032_0053,122.19129847483012,7.342248888718033,122.18676043606358,7.337718258966891,122.19583641879906,7.346779498157566,1.704487,False
cell_0032_0054,122.19128212181235,7.351293809962796,122.1867439810714,7.346763171872966,122.19582016763991,7.355824427703478,1.8430486,False
cell_0032_0055,122.1912657481098,7.3603387275319285,122.18672750527762,7.355808081105234,122.19580389591285,7.364869353571937,2.6125653,False
cell_0032_0056,122.19124935372042,7.369383641421014,122.18671100868012,7.364852986659269,122.19578760361581,7.373914275758532,2.4061835,False
cell_0032_0057,122.19123293864216,7.378428551625622,122.18669449127684,7.373897888530643,122.19577129074679,7.382959194258831,3.1843483,False
cell_0032_0058,122.19121650287296,7.387473458141329,122.18667795306573,7.382942786714933,122.19575495730372,7.392004109068417,5.248199,False
cell_0032_0059,122.19120004641076,7.396518360963726,122.18666139404468,7.3919876812077225,122.19573860328451,7.401049020182869,3.7571664,False
cell_0032_0060,122.19118356925347,7.405563260088368,122.18664481421166,7.401032572004583,122.19572222868719,7.410093927597759,2.726571,False
cell_0032_0061,122.19116707139908,7.414608155510858,122.18662821356453,7.410077459101096,122.19570583350962,7.419138831308678,1.3594866,False
cell_0032_0062,122.1911505528454,7.423653047226757,122.18661159210123,7.419122342492834,122.19568941774979,7.428183731311192,1.2848411,False
cell_0032_0063,122.19113401359047,7.432697935231654,122.18659494981968,7.42816722217538,122.19567298140561,7.43722862760089,1.4723734,False
cell_0033_0006,122.20109507467187,6.917148801935165,122.19656177297989,6.912618642054152,122.20562828702967,6.921678943154199,1.4054472,False
cell_0033_0007,122.20107986385582,6.9261939111019375,122.19654646578218,6.921663742909213,122.20561317248007,6.930724060595182,0.67082286,False
cell_0033_0008,122.20106463267925,6.9352390168021225,122.19653113810763,6.930708840299543,122.20559803768622,6.939769174567727,0.66179025,False
cell_0033_0009,122.20104938114021,6.944284119031288,122.19651578995436,6.939753934220701,122.20558288264615,6.948814285067395,0.80400354,False
cell_0033_0010,122.2010341092368,6.953329217784992,122.19650042132045,6.948799024668252,122.20556770735801,6.957859392089748,1.1181365,False
cell_0033_0016,122.20094205005755,7.00759973707398,122.19640777931525,7.003069494159181,122.20547623031285,7.012129960951764,1.1738021,False
cell_0033_0017,122.20092663554989,7.0166448113751905,122.19639226726271,7.012114560167187,122.20546091323477,7.021175043508675,1.7254722,False
cell_0033_0018,122.2009112006625,7.025689882165447,122.19637673471401,7.0211596226660795,122.20544557589331,7.030220122552778,1.1485302,False
cell_0033_0019,122.20089574539342,7.034734949440297,122.19636118166727,7.030204681651423,122.20543021828657,7.039265198079638,0.62970865,False
cell_0033_0020,122.20088026974074,7.0437800131953265,122.19634560812045,7.03924973711878,122.20541484041262,7.04831027008482,0.7633693,False
cell_0033_0021,122.20086477370249,7.052825073426085,122.19633001407169,7.048294789063716,122.2053994422695,7.057355338563891,0.734112,False
cell_0033_0022,122.20084925727676,7.061870130128143,122.19631439951898,7.057339837481798,122.20538402385533,7.06640040351242,1.3548796,False
cell_0033_0023,122.20083372046156,7.070915183297071,122.19629876446037,7.0663848823685855,122.20536858516813,7.075445464925965,1.7841091,False
cell_0033_0024,122.20081816325495,7.079960232928424,122.1962831088939,7.075429923719647,122.20535312620602,7.0844905228001,1.066463,False
cell_0033_0025,122.20080258565504,7.0890052790177815,122.19626743281759,7.084474961530551,122.205337646967,7.093535577130387,1.029847,False
cell_0033_0026,122.2007869876598,7.098050321560693,122.19625173622953,7.093519995796858,122.20532214744918,7.102580627912397,1.0949279,False
cell_0033_0027,122.2007713692673,7.1070953605527425,122.19623601912768,7.102565026514136,122.20530662765059,7.111625675141698,1.2242789,False
cell_0033_0028,122.20075573047559,7.116140395989492,122.19622028151012,7.111610053677954,122.20529108756925,7.120670718813857,1.0994978,False
cell_0033_0029,122.20074007128271,7.125185427866501,122.19620452337489,7.12065507728388,122.2052755272033,7.129715758924443,0.96123165,False
cell_0033_0030,122.20072439168669,7.134230456179355,122.19618874471996,7.129700097327478,122.2052599465507,7.138760795469021,1.0064862,False
cell_0033_0031,122.20070869168558,7.143275480923607,122.19617294554335,7.138745113804316,122.20524434560956,7.1478058284431665,0.98295736,False
cell_0033_0032,122.20069297127736,7.15232050209483,122.19615712584313,7.147790126709966,122.20522872437789,7.156850857842445,1.0452436,False
cell_0033_0033,122.2006772304601,7.161365519688597,122.19614128561729,7.156835136039993,122.20521308285372,7.165895883662426,0.99835145,False
cell_0033_0034,122.20066146923186,7.170410533700473,122.19612542486384,7.165880141789967,122.20519742103511,7.1749409058986835,0.94259584,False
cell_0033_0035,122.20064568759058,7.179455544126031,122.19610954358077,7.1749251439554556,122.20518173892009,7.183985924546783,1.1099532,False
cell_0033_0036,122.20062988553433,7.188500550960842,122.19609364176611,7.183970142532034,122.20516603650668,7.1930309396022984,1.1552505,False
cell_0033_0037,122.20061406306112,7.197545554200466,122.1960777194179,7.193015137515264,122.20515031379296,7.202075951060802,1.2362546,False
cell_0033_0038,122.20059822016898,7.2065905538404955,122.19606177653408,7.202060128900721,122.20513457077688,7.211120958917866,1.5065966,False
cell_0033_0039,122.20058235685586,7.2156355498764855,122.19604581311266,7.211105116683975,122.20511880745651,7.220165963169058,1.5845194,False
cell_0033_0040,122.20056647311986,7.2246805423040055,122.19602982915168,7.220150100860599,122.20510302382989,7.229210963809955,0.92072785,False
cell_0033_0041,122.20055056895893,7.2337255311186395,122.1960138246491,7.229195081426159,122.20508721989499,7.238255960836127,2.400406,False
cell_0033_0042,122.20053464437109,7.242770516315953,122.1959977996029,7.238240058376234,122.20507139564987,7.247300954243147,1.2972857,False
cell_0033_0043,122.20051869935432,7.25181549789152,122.19598175401109,7.247285031706388,122.20505555109251,7.256345944026592,0.9317102,False
cell_0033_0044,122.20050273390662,7.260860475840906,122.19596568787168,7.256330001412199,122.20503968622094,7.26539093018203,1.7712044,False
cell_0033_0045,122.20048674802602,7.269905450159699,122.19594960118259,7.2653749674892385,122.20502380103318,7.27443591270504,1.2592452,False
cell_0033_0046,122.2004707417105,7.278950420843467,122.19593349394185,7.274419929933079,122.20500789552719,7.283480891591196,1.1221944,False
cell_0033_0047,122.20045471495803,7.287995387887781,122.19591736614744,7.2834648887392985,122.20499196970101,7.29252586683607,3.101665,False
cell_0033_0048,122.20043866776663,7.297040351288216,122.1959012177973,7.292509843903463,122.20497602355266,7.3015708384352385,1.6343539,False
cell_0033_0049,122.20042260013426,7.306085311040348,122.19588504888942,7.301554795421151,122.20496005708011,7.310615806384279,2.5311356,False
cell_0033_0050,122.2004065120589,7.315130267139759,122.19586885942178,7.3105997432879395,122.20494407028134,7.3196607706787695,3.0881953,False
cell_0033_0051,122.20039040353859,7.324175219582011,122.19585264939234,7.319644687499398,122.2049280631544,7.328705731314277,3.065484,False
cell_0033_0052,122.20037427457119,7.33322016836269,122.19583641879906,7.328689628051103,122.2049120356972,7.337750688286389,1.4727007,False
cell_0033_0053,122.20035812515479,7.342265113477371,122.19582016763991,7.337734564938638,122.20489598790779,7.346795641590675,1.7385222,False
cell_0033_0054,122.20034195528733,7.351310054921629,122.19580389591285,7.346779498157566,122.20487991978413,7.355840591222717,0.5686877,False
cell_0033_0055,122.20032576496672,7.360354992691043,122.19578760361581,7.355824427703478,122.20486383132422,7.364885537178092,1.4572276,False
cell_0033_0056,122.20030955419101,7.369399926781188,122.19577129074679,7.364869353571937,122.20484772252601,7.373930479452379,2.6228426,False
cell_0033_0057,122.2002933229581,7.378444857187644,122.19575495730372,7.373914275758532,122.20483159338751,7.382975418041151,2.57021,False
cell_0033_0058,122.20027707126602,7.387489783905993,122.19573860328451,7.382959194258831,122.20481544390667,7.392020352939993,1.9856637,False
cell_0033_0059,122.20026079911263,7.396534706931796,122.19572222868719,7.392004109068417,122.20479927408148,7.401065284144482,2.1536937,False
cell_0033_0060,122.20024450649596,7.40557962626066,122.19570583350962,7.401049020182869,122.20478308390986,7.4101102116501965,2.1352658,False
cell_0033_0061,122.20022819341395,7.41462454188814,122.19568941774979,7.410093927597759,122.20476687338986,7.419155135452718,2.1740346,False
cell_0033_0062,122.20021185986454,7.423669453809826,122.19567298140561,7.419138831308678,122.20475064251939,7.428200055547631,4.104181,False
cell_0033_0063,122.2001955058457,7.4327143620213,122.19565652447505,7.428183731311192,122.20473439129638,7.4372449719305065,1.6295187,False
cell_0033_0064,122.20017913135534,7.441759266518138,122.195640046956,7.43722862760089,122.20471811971889,7.446289884596933,2.214528,True
cell_0034_0007,122.21013135966217,6.926209035230376,122.20559803768622,6.921678943154199,122.21466459222455,6.93073910849346,0.89349675,False
cell_0034_0008,122.21011630100568,6.935254160868029,122.20558288264615,6.930724060595182,122.21464962983643,6.9397842422902745,0.7806523,False
cell_0034_0009,122.21010122221742,6.9442992830353845,122.20556770735801,6.939769174567727,122.21463464743276,6.948829372614936,0.689497,False
cell_0034_0010,122.21008612329544,6.953344401728006,122.2055525118199,6.948814285067395,122.21461964501165,6.957874499463006,0.64184666,False
cell_0034_0011,122.21007100423788,6.962389516941461,122.20553729602989,6.957859392089748,122.21460462257123,6.966919622830054,0.5372466,False
cell_0034_0012,122.2100558650428,6.971434628671307,122.20552205998611,6.96690449563035,122.21458958010962,6.975964742711638,1.3806267,False
cell_0034_0013,122.21004070570838,6.980479736913111,122.2055068036866,6.975949595684759,122.21457451762494,6.985009859103323,1.2642918,False
cell_0034_0018,122.20996460687881,7.0257052256462,122.20543021828657,7.021175043508675,122.2144989047892,7.030235388558028,0.7363296,False
cell_0034_0019,122.20994932666807,7.034750312866583,122.20541484041262,7.030220122552778,122.21448372212632,7.039280483917182,1.0481173,False
cell_0034_0020,122.2099340263046,7.043795396567878,122.2053994422695,7.039265198079638,122.21446851942709,7.048325575755394,0.7348232,False
cell_0034_0021,122.20991870578644,7.0528404767456445,122.20538402385533,7.04831027008482,122.2144532966896,7.057370664068231,0.59952664,False
cell_0034_0022,122.20990336511173,7.061885553395457,122.20536858516813,7.057355338563891,122.21443805391195,7.06641574885126,0.7556392,False
cell_0034_0023,122.20988800427853,7.0709306265128715,122.20535312620602,7.06640040351242,122.21442279109223,7.075460830100049,1.9313191,False
cell_0034_0024,122.20987262328485,7.079975696093462,122.205337646967,7.075445464925965,122.21440750822855,7.084505907810165,1.8212149,False
cell_0034_0025,122.20985722212885,7.089020762132793,122.20532214744918,7.0844905228001,122.21439220531892,7.093550981977174,1.3363736,False
cell_0034_0026,122.20984180080858,7.098065824626435,122.20530662765059,7.093535577130387,122.21437688236149,7.102596052596648,1.2168202,False
cell_0034_0027,122.20982635932205,7.107110883569957,122.20529108756925,7.102580627912397,122.21436153935431,7.111641119664155,1.0986015,False
cell_0034_0028,122.2098108976674,7.116155938958919,122.2052755272033,7.111625675141698,122.21434617629549,7.120686183175261,0.9370223,False
cell_0034_0029,122.2097954158426,7.125200990788902,122.2052599465507,7.120670718813857,122.21433079318307,7.129731243125539,0.90347123,False
cell_0034_0030,122.2097799138458,7.134246039055462,122.20524434560956,7.129715758924443,122.2143153900151,7.138776299510557,0.9339571,False
cell_0034_0031,122.20976439167502,7.143291083754181,122.20522872437789,7.138760795469021,122.21429996678968,7.147821352325887,0.9218415,False
cell_0034_0032,122.20974884932828,7.152336124880621,122.20521308285372,7.1478058284431665,122.21428452350487,7.156866401567097,0.93576765,False
cell_0034_0033,122.20973328680364,7.161381162430356,122.20519742103511,7.156850857842445,122.21426906015873,7.16591144722976,1.1818004,False
cell_0034_0034,122.2097177040992,7.170426196398953,122.20518173892009,7.165895883662426,122.21425357674934,7.174956489309445,0.9940957,False
cell_0034_0035,122.20970210121297,7.1794712267819865,122.20516603650668,7.1749409058986835,122.21423807327473,7.184001527801727,1.2900715,False
cell_0034_0036,122.20968647814301,7.188516253575026,122.20515031379296,7.183985924546783,122.21422254973295,7.1930465627021745,1.009012,False
cell_0034_0037,122.20967083488733,7.197561276773643,122.20513457077688,7.1930309396022984,122.21420700612211,7.202091594006361,1.4937592,False
cell_0034_0038,122.20965517144397,7.206606296373408,122.20511880745651,7.202075951060802,122.21419144244018,7.211136621709861,1.4595864,False
cell_0034_0039,122.20963948781097,7.215651312369901,122.20510302382989,7.211120958917866,122.21417585868524,7.2201816458082435,0.965444,False
cell_0034_0040,122.20962378398639,7.224696324758683,122.20508721989499,7.220165963169058,122.21416025485537,7.229226666297087,0.9743577,False
cell_0034_0041,122.2096080599682,7.233741333535337,122.20507139564987,7.229210963809955,122.21414463094854,7.238271683171961,1.24331,False
cell_0034_0042,122.20959231575452,7.242786338695434,122.20505555109251,7.238255960836127,122.21412898696285,7.247316696428442,1.0933726,False
cell_0034_0043,122.20957655134328,7.251831340234539,122.20503968622094,7.247300954243147,122.21411332289634,7.256361706062103,0.99234027,False
cell_0034_0044,122.20956076673252,7.260876338148238,122.20502380103318,7.256345944026592,122.21409763874698,7.2654067120685175,0.99608797,False
cell_0034_0045,122.20954496192032,7.269921332432105,122.20500789552719,7.26539093018203,122.21408193451285,7.274451714443266,1.0077481,False
cell_0034_0046,122.20952913690459,7.278966323081704,122.20499196970101,7.27443591270504,122.214066210192,7.28349671318192,1.1771033,False
cell_0034_0047,122.20951329168346,7.288011310092617,122.20497602355266,7.283480891591196,122.2140504657824,7.292541708280056,1.0381486,False
cell_0034_0048,122.20949742625488,7.297056293460422,122.20496005708011,7.29252586683607,122.2140347012821,7.301586699733248,1.1163594,False
cell_0034_0049,122.20948154061686,7.306101273180692,122.20494407028134,7.3015708384352385,122.21401891668913,7.310631687537079,1.965496,False
cell_0034_0050,122.20946563476743,7.315146249249005,122.2049280631544,7.310615806384279,122.21400311200148,7.319676671687117,1.4773686,False
cell_0034_0051,122.20944970870457,7.324191221660938,122.2049120356972,7.3196607706787695,122.21398728721721,7.328721652178948,1.0739696,False
cell_0034_0052,122.20943376242626,7.333236190412065,122.20489598790779,7.328705731314277,122.2139714423343,7.3377666290081445,1.8548828,False
cell_0034_0053,122.20941779593056,7.342281155497963,122.20487991978413,7.337750688286389,122.21395557735077,7.346811602170286,3.4689689,False
cell_0034_0054,122.20940180921538,7.351326116914212,122.20486383132422,7.346795641590675,122.21393969226463,7.355856571660952,1.28463,False
cell_0034_0055,122.2093858022788,7.360371074656391,122.20484772252601,7.355840591222717,122.21392378707388,7.3649015374757205,1.9829304,False
cell_0034_0056,122.20936977511873,7.369416028720076,122.20483159338751,7.364885537178092,122.21390786177652,7.373946499610168,2.514559,False
cell_0034_0057,122.20935372773324,7.378460979100851,122.20481544390667,7.373930479452379,122.21389191637054,7.3829914580598786,1.1014872,False
cell_0034_0058,122.20933766012024,7.387505925794288,122.20479927408148,7.382975418041151,122.21387595085397,7.3920364128204294,1.1522533,False
cell_0034_0059,122.20932157227779,7.396550868795973,122.20478308390986,7.392020352939993,122.21385996522481,7.401081363887403,1.1117283,False
cell_0034_0060,122.20930546420377,7.405595808101477,122.20476687338986,7.401065284144482,122.213843959481,7.410126311256374,1.1263005,False
cell_0034_0061,122.20928933589624,7.414640743706392,122.20475064251939,7.4101102116501965,122.21382793362055,7.419171254922931,0.63515985,False
cell_0034_0062,122.20927318735312,7.423685675606292,122.20473439129638,7.419155135452718,122.21381188764148,7.428216194882655,3.7155442,False
cell_0034_0063,122.20925701857243,7.432730603796756,122.20471811971889,7.428200055547631,122.21379582154172,7.4372611311311205,1.851969,False
cell_0034_0064,122.2092408295521,7.441775528273375,122.20470182778477,7.4372449719305065,122.21377973531929,7.446306063663915,2.6358967,False
cell_0035_0008,122.21916798946397,6.93526913242208,122.21463464743276,6.93073910849346,122.2237012420022,6.939799137386474,1.729395,False
cell_0035_0009,122.21915308342834,6.944314274300505,122.21461964501165,6.9397842422902745,122.22368643223679,6.948844287309002,0.89302063,False
cell_0035_0010,122.21913815748967,6.95335941270492,122.21460462257123,6.948829372614936,122.22367160268459,6.957889433755654,0.71252054,False
cell_0035_0011,122.21912321164609,6.962404547630884,122.21458958010962,6.957874499463006,122.22365675334377,6.966934576722003,0.89671755,False
cell_0035_0012,122.21910824589573,6.971449679073965,122.21457451762494,6.966919622830054,122.22364188421244,6.975979716203606,1.0057187,False
cell_0035_0013,122.2190932602367,6.980494807029726,122.21455943511529,6.975964742711638,122.22362699528875,6.98502485219603,1.1044917,False
cell_0035_0023,122.21894230825592,7.070945893809106,122.21440750822855,7.06641574885126,122.22347701706033,7.075476019239991,1.191859,False
cell_0035_0024,122.21892710347716,7.079990983111689,122.21439220531892,7.075460830100049,122.22346191029696,7.084521116558834,1.9289012,False
cell_0035_0025,122.21891187876697,7.089036068873738,122.21437688236149,7.084505907810165,122.22344678371869,7.093566210335306,2.2260299,False
cell_0035_0026,122.21889663412358,7.098081151090841,122.21436153935431,7.093550981977174,122.22343163732357,7.102611300564969,1.1032064,False
cell_0035_0027,122.21888136954497,7.107126229758554,122.21434617629549,7.102596052596648,122.22341647110974,7.111656387243402,1.0333878,False
cell_0035_0028,122.21886608502929,7.1161713048724575,122.21433079318307,7.111641119664155,122.2234012850753,7.120701470366171,1.0451391,False
cell_0035_0029,122.21885078057457,7.125216376428113,122.2143153900151,7.120686183175261,122.22338607921834,7.129746549928846,0.9388801,False
cell_0035_0030,122.21883545617888,7.1342614444210914,122.21429996678968,7.129731243125539,122.22337085353693,7.138791625926997,0.8862214,False
cell_0035_0031,122.21882011184034,7.143306508846965,122.21428452350487,7.138776299510557,122.2233556080292,7.1478366983561985,0.95299435,False
cell_0035_0032,122.21880474755706,7.15235156970131,122.21426906015873,7.147821352325887,122.22334034269319,7.1568817672120195,0.9021724,False
cell_0035_0033,122.21878936332705,7.161396626979683,122.21425357674934,7.156866401567097,122.22332505752705,7.165926832490031,0.9967558,False
cell_0035_0034,122.21877395914836,7.17044168067767,122.21423807327473,7.16591144722976,122.22330975252879,7.174971894185809,1.3469846,False
cell_0035_0035,122.2187585350191,7.179486730790839,122.21422254973295,7.174956489309445,122.22329442769652,7.1840169522949235,1.0921862,False
cell_0035_0036,122.21874309093738,7.188531777314753,122.21420700612211,7.184001527801727,122.22327908302834,7.193062006812947,1.4007733,False
cell_0035_0037,122.21872762690118,7.1975768202450014,122.21419144244018,7.1930465627021745,122.22326371852229,7.202107057735452,1.3208158,False
cell_0035_0038,122.21871214290857,7.206621859577145,122.21417585868524,7.202091594006361,122.22324833417647,7.211152105058015,1.2983227,False
cell_0035_0039,122.21869663895765,7.215666895306756,122.21416025485537,7.211136621709861,122.22323292998894,7.220197148776209,1.0179757,False
cell_0035_0040,122.21868111504645,7.224711927429419,122.21414463094854,7.2201816458082435,122.22321750595776,7.229242188885605,1.2607915,False
cell_0035_0041,122.21866557117303,7.233756955940697,122.21412898696285,7.229226666297087,122.22320206208099,7.238287225381784,0.927136,False
cell_0035_0042,122.21865000733547,7.242801980836171,122.21411332289634,7.238271683171961,122.22318659835669,7.247332258260316,1.0372307,False
cell_0035_0043,122.21863442353173,7.251847002111417,122.21409763874698,7.247316696428442,122.22317111478296,7.256377287516779,1.2998705,False
cell_0035_0044,122.21861881975993,7.260892019762,122.21408193451285,7.256361706062103,122.22315561135781,7.265422313146748,0.96175826,False
cell_0035_0045,122.21860319601807,7.269937033783504,122.214066210192,7.2654067120685175,122.2231400880793,7.274467335145796,0.9633257,False
cell_0035_0046,122.21858755230417,7.278982044171501,122.2140504657824,7.274451714443266,122.22312454494552,7.283512353509506,0.90167135,False
cell_0035_0047,122.21857188861635,7.288027050921578,122.2140347012821,7.28349671318192,122.22310898195445,7.292557368233451,0.9894024,False
cell_0035_0048,122.21855620495258,7.297072054029296,122.21401891668913,7.292541708280056,122.22309339910421,7.301602379313208,0.9067371,False
cell_0035_0049,122.2185405013109,7.30611705349024,122.21400311200148,7.301586699733248,122.22307779639281,7.310647386744357,0.9849488,False
cell_0035_0050,122.21852477768935,7.315162049299986,122.21398728721721,7.310631687537079,122.22306217381828,7.319692390522473,1.0324998,False
cell_0035_0051,122.21850903408594,7.3242070414541125,122.2139714423343,7.319676671687117,122.22304653137867,7.328737390643135,1.182186,False
cell_0035_0052,122.21849327049874,7.333252029948197,122.21395557735077,7.328721652178948,122.22303086907203,7.337782387101924,1.3752751,False
cell_0035_0053,122.2184774869257,7.342297014777814,122.21393969226463,7.3377666290081445,122.22301518689639,7.346827379894411,3.5896797,False
cell_0035_0054,122.2184616833649,7.351341995938549,122.21392378707388,7.346811602170286,122.22299948484974,7.355872369016191,2.4500418,True
cell_0035_0055,122.21844585981432,7.360386973425978,122.21390786177652,7.355856571660952,122.22298376293016,7.36491735446283,2.9831777,False
cell_0035_0056,122.21843001627194,7.3694319472356815,122.21389191637054,7.3649015374757205,122.22296802113564,7.373962336229913,1.9378234,False
cell_0035_0057,122.21841415273583,7.378476917363236,122.21387595085397,7.373946499610168,122.22295225946421,7.383007314313019,1.1094515,False
cell_0035_0058,122.21839826920403,7.387521883804224,122.21385996522481,7.3829914580598786,122.22293647791392,7.392052288707731,1.1759303,False
cell_0035_0059,122.21838236567444,7.396566846554229,122.213843959481,7.3920364128204294,122.22292067648276,7.4010972594096325,1.0470879,False
cell_0035_0060,122.21836644214513,7.405611805608827,122.21382793362055,7.401081363887403,122.22290485516875,7.4101422264142975,1.2095971,False
cell_0035_0061,122.21835049861406,7.414656760963599,122.21381188764148,7.410126311256374,122.22288901396989,7.419187189717312,1.2618799,True
cell_0035_0062,122.2183345350793,7.423701712614137,122.21379582154172,7.419171254922931,122.22287315288422,7.42823214931426,1.7033315,False
cell_0035_0063,122.21831855153879,7.432746660556007,122.21377973531929,7.428216194882655,122.22285727190975,7.4372771052007245,1.7110915,False
cell_0035_0064,122.21830254799049,7.4417916047847985,122.21376362897219,7.4372611311311205,122.22284137104444,7.446322057372288,3.5196548,False
cell_0035_0065,122.21828652443246,7.450836545296101,122.21374750249834,7.446306063663915,122.22282545028632,7.455367005824531,3.3246384,False
cell_0036_0009,122.22820496454227,6.944329092824787,122.22367160268459,6.939799137386474,122.2327382368276,6.948859029147736,1.3298099,False
cell_0036_0010,122.22819021158881,6.953374250713856,122.22365675334377,6.948844287309002,122.23272358014616,6.9579041949658365,0.7386029,False
cell_0036_0011,122.22817543896109,6.962419405125196,122.22364188421244,6.957889433755654,122.23270890390677,6.966949357304338,0.684878,False
cell_0036_0012,122.22816064665729,6.971464556054361,122.22362699528875,6.966934576722003,122.2326942081076,6.9759945161588055,0.9425981,False
cell_0036_0013,122.22814583467559,6.980509703496921,122.22361208657084,6.975979716203606,122.23267949274678,6.985039671524808,0.7105139,False
cell_0036_0014,122.22813100301408,6.989554847448444,122.22359715805683,6.98502485219603,122.23266475782248,6.994084823397911,1.126035,False
cell_0036_0024,122.22798160360078,7.080006093981195,122.22344678371869,7.075476019239991,122.23251633218031,7.08453614904422,1.5859609,False
cell_0036_0025,122.22796655533843,7.089051199238716,122.22343163732357,7.084521116558834,122.23250138193525,7.093581262202884,1.9717485,False
cell_0036_0026,122.22795148737379,7.098096300952009,122.22341647110974,7.093566210335306,122.23248641210435,7.102626371815468,1.291307,False
cell_0036_0027,122.22793639970499,7.107141399116641,122.2234012850753,7.102611300564969,122.2324714226858,7.111671477877546,1.8483431,False
cell_0036_0028,122.2279212923302,7.116186493728195,122.22338607921834,7.111656387243402,122.23245641367764,7.120716580384686,1.16475,False
cell_0036_0029,122.22790616524742,7.125231584782233,122.22337085353693,7.120701470366171,122.23244138507806,7.12976167933246,1.119252,False
cell_0036_0030,122.22789101845483,7.134276672274327,122.2233556080292,7.129746549928846,122.23242633688513,7.138806774716438,1.3116748,False
cell_0036_0031,122.22787585195047,7.143321756200045,122.22334034269319,7.138791625926997,122.23241126909699,7.1478518665321955,0.94970083,False
cell_0036_0032,122.22786066573254,7.152366836554967,122.22332505752705,7.1478366983561985,122.23239618171169,7.156896954775302,1.5382646,False
cell_0036_0033,122.22784545979906,7.161411913334663,122.22330975252879,7.1568817672120195,122.23238107472741,7.165942039441331,1.2116493,False
cell_0036_0034,122.22783023414807,7.1704569865347,122.22329442769652,7.165926832490031,122.23236594814225,7.174987120525858,1.307624,False
cell_0036_0035,122.22781498877777,7.179502056150653,122.22327908302834,7.174971894185809,122.23235080195425,7.184032198024455,0.94306266,False
cell_0036_0036,122.22779972368618,7.188547122178101,122.22326371852229,7.1840169522949235,122.23233563616157,7.193077271932695,1.0598263,False
cell_0036_0037,122.22778443887141,7.197592184612612,122.22324833417647,7.193062006812947,122.23232045076227,7.202122342246152,1.1711515,False
cell_0036_0038,122.22776913433151,7.206637243449761,122.22323292998894,7.202107057735452,122.23230524575447,7.211167408960404,1.3345819,False
cell_0036_0039,122.22775381006464,7.215682298685122,122.22321750595776,7.211152105058015,122.23229002113627,7.2202124720710215,1.550252,False
cell_0036_0040,122.22773846606877,7.224727350314267,122.22320206208099,7.220197148776209,122.23227477690574,7.229257531573581,1.205512,False
cell_0036_0041,122.22772310234203,7.233772398332781,122.22318659835669,7.229242188885605,122.23225951306092,7.238302587463661,0.94375527,False
cell_0036_0042,122.22770771888248,7.242817442736228,122.22317111478296,7.238287225381784,122.23224422959998,7.247347639736834,1.2265263,False
cell_0036_0043,122.22769231568826,7.251862483520189,122.22315561135781,7.247332258260316,122.23222892652099,7.256392688388682,1.7714217,False
cell_0036_0044,122.22767689275729,7.260907520680242,122.2231400880793,7.256377287516779,122.23221360382198,7.265437733414774,2.0639262,False
cell_0036_0045,122.22766145008778,7.269952554211956,122.22312454494552,7.265422313146748,122.23219826150105,7.27448277481069,1.1862535,False
cell_0036_0046,122.22764598767773,7.278997584110917,122.22310898195445,7.274467335145796,122.23218289955629,7.28352781257201,1.005657,False
cell_0036_0047,122.22763050552514,7.288042610372695,122.22309339910421,7.283512353509506,122.23216751798574,7.292572846694312,0.92974335,False
cell_0036_0048,122.22761500362817,7.2970876329928736,122.22307779639281,7.292557368233451,122.23215211678749,7.301617877173168,0.9658257,False
cell_0036_0049,122.22759948198481,7.306132651967026,122.22306217381828,7.301602379313208,122.23213669595961,7.310662904004164,1.0520586,False
cell_0036_0050,122.22758394059315,7.315177667290731,122.22304653137867,7.310647386744357,122.23212125550016,7.319707927182873,1.0647447,False
cell_0036_0051,122.2275683794512,7.324222678959564,122.22303086907203,7.319692390522473,122.2321057954072,7.3287529467048795,0.9628823,False
cell_0036_0052,122.22755279855703,7.333267686969119,122.22301518689639,7.328737390643135,122.23209031567875,7.337797962565763,1.5857444,False
cell_0036_0053,122.22753719790869,7.342312691314958,122.22299948484974,7.337782387101924,122.23207481631296,7.346842974761094,1.8960788,False
cell_0036_0054,122.22752157750416,7.3513576919926615,122.22298376293016,7.346827379894411,122.2320592973078,7.355887983286466,1.2188103,False
cell_0036_0055,122.22750593734158,7.3604026889978265,122.22296802113564,7.355872369016191,122.23204375866133,7.364932988137456,2.9308257,False
cell_0036_0056,122.22749027741892,7.369447682326019,122.22295225946421,7.36491735446283,122.23202820037164,7.373977989309638,3.3003302,False
cell_0036_0057,122.2274745977342,7.378492671972818,122.22293647791392,7.373962336229913,122.23201262243676,7.3830229867986,1.7382454,False
cell_0036_0058,122.22745889828552,7.387537657933812,122.22292067648276,7.383007314313019,122.23199702485472,7.392067980599925,0.86185694,False
cell_0036_0059,122.22744317907085,7.396582640204585,122.22290485516875,7.392052288707731,122.23198140762355,7.401112970709189,0.95288223,False
cell_0036_0060,122.22742744008822,7.405627618780711,122.22288901396989,7.4010972594096325,122.23196577074134,7.410157957121981,1.3589706,False
cell_0036_0061,122.2274116813357,7.414672593657774,122.22287315288422,7.4101422264142975,122.23195011420607,7.419202939833879,1.5946933,False
cell_0036_0062,122.22739590281121,7.423717564831356,122.22285727190975,7.419187189717312,122.23193443801581,7.42824791884047,1.5695004,False
cell_0036_0063,122.22738010451287,7.4327625322970485,122.22284137104444,7.42823214931426,122.23191874216855,7.437292894137334,1.305181,False
cell_0036_0064,122.22736428643867,7.441807496050425,122.22282545028632,7.4372771052007245,122.23190302666237,7.446337865720061,1.2954363,False
cell_0036_0065,122.22734844858658,7.450852456087073,122.2228095096334,7.446322057372288,122.23188729149525,7.455382833584227,2.24023,False
cell_0036_0066,122.22733259095465,7.45989741240258,122.22279354908363,7.455367005824531,122.23187153666524,7.464427797725426,2.5461965,False
cell_0036_0067,122.22731671354089,7.468942364992522,122.22277756863508,7.464411950553041,122.23185576217037,7.473472758139234,0.6630238,False
cell_0037_0009,122.23725686532862,6.944343738606395,122.23272358014616,6.939813859854476,122.24179006097452,6.948873598129315,1.1011685,False
cell_0037_0010,122.23724228536213,6.953388915752983,122.23270890390677,6.948859029147736,122.2417755771657,6.957918783091716,1.4033936,False
cell_0037_0011,122.23722768595212,6.962434089422545,122.2326942081076,6.9579041949658365,122.2417610740296,6.966963964575222,1.2085533,False
cell_0037_0012,122.23721306709676,6.9714792596106445,122.23267949274678,6.966949357304338,122.2417465515644,6.976009142575398,0.981492,False
cell_0037_0013,122.23719842879423,6.980524426312846,122.23266475782248,6.9759945161588055,122.2417320097683,6.985054317087811,0.9778037,False
cell_0037_0014,122.23718377104264,6.989569589524718,122.23265000333284,6.985039671524808,122.24171744863945,6.994099488108029,0.99135447,False
cell_0037_0024,122.2370361234248,7.080021028700115,122.23250138193525,7.075491032343903,122.24157077364761,7.084551005264451,1.4388082,False
cell_0037_0025,122.23702125161208,7.089066153225836,122.23248641210435,7.08453614904422,122.24155599973764,7.093596137578042,1.272237,False
cell_0037_0026,122.23700636032811,7.098111274208047,122.2324714226858,7.093581262202884,122.24154120647285,7.1026412663462715,1.1258857,False
cell_0037_0027,122.2369914495711,7.107156391642331,122.23245641367764,7.102626371815468,122.2415263938514,7.111686391564709,1.0855103,False
cell_0037_0028,122.23697651933902,7.116201505524242,122.23244138507806,7.111671477877546,122.24151156187145,7.120731513228929,1.143985,False
cell_0037_0029,122.23696156963014,7.125246615849369,122.23242633688513,7.120716580384686,122.24149671053112,7.1297766313345,1.2742336,False
cell_0037_0030,122.23694660044254,7.134291722613272,122.23241126909699,7.12976167933246,122.24148183982855,7.138821745876997,1.1841844,False
cell_0037_0031,122.23693161177431,7.143336825811527,122.23239618171169,7.138806774716438,122.24146694976187,7.147866856851992,1.1076777,False
cell_0037_0032,122.23691660362357,7.152381925439711,122.23238107472741,7.1478518665321955,122.2414520403292,7.156911964255058,1.2951128,False
cell_0037_0033,122.23690157598851,7.161427021493386,122.23236594814225,7.156896954775302,122.24143711152871,7.165957068081769,1.1300063,False
cell_0037_0034,122.23688652886715,7.170472113968141,122.23235080195425,7.165942039441331,122.24142216335848,7.175002168327702,1.1849065,False
cell_0037_0035,122.23687146225771,7.179517202859536,122.23233563616157,7.174987120525858,122.24140719581668,7.184047264988429,0.8433734,False
cell_0037_0036,122.23685637615817,7.188562288163157,122.23232045076227,7.184032198024455,122.24139220890139,7.193092358059523,0.99455464,False
cell_0037_0037,122.23684127056676,7.197607369874566,122.23230524575447,7.193077271932695,122.24137720261078,7.202137447536563,1.0322783,False
cell_0037_0038,122.2368261454815,7.20665244798935,122.23229002113627,7.202122342246152,122.2413621769429,7.211182533415127,2.1441917,False
cell_0037_0039,122.23681100090054,7.215697522503073,122.23227477690574,7.211167408960404,122.24134713189594,7.22022761569078,1.4909301,False
cell_0037_0040,122.23679583682197,7.224742593411324,122.23225951306092,7.2202124720710215,122.24133206746794,7.229272694359108,1.038204,False
cell_0037_0041,122.23678065324384,7.233787660709665,122.23224422959998,7.229257531573581,122.24131698365706,7.238317769415685,0.9285472,False
cell_0037_0042,122.23676545016431,7.242832724393679,122.23222892652099,7.238302587463661,122.24130188046138,7.247362840856088,1.1153992,False
cell_0037_0043,122.23675022758145,7.251877784458947,122.23221360382198,7.247347639736834,122.24128675787901,7.256407908675896,1.010009,False
cell_0037_0044,122.23673498549334,7.260922840901038,122.23219826150105,7.256392688388682,122.24127161590808,7.26545297287068,1.40786,False
cell_0037_0045,122.23671972389808,7.2699678937155285,122.23218289955629,7.265437733414774,122.24125645454664,7.274498033436025,2.340856,False
cell_0037_0046,122.23670444279372,7.279012942898009,122.23216751798574,7.27448277481069,122.24124127379281,7.283543090367509,0.9544258,False
cell_0037_0047,122.2366891421784,7.288057988444048,122.23215211678749,7.28352781257201,122.24122607364471,7.292588143660705,1.3063695,False
cell_0037_0048,122.23667382205014,7.2971030303492155,122.23213669595961,7.292572846694312,122.24121085410042,7.3016331933112,1.0503128,False
cell_0037_0049,122.23665848240705,7.30614806860911,122.23212125550016,7.301617877173168,122.24119561515798,7.310678239314573,1.0946507,False
cell_0037_0050,122.23664312324719,7.315193103219296,122.2321057954072,7.310662904004164,122.24118035681553,7.319723281666392,1.1286829,False
cell_0037_0051,122.23662774456865,7.3242381341753635,122.23209031567875,7.319707927182873,122.24116507907114,7.328768320362252,1.3168769,False
cell_0037_0052,122.23661234636948,7.333283161472879,122.23207481631296,7.3287529467048795,122.2411497819229,7.337813355397727,1.3552448,False
cell_0037_0053,122.23659692864778,7.3423281851074345,122.2320592973078,7.337797962565763,122.24113446536887,7.346858386768394,1.2651154,False
cell_0037_0054,122.23658149140155,7.3513732050746095,122.23204375866133,7.346842974761094,122.24111912940712,7.355903414469843,1.2414532,False
cell_0037_0055,122.23656603462891,7.360418221369976,122.23202820037164,7.355887983286466,122.24110377403578,7.364948438497653,2.660466,False
cell_0037_0056,122.2365505583279,7.369463233989129,122.23201262243676,7.364932988137456,122.24108839925285,7.3739934588474005,3.6158028,False
cell_0037_0057,122.23653506249659,7.378508242927638,122.23199702485472,7.373977989309638,122.24107300505645,7.383038475514673,1.0423862,False
cell_0037_0058,122.23651954713299,7.387553248181092,122.23198140762355,7.3830229867986,122.24105759144463,7.392083488495055,1.1290141,False
cell_0037_0059,122.23650401223519,7.396598249745069,122.23196577074134,7.392067980599925,122.24104215841544,7.401128497784126,4.024204,False
cell_0037_0060,122.23648845780123,7.405643247615163,122.23195011420607,7.401112970709189,122.24102670596695,7.410173503377468,2.9389706,False
cell_0037_0061,122.23647288382917,7.414688241786938,122.23193443801581,7.410157957121981,122.24101123409726,7.419218505270671,2.0260732,False
cell_0037_0062,122.23645729031702,7.423733232255998,122.23191874216855,7.419202939833879,122.24099574280434,7.428263503459315,4.036468,False
cell_0037_0063,122.23644167726285,7.432778219017909,122.23190302666237,7.42824791884047,122.24098023208633,7.437308497938985,2.9209166,False
cell_0037_0064,122.23642604466467,7.441823202068268,122.23188729149525,7.437292894137334,122.24096470194122,7.446353488705264,1.0647366,False
cell_0037_0065,122.23641039252057,7.45086818140266,122.23187153666524,7.446337865720061,122.24094915236708,7.455398475753741,1.4203709,False
cell_0037_0066,122.2363947208285,7.459913157016656,122.23185576217037,7.455382833584227,122.24093358336201,7.464443459080005,2.0702243,False
cell_0037_0067,122.23637902958657,7.468958128905856,122.23183996800863,7.464427797725426,122.24091799492396,7.473488438679632,1.0031583,False
cell_0037_0068,122.23636331879275,7.478003097065839,122.23182415417804,7.473472758139234,122.24090238705102,7.482533414548216,0.642606,False
cell_0038_0010,122.24629437857902,6.953403407820473,122.2417610740296,6.948873598129315,122.25082759351251,6.957933198131484,1.5702221,False
cell_0038_0011,122.24627995238855,6.962448600521115,122.2417465515644,6.957918783091716,122.25081326348152,6.966978398532843,1.2233136,False
cell_0038_0012,122.24626550698345,6.971493789740992,122.2417320097683,6.966963964575222,122.25079891435212,6.976023595451567,1.1623993,False
cell_0038_0013,122.2462510423619,6.980538975475674,122.24171744863945,6.976009142575398,122.25078454612253,6.985068788883223,1.1908007,False
cell_0038_0014,122.24623655852204,6.989584157720722,122.24170286817603,6.985054317087811,122.25077015879097,6.994113978823378,1.2143773,False
cell_0038_0026,122.24606125275558,7.098126070857108,122.2415263938514,7.093596137578042,122.25059602019799,7.102655984155529,1.162237,False
cell_0038_0027,122.2460465189121,7.107171207333751,122.24151156187145,7.1026412663462715,122.25058138437554,7.111701128303043,1.3050927,False
cell_0038_0028,122.24603176582475,7.116216340258736,122.24149671053112,7.111686391564709,122.25056672942564,7.120746268897044,1.0641901,False
cell_0038_0029,122.24601699349157,7.125261469627652,122.24148183982855,7.120731513228929,122.2505520553464,7.12979140593311,1.155109,False
cell_0038_0030,122.24600220191083,7.134306595436061,122.24146694976187,7.1297766313345,122.25053736213606,7.138836539406811,1.6354942,False
cell_0038_0031,122.24598739108058,7.143351717679538,122.2414520403292,7.138821745876997,122.25052264979273,7.147881669313724,0.9010898,False
cell_0038_0032,122.245972560999,7.152396836353652,122.24143711152871,7.147866856851992,122.25050791831455,7.156926795649422,0.952902,False
cell_0038_0033,122.24595771166422,7.161441951453989,122.24142216335848,7.156911964255058,122.2504931676997,7.165971918409478,1.1072016,False
cell_0038_0034,122.24594284307442,7.170487062976113,122.24140719581668,7.165957068081769,122.25047839794632,7.175017037589469,1.0387185,False
cell_0038_0035,122.24592795522764,7.1795321709156035,122.24139220890139,7.175002168327702,122.25046360905259,7.184062153184972,0.89439344,False
cell_0038_0036,122.24591304812212,7.188577275268031,122.24137720261078,7.184047264988429,122.25044880101659,7.193107265191561,0.87535614,False
cell_0038_0037,122.2458981217559,7.197622376028982,122.2413621769429,7.193092358059523,122.2504339738365,7.202152373604812,0.7635677,False
cell_0038_0038,122.24588317612718,7.206667473194018,122.24134713189594,7.202137447536563,122.25041912751045,7.2111974784203,0.8201195,False
cell_0038_0039,122.2458682112341,7.2157125667587305,122.24133206746794,7.211182533415127,122.25040426203658,7.220242579633603,0.9094337,False
cell_0038_0040,122.24585322707466,7.224757656718678,122.24131698365706,7.22022761569078,122.25038937741306,7.2292876772403005,1.1741266,False
cell_0038_0041,122.24583822364711,7.233802743069455,122.24130188046138,7.229272694359108,122.25037447363796,7.23833277123597,0.90130866,False
cell_0038_0042,122.24582320094946,7.242847825806629,122.24128675787901,7.238317769415685,122.25035955070943,7.247377861616186,0.92084813,False
cell_0038_0043,122.2458081589799,7.251892904925777,122.24127161590808,7.247362840856088,122.25034460862561,7.256422948376529,0.88650465,False
cell_0038_0044,122.24579309773654,7.260937980422484,122.24125645454664,7.256407908675896,122.25032964738463,7.265468031512577,1.1059377,False
cell_0038_0045,122.24577801721743,7.2699830522923214,122.24124127379281,7.26545297287068,122.25031466698461,7.274513111019907,0.9114687,False
cell_0038_0046,122.24576291742073,7.279028120530867,122.24122607364471,7.274498033436025,122.25029966742366,7.283558186894103,0.9565842,False
cell_0038_0047,122.24574779834454,7.2880731851337055,122.24121085410042,7.283543090367509,122.25028464869989,7.292603259130741,0.97933,False
cell_0038_0048,122.24573265998694,7.297118246096418,122.24119561515798,7.292588143660705,122.25026961081143,7.3016483277254025,0.95212674,False
cell_0038_0049,122.24571750234604,7.3061633034145785,122.24118035681553,7.3016331933112,122.25025455375636,7.31069339267367,0.8530626,False
cell_0038_0050,122.24570232541994,7.315208357083772,122.24116507907114,7.310678239314573,122.25023947753284,7.3197384539711186,1.1025434,False
cell_0038_0051,122.24568712920674,7.324253407099567,122.2411497819229,7.319723281666392,122.25022438213897,7.328783511613335,1.2253578,False
cell_0038_0052,122.24567191370451,7.333298453457562,122.24113446536887,7.328768320362252,122.2502092675728,7.337828565595901,1.2528348,False
cell_0038_0053,122.24565667891136,7.3423434961533305,122.24111912940712,7.337813355397727,122.25019413383248,7.346873615914393,1.0827115,False
cell_0038_0054,122.24564142482537,7.351388535182444,122.24110377403578,7.346858386768394,122.25017898091612,7.3559186625644,1.1799793,False
cell_0038_0055,122.24562615144464,7.360433570540509,122.24108839925285,7.355903414469843,122.25016380882175,7.364963705541502,1.9793482,False
cell_0038_0056,122.24561085876721,7.369478602223083,122.24107300505645,7.364948438497653,122.25014861754754,7.374008744841278,1.0220538,False
cell_0038_0057,122.2455955467912,7.37852363022576,122.24105759144463,7.3739934588474005,122.25013340709155,7.3830537804593135,1.0484885,False
cell_0038_0058,122.24558021551468,7.387568654544124,122.24104215841544,7.383038475514673,122.25011817745188,7.392098812391197,2.6412973,False
cell_0038_0059,122.24556486493572,7.396613675173753,122.24102670596695,7.392083488495055,122.25010292862663,7.401143840632508,4.715103,False
cell_0038_0060,122.24554949505239,7.405658692110236,122.24101123409726,7.401128497784126,122.25008766061381,7.4101888651788315,3.019701,False
cell_0038_0061,122.24553410586273,7.414703705349156,122.24099574280434,7.410173503377468,122.25007237341161,7.419233886025755,1.7031491,False
cell_0038_0062,122.24551869736484,7.423748714886092,122.24098023208633,7.419218505270671,122.25005706701803,7.428278903168859,1.9217665,False
cell_0038_0063,122.2455032695568,7.432793720716643,122.24096470194122,7.428263503459315,122.25004174143115,7.437323916603734,1.9192489,False
cell_0038_0064,122.24548782243666,7.441838722836382,122.24094915236708,7.437308497938985,122.25002639664909,7.446368926325965,0.9379877,False
cell_0038_0065,122.24547235600245,7.450883721240889,122.24093358336201,7.446353488705264,122.25001103266992,7.455413932331132,0.8714871,False
cell_0038_0066,122.24545687025227,7.459928715925772,122.24091799492396,7.455398475753741,122.24999564949167,7.464458934614831,0.8301581,False
cell_0038_0067,122.2454413651841,7.468973706886592,122.24090238705102,7.464443459080005,122.24998024711243,7.4735039331726405,1.2923573,False
cell_0038_0068,122.24542584079612,7.478018694118957,122.2408867597412,7.473488438679632,122.24996482553026,7.482548928000157,0.8959379,False
cell_0039_0010,122.25534649100871,6.953417726914529,122.25081326348152,6.948887994251924,122.25987962895591,6.95794744008335,1.4543388,False
cell_0039_0011,122.25533223803964,6.962462938419104,122.25079891435212,6.957933198131484,122.25986547203182,6.966992659175408,0.9177989,False
cell_0039_0012,122.25531796608658,6.971508146443601,122.25078454612253,6.966978398532843,122.25985129624004,6.976037874785517,1.0147456,False
cell_0039_0013,122.25530367514784,6.980553350983589,122.25077015879097,6.976023595451567,122.2598371015788,6.985083086909245,1.0487175,False
cell_0039_0014,122.2552893652216,6.989598552034643,122.25075575235562,6.985068788883223,122.2598228880463,6.9941282955421595,1.3757932,False
cell_0039_0015,122.255275036306,6.998643749592323,122.25074132681465,6.994113978823378,122.2598086556408,7.003173500679832,0.8981913,False
cell_0039_0026,122.25511616442509,7.098140690897347,122.25058138437554,7.093610836458934,122.25965085304875,7.102670525241414,1.3659761,False
cell_0039_0027,122.2551016074971,7.107185846189067,122.25056672942564,7.102655984155529,122.25963639402713,7.111715688090712,1.1704333,False
cell_0039_0028,122.2550870315562,7.116230997929842,122.2505520553464,7.111701128303043,122.25962191610911,7.1207608473872,1.1263531,False
cell_0039_0029,122.25507243660061,7.1252761461152385,122.25053736213606,7.120746268897044,122.25960741929286,7.129806003126454,1.1080083,False
cell_0039_0030,122.25505782262856,7.134321290740839,122.25052264979273,7.12979140593311,122.25959290357657,7.138851155304046,1.1968546,False
cell_0039_0031,122.25504318963816,7.143366431802222,122.25050791831455,7.138836539406811,122.2595783689584,7.1478963039155525,0.58752346,False
cell_0039_0032,122.2550285376276,7.15241156929495,122.2504931676997,7.147881669313724,122.25956381543656,7.15694144895655,0.9674294,False
cell_0039_0033,122.25501386659496,7.161456703214604,122.25047839794632,7.156926795649422,122.25954924300923,7.1659865904226105,1.0330371,False
cell_0039_0034,122.25499917653853,7.170501833556756,122.25046360905259,7.165971918409478,122.25953465167456,7.175031728309314,0.6531765,False
cell_0039_0035,122.25498446745641,7.179546960316991,122.25044880101659,7.175017037589469,122.2595200414307,7.184076862612233,0.64634585,False
cell_0039_0036,122.25496973934672,7.188592083490874,122.2504339738365,7.184062153184972,122.25950541227587,7.193121993326948,2.0501065,False
cell_0039_0037,122.25495499220763,7.197637203073987,122.25041912751045,7.193107265191561,122.25949076420818,7.202167120449034,1.4221518,False
cell_0039_0038,122.25494022603732,7.206682319061909,122.25040426203658,7.202152373604812,122.25947609722581,7.211212243974069,0.7188008,False
cell_0039_0039,122.2549254408339,7.215727431450208,122.25038937741306,7.2111974784203,122.25946141132695,7.22025736389763,0.8480419,False
cell_0039_0040,122.25491063659555,7.224772540234471,122.25037447363796,7.220242579633603,122.25944670650972,7.229302480215295,1.161867,False
cell_0039_0041,122.25489581332037,7.233817645410273,122.25035955070943,7.2292876772403005,122.25943198277228,7.238347592922647,1.3399795,False
cell_0039_0042,122.25488097100651,7.242862746973195,122.25034460862561,7.23833277123597,122.25941724011278,7.247392702015258,1.1454046,False
cell_0039_0043,122.25486610965213,7.251907844918806,122.25032964738463,7.247377861616186,122.2594024785294,7.2564378074887115,1.0353609,False
cell_0039_0044,122.25485122925541,7.260952939242697,122.25031466698461,7.256422948376529,122.25938769802025,7.265482909338584,0.8441682,False
cell_0039_0045,122.2548363298144,7.269998029940435,122.25029966742366,7.265468031512577,122.2593728985835,7.27452800756046,0.87774956,False
cell_0039_0046,122.25482141132724,7.279043117007612,122.25028464869989,7.274513111019907,122.25935808021728,7.283573102149915,0.97334206,False
cell_0039_0047,122.25480647379207,7.288088200439799,122.25026961081143,7.283558186894103,122.25934324291975,7.292618193102534,1.1725723,False
cell_0039_0048,122.25479151720704,7.297133280232583,122.25025455375636,7.292603259130741,122.25932838668903,7.3016632804138935,1.0757701,False
cell_0039_0049,122.25477654157024,7.306178356381536,122.25023947753284,7.3016483277254025,122.25931351152325,7.310708364079579,1.6126355,False
cell_0039_0050,122.25476154687978,7.3152234288822475,122.25022438213897,7.31069339267367,122.25929861742053,7.319753444095169,1.0086279,False
cell_0039_0051,122.25474653313381,7.324268497730295,122.2502092675728,7.3197384539711186,122.25928370437904,7.328798520456248,0.9268665,False
cell_0039_0052,122.25473150033045,7.333313562921262,122.25019413383248,7.328783511613335,122.25926877239688,7.337843593158397,1.0232772,False
cell_0039_0053,122.25471644846779,7.34235862445073,122.25017898091612,7.337828565595901,122.25925382147216,7.3468886621972,0.9360641,False
cell_0039_0054,122.25470137754394,7.351403682314284,122.25016380882175,7.346873615914393,122.25923885160304,7.35593372756824,0.9620017,False
cell_0039_0055,122.254686287557,7.360448736507501,122.25014861754754,7.3559186625644,122.25922386278762,7.364978789267101,1.0708758,False
cell_0039_0056,122.2546711785051,7.369493787025968,122.25013340709155,7.364963705541502,122.25920885502404,7.374023847289367,0.9663128,False
cell_0039_0057,122.25465605038636,7.37853883386527,122.25011817745188,7.374008744841278,122.25919382831037,7.383068901630619,1.047608,False
cell_0039_0058,122.2546409031988,7.387583877020987,122.25010292862663,7.3830537804593135,122.25917878264475,7.3921139522864445,1.5329669,False
cell_0039_0059,122.25462573694061,7.396628916488713,122.25008766061381,7.392098812391197,122.2591637180253,7.401158999252432,2.216907,False
cell_0039_0060,122.25461055160982,7.405673952264015,122.25007237341161,7.401143840632508,122.25914863445011,7.410204042524157,1.8899885,False
cell_0039_0061,122.25459534720453,7.414718984342498,122.25005706701803,7.4101888651788315,122.2591335319173,7.4192490820972194,2.0018091,False
cell_0039_0062,122.25458012372285,7.4237640127197375,122.25004174143115,7.419233886025755,122.25911841042496,7.428294117967191,2.1698143,False
cell_0039_0063,122.25456488116286,7.432809037391314,122.25002639664909,7.428278903168859,122.2591032699712,7.437339150129666,2.1237442,False
cell_0039_0064,122.25454961952269,7.441854058352825,122.25001103266992,7.437323916603734,122.2590881105541,7.446384178580232,1.0099733,False
cell_0039_0065,122.25453433880034,7.45089907559985,122.24999564949167,7.446368926325965,122.2590729321718,7.4554292033144725,0.7270125,False
cell_0039_0066,122.25451903899393,7.459944089127978,122.24998024711243,7.455413932331132,122.25905773482233,7.464474224327979,1.0815077,False
cell_0039_0067,122.25450372010155,7.468989098932796,122.24996482553026,7.464458934614831,122.25904251850383,7.4735192416163345,1.2361642,False
cell_0039_0068,122.25448838212125,7.478034105009894,122.2499493847432,7.4735039331726405,122.25902728321435,7.4825642551751335,0.8630103,False
cell_0039_0069,122.25447302505114,7.487079107354857,122.24993392474937,7.482548928000157,122.25901202895201,7.49160926499996,0.8387246,False
cell_0040_0010,122.26439862242059,6.95343187303337,122.25986547203182,6.948902217513776,122.26893168326522,6.957961508945544,1.4192125,False
cell_0040_0011,122.26438454267462,6.962477103114721,122.25985129624004,6.95794744008335,122.2689176994498,6.967006746501145,0.90327525,False
cell_0040_0012,122.26437044417546,6.971522329716685,122.2598371015788,6.966992659175408,122.2689036969974,6.976051980575472,1.0271434,False
cell_0040_0013,122.2643563269213,6.980567552834816,122.2598228880463,6.976037874785517,122.26888967590628,6.985097211164099,1.0529529,False
cell_0040_0014,122.26434219091038,6.989612772464695,122.2598086556408,6.985083086909245,122.26887563617463,6.9941424382625925,0.9843001,False
cell_0040_0015,122.264328036141,6.998657988601888,122.25979440436048,6.9941282955421595,122.26886157780076,7.003187661866525,0.76548994,False
cell_0040_0029,122.26412789872622,7.12529064531031,122.25959290357657,7.1207608473872,122.26866280213933,7.129820422912717,0.84096146,False
cell_0040_0030,122.26411346236466,7.134335808525794,122.2595783689584,7.129806003126454,122.26864846391894,7.138865593566884,1.9321427,False
cell_0040_0031,122.26409900721592,7.143380968177753,122.25956381543656,7.138851155304046,122.2686341070278,7.147910760655658,1.154934,False
cell_0040_0032,122.2640845332782,7.152426124261764,122.25954924300923,7.1478963039155525,122.2686197314641,7.156955924174621,1.0518464,False
cell_0040_0033,122.26407004054961,7.161471276773399,122.25953465167456,7.15694144895655,122.2686053372261,7.166001084119345,1.2816322,False
cell_0040_0034,122.26405552902838,7.170516425708242,122.2595200414307,7.1659865904226105,122.26859092431194,7.175046240485408,2.110717,False
cell_0040_0035,122.26404099871267,7.179561571061857,122.25950541227587,7.175031728309314,122.26857649271984,7.184091393268387,2.0814967,False
cell_0040_0037,122.26401188169055,7.197651851007741,122.25947609722581,7.193121993326948,122.26854757349453,7.202181688067404,1.4699879,False
cell_0040_0038,122.26399729498051,7.206696985591162,122.25946141132695,7.202167120449034,122.26853308585768,7.211226830074599,1.0095993,False
cell_0040_0039,122.26398268946866,7.21574211657567,122.25944670650972,7.211212243974069,122.26851857953565,7.220271968481025,0.7363781,False
cell_0040_0040,122.26396806515321,7.224787243956847,122.25943198277228,7.22025736389763,122.26850405452657,7.229317103282256,1.0837855,False
cell_0040_0041,122.2639534220323,7.2338323677302725,122.25941724011278,7.229302480215295,122.26848951082864,7.238362234473877,0.93946904,False
cell_0040_0042,122.26393876010412,7.242877487891522,122.2594024785294,7.238347592922647,122.26847494844003,7.247407362051464,1.0673306,False
cell_0040_0043,122.26392407936683,7.251922604436177,122.25938769802025,7.247392702015258,122.26846036735894,7.256452486010598,1.270426,False
cell_0040_0044,122.26390937981853,7.260967717359815,122.2593728985835,7.2564378074887115,122.2684457675835,7.2654976063468615,0.9795064,False
cell_0040_0045,122.26389466145747,7.27001282665802,122.25935808021728,7.265482909338584,122.26843114911189,7.2745427230558315,1.0365318,False
cell_0040_0046,122.26387992428175,7.279057932326373,122.25934324291975,7.27452800756046,122.26841651194226,7.283587836133095,1.3468195,False
cell_0040_0047,122.26386516828947,7.2881030343604465,122.25932838668903,7.283573102149915,122.26840185607283,7.292632945574226,1.3073099,False
cell_0040_0048,122.26385039347889,7.297148132755839,122.25931351152325,7.292618193102534,122.26838718150167,7.301678051374812,1.2681776,False
cell_0040_0049,122.26383559984806,7.306193227508114,122.25929861742053,7.3016632804138935,122.26837248822703,7.310723153530436,1.3687658,False
cell_0040_0050,122.26382078739518,7.31523831861286,122.25928370437904,7.310708364079579,122.26835777624702,7.319768252036677,1.320463,False
cell_0040_0051,122.26380595611832,7.324283406065659,122.25926877239688,7.319753444095169,122.26834304555979,7.328813346889118,1.2965778,False
cell_0040_0052,122.26379110601567,7.333328489862102,122.25925382147216,7.328798520456248,122.26832829616346,7.337858438083347,1.3602073,False
cell_0040_0053,122.26377623708538,7.342373569997761,122.25923885160304,7.337843593158397,122.26831352805624,7.346903525614943,1.4064229,False
cell_0040_0054,122.26376134932558,7.351418646468225,122.25922386278762,7.3468886621972,122.26829874123628,7.355948609479492,1.1707673,False
cell_0040_0055,122.26374644273437,7.360463719269075,122.25920885502404,7.35593372756824,122.26828393570166,7.364993689672581,1.0720924,False
cell_0040_0056,122.2637315173099,7.369508788395903,122.25919382831037,7.364978789267101,122.26826911145055,7.37403876618979,1.018229,False
cell_0040_0057,122.26371657305025,7.378553853844279,122.25917878264475,7.374023847289367,122.26825426848113,7.383083839026705,0.9439906,False
cell_0040_0058,122.2637016099536,7.387598915609799,122.2591637180253,7.383068901630619,122.26823940679145,7.3921289081789165,0.9568318,False
cell_0040_0059,122.26368662801804,7.396643973688049,122.25914863445011,7.3921139522864445,122.26822452637971,7.401173973642006,1.040805,False
cell_0040_0060,122.2636716272417,7.405689028074605,122.2591335319173,7.401158999252432,122.26820962724405,7.410219035411559,1.3968163,False
cell_0040_0061,122.2636566076227,7.4147340787650675,122.25911841042496,7.410204042524157,122.26819470938253,7.419264093483168,0.74917924,False
cell_0040_0062,122.26364156915918,7.42377912575501,122.2591032699712,7.4192490820972194,122.26817977279335,7.428309147852414,2.0398512,False
cell_0040_0063,122.26362651184918,7.4328241690400265,122.2590881105541,7.428294117967191,122.26816481747458,7.437354198514886,1.792286,False
cell_0040_0064,122.26361143569085,7.441869208615696,122.2590729321718,7.437339150129666,122.26814984342437,7.446399245466177,1.1142821,False
cell_0040_0065,122.26359634068228,7.45091424447762,122.25905773482233,7.446384178580232,122.2681348506408,7.455444288701866,1.0887551,False
cell_0040_0066,122.2635812268216,7.459959276621373,122.25904251850383,7.4554292033144725,122.26811983912205,7.464489328217548,1.0536535,False
cell_0040_0067,122.26356609410689,7.469004305042551,122.25902728321435,7.464474224327979,122.26810480886618,7.473534364008807,1.0041546,False
cell_0040_0068,122.26355094253627,7.478049329736739,122.25901202895201,7.4735192416163345,122.26808975987133,7.482579396071239,0.98738647,False
cell_0040_0069,122.2635357721078,7.487094350699528,122.25899675571489,7.4825642551751335,122.26807469213561,7.491624424400432,0.93899286,False
cell_0040_0070,122.26352058281962,7.49613936792651,122.25898146350103,7.49160926499996,122.26805960565711,7.500669448991969,0.61674994,False
cell_0041_0002,122.27356135815124,6.881083734025173,122.26902904828479,6.876554215019121,122.27809357943146,6.88561323361043,1.3533343,False
cell_0041_0003,122.2735475997476,6.89012901012639,122.26901519487927,6.885599483706738,122.27807991591447,6.894658517087727,1.636054,False
cell_0041_0010,122.2734507725839,6.9534458461752395,122.2689176994498,6.948916267913105,122.27798375620976,6.95797540471632,1.6737592,False
cell_0041_0011,122.27343686606285,6.962491094606219,122.2689036969974,6.957961508945544,122.27796994550478,6.967020660508304,1.1839709,False
cell_0041_0012,122.2734229410193,6.971536339558479,122.26888967590628,6.967006746501145,122.2779561163935,6.976065912819684,0.93071216,False
cell_0041_0013,122.27340899745148,6.98058158102759,122.26887563617463,6.976051980575472,122.27794226887423,6.985111161646033,1.0971339,False
cell_0041_0014,122.27339503535772,6.989626819009114,122.26886157780076,6.985097211164099,122.27792840294524,6.994156406982921,1.4099779,False
cell_0041_0015,122.27338105473622,6.99867205349863,122.26884750078288,6.9941424382625925,122.27791451860476,7.003201648825918,1.4793458,False
cell_0041_0028,122.27319761983205,7.116259782074587,122.26866280213933,7.1117300709259075,122.27773234593964,7.120789472826403,2.1004448,False
cell_0041_0029,122.27318337963712,7.1253049672110516,122.26864846391894,7.120775248697582,122.27771820365474,7.129834665290107,2.5861313,False
cell_0041_0030,122.27316912088797,7.1343501487891094,122.2686341070278,7.129820422912717,122.27770404293203,7.138879854193529,0.5963258,False
cell_0041_0032,122.2731405477196,7.152440501252289,122.2686053372261,7.147910760655658,122.27767566616598,7.1569702213018385,1.9976038,False
cell_0041_0033,122.27312623329686,7.161485672128575,122.26859092431194,7.156955924174621,122.27766145011911,7.16601539949788,1.2617066,False
cell_0041_0034,122.27311190031267,7.1705308394287455,122.26857649271984,7.166001084119345,122.2776472156273,7.175060574115949,1.1576099,False
cell_0041_0035,122.27309754876524,7.179576003148394,122.26856204244798,7.175046240485408,122.27763296268874,7.184105745151624,0.98560643,False
cell_0041_0040,122.27302551251634,7.2248017678839815,122.26848951082864,7.220271968481025,122.27756142123228,7.2293315464393615,0.77009034,False
cell_0041_0041,122.27301104955154,7.233846910027619,122.26847494844003,7.229317103282256,122.27754705757569,7.2383766958878395,1.0945914,False
cell_0041_0042,122.27299656801085,7.2428920485597805,122.26846036735894,7.238362234473877,122.27753267545981,7.247421841722979,1.048213,False
cell_0041_0043,122.27298206789247,7.251937183476052,122.2684457675835,7.247407362051464,122.27751827488281,7.256466983940364,0.8046931,False
cell_0041_0044,122.27296754919453,7.26098231477201,122.26843114911189,7.256452486010598,122.2775038558429,7.265512122535576,1.2791811,False
cell_0041_0045,122.27295301191523,7.2700274424432365,122.26841651194226,7.2654976063468615,122.27748941833825,7.2745572575041955,0.97510284,False
cell_0041_0046,122.27293845605276,7.2790725664853095,122.26840185607283,7.2745427230558315,122.27747496236708,7.283602388841806,1.3536057,False
cell_0041_0047,122.2729238816053,7.288117686893821,122.26838718150167,7.283587836133095,122.27746048792756,7.292647516543985,0.9470048,False
cell_0041_0048,122.27290928857094,7.297162803664338,122.26837248822703,7.292632945574226,122.27744599501786,7.301692640606325,0.9486444,False
cell_0041_0049,122.27289467694794,7.306207916792459,122.26835777624702,7.301678051374812,122.27743148363618,7.310737761024404,1.178712,False
cell_0041_0050,122.27288004673447,7.315253026273758,122.26834304555979,7.310723153530436,122.2774169537807,7.319782877793802,1.0594219,False
cell_0041_0051,122.27286539792861,7.324298132103819,122.26832829616346,7.319768252036677,122.27740240544959,7.328827990910107,1.2098291,False
cell_0041_0052,122.27285073052857,7.333343234278225,122.26831352805624,7.328813346889118,122.277387838641,7.337873100368904,1.2599528,False
cell_0041_0053,122.27283604453254,7.342388332792561,122.26829874123628,7.337858438083347,122.27737325335313,7.346918206165774,1.2988087,False
cell_0041_0054,122.27282133993862,7.351433427642417,122.26828393570166,7.346903525614943,122.27735864958413,7.355963308296305,1.4209166,False
cell_0041_0055,122.27280661674499,7.3604785188233715,122.26826911145055,7.355948609479492,122.27734402733219,7.365008406756084,1.0813656,False
cell_0041_0056,122.2727918749498,7.3695236063310094,122.26825426848113,7.364993689672581,122.27732938659545,7.3740535015406925,1.0305165,False
cell_0041_0057,122.27277711455116,7.378568690160921,122.26823940679145,7.37403876618979,122.27731472737209,7.3830985926457195,1.0159259,False
cell_0041_0058,122.2727623355473,7.3876137703086835,122.26822452637971,7.383083839026705,122.27730004966025,7.392143680066752,1.287142,False
cell_0041_0059,122.27274753793627,7.39665884676989,122.26820962724405,7.3921289081789165,122.2772853534581,7.4011887637993725,0.9656409,False
cell_0041_0060,122.2727327217163,7.40570391954013,122.26819470938253,7.401173973642006,122.2772706387638,7.410233843839175,1.1990278,False
cell_0041_0061,122.27271788688546,7.414748988614982,122.26817977279335,7.410219035411559,122.27725590557546,7.419278920181742,1.2719429,False
cell_0041_0062,122.2727030334419,7.423794053990042,122.26816481747458,7.419264093483168,122.27724115389127,7.428323992822662,2.4605854,False
cell_0041_0063,122.27268816138381,7.432839115660888,122.26814984342437,7.428309147852414,122.27722638370939,7.437369061757524,1.3435607,False
cell_0041_0064,122.27267327070926,7.441884173623118,122.2681348506408,7.437354198514886,122.27721159502794,7.446414126981919,1.9115877,False
cell_0041_0065,122.27265836141638,7.450929227872315,122.26811983912205,7.446399245466177,122.27719678784503,7.455459188491434,1.0296429,False
cell_0041_0066,122.27264343350329,7.459974278404068,122.26810480886618,7.455444288701866,122.27718196215886,7.464504246281661,1.0612622,False
cell_0041_0067,122.27262848696819,7.469019325213966,122.26808975987133,7.464489328217548,122.27716711796754,7.473549300348181,1.1634045,False
cell_0041_0068,122.2726135218091,7.4780643682975985,122.26807469213561,7.473534364008807,122.2771522552692,7.482594350686593,0.91616863,False
cell_0041_0069,122.27259853802423,7.487109407650557,122.26805960565711,7.482579396071239,122.277137374062,7.491639397292491,0.8217197,False
cell_0041_0070,122.27258353561163,7.496154443268434,122.26804450043394,7.491624424400432,122.277122474344,7.500684440161452,0.8600954,False
cell_0041_0071,122.27256851456943,7.505199475146816,122.26802937646418,7.500669448991969,122.2771075561134,7.50972947928908,0.8513593,False
cell_0042_0001,122.28262571807124,6.872052091575803,122.27809357943146,6.867522656338109,122.28715776827592,6.876581507316639,1.6465962,False
cell_0042_0002,122.28261214932563,6.881097389232387,122.27807991591447,6.876567946692412,122.28714429418638,6.88562681223797,1.1409335,False
cell_0042_0003,122.28259856230359,6.8901426834508,122.27806623400497,6.88561323361043,122.28713080193661,6.894672113719232,1.1513705,False
cell_0042_0011,122.28248920797354,6.962504912891855,122.2779561163935,6.95797540471632,122.287022209966,6.967034401195156,0.9261739,False
cell_0042_0012,122.28247545638735,6.971550175967251,122.27794226887423,6.967020660508304,122.28700855419758,6.97607967151642,1.7119794,False
cell_0042_0013,122.2824616865077,6.980595435560156,122.27792840294524,6.976065912819684,122.28699488025194,6.985124938353315,1.2211226,False
cell_0042_0014,122.28244789833279,6.989640691666155,122.27791451860476,6.985111161646033,122.28698118812729,6.994170201701412,1.6322603,False
cell_0042_0034,122.28216829016021,7.17054507471649,122.27763296268874,7.16601539949788,122.28670352538936,7.175074729199155,1.9148619,False
cell_0042_0035,122.28215411738287,7.1795902565748095,122.27761869130165,7.175060574115949,122.28668945110616,7.184119918260165,2.1740222,False
cell_0042_0041,122.28206869564666,7.233861272300502,122.27753267545981,7.2293315464393615,122.28660462278205,7.238390977162736,0.8024225,False
cell_0042_0042,122.28205439449529,7.2429064289761635,122.27751827488281,7.2383766958878395,122.28659042094067,7.247436141028006,1.4810822,False
cell_0042_0043,122.28204007499761,7.25195158203662,122.2775038558429,7.247421841722979,122.28657620086959,7.2564813012762075,0.9836387,False
cell_0042_0044,122.28202573715186,7.260996731477462,122.27748941833825,7.256466983940364,122.286561962567,7.2655264579029275,0.7846637,False
cell_0042_0045,122.28201138095616,7.27004187729426,122.27747496236708,7.265512122535576,122.28654770603117,7.274571610903743,0.94883466,False
cell_0042_0046,122.28199700640879,7.279087019482607,122.27746048792756,7.2745572575041955,122.28653343126025,7.283616760274242,0.99749196,False
cell_0042_0047,122.28198261350788,7.288132158038083,122.27744599501786,7.283602388841806,122.28651913825246,7.292661906010006,0.90938085,False
cell_0042_0048,122.2819682022517,7.297177292956267,122.27743148363618,7.292647516543985,122.28650482700604,7.301707048106618,0.9811504,False
cell_0042_0049,122.28195377263837,7.306222424232748,122.2774169537807,7.301692640606325,122.28649049751915,7.310752186559663,1.2950743,False
cell_0042_0050,122.2819393246661,7.315267551863106,122.27740240544959,7.310737761024404,122.28647614979002,7.319797321364724,0.92528534,False
cell_0042_0051,122.28192485833308,7.324312675842931,122.277387838641,7.319782877793802,122.28646178381683,7.32884245251739,0.91137534,False
cell_0042_0052,122.28191037363752,7.333357796167798,122.27737325335313,7.328827990910107,122.28644739959782,7.337887580013244,1.1597905,False
cell_0042_0053,122.28189587057754,7.342402912833302,122.27735864958413,7.337873100368904,122.2864329971311,7.346932703847867,1.2462535,False
cell_0042_0054,122.28188134915136,7.351448025835021,122.27734402733219,7.346918206165774,122.28641857641493,7.355977824016851,1.2816796,False
cell_0042_0055,122.28186680935718,7.360493135168542,122.27732938659545,7.355963308296305,122.2864041374475,7.365022940515781,1.5787637,False
cell_0042_0056,122.28185225119311,7.3695382408294545,122.27731472737209,7.365008406756084,122.28638968022696,7.3740680533402445,1.0083685,False
cell_0042_0057,122.28183767465735,7.378583342813344,122.27730004966025,7.3740535015406925,122.28637520475151,7.383113162485826,1.0142859,False
cell_0042_0058,122.28182307974814,7.387628441115797,122.2772853534581,7.3830985926457195,122.28636071101934,7.392158267948114,0.8860002,False
cell_0042_0059,122.28180846646354,7.396673535732397,122.2772706387638,7.392143680066752,122.28634619902863,7.401203369722694,1.8578389,False
cell_0042_0060,122.28179383480176,7.405718626658734,122.27725590557546,7.4011887637993725,122.28633166877755,7.410248467805158,2.350881,False
cell_0042_0061,122.28177918476091,7.414763713890398,122.27724115389127,7.410233843839175,122.28631712026424,7.419293562191095,1.1490071,False
cell_0042_0062,122.28176451633927,7.423808797422971,122.27722638370939,7.419278920181742,122.28630255348693,7.428338652876087,1.8907732,False
cell_0042_0063,122.28174982953489,7.432853877252051,122.27721159502794,7.428323992822662,122.28628796844376,7.437383739855731,1.2431568,False
cell_0042_0064,122.28173512434596,7.441898953373222,122.27719678784503,7.437369061757524,122.28627336513291,7.446428823125615,1.159384,False
cell_0042_0065,122.28172040077061,7.450944025782071,122.27718196215886,7.446414126981919,122.28625874355255,7.455473902681326,1.0183669,False
cell_0042_0066,122.28170565880706,7.459989094474193,122.27716711796754,7.455459188491434,122.28624410370082,7.464518978518457,1.0159328,False
cell_0042_0067,122.28169089845338,7.469034159445171,122.2771522552692,7.464504246281661,122.28622944557591,7.473564050632594,1.0919114,False
cell_0042_0068,122.28167611970778,7.478079220690602,122.277137374062,7.473549300348181,122.28621476917594,7.482609119019337,1.2121987,False
cell_0042_0069,122.28166132256833,7.487124278206079,122.277122474344,7.482594350686593,122.2862000744991,7.49165418367427,1.0075768,False
cell_0042_0070,122.28164650703323,7.49616933198718,122.2771075561134,7.491639397292491,122.28618536154353,7.500699244592988,0.8901251,False
cell_0042_0071,122.28163167310058,7.505214382029511,122.2770926193683,7.500684440161452,122.28617063030737,7.509744301771083,0.904094,False
cell_0042_0072,122.28161682076852,7.514259428328659,122.27707766410681,7.50972947928908,122.28615588078878,7.518789355204146,0.9603276,False
cell_0043_0001,122.29167635636912,6.872065557730124,122.28714429418638,6.867536198959672,122.2962083301527,6.876594896890111,1.5155957,False
cell_0043_0002,122.29166295877627,6.881110873276149,122.28713080193661,6.876581507316639,122.29619502710158,6.885640219587667,1.2174445,False
cell_0043_0003,122.29164954313758,6.890156185384653,122.28711729152491,6.88562681223797,122.2961817061207,6.8946855388458,1.5796973,False
cell_0043_0034,122.29122469833978,7.170559131569689,122.28668945110616,7.166029536556434,122.29575985336695,7.175088705733267,1.9038932,False
cell_0043_0035,122.29121070433426,7.1796043313393225,122.28667535860566,7.175074729199155,122.29574595774083,7.184133912592243,0.9137675,False
cell_0043_0046,122.2910555751183,7.279101291316468,122.28651913825246,7.274571610903743,122.29559191839024,7.283630950428618,0.88506746,False
cell_0043_0047,122.29104136376583,7.288146447791441,122.28650482700604,7.283616760274242,122.29557780681603,7.292676113970491,0.9143554,False
cell_0043_0048,122.29102713428958,7.297191600629819,122.28649049751915,7.292661906010006,122.29556367723465,7.3017212738738975,1.0773978,False
cell_0043_0049,122.29101288668771,7.306236749827178,122.28647614979002,7.301707048106618,122.29554952964438,7.310766430134425,1.0335656,False
cell_0043_0050,122.2909986209585,7.315281895379111,122.28646178381683,7.310752186559663,122.29553536404339,7.319811582747653,0.91043925,False
cell_0043_0051,122.29098433710011,7.324327037281186,122.28644739959782,7.319797321364724,122.29552118042997,7.3288567317091715,0.8556148,False
cell_0043_0052,122.29097003511082,7.333372175529015,122.2864329971311,7.32884245251739,122.29550697880228,7.337901877014568,0.97372717,False
cell_0043_0053,122.29095571498875,7.342417310118162,122.28641857641493,7.337887580013244,122.29549275915856,7.346947018659422,0.9179728,False
cell_0043_0054,122.29094137673214,7.351462441044217,122.2864041374475,7.346932703847867,122.29547852149703,7.355992156639328,1.0234455,False
cell_0043_0055,122.29092702033923,7.3605075683027765,122.28638968022696,7.355977824016851,122.29546426581591,7.365037290949868,1.1143429,False
cell_0043_0056,122.29091264580813,7.369552691889419,122.28637520475151,7.365022940515781,122.29544999211339,7.374082421586635,1.1827871,False
cell_0043_0057,122.29089825313709,7.378597811799734,122.28636071101934,7.3740680533402445,122.29543570038767,7.383127548545209,1.4731376,False
cell_0043_0058,122.2908838423243,7.387642928029309,122.28634619902863,7.383113162485826,122.29542139063699,7.392172671821188,1.196096,False
cell_0043_0059,122.29086941336791,7.39668804057373,122.28633166877755,7.392158267948114,122.29540706285952,7.40121779141015,1.114351,False
cell_0043_0060,122.2908549662662,7.40573314942859,122.28631712026424,7.401203369722694,122.29539271705349,7.410262907307692,1.1209426,False
cell_0043_0061,122.29084050101726,7.414778254589475,122.28630255348693,7.410248467805158,122.29537835321706,7.419308019509404,1.6956189,False
cell_0043_0062,122.29082601761928,7.423823356051971,122.28628796844376,7.419293562191095,122.29536397134846,7.428353128010868,1.5934095,False
cell_0043_0063,122.2908115160705,7.432868453811674,122.28627336513291,7.428338652876087,122.29534957144584,7.437398232807681,1.040684,False
cell_0043_0064,122.29079699636907,7.4419135478641705,122.28625874355255,7.437383739855731,122.29533515350744,7.446443333895433,1.1688383,False
cell_0043_0065,122.29078245851314,7.450958638205051,122.28624410370082,7.446428823125615,122.29532071753142,7.455488431269708,1.0098022,False
cell_0043_0066,122.29076790250095,7.460003724829904,122.28622944557591,7.455473902681326,122.295306263516,7.464533524926111,0.91556466,False
cell_0043_0067,122.29075332833057,7.469048807734327,122.28621476917594,7.464518978518457,122.2952917914593,7.473578614860216,0.97176385,False
cell_0043_0068,122.29073873600024,7.478093886913902,122.2862000744991,7.473564050632594,122.29527730135956,7.482623701067629,0.9146307,False
cell_0043_0069,122.29072412550812,7.487138962364229,122.28618536154353,7.482609119019337,122.29526279321496,7.491668783543938,1.3184104,False
cell_0043_0070,122.29070949685236,7.496184034080895,122.28617063030737,7.49165418367427,122.29524826702364,7.500713862284734,0.9165001,False
cell_0043_0071,122.29069485003109,7.505229102059497,122.28615588078878,7.500699244592988,122.29523372278375,7.5097589372856115,1.0061588,False
cell_0043_0072,122.29068018504255,7.514274166295624,122.2861411129859,7.509744301771083,122.29521916049355,7.5188040085421655,0.7542347,False
cell_0044_0001,122.30072701271116,6.872078852946395,122.29619502710158,6.8675495707575624,122.30525890995753,6.876608115411169,1.9839377,False
cell_0044_0051,122.3000438339981,7.324341216416815,122.29550697880228,7.319811582747653,122.30458059505732,7.3288708284836765,0.6111661,False
cell_0044_0052,122.30002971471686,7.33338637236008,122.29549275915856,7.3288567317091715,122.30456657602276,7.337915991371097,0.93630946,False
cell_0044_0053,122.30001557753451,7.342431524645352,122.29547852149703,7.337901877014568,122.30455253920383,7.346961150598657,1.1293052,False
cell_0044_0054,122.30000142244928,7.3514766732682215,122.29546426581591,7.346947018659422,122.30453848459874,7.35600630616195,1.1094517,False
cell_0044_0055,122.29998724945939,7.360521818224277,122.29544999211339,7.355992156639328,122.30452441220571,7.365051458056561,0.94393355,False
cell_0044_0056,122.29997305856308,7.369566959509104,122.29543570038767,7.365037290949868,122.30451032202299,7.3740966062780755,1.0952263,False
cell_0044_0057,122.29995884975855,7.378612097118287,122.29542139063699,7.374082421586635,122.30449621404883,7.383141750822086,1.3500121,False
cell_0044_0058,122.29994462304404,7.387657231047419,122.29540706285952,7.383127548545209,122.30448208828142,7.392186891684182,1.278537,False
cell_0044_0059,122.29993037841771,7.396702361292094,122.29539271705349,7.392172671821188,122.304467944719,7.401232028859952,0.9136032,False
cell_0044_0060,122.29991611587783,7.405747487847893,122.29537835321706,7.40121779141015,122.3044537833598,7.410277162344984,0.8597586,False
cell_0044_0061,122.29990183542257,7.414792610710403,122.29536397134846,7.410262907307692,122.30443960420206,7.419322292134871,1.0436888,False
cell_0044_0062,122.29988753705017,7.423837729875229,122.29534957144584,7.419308019509404,122.30442540724394,7.428367418225203,2.603106,False
cell_0044_0063,122.29987322075878,7.432882845337944,122.29533515350744,7.428353128010868,122.30441119248373,7.437412540611572,3.3494973,False
cell_0044_0064,122.29985888654664,7.441927957094152,122.29532071753142,7.437398232807681,122.30439695991957,7.446457659289568,2.6009293,False
cell_0044_0065,122.29984453441197,7.450973065139432,122.295306263516,7.446443333895433,122.30438270954974,7.455502774254782,0.9494418,False
cell_0044_0066,122.29983016435293,7.46001816946939,122.2952917914593,7.455488431269708,122.30436844137239,7.464547885502807,1.8816946,False
cell_0044_0067,122.29981577636768,7.469063270079605,122.29527730135956,7.464533524926111,122.30435415538578,7.473592993029233,4.0040975,False
cell_0044_0068,122.29980137045449,7.478108366965672,122.29526279321496,7.473578614860216,122.30433985158808,7.482638096829659,1.5930544,False
cell_0044_0069,122.2997869466115,7.4871534601231895,122.29524826702364,7.482623701067629,122.3043255299775,7.491683196899674,0.7469927,False
cell_0044_0070,122.29977250483694,7.4961985495477546,122.29523372278375,7.491668783543938,122.30431119055224,7.500728293234871,0.7213055,False
cell_0045_0049,122.3091311689369,7.306264855471357,122.30459459630922,7.301735317906399,122.31366764769527,7.310794371395385,0.9232602,False
cell_0045_0050,122.30911726769915,7.3153100361839405,122.30458059505732,7.310780491746914,122.31365384635595,7.319839558942449,1.2703584,False
cell_0045_0051,122.3091033487954,7.324355213248038,122.30456657602276,7.31982566194081,122.31364002746732,7.328884742839151,1.0263923,False
cell_0045_0052,122.30908941222401,7.333400386659233,122.30455253920383,7.3288708284836765,122.31362619102767,7.337929923081079,0.59645224,False
cell_0045_0053,122.30907545798313,7.342445556413108,122.30453848459874,7.337915991371097,122.31361233703527,7.346975099663817,0.72042817,False
cell_0045_0054,122.30906148607106,7.35149072250526,122.30452441220571,7.346961150598657,122.31359846548835,7.356020272582959,0.98825604,False
cell_0045_0055,122.30904749648603,7.36053588493127,122.30451032202299,7.35600630616195,122.31358457638521,7.365065441834092,0.6778604,False
cell_0045_0056,122.30903348922625,7.369581043686732,122.30449621404883,7.365051458056561,122.31357066972407,7.374110607412805,1.2561024,False
cell_0045_0057,122.30901946429005,7.378626198767229,122.30448208828142,7.3740966062780755,122.3135567455032,7.383155769314686,0.8982136,False
cell_0045_0058,122.30900542167554,7.387671350168359,122.304467944719,7.383141750822086,122.31354280372084,7.392200927535329,0.92277443,False
cell_0045_0059,122.3089913613811,7.396716497885703,122.3044537833598,7.392186891684182,122.31352884437527,7.401246082070324,1.2333474,False
cell_0045_0060,122.30897728340484,7.4057616419148555,122.30443960420206,7.401232028859952,122.31351486746469,7.410291232915259,1.0300715,False
cell_0045_0061,122.30896318774508,7.414806782251411,122.30442540724394,7.410277162344984,122.31350087298738,7.419336380065726,0.95729136,False
cell_0045_0062,122.30894907439998,7.42385191889095,122.30441119248373,7.419322292134871,122.31348686094157,7.428381523517314,1.5033534,False
cell_0045_0063,122.30893494336782,7.432897051829072,122.30439695991957,7.428367418225203,122.31347283132551,7.437426663265625,1.7111104,False
cell_0045_0064,122.30892079464681,7.4419421810613695,122.30438270954974,7.437412540611572,122.3134587841374,7.446471799306241,1.0960654,False
cell_0045_0065,122.30890662823512,7.4509873065834284,122.30436844137239,7.446457659289568,122.31344471937552,7.455516931634753,1.2434913,False
cell_0045_0066,122.30889244413106,7.460032428390843,122.30435415538578,7.455502774254782,122.31343063703808,7.464562060246763,0.9501804,False
cell_0045_0067,122.30887824233281,7.46907754647921,122.30433985158808,7.464547885502807,122.31341653712332,7.473607185137854,1.8677115,False
cell_0045_0068,122.30886402283856,7.478122660844118,122.3043255299775,7.473592993029233,122.31340241962947,7.482652306303636,1.1328992,False
cell_0046_0049,122.3181903366736,7.3062786355176055,122.31365384635595,7.3017491802023695,122.32272673315786,7.310808069078113,1.2711904,False
cell_0046_0050,122.3181766176842,7.315323833469282,122.31364002746732,7.310794371395385,122.32271311395193,7.319853273750843,1.357469,False
cell_0046_0051,122.31816288126043,7.324369027773124,122.31362619102767,7.319839558942449,122.32269947742834,7.328898474773865,0.89261675,False
cell_0046_0052,122.31814912740062,7.333414218424729,122.31361233703527,7.328884742839151,122.32268582358533,7.337943672142778,0.76602805,False
cell_0046_0053,122.31813535610297,7.342459405419686,122.31359846548835,7.337929923081079,122.32267215242119,7.346988865853163,0.61445415,False
cell_0046_0054,122.3181215673658,7.351504588753584,122.31358457638521,7.346975099663817,122.3226584639342,7.3560340559006185,0.8073617,False
cell_0046_0055,122.31810776118735,7.360549768422013,122.31357066972407,7.356020272582959,122.32264475812268,7.365079242280727,0.69008636,False
cell_0046_0056,122.31809393756592,7.369594944420553,122.3135567455032,7.365065441834092,122.32263103498488,7.374124424989079,0.7197271,False
cell_0046_0057,122.31808009649973,7.378640116744809,122.31354280372084,7.374110607412805,122.32261729451905,7.38316960402127,0.6696533,False
cell_0046_0058,122.3180662379871,7.387685285390359,122.31352884437527,7.383155769314686,122.3226035367235,7.392214779372888,0.65762454,False
cell_0046_0059,122.31805236202621,7.396730450352805,122.31351486746469,7.392200927535329,122.3225897615965,7.401259951039521,1.0661681,False
cell_0046_0060,122.3180384686154,7.405775611627727,122.31350087298738,7.401246082070324,122.32257596913631,7.4103051190167655,1.0514295,False
cell_0046_0061,122.31802455775286,7.414820769210721,122.31348686094157,7.410291232915259,122.32256215934122,7.419350283300212,1.4684395,False
cell_0046_0062,122.31801062943687,7.423865923097376,122.31347283132551,7.419336380065726,122.32254833220946,7.428395443885451,0.92082614,False
cell_0046_0063,122.31799668366571,7.432911073283296,122.3134587841374,7.428381523517314,122.3225344877393,7.43744060076808,1.0976162,False
cell_0046_0064,122.31798272043756,7.441956219764054,122.31344471937552,7.437426663265625,122.32252062592903,7.446485753943687,1.651732,False
cell_0046_0065,122.31796873975071,7.451001362535261,122.31343063703808,7.446471799306241,122.32250674677687,7.455530903407867,1.00409,False
cell_0046_0066,122.31795474160342,7.4600465015924975,122.31341653712332,7.455516931634753,122.3224928502811,7.464576049156215,0.99047655,False
cell_0046_0067,122.31794072599386,7.469091636931362,122.31340241962947,7.464562060246763,122.32247893643995,7.473621191184322,1.063057,False
cell_0046_0068,122.31792669292037,7.478136768547452,122.31338828455475,7.473607185137854,122.3224650052517,7.482666329487789,1.2396224,False
cell_0047_0010,122.32776405442482,6.953526052414384,122.32323144725922,6.9489969400998595,122.33229657229788,6.958055144326024,1.9345703,False
cell_0047_0049,122.32724952184294,7.3062922337110185,122.32271311395193,7.301762860760094,122.33178583593642,7.310821584793393,0.80453813,False
cell_0047_0050,122.32723598510361,7.315337448674268,122.32269947742834,7.310808069078113,122.33177239886564,7.319866806364279,0.8837819,False
cell_0047_0051,122.32722243116156,7.32438265999035,122.32268582358533,7.319853273750843,122.33175894470877,7.328912024286112,0.944628,False
cell_0047_0052,122.32720886001502,7.333427867654851,122.32267215242119,7.328898474773865,122.3317454734641,7.337957238554486,0.7668336,False
cell_0047_0053,122.32719527166233,7.342473071663364,122.3226584639342,7.337943672142778,122.33173198512995,7.34700244916499,0.7012661,False
cell_0047_0054,122.3271816661018,7.351518272011468,122.32264475812268,7.346988865853163,122.33171847970463,7.356047656113214,0.80820024,False
cell_0047_0055,122.3271680433317,7.360563468694767,122.32263103498488,7.3560340559006185,122.33170495718642,7.365092859394752,0.6779266,False
cell_0047_0056,122.32715440335032,7.369608661708848,122.32261729451905,7.365079242280727,122.33169141757367,7.374138059005187,0.8281296,False
cell_0047_0057,122.32714074615592,7.37865385104929,122.3226035367235,7.374124424989079,122.33167786086464,7.383183254940116,0.6247676,False
cell_0047_0058,122.32712707174683,7.387699036711698,122.3225897615965,7.38316960402127,122.33166428705762,7.39222844719513,0.59362876,False
cell_0047_0059,122.3271133801213,7.396744218691658,122.32257596913631,7.392214779372888,122.33165069615094,7.40127363576582,1.3641657,False
cell_0047_0060,122.32709967127765,7.405789396984758,122.32256215934122,7.401259951039521,122.33163708814287,7.410318820647779,0.84802145,False
cell_0047_0061,122.3270859452141,7.4148345715865975,122.32254833220946,7.4103051190167655,122.33162346303169,7.4193640018366045,1.2262138,False
cell_0047_0062,122.32707220192897,7.4238797424927725,122.3225344877393,7.419350283300212,122.33160982081571,7.428409179327882,1.1465806,False
cell_0047_0063,122.32705844142056,7.43292490969886,122.32252062592903,7.428395443885451,122.33159616149325,7.437454353117207,0.9926965,False
cell_0047_0064,122.32704466368705,7.441970073200468,122.32250674677687,7.43744060076808,122.33158248506253,7.446499523200179,1.0368215,False
cell_0047_0065,122.32703086872677,7.451015232993182,122.3224928502811,7.446485753943687,122.33156879152183,7.455544689572382,1.1771581,False
cell_0047_0066,122.327017056538,7.460060389072603,122.32247893643995,7.455530903407867,122.33155508086946,7.464589852229425,1.2787796,False
cell_0047_0067,122.32700322711895,7.4691055414343195,122.3224650052517,7.464576049156215,122.33154135310372,7.4736350111668886,0.9314641,False
cell_0048_0050,122.33629536972578,7.315350881797218,122.33175894470877,7.310821584793393,122.34083170086542,7.319880156781082,0.73870105,False
cell_0048_0051,122.33628199826705,7.324396109898026,122.3317454734641,7.319866806364279,122.34081842907698,7.328925391374207,0.7681364,False
cell_0048_0052,122.33626860983557,7.333441334347904,122.33173198512995,7.328912024286112,122.34080514043235,7.337970622314521,0.76956815,False
cell_0048_0053,122.33625520442956,7.342486555142433,122.33171847970463,7.337957238554486,122.3407918349299,7.347015849597605,0.863013,False
cell_0048_0054,122.33624178204737,7.351531772277221,122.33170495718642,7.34700244916499,122.34077851256791,7.356061073219057,0.73794496,False
cell_0048_0055,122.3362283426873,7.3605769857478425,122.33169141757367,7.356047656113214,122.34076517334475,7.365106293174469,0.9889358,False
cell_0048_0056,122.33621488634768,7.369622195549895,122.33167786086464,7.365092859394752,122.34075181725873,7.374151509459426,1.0025566,False
cell_0048_0057,122.33620141302683,7.378667401678972,122.33166428705762,7.374138059005187,122.34073844430819,7.383196722069524,0.73724985,False
cell_0048_0058,122.33618792272298,7.387712604130658,122.33165069615094,7.383183254940116,122.34072505449141,7.392241931000361,0.9033312,False
cell_0048_0059,122.33617441543456,7.396757802900556,122.33163708814287,7.39222844719513,122.34071164780676,7.401287136247519,1.0460199,False
cell_0048_0060,122.33616089115975,7.405802997984246,122.33162346303169,7.40127363576582,122.34069822425252,7.410332337806597,0.6548145,False
cell_0048_0061,122.33614734989695,7.414848189377332,122.33160982081571,7.410318820647779,122.340684783827,7.419377535673192,0.8089908,False
cell_0048_0062,122.33613379164439,7.4238933770754025,122.33159616149325,7.4193640018366045,122.34067132652852,7.428422729842894,0.948689,False
cell_0048_0063,122.33612021640043,7.432938561074054,122.33158248506253,7.428409179327882,122.3406578523554,7.437467920311297,0.6194781,False
cell_0048_0064,122.33610662416332,7.441983741368883,122.33156879152183,7.437454353117207,122.34064436130595,7.446513107074,0.76969844,False
cell_0048_0065,122.33609301493132,7.451028917955473,122.33155508086946,7.446499523200179,122.34063085337847,7.455558290126593,1.230889,False
cell_0048_0066,122.33607938870281,7.460074090829426,122.33154135310372,7.455544689572382,122.34061732857124,7.464603469464675,0.9549072,False
cell_0048_0067,122.33606574547603,7.469119259986341,122.33152760822284,7.464589852229425,122.34060378688258,7.473648645083834,0.8786782,False
cell_0049_0013,122.34583100924388,6.980687554660744,122.34129827293677,6.976158579105655,122.35036365598448,6.985216509472964,1.3376077,False
cell_0049_0050,122.34535477131907,7.315364132836453,122.34081842907698,7.310834918539549,122.34989101971975,7.319893324999589,1.2199198,False
cell_0049_0051,122.34534158234545,7.324409377494476,122.34080514043235,7.319880156781082,122.34987793030137,7.328938576036489,1.0381038,False
cell_0049_0052,122.34532837663063,7.3334546185022065,122.3407918349299,7.328925391374207,122.34986482425845,7.337983823421213,0.8602494,False
cell_0049_0053,122.34531515417298,7.342499855855238,122.34077851256791,7.337970622314521,122.34985170158934,7.347029067149342,0.76972914,False
cell_0049_0054,122.3453019149708,7.351545089549154,122.34076517334475,7.347015849597605,122.34983856229239,7.356074307216478,0.8367084,False
cell_0049_0055,122.34528865902247,7.3605903195795515,122.34075181725873,7.356061073219057,122.34982540636595,7.36511954361821,0.90121543,False
cell_0049_0056,122.3452753863263,7.369635545942026,122.34073844430819,7.365106293174469,122.34981223380834,7.374164776350127,1.1072425,False
cell_0049_0057,122.34526209688063,7.378680768632163,122.34072505449141,7.374151509459426,122.34979904461795,7.383210005407824,0.98057973,False
cell_0049_0058,122.3452487906838,7.387725987645555,122.34071164780676,7.383196722069524,122.34978583879312,7.392255230786896,1.0467739,False
cell_0049_0059,122.34523546773413,7.396771202977803,122.34069822425252,7.392241931000361,122.34977261633215,7.401300452482935,0.6119722,False
cell_0049_0060,122.3452221280299,7.405816414624494,122.340684783827,7.401287136247519,122.34975937723341,7.4103456704915365,0.66124225,False
cell_0049_0061,122.34520877156952,7.414861622581227,122.34067132652852,7.410332337806597,122.34974612149524,7.419390884808299,0.6700857,False
cell_0049_0062,122.34519539835128,7.42390682684359,122.3406578523554,7.419377535673192,122.34973284911597,7.428436095428804,0.61399543,False
cell_0049_0063,122.34518200837344,7.432952027407179,122.34064436130595,7.428422729842894,122.34971956009393,7.437481302348661,1.3275117,False
cell_0049_0064,122.34516860163444,7.441997224267593,122.34063085337847,7.437467920311297,122.34970625442743,7.44652650556346,0.84987926,False
cell_0049_0065,122.34515517813247,7.451042417420426,122.34061732857124,7.446513107074,122.34969293211483,7.455571705068797,0.8276726,False
cell_0049_0066,122.34514173786587,7.46008760686127,122.34060378688258,7.455558290126593,122.34967959315445,7.4646169008602685,0.82021254,False
cell_0049_0067,122.34512828083308,7.469132792585729,122.34059022831079,7.464603469464675,122.34966623754458,7.47366209293347,0.7748791,False
cell_0050_0013,122.35488383820014,6.980700019851584,122.3503511805372,6.976171122923418,122.35941640633258,6.9852288959232265,1.2389071,False
cell_0050_0014,122.35487144143669,6.989745412774539,122.35033868852476,6.985216509472964,122.3594041047028,6.994274295182017,1.6858991,False
cell_0050_0051,122.35440118316498,7.324422462778057,122.34986482425845,7.319893324999589,122.3589374481503,7.328951578271319,1.6739163,False
cell_0050_0052,122.35438816016855,7.333467720116111,122.34985170158934,7.328938576036489,122.35892452471076,7.33799684187292,1.2236031,False
cell_0050_0053,122.35437512066089,7.342512973800099,122.34983856229239,7.337983823421213,122.35891158487665,7.347042101818558,0.7540355,False
cell_0050_0054,122.35436206464041,7.351558223825614,122.34982540636595,7.347029067149342,122.35889862864634,7.3560873581038315,0.867109,False
cell_0050_0055,122.3543489921055,7.360603470188241,122.34981223380834,7.356074307216478,122.35888565601827,7.365132610724326,0.90573126,False
cell_0050_0056,122.35433590305442,7.369648712883571,122.34979904461795,7.36511954361821,122.35887266699075,7.374177859675637,0.9123188,False
cell_0050_0057,122.35432279748562,7.3786939519072,122.34978583879312,7.374164776350127,122.35885966156218,7.38322310495336,0.75796974,False
cell_0050_0058,122.35430967539743,7.387739187254728,122.34977261633215,7.383210005407824,122.35884663973093,7.392268346553089,0.8487952,False
cell_0050_0059,122.3542965367882,7.39678441892174,122.34975937723341,7.392255230786896,122.35883360149532,7.401313584470417,0.7099555,False
cell_0050_0060,122.35428338165626,7.405829646903833,122.34974612149524,7.401300452482935,122.35882054685378,7.41035881870094,0.77860427,False
cell_0050_0061,122.35427020999998,7.414874871196606,122.34973284911597,7.4103456704915365,122.35880747580461,7.419404049240253,0.53370434,False
cell_0050_0062,122.35425702181767,7.423920091795643,122.34971956009393,7.419390884808299,122.3587943883462,7.428449276083953,0.6635191,False
cell_0050_0064,122.35423059586844,7.442010521894929,122.34969293211483,7.437481302348661,122.35876816419503,7.4465397186668945,0.71718013,False
cell_0050_0065,122.35421735809818,7.451055731386362,122.34967959315445,7.44652650556346,122.35875502749899,7.455584934397332,0.74572337,False
cell_0050_0066,122.35420410379527,7.4601009371664535,122.34966623754458,7.455571705068797,122.3587418743871,7.4646301464145415,0.6476758,False
cell_0051_0052,122.36344796021767,7.333480639187993,122.35891158487665,7.328951578271319,122.3679842415576,7.3380096776680315,1.5242077,False
cell_0051_0053,122.36343510366163,7.342525908975412,122.35889862864634,7.33799684187292,122.36797148456009,7.347054953603635,1.0898621,False
cell_0051_0054,122.3634222308245,7.351571175104967,122.35888565601827,7.347042101818558,122.36795871139812,7.3561002258794925,1.1790774,False
cell_0051_0055,122.36340934170457,7.360616437572268,122.35887266699075,7.3560873581038315,122.36794592207002,7.365145494491195,0.75516665,False
cell_0051_0056,122.36339643630029,7.369661696372899,122.35885966156218,7.365132610724326,122.36793311657422,7.374190759434335,0.7646965,False
cell_0051_0057,122.36338351461004,7.3787069515024495,122.35884663973093,7.374177859675637,122.36792029490911,7.383236020704505,0.78266037,False
cell_0051_0058,122.36337057663214,7.387752202956532,122.35883360149532,7.38322310495336,122.36790745707304,7.3922812782973075,0.79094344,False
cell_0051_0059,122.363357622365,7.396797450730717,122.35882054685378,7.392268346553089,122.36789460306449,7.40132653220833,1.245904,False
cell_0052_0053,122.37249510294352,7.342538661379544,122.36795871139812,7.3380096776680315,122.37703140040806,7.347067622502971,1.349864,False
cell_0052_0054,122.37248241329134,7.351583943385606,122.36794592207002,7.347054953603635,122.37701881031599,7.356112910541863,0.9677264,False
cell_0052_0055,122.37246970758808,7.360629221730023,122.36793311657422,7.3561002258794925,122.37700620428949,7.365158194917213,0.96337837,False
cell_0052_0056,122.37245698583217,7.36967449640839,122.36792029490911,7.365145494491195,122.376993582327,7.3742034756246095,0.8950088,False
cell_0052_0057,122.37244424802205,7.3787197674163,122.36790745707304,7.374190759434335,122.37698094442695,7.383248752659655,0.8561624,False
cell_0052_0058,122.37243149415606,7.387765034749343,122.36789460306449,7.383236020704505,122.37696829058773,7.392294026017942,1.2280942,False
cell_0052_0059,122.37241872423265,7.396810298403125,122.36788173288171,7.3922812782973075,122.37695562080778,7.401339295695063,1.1952763,False
cell_0052_0060,122.37240593825015,7.405855558373229,122.3678688465232,7.40132653220833,122.37694293508545,7.4103845616866195,1.4273018,False
cell_0052_0061,122.37239313620701,7.414900814655262,122.3678559439873,7.410371782433171,122.3769302334192,7.419429823988211,1.3498268,False
cell_0053_0055,122.38153008952422,7.360641822659923,122.376993582327,7.356112910541863,122.38606650244496,7.365170712000802,1.2701252,False
cell_0053_0056,122.38151755141833,7.3696871129884585,122.37698094442695,7.365158194917213,122.38605406401739,7.374216008244887,1.3303576,False
cell_0053_0057,122.3815049974899,7.3787323996471414,122.37696829058773,7.3742034756246095,122.38604160988397,7.383261300817222,1.0452688,False
cell_0053_0058,122.38149242773747,7.387777682631573,122.37695562080778,7.383248752659655,122.38602914004318,7.392306589713406,0.8635193,False
cell_0053_0059,122.38147984215935,7.3968229619373504,122.37694293508545,7.392294026017942,122.38601665449342,7.401351874929031,1.0944091,False
cell_0054_0057,122.39056576278188,7.378744848193415,122.38602914004318,7.374216008244887,122.39510229104837,7.383273665175649,1.1386166,False
cell_0054_0058,122.39055337714451,7.387790146601649,122.38601665449342,7.383261300817222,122.39509000520755,7.3923189693821385,1.2273128,False
cell_0054_0059,122.39054097591327,7.396835441331828,122.38600415323312,7.392306589713406,122.39507770388957,7.401364269908669,1.6607509,False
cell_0055_0059,122.39960212526263,7.396847736585002,122.39506538709288,7.3923189693821385,122.40413876876447,7.401376480632433,0.79011655,False
cell_0056_0054,122.40872330135211,7.351633186489597,122.40418714563695,7.347104531870906,122.41325936301452,7.356161818027244,0.66943204,False
cell_0056_0055,122.40871132933123,7.3606785260669065,122.40417507428383,7.356149865833578,122.41324749021003,7.3652071631815375,0.88293505,False
cell_0058_0058,122.42679732839296,7.387838163329745,122.42226094402308,7.383309655440828,122.43133361831883,7.392366647759322,0.6870217,False
