{
"type": "FeatureCollection",
"name": "grid_cells",
"crs": { "type": "name", "properties": { "name": "urn:ogc:def:crs:OGC:1.3:CRS84" } },
"features": [
{ "type": "Feature", "properties": { "grid_id": "17_0", "x_idx": 17, "y_idx": 0 }, "geometry": { "type": "Polygon", "coordinates": [ [ [ 122.05141634779784, 6.858104329000045 ], [ 122.060469978962416, 6.858104329000045 ], [ 122.060469978962416, 6.867087440749955 ], [ 122.05141634779784, 6.867087440749955 ], [ 122.05141634779784, 6.858104329000045 ] ] ] } },
{ "type": "Feature", "properties": { "grid_id": "18_0", "x_idx": 18, "y_idx": 0 }, "geometry": { "type": "Polygon", "coordinates": [ [ [ 122.060469978962402, 6.858104329000045 ], [ 122.069523610126978, 6.858104329000045 ], [ 122.069523610126978, 6.867087440749955 ], [ 122.060469978962402, 6.867087440749955 ], [ 122.060469978962402, 6.858104329000045 ] ] ] } },
{ "type": "Feature", "properties": { "grid_id": "19_0", "x_idx": 19, "y_idx": 0 }, "geometry": { "type": "Polygon", "coordinates": [ [ [ 122.069523610126978, 6.858104329000045 ], [ 122.078577241291555, 6.858104329000045 ], [ 122.078577241291555, 6.867087440749955 ], [ 122.069523610126978, 6.867087440749955 ], [ 122.069523610126978, 6.858104329000045 ] ] ] } },
{ "type": "Feature", "properties": { "grid_id": "16_1", "x_idx": 16, "y_idx": 1 }, "geometry": { "type": "Polygon", "coordinates": [ [ [ 122.042362716633264, 6.867087440749955 ], [ 122.05141634779784, 6.867087440749955 ], [ 122.05141634779784, 6.876070552499866 ], [ 122.042362716633264, 6.876070552499866 ], [ 122.042362716633264, 6.867087440749955 ] ] ] } },
{ "type": "Feature", "properties": { "grid_id": "17_1", "x_idx": 17, "y_idx": 1 }, "geometry": { "type": "Polygon", "coordinates": [ [ [ 122.05141634779784, 6.867087440749955 ], [ 122.060469978962416, 6.867087440749955 ], [ 122.060469978962416, 6.876070552499866 ], [ 122.05141634779784, 6.876070552499866 ], [ 122.05141634779784, 6.867087440749955 ] ] ] } },
{ "type": "Feature", "properties": { "grid_id": "18_1", "x_idx": 18, "y_idx": 1 }, "geometry": { "type": "Polygon", "coordinates": [ [ [ 122.060469978962402, 6.867087440749955 ], [ 122.069523610126978, 6.867087440749955 ], [ 122.069523610126978, 6.876070552499866 ], [ 122.060469978962402, 6.876070552499866 ], [ 122.060469978962402, 6.867087440749955 ] ] ] } },
{ "type": "Feature", "properties": { "grid_id": "19_1", "x_idx": 19, "y_idx": 1 }, "geometry": { "type": "Polygon", "coordinates": [ [ [ 122.069523610126978, 6.867087440749955 ], [ 122.078577241291555, 6.867087440749955 ], [ 122.078577241291555, 6.876070552499866 ], [ 122.069523610126978, 6.876070552499866 ], [ 122.069523610126978, 6.867087440749955 ] ] ] } },
{ "type": "Feature", "properties": { "grid_id": "42_1", "x_idx": 42, "y_idx": 1 }, "geometry": { "type": "Polygon", "coordinates": [ [ [ 122.277757126912149, 6.867087440749955 ], [ 122.286810758076726, 6.867087440749955 ], [ 122.286810758076726, 6.876070552499866 ], [ 122.277757126912149, 6.876070552499866 ], [ 122.277757126912149, 6.867087440749955 ] ] ] } },
{ "type": "Feature", "properties": { "grid_id": "43_1", "x_idx": 43, "y_idx": 1 }, "geometry": { "type": "Polygon", "coordinates": [ [ [ 122.286810758076726, 6.867087440749955 ], [ 122.295864389241302, 6.867087440749955 ], [ 122.295864389241302, 6.876070552499866 ], [ 122.286810758076726, 6.876070552499866 ], [ 122.286810758076726, 6.867087440749955 ] ] ] } },
{ "type": "Feature", "properties": { "grid_id": "44_1", "x_idx": 44, "y_idx": 1 }, "geometry": { "type": "Polygon", "coordinates": [ [ [ 122.295864389241302, 6.867087440749955 ], [ 122.304918020405879, 6.867087440749955 ], [ 122.304918020405879, 6.876070552499866 ], [ 122.295864389241302, 6.876070552499866 ], [ 122.295864389241302, 6.867087440749955 ] ] ] } },
{ "type": "Feature", "properties": { "grid_id": "15_2", "x_idx": 15, "y_idx": 2 }, "geometry": { "type": "Polygon", "coordinates": [ [ [ 122.033309085468687, 6.876070552499865 ], [ 122.042362716633264, 6.876070552499865 ], [ 122.042362716633264, 6.885053664249775 ], [ 122.033309085468687, 6.885053664249775 ], [ 122.033309085468687, 6.876070552499865 ] ] ] } },
{ "type": "Feature", "properties": { "grid_id": "16_2", "x_idx": 16, "y_idx": 2 }, "geometry": { "type": "Polygon", "coordinates": [ [ [ 122.042362716633264, 6.876070552499865 ], [ 122.05141634779784, 6.876070552499865 ], [ 122.05141634779784, 6.885053664249775 ], [ 122.042362716633264, 6.885053664249775 ], [ 122.042362716633264, 6.876070552499865 ] ] ] } },
{ "type": "Feature", "properties": { "grid_id": "26_2", "x_idx": 26, "y_idx": 2 }, "geometry": { "type": "Polygon", "coordinates": [ [ [ 122.132899028278985, 6.876070552499865 ], [ 122.141952659443561, 6.876070552499865 ], [ 122.141952659443561, 6.885053664249775 ], [ 122.132899028278985, 6.885053664249775 ], [ 122.132899028278985, 6.876070552499865 ] ] ] } },
{ "type": "Feature", "properties": { "grid_id": "27_2", "x_idx": 27, "y_idx": 2 }, "geometry": { "type": "Polygon", "coordinates": [ [ [ 122.141952659443561, 6.876070552499865 ], [ 122.151006290608137, 6.876070552499865 ], [ 122.151006290608137, 6.885053664249775 ], [ 122.141952659443561, 6.885053664249775 ], [ 122.141952659443561, 6.876070552499865 ] ] ] } },
{ "type": "Feature", "properties": { "grid_id": "28_2", "x_idx": 28, "y_idx": 2 }, "geometry": { "type": "Polygon", "coordinates": [ [ [ 122.151006290608137, 6.876070552499865 ], [ 122.160059921772714, 6.876070552499865 ], [ 122.160059921772714, 6.885053664249775 ], [ 122.151006290608137, 6.885053664249775 ], [ 122.151006290608137, 6.876070552499865 ] ] ] } },
{ "type": "Feature", "properties": { "grid_id": "41_2", "x_idx": 41, "y_idx": 2 }, "geometry": { "type": "Polygon", "coordinates": [ [ [ 122.268703495747573, 6.876070552499865 ], [ 122.277757126912149, 6.876070552499865 ], [ 122.277757126912149, 6.885053664249775 ], [ 122.268703495747573, 6.885053664249775 ], [ 122.268703495747573, 6.876070552499865 ] ] ] } },
{ "type": "Feature", "properties": { "grid_id": "42_2", "x_idx": 42, "y_idx": 2 }, "geometry": { "type": "Polygon", "coordinates": [ [ [ 122.277757126912149, 6.876070552499865 ], [ 122.286810758076726, 6.876070552499865 ], [ 122.286810758076726, 6.885053664249775 ], [ 122.277757126912149, 6.885053664249775 ], [ 122.277757126912149, 6.876070552499865 ] ] ] } },
{ "type": "Feature", "properties": { "grid_id": "43_2", "x_idx": 43, "y_idx": 2 }, "geometry": { "type": "Polygon", "coordinates": [ [ [ 122.286810758076726, 6.876070552499865 ], [ 122.295864389241302, 6.876070552499865 ], [ 122.295864389241302, 6.885053664249775 ], [ 122.286810758076726, 6.885053664249775 ], [ 122.286810758076726, 6.876070552499865 ] ] ] } },
{ "type": "Feature", "properties": { "grid_id": "44_2", "x_idx": 44, "y_idx": 2 }, "geometry": { "type": "Polygon", "coordinates": [ [ [ 122.295864389241302, 6.876070552499865 ], [ 122.304918020405879, 6.876070552499865 ], [ 122.304918020405879, 6.885053664249775 ], [ 122.295864389241302, 6.885053664249775 ], [ 122.295864389241302, 6.876070552499865 ] ] ] } },
{ "type": "Feature", "properties": { "grid_id": "15_3", "x_idx": 15, "y_idx": 3 }, "geometry": { "type": "Polygon", "coordinates": [ [ [ 122.033309085468687, 6.885053664249775 ], [ 122.042362716633264, 6.885053664249775 ], [ 122.042362716633264, 6.894036775999686 ], [ 122.033309085468687, 6.894036775999686 ], [ 122.033309085468687, 6.885053664249775 ] ] ] } },
{ "type": "Feature", "properties": { "grid_id": "16_3", "x_idx": 16, "y_idx": 3 }, "geometry": { "type": "Polygon", "coordinates": [ [ [ 122.042362716633264, 6.885053664249775 ], [ 122.05141634779784, 6.885053664249775 ], [ 122.05141634779784, 6.894036775999686 ], [ 122.042362716633264, 6.894036775999686 ], [ 122.042362716633264, 6.885053664249775 ] ] ] } },
{ "type": "Feature", "properties": { "grid_id": "21_3", "x_idx": 21, "y_idx": 3 }, "geometry": { "type": "Polygon", "coordinates": [ [ [ 122.087630872456131, 6.885053664249775 ], [ 122.096684503620708, 6.885053664249775 ], [ 122.096684503620708, 6.894036775999686 ], [ 122.087630872456131, 6.894036775999686 ], [ 122.087630872456131, 6.885053664249775 ] ] ] } },
{ "type": "Feature", "properties": { "grid_id": "22_3", "x_idx": 22, "y_idx": 3 }, "geometry": { "type": "Polygon", "coordinates": [ [ [ 122.096684503620693, 6.885053664249775 ], [ 122.10573813478527, 6.885053664249775 ], [ 122.10573813478527, 6.894036775999686 ], [ 122.096684503620693, 6.894036775999686 ], [ 122.096684503620693, 6.885053664249775 ] ] ] } },
{ "type": "Feature", "properties": { "grid_id": "23_3", "x_idx": 23, "y_idx": 3 }, "geometry": { "type": "Polygon", "coordinates": [ [ [ 122.10573813478527, 6.885053664249775 ], [ 122.114791765949846, 6.885053664249775 ], [ 122.114791765949846, 6.894036775999686 ], [ 122.10573813478527, 6.894036775999686 ], [ 122.10573813478527, 6.885053664249775 ] ] ] } },
{ "type": "Feature", "properties": { "grid_id": "24_3", "x_idx": 24, "y_idx": 3 }, "geometry": { "type": "Polygon", "coordinates": [ [ [ 122.114791765949846, 6.885053664249775 ], [ 122.123845397114422, 6.885053664249775 ], [ 122.123845397114422, 6.894036775999686 ], [ 122.114791765949846, 6.894036775999686 ], [ 122.114791765949846, 6.885053664249775 ] ] ] } },
{ "type": "Feature", "properties": { "grid_id": "25_3", "x_idx": 25, "y_idx": 3 }, "geometry": { "type": "Polygon", "coordinates": [ [ [ 122.123845397114408, 6.885053664249775 ], [ 122.132899028278985, 6.885053664249775 ], [ 122.132899028278985, 6.894036775999686 ], [ 122.123845397114408, 6.894036775999686 ], [ 122.123845397114408, 6.885053664249775 ] ] ] } },
{ "type": "Feature", "properties": { "grid_id": "26_3", "x_idx": 26, "y_idx": 3 }, "geometry": { "type": "Polygon", "coordinates": [ [ [ 122.132899028278985, 6.885053664249775 ], [ 122.141952659443561, 6.885053664249775 ], [ 122.141952659443561, 6.894036775999686 ], [ 122.132899028278985, 6.894036775999686 ], [ 122.132899028278985, 6.885053664249775 ] ] ] } },
{ "type": "Feature", "properties": { "grid_id": "27_3", "x_idx": 27, "y_idx": 3 }, "geometry": { "type": "Polygon", "coordinates": [ [ [ 122.141952659443561, 6.885053664249775 ], [ 122.151006290608137, 6.885053664249775 ], [ 122.151006290608137, 6.894036775999686 ], [ 122.141952659443561, 6.894036775999686 ], [ 122.141952659443561, 6.885053664249775 ] ] ] } },
{ "type": "Feature", "properties": { "grid_id": "28_3", "x_idx": 28, "y_idx": 3 }, "geometry": { "type": "Polygon", "coordinates": [ [ [ 122.151006290608137, 6.885053664249775 ], [ 122.160059921772714, 6.885053664249775 ], [ 122.160059921772714, 6.894036775999686 ], [ 122.151006290608137, 6.894036775999686 ], [ 122.151006290608137, 6.885053664249775 ] ] ] } },
{ "type": "Feature", "properties": { "grid_id": "29_3", "x_idx": 29, "y_idx": 3 }, "geometry": { "type": "Polygon", "coordinates": [ [ [ 122.160059921772699, 6.885053664249775 ], [ 122.169113552937276, 6.885053664249775 ], [ 122.169113552937276, 6.894036775999686 ], [ 122.160059921772699, 6.894036775999686 ], [ 122.160059921772699, 6.885053664249775 ] ] ] } },
{ "type": "Feature", "properties": { "grid_id": "30_3", "x_idx": 30, "y_idx": 3 }, "geometry": { "type": "Polygon", "coordinates": [ [ [ 122.169113552937276, 6.885053664249775 ], [ 122.178167184101852, 6.885053664249775 ], [ 122.178167184101852, 6.894036775999686 ], [ 122.169113552937276, 6.894036775999686 ], [ 122.169113552937276, 6.885053664249775 ] ] ] } },
{ "type": "Feature", "properties": { "grid_id": "41_3", "x_idx": 41, "y_idx": 3 }, "geometry": { "type": "Polygon", "coordinates": [ [ [ 122.268703495747573, 6.885053664249775 ], [ 122.277757126912149, 6.885053664249775 ], [ 122.277757126912149, 6.894036775999686 ], [ 122.268703495747573, 6.894036775999686 ], [ 122.268703495747573, 6.885053664249775 ] ] ] } },
{ "type": "Feature", "properties": { "grid_id": "42_3", "x_idx": 42, "y_idx": 3 }, "geometry": { "type": "Polygon", "coordinates": [ [ [ 122.277757126912149, 6.885053664249775 ], [ 122.286810758076726, 6.885053664249775 ], [ 122.286810758076726, 6.894036775999686 ], [ 122.277757126912149, 6.894036775999686 ], [ 122.277757126912149, 6.885053664249775 ] ] ] } },
{ "type": "Feature", "properties": { "grid_id": "43_3", "x_idx": 43, "y_idx": 3 }, "geometry": { "type": "Polygon", "coordinates": [ [ [ 122.286810758076726, 6.885053664249775 ], [ 122.295864389241302, 6.885053664249775 ], [ 122.295864389241302, 6.894036775999686 ], [ 122.286810758076726, 6.894036775999686 ], [ 122.286810758076726, 6.885053664249775 ] ] ] } },
{ "type": "Feature", "properties": { "grid_id": "19_4", "x_idx": 19, "y_idx": 4 }, "geometry": { "type": "Polygon", "coordinates": [ [ [ 122.069523610126978, 6.894036775999686 ], [ 122.078577241291555, 6.894036775999686 ], [ 122.078577241291555, 6.903019887749596 ], [ 122.069523610126978, 6.903019887749596 ], [ 122.069523610126978, 6.894036775999686 ] ] ] } },
{ "type": "Feature", "properties": { "grid_id": "20_4", "x_idx": 20, "y_idx": 4 }, "geometry": { "type": "Polygon", "coordinates": [ [ [ 122.078577241291555, 6.894036775999686 ], [ 122.087630872456131, 6.894036775999686 ], [ 122.087630872456131, 6.903019887749596 ], [ 122.078577241291555, 6.903019887749596 ], [ 122.078577241291555, 6.894036775999686 ] ] ] } },
{ "type": "Feature", "properties": { "grid_id": "21_4", "x_idx": 21, "y_idx": 4 }, "geometry": { "type": "Polygon", "coordinates": [ [ [ 122.087630872456131, 6.894036775999686 ], [ 122.096684503620708, 6.894036775999686 ], [ 122.096684503620708, 6.903019887749596 ], [ 122.087630872456131, 6.903019887749596 ], [ 122.087630872456131, 6.894036775999686 ] ] ] } },
{ "type": "Feature", "properties": { "grid_id": "22_4", "x_idx": 22, "y_idx": 4 }, "geometry": { "type": "Polygon", "coordinates": [ [ [ 122.096684503620693, 6.894036775999686 ], [ 122.10573813478527, 6.894036775999686 ], [ 122.10573813478527, 6.903019887749596 ], [ 122.096684503620693, 6.903019887749596 ], [ 122.096684503620693, 6.894036775999686 ] ] ] } },
{ "type": "Feature", "properties": { "grid_id": "23_4", "x_idx": 23, "y_idx": 4 }, "geometry": { "type": "Polygon", "coordinates": [ [ [ 122.10573813478527, 6.894036775999686 ], [ 122.114791765949846, 6.894036775999686 ], [ 122.114791765949846, 6.903019887749596 ], [ 122.10573813478527, 6.903019887749596 ], [ 122.10573813478527, 6.894036775999686 ] ] ] } },
{ "type": "Feature", "properties": { "grid_id": "24_4", "x_idx": 24, "y_idx": 4 }, "geometry": { "type": "Polygon", "coordinates": [ [ [ 122.114791765949846, 6.894036775999686 ], [ 122.123845397114422, 6.894036775999686 ], [ 122.123845397114422, 6.903019887749596 ], [ 122.114791765949846, 6.903019887749596 ], [ 122.114791765949846, 6.894036775999686 ] ] ] } },
{ "type": "Feature", "properties": { "grid_id": "25_4", "x_idx": 25, "y_idx": 4 }, "geometry": { "type": "Polygon", "coordinates": [ [ [ 122.123845397114408, 6.894036775999686 ], [ 122.132899028278985, 6.894036775999686 ], [ 122.132899028278985, 6.903019887749596 ], [ 122.123845397114408, 6.903019887749596 ], [ 122.123845397114408, 6.894036775999686 ] ] ] } },
{ "type": "Feature", "properties": { "grid_id": "26_4", "x_idx": 26, "y_idx": 4 }, "geometry": { "type": "Polygon", "coordinates": [ [ [ 122.132899028278985, 6.894036775999686 ], [ 122.141952659443561, 6.894036775999686 ], [ 122.141952659443561, 6.903019887749596 ], [ 122.132899028278985, 6.903019887749596 ], [ 122.132899028278985, 6.894036775999686 ] ] ] } },
{ "type": "Feature", "properties": { "grid_id": "29_4", "x_idx": 29, "y_idx": 4 }, "geometry": { "type": "Polygon", "coordinates": [ [ [ 122.160059921772699, 6.894036775999686 ], [ 122.169113552937276, 6.894036775999686 ], [ 122.169113552937276, 6.903019887749596 ], [ 122.160059921772699, 6.903019887749596 ], [ 122.160059921772699, 6.894036775999686 ] ] ] } },
{ "type": "Feature", "properties": { "grid_id": "16_5", "x_idx": 16, "y_idx": 5 }, "geometry": { "type": "Polygon", "coordinates": [ [ [ 122.042362716633264, 6.903019887749596 ], [ 122.05141634779784, 6.903019887749596 ], [ 122.05141634779784, 6.912002999499506 ], [ 122.042362716633264, 6.912002999499506 ], [ 122.042362716633264, 6.903019887749596 ] ] ] } },
{ "type": "Feature", "properties": { "grid_id": "17_5", "x_idx": 17, "y_idx": 5 }, "geometry": { "type": "Polygon", "coordinates": [ [ [ 122.05141634779784, 6.903019887749596 ], [ 122.060469978962416, 6.903019887749596 ], [ 122.060469978962416, 6.912002999499506 ], [ 122.05141634779784, 6.912002999499506 ], [ 122.05141634779784, 6.903019887749596 ] ] ] } },
{ "type": "Feature", "properties": { "grid_id": "18_5", "x_idx": 18, "y_idx": 5 }, "geometry": { "type": "Polygon", "coordinates": [ [ [ 122.060469978962402, 6.903019887749596 ], [ 122.069523610126978, 6.903019887749596 ], [ 122.069523610126978, 6.912002999499506 ], [ 122.060469978962402, 6.912002999499506 ], [ 122.060469978962402, 6.903019887749596 ] ] ] } },
{ "type": "Feature", "properties": { "grid_id": "19_5", "x_idx": 19, "y_idx": 5 }, "geometry": { "type": "Polygon", "coordinates": [ [ [ 122.069523610126978, 6.903019887749596 ], [ 122.078577241291555, 6.903019887749596 ], [ 122.078577241291555, 6.912002999499506 ], [ 122.069523610126978, 6.912002999499506 ], [ 122.069523610126978, 6.903019887749596 ] ] ] } },
{ "type": "Feature", "properties": { "grid_id": "20_5", "x_idx": 20, "y_idx": 5 }, "geometry": { "type": "Polygon", "coordinates": [ [ [ 122.078577241291555, 6.903019887749596 ], [ 122.087630872456131, 6.903019887749596 ], [ 122.087630872456131, 6.912002999499506 ], [ 122.078577241291555, 6.912002999499506 ], [ 122.078577241291555, 6.903019887749596 ] ] ] } },
{ "type": "Feature", "properties": { "grid_id": "21_5", "x_idx": 21, "y_idx": 5 }, "geometry": { "type": "Polygon", "coordinates": [ [ [ 122.087630872456131, 6.903019887749596 ], [ 122.096684503620708, 6.903019887749596 ], [ 122.096684503620708, 6.912002999499506 ], [ 122.087630872456131, 6.912002999499506 ], [ 122.087630872456131, 6.903019887749596 ] ] ] } },
{ "type": "Feature", "properties": { "grid_id": "22_5", "x_idx": 22, "y_idx": 5 }, "geometry": { "type": "Polygon", "coordinates": [ [ [ 122.096684503620693, 6.903019887749596 ], [ 122.10573813478527, 6.903019887749596 ], [ 122.10573813478527, 6.912002999499506 ], [ 122.096684503620693, 6.912002999499506 ], [ 122.096684503620693, 6.903019887749596 ] ] ] } },
{ "type": "Feature", "properties": { "grid_id": "23_5", "x_idx": 23, "y_idx": 5 }, "geometry": { "type": "Polygon", "coordinates": [ [ [ 122.10573813478527, 6.903019887749596 ], [ 122.114791765949846, 6.903019887749596 ], [ 122.114791765949846, 6.912002999499506 ], [ 122.10573813478527, 6.912002999499506 ], [ 122.10573813478527, 6.903019887749596 ] ] ] } },
{ "type": "Feature", "properties": { "grid_id": "24_5", "x_idx": 24, "y_idx": 5 }, "geometry": { "type": "Polygon", "coordinates": [ [ [ 122.114791765949846, 6.903019887749596 ], [ 122.123845397114422, 6.903019887749596 ], [ 122.123845397114422, 6.912002999499506 ], [ 122.114791765949846, 6.912002999499506 ], [ 122.114791765949846, 6.903019887749596 ] ] ] } },
{ "type": "Feature", "properties": { "grid_id": "25_5", "x_idx": 25, "y_idx": 5 }, "geometry": { "type": "Polygon", "coordinates": [ [ [ 122.123845397114408, 6.903019887749596 ], [ 122.132899028278985, 6.903019887749596 ], [ 122.132899028278985, 6.912002999499506 ], [ 122.123845397114408, 6.912002999499506 ], [ 122.123845397114408, 6.903019887749596 ] ] ] } },
{ "type": "Feature", "properties": { "grid_id": "26_5", "x_idx": 26, "y_idx": 5 }, "geometry": { "type": "Polygon", "coordinates": [ [ [ 122.132899028278985, 6.903019887749596 ], [ 122.141952659443561, 6.903019887749596 ], [ 122.141952659443561, 6.912002999499506 ], [ 122.132899028278985, 6.912002999499506 ], [ 122.132899028278985, 6.903019887749596 ] ] ] } },
{ "type": "Feature", "properties": { "grid_id": "27_5", "x_idx": 27, "y_idx": 5 }, "geometry": { "type": "Polygon", "coordinates": [ [ [ 122.141952659443561, 6.903019887749596 ], [ 122.151006290608137, 6.903019887749596 ], [ 122.151006290608137, 6.912002999499506 ], [ 122.141952659443561, 6.912002999499506 ], [ 122.141952659443561, 6.903019887749596 ] ] ] } },
{ "type": "Feature", "properties": { "grid_id": "28_5", "x_idx": 28, "y_idx": 5 }, "geometry": { "type": "Polygon", "coordinates": [ [ [ 122.151006290608137, 6.903019887749596 ], [ 122.160059921772714, 6.903019887749596 ], [ 122.160059921772714, 6.912002999499506 ], [ 122.151006290608137, 6.912002999499506 ], [ 122.151006290608137, 6.903019887749596 ] ] ] } },
{ "type": "Feature", "properties": { "grid_id": "13_6", "x_idx": 13, "y_idx": 6 }, "geometry": { "type": "Polygon", "coordinates": [ [ [ 122.015201823139549, 6.912002999499506 ], [ 122.024255454304125, 6.912002999499506 ], [ 122.024255454304125, 6.920986111249416 ], [ 122.015201823139549, 6.920986111249416 ], [ 122.015201823139549, 6.912002999499506 ] ] ] } },
{ "type": "Feature", "properties": { "grid_id": "14_6", "x_idx": 14, "y_idx": 6 }, "geometry": { "type": "Polygon", "coordinates": [ [ [ 122.024255454304111, 6.912002999499506 ], [ 122.033309085468687, 6.912002999499506 ], [ 122.033309085468687, 6.920986111249416 ], [ 122.024255454304111, 6.920986111249416 ], [ 122.024255454304111, 6.912002999499506 ] ] ] } },
{ "type": "Feature", "properties": { "grid_id": "15_6", "x_idx": 15, "y_idx": 6 }, "geometry": { "type": "Polygon", "coordinates": [ [ [ 122.033309085468687, 6.912002999499506 ], [ 122.042362716633264, 6.912002999499506 ], [ 122.042362716633264, 6.920986111249416 ], [ 122.033309085468687, 6.920986111249416 ], [ 122.033309085468687, 6.912002999499506 ] ] ] } },
{ "type": "Feature", "properties": { "grid_id": "16_6", "x_idx": 16, "y_idx": 6 }, "geometry": { "type": "Polygon", "coordinates": [ [ [ 122.042362716633264, 6.912002999499506 ], [ 122.05141634779784, 6.912002999499506 ], [ 122.05141634779784, 6.920986111249416 ], [ 122.042362716633264, 6.920986111249416 ], [ 122.042362716633264, 6.912002999499506 ] ] ] } },
{ "type": "Feature", "properties": { "grid_id": "17_6", "x_idx": 17, "y_idx": 6 }, "geometry": { "type": "Polygon", "coordinates": [ [ [ 122.05141634779784, 6.912002999499506 ], [ 122.060469978962416, 6.912002999499506 ], [ 122.060469978962416, 6.920986111249416 ], [ 122.05141634779784, 6.920986111249416 ], [ 122.05141634779784, 6.912002999499506 ] ] ] } },
{ "type": "Feature", "properties": { "grid_id": "18_6", "x_idx": 18, "y_idx": 6 }, "geometry": { "type": "Polygon", "coordinates": [ [ [ 122.060469978962402, 6.912002999499506 ], [ 122.069523610126978, 6.912002999499506 ], [ 122.069523610126978, 6.920986111249416 ], [ 122.060469978962402, 6.920986111249416 ], [ 122.060469978962402, 6.912002999499506 ] ] ] } },
{ "type": "Feature", "properties": { "grid_id": "19_6", "x_idx": 19, "y_idx": 6 }, "geometry": { "type": "Polygon", "coordinates": [ [ [ 122.069523610126978, 6.912002999499506 ], [ 122.078577241291555, 6.912002999499506 ], [ 122.078577241291555, 6.920986111249416 ], [ 122.069523610126978, 6.920986111249416 ], [ 122.069523610126978, 6.912002999499506 ] ] ] } },
{ "type": "Feature", "properties": { "grid_id": "20_6", "x_idx": 20, "y_idx": 6 }, "geometry": { "type": "Polygon", "coordinates": [ [ [ 122.078577241291555, 6.912002999499506 ], [ 122.087630872456131, 6.912002999499506 ], [ 122.087630872456131, 6.920986111249416 ], [ 122.078577241291555, 6.920986111249416 ], [ 122.078577241291555, 6.912002999499506 ] ] ] } },
{ "type": "Feature", "properties": { "grid_id": "21_6", "x_idx": 21, "y_idx": 6 }, "geometry": { "type": "Polygon", "coordinates": [ [ [ 122.087630872456131, 6.912002999499506 ], [ 122.096684503620708, 6.912002999499506 ], [ 122.096684503620708, 6.920986111249416 ], [ 122.087630872456131, 6.920986111249416 ], [ 122.087630872456131, 6.912002999499506 ] ] ] } },
{ "type": "Feature", "properties": { "grid_id": "22_6", "x_idx": 22, "y_idx": 6 }, "geometry": { "type": "Polygon", "coordinates": [ [ [ 122.096684503620693, 6.912002999499506 ], [ 122.10573813478527, 6.912002999499506 ], [ 122.10573813478527, 6.920986111249416 ], [ 122.096684503620693, 6.920986111249416 ], [ 122.096684503620693, 6.912002999499506 ] ] ] } },
{ "type": "Feature", "properties": { "grid_id": "23_6", "x_idx": 23, "y_idx": 6 }, "geometry": { "type": "Polygon", "coordinates": [ [ [ 122.10573813478527, 6.912002999499506 ], [ 122.114791765949846, 6.912002999499506 ], [ 122.114791765949846, 6.920986111249416 ], [ 122.10573813478527, 6.920986111249416 ], [ 122.10573813478527, 6.912002999499506 ] ] ] } },
{ "type": "Feature", "properties": { "grid_id": "24_6", "x_idx": 24, "y_idx": 6 }, "geometry": { "type": "Polygon", "coordinates": [ [ [ 122.114791765949846, 6.912002999499506 ], [ 122.123845397114422, 6.912002999499506 ], [ 122.123845397114422, 6.920986111249416 ], [ 122.114791765949846, 6.920986111249416 ], [ 122.114791765949846, 6.912002999499506 ] ] ] } },
{ "type": "Feature", "properties": { "grid_id": "25_6", "x_idx": 25, "y_idx": 6 }, "geometry": { "type": "Polygon", "coordinates": [ [ [ 122.123845397114408, 6.912002999499506 ], [ 122.132899028278985, 6.912002999499506 ], [ 122.132899028278985, 6.920986111249416 ], [ 122.123845397114408, 6.920986111249416 ], [ 122.123845397114408, 6.912002999499506 ] ] ] } },
{ "type": "Feature", "properties": { "grid_id": "26_6", "x_idx": 26, "y_idx": 6 }, "geometry": { "type": "Polygon", "coordinates": [ [ [ 122.132899028278985, 6.912002999499506 ], [ 122.141952659443561, 6.912002999499506 ], [ 122.141952659443561, 6.920986111249416 ], [ 122.132899028278985, 6.920986111249416 ], [ 122.132899028278985, 6.912002999499506 ] ] ] } },
{ "type": "Feature", "properties": { "grid_id": "27_6", "x_idx": 27, "y_idx": 6 }, "geometry": { "type": "Polygon", "coordinates": [ [ [ 122.141952659443561, 6.912002999499506 ], [ 122.151006290608137, 6.912002999499506 ], [ 122.151006290608137, 6.920986111249416 ], [ 122.141952659443561, 6.920986111249416 ], [ 122.141952659443561, 6.912002999499506 ] ] ] } },
{ "type": "Feature", "properties": { "grid_id": "28_6", "x_idx": 28, "y_idx": 6 }, "geometry": { "type": "Polygon", "coordinates": [ [ [ 122.151006290608137, 6.912002999499506 ], [ 122.160059921772714, 6.912002999499506 ], [ 122.160059921772714, 6.920986111249416 ], [ 122.151006290608137, 6.920986111249416 ], [ 122.151006290608137, 6.912002999499506 ] ] ] } },
{ "type": "Feature", "properties": { "grid_id": "29_6", "x_idx": 29, "y_idx": 6 }, "geometry": { "type": "Polygon", "coordinates": [ [ [ 122.160059921772699, 6.912002999499506 ], [ 122.169113552937276, 6.912002999499506 ], [ 122.169113552937276, 6.920986111249416 ], [ 122.160059921772699, 6.920986111249416 ], [ 122.160059921772699, 6.912002999499506 ] ] ] } },
{ "type": "Feature", "properties": { "grid_id": "31_6", "x_idx": 31, "y_idx": 6 }, "geometry": { "type": "Polygon", "coordinates": [ [ [ 122.178167184101852, 6.912002999499506 ], [ 122.187220815266429, 6.912002999499506 ], [ 122.187220815266429, 6.920986111249416 ], [ 122.178167184101852, 6.920986111249416 ], [ 122.178167184101852, 6.912002999499506 ] ] ] } },
{ "type": "Feature", "properties": { "grid_id": "33_6", "x_idx": 33, "y_idx": 6 }, "geometry": { "type": "Polygon", "coordinates": [ [ [ 122.196274446430991, 6.912002999499506 ], [ 122.205328077595567, 6.912002999499506 ], [ 122.205328077595567, 6.920986111249416 ], [ 122.196274446430991, 6.920986111249416 ], [ 122.196274446430991, 6.912002999499506 ] ] ] } },
{ "type": "Feature", "properties": { "grid_id": "12_7", "x_idx": 12, "y_idx": 7 }, "geometry": { "type": "Polygon", "coordinates": [ [ [ 122.006148191974972, 6.920986111249416 ], [ 122.015201823139549, 6.920986111249416 ], [ 122.015201823139549, 6.929969222999326 ], [ 122.006148191974972, 6.929969222999326 ], [ 122.006148191974972, 6.920986111249416 ] ] ] } },
{ "type": "Feature", "properties": { "grid_id": "13_7", "x_idx": 13, "y_idx": 7 }, "geometry": { "type": "Polygon", "coordinates": [ [ [ 122.015201823139549, 6.920986111249416 ], [ 122.024255454304125, 6.920986111249416 ], [ 122.024255454304125, 6.929969222999326 ], [ 122.015201823139549, 6.929969222999326 ], [ 122.015201823139549, 6.920986111249416 ] ] ] } },
{ "type": "Feature", "properties": { "grid_id": "14_7", "x_idx": 14, "y_idx": 7 }, "geometry": { "type": "Polygon", "coordinates": [ [ [ 122.024255454304111, 6.920986111249416 ], [ 122.033309085468687, 6.920986111249416 ], [ 122.033309085468687, 6.929969222999326 ], [ 122.024255454304111, 6.929969222999326 ], [ 122.024255454304111, 6.920986111249416 ] ] ] } },
{ "type": "Feature", "properties": { "grid_id": "15_7", "x_idx": 15, "y_idx": 7 }, "geometry": { "type": "Polygon", "coordinates": [ [ [ 122.033309085468687, 6.920986111249416 ], [ 122.042362716633264, 6.920986111249416 ], [ 122.042362716633264, 6.929969222999326 ], [ 122.033309085468687, 6.929969222999326 ], [ 122.033309085468687, 6.920986111249416 ] ] ] } },
{ "type": "Feature", "properties": { "grid_id": "16_7", "x_idx": 16, "y_idx": 7 }, "geometry": { "type": "Polygon", "coordinates": [ [ [ 122.042362716633264, 6.920986111249416 ], [ 122.05141634779784, 6.920986111249416 ], [ 122.05141634779784, 6.929969222999326 ], [ 122.042362716633264, 6.929969222999326 ], [ 122.042362716633264, 6.920986111249416 ] ] ] } },
{ "type": "Feature", "properties": { "grid_id": "17_7", "x_idx": 17, "y_idx": 7 }, "geometry": { "type": "Polygon", "coordinates": [ [ [ 122.05141634779784, 6.920986111249416 ], [ 122.060469978962416, 6.920986111249416 ], [ 122.060469978962416, 6.929969222999326 ], [ 122.05141634779784, 6.929969222999326 ], [ 122.05141634779784, 6.920986111249416 ] ] ] } },
{ "type": "Feature", "properties": { "grid_id": "18_7", "x_idx": 18, "y_idx": 7 }, "geometry": { "type": "Polygon", "coordinates": [ [ [ 122.060469978962402, 6.920986111249416 ], [ 122.069523610126978, 6.920986111249416 ], [ 122.069523610126978, 6.929969222999326 ], [ 122.060469978962402, 6.929969222999326 ], [ 122.060469978962402, 6.920986111249416 ] ] ] } },
{ "type": "Feature", "properties": { "grid_id": "19_7", "x_idx": 19, "y_idx": 7 }, "geometry": { "type": "Polygon", "coordinates": [ [ [ 122.069523610126978, 6.920986111249416 ], [ 122.078577241291555, 6.920986111249416 ], [ 122.078577241291555, 6.929969222999326 ], [ 122.069523610126978, 6.929969222999326 ], [ 122.069523610126978, 6.920986111249416 ] ] ] } },
{ "type": "Feature", "properties": { "grid_id": "20_7", "x_idx": 20, "y_idx": 7 }, "geometry": { "type": "Polygon", "coordinates": [ [ [ 122.078577241291555, 6.920986111249416 ], [ 122.087630872456131, 6.920986111249416 ], [ 122.087630872456131, 6.929969222999326 ], [ 122.078577241291555, 6.929969222999326 ], [ 122.078577241291555, 6.920986111249416 ] ] ] } },
{ "type": "Feature", "properties": { "grid_id": "21_7", "x_idx": 21, "y_idx": 7 }, "geometry": { "type": "Polygon", "coordinates": [ [ [ 122.087630872456131, 6.920986111249416 ], [ 122.096684503620708, 6.920986111249416 ], [ 122.096684503620708, 6.929969222999326 ], [ 122.087630872456131, 6.929969222999326 ], [ 122.087630872456131, 6.920986111249416 ] ] ] } },
{ "type": "Feature", "properties": { "grid_id": "22_7", "x_idx": 22, "y_idx": 7 }, "geometry": { "type": "Polygon", "coordinates": [ [ [ 122.096684503620693, 6.920986111249416 ], [ 122.10573813478527, 6.920986111249416 ], [ 122.10573813478527, 6.929969222999326 ], [ 122.096684503620693, 6.929969222999326 ], [ 122.096684503620693, 6.920986111249416 ] ] ] } },
{ "type": "Feature", "properties": { "grid_id": "23_7", "x_idx": 23, "y_idx": 7 }, "geometry": { "type": "Polygon", "coordinates": [ [ [ 122.10573813478527, 6.920986111249416 ], [ 122.114791765949846, 6.920986111249416 ], [ 122.114791765949846, 6.929969222999326 ], [ 122.10573813478527, 6.929969222999326 ], [ 122.10573813478527, 6.920986111249416 ] ] ] } },
{ "type": "Feature", "properties": { "grid_id": "24_7", "x_idx": 24, "y_idx": 7 }, "geometry": { "type": "Polygon", "coordinates": [ [ [ 122.114791765949846, 6.920986111249416 ], [ 122.123845397114422, 6.920986111249416 ], [ 122.123845397114422, 6.929969222999326 ], [ 122.114791765949846, 6.929969222999326 ], [ 122.114791765949846, 6.920986111249416 ] ] ] } },
{ "type": "Feature", "properties": { "grid_id": "25_7", "x_idx": 25, "y_idx": 7 }, "geometry": { "type": "Polygon", "coordinates": [ [ [ 122.123845397114408, 6.920986111249416 ], [ 122.132899028278985, 6.920986111249416 ], [ 122.132899028278985, 6.929969222999326 ], [ 122.123845397114408, 6.929969222999326 ], [ 122.123845397114408, 6.920986111249416 ] ] ] } },
{ "type": "Feature", "properties": { "grid_id": "26_7", "x_idx": 26, "y_idx": 7 }, "geometry": { "type": "Polygon", "coordinates": [ [ [ 122.132899028278985, 6.920986111249416 ], [ 122.141952659443561, 6.920986111249416 ], [ 122.141952659443561, 6.929969222999326 ], [ 122.132899028278985, 6.929969222999326 ], [ 122.132899028278985, 6.920986111249416 ] ] ] } },
{ "type": "Feature", "properties": { "grid_id": "27_7", "x_idx": 27, "y_idx": 7 }, "geometry": { "type": "Polygon", "coordinates": [ [ [ 122.141952659443561, 6.920986111249416 ], [ 122.151006290608137, 6.920986111249416 ], [ 122.151006290608137, 6.929969222999326 ], [ 122.141952659443561, 6.929969222999326 ], [ 122.141952659443561, 6.920986111249416 ] ] ] } },
{ "type": "Feature", "properties": { "grid_id": "28_7", "x_idx": 28, "y_idx": 7 }, "geometry": { "type": "Polygon", "coordinates": [ [ [ 122.151006290608137, 6.920986111249416 ], [ 122.160059921772714, 6.920986111249416 ], [ 122.160059921772714, 6.929969222999326 ], [ 122.151006290608137, 6.929969222999326 ], [ 122.151006290608137, 6.920986111249416 ] ] ] } },
{ "type": "Feature", "properties": { "grid_id": "32_7", "x_idx": 32, "y_idx": 7 }, "geometry": { "type": "Polygon", "coordinates": [ [ [ 122.187220815266429, 6.920986111249416 ], [ 122.196274446431005, 6.920986111249416 ], [ 122.196274446431005, 6.929969222999326 ], [ 122.187220815266429, 6.929969222999326 ], [ 122.187220815266429, 6.920986111249416 ] ] ] } },
{ "type": "Feature", "properties": { "grid_id": "33_7", "x_idx": 33, "y_idx": 7 }, "geometry": { "type": "Polygon", "coordinates": [ [ [ 122.196274446430991, 6.920986111249416 ], [ 122.205328077595567, 6.920986111249416 ], [ 122.205328077595567, 6.929969222999326 ], [ 122.196274446430991, 6.929969222999326 ], [ 122.196274446430991, 6.920986111249416 ] ] ] } },
{ "type": "Feature", "properties": { "grid_id": "34_7", "x_idx": 34, "y_idx": 7 }, "geometry": { "type": "Polygon", "coordinates": [ [ [ 122.205328077595567, 6.920986111249416 ], [ 122.214381708760143, 6.920986111249416 ], [ 122.214381708760143, 6.929969222999326 ], [ 122.205328077595567, 6.929969222999326 ], [ 122.205328077595567, 6.920986111249416 ] ] ] } },
{ "type": "Feature", "properties": { "grid_id": "10_8", "x_idx": 10, "y_idx": 8 }, "geometry": { "type": "Polygon", "coordinates": [ [ [ 121.98804092964582, 6.929969222999326 ], [ 121.997094560810396, 6.929969222999326 ], [ 121.997094560810396, 6.938952334749237 ], [ 121.98804092964582, 6.938952334749237 ], [ 121.98804092964582, 6.929969222999326 ] ] ] } },
{ "type": "Feature", "properties": { "grid_id": "11_8", "x_idx": 11, "y_idx": 8 }, "geometry": { "type": "Polygon", "coordinates": [ [ [ 121.997094560810396, 6.929969222999326 ], [ 122.006148191974972, 6.929969222999326 ], [ 122.006148191974972, 6.938952334749237 ], [ 121.997094560810396, 6.938952334749237 ], [ 121.997094560810396, 6.929969222999326 ] ] ] } },
{ "type": "Feature", "properties": { "grid_id": "12_8", "x_idx": 12, "y_idx": 8 }, "geometry": { "type": "Polygon", "coordinates": [ [ [ 122.006148191974972, 6.929969222999326 ], [ 122.015201823139549, 6.929969222999326 ], [ 122.015201823139549, 6.938952334749237 ], [ 122.006148191974972, 6.938952334749237 ], [ 122.006148191974972, 6.929969222999326 ] ] ] } },
{ "type": "Feature", "properties": { "grid_id": "13_8", "x_idx": 13, "y_idx": 8 }, "geometry": { "type": "Polygon", "coordinates": [ [ [ 122.015201823139549, 6.929969222999326 ], [ 122.024255454304125, 6.929969222999326 ], [ 122.024255454304125, 6.938952334749237 ], [ 122.015201823139549, 6.938952334749237 ], [ 122.015201823139549, 6.929969222999326 ] ] ] } },
{ "type": "Feature", "properties": { "grid_id": "14_8", "x_idx": 14, "y_idx": 8 }, "geometry": { "type": "Polygon", "coordinates": [ [ [ 122.024255454304111, 6.929969222999326 ], [ 122.033309085468687, 6.929969222999326 ], [ 122.033309085468687, 6.938952334749237 ], [ 122.024255454304111, 6.938952334749237 ], [ 122.024255454304111, 6.929969222999326 ] ] ] } },
{ "type": "Feature", "properties": { "grid_id": "15_8", "x_idx": 15, "y_idx": 8 }, "geometry": { "type": "Polygon", "coordinates": [ [ [ 122.033309085468687, 6.929969222999326 ], [ 122.042362716633264, 6.929969222999326 ], [ 122.042362716633264, 6.938952334749237 ], [ 122.033309085468687, 6.938952334749237 ], [ 122.033309085468687, 6.929969222999326 ] ] ] } },
{ "type": "Feature", "properties": { "grid_id": "16_8", "x_idx": 16, "y_idx": 8 }, "geometry": { "type": "Polygon", "coordinates": [ [ [ 122.042362716633264, 6.929969222999326 ], [ 122.05141634779784, 6.929969222999326 ], [ 122.05141634779784, 6.938952334749237 ], [ 122.042362716633264, 6.938952334749237 ], [ 122.042362716633264, 6.929969222999326 ] ] ] } },
{ "type": "Feature", "properties": { "grid_id": "17_8", "x_idx": 17, "y_idx": 8 }, "geometry": { "type": "Polygon", "coordinates": [ [ [ 122.05141634779784, 6.929969222999326 ], [ 122.060469978962416, 6.929969222999326 ], [ 122.060469978962416, 6.938952334749237 ], [ 122.05141634779784, 6.938952334749237 ], [ 122.05141634779784, 6.929969222999326 ] ] ] } },
{ "type": "Feature", "properties": { "grid_id": "18_8", "x_idx": 18, "y_idx": 8 }, "geometry": { "type": "Polygon", "coordinates": [ [ [ 122.060469978962402, 6.929969222999326 ], [ 122.069523610126978, 6.929969222999326 ], [ 122.069523610126978, 6.938952334749237 ], [ 122.060469978962402, 6.938952334749237 ], [ 122.060469978962402, 6.929969222999326 ] ] ] } },
{ "type": "Feature", "properties": { "grid_id": "19_8", "x_idx": 19, "y_idx": 8 }, "geometry": { "type": "Polygon", "coordinates": [ [ [ 122.069523610126978, 6.929969222999326 ], [ 122.078577241291555, 6.929969222999326 ], [ 122.078577241291555, 6.938952334749237 ], [ 122.069523610126978, 6.938952334749237 ], [ 122.069523610126978, 6.929969222999326 ] ] ] } },
{ "type": "Feature", "properties": { "grid_id": "20_8", "x_idx": 20, "y_idx": 8 }, "geometry": { "type": "Polygon", "coordinates": [ [ [ 122.078577241291555, 6.929969222999326 ], [ 122.087630872456131, 6.929969222999326 ], [ 122.087630872456131, 6.938952334749237 ], [ 122.078577241291555, 6.938952334749237 ], [ 122.078577241291555, 6.929969222999326 ] ] ] } },
{ "type": "Feature", "properties": { "grid_id": "21_8", "x_idx": 21, "y_idx": 8 }, "geometry": { "type": "Polygon", "coordinates": [ [ [ 122.087630872456131, 6.929969222999326 ], [ 122.096684503620708, 6.929969222999326 ], [ 122.096684503620708, 6.938952334749237 ], [ 122.087630872456131, 6.938952334749237 ], [ 122.087630872456131, 6.929969222999326 ] ] ] } },
{ "type": "Feature", "properties": { "grid_id": "22_8", "x_idx": 22, "y_idx": 8 }, "geometry": { "type": "Polygon", "coordinates": [ [ [ 122.096684503620693, 6.929969222999326 ], [ 122.10573813478527, 6.929969222999326 ], [ 122.10573813478527, 6.938952334749237 ], [ 122.096684503620693, 6.938952334749237 ], [ 122.096684503620693, 6.929969222999326 ] ] ] } },
{ "type": "Feature", "properties": { "grid_id": "23_8", "x_idx": 23, "y_idx": 8 }, "geometry": { "type": "Polygon", "coordinates": [ [ [ 122.10573813478527, 6.929969222999326 ], [ 122.114791765949846, 6.929969222999326 ], [ 122.114791765949846, 6.938952334749237 ], [ 122.10573813478527, 6.938952334749237 ], [ 122.10573813478527, 6.929969222999326 ] ] ] } },
{ "type": "Feature", "properties": { "grid_id": "24_8", "x_idx": 24, "y_idx": 8 }, "geometry": { "type": "Polygon", "coordinates": [ [ [ 122.114791765949846, 6.929969222999326 ], [ 122.123845397114422, 6.929969222999326 ], [ 122.123845397114422, 6.938952334749237 ], [ 122.114791765949846, 6.938952334749237 ], [ 122.114791765949846, 6.929969222999326 ] ] ] } },
{ "type": "Feature", "properties": { "grid_id": "25_8", "x_idx": 25, "y_idx": 8 }, "geometry": { "type": "Polygon", "coordinates": [ [ [ 122.123845397114408, 6.929969222999326 ], [ 122.132899028278985, 6.929969222999326 ], [ 122.132899028278985, 6.938952334749237 ], [ 122.123845397114408, 6.938952334749237 ], [ 122.123845397114408, 6.929969222999326 ] ] ] } },
{ "type": "Feature", "properties": { "grid_id": "26_8", "x_idx": 26, "y_idx": 8 }, "geometry": { "type": "Polygon", "coordinates": [ [ [ 122.132899028278985, 6.929969222999326 ], [ 122.141952659443561, 6.929969222999326 ], [ 122.141952659443561, 6.938952334749237 ], [ 122.132899028278985, 6.938952334749237 ], [ 122.132899028278985, 6.929969222999326 ] ] ] } },
{ "type": "Feature", "properties": { "grid_id": "27_8", "x_idx": 27, "y_idx": 8 }, "geometry": { "type": "Polygon", "coordinates": [ [ [ 122.141952659443561, 6.929969222999326 ], [ 122.151006290608137, 6.929969222999326 ], [ 122.151006290608137, 6.938952334749237 ], [ 122.141952659443561, 6.938952334749237 ], [ 122.141952659443561, 6.929969222999326 ] ] ] } },
{ "type": "Feature", "properties": { "grid_id": "28_8", "x_idx": 28, "y_idx": 8 }, "geometry": { "type": "Polygon", "coordinates": [ [ [ 122.151006290608137, 6.929969222999326 ], [ 122.160059921772714, 6.929969222999326 ], [ 122.160059921772714, 6.938952334749237 ], [ 122.151006290608137, 6.938952334749237 ], [ 122.151006290608137, 6.929969222999326 ] ] ] } },
{ "type": "Feature", "properties": { "grid_id": "29_8", "x_idx": 29, "y_idx": 8 }, "geometry": { "type": "Polygon", "coordinates": [ [ [ 122.160059921772699, 6.929969222999326 ], [ 122.169113552937276, 6.929969222999326 ], [ 122.169113552937276, 6.938952334749237 ], [ 122.160059921772699, 6.938952334749237 ], [ 122.160059921772699, 6.929969222999326 ] ] ] } },
{ "type": "Feature", "properties": { "grid_id": "30_8", "x_idx": 30, "y_idx": 8 }, "geometry": { "type": "Polygon", "coordinates": [ [ [ 122.169113552937276, 6.929969222999326 ], [ 122.178167184101852, 6.929969222999326 ], [ 122.178167184101852, 6.938952334749237 ], [ 122.169113552937276, 6.938952334749237 ], [ 122.169113552937276, 6.929969222999326 ] ] ] } },
{ "type": "Feature", "properties": { "grid_id": "32_8", "x_idx": 32, "y_idx": 8 }, "geometry": { "type": "Polygon", "coordinates": [ [ [ 122.187220815266429, 6.929969222999326 ], [ 122.196274446431005, 6.929969222999326 ], [ 122.196274446431005, 6.938952334749237 ], [ 122.187220815266429, 6.938952334749237 ], [ 122.187220815266429, 6.929969222999326 ] ] ] } },
{ "type": "Feature", "properties": { "grid_id": "33_8", "x_idx": 33, "y_idx": 8 }, "geometry": { "type": "Polygon", "coordinates": [ [ [ 122.196274446430991, 6.929969222999326 ], [ 122.205328077595567, 6.929969222999326 ], [ 122.205328077595567, 6.938952334749237 ], [ 122.196274446430991, 6.938952334749237 ], [ 122.196274446430991, 6.929969222999326 ] ] ] } },
{ "type": "Feature", "properties": { "grid_id": "34_8", "x_idx": 34, "y_idx": 8 }, "geometry": { "type": "Polygon", "coordinates": [ [ [ 122.205328077595567, 6.929969222999326 ], [ 122.214381708760143, 6.929969222999326 ], [ 122.214381708760143, 6.938952334749237 ], [ 122.205328077595567, 6.938952334749237 ], [ 122.205328077595567, 6.929969222999326 ] ] ] } },
{ "type": "Feature", "properties": { "grid_id": "35_8", "x_idx": 35, "y_idx": 8 }, "geometry": { "type": "Polygon", "coordinates": [ [ [ 122.214381708760143, 6.929969222999326 ], [ 122.22343533992472, 6.929969222999326 ], [ 122.22343533992472, 6.938952334749237 ], [ 122.214381708760143, 6.938952334749237 ], [ 122.214381708760143, 6.929969222999326 ] ] ] } },
{ "type": "Feature", "properties": { "grid_id": "7_9", "x_idx": 7, "y_idx": 9 }, "geometry": { "type": "Polygon", "coordinates": [ [ [ 121.960880036152105, 6.938952334749237 ], [ 121.969933667316681, 6.938952334749237 ], [ 121.969933667316681, 6.947935446499147 ], [ 121.960880036152105, 6.947935446499147 ], [ 121.960880036152105, 6.938952334749237 ] ] ] } },
{ "type": "Feature", "properties": { "grid_id": "9_9", "x_idx": 9, "y_idx": 9 }, "geometry": { "type": "Polygon", "coordinates": [ [ [ 121.978987298481258, 6.938952334749237 ], [ 121.988040929645834, 6.938952334749237 ], [ 121.988040929645834, 6.947935446499147 ], [ 121.978987298481258, 6.947935446499147 ], [ 121.978987298481258, 6.938952334749237 ] ] ] } },
{ "type": "Feature", "properties": { "grid_id": "10_9", "x_idx": 10, "y_idx": 9 }, "geometry": { "type": "Polygon", "coordinates": [ [ [ 121.98804092964582, 6.938952334749237 ], [ 121.997094560810396, 6.938952334749237 ], [ 121.997094560810396, 6.947935446499147 ], [ 121.98804092964582, 6.947935446499147 ], [ 121.98804092964582, 6.938952334749237 ] ] ] } },
{ "type": "Feature", "properties": { "grid_id": "11_9", "x_idx": 11, "y_idx": 9 }, "geometry": { "type": "Polygon", "coordinates": [ [ [ 121.997094560810396, 6.938952334749237 ], [ 122.006148191974972, 6.938952334749237 ], [ 122.006148191974972, 6.947935446499147 ], [ 121.997094560810396, 6.947935446499147 ], [ 121.997094560810396, 6.938952334749237 ] ] ] } },
{ "type": "Feature", "properties": { "grid_id": "12_9", "x_idx": 12, "y_idx": 9 }, "geometry": { "type": "Polygon", "coordinates": [ [ [ 122.006148191974972, 6.938952334749237 ], [ 122.015201823139549, 6.938952334749237 ], [ 122.015201823139549, 6.947935446499147 ], [ 122.006148191974972, 6.947935446499147 ], [ 122.006148191974972, 6.938952334749237 ] ] ] } },
{ "type": "Feature", "properties": { "grid_id": "13_9", "x_idx": 13, "y_idx": 9 }, "geometry": { "type": "Polygon", "coordinates": [ [ [ 122.015201823139549, 6.938952334749237 ], [ 122.024255454304125, 6.938952334749237 ], [ 122.024255454304125, 6.947935446499147 ], [ 122.015201823139549, 6.947935446499147 ], [ 122.015201823139549, 6.938952334749237 ] ] ] } },
{ "type": "Feature", "properties": { "grid_id": "14_9", "x_idx": 14, "y_idx": 9 }, "geometry": { "type": "Polygon", "coordinates": [ [ [ 122.024255454304111, 6.938952334749237 ], [ 122.033309085468687, 6.938952334749237 ], [ 122.033309085468687, 6.947935446499147 ], [ 122.024255454304111, 6.947935446499147 ], [ 122.024255454304111, 6.938952334749237 ] ] ] } },
{ "type": "Feature", "properties": { "grid_id": "15_9", "x_idx": 15, "y_idx": 9 }, "geometry": { "type": "Polygon", "coordinates": [ [ [ 122.033309085468687, 6.938952334749237 ], [ 122.042362716633264, 6.938952334749237 ], [ 122.042362716633264, 6.947935446499147 ], [ 122.033309085468687, 6.947935446499147 ], [ 122.033309085468687, 6.938952334749237 ] ] ] } },
{ "type": "Feature", "properties": { "grid_id": "16_9", "x_idx": 16, "y_idx": 9 }, "geometry": { "type": "Polygon", "coordinates": [ [ [ 122.042362716633264, 6.938952334749237 ], [ 122.05141634779784, 6.938952334749237 ], [ 122.05141634779784, 6.947935446499147 ], [ 122.042362716633264, 6.947935446499147 ], [ 122.042362716633264, 6.938952334749237 ] ] ] } },
{ "type": "Feature", "properties": { "grid_id": "17_9", "x_idx": 17, "y_idx": 9 }, "geometry": { "type": "Polygon", "coordinates": [ [ [ 122.05141634779784, 6.938952334749237 ], [ 122.060469978962416, 6.938952334749237 ], [ 122.060469978962416, 6.947935446499147 ], [ 122.05141634779784, 6.947935446499147 ], [ 122.05141634779784, 6.938952334749237 ] ] ] } },
{ "type": "Feature", "properties": { "grid_id": "18_9", "x_idx": 18, "y_idx": 9 }, "geometry": { "type": "Polygon", "coordinates": [ [ [ 122.060469978962402, 6.938952334749237 ], [ 122.069523610126978, 6.938952334749237 ], [ 122.069523610126978, 6.947935446499147 ], [ 122.060469978962402, 6.947935446499147 ], [ 122.060469978962402, 6.938952334749237 ] ] ] } },
{ "type": "Feature", "properties": { "grid_id": "19_9", "x_idx": 19, "y_idx": 9 }, "geometry": { "type": "Polygon", "coordinates": [ [ [ 122.069523610126978, 6.938952334749237 ], [ 122.078577241291555, 6.938952334749237 ], [ 122.078577241291555, 6.947935446499147 ], [ 122.069523610126978, 6.947935446499147 ], [ 122.069523610126978, 6.938952334749237 ] ] ] } },
{ "type": "Feature", "properties": { "grid_id": "20_9", "x_idx": 20, "y_idx": 9 }, "geometry": { "type": "Polygon", "coordinates": [ [ [ 122.078577241291555, 6.938952334749237 ], [ 122.087630872456131, 6.938952334749237 ], [ 122.087630872456131, 6.947935446499147 ], [ 122.078577241291555, 6.947935446499147 ], [ 122.078577241291555, 6.938952334749237 ] ] ] } },
{ "type": "Feature", "properties": { "grid_id": "21_9", "x_idx": 21, "y_idx": 9 }, "geometry": { "type": "Polygon", "coordinates": [ [ [ 122.087630872456131, 6.938952334749237 ], [ 122.096684503620708, 6.938952334749237 ], [ 122.096684503620708, 6.947935446499147 ], [ 122.087630872456131, 6.947935446499147 ], [ 122.087630872456131, 6.938952334749237 ] ] ] } },
{ "type": "Feature", "properties": { "grid_id": "22_9", "x_idx": 22, "y_idx": 9 }, "geometry": { "type": "Polygon", "coordinates": [ [ [ 122.096684503620693, 6.938952334749237 ], [ 122.10573813478527, 6.938952334749237 ], [ 122.10573813478527, 6.947935446499147 ], [ 122.096684503620693, 6.947935446499147 ], [ 122.096684503620693, 6.938952334749237 ] ] ] } },
{ "type": "Feature", "properties": { "grid_id": "23_9", "x_idx": 23, "y_idx": 9 }, "geometry": { "type": "Polygon", "coordinates": [ [ [ 122.10573813478527, 6.938952334749237 ], [ 122.114791765949846, 6.938952334749237 ], [ 122.114791765949846, 6.947935446499147 ], [ 122.10573813478527, 6.947935446499147 ], [ 122.10573813478527, 6.938952334749237 ] ] ] } },
{ "type": "Feature", "properties": { "grid_id": "24_9", "x_idx": 24, "y_idx": 9 }, "geometry": { "type": "Polygon", "coordinates": [ [ [ 122.114791765949846, 6.938952334749237 ], [ 122.123845397114422, 6.938952334749237 ], [ 122.123845397114422, 6.947935446499147 ], [ 122.114791765949846, 6.947935446499147 ], [ 122.114791765949846, 6.938952334749237 ] ] ] } },
{ "type": "Feature", "properties": { "grid_id": "25_9", "x_idx": 25, "y_idx": 9 }, "geometry": { "type": "Polygon", "coordinates": [ [ [ 122.123845397114408, 6.938952334749237 ], [ 122.132899028278985, 6.938952334749237 ], [ 122.132899028278985, 6.947935446499147 ], [ 122.123845397114408, 6.947935446499147 ], [ 122.123845397114408, 6.938952334749237 ] ] ] } },
{ "type": "Feature", "properties": { "grid_id": "26_9", "x_idx": 26, "y_idx": 9 }, "geometry": { "type": "Polygon", "coordinates": [ [ [ 122.132899028278985, 6.938952334749237 ], [ 122.141952659443561, 6.938952334749237 ], [ 122.141952659443561, 6.947935446499147 ], [ 122.132899028278985, 6.947935446499147 ], [ 122.132899028278985, 6.938952334749237 ] ] ] } },
{ "type": "Feature", "properties": { "grid_id": "27_9", "x_idx": 27, "y_idx": 9 }, "geometry": { "type": "Polygon", "coordinates": [ [ [ 122.141952659443561, 6.938952334749237 ], [ 122.151006290608137, 6.938952334749237 ], [ 122.151006290608137, 6.947935446499147 ], [ 122.141952659443561, 6.947935446499147 ], [ 122.141952659443561, 6.938952334749237 ] ] ] } },
{ "type": "Feature", "properties": { "grid_id": "28_9", "x_idx": 28, "y_idx": 9 }, "geometry": { "type": "Polygon", "coordinates": [ [ [ 122.151006290608137, 6.938952334749237 ], [ 122.160059921772714, 6.938952334749237 ], [ 122.160059921772714, 6.947935446499147 ], [ 122.151006290608137, 6.947935446499147 ], [ 122.151006290608137, 6.938952334749237 ] ] ] } },
{ "type": "Feature", "properties": { "grid_id": "29_9", "x_idx": 29, "y_idx": 9 }, "geometry": { "type": "Polygon", "coordinates": [ [ [ 122.160059921772699, 6.938952334749237 ], [ 122.169113552937276, 6.938952334749237 ], [ 122.169113552937276, 6.947935446499147 ], [ 122.160059921772699, 6.947935446499147 ], [ 122.160059921772699, 6.938952334749237 ] ] ] } },
{ "type": "Feature", "properties": { "grid_id": "30_9", "x_idx": 30, "y_idx": 9 }, "geometry": { "type": "Polygon", "coordinates": [ [ [ 122.169113552937276, 6.938952334749237 ], [ 122.178167184101852, 6.938952334749237 ], [ 122.178167184101852, 6.947935446499147 ], [ 122.169113552937276, 6.947935446499147 ], [ 122.169113552937276, 6.938952334749237 ] ] ] } },
{ "type": "Feature", "properties": { "grid_id": "31_9", "x_idx": 31, "y_idx": 9 }, "geometry": { "type": "Polygon", "coordinates": [ [ [ 122.178167184101852, 6.938952334749237 ], [ 122.187220815266429, 6.938952334749237 ], [ 122.187220815266429, 6.947935446499147 ], [ 122.178167184101852, 6.947935446499147 ], [ 122.178167184101852, 6.938952334749237 ] ] ] } },
{ "type": "Feature", "properties": { "grid_id": "33_9", "x_idx": 33, "y_idx": 9 }, "geometry": { "type": "Polygon", "coordinates": [ [ [ 122.196274446430991, 6.938952334749237 ], [ 122.205328077595567, 6.938952334749237 ], [ 122.205328077595567, 6.947935446499147 ], [ 122.196274446430991, 6.947935446499147 ], [ 122.196274446430991, 6.938952334749237 ] ] ] } },
{ "type": "Feature", "properties": { "grid_id": "34_9", "x_idx": 34, "y_idx": 9 }, "geometry": { "type": "Polygon", "coordinates": [ [ [ 122.205328077595567, 6.938952334749237 ], [ 122.214381708760143, 6.938952334749237 ], [ 122.214381708760143, 6.947935446499147 ], [ 122.205328077595567, 6.947935446499147 ], [ 122.205328077595567, 6.938952334749237 ] ] ] } },
{ "type": "Feature", "properties": { "grid_id": "35_9", "x_idx": 35, "y_idx": 9 }, "geometry": { "type": "Polygon", "coordinates": [ [ [ 122.214381708760143, 6.938952334749237 ], [ 122.22343533992472, 6.938952334749237 ], [ 122.22343533992472, 6.947935446499147 ], [ 122.214381708760143, 6.947935446499147 ], [ 122.214381708760143, 6.938952334749237 ] ] ] } },
{ "type": "Feature", "properties": { "grid_id": "36_9", "x_idx": 36, "y_idx": 9 }, "geometry": { "type": "Polygon", "coordinates": [ [ [ 122.22343533992472, 6.938952334749237 ], [ 122.232488971089296, 6.938952334749237 ], [ 122.232488971089296, 6.947935446499147 ], [ 122.22343533992472, 6.947935446499147 ], [ 122.22343533992472, 6.938952334749237 ] ] ] } },
{ "type": "Feature", "properties": { "grid_id": "37_9", "x_idx": 37, "y_idx": 9 }, "geometry": { "type": "Polygon", "coordinates": [ [ [ 122.232488971089282, 6.938952334749237 ], [ 122.241542602253858, 6.938952334749237 ], [ 122.241542602253858, 6.947935446499147 ], [ 122.232488971089282, 6.947935446499147 ], [ 122.232488971089282, 6.938952334749237 ] ] ] } },
{ "type": "Feature", "properties": { "grid_id": "5_10", "x_idx": 5, "y_idx": 10 }, "geometry": { "type": "Polygon", "coordinates": [ [ [ 121.942772773822966, 6.947935446499146 ], [ 121.951826404987543, 6.947935446499146 ], [ 121.951826404987543, 6.956918558249057 ], [ 121.942772773822966, 6.956918558249057 ], [ 121.942772773822966, 6.947935446499146 ] ] ] } },
{ "type": "Feature", "properties": { "grid_id": "6_10", "x_idx": 6, "y_idx": 10 }, "geometry": { "type": "Polygon", "coordinates": [ [ [ 121.951826404987528, 6.947935446499146 ], [ 121.960880036152105, 6.947935446499146 ], [ 121.960880036152105, 6.956918558249057 ], [ 121.951826404987528, 6.956918558249057 ], [ 121.951826404987528, 6.947935446499146 ] ] ] } },
{ "type": "Feature", "properties": { "grid_id": "7_10", "x_idx": 7, "y_idx": 10 }, "geometry": { "type": "Polygon", "coordinates": [ [ [ 121.960880036152105, 6.947935446499146 ], [ 121.969933667316681, 6.947935446499146 ], [ 121.969933667316681, 6.956918558249057 ], [ 121.960880036152105, 6.956918558249057 ], [ 121.960880036152105, 6.947935446499146 ] ] ] } },
{ "type": "Feature", "properties": { "grid_id": "8_10", "x_idx": 8, "y_idx": 10 }, "geometry": { "type": "Polygon", "coordinates": [ [ [ 121.969933667316681, 6.947935446499146 ], [ 121.978987298481258, 6.947935446499146 ], [ 121.978987298481258, 6.956918558249057 ], [ 121.969933667316681, 6.956918558249057 ], [ 121.969933667316681, 6.947935446499146 ] ] ] } },
{ "type": "Feature", "properties": { "grid_id": "9_10", "x_idx": 9, "y_idx": 10 }, "geometry": { "type": "Polygon", "coordinates": [ [ [ 121.978987298481258, 6.947935446499146 ], [ 121.988040929645834, 6.947935446499146 ], [ 121.988040929645834, 6.956918558249057 ], [ 121.978987298481258, 6.956918558249057 ], [ 121.978987298481258, 6.947935446499146 ] ] ] } },
{ "type": "Feature", "properties": { "grid_id": "10_10", "x_idx": 10, "y_idx": 10 }, "geometry": { "type": "Polygon", "coordinates": [ [ [ 121.98804092964582, 6.947935446499146 ], [ 121.997094560810396, 6.947935446499146 ], [ 121.997094560810396, 6.956918558249057 ], [ 121.98804092964582, 6.956918558249057 ], [ 121.98804092964582, 6.947935446499146 ] ] ] } },
{ "type": "Feature", "properties": { "grid_id": "11_10", "x_idx": 11, "y_idx": 10 }, "geometry": { "type": "Polygon", "coordinates": [ [ [ 121.997094560810396, 6.947935446499146 ], [ 122.006148191974972, 6.947935446499146 ], [ 122.006148191974972, 6.956918558249057 ], [ 121.997094560810396, 6.956918558249057 ], [ 121.997094560810396, 6.947935446499146 ] ] ] } },
{ "type": "Feature", "properties": { "grid_id": "12_10", "x_idx": 12, "y_idx": 10 }, "geometry": { "type": "Polygon", "coordinates": [ [ [ 122.006148191974972, 6.947935446499146 ], [ 122.015201823139549, 6.947935446499146 ], [ 122.015201823139549, 6.956918558249057 ], [ 122.006148191974972, 6.956918558249057 ], [ 122.006148191974972, 6.947935446499146 ] ] ] } },
{ "type": "Feature", "properties": { "grid_id": "13_10", "x_idx": 13, "y_idx": 10 }, "geometry": { "type": "Polygon", "coordinates": [ [ [ 122.015201823139549, 6.947935446499146 ], [ 122.024255454304125, 6.947935446499146 ], [ 122.024255454304125, 6.956918558249057 ], [ 122.015201823139549, 6.956918558249057 ], [ 122.015201823139549, 6.947935446499146 ] ] ] } },
{ "type": "Feature", "properties": { "grid_id": "14_10", "x_idx": 14, "y_idx": 10 }, "geometry": { "type": "Polygon", "coordinates": [ [ [ 122.024255454304111, 6.947935446499146 ], [ 122.033309085468687, 6.947935446499146 ], [ 122.033309085468687, 6.956918558249057 ], [ 122.024255454304111, 6.956918558249057 ], [ 122.024255454304111, 6.947935446499146 ] ] ] } },
{ "type": "Feature", "properties": { "grid_id": "15_10", "x_idx": 15, "y_idx": 10 }, "geometry": { "type": "Polygon", "coordinates": [ [ [ 122.033309085468687, 6.947935446499146 ], [ 122.042362716633264, 6.947935446499146 ], [ 122.042362716633264, 6.956918558249057 ], [ 122.033309085468687, 6.956918558249057 ], [ 122.033309085468687, 6.947935446499146 ] ] ] } },
{ "type": "Feature", "properties": { "grid_id": "16_10", "x_idx": 16, "y_idx": 10 }, "geometry": { "type": "Polygon", "coordinates": [ [ [ 122.042362716633264, 6.947935446499146 ], [ 122.05141634779784, 6.947935446499146 ], [ 122.05141634779784, 6.956918558249057 ], [ 122.042362716633264, 6.956918558249057 ], [ 122.042362716633264, 6.947935446499146 ] ] ] } },
{ "type": "Feature", "properties": { "grid_id": "17_10", "x_idx": 17, "y_idx": 10 }, "geometry": { "type": "Polygon", "coordinates": [ [ [ 122.05141634779784, 6.947935446499146 ], [ 122.060469978962416, 6.947935446499146 ], [ 122.060469978962416, 6.956918558249057 ], [ 122.05141634779784, 6.956918558249057 ], [ 122.05141634779784, 6.947935446499146 ] ] ] } },
{ "type": "Feature", "properties": { "grid_id": "18_10", "x_idx": 18, "y_idx": 10 }, "geometry": { "type": "Polygon", "coordinates": [ [ [ 122.060469978962402, 6.947935446499146 ], [ 122.069523610126978, 6.947935446499146 ], [ 122.069523610126978, 6.956918558249057 ], [ 122.060469978962402, 6.956918558249057 ], [ 122.060469978962402, 6.947935446499146 ] ] ] } },
{ "type": "Feature", "properties": { "grid_id": "19_10", "x_idx": 19, "y_idx": 10 }, "geometry": { "type": "Polygon", "coordinates": [ [ [ 122.069523610126978, 6.947935446499146 ], [ 122.078577241291555, 6.947935446499146 ], [ 122.078577241291555, 6.956918558249057 ], [ 122.069523610126978, 6.956918558249057 ], [ 122.069523610126978, 6.947935446499146 ] ] ] } },
{ "type": "Feature", "properties": { "grid_id": "20_10", "x_idx": 20, "y_idx": 10 }, "geometry": { "type": "Polygon", "coordinates": [ [ [ 122.078577241291555, 6.947935446499146 ], [ 122.087630872456131, 6.947935446499146 ], [ 122.087630872456131, 6.956918558249057 ], [ 122.078577241291555, 6.956918558249057 ], [ 122.078577241291555, 6.947935446499146 ] ] ] } },
{ "type": "Feature", "properties": { "grid_id": "21_10", "x_idx": 21, "y_idx": 10 }, "geometry": { "type": "Polygon", "coordinates": [ [ [ 122.087630872456131, 6.947935446499146 ], [ 122.096684503620708, 6.947935446499146 ], [ 122.096684503620708, 6.956918558249057 ], [ 122.087630872456131, 6.956918558249057 ], [ 122.087630872456131, 6.947935446499146 ] ] ] } },
{ "type": "Feature", "properties": { "grid_id": "22_10", "x_idx": 22, "y_idx": 10 }, "geometry": { "type": "Polygon", "coordinates": [ [ [ 122.096684503620693, 6.947935446499146 ], [ 122.10573813478527, 6.947935446499146 ], [ 122.10573813478527, 6.956918558249057 ], [ 122.096684503620693, 6.956918558249057 ], [ 122.096684503620693, 6.947935446499146 ] ] ] } },
{ "type": "Feature", "properties": { "grid_id": "23_10", "x_idx": 23, "y_idx": 10 }, "geometry": { "type": "Polygon", "coordinates": [ [ [ 122.10573813478527, 6.947935446499146 ], [ 122.114791765949846, 6.947935446499146 ], [ 122.114791765949846, 6.956918558249057 ], [ 122.10573813478527, 6.956918558249057 ], [ 122.10573813478527, 6.947935446499146 ] ] ] } },
{ "type": "Feature", "properties": { "grid_id": "24_10", "x_idx": 24, "y_idx": 10 }, "geometry": { "type": "Polygon", "coordinates": [ [ [ 122.114791765949846, 6.947935446499146 ], [ 122.123845397114422, 6.947935446499146 ], [ 122.123845397114422, 6.956918558249057 ], [ 122.114791765949846, 6.956918558249057 ], [ 122.114791765949846, 6.947935446499146 ] ] ] } },
{ "type": "Feature", "properties": { "grid_id": "25_10", "x_idx": 25, "y_idx": 10 }, "geometry": { "type": "Polygon", "coordinates": [ [ [ 122.123845397114408, 6.947935446499146 ], [ 122.132899028278985, 6.947935446499146 ], [ 122.132899028278985, 6.956918558249057 ], [ 122.123845397114408, 6.956918558249057 ], [ 122.123845397114408, 6.947935446499146 ] ] ] } },
{ "type": "Feature", "properties": { "grid_id": "26_10", "x_idx": 26, "y_idx": 10 }, "geometry": { "type": "Polygon", "coordinates": [ [ [ 122.132899028278985, 6.947935446499146 ], [ 122.141952659443561, 6.947935446499146 ], [ 122.141952659443561, 6.956918558249057 ], [ 122.132899028278985, 6.956918558249057 ], [ 122.132899028278985, 6.947935446499146 ] ] ] } },
{ "type": "Feature", "properties": { "grid_id": "27_10", "x_idx": 27, "y_idx": 10 }, "geometry": { "type": "Polygon", "coordinates": [ [ [ 122.141952659443561, 6.947935446499146 ], [ 122.151006290608137, 6.947935446499146 ], [ 122.151006290608137, 6.956918558249057 ], [ 122.141952659443561, 6.956918558249057 ], [ 122.141952659443561, 6.947935446499146 ] ] ] } },
{ "type": "Feature", "properties": { "grid_id": "28_10", "x_idx": 28, "y_idx": 10 }, "geometry": { "type": "Polygon", "coordinates": [ [ [ 122.151006290608137, 6.947935446499146 ], [ 122.160059921772714, 6.947935446499146 ], [ 122.160059921772714, 6.956918558249057 ], [ 122.151006290608137, 6.956918558249057 ], [ 122.151006290608137, 6.947935446499146 ] ] ] } },
{ "type": "Feature", "properties": { "grid_id": "29_10", "x_idx": 29, "y_idx": 10 }, "geometry": { "type": "Polygon", "coordinates": [ [ [ 122.160059921772699, 6.947935446499146 ], [ 122.169113552937276, 6.947935446499146 ], [ 122.169113552937276, 6.956918558249057 ], [ 122.160059921772699, 6.956918558249057 ], [ 122.160059921772699, 6.947935446499146 ] ] ] } },
{ "type": "Feature", "properties": { "grid_id": "30_10", "x_idx": 30, "y_idx": 10 }, "geometry": { "type": "Polygon", "coordinates": [ [ [ 122.169113552937276, 6.947935446499146 ], [ 122.178167184101852, 6.947935446499146 ], [ 122.178167184101852, 6.956918558249057 ], [ 122.169113552937276, 6.956918558249057 ], [ 122.169113552937276, 6.947935446499146 ] ] ] } },
{ "type": "Feature", "properties": { "grid_id": "31_10", "x_idx": 31, "y_idx": 10 }, "geometry": { "type": "Polygon", "coordinates": [ [ [ 122.178167184101852, 6.947935446499146 ], [ 122.187220815266429, 6.947935446499146 ], [ 122.187220815266429, 6.956918558249057 ], [ 122.178167184101852, 6.956918558249057 ], [ 122.178167184101852, 6.947935446499146 ] ] ] } },
{ "type": "Feature", "properties": { "grid_id": "33_10", "x_idx": 33, "y_idx": 10 }, "geometry": { "type": "Polygon", "coordinates": [ [ [ 122.196274446430991, 6.947935446499146 ], [ 122.205328077595567, 6.947935446499146 ], [ 122.205328077595567, 6.956918558249057 ], [ 122.196274446430991, 6.956918558249057 ], [ 122.196274446430991, 6.947935446499146 ] ] ] } },
{ "type": "Feature", "properties": { "grid_id": "34_10", "x_idx": 34, "y_idx": 10 }, "geometry": { "type": "Polygon", "coordinates": [ [ [ 122.205328077595567, 6.947935446499146 ], [ 122.214381708760143, 6.947935446499146 ], [ 122.214381708760143, 6.956918558249057 ], [ 122.205328077595567, 6.956918558249057 ], [ 122.205328077595567, 6.947935446499146 ] ] ] } },
{ "type": "Feature", "properties": { "grid_id": "35_10", "x_idx": 35, "y_idx": 10 }, "geometry": { "type": "Polygon", "coordinates": [ [ [ 122.214381708760143, 6.947935446499146 ], [ 122.22343533992472, 6.947935446499146 ], [ 122.22343533992472, 6.956918558249057 ], [ 122.214381708760143, 6.956918558249057 ], [ 122.214381708760143, 6.947935446499146 ] ] ] } },
{ "type": "Feature", "properties": { "grid_id": "36_10", "x_idx": 36, "y_idx": 10 }, "geometry": { "type": "Polygon", "coordinates": [ [ [ 122.22343533992472, 6.947935446499146 ], [ 122.232488971089296, 6.947935446499146 ], [ 122.232488971089296, 6.956918558249057 ], [ 122.22343533992472, 6.956918558249057 ], [ 122.22343533992472, 6.947935446499146 ] ] ] } },
{ "type": "Feature", "properties": { "grid_id": "37_10", "x_idx": 37, "y_idx": 10 }, "geometry": { "type": "Polygon", "coordinates": [ [ [ 122.232488971089282, 6.947935446499146 ], [ 122.241542602253858, 6.947935446499146 ], [ 122.241542602253858, 6.956918558249057 ], [ 122.232488971089282, 6.956918558249057 ], [ 122.232488971089282, 6.947935446499146 ] ] ] } },
{ "type": "Feature", "properties": { "grid_id": "38_10", "x_idx": 38, "y_idx": 10 }, "geometry": { "type": "Polygon", "coordinates": [ [ [ 122.241542602253858, 6.947935446499146 ], [ 122.250596233418435, 6.947935446499146 ], [ 122.250596233418435, 6.956918558249057 ], [ 122.241542602253858, 6.956918558249057 ], [ 122.241542602253858, 6.947935446499146 ] ] ] } },
{ "type": "Feature", "properties": { "grid_id": "39_10", "x_idx": 39, "y_idx": 10 }, "geometry": { "type": "Polygon", "coordinates": [ [ [ 122.250596233418435, 6.947935446499146 ], [ 122.259649864583011, 6.947935446499146 ], [ 122.259649864583011, 6.956918558249057 ], [ 122.250596233418435, 6.956918558249057 ], [ 122.250596233418435, 6.947935446499146 ] ] ] } },
{ "type": "Feature", "properties": { "grid_id": "40_10", "x_idx": 40, "y_idx": 10 }, "geometry": { "type": "Polygon", "coordinates": [ [ [ 122.259649864583011, 6.947935446499146 ], [ 122.268703495747587, 6.947935446499146 ], [ 122.268703495747587, 6.956918558249057 ], [ 122.259649864583011, 6.956918558249057 ], [ 122.259649864583011, 6.947935446499146 ] ] ] } },
{ "type": "Feature", "properties": { "grid_id": "41_10", "x_idx": 41, "y_idx": 10 }, "geometry": { "type": "Polygon", "coordinates": [ [ [ 122.268703495747573, 6.947935446499146 ], [ 122.277757126912149, 6.947935446499146 ], [ 122.277757126912149, 6.956918558249057 ], [ 122.268703495747573, 6.956918558249057 ], [ 122.268703495747573, 6.947935446499146 ] ] ] } },
{ "type": "Feature", "properties": { "grid_id": "47_10", "x_idx": 47, "y_idx": 10 }, "geometry": { "type": "Polygon", "coordinates": [ [ [ 122.323025282735017, 6.947935446499146 ], [ 122.332078913899593, 6.947935446499146 ], [ 122.332078913899593, 6.956918558249057 ], [ 122.323025282735017, 6.956918558249057 ], [ 122.323025282735017, 6.947935446499146 ] ] ] } },
{ "type": "Feature", "properties": { "grid_id": "4_11", "x_idx": 4, "y_idx": 11 }, "geometry": { "type": "Polygon", "coordinates": [ [ [ 121.93371914265839, 6.956918558249057 ], [ 121.942772773822966, 6.956918558249057 ], [ 121.942772773822966, 6.965901669998967 ], [ 121.93371914265839, 6.965901669998967 ], [ 121.93371914265839, 6.956918558249057 ] ] ] } },
{ "type": "Feature", "properties": { "grid_id": "5_11", "x_idx": 5, "y_idx": 11 }, "geometry": { "type": "Polygon", "coordinates": [ [ [ 121.942772773822966, 6.956918558249057 ], [ 121.951826404987543, 6.956918558249057 ], [ 121.951826404987543, 6.965901669998967 ], [ 121.942772773822966, 6.965901669998967 ], [ 121.942772773822966, 6.956918558249057 ] ] ] } },
{ "type": "Feature", "properties": { "grid_id": "6_11", "x_idx": 6, "y_idx": 11 }, "geometry": { "type": "Polygon", "coordinates": [ [ [ 121.951826404987528, 6.956918558249057 ], [ 121.960880036152105, 6.956918558249057 ], [ 121.960880036152105, 6.965901669998967 ], [ 121.951826404987528, 6.965901669998967 ], [ 121.951826404987528, 6.956918558249057 ] ] ] } },
{ "type": "Feature", "properties": { "grid_id": "7_11", "x_idx": 7, "y_idx": 11 }, "geometry": { "type": "Polygon", "coordinates": [ [ [ 121.960880036152105, 6.956918558249057 ], [ 121.969933667316681, 6.956918558249057 ], [ 121.969933667316681, 6.965901669998967 ], [ 121.960880036152105, 6.965901669998967 ], [ 121.960880036152105, 6.956918558249057 ] ] ] } },
{ "type": "Feature", "properties": { "grid_id": "8_11", "x_idx": 8, "y_idx": 11 }, "geometry": { "type": "Polygon", "coordinates": [ [ [ 121.969933667316681, 6.956918558249057 ], [ 121.978987298481258, 6.956918558249057 ], [ 121.978987298481258, 6.965901669998967 ], [ 121.969933667316681, 6.965901669998967 ], [ 121.969933667316681, 6.956918558249057 ] ] ] } },
{ "type": "Feature", "properties": { "grid_id": "9_11", "x_idx": 9, "y_idx": 11 }, "geometry": { "type": "Polygon", "coordinates": [ [ [ 121.978987298481258, 6.956918558249057 ], [ 121.988040929645834, 6.956918558249057 ], [ 121.988040929645834, 6.965901669998967 ], [ 121.978987298481258, 6.965901669998967 ], [ 121.978987298481258, 6.956918558249057 ] ] ] } },
{ "type": "Feature", "properties": { "grid_id": "10_11", "x_idx": 10, "y_idx": 11 }, "geometry": { "type": "Polygon", "coordinates": [ [ [ 121.98804092964582, 6.956918558249057 ], [ 121.997094560810396, 6.956918558249057 ], [ 121.997094560810396, 6.965901669998967 ], [ 121.98804092964582, 6.965901669998967 ], [ 121.98804092964582, 6.956918558249057 ] ] ] } },
{ "type": "Feature", "properties": { "grid_id": "11_11", "x_idx": 11, "y_idx": 11 }, "geometry": { "type": "Polygon", "coordinates": [ [ [ 121.997094560810396, 6.956918558249057 ], [ 122.006148191974972, 6.956918558249057 ], [ 122.006148191974972, 6.965901669998967 ], [ 121.997094560810396, 6.965901669998967 ], [ 121.997094560810396, 6.956918558249057 ] ] ] } },
{ "type": "Feature", "properties": { "grid_id": "12_11", "x_idx": 12, "y_idx": 11 }, "geometry": { "type": "Polygon", "coordinates": [ [ [ 122.006148191974972, 6.956918558249057 ], [ 122.015201823139549, 6.956918558249057 ], [ 122.015201823139549, 6.965901669998967 ], [ 122.006148191974972, 6.965901669998967 ], [ 122.006148191974972, 6.956918558249057 ] ] ] } },
{ "type": "Feature", "properties": { "grid_id": "13_11", "x_idx": 13, "y_idx": 11 }, "geometry": { "type": "Polygon", "coordinates": [ [ [ 122.015201823139549, 6.956918558249057 ], [ 122.024255454304125, 6.956918558249057 ], [ 122.024255454304125, 6.965901669998967 ], [ 122.015201823139549, 6.965901669998967 ], [ 122.015201823139549, 6.956918558249057 ] ] ] } },
{ "type": "Feature", "properties": { "grid_id": "14_11", "x_idx": 14, "y_idx": 11 }, "geometry": { "type": "Polygon", "coordinates": [ [ [ 122.024255454304111, 6.956918558249057 ], [ 122.033309085468687, 6.956918558249057 ], [ 122.033309085468687, 6.965901669998967 ], [ 122.024255454304111, 6.965901669998967 ], [ 122.024255454304111, 6.956918558249057 ] ] ] } },
{ "type": "Feature", "properties": { "grid_id": "15_11", "x_idx": 15, "y_idx": 11 }, "geometry": { "type": "Polygon", "coordinates": [ [ [ 122.033309085468687, 6.956918558249057 ], [ 122.042362716633264, 6.956918558249057 ], [ 122.042362716633264, 6.965901669998967 ], [ 122.033309085468687, 6.965901669998967 ], [ 122.033309085468687, 6.956918558249057 ] ] ] } },
{ "type": "Feature", "properties": { "grid_id": "16_11", "x_idx": 16, "y_idx": 11 }, "geometry": { "type": "Polygon", "coordinates": [ [ [ 122.042362716633264, 6.956918558249057 ], [ 122.05141634779784, 6.956918558249057 ], [ 122.05141634779784, 6.965901669998967 ], [ 122.042362716633264, 6.965901669998967 ], [ 122.042362716633264, 6.956918558249057 ] ] ] } },
{ "type": "Feature", "properties": { "grid_id": "17_11", "x_idx": 17, "y_idx": 11 }, "geometry": { "type": "Polygon", "coordinates": [ [ [ 122.05141634779784, 6.956918558249057 ], [ 122.060469978962416, 6.956918558249057 ], [ 122.060469978962416, 6.965901669998967 ], [ 122.05141634779784, 6.965901669998967 ], [ 122.05141634779784, 6.956918558249057 ] ] ] } },
{ "type": "Feature", "properties": { "grid_id": "18_11", "x_idx": 18, "y_idx": 11 }, "geometry": { "type": "Polygon", "coordinates": [ [ [ 122.060469978962402, 6.956918558249057 ], [ 122.069523610126978, 6.956918558249057 ], [ 122.069523610126978, 6.965901669998967 ], [ 122.060469978962402, 6.965901669998967 ], [ 122.060469978962402, 6.956918558249057 ] ] ] } },
{ "type": "Feature", "properties": { "grid_id": "19_11", "x_idx": 19, "y_idx": 11 }, "geometry": { "type": "Polygon", "coordinates": [ [ [ 122.069523610126978, 6.956918558249057 ], [ 122.078577241291555, 6.956918558249057 ], [ 122.078577241291555, 6.965901669998967 ], [ 122.069523610126978, 6.965901669998967 ], [ 122.069523610126978, 6.956918558249057 ] ] ] } },
{ "type": "Feature", "properties": { "grid_id": "20_11", "x_idx": 20, "y_idx": 11 }, "geometry": { "type": "Polygon", "coordinates": [ [ [ 122.078577241291555, 6.956918558249057 ], [ 122.087630872456131, 6.956918558249057 ], [ 122.087630872456131, 6.965901669998967 ], [ 122.078577241291555, 6.965901669998967 ], [ 122.078577241291555, 6.956918558249057 ] ] ] } },
{ "type": "Feature", "properties": { "grid_id": "21_11", "x_idx": 21, "y_idx": 11 }, "geometry": { "type": "Polygon", "coordinates": [ [ [ 122.087630872456131, 6.956918558249057 ], [ 122.096684503620708, 6.956918558249057 ], [ 122.096684503620708, 6.965901669998967 ], [ 122.087630872456131, 6.965901669998967 ], [ 122.087630872456131, 6.956918558249057 ] ] ] } },
{ "type": "Feature", "properties": { "grid_id": "22_11", "x_idx": 22, "y_idx": 11 }, "geometry": { "type": "Polygon", "coordinates": [ [ [ 122.096684503620693, 6.956918558249057 ], [ 122.10573813478527, 6.956918558249057 ], [ 122.10573813478527, 6.965901669998967 ], [ 122.096684503620693, 6.965901669998967 ], [ 122.096684503620693, 6.956918558249057 ] ] ] } },
{ "type": "Feature", "properties": { "grid_id": "23_11", "x_idx": 23, "y_idx": 11 }, "geometry": { "type": "Polygon", "coordinates": [ [ [ 122.10573813478527, 6.956918558249057 ], [ 122.114791765949846, 6.956918558249057 ], [ 122.114791765949846, 6.965901669998967 ], [ 122.10573813478527, 6.965901669998967 ], [ 122.10573813478527, 6.956918558249057 ] ] ] } },
{ "type": "Feature", "properties": { "grid_id": "24_11", "x_idx": 24, "y_idx": 11 }, "geometry": { "type": "Polygon", "coordinates": [ [ [ 122.114791765949846, 6.956918558249057 ], [ 122.123845397114422, 6.956918558249057 ], [ 122.123845397114422, 6.965901669998967 ], [ 122.114791765949846, 6.965901669998967 ], [ 122.114791765949846, 6.956918558249057 ] ] ] } },
{ "type": "Feature", "properties": { "grid_id": "25_11", "x_idx": 25, "y_idx": 11 }, "geometry": { "type": "Polygon", "coordinates": [ [ [ 122.123845397114408, 6.956918558249057 ], [ 122.132899028278985, 6.956918558249057 ], [ 122.132899028278985, 6.965901669998967 ], [ 122.123845397114408, 6.965901669998967 ], [ 122.123845397114408, 6.956918558249057 ] ] ] } },
{ "type": "Feature", "properties": { "grid_id": "26_11", "x_idx": 26, "y_idx": 11 }, "geometry": { "type": "Polygon", "coordinates": [ [ [ 122.132899028278985, 6.956918558249057 ], [ 122.141952659443561, 6.956918558249057 ], [ 122.141952659443561, 6.965901669998967 ], [ 122.132899028278985, 6.965901669998967 ], [ 122.132899028278985, 6.956918558249057 ] ] ] } },
{ "type": "Feature", "properties": { "grid_id": "27_11", "x_idx": 27, "y_idx": 11 }, "geometry": { "type": "Polygon", "coordinates": [ [ [ 122.141952659443561, 6.956918558249057 ], [ 122.151006290608137, 6.956918558249057 ], [ 122.151006290608137, 6.965901669998967 ], [ 122.141952659443561, 6.965901669998967 ], [ 122.141952659443561, 6.956918558249057 ] ] ] } },
{ "type": "Feature", "properties": { "grid_id": "28_11", "x_idx": 28, "y_idx": 11 }, "geometry": { "type": "Polygon", "coordinates": [ [ [ 122.151006290608137, 6.956918558249057 ], [ 122.160059921772714, 6.956918558249057 ], [ 122.160059921772714, 6.965901669998967 ], [ 122.151006290608137, 6.965901669998967 ], [ 122.151006290608137, 6.956918558249057 ] ] ] } },
{ "type": "Feature", "properties": { "grid_id": "29_11", "x_idx": 29, "y_idx": 11 }, "geometry": { "type": "Polygon", "coordinates": [ [ [ 122.160059921772699, 6.956918558249057 ], [ 122.169113552937276, 6.956918558249057 ], [ 122.169113552937276, 6.965901669998967 ], [ 122.160059921772699, 6.965901669998967 ], [ 122.160059921772699, 6.956918558249057 ] ] ] } },
{ "type": "Feature", "properties": { "grid_id": "30_11", "x_idx": 30, "y_idx": 11 }, "geometry": { "type": "Polygon", "coordinates": [ [ [ 122.169113552937276, 6.956918558249057 ], [ 122.178167184101852, 6.956918558249057 ], [ 122.178167184101852, 6.965901669998967 ], [ 122.169113552937276, 6.965901669998967 ], [ 122.169113552937276, 6.956918558249057 ] ] ] } },
{ "type": "Feature", "properties": { "grid_id": "31_11", "x_idx": 31, "y_idx": 11 }, "geometry": { "type": "Polygon", "coordinates": [ [ [ 122.178167184101852, 6.956918558249057 ], [ 122.187220815266429, 6.956918558249057 ], [ 122.187220815266429, 6.965901669998967 ], [ 122.178167184101852, 6.965901669998967 ], [ 122.178167184101852, 6.956918558249057 ] ] ] } },
{ "type": "Feature", "properties": { "grid_id": "34_11", "x_idx": 34, "y_idx": 11 }, "geometry": { "type": "Polygon", "coordinates": [ [ [ 122.205328077595567, 6.956918558249057 ], [ 122.214381708760143, 6.956918558249057 ], [ 122.214381708760143, 6.965901669998967 ], [ 122.205328077595567, 6.965901669998967 ], [ 122.205328077595567, 6.956918558249057 ] ] ] } },
{ "type": "Feature", "properties": { "grid_id": "35_11", "x_idx": 35, "y_idx": 11 }, "geometry": { "type": "Polygon", "coordinates": [ [ [ 122.214381708760143, 6.956918558249057 ], [ 122.22343533992472, 6.956918558249057 ], [ 122.22343533992472, 6.965901669998967 ], [ 122.214381708760143, 6.965901669998967 ], [ 122.214381708760143, 6.956918558249057 ] ] ] } },
{ "type": "Feature", "properties": { "grid_id": "36_11", "x_idx": 36, "y_idx": 11 }, "geometry": { "type": "Polygon", "coordinates": [ [ [ 122.22343533992472, 6.956918558249057 ], [ 122.232488971089296, 6.956918558249057 ], [ 122.232488971089296, 6.965901669998967 ], [ 122.22343533992472, 6.965901669998967 ], [ 122.22343533992472, 6.956918558249057 ] ] ] } },
{ "type": "Feature", "properties": { "grid_id": "37_11", "x_idx": 37, "y_idx": 11 }, "geometry": { "type": "Polygon", "coordinates": [ [ [ 122.232488971089282, 6.956918558249057 ], [ 122.241542602253858, 6.956918558249057 ], [ 122.241542602253858, 6.965901669998967 ], [ 122.232488971089282, 6.965901669998967 ], [ 122.232488971089282, 6.956918558249057 ] ] ] } },
{ "type": "Feature", "properties": { "grid_id": "38_11", "x_idx": 38, "y_idx": 11 }, "geometry": { "type": "Polygon", "coordinates": [ [ [ 122.241542602253858, 6.956918558249057 ], [ 122.250596233418435, 6.956918558249057 ], [ 122.250596233418435, 6.965901669998967 ], [ 122.241542602253858, 6.965901669998967 ], [ 122.241542602253858, 6.956918558249057 ] ] ] } },
{ "type": "Feature", "properties": { "grid_id": "39_11", "x_idx": 39, "y_idx": 11 }, "geometry": { "type": "Polygon", "coordinates": [ [ [ 122.250596233418435, 6.956918558249057 ], [ 122.259649864583011, 6.956918558249057 ], [ 122.259649864583011, 6.965901669998967 ], [ 122.250596233418435, 6.965901669998967 ], [ 122.250596233418435, 6.956918558249057 ] ] ] } },
{ "type": "Feature", "properties": { "grid_id": "40_11", "x_idx": 40, "y_idx": 11 }, "geometry": { "type": "Polygon", "coordinates": [ [ [ 122.259649864583011, 6.956918558249057 ], [ 122.268703495747587, 6.956918558249057 ], [ 122.268703495747587, 6.965901669998967 ], [ 122.259649864583011, 6.965901669998967 ], [ 122.259649864583011, 6.956918558249057 ] ] ] } },
{ "type": "Feature", "properties": { "grid_id": "41_11", "x_idx": 41, "y_idx": 11 }, "geometry": { "type": "Polygon", "coordinates": [ [ [ 122.268703495747573, 6.956918558249057 ], [ 122.277757126912149, 6.956918558249057 ], [ 122.277757126912149, 6.965901669998967 ], [ 122.268703495747573, 6.965901669998967 ], [ 122.268703495747573, 6.956918558249057 ] ] ] } },
{ "type": "Feature", "properties": { "grid_id": "42_11", "x_idx": 42, "y_idx": 11 }, "geometry": { "type": "Polygon", "coordinates": [ [ [ 122.277757126912149, 6.956918558249057 ], [ 122.286810758076726, 6.956918558249057 ], [ 122.286810758076726, 6.965901669998967 ], [ 122.277757126912149, 6.965901669998967 ], [ 122.277757126912149, 6.956918558249057 ] ] ] } },
{ "type": "Feature", "properties": { "grid_id": "3_12", "x_idx": 3, "y_idx": 12 }, "geometry": { "type": "Polygon", "coordinates": [ [ [ 121.924665511493814, 6.965901669998967 ], [ 121.93371914265839, 6.965901669998967 ], [ 121.93371914265839, 6.974884781748877 ], [ 121.924665511493814, 6.974884781748877 ], [ 121.924665511493814, 6.965901669998967 ] ] ] } },
{ "type": "Feature", "properties": { "grid_id": "4_12", "x_idx": 4, "y_idx": 12 }, "geometry": { "type": "Polygon", "coordinates": [ [ [ 121.93371914265839, 6.965901669998967 ], [ 121.942772773822966, 6.965901669998967 ], [ 121.942772773822966, 6.974884781748877 ], [ 121.93371914265839, 6.974884781748877 ], [ 121.93371914265839, 6.965901669998967 ] ] ] } },
{ "type": "Feature", "properties": { "grid_id": "5_12", "x_idx": 5, "y_idx": 12 }, "geometry": { "type": "Polygon", "coordinates": [ [ [ 121.942772773822966, 6.965901669998967 ], [ 121.951826404987543, 6.965901669998967 ], [ 121.951826404987543, 6.974884781748877 ], [ 121.942772773822966, 6.974884781748877 ], [ 121.942772773822966, 6.965901669998967 ] ] ] } },
{ "type": "Feature", "properties": { "grid_id": "6_12", "x_idx": 6, "y_idx": 12 }, "geometry": { "type": "Polygon", "coordinates": [ [ [ 121.951826404987528, 6.965901669998967 ], [ 121.960880036152105, 6.965901669998967 ], [ 121.960880036152105, 6.974884781748877 ], [ 121.951826404987528, 6.974884781748877 ], [ 121.951826404987528, 6.965901669998967 ] ] ] } },
{ "type": "Feature", "properties": { "grid_id": "7_12", "x_idx": 7, "y_idx": 12 }, "geometry": { "type": "Polygon", "coordinates": [ [ [ 121.960880036152105, 6.965901669998967 ], [ 121.969933667316681, 6.965901669998967 ], [ 121.969933667316681, 6.974884781748877 ], [ 121.960880036152105, 6.974884781748877 ], [ 121.960880036152105, 6.965901669998967 ] ] ] } },
{ "type": "Feature", "properties": { "grid_id": "8_12", "x_idx": 8, "y_idx": 12 }, "geometry": { "type": "Polygon", "coordinates": [ [ [ 121.969933667316681, 6.965901669998967 ], [ 121.978987298481258, 6.965901669998967 ], [ 121.978987298481258, 6.974884781748877 ], [ 121.969933667316681, 6.974884781748877 ], [ 121.969933667316681, 6.965901669998967 ] ] ] } },
{ "type": "Feature", "properties": { "grid_id": "9_12", "x_idx": 9, "y_idx": 12 }, "geometry": { "type": "Polygon", "coordinates": [ [ [ 121.978987298481258, 6.965901669998967 ], [ 121.988040929645834, 6.965901669998967 ], [ 121.988040929645834, 6.974884781748877 ], [ 121.978987298481258, 6.974884781748877 ], [ 121.978987298481258, 6.965901669998967 ] ] ] } },
{ "type": "Feature", "properties": { "grid_id": "10_12", "x_idx": 10, "y_idx": 12 }, "geometry": { "type": "Polygon", "coordinates": [ [ [ 121.98804092964582, 6.965901669998967 ], [ 121.997094560810396, 6.965901669998967 ], [ 121.997094560810396, 6.974884781748877 ], [ 121.98804092964582, 6.974884781748877 ], [ 121.98804092964582, 6.965901669998967 ] ] ] } },
{ "type": "Feature", "properties": { "grid_id": "11_12", "x_idx": 11, "y_idx": 12 }, "geometry": { "type": "Polygon", "coordinates": [ [ [ 121.997094560810396, 6.965901669998967 ], [ 122.006148191974972, 6.965901669998967 ], [ 122.006148191974972, 6.974884781748877 ], [ 121.997094560810396, 6.974884781748877 ], [ 121.997094560810396, 6.965901669998967 ] ] ] } },
{ "type": "Feature", "properties": { "grid_id": "12_12", "x_idx": 12, "y_idx": 12 }, "geometry": { "type": "Polygon", "coordinates": [ [ [ 122.006148191974972, 6.965901669998967 ], [ 122.015201823139549, 6.965901669998967 ], [ 122.015201823139549, 6.974884781748877 ], [ 122.006148191974972, 6.974884781748877 ], [ 122.006148191974972, 6.965901669998967 ] ] ] } },
{ "type": "Feature", "properties": { "grid_id": "13_12", "x_idx": 13, "y_idx": 12 }, "geometry": { "type": "Polygon", "coordinates": [ [ [ 122.015201823139549, 6.965901669998967 ], [ 122.024255454304125, 6.965901669998967 ], [ 122.024255454304125, 6.974884781748877 ], [ 122.015201823139549, 6.974884781748877 ], [ 122.015201823139549, 6.965901669998967 ] ] ] } },
{ "type": "Feature", "properties": { "grid_id": "14_12", "x_idx": 14, "y_idx": 12 }, "geometry": { "type": "Polygon", "coordinates": [ [ [ 122.024255454304111, 6.965901669998967 ], [ 122.033309085468687, 6.965901669998967 ], [ 122.033309085468687, 6.974884781748877 ], [ 122.024255454304111, 6.974884781748877 ], [ 122.024255454304111, 6.965901669998967 ] ] ] } },
{ "type": "Feature", "properties": { "grid_id": "15_12", "x_idx": 15, "y_idx": 12 }, "geometry": { "type": "Polygon", "coordinates": [ [ [ 122.033309085468687, 6.965901669998967 ], [ 122.042362716633264, 6.965901669998967 ], [ 122.042362716633264, 6.974884781748877 ], [ 122.033309085468687, 6.974884781748877 ], [ 122.033309085468687, 6.965901669998967 ] ] ] } },
{ "type": "Feature", "properties": { "grid_id": "16_12", "x_idx": 16, "y_idx": 12 }, "geometry": { "type": "Polygon", "coordinates": [ [ [ 122.042362716633264, 6.965901669998967 ], [ 122.05141634779784, 6.965901669998967 ], [ 122.05141634779784, 6.974884781748877 ], [ 122.042362716633264, 6.974884781748877 ], [ 122.042362716633264, 6.965901669998967 ] ] ] } },
{ "type": "Feature", "properties": { "grid_id": "17_12", "x_idx": 17, "y_idx": 12 }, "geometry": { "type": "Polygon", "coordinates": [ [ [ 122.05141634779784, 6.965901669998967 ], [ 122.060469978962416, 6.965901669998967 ], [ 122.060469978962416, 6.974884781748877 ], [ 122.05141634779784, 6.974884781748877 ], [ 122.05141634779784, 6.965901669998967 ] ] ] } },
{ "type": "Feature", "properties": { "grid_id": "18_12", "x_idx": 18, "y_idx": 12 }, "geometry": { "type": "Polygon", "coordinates": [ [ [ 122.060469978962402, 6.965901669998967 ], [ 122.069523610126978, 6.965901669998967 ], [ 122.069523610126978, 6.974884781748877 ], [ 122.060469978962402, 6.974884781748877 ], [ 122.060469978962402, 6.965901669998967 ] ] ] } },
{ "type": "Feature", "properties": { "grid_id": "19_12", "x_idx": 19, "y_idx": 12 }, "geometry": { "type": "Polygon", "coordinates": [ [ [ 122.069523610126978, 6.965901669998967 ], [ 122.078577241291555, 6.965901669998967 ], [ 122.078577241291555, 6.974884781748877 ], [ 122.069523610126978, 6.974884781748877 ], [ 122.069523610126978, 6.965901669998967 ] ] ] } },
{ "type": "Feature", "properties": { "grid_id": "20_12", "x_idx": 20, "y_idx": 12 }, "geometry": { "type": "Polygon", "coordinates": [ [ [ 122.078577241291555, 6.965901669998967 ], [ 122.087630872456131, 6.965901669998967 ], [ 122.087630872456131, 6.974884781748877 ], [ 122.078577241291555, 6.974884781748877 ], [ 122.078577241291555, 6.965901669998967 ] ] ] } },
{ "type": "Feature", "properties": { "grid_id": "21_12", "x_idx": 21, "y_idx": 12 }, "geometry": { "type": "Polygon", "coordinates": [ [ [ 122.087630872456131, 6.965901669998967 ], [ 122.096684503620708, 6.965901669998967 ], [ 122.096684503620708, 6.974884781748877 ], [ 122.087630872456131, 6.974884781748877 ], [ 122.087630872456131, 6.965901669998967 ] ] ] } },
{ "type": "Feature", "properties": { "grid_id": "22_12", "x_idx": 22, "y_idx": 12 }, "geometry": { "type": "Polygon", "coordinates": [ [ [ 122.096684503620693, 6.965901669998967 ], [ 122.10573813478527, 6.965901669998967 ], [ 122.10573813478527, 6.974884781748877 ], [ 122.096684503620693, 6.974884781748877 ], [ 122.096684503620693, 6.965901669998967 ] ] ] } },
{ "type": "Feature", "properties": { "grid_id": "23_12", "x_idx": 23, "y_idx": 12 }, "geometry": { "type": "Polygon", "coordinates": [ [ [ 122.10573813478527, 6.965901669998967 ], [ 122.114791765949846, 6.965901669998967 ], [ 122.114791765949846, 6.974884781748877 ], [ 122.10573813478527, 6.974884781748877 ], [ 122.10573813478527, 6.965901669998967 ] ] ] } },
{ "type": "Feature", "properties": { "grid_id": "24_12", "x_idx": 24, "y_idx": 12 }, "geometry": { "type": "Polygon", "coordinates": [ [ [ 122.114791765949846, 6.965901669998967 ], [ 122.123845397114422, 6.965901669998967 ], [ 122.123845397114422, 6.974884781748877 ], [ 122.114791765949846, 6.974884781748877 ], [ 122.114791765949846, 6.965901669998967 ] ] ] } },
{ "type": "Feature", "properties": { "grid_id": "25_12", "x_idx": 25, "y_idx": 12 }, "geometry": { "type": "Polygon", "coordinates": [ [ [ 122.123845397114408, 6.965901669998967 ], [ 122.132899028278985, 6.965901669998967 ], [ 122.132899028278985, 6.974884781748877 ], [ 122.123845397114408, 6.974884781748877 ], [ 122.123845397114408, 6.965901669998967 ] ] ] } },
{ "type": "Feature", "properties": { "grid_id": "26_12", "x_idx": 26, "y_idx": 12 }, "geometry": { "type": "Polygon", "coordinates": [ [ [ 122.132899028278985, 6.965901669998967 ], [ 122.141952659443561, 6.965901669998967 ], [ 122.141952659443561, 6.974884781748877 ], [ 122.132899028278985, 6.974884781748877 ], [ 122.132899028278985, 6.965901669998967 ] ] ] } },
{ "type": "Feature", "properties": { "grid_id": "27_12", "x_idx": 27, "y_idx": 12 }, "geometry": { "type": "Polygon", "coordinates": [ [ [ 122.141952659443561, 6.965901669998967 ], [ 122.151006290608137, 6.965901669998967 ], [ 122.151006290608137, 6.974884781748877 ], [ 122.141952659443561, 6.974884781748877 ], [ 122.141952659443561, 6.965901669998967 ] ] ] } },
{ "type": "Feature", "properties": { "grid_id": "28_12", "x_idx": 28, "y_idx": 12 }, "geometry": { "type": "Polygon", "coordinates": [ [ [ 122.151006290608137, 6.965901669998967 ], [ 122.160059921772714, 6.965901669998967 ], [ 122.160059921772714, 6.974884781748877 ], [ 122.151006290608137, 6.974884781748877 ], [ 122.151006290608137, 6.965901669998967 ] ] ] } },
{ "type": "Feature", "properties": { "grid_id": "29_12", "x_idx": 29, "y_idx": 12 }, "geometry": { "type": "Polygon", "coordinates": [ [ [ 122.160059921772699, 6.965901669998967 ], [ 122.169113552937276, 6.965901669998967 ], [ 122.169113552937276, 6.974884781748877 ], [ 122.160059921772699, 6.974884781748877 ], [ 122.160059921772699, 6.965901669998967 ] ] ] } },
{ "type": "Feature", "properties": { "grid_id": "30_12", "x_idx": 30, "y_idx": 12 }, "geometry": { "type": "Polygon", "coordinates": [ [ [ 122.169113552937276, 6.965901669998967 ], [ 122.178167184101852, 6.965901669998967 ], [ 122.178167184101852, 6.974884781748877 ], [ 122.169113552937276, 6.974884781748877 ], [ 122.169113552937276, 6.965901669998967 ] ] ] } },
{ "type": "Feature", "properties": { "grid_id": "31_12", "x_idx": 31, "y_idx": 12 }, "geometry": { "type": "Polygon", "coordinates": [ [ [ 122.178167184101852, 6.965901669998967 ], [ 122.187220815266429, 6.965901669998967 ], [ 122.187220815266429, 6.974884781748877 ], [ 122.178167184101852, 6.974884781748877 ], [ 122.178167184101852, 6.965901669998967 ] ] ] } },
{ "type": "Feature", "properties": { "grid_id": "34_12", "x_idx": 34, "y_idx": 12 }, "geometry": { "type": "Polygon", "coordinates": [ [ [ 122.205328077595567, 6.965901669998967 ], [ 122.214381708760143, 6.965901669998967 ], [ 122.214381708760143, 6.974884781748877 ], [ 122.205328077595567, 6.974884781748877 ], [ 122.205328077595567, 6.965901669998967 ] ] ] } },
{ "type": "Feature", "properties": { "grid_id": "35_12", "x_idx": 35, "y_idx": 12 }, "geometry": { "type": "Polygon", "coordinates": [ [ [ 122.214381708760143, 6.965901669998967 ], [ 122.22343533992472, 6.965901669998967 ], [ 122.22343533992472, 6.974884781748877 ], [ 122.214381708760143, 6.974884781748877 ], [ 122.214381708760143, 6.965901669998967 ] ] ] } },
{ "type": "Feature", "properties": { "grid_id": "36_12", "x_idx": 36, "y_idx": 12 }, "geometry": { "type": "Polygon", "coordinates": [ [ [ 122.22343533992472, 6.965901669998967 ], [ 122.232488971089296, 6.965901669998967 ], [ 122.232488971089296, 6.974884781748877 ], [ 122.22343533992472, 6.974884781748877 ], [ 122.22343533992472, 6.965901669998967 ] ] ] } },
{ "type": "Feature", "properties": { "grid_id": "37_12", "x_idx": 37, "y_idx": 12 }, "geometry": { "type": "Polygon", "coordinates": [ [ [ 122.232488971089282, 6.965901669998967 ], [ 122.241542602253858, 6.965901669998967 ], [ 122.241542602253858, 6.974884781748877 ], [ 122.232488971089282, 6.974884781748877 ], [ 122.232488971089282, 6.965901669998967 ] ] ] } },
{ "type": "Feature", "properties": { "grid_id": "38_12", "x_idx": 38, "y_idx": 12 }, "geometry": { "type": "Polygon", "coordinates": [ [ [ 122.241542602253858, 6.965901669998967 ], [ 122.250596233418435, 6.965901669998967 ], [ 122.250596233418435, 6.974884781748877 ], [ 122.241542602253858, 6.974884781748877 ], [ 122.241542602253858, 6.965901669998967 ] ] ] } },
{ "type": "Feature", "properties": { "grid_id": "39_12", "x_idx": 39, "y_idx": 12 }, "geometry": { "type": "Polygon", "coordinates": [ [ [ 122.250596233418435, 6.965901669998967 ], [ 122.259649864583011, 6.965901669998967 ], [ 122.259649864583011, 6.974884781748877 ], [ 122.250596233418435, 6.974884781748877 ], [ 122.250596233418435, 6.965901669998967 ] ] ] } },
{ "type": "Feature", "properties": { "grid_id": "40_12", "x_idx": 40, "y_idx": 12 }, "geometry": { "type": "Polygon", "coordinates": [ [ [ 122.259649864583011, 6.965901669998967 ], [ 122.268703495747587, 6.965901669998967 ], [ 122.268703495747587, 6.974884781748877 ], [ 122.259649864583011, 6.974884781748877 ], [ 122.259649864583011, 6.965901669998967 ] ] ] } },
{ "type": "Feature", "properties": { "grid_id": "41_12", "x_idx": 41, "y_idx": 12 }, "geometry": { "type": "Polygon", "coordinates": [ [ [ 122.268703495747573, 6.965901669998967 ], [ 122.277757126912149, 6.965901669998967 ], [ 122.277757126912149, 6.974884781748877 ], [ 122.268703495747573, 6.974884781748877 ], [ 122.268703495747573, 6.965901669998967 ] ] ] } },
{ "type": "Feature", "properties": { "grid_id": "42_12", "x_idx": 42, "y_idx": 12 }, "geometry": { "type": "Polygon", "coordinates": [ [ [ 122.277757126912149, 6.965901669998967 ], [ 122.286810758076726, 6.965901669998967 ], [ 122.286810758076726, 6.974884781748877 ], [ 122.277757126912149, 6.974884781748877 ], [ 122.277757126912149, 6.965901669998967 ] ] ] } },
{ "type": "Feature", "properties": { "grid_id": "3_13", "x_idx": 3, "y_idx": 13 }, "geometry": { "type": "Polygon", "coordinates": [ [ [ 121.924665511493814, 6.974884781748877 ], [ 121.93371914265839, 6.974884781748877 ], [ 121.93371914265839, 6.983867893498788 ], [ 121.924665511493814, 6.983867893498788 ], [ 121.924665511493814, 6.974884781748877 ] ] ] } },
{ "type": "Feature", "properties": { "grid_id": "4_13", "x_idx": 4, "y_idx": 13 }, "geometry": { "type": "Polygon", "coordinates": [ [ [ 121.93371914265839, 6.974884781748877 ], [ 121.942772773822966, 6.974884781748877 ], [ 121.942772773822966, 6.983867893498788 ], [ 121.93371914265839, 6.983867893498788 ], [ 121.93371914265839, 6.974884781748877 ] ] ] } },
{ "type": "Feature", "properties": { "grid_id": "5_13", "x_idx": 5, "y_idx": 13 }, "geometry": { "type": "Polygon", "coordinates": [ [ [ 121.942772773822966, 6.974884781748877 ], [ 121.951826404987543, 6.974884781748877 ], [ 121.951826404987543, 6.983867893498788 ], [ 121.942772773822966, 6.983867893498788 ], [ 121.942772773822966, 6.974884781748877 ] ] ] } },
{ "type": "Feature", "properties": { "grid_id": "6_13", "x_idx": 6, "y_idx": 13 }, "geometry": { "type": "Polygon", "coordinates": [ [ [ 121.951826404987528, 6.974884781748877 ], [ 121.960880036152105, 6.974884781748877 ], [ 121.960880036152105, 6.983867893498788 ], [ 121.951826404987528, 6.983867893498788 ], [ 121.951826404987528, 6.974884781748877 ] ] ] } },
{ "type": "Feature", "properties": { "grid_id": "7_13", "x_idx": 7, "y_idx": 13 }, "geometry": { "type": "Polygon", "coordinates": [ [ [ 121.960880036152105, 6.974884781748877 ], [ 121.969933667316681, 6.974884781748877 ], [ 121.969933667316681, 6.983867893498788 ], [ 121.960880036152105, 6.983867893498788 ], [ 121.960880036152105, 6.974884781748877 ] ] ] } },
{ "type": "Feature", "properties": { "grid_id": "8_13", "x_idx": 8, "y_idx": 13 }, "geometry": { "type": "Polygon", "coordinates": [ [ [ 121.969933667316681, 6.974884781748877 ], [ 121.978987298481258, 6.974884781748877 ], [ 121.978987298481258, 6.983867893498788 ], [ 121.969933667316681, 6.983867893498788 ], [ 121.969933667316681, 6.974884781748877 ] ] ] } },
{ "type": "Feature", "properties": { "grid_id": "9_13", "x_idx": 9, "y_idx": 13 }, "geometry": { "type": "Polygon", "coordinates": [ [ [ 121.978987298481258, 6.974884781748877 ], [ 121.988040929645834, 6.974884781748877 ], [ 121.988040929645834, 6.983867893498788 ], [ 121.978987298481258, 6.983867893498788 ], [ 121.978987298481258, 6.974884781748877 ] ] ] } },
{ "type": "Feature", "properties": { "grid_id": "10_13", "x_idx": 10, "y_idx": 13 }, "geometry": { "type": "Polygon", "coordinates": [ [ [ 121.98804092964582, 6.974884781748877 ], [ 121.997094560810396, 6.974884781748877 ], [ 121.997094560810396, 6.983867893498788 ], [ 121.98804092964582, 6.983867893498788 ], [ 121.98804092964582, 6.974884781748877 ] ] ] } },
{ "type": "Feature", "properties": { "grid_id": "11_13", "x_idx": 11, "y_idx": 13 }, "geometry": { "type": "Polygon", "coordinates": [ [ [ 121.997094560810396, 6.974884781748877 ], [ 122.006148191974972, 6.974884781748877 ], [ 122.006148191974972, 6.983867893498788 ], [ 121.997094560810396, 6.983867893498788 ], [ 121.997094560810396, 6.974884781748877 ] ] ] } },
{ "type": "Feature", "properties": { "grid_id": "12_13", "x_idx": 12, "y_idx": 13 }, "geometry": { "type": "Polygon", "coordinates": [ [ [ 122.006148191974972, 6.974884781748877 ], [ 122.015201823139549, 6.974884781748877 ], [ 122.015201823139549, 6.983867893498788 ], [ 122.006148191974972, 6.983867893498788 ], [ 122.006148191974972, 6.974884781748877 ] ] ] } },
{ "type": "Feature", "properties": { "grid_id": "13_13", "x_idx": 13, "y_idx": 13 }, "geometry": { "type": "Polygon", "coordinates": [ [ [ 122.015201823139549, 6.974884781748877 ], [ 122.024255454304125, 6.974884781748877 ], [ 122.024255454304125, 6.983867893498788 ], [ 122.015201823139549, 6.983867893498788 ], [ 122.015201823139549, 6.974884781748877 ] ] ] } },
{ "type": "Feature", "properties": { "grid_id": "14_13", "x_idx": 14, "y_idx": 13 }, "geometry": { "type": "Polygon", "coordinates": [ [ [ 122.024255454304111, 6.974884781748877 ], [ 122.033309085468687, 6.974884781748877 ], [ 122.033309085468687, 6.983867893498788 ], [ 122.024255454304111, 6.983867893498788 ], [ 122.024255454304111, 6.974884781748877 ] ] ] } },
{ "type": "Feature", "properties": { "grid_id": "15_13", "x_idx": 15, "y_idx": 13 }, "geometry": { "type": "Polygon", "coordinates": [ [ [ 122.033309085468687, 6.974884781748877 ], [ 122.042362716633264, 6.974884781748877 ], [ 122.042362716633264, 6.983867893498788 ], [ 122.033309085468687, 6.983867893498788 ], [ 122.033309085468687, 6.974884781748877 ] ] ] } },
{ "type": "Feature", "properties": { "grid_id": "16_13", "x_idx": 16, "y_idx": 13 }, "geometry": { "type": "Polygon", "coordinates": [ [ [ 122.042362716633264, 6.974884781748877 ], [ 122.05141634779784, 6.974884781748877 ], [ 122.05141634779784, 6.983867893498788 ], [ 122.042362716633264, 6.983867893498788 ], [ 122.042362716633264, 6.974884781748877 ] ] ] } },
{ "type": "Feature", "properties": { "grid_id": "17_13", "x_idx": 17, "y_idx": 13 }, "geometry": { "type": "Polygon", "coordinates": [ [ [ 122.05141634779784, 6.974884781748877 ], [ 122.060469978962416, 6.974884781748877 ], [ 122.060469978962416, 6.983867893498788 ], [ 122.05141634779784, 6.983867893498788 ], [ 122.05141634779784, 6.974884781748877 ] ] ] } },
{ "type": "Feature", "properties": { "grid_id": "18_13", "x_idx": 18, "y_idx": 13 }, "geometry": { "type": "Polygon", "coordinates": [ [ [ 122.060469978962402, 6.974884781748877 ], [ 122.069523610126978, 6.974884781748877 ], [ 122.069523610126978, 6.983867893498788 ], [ 122.060469978962402, 6.983867893498788 ], [ 122.060469978962402, 6.974884781748877 ] ] ] } },
{ "type": "Feature", "properties": { "grid_id": "19_13", "x_idx": 19, "y_idx": 13 }, "geometry": { "type": "Polygon", "coordinates": [ [ [ 122.069523610126978, 6.974884781748877 ], [ 122.078577241291555, 6.974884781748877 ], [ 122.078577241291555, 6.983867893498788 ], [ 122.069523610126978, 6.983867893498788 ], [ 122.069523610126978, 6.974884781748877 ] ] ] } },
{ "type": "Feature", "properties": { "grid_id": "20_13", "x_idx": 20, "y_idx": 13 }, "geometry": { "type": "Polygon", "coordinates": [ [ [ 122.078577241291555, 6.974884781748877 ], [ 122.087630872456131, 6.974884781748877 ], [ 122.087630872456131, 6.983867893498788 ], [ 122.078577241291555, 6.983867893498788 ], [ 122.078577241291555, 6.974884781748877 ] ] ] } },
{ "type": "Feature", "properties": { "grid_id": "21_13", "x_idx": 21, "y_idx": 13 }, "geometry": { "type": "Polygon", "coordinates": [ [ [ 122.087630872456131, 6.974884781748877 ], [ 122.096684503620708, 6.974884781748877 ], [ 122.096684503620708, 6.983867893498788 ], [ 122.087630872456131, 6.983867893498788 ], [ 122.087630872456131, 6.974884781748877 ] ] ] } },
{ "type": "Feature", "properties": { "grid_id": "22_13", "x_idx": 22, "y_idx": 13 }, "geometry": { "type": "Polygon", "coordinates": [ [ [ 122.096684503620693, 6.974884781748877 ], [ 122.10573813478527, 6.974884781748877 ], [ 122.10573813478527, 6.983867893498788 ], [ 122.096684503620693, 6.983867893498788 ], [ 122.096684503620693, 6.974884781748877 ] ] ] } },
{ "type": "Feature", "properties": { "grid_id": "23_13", "x_idx": 23, "y_idx": 13 }, "geometry": { "type": "Polygon", "coordinates": [ [ [ 122.10573813478527, 6.974884781748877 ], [ 122.114791765949846, 6.974884781748877 ], [ 122.114791765949846, 6.983867893498788 ], [ 122.10573813478527, 6.983867893498788 ], [ 122.10573813478527, 6.974884781748877 ] ] ] } },
{ "type": "Feature", "properties": { "grid_id": "24_13", "x_idx": 24, "y_idx": 13 }, "geometry": { "type": "Polygon", "coordinates": [ [ [ 122.114791765949846, 6.974884781748877 ], [ 122.123845397114422, 6.974884781748877 ], [ 122.123845397114422, 6.983867893498788 ], [ 122.114791765949846, 6.983867893498788 ], [ 122.114791765949846, 6.974884781748877 ] ] ] } },
{ "type": "Feature", "properties": { "grid_id": "25_13", "x_idx": 25, "y_idx": 13 }, "geometry": { "type": "Polygon", "coordinates": [ [ [ 122.123845397114408, 6.974884781748877 ], [ 122.132899028278985, 6.974884781748877 ], [ 122.132899028278985, 6.983867893498788 ], [ 122.123845397114408, 6.983867893498788 ], [ 122.123845397114408, 6.974884781748877 ] ] ] } },
{ "type": "Feature", "properties": { "grid_id": "26_13", "x_idx": 26, "y_idx": 13 }, "geometry": { "type": "Polygon", "coordinates": [ [ [ 122.132899028278985, 6.974884781748877 ], [ 122.141952659443561, 6.974884781748877 ], [ 122.141952659443561, 6.983867893498788 ], [ 122.132899028278985, 6.983867893498788 ], [ 122.132899028278985, 6.974884781748877 ] ] ] } },
{ "type": "Feature", "properties": { "grid_id": "27_13", "x_idx": 27, "y_idx": 13 }, "geometry": { "type": "Polygon", "coordinates": [ [ [ 122.141952659443561, 6.974884781748877 ], [ 122.151006290608137, 6.974884781748877 ], [ 122.151006290608137, 6.983867893498788 ], [ 122.141952659443561, 6.983867893498788 ], [ 122.141952659443561, 6.974884781748877 ] ] ] } },
{ "type": "Feature", "properties": { "grid_id": "28_13", "x_idx": 28, "y_idx": 13 }, "geometry": { "type": "Polygon", "coordinates": [ [ [ 122.151006290608137, 6.974884781748877 ], [ 122.160059921772714, 6.974884781748877 ], [ 122.160059921772714, 6.983867893498788 ], [ 122.151006290608137, 6.983867893498788 ], [ 122.151006290608137, 6.974884781748877 ] ] ] } },
{ "type": "Feature", "properties": { "grid_id": "29_13", "x_idx": 29, "y_idx": 13 }, "geometry": { "type": "Polygon", "coordinates": [ [ [ 122.160059921772699, 6.974884781748877 ], [ 122.169113552937276, 6.974884781748877 ], [ 122.169113552937276, 6.983867893498788 ], [ 122.160059921772699, 6.983867893498788 ], [ 122.160059921772699, 6.974884781748877 ] ] ] } },
{ "type": "Feature", "properties": { "grid_id": "30_13", "x_idx": 30, "y_idx": 13 }, "geometry": { "type": "Polygon", "coordinates": [ [ [ 122.169113552937276, 6.974884781748877 ], [ 122.178167184101852, 6.974884781748877 ], [ 122.178167184101852, 6.983867893498788 ], [ 122.169113552937276, 6.983867893498788 ], [ 122.169113552937276, 6.974884781748877 ] ] ] } },
{ "type": "Feature", "properties": { "grid_id": "31_13", "x_idx": 31, "y_idx": 13 }, "geometry": { "type": "Polygon", "coordinates": [ [ [ 122.178167184101852, 6.974884781748877 ], [ 122.187220815266429, 6.974884781748877 ], [ 122.187220815266429, 6.983867893498788 ], [ 122.178167184101852, 6.983867893498788 ], [ 122.178167184101852, 6.974884781748877 ] ] ] } },
{ "type": "Feature", "properties": { "grid_id": "32_13", "x_idx": 32, "y_idx": 13 }, "geometry": { "type": "Polygon", "coordinates": [ [ [ 122.187220815266429, 6.974884781748877 ], [ 122.196274446431005, 6.974884781748877 ], [ 122.196274446431005, 6.983867893498788 ], [ 122.187220815266429, 6.983867893498788 ], [ 122.187220815266429, 6.974884781748877 ] ] ] } },
{ "type": "Feature", "properties": { "grid_id": "34_13", "x_idx": 34, "y_idx": 13 }, "geometry": { "type": "Polygon", "coordinates": [ [ [ 122.205328077595567, 6.974884781748877 ], [ 122.214381708760143, 6.974884781748877 ], [ 122.214381708760143, 6.983867893498788 ], [ 122.205328077595567, 6.983867893498788 ], [ 122.205328077595567, 6.974884781748877 ] ] ] } },
{ "type": "Feature", "properties": { "grid_id": "35_13", "x_idx": 35, "y_idx": 13 }, "geometry": { "type": "Polygon", "coordinates": [ [ [ 122.214381708760143, 6.974884781748877 ], [ 122.22343533992472, 6.974884781748877 ], [ 122.22343533992472, 6.983867893498788 ], [ 122.214381708760143, 6.983867893498788 ], [ 122.214381708760143, 6.974884781748877 ] ] ] } },
{ "type": "Feature", "properties": { "grid_id": "36_13", "x_idx": 36, "y_idx": 13 }, "geometry": { "type": "Polygon", "coordinates": [ [ [ 122.22343533992472, 6.974884781748877 ], [ 122.232488971089296, 6.974884781748877 ], [ 122.232488971089296, 6.983867893498788 ], [ 122.22343533992472, 6.983867893498788 ], [ 122.22343533992472, 6.974884781748877 ] ] ] } },
{ "type": "Feature", "properties": { "grid_id": "37_13", "x_idx": 37, "y_idx": 13 }, "geometry": { "type": "Polygon", "coordinates": [ [ [ 122.232488971089282, 6.974884781748877 ], [ 122.241542602253858, 6.974884781748877 ], [ 122.241542602253858, 6.983867893498788 ], [ 122.232488971089282, 6.983867893498788 ], [ 122.232488971089282, 6.974884781748877 ] ] ] } },
{ "type": "Feature", "properties": { "grid_id": "38_13", "x_idx": 38, "y_idx": 13 }, "geometry": { "type": "Polygon", "coordinates": [ [ [ 122.241542602253858, 6.974884781748877 ], [ 122.250596233418435, 6.974884781748877 ], [ 122.250596233418435, 6.983867893498788 ], [ 122.241542602253858, 6.983867893498788 ], [ 122.241542602253858, 6.974884781748877 ] ] ] } },
{ "type": "Feature", "properties": { "grid_id": "39_13", "x_idx": 39, "y_idx": 13 }, "geometry": { "type": "Polygon", "coordinates": [ [ [ 122.250596233418435, 6.974884781748877 ], [ 122.259649864583011, 6.974884781748877 ], [ 122.259649864583011, 6.983867893498788 ], [ 122.250596233418435, 6.983867893498788 ], [ 122.250596233418435, 6.974884781748877 ] ] ] } },
{ "type": "Feature", "properties": { "grid_id": "40_13", "x_idx": 40, "y_idx": 13 }, "geometry": { "type": "Polygon", "coordinates": [ [ [ 122.259649864583011, 6.974884781748877 ], [ 122.268703495747587, 6.974884781748877 ], [ 122.268703495747587, 6.983867893498788 ], [ 122.259649864583011, 6.983867893498788 ], [ 122.259649864583011, 6.974884781748877 ] ] ] } },
{ "type": "Feature", "properties": { "grid_id": "41_13", "x_idx": 41, "y_idx": 13 }, "geometry": { "type": "Polygon", "coordinates": [ [ [ 122.268703495747573, 6.974884781748877 ], [ 122.277757126912149, 6.974884781748877 ], [ 122.277757126912149, 6.983867893498788 ], [ 122.268703495747573, 6.983867893498788 ], [ 122.268703495747573, 6.974884781748877 ] ] ] } },
{ "type": "Feature", "properties": { "grid_id": "42_13", "x_idx": 42, "y_idx": 13 }, "geometry": { "type": "Polygon", "coordinates": [ [ [ 122.277757126912149, 6.974884781748877 ], [ 122.286810758076726, 6.974884781748877 ], [ 122.286810758076726, 6.983867893498788 ], [ 122.277757126912149, 6.983867893498788 ], [ 122.277757126912149, 6.974884781748877 ] ] ] } },
{ "type": "Feature", "properties": { "grid_id": "49_13", "x_idx": 49, "y_idx": 13 }, "geometry": { "type": "Polygon", "coordinates": [ [ [ 122.341132545064156, 6.974884781748877 ], [ 122.350186176228732, 6.974884781748877 ], [ 122.350186176228732, 6.983867893498788 ], [ 122.341132545064156, 6.983867893498788 ], [ 122.341132545064156, 6.974884781748877 ] ] ] } },
{ "type": "Feature", "properties": { "grid_id": "50_13", "x_idx": 50, "y_idx": 13 }, "geometry": { "type": "Polygon", "coordinates": [ [ [ 122.350186176228732, 6.974884781748877 ], [ 122.359239807393308, 6.974884781748877 ], [ 122.359239807393308, 6.983867893498788 ], [ 122.350186176228732, 6.983867893498788 ], [ 122.350186176228732, 6.974884781748877 ] ] ] } },
{ "type": "Feature", "properties": { "grid_id": "2_14", "x_idx": 2, "y_idx": 14 }, "geometry": { "type": "Polygon", "coordinates": [ [ [ 121.915611880329237, 6.983867893498787 ], [ 121.924665511493814, 6.983867893498787 ], [ 121.924665511493814, 6.992851005248697 ], [ 121.915611880329237, 6.992851005248697 ], [ 121.915611880329237, 6.983867893498787 ] ] ] } },
{ "type": "Feature", "properties": { "grid_id": "3_14", "x_idx": 3, "y_idx": 14 }, "geometry": { "type": "Polygon", "coordinates": [ [ [ 121.924665511493814, 6.983867893498787 ], [ 121.93371914265839, 6.983867893498787 ], [ 121.93371914265839, 6.992851005248697 ], [ 121.924665511493814, 6.992851005248697 ], [ 121.924665511493814, 6.983867893498787 ] ] ] } },
{ "type": "Feature", "properties": { "grid_id": "4_14", "x_idx": 4, "y_idx": 14 }, "geometry": { "type": "Polygon", "coordinates": [ [ [ 121.93371914265839, 6.983867893498787 ], [ 121.942772773822966, 6.983867893498787 ], [ 121.942772773822966, 6.992851005248697 ], [ 121.93371914265839, 6.992851005248697 ], [ 121.93371914265839, 6.983867893498787 ] ] ] } },
{ "type": "Feature", "properties": { "grid_id": "5_14", "x_idx": 5, "y_idx": 14 }, "geometry": { "type": "Polygon", "coordinates": [ [ [ 121.942772773822966, 6.983867893498787 ], [ 121.951826404987543, 6.983867893498787 ], [ 121.951826404987543, 6.992851005248697 ], [ 121.942772773822966, 6.992851005248697 ], [ 121.942772773822966, 6.983867893498787 ] ] ] } },
{ "type": "Feature", "properties": { "grid_id": "6_14", "x_idx": 6, "y_idx": 14 }, "geometry": { "type": "Polygon", "coordinates": [ [ [ 121.951826404987528, 6.983867893498787 ], [ 121.960880036152105, 6.983867893498787 ], [ 121.960880036152105, 6.992851005248697 ], [ 121.951826404987528, 6.992851005248697 ], [ 121.951826404987528, 6.983867893498787 ] ] ] } },
{ "type": "Feature", "properties": { "grid_id": "7_14", "x_idx": 7, "y_idx": 14 }, "geometry": { "type": "Polygon", "coordinates": [ [ [ 121.960880036152105, 6.983867893498787 ], [ 121.969933667316681, 6.983867893498787 ], [ 121.969933667316681, 6.992851005248697 ], [ 121.960880036152105, 6.992851005248697 ], [ 121.960880036152105, 6.983867893498787 ] ] ] } },
{ "type": "Feature", "properties": { "grid_id": "8_14", "x_idx": 8, "y_idx": 14 }, "geometry": { "type": "Polygon", "coordinates": [ [ [ 121.969933667316681, 6.983867893498787 ], [ 121.978987298481258, 6.983867893498787 ], [ 121.978987298481258, 6.992851005248697 ], [ 121.969933667316681, 6.992851005248697 ], [ 121.969933667316681, 6.983867893498787 ] ] ] } },
{ "type": "Feature", "properties": { "grid_id": "9_14", "x_idx": 9, "y_idx": 14 }, "geometry": { "type": "Polygon", "coordinates": [ [ [ 121.978987298481258, 6.983867893498787 ], [ 121.988040929645834, 6.983867893498787 ], [ 121.988040929645834, 6.992851005248697 ], [ 121.978987298481258, 6.992851005248697 ], [ 121.978987298481258, 6.983867893498787 ] ] ] } },
{ "type": "Feature", "properties": { "grid_id": "10_14", "x_idx": 10, "y_idx": 14 }, "geometry": { "type": "Polygon", "coordinates": [ [ [ 121.98804092964582, 6.983867893498787 ], [ 121.997094560810396, 6.983867893498787 ], [ 121.997094560810396, 6.992851005248697 ], [ 121.98804092964582, 6.992851005248697 ], [ 121.98804092964582, 6.983867893498787 ] ] ] } },
{ "type": "Feature", "properties": { "grid_id": "11_14", "x_idx": 11, "y_idx": 14 }, "geometry": { "type": "Polygon", "coordinates": [ [ [ 121.997094560810396, 6.983867893498787 ], [ 122.006148191974972, 6.983867893498787 ], [ 122.006148191974972, 6.992851005248697 ], [ 121.997094560810396, 6.992851005248697 ], [ 121.997094560810396, 6.983867893498787 ] ] ] } },
{ "type": "Feature", "properties": { "grid_id": "12_14", "x_idx": 12, "y_idx": 14 }, "geometry": { "type": "Polygon", "coordinates": [ [ [ 122.006148191974972, 6.983867893498787 ], [ 122.015201823139549, 6.983867893498787 ], [ 122.015201823139549, 6.992851005248697 ], [ 122.006148191974972, 6.992851005248697 ], [ 122.006148191974972, 6.983867893498787 ] ] ] } },
{ "type": "Feature", "properties": { "grid_id": "13_14", "x_idx": 13, "y_idx": 14 }, "geometry": { "type": "Polygon", "coordinates": [ [ [ 122.015201823139549, 6.983867893498787 ], [ 122.024255454304125, 6.983867893498787 ], [ 122.024255454304125, 6.992851005248697 ], [ 122.015201823139549, 6.992851005248697 ], [ 122.015201823139549, 6.983867893498787 ] ] ] } },
{ "type": "Feature", "properties": { "grid_id": "14_14", "x_idx": 14, "y_idx": 14 }, "geometry": { "type": "Polygon", "coordinates": [ [ [ 122.024255454304111, 6.983867893498787 ], [ 122.033309085468687, 6.983867893498787 ], [ 122.033309085468687, 6.992851005248697 ], [ 122.024255454304111, 6.992851005248697 ], [ 122.024255454304111, 6.983867893498787 ] ] ] } },
{ "type": "Feature", "properties": { "grid_id": "15_14", "x_idx": 15, "y_idx": 14 }, "geometry": { "type": "Polygon", "coordinates": [ [ [ 122.033309085468687, 6.983867893498787 ], [ 122.042362716633264, 6.983867893498787 ], [ 122.042362716633264, 6.992851005248697 ], [ 122.033309085468687, 6.992851005248697 ], [ 122.033309085468687, 6.983867893498787 ] ] ] } },
{ "type": "Feature", "properties": { "grid_id": "16_14", "x_idx": 16, "y_idx": 14 }, "geometry": { "type": "Polygon", "coordinates": [ [ [ 122.042362716633264, 6.983867893498787 ], [ 122.05141634779784, 6.983867893498787 ], [ 122.05141634779784, 6.992851005248697 ], [ 122.042362716633264, 6.992851005248697 ], [ 122.042362716633264, 6.983867893498787 ] ] ] } },
{ "type": "Feature", "properties": { "grid_id": "17_14", "x_idx": 17, "y_idx": 14 }, "geometry": { "type": "Polygon", "coordinates": [ [ [ 122.05141634779784, 6.983867893498787 ], [ 122.060469978962416, 6.983867893498787 ], [ 122.060469978962416, 6.992851005248697 ], [ 122.05141634779784, 6.992851005248697 ], [ 122.05141634779784, 6.983867893498787 ] ] ] } },
{ "type": "Feature", "properties": { "grid_id": "18_14", "x_idx": 18, "y_idx": 14 }, "geometry": { "type": "Polygon", "coordinates": [ [ [ 122.060469978962402, 6.983867893498787 ], [ 122.069523610126978, 6.983867893498787 ], [ 122.069523610126978, 6.992851005248697 ], [ 122.060469978962402, 6.992851005248697 ], [ 122.060469978962402, 6.983867893498787 ] ] ] } },
{ "type": "Feature", "properties": { "grid_id": "19_14", "x_idx": 19, "y_idx": 14 }, "geometry": { "type": "Polygon", "coordinates": [ [ [ 122.069523610126978, 6.983867893498787 ], [ 122.078577241291555, 6.983867893498787 ], [ 122.078577241291555, 6.992851005248697 ], [ 122.069523610126978, 6.992851005248697 ], [ 122.069523610126978, 6.983867893498787 ] ] ] } },
{ "type": "Feature", "properties": { "grid_id": "20_14", "x_idx": 20, "y_idx": 14 }, "geometry": { "type": "Polygon", "coordinates": [ [ [ 122.078577241291555, 6.983867893498787 ], [ 122.087630872456131, 6.983867893498787 ], [ 122.087630872456131, 6.992851005248697 ], [ 122.078577241291555, 6.992851005248697 ], [ 122.078577241291555, 6.983867893498787 ] ] ] } },
{ "type": "Feature", "properties": { "grid_id": "21_14", "x_idx": 21, "y_idx": 14 }, "geometry": { "type": "Polygon", "coordinates": [ [ [ 122.087630872456131, 6.983867893498787 ], [ 122.096684503620708, 6.983867893498787 ], [ 122.096684503620708, 6.992851005248697 ], [ 122.087630872456131, 6.992851005248697 ], [ 122.087630872456131, 6.983867893498787 ] ] ] } },
{ "type": "Feature", "properties": { "grid_id": "22_14", "x_idx": 22, "y_idx": 14 }, "geometry": { "type": "Polygon", "coordinates": [ [ [ 122.096684503620693, 6.983867893498787 ], [ 122.10573813478527, 6.983867893498787 ], [ 122.10573813478527, 6.992851005248697 ], [ 122.096684503620693, 6.992851005248697 ], [ 122.096684503620693, 6.983867893498787 ] ] ] } },
{ "type": "Feature", "properties": { "grid_id": "23_14", "x_idx": 23, "y_idx": 14 }, "geometry": { "type": "Polygon", "coordinates": [ [ [ 122.10573813478527, 6.983867893498787 ], [ 122.114791765949846, 6.983867893498787 ], [ 122.114791765949846, 6.992851005248697 ], [ 122.10573813478527, 6.992851005248697 ], [ 122.10573813478527, 6.983867893498787 ] ] ] } },
{ "type": "Feature", "properties": { "grid_id": "24_14", "x_idx": 24, "y_idx": 14 }, "geometry": { "type": "Polygon", "coordinates": [ [ [ 122.114791765949846, 6.983867893498787 ], [ 122.123845397114422, 6.983867893498787 ], [ 122.123845397114422, 6.992851005248697 ], [ 122.114791765949846, 6.992851005248697 ], [ 122.114791765949846, 6.983867893498787 ] ] ] } },
{ "type": "Feature", "properties": { "grid_id": "25_14", "x_idx": 25, "y_idx": 14 }, "geometry": { "type": "Polygon", "coordinates": [ [ [ 122.123845397114408, 6.983867893498787 ], [ 122.132899028278985, 6.983867893498787 ], [ 122.132899028278985, 6.992851005248697 ], [ 122.123845397114408, 6.992851005248697 ], [ 122.123845397114408, 6.983867893498787 ] ] ] } },
{ "type": "Feature", "properties": { "grid_id": "26_14", "x_idx": 26, "y_idx": 14 }, "geometry": { "type": "Polygon", "coordinates": [ [ [ 122.132899028278985, 6.983867893498787 ], [ 122.141952659443561, 6.983867893498787 ], [ 122.141952659443561, 6.992851005248697 ], [ 122.132899028278985, 6.992851005248697 ], [ 122.132899028278985, 6.983867893498787 ] ] ] } },
{ "type": "Feature", "properties": { "grid_id": "27_14", "x_idx": 27, "y_idx": 14 }, "geometry": { "type": "Polygon", "coordinates": [ [ [ 122.141952659443561, 6.983867893498787 ], [ 122.151006290608137, 6.983867893498787 ], [ 122.151006290608137, 6.992851005248697 ], [ 122.141952659443561, 6.992851005248697 ], [ 122.141952659443561, 6.983867893498787 ] ] ] } },
{ "type": "Feature", "properties": { "grid_id": "28_14", "x_idx": 28, "y_idx": 14 }, "geometry": { "type": "Polygon", "coordinates": [ [ [ 122.151006290608137, 6.983867893498787 ], [ 122.160059921772714, 6.983867893498787 ], [ 122.160059921772714, 6.992851005248697 ], [ 122.151006290608137, 6.992851005248697 ], [ 122.151006290608137, 6.983867893498787 ] ] ] } },
{ "type": "Feature", "properties": { "grid_id": "29_14", "x_idx": 29, "y_idx": 14 }, "geometry": { "type": "Polygon", "coordinates": [ [ [ 122.160059921772699, 6.983867893498787 ], [ 122.169113552937276, 6.983867893498787 ], [ 122.169113552937276, 6.992851005248697 ], [ 122.160059921772699, 6.992851005248697 ], [ 122.160059921772699, 6.983867893498787 ] ] ] } },
{ "type": "Feature", "properties": { "grid_id": "30_14", "x_idx": 30, "y_idx": 14 }, "geometry": { "type": "Polygon", "coordinates": [ [ [ 122.169113552937276, 6.983867893498787 ], [ 122.178167184101852, 6.983867893498787 ], [ 122.178167184101852, 6.992851005248697 ], [ 122.169113552937276, 6.992851005248697 ], [ 122.169113552937276, 6.983867893498787 ] ] ] } },
{ "type": "Feature", "properties": { "grid_id": "31_14", "x_idx": 31, "y_idx": 14 }, "geometry": { "type": "Polygon", "coordinates": [ [ [ 122.178167184101852, 6.983867893498787 ], [ 122.187220815266429, 6.983867893498787 ], [ 122.187220815266429, 6.992851005248697 ], [ 122.178167184101852, 6.992851005248697 ], [ 122.178167184101852, 6.983867893498787 ] ] ] } },
{ "type": "Feature", "properties": { "grid_id": "32_14", "x_idx": 32, "y_idx": 14 }, "geometry": { "type": "Polygon", "coordinates": [ [ [ 122.187220815266429, 6.983867893498787 ], [ 122.196274446431005, 6.983867893498787 ], [ 122.196274446431005, 6.992851005248697 ], [ 122.187220815266429, 6.992851005248697 ], [ 122.187220815266429, 6.983867893498787 ] ] ] } },
{ "type": "Feature", "properties": { "grid_id": "35_14", "x_idx": 35, "y_idx": 14 }, "geometry": { "type": "Polygon", "coordinates": [ [ [ 122.214381708760143, 6.983867893498787 ], [ 122.22343533992472, 6.983867893498787 ], [ 122.22343533992472, 6.992851005248697 ], [ 122.214381708760143, 6.992851005248697 ], [ 122.214381708760143, 6.983867893498787 ] ] ] } },
{ "type": "Feature", "properties": { "grid_id": "36_14", "x_idx": 36, "y_idx": 14 }, "geometry": { "type": "Polygon", "coordinates": [ [ [ 122.22343533992472, 6.983867893498787 ], [ 122.232488971089296, 6.983867893498787 ], [ 122.232488971089296, 6.992851005248697 ], [ 122.22343533992472, 6.992851005248697 ], [ 122.22343533992472, 6.983867893498787 ] ] ] } },
{ "type": "Feature", "properties": { "grid_id": "37_14", "x_idx": 37, "y_idx": 14 }, "geometry": { "type": "Polygon", "coordinates": [ [ [ 122.232488971089282, 6.983867893498787 ], [ 122.241542602253858, 6.983867893498787 ], [ 122.241542602253858, 6.992851005248697 ], [ 122.232488971089282, 6.992851005248697 ], [ 122.232488971089282, 6.983867893498787 ] ] ] } },
{ "type": "Feature", "properties": { "grid_id": "38_14", "x_idx": 38, "y_idx": 14 }, "geometry": { "type": "Polygon", "coordinates": [ [ [ 122.241542602253858, 6.983867893498787 ], [ 122.250596233418435, 6.983867893498787 ], [ 122.250596233418435, 6.992851005248697 ], [ 122.241542602253858, 6.992851005248697 ], [ 122.241542602253858, 6.983867893498787 ] ] ] } },
{ "type": "Feature", "properties": { "grid_id": "39_14", "x_idx": 39, "y_idx": 14 }, "geometry": { "type": "Polygon", "coordinates": [ [ [ 122.250596233418435, 6.983867893498787 ], [ 122.259649864583011, 6.983867893498787 ], [ 122.259649864583011, 6.992851005248697 ], [ 122.250596233418435, 6.992851005248697 ], [ 122.250596233418435, 6.983867893498787 ] ] ] } },
{ "type": "Feature", "properties": { "grid_id": "40_14", "x_idx": 40, "y_idx": 14 }, "geometry": { "type": "Polygon", "coordinates": [ [ [ 122.259649864583011, 6.983867893498787 ], [ 122.268703495747587, 6.983867893498787 ], [ 122.268703495747587, 6.992851005248697 ], [ 122.259649864583011, 6.992851005248697 ], [ 122.259649864583011, 6.983867893498787 ] ] ] } },
{ "type": "Feature", "properties": { "grid_id": "41_14", "x_idx": 41, "y_idx": 14 }, "geometry": { "type": "Polygon", "coordinates": [ [ [ 122.268703495747573, 6.983867893498787 ], [ 122.277757126912149, 6.983867893498787 ], [ 122.277757126912149, 6.992851005248697 ], [ 122.268703495747573, 6.992851005248697 ], [ 122.268703495747573, 6.983867893498787 ] ] ] } },
{ "type": "Feature", "properties": { "grid_id": "42_14", "x_idx": 42, "y_idx": 14 }, "geometry": { "type": "Polygon", "coordinates": [ [ [ 122.277757126912149, 6.983867893498787 ], [ 122.286810758076726, 6.983867893498787 ], [ 122.286810758076726, 6.992851005248697 ], [ 122.277757126912149, 6.992851005248697 ], [ 122.277757126912149, 6.983867893498787 ] ] ] } },
{ "type": "Feature", "properties": { "grid_id": "50_14", "x_idx": 50, "y_idx": 14 }, "geometry": { "type": "Polygon", "coordinates": [ [ [ 122.350186176228732, 6.983867893498787 ], [ 122.359239807393308, 6.983867893498787 ], [ 122.359239807393308, 6.992851005248697 ], [ 122.350186176228732, 6.992851005248697 ], [ 122.350186176228732, 6.983867893498787 ] ] ] } },
{ "type": "Feature", "properties": { "grid_id": "2_15", "x_idx": 2, "y_idx": 15 }, "geometry": { "type": "Polygon", "coordinates": [ [ [ 121.915611880329237, 6.992851005248697 ], [ 121.924665511493814, 6.992851005248697 ], [ 121.924665511493814, 7.001834116998608 ], [ 121.915611880329237, 7.001834116998608 ], [ 121.915611880329237, 6.992851005248697 ] ] ] } },
{ "type": "Feature", "properties": { "grid_id": "3_15", "x_idx": 3, "y_idx": 15 }, "geometry": { "type": "Polygon", "coordinates": [ [ [ 121.924665511493814, 6.992851005248697 ], [ 121.93371914265839, 6.992851005248697 ], [ 121.93371914265839, 7.001834116998608 ], [ 121.924665511493814, 7.001834116998608 ], [ 121.924665511493814, 6.992851005248697 ] ] ] } },
{ "type": "Feature", "properties": { "grid_id": "4_15", "x_idx": 4, "y_idx": 15 }, "geometry": { "type": "Polygon", "coordinates": [ [ [ 121.93371914265839, 6.992851005248697 ], [ 121.942772773822966, 6.992851005248697 ], [ 121.942772773822966, 7.001834116998608 ], [ 121.93371914265839, 7.001834116998608 ], [ 121.93371914265839, 6.992851005248697 ] ] ] } },
{ "type": "Feature", "properties": { "grid_id": "5_15", "x_idx": 5, "y_idx": 15 }, "geometry": { "type": "Polygon", "coordinates": [ [ [ 121.942772773822966, 6.992851005248697 ], [ 121.951826404987543, 6.992851005248697 ], [ 121.951826404987543, 7.001834116998608 ], [ 121.942772773822966, 7.001834116998608 ], [ 121.942772773822966, 6.992851005248697 ] ] ] } },
{ "type": "Feature", "properties": { "grid_id": "6_15", "x_idx": 6, "y_idx": 15 }, "geometry": { "type": "Polygon", "coordinates": [ [ [ 121.951826404987528, 6.992851005248697 ], [ 121.960880036152105, 6.992851005248697 ], [ 121.960880036152105, 7.001834116998608 ], [ 121.951826404987528, 7.001834116998608 ], [ 121.951826404987528, 6.992851005248697 ] ] ] } },
{ "type": "Feature", "properties": { "grid_id": "7_15", "x_idx": 7, "y_idx": 15 }, "geometry": { "type": "Polygon", "coordinates": [ [ [ 121.960880036152105, 6.992851005248697 ], [ 121.969933667316681, 6.992851005248697 ], [ 121.969933667316681, 7.001834116998608 ], [ 121.960880036152105, 7.001834116998608 ], [ 121.960880036152105, 6.992851005248697 ] ] ] } },
{ "type": "Feature", "properties": { "grid_id": "8_15", "x_idx": 8, "y_idx": 15 }, "geometry": { "type": "Polygon", "coordinates": [ [ [ 121.969933667316681, 6.992851005248697 ], [ 121.978987298481258, 6.992851005248697 ], [ 121.978987298481258, 7.001834116998608 ], [ 121.969933667316681, 7.001834116998608 ], [ 121.969933667316681, 6.992851005248697 ] ] ] } },
{ "type": "Feature", "properties": { "grid_id": "9_15", "x_idx": 9, "y_idx": 15 }, "geometry": { "type": "Polygon", "coordinates": [ [ [ 121.978987298481258, 6.992851005248697 ], [ 121.988040929645834, 6.992851005248697 ], [ 121.988040929645834, 7.001834116998608 ], [ 121.978987298481258, 7.001834116998608 ], [ 121.978987298481258, 6.992851005248697 ] ] ] } },
{ "type": "Feature", "properties": { "grid_id": "10_15", "x_idx": 10, "y_idx": 15 }, "geometry": { "type": "Polygon", "coordinates": [ [ [ 121.98804092964582, 6.992851005248697 ], [ 121.997094560810396, 6.992851005248697 ], [ 121.997094560810396, 7.001834116998608 ], [ 121.98804092964582, 7.001834116998608 ], [ 121.98804092964582, 6.992851005248697 ] ] ] } },
{ "type": "Feature", "properties": { "grid_id": "11_15", "x_idx": 11, "y_idx": 15 }, "geometry": { "type": "Polygon", "coordinates": [ [ [ 121.997094560810396, 6.992851005248697 ], [ 122.006148191974972, 6.992851005248697 ], [ 122.006148191974972, 7.001834116998608 ], [ 121.997094560810396, 7.001834116998608 ], [ 121.997094560810396, 6.992851005248697 ] ] ] } },
{ "type": "Feature", "properties": { "grid_id": "12_15", "x_idx": 12, "y_idx": 15 }, "geometry": { "type": "Polygon", "coordinates": [ [ [ 122.006148191974972, 6.992851005248697 ], [ 122.015201823139549, 6.992851005248697 ], [ 122.015201823139549, 7.001834116998608 ], [ 122.006148191974972, 7.001834116998608 ], [ 122.006148191974972, 6.992851005248697 ] ] ] } },
{ "type": "Feature", "properties": { "grid_id": "13_15", "x_idx": 13, "y_idx": 15 }, "geometry": { "type": "Polygon", "coordinates": [ [ [ 122.015201823139549, 6.992851005248697 ], [ 122.024255454304125, 6.992851005248697 ], [ 122.024255454304125, 7.001834116998608 ], [ 122.015201823139549, 7.001834116998608 ], [ 122.015201823139549, 6.992851005248697 ] ] ] } },
{ "type": "Feature", "properties": { "grid_id": "14_15", "x_idx": 14, "y_idx": 15 }, "geometry": { "type": "Polygon", "coordinates": [ [ [ 122.024255454304111, 6.992851005248697 ], [ 122.033309085468687, 6.992851005248697 ], [ 122.033309085468687, 7.001834116998608 ], [ 122.024255454304111, 7.001834116998608 ], [ 122.024255454304111, 6.992851005248697 ] ] ] } },
{ "type": "Feature", "properties": { "grid_id": "15_15", "x_idx": 15, "y_idx": 15 }, "geometry": { "type": "Polygon", "coordinates": [ [ [ 122.033309085468687, 6.992851005248697 ], [ 122.042362716633264, 6.992851005248697 ], [ 122.042362716633264, 7.001834116998608 ], [ 122.033309085468687, 7.001834116998608 ], [ 122.033309085468687, 6.992851005248697 ] ] ] } },
{ "type": "Feature", "properties": { "grid_id": "16_15", "x_idx": 16, "y_idx": 15 }, "geometry": { "type": "Polygon", "coordinates": [ [ [ 122.042362716633264, 6.992851005248697 ], [ 122.05141634779784, 6.992851005248697 ], [ 122.05141634779784, 7.001834116998608 ], [ 122.042362716633264, 7.001834116998608 ], [ 122.042362716633264, 6.992851005248697 ] ] ] } },
{ "type": "Feature", "properties": { "grid_id": "17_15", "x_idx": 17, "y_idx": 15 }, "geometry": { "type": "Polygon", "coordinates": [ [ [ 122.05141634779784, 6.992851005248697 ], [ 122.060469978962416, 6.992851005248697 ], [ 122.060469978962416, 7.001834116998608 ], [ 122.05141634779784, 7.001834116998608 ], [ 122.05141634779784, 6.992851005248697 ] ] ] } },
{ "type": "Feature", "properties": { "grid_id": "18_15", "x_idx": 18, "y_idx": 15 }, "geometry": { "type": "Polygon", "coordinates": [ [ [ 122.060469978962402, 6.992851005248697 ], [ 122.069523610126978, 6.992851005248697 ], [ 122.069523610126978, 7.001834116998608 ], [ 122.060469978962402, 7.001834116998608 ], [ 122.060469978962402, 6.992851005248697 ] ] ] } },
{ "type": "Feature", "properties": { "grid_id": "19_15", "x_idx": 19, "y_idx": 15 }, "geometry": { "type": "Polygon", "coordinates": [ [ [ 122.069523610126978, 6.992851005248697 ], [ 122.078577241291555, 6.992851005248697 ], [ 122.078577241291555, 7.001834116998608 ], [ 122.069523610126978, 7.001834116998608 ], [ 122.069523610126978, 6.992851005248697 ] ] ] } },
{ "type": "Feature", "properties": { "grid_id": "20_15", "x_idx": 20, "y_idx": 15 }, "geometry": { "type": "Polygon", "coordinates": [ [ [ 122.078577241291555, 6.992851005248697 ], [ 122.087630872456131, 6.992851005248697 ], [ 122.087630872456131, 7.001834116998608 ], [ 122.078577241291555, 7.001834116998608 ], [ 122.078577241291555, 6.992851005248697 ] ] ] } },
{ "type": "Feature", "properties": { "grid_id": "21_15", "x_idx": 21, "y_idx": 15 }, "geometry": { "type": "Polygon", "coordinates": [ [ [ 122.087630872456131, 6.992851005248697 ], [ 122.096684503620708, 6.992851005248697 ], [ 122.096684503620708, 7.001834116998608 ], [ 122.087630872456131, 7.001834116998608 ], [ 122.087630872456131, 6.992851005248697 ] ] ] } },
{ "type": "Feature", "properties": { "grid_id": "22_15", "x_idx": 22, "y_idx": 15 }, "geometry": { "type": "Polygon", "coordinates": [ [ [ 122.096684503620693, 6.992851005248697 ], [ 122.10573813478527, 6.992851005248697 ], [ 122.10573813478527, 7.001834116998608 ], [ 122.096684503620693, 7.001834116998608 ], [ 122.096684503620693, 6.992851005248697 ] ] ] } },
{ "type": "Feature", "properties": { "grid_id": "23_15", "x_idx": 23, "y_idx": 15 }, "geometry": { "type": "Polygon", "coordinates": [ [ [ 122.10573813478527, 6.992851005248697 ], [ 122.114791765949846, 6.992851005248697 ], [ 122.114791765949846, 7.001834116998608 ], [ 122.10573813478527, 7.001834116998608 ], [ 122.10573813478527, 6.992851005248697 ] ] ] } },
{ "type": "Feature", "properties": { "grid_id": "24_15", "x_idx": 24, "y_idx": 15 }, "geometry": { "type": "Polygon", "coordinates": [ [ [ 122.114791765949846, 6.992851005248697 ], [ 122.123845397114422, 6.992851005248697 ], [ 122.123845397114422, 7.001834116998608 ], [ 122.114791765949846, 7.001834116998608 ], [ 122.114791765949846, 6.992851005248697 ] ] ] } },
{ "type": "Feature", "properties": { "grid_id": "25_15", "x_idx": 25, "y_idx": 15 }, "geometry": { "type": "Polygon", "coordinates": [ [ [ 122.123845397114408, 6.992851005248697 ], [ 122.132899028278985, 6.992851005248697 ], [ 122.132899028278985, 7.001834116998608 ], [ 122.123845397114408, 7.001834116998608 ], [ 122.123845397114408, 6.992851005248697 ] ] ] } },
{ "type": "Feature", "properties": { "grid_id": "26_15", "x_idx": 26, "y_idx": 15 }, "geometry": { "type": "Polygon", "coordinates": [ [ [ 122.132899028278985, 6.992851005248697 ], [ 122.141952659443561, 6.992851005248697 ], [ 122.141952659443561, 7.001834116998608 ], [ 122.132899028278985, 7.001834116998608 ], [ 122.132899028278985, 6.992851005248697 ] ] ] } },
{ "type": "Feature", "properties": { "grid_id": "27_15", "x_idx": 27, "y_idx": 15 }, "geometry": { "type": "Polygon", "coordinates": [ [ [ 122.141952659443561, 6.992851005248697 ], [ 122.151006290608137, 6.992851005248697 ], [ 122.151006290608137, 7.001834116998608 ], [ 122.141952659443561, 7.001834116998608 ], [ 122.141952659443561, 6.992851005248697 ] ] ] } },
{ "type": "Feature", "properties": { "grid_id": "28_15", "x_idx": 28, "y_idx": 15 }, "geometry": { "type": "Polygon", "coordinates": [ [ [ 122.151006290608137, 6.992851005248697 ], [ 122.160059921772714, 6.992851005248697 ], [ 122.160059921772714, 7.001834116998608 ], [ 122.151006290608137, 7.001834116998608 ], [ 122.151006290608137, 6.992851005248697 ] ] ] } },
{ "type": "Feature", "properties": { "grid_id": "29_15", "x_idx": 29, "y_idx": 15 }, "geometry": { "type": "Polygon", "coordinates": [ [ [ 122.160059921772699, 6.992851005248697 ], [ 122.169113552937276, 6.992851005248697 ], [ 122.169113552937276, 7.001834116998608 ], [ 122.160059921772699, 7.001834116998608 ], [ 122.160059921772699, 6.992851005248697 ] ] ] } },
{ "type": "Feature", "properties": { "grid_id": "30_15", "x_idx": 30, "y_idx": 15 }, "geometry": { "type": "Polygon", "coordinates": [ [ [ 122.169113552937276, 6.992851005248697 ], [ 122.178167184101852, 6.992851005248697 ], [ 122.178167184101852, 7.001834116998608 ], [ 122.169113552937276, 7.001834116998608 ], [ 122.169113552937276, 6.992851005248697 ] ] ] } },
{ "type": "Feature", "properties": { "grid_id": "31_15", "x_idx": 31, "y_idx": 15 }, "geometry": { "type": "Polygon", "coordinates": [ [ [ 122.178167184101852, 6.992851005248697 ], [ 122.187220815266429, 6.992851005248697 ], [ 122.187220815266429, 7.001834116998608 ], [ 122.178167184101852, 7.001834116998608 ], [ 122.178167184101852, 6.992851005248697 ] ] ] } },
{ "type": "Feature", "properties": { "grid_id": "32_15", "x_idx": 32, "y_idx": 15 }, "geometry": { "type": "Polygon", "coordinates": [ [ [ 122.187220815266429, 6.992851005248697 ], [ 122.196274446431005, 6.992851005248697 ], [ 122.196274446431005, 7.001834116998608 ], [ 122.187220815266429, 7.001834116998608 ], [ 122.187220815266429, 6.992851005248697 ] ] ] } },
{ "type": "Feature", "properties": { "grid_id": "37_15", "x_idx": 37, "y_idx": 15 }, "geometry": { "type": "Polygon", "coordinates": [ [ [ 122.232488971089282, 6.992851005248697 ], [ 122.241542602253858, 6.992851005248697 ], [ 122.241542602253858, 7.001834116998608 ], [ 122.232488971089282, 7.001834116998608 ], [ 122.232488971089282, 6.992851005248697 ] ] ] } },
{ "type": "Feature", "properties": { "grid_id": "38_15", "x_idx": 38, "y_idx": 15 }, "geometry": { "type": "Polygon", "coordinates": [ [ [ 122.241542602253858, 6.992851005248697 ], [ 122.250596233418435, 6.992851005248697 ], [ 122.250596233418435, 7.001834116998608 ], [ 122.241542602253858, 7.001834116998608 ], [ 122.241542602253858, 6.992851005248697 ] ] ] } },
{ "type": "Feature", "properties": { "grid_id": "39_15", "x_idx": 39, "y_idx": 15 }, "geometry": { "type": "Polygon", "coordinates": [ [ [ 122.250596233418435, 6.992851005248697 ], [ 122.259649864583011, 6.992851005248697 ], [ 122.259649864583011, 7.001834116998608 ], [ 122.250596233418435, 7.001834116998608 ], [ 122.250596233418435, 6.992851005248697 ] ] ] } },
{ "type": "Feature", "properties": { "grid_id": "40_15", "x_idx": 40, "y_idx": 15 }, "geometry": { "type": "Polygon", "coordinates": [ [ [ 122.259649864583011, 6.992851005248697 ], [ 122.268703495747587, 6.992851005248697 ], [ 122.268703495747587, 7.001834116998608 ], [ 122.259649864583011, 7.001834116998608 ], [ 122.259649864583011, 6.992851005248697 ] ] ] } },
{ "type": "Feature", "properties": { "grid_id": "41_15", "x_idx": 41, "y_idx": 15 }, "geometry": { "type": "Polygon", "coordinates": [ [ [ 122.268703495747573, 6.992851005248697 ], [ 122.277757126912149, 6.992851005248697 ], [ 122.277757126912149, 7.001834116998608 ], [ 122.268703495747573, 7.001834116998608 ], [ 122.268703495747573, 6.992851005248697 ] ] ] } },
{ "type": "Feature", "properties": { "grid_id": "2_16", "x_idx": 2, "y_idx": 16 }, "geometry": { "type": "Polygon", "coordinates": [ [ [ 121.915611880329237, 7.001834116998608 ], [ 121.924665511493814, 7.001834116998608 ], [ 121.924665511493814, 7.010817228748518 ], [ 121.915611880329237, 7.010817228748518 ], [ 121.915611880329237, 7.001834116998608 ] ] ] } },
{ "type": "Feature", "properties": { "grid_id": "3_16", "x_idx": 3, "y_idx": 16 }, "geometry": { "type": "Polygon", "coordinates": [ [ [ 121.924665511493814, 7.001834116998608 ], [ 121.93371914265839, 7.001834116998608 ], [ 121.93371914265839, 7.010817228748518 ], [ 121.924665511493814, 7.010817228748518 ], [ 121.924665511493814, 7.001834116998608 ] ] ] } },
{ "type": "Feature", "properties": { "grid_id": "4_16", "x_idx": 4, "y_idx": 16 }, "geometry": { "type": "Polygon", "coordinates": [ [ [ 121.93371914265839, 7.001834116998608 ], [ 121.942772773822966, 7.001834116998608 ], [ 121.942772773822966, 7.010817228748518 ], [ 121.93371914265839, 7.010817228748518 ], [ 121.93371914265839, 7.001834116998608 ] ] ] } },
{ "type": "Feature", "properties": { "grid_id": "5_16", "x_idx": 5, "y_idx": 16 }, "geometry": { "type": "Polygon", "coordinates": [ [ [ 121.942772773822966, 7.001834116998608 ], [ 121.951826404987543, 7.001834116998608 ], [ 121.951826404987543, 7.010817228748518 ], [ 121.942772773822966, 7.010817228748518 ], [ 121.942772773822966, 7.001834116998608 ] ] ] } },
{ "type": "Feature", "properties": { "grid_id": "6_16", "x_idx": 6, "y_idx": 16 }, "geometry": { "type": "Polygon", "coordinates": [ [ [ 121.951826404987528, 7.001834116998608 ], [ 121.960880036152105, 7.001834116998608 ], [ 121.960880036152105, 7.010817228748518 ], [ 121.951826404987528, 7.010817228748518 ], [ 121.951826404987528, 7.001834116998608 ] ] ] } },
{ "type": "Feature", "properties": { "grid_id": "7_16", "x_idx": 7, "y_idx": 16 }, "geometry": { "type": "Polygon", "coordinates": [ [ [ 121.960880036152105, 7.001834116998608 ], [ 121.969933667316681, 7.001834116998608 ], [ 121.969933667316681, 7.010817228748518 ], [ 121.960880036152105, 7.010817228748518 ], [ 121.960880036152105, 7.001834116998608 ] ] ] } },
{ "type": "Feature", "properties": { "grid_id": "8_16", "x_idx": 8, "y_idx": 16 }, "geometry": { "type": "Polygon", "coordinates": [ [ [ 121.969933667316681, 7.001834116998608 ], [ 121.978987298481258, 7.001834116998608 ], [ 121.978987298481258, 7.010817228748518 ], [ 121.969933667316681, 7.010817228748518 ], [ 121.969933667316681, 7.001834116998608 ] ] ] } },
{ "type": "Feature", "properties": { "grid_id": "9_16", "x_idx": 9, "y_idx": 16 }, "geometry": { "type": "Polygon", "coordinates": [ [ [ 121.978987298481258, 7.001834116998608 ], [ 121.988040929645834, 7.001834116998608 ], [ 121.988040929645834, 7.010817228748518 ], [ 121.978987298481258, 7.010817228748518 ], [ 121.978987298481258, 7.001834116998608 ] ] ] } },
{ "type": "Feature", "properties": { "grid_id": "10_16", "x_idx": 10, "y_idx": 16 }, "geometry": { "type": "Polygon", "coordinates": [ [ [ 121.98804092964582, 7.001834116998608 ], [ 121.997094560810396, 7.001834116998608 ], [ 121.997094560810396, 7.010817228748518 ], [ 121.98804092964582, 7.010817228748518 ], [ 121.98804092964582, 7.001834116998608 ] ] ] } },
{ "type": "Feature", "properties": { "grid_id": "11_16", "x_idx": 11, "y_idx": 16 }, "geometry": { "type": "Polygon", "coordinates": [ [ [ 121.997094560810396, 7.001834116998608 ], [ 122.006148191974972, 7.001834116998608 ], [ 122.006148191974972, 7.010817228748518 ], [ 121.997094560810396, 7.010817228748518 ], [ 121.997094560810396, 7.001834116998608 ] ] ] } },
{ "type": "Feature", "properties": { "grid_id": "12_16", "x_idx": 12, "y_idx": 16 }, "geometry": { "type": "Polygon", "coordinates": [ [ [ 122.006148191974972, 7.001834116998608 ], [ 122.015201823139549, 7.001834116998608 ], [ 122.015201823139549, 7.010817228748518 ], [ 122.006148191974972, 7.010817228748518 ], [ 122.006148191974972, 7.001834116998608 ] ] ] } },
{ "type": "Feature", "properties": { "grid_id": "13_16", "x_idx": 13, "y_idx": 16 }, "geometry": { "type": "Polygon", "coordinates": [ [ [ 122.015201823139549, 7.001834116998608 ], [ 122.024255454304125, 7.001834116998608 ], [ 122.024255454304125, 7.010817228748518 ], [ 122.015201823139549, 7.010817228748518 ], [ 122.015201823139549, 7.001834116998608 ] ] ] } },
{ "type": "Feature", "properties": { "grid_id": "14_16", "x_idx": 14, "y_idx": 16 }, "geometry": { "type": "Polygon", "coordinates": [ [ [ 122.024255454304111, 7.001834116998608 ], [ 122.033309085468687, 7.001834116998608 ], [ 122.033309085468687, 7.010817228748518 ], [ 122.024255454304111, 7.010817228748518 ], [ 122.024255454304111, 7.001834116998608 ] ] ] } },
{ "type": "Feature", "properties": { "grid_id": "15_16", "x_idx": 15, "y_idx": 16 }, "geometry": { "type": "Polygon", "coordinates": [ [ [ 122.033309085468687, 7.001834116998608 ], [ 122.042362716633264, 7.001834116998608 ], [ 122.042362716633264, 7.010817228748518 ], [ 122.033309085468687, 7.010817228748518 ], [ 122.033309085468687, 7.001834116998608 ] ] ] } },
{ "type": "Feature", "properties": { "grid_id": "16_16", "x_idx": 16, "y_idx": 16 }, "geometry": { "type": "Polygon", "coordinates": [ [ [ 122.042362716633264, 7.001834116998608 ], [ 122.05141634779784, 7.001834116998608 ], [ 122.05141634779784, 7.010817228748518 ], [ 122.042362716633264, 7.010817228748518 ], [ 122.042362716633264, 7.001834116998608 ] ] ] } },
{ "type": "Feature", "properties": { "grid_id": "17_16", "x_idx": 17, "y_idx": 16 }, "geometry": { "type": "Polygon", "coordinates": [ [ [ 122.05141634779784, 7.001834116998608 ], [ 122.060469978962416, 7.001834116998608 ], [ 122.060469978962416, 7.010817228748518 ], [ 122.05141634779784, 7.010817228748518 ], [ 122.05141634779784, 7.001834116998608 ] ] ] } },
{ "type": "Feature", "properties": { "grid_id": "18_16", "x_idx": 18, "y_idx": 16 }, "geometry": { "type": "Polygon", "coordinates": [ [ [ 122.060469978962402, 7.001834116998608 ], [ 122.069523610126978, 7.001834116998608 ], [ 122.069523610126978, 7.010817228748518 ], [ 122.060469978962402, 7.010817228748518 ], [ 122.060469978962402, 7.001834116998608 ] ] ] } },
{ "type": "Feature", "properties": { "grid_id": "19_16", "x_idx": 19, "y_idx": 16 }, "geometry": { "type": "Polygon", "coordinates": [ [ [ 122.069523610126978, 7.001834116998608 ], [ 122.078577241291555, 7.001834116998608 ], [ 122.078577241291555, 7.010817228748518 ], [ 122.069523610126978, 7.010817228748518 ], [ 122.069523610126978, 7.001834116998608 ] ] ] } },
{ "type": "Feature", "properties": { "grid_id": "20_16", "x_idx": 20, "y_idx": 16 }, "geometry": { "type": "Polygon", "coordinates": [ [ [ 122.078577241291555, 7.001834116998608 ], [ 122.087630872456131, 7.001834116998608 ], [ 122.087630872456131, 7.010817228748518 ], [ 122.078577241291555, 7.010817228748518 ], [ 122.078577241291555, 7.001834116998608 ] ] ] } },
{ "type": "Feature", "properties": { "grid_id": "21_16", "x_idx": 21, "y_idx": 16 }, "geometry": { "type": "Polygon", "coordinates": [ [ [ 122.087630872456131, 7.001834116998608 ], [ 122.096684503620708, 7.001834116998608 ], [ 122.096684503620708, 7.010817228748518 ], [ 122.087630872456131, 7.010817228748518 ], [ 122.087630872456131, 7.001834116998608 ] ] ] } },
{ "type": "Feature", "properties": { "grid_id": "22_16", "x_idx": 22, "y_idx": 16 }, "geometry": { "type": "Polygon", "coordinates": [ [ [ 122.096684503620693, 7.001834116998608 ], [ 122.10573813478527, 7.001834116998608 ], [ 122.10573813478527, 7.010817228748518 ], [ 122.096684503620693, 7.010817228748518 ], [ 122.096684503620693, 7.001834116998608 ] ] ] } },
{ "type": "Feature", "properties": { "grid_id": "23_16", "x_idx": 23, "y_idx": 16 }, "geometry": { "type": "Polygon", "coordinates": [ [ [ 122.10573813478527, 7.001834116998608 ], [ 122.114791765949846, 7.001834116998608 ], [ 122.114791765949846, 7.010817228748518 ], [ 122.10573813478527, 7.010817228748518 ], [ 122.10573813478527, 7.001834116998608 ] ] ] } },
{ "type": "Feature", "properties": { "grid_id": "24_16", "x_idx": 24, "y_idx": 16 }, "geometry": { "type": "Polygon", "coordinates": [ [ [ 122.114791765949846, 7.001834116998608 ], [ 122.123845397114422, 7.001834116998608 ], [ 122.123845397114422, 7.010817228748518 ], [ 122.114791765949846, 7.010817228748518 ], [ 122.114791765949846, 7.001834116998608 ] ] ] } },
{ "type": "Feature", "properties": { "grid_id": "25_16", "x_idx": 25, "y_idx": 16 }, "geometry": { "type": "Polygon", "coordinates": [ [ [ 122.123845397114408, 7.001834116998608 ], [ 122.132899028278985, 7.001834116998608 ], [ 122.132899028278985, 7.010817228748518 ], [ 122.123845397114408, 7.010817228748518 ], [ 122.123845397114408, 7.001834116998608 ] ] ] } },
{ "type": "Feature", "properties": { "grid_id": "26_16", "x_idx": 26, "y_idx": 16 }, "geometry": { "type": "Polygon", "coordinates": [ [ [ 122.132899028278985, 7.001834116998608 ], [ 122.141952659443561, 7.001834116998608 ], [ 122.141952659443561, 7.010817228748518 ], [ 122.132899028278985, 7.010817228748518 ], [ 122.132899028278985, 7.001834116998608 ] ] ] } },
{ "type": "Feature", "properties": { "grid_id": "27_16", "x_idx": 27, "y_idx": 16 }, "geometry": { "type": "Polygon", "coordinates": [ [ [ 122.141952659443561, 7.001834116998608 ], [ 122.151006290608137, 7.001834116998608 ], [ 122.151006290608137, 7.010817228748518 ], [ 122.141952659443561, 7.010817228748518 ], [ 122.141952659443561, 7.001834116998608 ] ] ] } },
{ "type": "Feature", "properties": { "grid_id": "28_16", "x_idx": 28, "y_idx": 16 }, "geometry": { "type": "Polygon", "coordinates": [ [ [ 122.151006290608137, 7.001834116998608 ], [ 122.160059921772714, 7.001834116998608 ], [ 122.160059921772714, 7.010817228748518 ], [ 122.151006290608137, 7.010817228748518 ], [ 122.151006290608137, 7.001834116998608 ] ] ] } },
{ "type": "Feature", "properties": { "grid_id": "29_16", "x_idx": 29, "y_idx": 16 }, "geometry": { "type": "Polygon", "coordinates": [ [ [ 122.160059921772699, 7.001834116998608 ], [ 122.169113552937276, 7.001834116998608 ], [ 122.169113552937276, 7.010817228748518 ], [ 122.160059921772699, 7.010817228748518 ], [ 122.160059921772699, 7.001834116998608 ] ] ] } },
{ "type": "Feature", "properties": { "grid_id": "30_16", "x_idx": 30, "y_idx": 16 }, "geometry": { "type": "Polygon", "coordinates": [ [ [ 122.169113552937276, 7.001834116998608 ], [ 122.178167184101852, 7.001834116998608 ], [ 122.178167184101852, 7.010817228748518 ], [ 122.169113552937276, 7.010817228748518 ], [ 122.169113552937276, 7.001834116998608 ] ] ] } },
{ "type": "Feature", "properties": { "grid_id": "31_16", "x_idx": 31, "y_idx": 16 }, "geometry": { "type": "Polygon", "coordinates": [ [ [ 122.178167184101852, 7.001834116998608 ], [ 122.187220815266429, 7.001834116998608 ], [ 122.187220815266429, 7.010817228748518 ], [ 122.178167184101852, 7.010817228748518 ], [ 122.178167184101852, 7.001834116998608 ] ] ] } },
{ "type": "Feature", "properties": { "grid_id": "32_16", "x_idx": 32, "y_idx": 16 }, "geometry": { "type": "Polygon", "coordinates": [ [ [ 122.187220815266429, 7.001834116998608 ], [ 122.196274446431005, 7.001834116998608 ], [ 122.196274446431005, 7.010817228748518 ], [ 122.187220815266429, 7.010817228748518 ], [ 122.187220815266429, 7.001834116998608 ] ] ] } },
{ "type": "Feature", "properties": { "grid_id": "33_16", "x_idx": 33, "y_idx": 16 }, "geometry": { "type": "Polygon", "coordinates": [ [ [ 122.196274446430991, 7.001834116998608 ], [ 122.205328077595567, 7.001834116998608 ], [ 122.205328077595567, 7.010817228748518 ], [ 122.196274446430991, 7.010817228748518 ], [ 122.196274446430991, 7.001834116998608 ] ] ] } },
{ "type": "Feature", "properties": { "grid_id": "2_17", "x_idx": 2, "y_idx": 17 }, "geometry": { "type": "Polygon", "coordinates": [ [ [ 121.915611880329237, 7.010817228748518 ], [ 121.924665511493814, 7.010817228748518 ], [ 121.924665511493814, 7.019800340498429 ], [ 121.915611880329237, 7.019800340498429 ], [ 121.915611880329237, 7.010817228748518 ] ] ] } },
{ "type": "Feature", "properties": { "grid_id": "3_17", "x_idx": 3, "y_idx": 17 }, "geometry": { "type": "Polygon", "coordinates": [ [ [ 121.924665511493814, 7.010817228748518 ], [ 121.93371914265839, 7.010817228748518 ], [ 121.93371914265839, 7.019800340498429 ], [ 121.924665511493814, 7.019800340498429 ], [ 121.924665511493814, 7.010817228748518 ] ] ] } },
{ "type": "Feature", "properties": { "grid_id": "4_17", "x_idx": 4, "y_idx": 17 }, "geometry": { "type": "Polygon", "coordinates": [ [ [ 121.93371914265839, 7.010817228748518 ], [ 121.942772773822966, 7.010817228748518 ], [ 121.942772773822966, 7.019800340498429 ], [ 121.93371914265839, 7.019800340498429 ], [ 121.93371914265839, 7.010817228748518 ] ] ] } },
{ "type": "Feature", "properties": { "grid_id": "5_17", "x_idx": 5, "y_idx": 17 }, "geometry": { "type": "Polygon", "coordinates": [ [ [ 121.942772773822966, 7.010817228748518 ], [ 121.951826404987543, 7.010817228748518 ], [ 121.951826404987543, 7.019800340498429 ], [ 121.942772773822966, 7.019800340498429 ], [ 121.942772773822966, 7.010817228748518 ] ] ] } },
{ "type": "Feature", "properties": { "grid_id": "6_17", "x_idx": 6, "y_idx": 17 }, "geometry": { "type": "Polygon", "coordinates": [ [ [ 121.951826404987528, 7.010817228748518 ], [ 121.960880036152105, 7.010817228748518 ], [ 121.960880036152105, 7.019800340498429 ], [ 121.951826404987528, 7.019800340498429 ], [ 121.951826404987528, 7.010817228748518 ] ] ] } },
{ "type": "Feature", "properties": { "grid_id": "7_17", "x_idx": 7, "y_idx": 17 }, "geometry": { "type": "Polygon", "coordinates": [ [ [ 121.960880036152105, 7.010817228748518 ], [ 121.969933667316681, 7.010817228748518 ], [ 121.969933667316681, 7.019800340498429 ], [ 121.960880036152105, 7.019800340498429 ], [ 121.960880036152105, 7.010817228748518 ] ] ] } },
{ "type": "Feature", "properties": { "grid_id": "8_17", "x_idx": 8, "y_idx": 17 }, "geometry": { "type": "Polygon", "coordinates": [ [ [ 121.969933667316681, 7.010817228748518 ], [ 121.978987298481258, 7.010817228748518 ], [ 121.978987298481258, 7.019800340498429 ], [ 121.969933667316681, 7.019800340498429 ], [ 121.969933667316681, 7.010817228748518 ] ] ] } },
{ "type": "Feature", "properties": { "grid_id": "9_17", "x_idx": 9, "y_idx": 17 }, "geometry": { "type": "Polygon", "coordinates": [ [ [ 121.978987298481258, 7.010817228748518 ], [ 121.988040929645834, 7.010817228748518 ], [ 121.988040929645834, 7.019800340498429 ], [ 121.978987298481258, 7.019800340498429 ], [ 121.978987298481258, 7.010817228748518 ] ] ] } },
{ "type": "Feature", "properties": { "grid_id": "10_17", "x_idx": 10, "y_idx": 17 }, "geometry": { "type": "Polygon", "coordinates": [ [ [ 121.98804092964582, 7.010817228748518 ], [ 121.997094560810396, 7.010817228748518 ], [ 121.997094560810396, 7.019800340498429 ], [ 121.98804092964582, 7.019800340498429 ], [ 121.98804092964582, 7.010817228748518 ] ] ] } },
{ "type": "Feature", "properties": { "grid_id": "11_17", "x_idx": 11, "y_idx": 17 }, "geometry": { "type": "Polygon", "coordinates": [ [ [ 121.997094560810396, 7.010817228748518 ], [ 122.006148191974972, 7.010817228748518 ], [ 122.006148191974972, 7.019800340498429 ], [ 121.997094560810396, 7.019800340498429 ], [ 121.997094560810396, 7.010817228748518 ] ] ] } },
{ "type": "Feature", "properties": { "grid_id": "12_17", "x_idx": 12, "y_idx": 17 }, "geometry": { "type": "Polygon", "coordinates": [ [ [ 122.006148191974972, 7.010817228748518 ], [ 122.015201823139549, 7.010817228748518 ], [ 122.015201823139549, 7.019800340498429 ], [ 122.006148191974972, 7.019800340498429 ], [ 122.006148191974972, 7.010817228748518 ] ] ] } },
{ "type": "Feature", "properties": { "grid_id": "13_17", "x_idx": 13, "y_idx": 17 }, "geometry": { "type": "Polygon", "coordinates": [ [ [ 122.015201823139549, 7.010817228748518 ], [ 122.024255454304125, 7.010817228748518 ], [ 122.024255454304125, 7.019800340498429 ], [ 122.015201823139549, 7.019800340498429 ], [ 122.015201823139549, 7.010817228748518 ] ] ] } },
{ "type": "Feature", "properties": { "grid_id": "14_17", "x_idx": 14, "y_idx": 17 }, "geometry": { "type": "Polygon", "coordinates": [ [ [ 122.024255454304111, 7.010817228748518 ], [ 122.033309085468687, 7.010817228748518 ], [ 122.033309085468687, 7.019800340498429 ], [ 122.024255454304111, 7.019800340498429 ], [ 122.024255454304111, 7.010817228748518 ] ] ] } },
{ "type": "Feature", "properties": { "grid_id": "15_17", "x_idx": 15, "y_idx": 17 }, "geometry": { "type": "Polygon", "coordinates": [ [ [ 122.033309085468687, 7.010817228748518 ], [ 122.042362716633264, 7.010817228748518 ], [ 122.042362716633264, 7.019800340498429 ], [ 122.033309085468687, 7.019800340498429 ], [ 122.033309085468687, 7.010817228748518 ] ] ] } },
{ "type": "Feature", "properties": { "grid_id": "16_17", "x_idx": 16, "y_idx": 17 }, "geometry": { "type": "Polygon", "coordinates": [ [ [ 122.042362716633264, 7.010817228748518 ], [ 122.05141634779784, 7.010817228748518 ], [ 122.05141634779784, 7.019800340498429 ], [ 122.042362716633264, 7.019800340498429 ], [ 122.042362716633264, 7.010817228748518 ] ] ] } },
{ "type": "Feature", "properties": { "grid_id": "17_17", "x_idx": 17, "y_idx": 17 }, "geometry": { "type": "Polygon", "coordinates": [ [ [ 122.05141634779784, 7.010817228748518 ], [ 122.060469978962416, 7.010817228748518 ], [ 122.060469978962416, 7.019800340498429 ], [ 122.05141634779784, 7.019800340498429 ], [ 122.05141634779784, 7.010817228748518 ] ] ] } },
{ "type": "Feature", "properties": { "grid_id": "18_17", "x_idx": 18, "y_idx": 17 }, "geometry": { "type": "Polygon", "coordinates": [ [ [ 122.060469978962402, 7.010817228748518 ], [ 122.069523610126978, 7.010817228748518 ], [ 122.069523610126978, 7.019800340498429 ], [ 122.060469978962402, 7.019800340498429 ], [ 122.060469978962402, 7.010817228748518 ] ] ] } },
{ "type": "Feature", "properties": { "grid_id": "19_17", "x_idx": 19, "y_idx": 17 }, "geometry": { "type": "Polygon", "coordinates": [ [ [ 122.069523610126978, 7.010817228748518 ], [ 122.078577241291555, 7.010817228748518 ], [ 122.078577241291555, 7.019800340498429 ], [ 122.069523610126978, 7.019800340498429 ], [ 122.069523610126978, 7.010817228748518 ] ] ] } },
{ "type": "Feature", "properties": { "grid_id": "20_17", "x_idx": 20, "y_idx": 17 }, "geometry": { "type": "Polygon", "coordinates": [ [ [ 122.078577241291555, 7.010817228748518 ], [ 122.087630872456131, 7.010817228748518 ], [ 122.087630872456131, 7.019800340498429 ], [ 122.078577241291555, 7.019800340498429 ], [ 122.078577241291555, 7.010817228748518 ] ] ] } },
{ "type": "Feature", "properties": { "grid_id": "21_17", "x_idx": 21, "y_idx": 17 }, "geometry": { "type": "Polygon", "coordinates": [ [ [ 122.087630872456131, 7.010817228748518 ], [ 122.096684503620708, 7.010817228748518 ], [ 122.096684503620708, 7.019800340498429 ], [ 122.087630872456131, 7.019800340498429 ], [ 122.087630872456131, 7.010817228748518 ] ] ] } },
{ "type": "Feature", "properties": { "grid_id": "22_17", "x_idx": 22, "y_idx": 17 }, "geometry": { "type": "Polygon", "coordinates": [ [ [ 122.096684503620693, 7.010817228748518 ], [ 122.10573813478527, 7.010817228748518 ], [ 122.10573813478527, 7.019800340498429 ], [ 122.096684503620693, 7.019800340498429 ], [ 122.096684503620693, 7.010817228748518 ] ] ] } },
{ "type": "Feature", "properties": { "grid_id": "23_17", "x_idx": 23, "y_idx": 17 }, "geometry": { "type": "Polygon", "coordinates": [ [ [ 122.10573813478527, 7.010817228748518 ], [ 122.114791765949846, 7.010817228748518 ], [ 122.114791765949846, 7.019800340498429 ], [ 122.10573813478527, 7.019800340498429 ], [ 122.10573813478527, 7.010817228748518 ] ] ] } },
{ "type": "Feature", "properties": { "grid_id": "24_17", "x_idx": 24, "y_idx": 17 }, "geometry": { "type": "Polygon", "coordinates": [ [ [ 122.114791765949846, 7.010817228748518 ], [ 122.123845397114422, 7.010817228748518 ], [ 122.123845397114422, 7.019800340498429 ], [ 122.114791765949846, 7.019800340498429 ], [ 122.114791765949846, 7.010817228748518 ] ] ] } },
{ "type": "Feature", "properties": { "grid_id": "25_17", "x_idx": 25, "y_idx": 17 }, "geometry": { "type": "Polygon", "coordinates": [ [ [ 122.123845397114408, 7.010817228748518 ], [ 122.132899028278985, 7.010817228748518 ], [ 122.132899028278985, 7.019800340498429 ], [ 122.123845397114408, 7.019800340498429 ], [ 122.123845397114408, 7.010817228748518 ] ] ] } },
{ "type": "Feature", "properties": { "grid_id": "26_17", "x_idx": 26, "y_idx": 17 }, "geometry": { "type": "Polygon", "coordinates": [ [ [ 122.132899028278985, 7.010817228748518 ], [ 122.141952659443561, 7.010817228748518 ], [ 122.141952659443561, 7.019800340498429 ], [ 122.132899028278985, 7.019800340498429 ], [ 122.132899028278985, 7.010817228748518 ] ] ] } },
{ "type": "Feature", "properties": { "grid_id": "27_17", "x_idx": 27, "y_idx": 17 }, "geometry": { "type": "Polygon", "coordinates": [ [ [ 122.141952659443561, 7.010817228748518 ], [ 122.151006290608137, 7.010817228748518 ], [ 122.151006290608137, 7.019800340498429 ], [ 122.141952659443561, 7.019800340498429 ], [ 122.141952659443561, 7.010817228748518 ] ] ] } },
{ "type": "Feature", "properties": { "grid_id": "28_17", "x_idx": 28, "y_idx": 17 }, "geometry": { "type": "Polygon", "coordinates": [ [ [ 122.151006290608137, 7.010817228748518 ], [ 122.160059921772714, 7.010817228748518 ], [ 122.160059921772714, 7.019800340498429 ], [ 122.151006290608137, 7.019800340498429 ], [ 122.151006290608137, 7.010817228748518 ] ] ] } },
{ "type": "Feature", "properties": { "grid_id": "29_17", "x_idx": 29, "y_idx": 17 }, "geometry": { "type": "Polygon", "coordinates": [ [ [ 122.160059921772699, 7.010817228748518 ], [ 122.169113552937276, 7.010817228748518 ], [ 122.169113552937276, 7.019800340498429 ], [ 122.160059921772699, 7.019800340498429 ], [ 122.160059921772699, 7.010817228748518 ] ] ] } },
{ "type": "Feature", "properties": { "grid_id": "30_17", "x_idx": 30, "y_idx": 17 }, "geometry": { "type": "Polygon", "coordinates": [ [ [ 122.169113552937276, 7.010817228748518 ], [ 122.178167184101852, 7.010817228748518 ], [ 122.178167184101852, 7.019800340498429 ], [ 122.169113552937276, 7.019800340498429 ], [ 122.169113552937276, 7.010817228748518 ] ] ] } },
{ "type": "Feature", "properties": { "grid_id": "31_17", "x_idx": 31, "y_idx": 17 }, "geometry": { "type": "Polygon", "coordinates": [ [ [ 122.178167184101852, 7.010817228748518 ], [ 122.187220815266429, 7.010817228748518 ], [ 122.187220815266429, 7.019800340498429 ], [ 122.178167184101852, 7.019800340498429 ], [ 122.178167184101852, 7.010817228748518 ] ] ] } },
{ "type": "Feature", "properties": { "grid_id": "32_17", "x_idx": 32, "y_idx": 17 }, "geometry": { "type": "Polygon", "coordinates": [ [ [ 122.187220815266429, 7.010817228748518 ], [ 122.196274446431005, 7.010817228748518 ], [ 122.196274446431005, 7.019800340498429 ], [ 122.187220815266429, 7.019800340498429 ], [ 122.187220815266429, 7.010817228748518 ] ] ] } },
{ "type": "Feature", "properties": { "grid_id": "33_17", "x_idx": 33, "y_idx": 17 }, "geometry": { "type": "Polygon", "coordinates": [ [ [ 122.196274446430991, 7.010817228748518 ], [ 122.205328077595567, 7.010817228748518 ], [ 122.205328077595567, 7.019800340498429 ], [ 122.196274446430991, 7.019800340498429 ], [ 122.196274446430991, 7.010817228748518 ] ] ] } },
{ "type": "Feature", "properties": { "grid_id": "1_18", "x_idx": 1, "y_idx": 18 }, "geometry": { "type": "Polygon", "coordinates": [ [ [ 121.906558249164675, 7.019800340498428 ], [ 121.915611880329251, 7.019800340498428 ], [ 121.915611880329251, 7.028783452248338 ], [ 121.906558249164675, 7.028783452248338 ], [ 121.906558249164675, 7.019800340498428 ] ] ] } },
{ "type": "Feature", "properties": { "grid_id": "2_18", "x_idx": 2, "y_idx": 18 }, "geometry": { "type": "Polygon", "coordinates": [ [ [ 121.915611880329237, 7.019800340498428 ], [ 121.924665511493814, 7.019800340498428 ], [ 121.924665511493814, 7.028783452248338 ], [ 121.915611880329237, 7.028783452248338 ], [ 121.915611880329237, 7.019800340498428 ] ] ] } },
{ "type": "Feature", "properties": { "grid_id": "3_18", "x_idx": 3, "y_idx": 18 }, "geometry": { "type": "Polygon", "coordinates": [ [ [ 121.924665511493814, 7.019800340498428 ], [ 121.93371914265839, 7.019800340498428 ], [ 121.93371914265839, 7.028783452248338 ], [ 121.924665511493814, 7.028783452248338 ], [ 121.924665511493814, 7.019800340498428 ] ] ] } },
{ "type": "Feature", "properties": { "grid_id": "4_18", "x_idx": 4, "y_idx": 18 }, "geometry": { "type": "Polygon", "coordinates": [ [ [ 121.93371914265839, 7.019800340498428 ], [ 121.942772773822966, 7.019800340498428 ], [ 121.942772773822966, 7.028783452248338 ], [ 121.93371914265839, 7.028783452248338 ], [ 121.93371914265839, 7.019800340498428 ] ] ] } },
{ "type": "Feature", "properties": { "grid_id": "5_18", "x_idx": 5, "y_idx": 18 }, "geometry": { "type": "Polygon", "coordinates": [ [ [ 121.942772773822966, 7.019800340498428 ], [ 121.951826404987543, 7.019800340498428 ], [ 121.951826404987543, 7.028783452248338 ], [ 121.942772773822966, 7.028783452248338 ], [ 121.942772773822966, 7.019800340498428 ] ] ] } },
{ "type": "Feature", "properties": { "grid_id": "6_18", "x_idx": 6, "y_idx": 18 }, "geometry": { "type": "Polygon", "coordinates": [ [ [ 121.951826404987528, 7.019800340498428 ], [ 121.960880036152105, 7.019800340498428 ], [ 121.960880036152105, 7.028783452248338 ], [ 121.951826404987528, 7.028783452248338 ], [ 121.951826404987528, 7.019800340498428 ] ] ] } },
{ "type": "Feature", "properties": { "grid_id": "7_18", "x_idx": 7, "y_idx": 18 }, "geometry": { "type": "Polygon", "coordinates": [ [ [ 121.960880036152105, 7.019800340498428 ], [ 121.969933667316681, 7.019800340498428 ], [ 121.969933667316681, 7.028783452248338 ], [ 121.960880036152105, 7.028783452248338 ], [ 121.960880036152105, 7.019800340498428 ] ] ] } },
{ "type": "Feature", "properties": { "grid_id": "8_18", "x_idx": 8, "y_idx": 18 }, "geometry": { "type": "Polygon", "coordinates": [ [ [ 121.969933667316681, 7.019800340498428 ], [ 121.978987298481258, 7.019800340498428 ], [ 121.978987298481258, 7.028783452248338 ], [ 121.969933667316681, 7.028783452248338 ], [ 121.969933667316681, 7.019800340498428 ] ] ] } },
{ "type": "Feature", "properties": { "grid_id": "9_18", "x_idx": 9, "y_idx": 18 }, "geometry": { "type": "Polygon", "coordinates": [ [ [ 121.978987298481258, 7.019800340498428 ], [ 121.988040929645834, 7.019800340498428 ], [ 121.988040929645834, 7.028783452248338 ], [ 121.978987298481258, 7.028783452248338 ], [ 121.978987298481258, 7.019800340498428 ] ] ] } },
{ "type": "Feature", "properties": { "grid_id": "10_18", "x_idx": 10, "y_idx": 18 }, "geometry": { "type": "Polygon", "coordinates": [ [ [ 121.98804092964582, 7.019800340498428 ], [ 121.997094560810396, 7.019800340498428 ], [ 121.997094560810396, 7.028783452248338 ], [ 121.98804092964582, 7.028783452248338 ], [ 121.98804092964582, 7.019800340498428 ] ] ] } },
{ "type": "Feature", "properties": { "grid_id": "11_18", "x_idx": 11, "y_idx": 18 }, "geometry": { "type": "Polygon", "coordinates": [ [ [ 121.997094560810396, 7.019800340498428 ], [ 122.006148191974972, 7.019800340498428 ], [ 122.006148191974972, 7.028783452248338 ], [ 121.997094560810396, 7.028783452248338 ], [ 121.997094560810396, 7.019800340498428 ] ] ] } },
{ "type": "Feature", "properties": { "grid_id": "12_18", "x_idx": 12, "y_idx": 18 }, "geometry": { "type": "Polygon", "coordinates": [ [ [ 122.006148191974972, 7.019800340498428 ], [ 122.015201823139549, 7.019800340498428 ], [ 122.015201823139549, 7.028783452248338 ], [ 122.006148191974972, 7.028783452248338 ], [ 122.006148191974972, 7.019800340498428 ] ] ] } },
{ "type": "Feature", "properties": { "grid_id": "13_18", "x_idx": 13, "y_idx": 18 }, "geometry": { "type": "Polygon", "coordinates": [ [ [ 122.015201823139549, 7.019800340498428 ], [ 122.024255454304125, 7.019800340498428 ], [ 122.024255454304125, 7.028783452248338 ], [ 122.015201823139549, 7.028783452248338 ], [ 122.015201823139549, 7.019800340498428 ] ] ] } },
{ "type": "Feature", "properties": { "grid_id": "14_18", "x_idx": 14, "y_idx": 18 }, "geometry": { "type": "Polygon", "coordinates": [ [ [ 122.024255454304111, 7.019800340498428 ], [ 122.033309085468687, 7.019800340498428 ], [ 122.033309085468687, 7.028783452248338 ], [ 122.024255454304111, 7.028783452248338 ], [ 122.024255454304111, 7.019800340498428 ] ] ] } },
{ "type": "Feature", "properties": { "grid_id": "15_18", "x_idx": 15, "y_idx": 18 }, "geometry": { "type": "Polygon", "coordinates": [ [ [ 122.033309085468687, 7.019800340498428 ], [ 122.042362716633264, 7.019800340498428 ], [ 122.042362716633264, 7.028783452248338 ], [ 122.033309085468687, 7.028783452248338 ], [ 122.033309085468687, 7.019800340498428 ] ] ] } },
{ "type": "Feature", "properties": { "grid_id": "16_18", "x_idx": 16, "y_idx": 18 }, "geometry": { "type": "Polygon", "coordinates": [ [ [ 122.042362716633264, 7.019800340498428 ], [ 122.05141634779784, 7.019800340498428 ], [ 122.05141634779784, 7.028783452248338 ], [ 122.042362716633264, 7.028783452248338 ], [ 122.042362716633264, 7.019800340498428 ] ] ] } },
{ "type": "Feature", "properties": { "grid_id": "17_18", "x_idx": 17, "y_idx": 18 }, "geometry": { "type": "Polygon", "coordinates": [ [ [ 122.05141634779784, 7.019800340498428 ], [ 122.060469978962416, 7.019800340498428 ], [ 122.060469978962416, 7.028783452248338 ], [ 122.05141634779784, 7.028783452248338 ], [ 122.05141634779784, 7.019800340498428 ] ] ] } },
{ "type": "Feature", "properties": { "grid_id": "18_18", "x_idx": 18, "y_idx": 18 }, "geometry": { "type": "Polygon", "coordinates": [ [ [ 122.060469978962402, 7.019800340498428 ], [ 122.069523610126978, 7.019800340498428 ], [ 122.069523610126978, 7.028783452248338 ], [ 122.060469978962402, 7.028783452248338 ], [ 122.060469978962402, 7.019800340498428 ] ] ] } },
{ "type": "Feature", "properties": { "grid_id": "19_18", "x_idx": 19, "y_idx": 18 }, "geometry": { "type": "Polygon", "coordinates": [ [ [ 122.069523610126978, 7.019800340498428 ], [ 122.078577241291555, 7.019800340498428 ], [ 122.078577241291555, 7.028783452248338 ], [ 122.069523610126978, 7.028783452248338 ], [ 122.069523610126978, 7.019800340498428 ] ] ] } },
{ "type": "Feature", "properties": { "grid_id": "20_18", "x_idx": 20, "y_idx": 18 }, "geometry": { "type": "Polygon", "coordinates": [ [ [ 122.078577241291555, 7.019800340498428 ], [ 122.087630872456131, 7.019800340498428 ], [ 122.087630872456131, 7.028783452248338 ], [ 122.078577241291555, 7.028783452248338 ], [ 122.078577241291555, 7.019800340498428 ] ] ] } },
{ "type": "Feature", "properties": { "grid_id": "21_18", "x_idx": 21, "y_idx": 18 }, "geometry": { "type": "Polygon", "coordinates": [ [ [ 122.087630872456131, 7.019800340498428 ], [ 122.096684503620708, 7.019800340498428 ], [ 122.096684503620708, 7.028783452248338 ], [ 122.087630872456131, 7.028783452248338 ], [ 122.087630872456131, 7.019800340498428 ] ] ] } },
{ "type": "Feature", "properties": { "grid_id": "22_18", "x_idx": 22, "y_idx": 18 }, "geometry": { "type": "Polygon", "coordinates": [ [ [ 122.096684503620693, 7.019800340498428 ], [ 122.10573813478527, 7.019800340498428 ], [ 122.10573813478527, 7.028783452248338 ], [ 122.096684503620693, 7.028783452248338 ], [ 122.096684503620693, 7.019800340498428 ] ] ] } },
{ "type": "Feature", "properties": { "grid_id": "23_18", "x_idx": 23, "y_idx": 18 }, "geometry": { "type": "Polygon", "coordinates": [ [ [ 122.10573813478527, 7.019800340498428 ], [ 122.114791765949846, 7.019800340498428 ], [ 122.114791765949846, 7.028783452248338 ], [ 122.10573813478527, 7.028783452248338 ], [ 122.10573813478527, 7.019800340498428 ] ] ] } },
{ "type": "Feature", "properties": { "grid_id": "24_18", "x_idx": 24, "y_idx": 18 }, "geometry": { "type": "Polygon", "coordinates": [ [ [ 122.114791765949846, 7.019800340498428 ], [ 122.123845397114422, 7.019800340498428 ], [ 122.123845397114422, 7.028783452248338 ], [ 122.114791765949846, 7.028783452248338 ], [ 122.114791765949846, 7.019800340498428 ] ] ] } },
{ "type": "Feature", "properties": { "grid_id": "25_18", "x_idx": 25, "y_idx": 18 }, "geometry": { "type": "Polygon", "coordinates": [ [ [ 122.123845397114408, 7.019800340498428 ], [ 122.132899028278985, 7.019800340498428 ], [ 122.132899028278985, 7.028783452248338 ], [ 122.123845397114408, 7.028783452248338 ], [ 122.123845397114408, 7.019800340498428 ] ] ] } },
{ "type": "Feature", "properties": { "grid_id": "26_18", "x_idx": 26, "y_idx": 18 }, "geometry": { "type": "Polygon", "coordinates": [ [ [ 122.132899028278985, 7.019800340498428 ], [ 122.141952659443561, 7.019800340498428 ], [ 122.141952659443561, 7.028783452248338 ], [ 122.132899028278985, 7.028783452248338 ], [ 122.132899028278985, 7.019800340498428 ] ] ] } },
{ "type": "Feature", "properties": { "grid_id": "27_18", "x_idx": 27, "y_idx": 18 }, "geometry": { "type": "Polygon", "coordinates": [ [ [ 122.141952659443561, 7.019800340498428 ], [ 122.151006290608137, 7.019800340498428 ], [ 122.151006290608137, 7.028783452248338 ], [ 122.141952659443561, 7.028783452248338 ], [ 122.141952659443561, 7.019800340498428 ] ] ] } },
{ "type": "Feature", "properties": { "grid_id": "28_18", "x_idx": 28, "y_idx": 18 }, "geometry": { "type": "Polygon", "coordinates": [ [ [ 122.151006290608137, 7.019800340498428 ], [ 122.160059921772714, 7.019800340498428 ], [ 122.160059921772714, 7.028783452248338 ], [ 122.151006290608137, 7.028783452248338 ], [ 122.151006290608137, 7.019800340498428 ] ] ] } },
{ "type": "Feature", "properties": { "grid_id": "29_18", "x_idx": 29, "y_idx": 18 }, "geometry": { "type": "Polygon", "coordinates": [ [ [ 122.160059921772699, 7.019800340498428 ], [ 122.169113552937276, 7.019800340498428 ], [ 122.169113552937276, 7.028783452248338 ], [ 122.160059921772699, 7.028783452248338 ], [ 122.160059921772699, 7.019800340498428 ] ] ] } },
{ "type": "Feature", "properties": { "grid_id": "30_18", "x_idx": 30, "y_idx": 18 }, "geometry": { "type": "Polygon", "coordinates": [ [ [ 122.169113552937276, 7.019800340498428 ], [ 122.178167184101852, 7.019800340498428 ], [ 122.178167184101852, 7.028783452248338 ], [ 122.169113552937276, 7.028783452248338 ], [ 122.169113552937276, 7.019800340498428 ] ] ] } },
{ "type": "Feature", "properties": { "grid_id": "31_18", "x_idx": 31, "y_idx": 18 }, "geometry": { "type": "Polygon", "coordinates": [ [ [ 122.178167184101852, 7.019800340498428 ], [ 122.187220815266429, 7.019800340498428 ], [ 122.187220815266429, 7.028783452248338 ], [ 122.178167184101852, 7.028783452248338 ], [ 122.178167184101852, 7.019800340498428 ] ] ] } },
{ "type": "Feature", "properties": { "grid_id": "32_18", "x_idx": 32, "y_idx": 18 }, "geometry": { "type": "Polygon", "coordinates": [ [ [ 122.187220815266429, 7.019800340498428 ], [ 122.196274446431005, 7.019800340498428 ], [ 122.196274446431005, 7.028783452248338 ], [ 122.187220815266429, 7.028783452248338 ], [ 122.187220815266429, 7.019800340498428 ] ] ] } },
{ "type": "Feature", "properties": { "grid_id": "33_18", "x_idx": 33, "y_idx": 18 }, "geometry": { "type": "Polygon", "coordinates": [ [ [ 122.196274446430991, 7.019800340498428 ], [ 122.205328077595567, 7.019800340498428 ], [ 122.205328077595567, 7.028783452248338 ], [ 122.196274446430991, 7.028783452248338 ], [ 122.196274446430991, 7.019800340498428 ] ] ] } },
{ "type": "Feature", "properties": { "grid_id": "34_18", "x_idx": 34, "y_idx": 18 }, "geometry": { "type": "Polygon", "coordinates": [ [ [ 122.205328077595567, 7.019800340498428 ], [ 122.214381708760143, 7.019800340498428 ], [ 122.214381708760143, 7.028783452248338 ], [ 122.205328077595567, 7.028783452248338 ], [ 122.205328077595567, 7.019800340498428 ] ] ] } },
{ "type": "Feature", "properties": { "grid_id": "1_19", "x_idx": 1, "y_idx": 19 }, "geometry": { "type": "Polygon", "coordinates": [ [ [ 121.906558249164675, 7.028783452248338 ], [ 121.915611880329251, 7.028783452248338 ], [ 121.915611880329251, 7.037766563998249 ], [ 121.906558249164675, 7.037766563998249 ], [ 121.906558249164675, 7.028783452248338 ] ] ] } },
{ "type": "Feature", "properties": { "grid_id": "2_19", "x_idx": 2, "y_idx": 19 }, "geometry": { "type": "Polygon", "coordinates": [ [ [ 121.915611880329237, 7.028783452248338 ], [ 121.924665511493814, 7.028783452248338 ], [ 121.924665511493814, 7.037766563998249 ], [ 121.915611880329237, 7.037766563998249 ], [ 121.915611880329237, 7.028783452248338 ] ] ] } },
{ "type": "Feature", "properties": { "grid_id": "3_19", "x_idx": 3, "y_idx": 19 }, "geometry": { "type": "Polygon", "coordinates": [ [ [ 121.924665511493814, 7.028783452248338 ], [ 121.93371914265839, 7.028783452248338 ], [ 121.93371914265839, 7.037766563998249 ], [ 121.924665511493814, 7.037766563998249 ], [ 121.924665511493814, 7.028783452248338 ] ] ] } },
{ "type": "Feature", "properties": { "grid_id": "4_19", "x_idx": 4, "y_idx": 19 }, "geometry": { "type": "Polygon", "coordinates": [ [ [ 121.93371914265839, 7.028783452248338 ], [ 121.942772773822966, 7.028783452248338 ], [ 121.942772773822966, 7.037766563998249 ], [ 121.93371914265839, 7.037766563998249 ], [ 121.93371914265839, 7.028783452248338 ] ] ] } },
{ "type": "Feature", "properties": { "grid_id": "5_19", "x_idx": 5, "y_idx": 19 }, "geometry": { "type": "Polygon", "coordinates": [ [ [ 121.942772773822966, 7.028783452248338 ], [ 121.951826404987543, 7.028783452248338 ], [ 121.951826404987543, 7.037766563998249 ], [ 121.942772773822966, 7.037766563998249 ], [ 121.942772773822966, 7.028783452248338 ] ] ] } },
{ "type": "Feature", "properties": { "grid_id": "6_19", "x_idx": 6, "y_idx": 19 }, "geometry": { "type": "Polygon", "coordinates": [ [ [ 121.951826404987528, 7.028783452248338 ], [ 121.960880036152105, 7.028783452248338 ], [ 121.960880036152105, 7.037766563998249 ], [ 121.951826404987528, 7.037766563998249 ], [ 121.951826404987528, 7.028783452248338 ] ] ] } },
{ "type": "Feature", "properties": { "grid_id": "7_19", "x_idx": 7, "y_idx": 19 }, "geometry": { "type": "Polygon", "coordinates": [ [ [ 121.960880036152105, 7.028783452248338 ], [ 121.969933667316681, 7.028783452248338 ], [ 121.969933667316681, 7.037766563998249 ], [ 121.960880036152105, 7.037766563998249 ], [ 121.960880036152105, 7.028783452248338 ] ] ] } },
{ "type": "Feature", "properties": { "grid_id": "8_19", "x_idx": 8, "y_idx": 19 }, "geometry": { "type": "Polygon", "coordinates": [ [ [ 121.969933667316681, 7.028783452248338 ], [ 121.978987298481258, 7.028783452248338 ], [ 121.978987298481258, 7.037766563998249 ], [ 121.969933667316681, 7.037766563998249 ], [ 121.969933667316681, 7.028783452248338 ] ] ] } },
{ "type": "Feature", "properties": { "grid_id": "9_19", "x_idx": 9, "y_idx": 19 }, "geometry": { "type": "Polygon", "coordinates": [ [ [ 121.978987298481258, 7.028783452248338 ], [ 121.988040929645834, 7.028783452248338 ], [ 121.988040929645834, 7.037766563998249 ], [ 121.978987298481258, 7.037766563998249 ], [ 121.978987298481258, 7.028783452248338 ] ] ] } },
{ "type": "Feature", "properties": { "grid_id": "10_19", "x_idx": 10, "y_idx": 19 }, "geometry": { "type": "Polygon", "coordinates": [ [ [ 121.98804092964582, 7.028783452248338 ], [ 121.997094560810396, 7.028783452248338 ], [ 121.997094560810396, 7.037766563998249 ], [ 121.98804092964582, 7.037766563998249 ], [ 121.98804092964582, 7.028783452248338 ] ] ] } },
{ "type": "Feature", "properties": { "grid_id": "11_19", "x_idx": 11, "y_idx": 19 }, "geometry": { "type": "Polygon", "coordinates": [ [ [ 121.997094560810396, 7.028783452248338 ], [ 122.006148191974972, 7.028783452248338 ], [ 122.006148191974972, 7.037766563998249 ], [ 121.997094560810396, 7.037766563998249 ], [ 121.997094560810396, 7.028783452248338 ] ] ] } },
{ "type": "Feature", "properties": { "grid_id": "12_19", "x_idx": 12, "y_idx": 19 }, "geometry": { "type": "Polygon", "coordinates": [ [ [ 122.006148191974972, 7.028783452248338 ], [ 122.015201823139549, 7.028783452248338 ], [ 122.015201823139549, 7.037766563998249 ], [ 122.006148191974972, 7.037766563998249 ], [ 122.006148191974972, 7.028783452248338 ] ] ] } },
{ "type": "Feature", "properties": { "grid_id": "13_19", "x_idx": 13, "y_idx": 19 }, "geometry": { "type": "Polygon", "coordinates": [ [ [ 122.015201823139549, 7.028783452248338 ], [ 122.024255454304125, 7.028783452248338 ], [ 122.024255454304125, 7.037766563998249 ], [ 122.015201823139549, 7.037766563998249 ], [ 122.015201823139549, 7.028783452248338 ] ] ] } },
{ "type": "Feature", "properties": { "grid_id": "14_19", "x_idx": 14, "y_idx": 19 }, "geometry": { "type": "Polygon", "coordinates": [ [ [ 122.024255454304111, 7.028783452248338 ], [ 122.033309085468687, 7.028783452248338 ], [ 122.033309085468687, 7.037766563998249 ], [ 122.024255454304111, 7.037766563998249 ], [ 122.024255454304111, 7.028783452248338 ] ] ] } },
{ "type": "Feature", "properties": { "grid_id": "15_19", "x_idx": 15, "y_idx": 19 }, "geometry": { "type": "Polygon", "coordinates": [ [ [ 122.033309085468687, 7.028783452248338 ], [ 122.042362716633264, 7.028783452248338 ], [ 122.042362716633264, 7.037766563998249 ], [ 122.033309085468687, 7.037766563998249 ], [ 122.033309085468687, 7.028783452248338 ] ] ] } },
{ "type": "Feature", "properties": { "grid_id": "16_19", "x_idx": 16, "y_idx": 19 }, "geometry": { "type": "Polygon", "coordinates": [ [ [ 122.042362716633264, 7.028783452248338 ], [ 122.05141634779784, 7.028783452248338 ], [ 122.05141634779784, 7.037766563998249 ], [ 122.042362716633264, 7.037766563998249 ], [ 122.042362716633264, 7.028783452248338 ] ] ] } },
{ "type": "Feature", "properties": { "grid_id": "17_19", "x_idx": 17, "y_idx": 19 }, "geometry": { "type": "Polygon", "coordinates": [ [ [ 122.05141634779784, 7.028783452248338 ], [ 122.060469978962416, 7.028783452248338 ], [ 122.060469978962416, 7.037766563998249 ], [ 122.05141634779784, 7.037766563998249 ], [ 122.05141634779784, 7.028783452248338 ] ] ] } },
{ "type": "Feature", "properties": { "grid_id": "18_19", "x_idx": 18, "y_idx": 19 }, "geometry": { "type": "Polygon", "coordinates": [ [ [ 122.060469978962402, 7.028783452248338 ], [ 122.069523610126978, 7.028783452248338 ], [ 122.069523610126978, 7.037766563998249 ], [ 122.060469978962402, 7.037766563998249 ], [ 122.060469978962402, 7.028783452248338 ] ] ] } },
{ "type": "Feature", "properties": { "grid_id": "19_19", "x_idx": 19, "y_idx": 19 }, "geometry": { "type": "Polygon", "coordinates": [ [ [ 122.069523610126978, 7.028783452248338 ], [ 122.078577241291555, 7.028783452248338 ], [ 122.078577241291555, 7.037766563998249 ], [ 122.069523610126978, 7.037766563998249 ], [ 122.069523610126978, 7.028783452248338 ] ] ] } },
{ "type": "Feature", "properties": { "grid_id": "20_19", "x_idx": 20, "y_idx": 19 }, "geometry": { "type": "Polygon", "coordinates": [ [ [ 122.078577241291555, 7.028783452248338 ], [ 122.087630872456131, 7.028783452248338 ], [ 122.087630872456131, 7.037766563998249 ], [ 122.078577241291555, 7.037766563998249 ], [ 122.078577241291555, 7.028783452248338 ] ] ] } },
{ "type": "Feature", "properties": { "grid_id": "21_19", "x_idx": 21, "y_idx": 19 }, "geometry": { "type": "Polygon", "coordinates": [ [ [ 122.087630872456131, 7.028783452248338 ], [ 122.096684503620708, 7.028783452248338 ], [ 122.096684503620708, 7.037766563998249 ], [ 122.087630872456131, 7.037766563998249 ], [ 122.087630872456131, 7.028783452248338 ] ] ] } },
{ "type": "Feature", "properties": { "grid_id": "22_19", "x_idx": 22, "y_idx": 19 }, "geometry": { "type": "Polygon", "coordinates": [ [ [ 122.096684503620693, 7.028783452248338 ], [ 122.10573813478527, 7.028783452248338 ], [ 122.10573813478527, 7.037766563998249 ], [ 122.096684503620693, 7.037766563998249 ], [ 122.096684503620693, 7.028783452248338 ] ] ] } },
{ "type": "Feature", "properties": { "grid_id": "23_19", "x_idx": 23, "y_idx": 19 }, "geometry": { "type": "Polygon", "coordinates": [ [ [ 122.10573813478527, 7.028783452248338 ], [ 122.114791765949846, 7.028783452248338 ], [ 122.114791765949846, 7.037766563998249 ], [ 122.10573813478527, 7.037766563998249 ], [ 122.10573813478527, 7.028783452248338 ] ] ] } },
{ "type": "Feature", "properties": { "grid_id": "24_19", "x_idx": 24, "y_idx": 19 }, "geometry": { "type": "Polygon", "coordinates": [ [ [ 122.114791765949846, 7.028783452248338 ], [ 122.123845397114422, 7.028783452248338 ], [ 122.123845397114422, 7.037766563998249 ], [ 122.114791765949846, 7.037766563998249 ], [ 122.114791765949846, 7.028783452248338 ] ] ] } },
{ "type": "Feature", "properties": { "grid_id": "25_19", "x_idx": 25, "y_idx": 19 }, "geometry": { "type": "Polygon", "coordinates": [ [ [ 122.123845397114408, 7.028783452248338 ], [ 122.132899028278985, 7.028783452248338 ], [ 122.132899028278985, 7.037766563998249 ], [ 122.123845397114408, 7.037766563998249 ], [ 122.123845397114408, 7.028783452248338 ] ] ] } },
{ "type": "Feature", "properties": { "grid_id": "26_19", "x_idx": 26, "y_idx": 19 }, "geometry": { "type": "Polygon", "coordinates": [ [ [ 122.132899028278985, 7.028783452248338 ], [ 122.141952659443561, 7.028783452248338 ], [ 122.141952659443561, 7.037766563998249 ], [ 122.132899028278985, 7.037766563998249 ], [ 122.132899028278985, 7.028783452248338 ] ] ] } },
{ "type": "Feature", "properties": { "grid_id": "27_19", "x_idx": 27, "y_idx": 19 }, "geometry": { "type": "Polygon", "coordinates": [ [ [ 122.141952659443561, 7.028783452248338 ], [ 122.151006290608137, 7.028783452248338 ], [ 122.151006290608137, 7.037766563998249 ], [ 122.141952659443561, 7.037766563998249 ], [ 122.141952659443561, 7.028783452248338 ] ] ] } },
{ "type": "Feature", "properties": { "grid_id": "28_19", "x_idx": 28, "y_idx": 19 }, "geometry": { "type": "Polygon", "coordinates": [ [ [ 122.151006290608137, 7.028783452248338 ], [ 122.160059921772714, 7.028783452248338 ], [ 122.160059921772714, 7.037766563998249 ], [ 122.151006290608137, 7.037766563998249 ], [ 122.151006290608137, 7.028783452248338 ] ] ] } },
{ "type": "Feature", "properties": { "grid_id": "29_19", "x_idx": 29, "y_idx": 19 }, "geometry": { "type": "Polygon", "coordinates": [ [ [ 122.160059921772699, 7.028783452248338 ], [ 122.169113552937276, 7.028783452248338 ], [ 122.169113552937276, 7.037766563998249 ], [ 122.160059921772699, 7.037766563998249 ], [ 122.160059921772699, 7.028783452248338 ] ] ] } },
{ "type": "Feature", "properties": { "grid_id": "30_19", "x_idx": 30, "y_idx": 19 }, "geometry": { "type": "Polygon", "coordinates": [ [ [ 122.169113552937276, 7.028783452248338 ], [ 122.178167184101852, 7.028783452248338 ], [ 122.178167184101852, 7.037766563998249 ], [ 122.169113552937276, 7.037766563998249 ], [ 122.169113552937276, 7.028783452248338 ] ] ] } },
{ "type": "Feature", "properties": { "grid_id": "31_19", "x_idx": 31, "y_idx": 19 }, "geometry": { "type": "Polygon", "coordinates": [ [ [ 122.178167184101852, 7.028783452248338 ], [ 122.187220815266429, 7.028783452248338 ], [ 122.187220815266429, 7.037766563998249 ], [ 122.178167184101852, 7.037766563998249 ], [ 122.178167184101852, 7.028783452248338 ] ] ] } },
{ "type": "Feature", "properties": { "grid_id": "32_19", "x_idx": 32, "y_idx": 19 }, "geometry": { "type": "Polygon", "coordinates": [ [ [ 122.187220815266429, 7.028783452248338 ], [ 122.196274446431005, 7.028783452248338 ], [ 122.196274446431005, 7.037766563998249 ], [ 122.187220815266429, 7.037766563998249 ], [ 122.187220815266429, 7.028783452248338 ] ] ] } },
{ "type": "Feature", "properties": { "grid_id": "33_19", "x_idx": 33, "y_idx": 19 }, "geometry": { "type": "Polygon", "coordinates": [ [ [ 122.196274446430991, 7.028783452248338 ], [ 122.205328077595567, 7.028783452248338 ], [ 122.205328077595567, 7.037766563998249 ], [ 122.196274446430991, 7.037766563998249 ], [ 122.196274446430991, 7.028783452248338 ] ] ] } },
{ "type": "Feature", "properties": { "grid_id": "34_19", "x_idx": 34, "y_idx": 19 }, "geometry": { "type": "Polygon", "coordinates": [ [ [ 122.205328077595567, 7.028783452248338 ], [ 122.214381708760143, 7.028783452248338 ], [ 122.214381708760143, 7.037766563998249 ], [ 122.205328077595567, 7.037766563998249 ], [ 122.205328077595567, 7.028783452248338 ] ] ] } },
{ "type": "Feature", "properties": { "grid_id": "1_20", "x_idx": 1, "y_idx": 20 }, "geometry": { "type": "Polygon", "coordinates": [ [ [ 121.906558249164675, 7.037766563998249 ], [ 121.915611880329251, 7.037766563998249 ], [ 121.915611880329251, 7.046749675748159 ], [ 121.906558249164675, 7.046749675748159 ], [ 121.906558249164675, 7.037766563998249 ] ] ] } },
{ "type": "Feature", "properties": { "grid_id": "2_20", "x_idx": 2, "y_idx": 20 }, "geometry": { "type": "Polygon", "coordinates": [ [ [ 121.915611880329237, 7.037766563998249 ], [ 121.924665511493814, 7.037766563998249 ], [ 121.924665511493814, 7.046749675748159 ], [ 121.915611880329237, 7.046749675748159 ], [ 121.915611880329237, 7.037766563998249 ] ] ] } },
{ "type": "Feature", "properties": { "grid_id": "3_20", "x_idx": 3, "y_idx": 20 }, "geometry": { "type": "Polygon", "coordinates": [ [ [ 121.924665511493814, 7.037766563998249 ], [ 121.93371914265839, 7.037766563998249 ], [ 121.93371914265839, 7.046749675748159 ], [ 121.924665511493814, 7.046749675748159 ], [ 121.924665511493814, 7.037766563998249 ] ] ] } },
{ "type": "Feature", "properties": { "grid_id": "4_20", "x_idx": 4, "y_idx": 20 }, "geometry": { "type": "Polygon", "coordinates": [ [ [ 121.93371914265839, 7.037766563998249 ], [ 121.942772773822966, 7.037766563998249 ], [ 121.942772773822966, 7.046749675748159 ], [ 121.93371914265839, 7.046749675748159 ], [ 121.93371914265839, 7.037766563998249 ] ] ] } },
{ "type": "Feature", "properties": { "grid_id": "5_20", "x_idx": 5, "y_idx": 20 }, "geometry": { "type": "Polygon", "coordinates": [ [ [ 121.942772773822966, 7.037766563998249 ], [ 121.951826404987543, 7.037766563998249 ], [ 121.951826404987543, 7.046749675748159 ], [ 121.942772773822966, 7.046749675748159 ], [ 121.942772773822966, 7.037766563998249 ] ] ] } },
{ "type": "Feature", "properties": { "grid_id": "6_20", "x_idx": 6, "y_idx": 20 }, "geometry": { "type": "Polygon", "coordinates": [ [ [ 121.951826404987528, 7.037766563998249 ], [ 121.960880036152105, 7.037766563998249 ], [ 121.960880036152105, 7.046749675748159 ], [ 121.951826404987528, 7.046749675748159 ], [ 121.951826404987528, 7.037766563998249 ] ] ] } },
{ "type": "Feature", "properties": { "grid_id": "7_20", "x_idx": 7, "y_idx": 20 }, "geometry": { "type": "Polygon", "coordinates": [ [ [ 121.960880036152105, 7.037766563998249 ], [ 121.969933667316681, 7.037766563998249 ], [ 121.969933667316681, 7.046749675748159 ], [ 121.960880036152105, 7.046749675748159 ], [ 121.960880036152105, 7.037766563998249 ] ] ] } },
{ "type": "Feature", "properties": { "grid_id": "8_20", "x_idx": 8, "y_idx": 20 }, "geometry": { "type": "Polygon", "coordinates": [ [ [ 121.969933667316681, 7.037766563998249 ], [ 121.978987298481258, 7.037766563998249 ], [ 121.978987298481258, 7.046749675748159 ], [ 121.969933667316681, 7.046749675748159 ], [ 121.969933667316681, 7.037766563998249 ] ] ] } },
{ "type": "Feature", "properties": { "grid_id": "9_20", "x_idx": 9, "y_idx": 20 }, "geometry": { "type": "Polygon", "coordinates": [ [ [ 121.978987298481258, 7.037766563998249 ], [ 121.988040929645834, 7.037766563998249 ], [ 121.988040929645834, 7.046749675748159 ], [ 121.978987298481258, 7.046749675748159 ], [ 121.978987298481258, 7.037766563998249 ] ] ] } },
{ "type": "Feature", "properties": { "grid_id": "10_20", "x_idx": 10, "y_idx": 20 }, "geometry": { "type": "Polygon", "coordinates": [ [ [ 121.98804092964582, 7.037766563998249 ], [ 121.997094560810396, 7.037766563998249 ], [ 121.997094560810396, 7.046749675748159 ], [ 121.98804092964582, 7.046749675748159 ], [ 121.98804092964582, 7.037766563998249 ] ] ] } },
{ "type": "Feature", "properties": { "grid_id": "11_20", "x_idx": 11, "y_idx": 20 }, "geometry": { "type": "Polygon", "coordinates": [ [ [ 121.997094560810396, 7.037766563998249 ], [ 122.006148191974972, 7.037766563998249 ], [ 122.006148191974972, 7.046749675748159 ], [ 121.997094560810396, 7.046749675748159 ], [ 121.997094560810396, 7.037766563998249 ] ] ] } },
{ "type": "Feature", "properties": { "grid_id": "12_20", "x_idx": 12, "y_idx": 20 }, "geometry": { "type": "Polygon", "coordinates": [ [ [ 122.006148191974972, 7.037766563998249 ], [ 122.015201823139549, 7.037766563998249 ], [ 122.015201823139549, 7.046749675748159 ], [ 122.006148191974972, 7.046749675748159 ], [ 122.006148191974972, 7.037766563998249 ] ] ] } },
{ "type": "Feature", "properties": { "grid_id": "13_20", "x_idx": 13, "y_idx": 20 }, "geometry": { "type": "Polygon", "coordinates": [ [ [ 122.015201823139549, 7.037766563998249 ], [ 122.024255454304125, 7.037766563998249 ], [ 122.024255454304125, 7.046749675748159 ], [ 122.015201823139549, 7.046749675748159 ], [ 122.015201823139549, 7.037766563998249 ] ] ] } },
{ "type": "Feature", "properties": { "grid_id": "14_20", "x_idx": 14, "y_idx": 20 }, "geometry": { "type": "Polygon", "coordinates": [ [ [ 122.024255454304111, 7.037766563998249 ], [ 122.033309085468687, 7.037766563998249 ], [ 122.033309085468687, 7.046749675748159 ], [ 122.024255454304111, 7.046749675748159 ], [ 122.024255454304111, 7.037766563998249 ] ] ] } },
{ "type": "Feature", "properties": { "grid_id": "15_20", "x_idx": 15, "y_idx": 20 }, "geometry": { "type": "Polygon", "coordinates": [ [ [ 122.033309085468687, 7.037766563998249 ], [ 122.042362716633264, 7.037766563998249 ], [ 122.042362716633264, 7.046749675748159 ], [ 122.033309085468687, 7.046749675748159 ], [ 122.033309085468687, 7.037766563998249 ] ] ] } },
{ "type": "Feature", "properties": { "grid_id": "16_20", "x_idx": 16, "y_idx": 20 }, "geometry": { "type": "Polygon", "coordinates": [ [ [ 122.042362716633264, 7.037766563998249 ], [ 122.05141634779784, 7.037766563998249 ], [ 122.05141634779784, 7.046749675748159 ], [ 122.042362716633264, 7.046749675748159 ], [ 122.042362716633264, 7.037766563998249 ] ] ] } },
{ "type": "Feature", "properties": { "grid_id": "17_20", "x_idx": 17, "y_idx": 20 }, "geometry": { "type": "Polygon", "coordinates": [ [ [ 122.05141634779784, 7.037766563998249 ], [ 122.060469978962416, 7.037766563998249 ], [ 122.060469978962416, 7.046749675748159 ], [ 122.05141634779784, 7.046749675748159 ], [ 122.05141634779784, 7.037766563998249 ] ] ] } },
{ "type": "Feature", "properties": { "grid_id": "18_20", "x_idx": 18, "y_idx": 20 }, "geometry": { "type": "Polygon", "coordinates": [ [ [ 122.060469978962402, 7.037766563998249 ], [ 122.069523610126978, 7.037766563998249 ], [ 122.069523610126978, 7.046749675748159 ], [ 122.060469978962402, 7.046749675748159 ], [ 122.060469978962402, 7.037766563998249 ] ] ] } },
{ "type": "Feature", "properties": { "grid_id": "19_20", "x_idx": 19, "y_idx": 20 }, "geometry": { "type": "Polygon", "coordinates": [ [ [ 122.069523610126978, 7.037766563998249 ], [ 122.078577241291555, 7.037766563998249 ], [ 122.078577241291555, 7.046749675748159 ], [ 122.069523610126978, 7.046749675748159 ], [ 122.069523610126978, 7.037766563998249 ] ] ] } },
{ "type": "Feature", "properties": { "grid_id": "20_20", "x_idx": 20, "y_idx": 20 }, "geometry": { "type": "Polygon", "coordinates": [ [ [ 122.078577241291555, 7.037766563998249 ], [ 122.087630872456131, 7.037766563998249 ], [ 122.087630872456131, 7.046749675748159 ], [ 122.078577241291555, 7.046749675748159 ], [ 122.078577241291555, 7.037766563998249 ] ] ] } },
{ "type": "Feature", "properties": { "grid_id": "21_20", "x_idx": 21, "y_idx": 20 }, "geometry": { "type": "Polygon", "coordinates": [ [ [ 122.087630872456131, 7.037766563998249 ], [ 122.096684503620708, 7.037766563998249 ], [ 122.096684503620708, 7.046749675748159 ], [ 122.087630872456131, 7.046749675748159 ], [ 122.087630872456131, 7.037766563998249 ] ] ] } },
{ "type": "Feature", "properties": { "grid_id": "22_20", "x_idx": 22, "y_idx": 20 }, "geometry": { "type": "Polygon", "coordinates": [ [ [ 122.096684503620693, 7.037766563998249 ], [ 122.10573813478527, 7.037766563998249 ], [ 122.10573813478527, 7.046749675748159 ], [ 122.096684503620693, 7.046749675748159 ], [ 122.096684503620693, 7.037766563998249 ] ] ] } },
{ "type": "Feature", "properties": { "grid_id": "23_20", "x_idx": 23, "y_idx": 20 }, "geometry": { "type": "Polygon", "coordinates": [ [ [ 122.10573813478527, 7.037766563998249 ], [ 122.114791765949846, 7.037766563998249 ], [ 122.114791765949846, 7.046749675748159 ], [ 122.10573813478527, 7.046749675748159 ], [ 122.10573813478527, 7.037766563998249 ] ] ] } },
{ "type": "Feature", "properties": { "grid_id": "24_20", "x_idx": 24, "y_idx": 20 }, "geometry": { "type": "Polygon", "coordinates": [ [ [ 122.114791765949846, 7.037766563998249 ], [ 122.123845397114422, 7.037766563998249 ], [ 122.123845397114422, 7.046749675748159 ], [ 122.114791765949846, 7.046749675748159 ], [ 122.114791765949846, 7.037766563998249 ] ] ] } },
{ "type": "Feature", "properties": { "grid_id": "25_20", "x_idx": 25, "y_idx": 20 }, "geometry": { "type": "Polygon", "coordinates": [ [ [ 122.123845397114408, 7.037766563998249 ], [ 122.132899028278985, 7.037766563998249 ], [ 122.132899028278985, 7.046749675748159 ], [ 122.123845397114408, 7.046749675748159 ], [ 122.123845397114408, 7.037766563998249 ] ] ] } },
{ "type": "Feature", "properties": { "grid_id": "26_20", "x_idx": 26, "y_idx": 20 }, "geometry": { "type": "Polygon", "coordinates": [ [ [ 122.132899028278985, 7.037766563998249 ], [ 122.141952659443561, 7.037766563998249 ], [ 122.141952659443561, 7.046749675748159 ], [ 122.132899028278985, 7.046749675748159 ], [ 122.132899028278985, 7.037766563998249 ] ] ] } },
{ "type": "Feature", "properties": { "grid_id": "27_20", "x_idx": 27, "y_idx": 20 }, "geometry": { "type": "Polygon", "coordinates": [ [ [ 122.141952659443561, 7.037766563998249 ], [ 122.151006290608137, 7.037766563998249 ], [ 122.151006290608137, 7.046749675748159 ], [ 122.141952659443561, 7.046749675748159 ], [ 122.141952659443561, 7.037766563998249 ] ] ] } },
{ "type": "Feature", "properties": { "grid_id": "28_20", "x_idx": 28, "y_idx": 20 }, "geometry": { "type": "Polygon", "coordinates": [ [ [ 122.151006290608137, 7.037766563998249 ], [ 122.160059921772714, 7.037766563998249 ], [ 122.160059921772714, 7.046749675748159 ], [ 122.151006290608137, 7.046749675748159 ], [ 122.151006290608137, 7.037766563998249 ] ] ] } },
{ "type": "Feature", "properties": { "grid_id": "29_20", "x_idx": 29, "y_idx": 20 }, "geometry": { "type": "Polygon", "coordinates": [ [ [ 122.160059921772699, 7.037766563998249 ], [ 122.169113552937276, 7.037766563998249 ], [ 122.169113552937276, 7.046749675748159 ], [ 122.160059921772699, 7.046749675748159 ], [ 122.160059921772699, 7.037766563998249 ] ] ] } },
{ "type": "Feature", "properties": { "grid_id": "30_20", "x_idx": 30, "y_idx": 20 }, "geometry": { "type": "Polygon", "coordinates": [ [ [ 122.169113552937276, 7.037766563998249 ], [ 122.178167184101852, 7.037766563998249 ], [ 122.178167184101852, 7.046749675748159 ], [ 122.169113552937276, 7.046749675748159 ], [ 122.169113552937276, 7.037766563998249 ] ] ] } },
{ "type": "Feature", "properties": { "grid_id": "31_20", "x_idx": 31, "y_idx": 20 }, "geometry": { "type": "Polygon", "coordinates": [ [ [ 122.178167184101852, 7.037766563998249 ], [ 122.187220815266429, 7.037766563998249 ], [ 122.187220815266429, 7.046749675748159 ], [ 122.178167184101852, 7.046749675748159 ], [ 122.178167184101852, 7.037766563998249 ] ] ] } },
{ "type": "Feature", "properties": { "grid_id": "32_20", "x_idx": 32, "y_idx": 20 }, "geometry": { "type": "Polygon", "coordinates": [ [ [ 122.187220815266429, 7.037766563998249 ], [ 122.196274446431005, 7.037766563998249 ], [ 122.196274446431005, 7.046749675748159 ], [ 122.187220815266429, 7.046749675748159 ], [ 122.187220815266429, 7.037766563998249 ] ] ] } },
{ "type": "Feature", "properties": { "grid_id": "33_20", "x_idx": 33, "y_idx": 20 }, "geometry": { "type": "Polygon", "coordinates": [ [ [ 122.196274446430991, 7.037766563998249 ], [ 122.205328077595567, 7.037766563998249 ], [ 122.205328077595567, 7.046749675748159 ], [ 122.196274446430991, 7.046749675748159 ], [ 122.196274446430991, 7.037766563998249 ] ] ] } },
{ "type": "Feature", "properties": { "grid_id": "34_20", "x_idx": 34, "y_idx": 20 }, "geometry": { "type": "Polygon", "coordinates": [ [ [ 122.205328077595567, 7.037766563998249 ], [ 122.214381708760143, 7.037766563998249 ], [ 122.214381708760143, 7.046749675748159 ], [ 122.205328077595567, 7.046749675748159 ], [ 122.205328077595567, 7.037766563998249 ] ] ] } },
{ "type": "Feature", "properties": { "grid_id": "1_21", "x_idx": 1, "y_idx": 21 }, "geometry": { "type": "Polygon", "coordinates": [ [ [ 121.906558249164675, 7.046749675748159 ], [ 121.915611880329251, 7.046749675748159 ], [ 121.915611880329251, 7.055732787498069 ], [ 121.906558249164675, 7.055732787498069 ], [ 121.906558249164675, 7.046749675748159 ] ] ] } },
{ "type": "Feature", "properties": { "grid_id": "2_21", "x_idx": 2, "y_idx": 21 }, "geometry": { "type": "Polygon", "coordinates": [ [ [ 121.915611880329237, 7.046749675748159 ], [ 121.924665511493814, 7.046749675748159 ], [ 121.924665511493814, 7.055732787498069 ], [ 121.915611880329237, 7.055732787498069 ], [ 121.915611880329237, 7.046749675748159 ] ] ] } },
{ "type": "Feature", "properties": { "grid_id": "3_21", "x_idx": 3, "y_idx": 21 }, "geometry": { "type": "Polygon", "coordinates": [ [ [ 121.924665511493814, 7.046749675748159 ], [ 121.93371914265839, 7.046749675748159 ], [ 121.93371914265839, 7.055732787498069 ], [ 121.924665511493814, 7.055732787498069 ], [ 121.924665511493814, 7.046749675748159 ] ] ] } },
{ "type": "Feature", "properties": { "grid_id": "4_21", "x_idx": 4, "y_idx": 21 }, "geometry": { "type": "Polygon", "coordinates": [ [ [ 121.93371914265839, 7.046749675748159 ], [ 121.942772773822966, 7.046749675748159 ], [ 121.942772773822966, 7.055732787498069 ], [ 121.93371914265839, 7.055732787498069 ], [ 121.93371914265839, 7.046749675748159 ] ] ] } },
{ "type": "Feature", "properties": { "grid_id": "5_21", "x_idx": 5, "y_idx": 21 }, "geometry": { "type": "Polygon", "coordinates": [ [ [ 121.942772773822966, 7.046749675748159 ], [ 121.951826404987543, 7.046749675748159 ], [ 121.951826404987543, 7.055732787498069 ], [ 121.942772773822966, 7.055732787498069 ], [ 121.942772773822966, 7.046749675748159 ] ] ] } },
{ "type": "Feature", "properties": { "grid_id": "6_21", "x_idx": 6, "y_idx": 21 }, "geometry": { "type": "Polygon", "coordinates": [ [ [ 121.951826404987528, 7.046749675748159 ], [ 121.960880036152105, 7.046749675748159 ], [ 121.960880036152105, 7.055732787498069 ], [ 121.951826404987528, 7.055732787498069 ], [ 121.951826404987528, 7.046749675748159 ] ] ] } },
{ "type": "Feature", "properties": { "grid_id": "7_21", "x_idx": 7, "y_idx": 21 }, "geometry": { "type": "Polygon", "coordinates": [ [ [ 121.960880036152105, 7.046749675748159 ], [ 121.969933667316681, 7.046749675748159 ], [ 121.969933667316681, 7.055732787498069 ], [ 121.960880036152105, 7.055732787498069 ], [ 121.960880036152105, 7.046749675748159 ] ] ] } },
{ "type": "Feature", "properties": { "grid_id": "8_21", "x_idx": 8, "y_idx": 21 }, "geometry": { "type": "Polygon", "coordinates": [ [ [ 121.969933667316681, 7.046749675748159 ], [ 121.978987298481258, 7.046749675748159 ], [ 121.978987298481258, 7.055732787498069 ], [ 121.969933667316681, 7.055732787498069 ], [ 121.969933667316681, 7.046749675748159 ] ] ] } },
{ "type": "Feature", "properties": { "grid_id": "9_21", "x_idx": 9, "y_idx": 21 }, "geometry": { "type": "Polygon", "coordinates": [ [ [ 121.978987298481258, 7.046749675748159 ], [ 121.988040929645834, 7.046749675748159 ], [ 121.988040929645834, 7.055732787498069 ], [ 121.978987298481258, 7.055732787498069 ], [ 121.978987298481258, 7.046749675748159 ] ] ] } },
{ "type": "Feature", "properties": { "grid_id": "10_21", "x_idx": 10, "y_idx": 21 }, "geometry": { "type": "Polygon", "coordinates": [ [ [ 121.98804092964582, 7.046749675748159 ], [ 121.997094560810396, 7.046749675748159 ], [ 121.997094560810396, 7.055732787498069 ], [ 121.98804092964582, 7.055732787498069 ], [ 121.98804092964582, 7.046749675748159 ] ] ] } },
{ "type": "Feature", "properties": { "grid_id": "11_21", "x_idx": 11, "y_idx": 21 }, "geometry": { "type": "Polygon", "coordinates": [ [ [ 121.997094560810396, 7.046749675748159 ], [ 122.006148191974972, 7.046749675748159 ], [ 122.006148191974972, 7.055732787498069 ], [ 121.997094560810396, 7.055732787498069 ], [ 121.997094560810396, 7.046749675748159 ] ] ] } },
{ "type": "Feature", "properties": { "grid_id": "12_21", "x_idx": 12, "y_idx": 21 }, "geometry": { "type": "Polygon", "coordinates": [ [ [ 122.006148191974972, 7.046749675748159 ], [ 122.015201823139549, 7.046749675748159 ], [ 122.015201823139549, 7.055732787498069 ], [ 122.006148191974972, 7.055732787498069 ], [ 122.006148191974972, 7.046749675748159 ] ] ] } },
{ "type": "Feature", "properties": { "grid_id": "13_21", "x_idx": 13, "y_idx": 21 }, "geometry": { "type": "Polygon", "coordinates": [ [ [ 122.015201823139549, 7.046749675748159 ], [ 122.024255454304125, 7.046749675748159 ], [ 122.024255454304125, 7.055732787498069 ], [ 122.015201823139549, 7.055732787498069 ], [ 122.015201823139549, 7.046749675748159 ] ] ] } },
{ "type": "Feature", "properties": { "grid_id": "14_21", "x_idx": 14, "y_idx": 21 }, "geometry": { "type": "Polygon", "coordinates": [ [ [ 122.024255454304111, 7.046749675748159 ], [ 122.033309085468687, 7.046749675748159 ], [ 122.033309085468687, 7.055732787498069 ], [ 122.024255454304111, 7.055732787498069 ], [ 122.024255454304111, 7.046749675748159 ] ] ] } },
{ "type": "Feature", "properties": { "grid_id": "15_21", "x_idx": 15, "y_idx": 21 }, "geometry": { "type": "Polygon", "coordinates": [ [ [ 122.033309085468687, 7.046749675748159 ], [ 122.042362716633264, 7.046749675748159 ], [ 122.042362716633264, 7.055732787498069 ], [ 122.033309085468687, 7.055732787498069 ], [ 122.033309085468687, 7.046749675748159 ] ] ] } },
{ "type": "Feature", "properties": { "grid_id": "16_21", "x_idx": 16, "y_idx": 21 }, "geometry": { "type": "Polygon", "coordinates": [ [ [ 122.042362716633264, 7.046749675748159 ], [ 122.05141634779784, 7.046749675748159 ], [ 122.05141634779784, 7.055732787498069 ], [ 122.042362716633264, 7.055732787498069 ], [ 122.042362716633264, 7.046749675748159 ] ] ] } },
{ "type": "Feature", "properties": { "grid_id": "17_21", "x_idx": 17, "y_idx": 21 }, "geometry": { "type": "Polygon", "coordinates": [ [ [ 122.05141634779784, 7.046749675748159 ], [ 122.060469978962416, 7.046749675748159 ], [ 122.060469978962416, 7.055732787498069 ], [ 122.05141634779784, 7.055732787498069 ], [ 122.05141634779784, 7.046749675748159 ] ] ] } },
{ "type": "Feature", "properties": { "grid_id": "18_21", "x_idx": 18, "y_idx": 21 }, "geometry": { "type": "Polygon", "coordinates": [ [ [ 122.060469978962402, 7.046749675748159 ], [ 122.069523610126978, 7.046749675748159 ], [ 122.069523610126978, 7.055732787498069 ], [ 122.060469978962402, 7.055732787498069 ], [ 122.060469978962402, 7.046749675748159 ] ] ] } },
{ "type": "Feature", "properties": { "grid_id": "19_21", "x_idx": 19, "y_idx": 21 }, "geometry": { "type": "Polygon", "coordinates": [ [ [ 122.069523610126978, 7.046749675748159 ], [ 122.078577241291555, 7.046749675748159 ], [ 122.078577241291555, 7.055732787498069 ], [ 122.069523610126978, 7.055732787498069 ], [ 122.069523610126978, 7.046749675748159 ] ] ] } },
{ "type": "Feature", "properties": { "grid_id": "20_21", "x_idx": 20, "y_idx": 21 }, "geometry": { "type": "Polygon", "coordinates": [ [ [ 122.078577241291555, 7.046749675748159 ], [ 122.087630872456131, 7.046749675748159 ], [ 122.087630872456131, 7.055732787498069 ], [ 122.078577241291555, 7.055732787498069 ], [ 122.078577241291555, 7.046749675748159 ] ] ] } },
{ "type": "Feature", "properties": { "grid_id": "21_21", "x_idx": 21, "y_idx": 21 }, "geometry": { "type": "Polygon", "coordinates": [ [ [ 122.087630872456131, 7.046749675748159 ], [ 122.096684503620708, 7.046749675748159 ], [ 122.096684503620708, 7.055732787498069 ], [ 122.087630872456131, 7.055732787498069 ], [ 122.087630872456131, 7.046749675748159 ] ] ] } },
{ "type": "Feature", "properties": { "grid_id": "22_21", "x_idx": 22, "y_idx": 21 }, "geometry": { "type": "Polygon", "coordinates": [ [ [ 122.096684503620693, 7.046749675748159 ], [ 122.10573813478527, 7.046749675748159 ], [ 122.10573813478527, 7.055732787498069 ], [ 122.096684503620693, 7.055732787498069 ], [ 122.096684503620693, 7.046749675748159 ] ] ] } },
{ "type": "Feature", "properties": { "grid_id": "23_21", "x_idx": 23, "y_idx": 21 }, "geometry": { "type": "Polygon", "coordinates": [ [ [ 122.10573813478527, 7.046749675748159 ], [ 122.114791765949846, 7.046749675748159 ], [ 122.114791765949846, 7.055732787498069 ], [ 122.10573813478527, 7.055732787498069 ], [ 122.10573813478527, 7.046749675748159 ] ] ] } },
{ "type": "Feature", "properties": { "grid_id": "24_21", "x_idx": 24, "y_idx": 21 }, "geometry": { "type": "Polygon", "coordinates": [ [ [ 122.114791765949846, 7.046749675748159 ], [ 122.123845397114422, 7.046749675748159 ], [ 122.123845397114422, 7.055732787498069 ], [ 122.114791765949846, 7.055732787498069 ], [ 122.114791765949846, 7.046749675748159 ] ] ] } },
{ "type": "Feature", "properties": { "grid_id": "25_21", "x_idx": 25, "y_idx": 21 }, "geometry": { "type": "Polygon", "coordinates": [ [ [ 122.123845397114408, 7.046749675748159 ], [ 122.132899028278985, 7.046749675748159 ], [ 122.132899028278985, 7.055732787498069 ], [ 122.123845397114408, 7.055732787498069 ], [ 122.123845397114408, 7.046749675748159 ] ] ] } },
{ "type": "Feature", "properties": { "grid_id": "26_21", "x_idx": 26, "y_idx": 21 }, "geometry": { "type": "Polygon", "coordinates": [ [ [ 122.132899028278985, 7.046749675748159 ], [ 122.141952659443561, 7.046749675748159 ], [ 122.141952659443561, 7.055732787498069 ], [ 122.132899028278985, 7.055732787498069 ], [ 122.132899028278985, 7.046749675748159 ] ] ] } },
{ "type": "Feature", "properties": { "grid_id": "27_21", "x_idx": 27, "y_idx": 21 }, "geometry": { "type": "Polygon", "coordinates": [ [ [ 122.141952659443561, 7.046749675748159 ], [ 122.151006290608137, 7.046749675748159 ], [ 122.151006290608137, 7.055732787498069 ], [ 122.141952659443561, 7.055732787498069 ], [ 122.141952659443561, 7.046749675748159 ] ] ] } },
{ "type": "Feature", "properties": { "grid_id": "28_21", "x_idx": 28, "y_idx": 21 }, "geometry": { "type": "Polygon", "coordinates": [ [ [ 122.151006290608137, 7.046749675748159 ], [ 122.160059921772714, 7.046749675748159 ], [ 122.160059921772714, 7.055732787498069 ], [ 122.151006290608137, 7.055732787498069 ], [ 122.151006290608137, 7.046749675748159 ] ] ] } },
{ "type": "Feature", "properties": { "grid_id": "29_21", "x_idx": 29, "y_idx": 21 }, "geometry": { "type": "Polygon", "coordinates": [ [ [ 122.160059921772699, 7.046749675748159 ], [ 122.169113552937276, 7.046749675748159 ], [ 122.169113552937276, 7.055732787498069 ], [ 122.160059921772699, 7.055732787498069 ], [ 122.160059921772699, 7.046749675748159 ] ] ] } },
{ "type": "Feature", "properties": { "grid_id": "30_21", "x_idx": 30, "y_idx": 21 }, "geometry": { "type": "Polygon", "coordinates": [ [ [ 122.169113552937276, 7.046749675748159 ], [ 122.178167184101852, 7.046749675748159 ], [ 122.178167184101852, 7.055732787498069 ], [ 122.169113552937276, 7.055732787498069 ], [ 122.169113552937276, 7.046749675748159 ] ] ] } },
{ "type": "Feature", "properties": { "grid_id": "31_21", "x_idx": 31, "y_idx": 21 }, "geometry": { "type": "Polygon", "coordinates": [ [ [ 122.178167184101852, 7.046749675748159 ], [ 122.187220815266429, 7.046749675748159 ], [ 122.187220815266429, 7.055732787498069 ], [ 122.178167184101852, 7.055732787498069 ], [ 122.178167184101852, 7.046749675748159 ] ] ] } },
{ "type": "Feature", "properties": { "grid_id": "32_21", "x_idx": 32, "y_idx": 21 }, "geometry": { "type": "Polygon", "coordinates": [ [ [ 122.187220815266429, 7.046749675748159 ], [ 122.196274446431005, 7.046749675748159 ], [ 122.196274446431005, 7.055732787498069 ], [ 122.187220815266429, 7.055732787498069 ], [ 122.187220815266429, 7.046749675748159 ] ] ] } },
{ "type": "Feature", "properties": { "grid_id": "33_21", "x_idx": 33, "y_idx": 21 }, "geometry": { "type": "Polygon", "coordinates": [ [ [ 122.196274446430991, 7.046749675748159 ], [ 122.205328077595567, 7.046749675748159 ], [ 122.205328077595567, 7.055732787498069 ], [ 122.196274446430991, 7.055732787498069 ], [ 122.196274446430991, 7.046749675748159 ] ] ] } },
{ "type": "Feature", "properties": { "grid_id": "34_21", "x_idx": 34, "y_idx": 21 }, "geometry": { "type": "Polygon", "coordinates": [ [ [ 122.205328077595567, 7.046749675748159 ], [ 122.214381708760143, 7.046749675748159 ], [ 122.214381708760143, 7.055732787498069 ], [ 122.205328077595567, 7.055732787498069 ], [ 122.205328077595567, 7.046749675748159 ] ] ] } },
{ "type": "Feature", "properties": { "grid_id": "0_22", "x_idx": 0, "y_idx": 22 }, "geometry": { "type": "Polygon", "coordinates": [ [ [ 121.897504618000099, 7.055732787498068 ], [ 121.906558249164675, 7.055732787498068 ], [ 121.906558249164675, 7.064715899247979 ], [ 121.897504618000099, 7.064715899247979 ], [ 121.897504618000099, 7.055732787498068 ] ] ] } },
{ "type": "Feature", "properties": { "grid_id": "1_22", "x_idx": 1, "y_idx": 22 }, "geometry": { "type": "Polygon", "coordinates": [ [ [ 121.906558249164675, 7.055732787498068 ], [ 121.915611880329251, 7.055732787498068 ], [ 121.915611880329251, 7.064715899247979 ], [ 121.906558249164675, 7.064715899247979 ], [ 121.906558249164675, 7.055732787498068 ] ] ] } },
{ "type": "Feature", "properties": { "grid_id": "2_22", "x_idx": 2, "y_idx": 22 }, "geometry": { "type": "Polygon", "coordinates": [ [ [ 121.915611880329237, 7.055732787498068 ], [ 121.924665511493814, 7.055732787498068 ], [ 121.924665511493814, 7.064715899247979 ], [ 121.915611880329237, 7.064715899247979 ], [ 121.915611880329237, 7.055732787498068 ] ] ] } },
{ "type": "Feature", "properties": { "grid_id": "3_22", "x_idx": 3, "y_idx": 22 }, "geometry": { "type": "Polygon", "coordinates": [ [ [ 121.924665511493814, 7.055732787498068 ], [ 121.93371914265839, 7.055732787498068 ], [ 121.93371914265839, 7.064715899247979 ], [ 121.924665511493814, 7.064715899247979 ], [ 121.924665511493814, 7.055732787498068 ] ] ] } },
{ "type": "Feature", "properties": { "grid_id": "4_22", "x_idx": 4, "y_idx": 22 }, "geometry": { "type": "Polygon", "coordinates": [ [ [ 121.93371914265839, 7.055732787498068 ], [ 121.942772773822966, 7.055732787498068 ], [ 121.942772773822966, 7.064715899247979 ], [ 121.93371914265839, 7.064715899247979 ], [ 121.93371914265839, 7.055732787498068 ] ] ] } },
{ "type": "Feature", "properties": { "grid_id": "5_22", "x_idx": 5, "y_idx": 22 }, "geometry": { "type": "Polygon", "coordinates": [ [ [ 121.942772773822966, 7.055732787498068 ], [ 121.951826404987543, 7.055732787498068 ], [ 121.951826404987543, 7.064715899247979 ], [ 121.942772773822966, 7.064715899247979 ], [ 121.942772773822966, 7.055732787498068 ] ] ] } },
{ "type": "Feature", "properties": { "grid_id": "6_22", "x_idx": 6, "y_idx": 22 }, "geometry": { "type": "Polygon", "coordinates": [ [ [ 121.951826404987528, 7.055732787498068 ], [ 121.960880036152105, 7.055732787498068 ], [ 121.960880036152105, 7.064715899247979 ], [ 121.951826404987528, 7.064715899247979 ], [ 121.951826404987528, 7.055732787498068 ] ] ] } },
{ "type": "Feature", "properties": { "grid_id": "7_22", "x_idx": 7, "y_idx": 22 }, "geometry": { "type": "Polygon", "coordinates": [ [ [ 121.960880036152105, 7.055732787498068 ], [ 121.969933667316681, 7.055732787498068 ], [ 121.969933667316681, 7.064715899247979 ], [ 121.960880036152105, 7.064715899247979 ], [ 121.960880036152105, 7.055732787498068 ] ] ] } },
{ "type": "Feature", "properties": { "grid_id": "8_22", "x_idx": 8, "y_idx": 22 }, "geometry": { "type": "Polygon", "coordinates": [ [ [ 121.969933667316681, 7.055732787498068 ], [ 121.978987298481258, 7.055732787498068 ], [ 121.978987298481258, 7.064715899247979 ], [ 121.969933667316681, 7.064715899247979 ], [ 121.969933667316681, 7.055732787498068 ] ] ] } },
{ "type": "Feature", "properties": { "grid_id": "9_22", "x_idx": 9, "y_idx": 22 }, "geometry": { "type": "Polygon", "coordinates": [ [ [ 121.978987298481258, 7.055732787498068 ], [ 121.988040929645834, 7.055732787498068 ], [ 121.988040929645834, 7.064715899247979 ], [ 121.978987298481258, 7.064715899247979 ], [ 121.978987298481258, 7.055732787498068 ] ] ] } },
{ "type": "Feature", "properties": { "grid_id": "10_22", "x_idx": 10, "y_idx": 22 }, "geometry": { "type": "Polygon", "coordinates": [ [ [ 121.98804092964582, 7.055732787498068 ], [ 121.997094560810396, 7.055732787498068 ], [ 121.997094560810396, 7.064715899247979 ], [ 121.98804092964582, 7.064715899247979 ], [ 121.98804092964582, 7.055732787498068 ] ] ] } },
{ "type": "Feature", "properties": { "grid_id": "11_22", "x_idx": 11, "y_idx": 22 }, "geometry": { "type": "Polygon", "coordinates": [ [ [ 121.997094560810396, 7.055732787498068 ], [ 122.006148191974972, 7.055732787498068 ], [ 122.006148191974972, 7.064715899247979 ], [ 121.997094560810396, 7.064715899247979 ], [ 121.997094560810396, 7.055732787498068 ] ] ] } },
{ "type": "Feature", "properties": { "grid_id": "12_22", "x_idx": 12, "y_idx": 22 }, "geometry": { "type": "Polygon", "coordinates": [ [ [ 122.006148191974972, 7.055732787498068 ], [ 122.015201823139549, 7.055732787498068 ], [ 122.015201823139549, 7.064715899247979 ], [ 122.006148191974972, 7.064715899247979 ], [ 122.006148191974972, 7.055732787498068 ] ] ] } },
{ "type": "Feature", "properties": { "grid_id": "13_22", "x_idx": 13, "y_idx": 22 }, "geometry": { "type": "Polygon", "coordinates": [ [ [ 122.015201823139549, 7.055732787498068 ], [ 122.024255454304125, 7.055732787498068 ], [ 122.024255454304125, 7.064715899247979 ], [ 122.015201823139549, 7.064715899247979 ], [ 122.015201823139549, 7.055732787498068 ] ] ] } },
{ "type": "Feature", "properties": { "grid_id": "14_22", "x_idx": 14, "y_idx": 22 }, "geometry": { "type": "Polygon", "coordinates": [ [ [ 122.024255454304111, 7.055732787498068 ], [ 122.033309085468687, 7.055732787498068 ], [ 122.033309085468687, 7.064715899247979 ], [ 122.024255454304111, 7.064715899247979 ], [ 122.024255454304111, 7.055732787498068 ] ] ] } },
{ "type": "Feature", "properties": { "grid_id": "15_22", "x_idx": 15, "y_idx": 22 }, "geometry": { "type": "Polygon", "coordinates": [ [ [ 122.033309085468687, 7.055732787498068 ], [ 122.042362716633264, 7.055732787498068 ], [ 122.042362716633264, 7.064715899247979 ], [ 122.033309085468687, 7.064715899247979 ], [ 122.033309085468687, 7.055732787498068 ] ] ] } },
{ "type": "Feature", "properties": { "grid_id": "16_22", "x_idx": 16, "y_idx": 22 }, "geometry": { "type": "Polygon", "coordinates": [ [ [ 122.042362716633264, 7.055732787498068 ], [ 122.05141634779784, 7.055732787498068 ], [ 122.05141634779784, 7.064715899247979 ], [ 122.042362716633264, 7.064715899247979 ], [ 122.042362716633264, 7.055732787498068 ] ] ] } },
{ "type": "Feature", "properties": { "grid_id": "17_22", "x_idx": 17, "y_idx": 22 }, "geometry": { "type": "Polygon", "coordinates": [ [ [ 122.05141634779784, 7.055732787498068 ], [ 122.060469978962416, 7.055732787498068 ], [ 122.060469978962416, 7.064715899247979 ], [ 122.05141634779784, 7.064715899247979 ], [ 122.05141634779784, 7.055732787498068 ] ] ] } },
{ "type": "Feature", "properties": { "grid_id": "18_22", "x_idx": 18, "y_idx": 22 }, "geometry": { "type": "Polygon", "coordinates": [ [ [ 122.060469978962402, 7.055732787498068 ], [ 122.069523610126978, 7.055732787498068 ], [ 122.069523610126978, 7.064715899247979 ], [ 122.060469978962402, 7.064715899247979 ], [ 122.060469978962402, 7.055732787498068 ] ] ] } },
{ "type": "Feature", "properties": { "grid_id": "19_22", "x_idx": 19, "y_idx": 22 }, "geometry": { "type": "Polygon", "coordinates": [ [ [ 122.069523610126978, 7.055732787498068 ], [ 122.078577241291555, 7.055732787498068 ], [ 122.078577241291555, 7.064715899247979 ], [ 122.069523610126978, 7.064715899247979 ], [ 122.069523610126978, 7.055732787498068 ] ] ] } },
{ "type": "Feature", "properties": { "grid_id": "20_22", "x_idx": 20, "y_idx": 22 }, "geometry": { "type": "Polygon", "coordinates": [ [ [ 122.078577241291555, 7.055732787498068 ], [ 122.087630872456131, 7.055732787498068 ], [ 122.087630872456131, 7.064715899247979 ], [ 122.078577241291555, 7.064715899247979 ], [ 122.078577241291555, 7.055732787498068 ] ] ] } },
{ "type": "Feature", "properties": { "grid_id": "21_22", "x_idx": 21, "y_idx": 22 }, "geometry": { "type": "Polygon", "coordinates": [ [ [ 122.087630872456131, 7.055732787498068 ], [ 122.096684503620708, 7.055732787498068 ], [ 122.096684503620708, 7.064715899247979 ], [ 122.087630872456131, 7.064715899247979 ], [ 122.087630872456131, 7.055732787498068 ] ] ] } },
{ "type": "Feature", "properties": { "grid_id": "22_22", "x_idx": 22, "y_idx": 22 }, "geometry": { "type": "Polygon", "coordinates": [ [ [ 122.096684503620693, 7.055732787498068 ], [ 122.10573813478527, 7.055732787498068 ], [ 122.10573813478527, 7.064715899247979 ], [ 122.096684503620693, 7.064715899247979 ], [ 122.096684503620693, 7.055732787498068 ] ] ] } },
{ "type": "Feature", "properties": { "grid_id": "23_22", "x_idx": 23, "y_idx": 22 }, "geometry": { "type": "Polygon", "coordinates": [ [ [ 122.10573813478527, 7.055732787498068 ], [ 122.114791765949846, 7.055732787498068 ], [ 122.114791765949846, 7.064715899247979 ], [ 122.10573813478527, 7.064715899247979 ], [ 122.10573813478527, 7.055732787498068 ] ] ] } },
{ "type": "Feature", "properties": { "grid_id": "24_22", "x_idx": 24, "y_idx": 22 }, "geometry": { "type": "Polygon", "coordinates": [ [ [ 122.114791765949846, 7.055732787498068 ], [ 122.123845397114422, 7.055732787498068 ], [ 122.123845397114422, 7.064715899247979 ], [ 122.114791765949846, 7.064715899247979 ], [ 122.114791765949846, 7.055732787498068 ] ] ] } },
{ "type": "Feature", "properties": { "grid_id": "25_22", "x_idx": 25, "y_idx": 22 }, "geometry": { "type": "Polygon", "coordinates": [ [ [ 122.123845397114408, 7.055732787498068 ], [ 122.132899028278985, 7.055732787498068 ], [ 122.132899028278985, 7.064715899247979 ], [ 122.123845397114408, 7.064715899247979 ], [ 122.123845397114408, 7.055732787498068 ] ] ] } },
{ "type": "Feature", "properties": { "grid_id": "26_22", "x_idx": 26, "y_idx": 22 }, "geometry": { "type": "Polygon", "coordinates": [ [ [ 122.132899028278985, 7.055732787498068 ], [ 122.141952659443561, 7.055732787498068 ], [ 122.141952659443561, 7.064715899247979 ], [ 122.132899028278985, 7.064715899247979 ], [ 122.132899028278985, 7.055732787498068 ] ] ] } },
{ "type": "Feature", "properties": { "grid_id": "27_22", "x_idx": 27, "y_idx": 22 }, "geometry": { "type": "Polygon", "coordinates": [ [ [ 122.141952659443561, 7.055732787498068 ], [ 122.151006290608137, 7.055732787498068 ], [ 122.151006290608137, 7.064715899247979 ], [ 122.141952659443561, 7.064715899247979 ], [ 122.141952659443561, 7.055732787498068 ] ] ] } },
{ "type": "Feature", "properties": { "grid_id": "28_22", "x_idx": 28, "y_idx": 22 }, "geometry": { "type": "Polygon", "coordinates": [ [ [ 122.151006290608137, 7.055732787498068 ], [ 122.160059921772714, 7.055732787498068 ], [ 122.160059921772714, 7.064715899247979 ], [ 122.151006290608137, 7.064715899247979 ], [ 122.151006290608137, 7.055732787498068 ] ] ] } },
{ "type": "Feature", "properties": { "grid_id": "29_22", "x_idx": 29, "y_idx": 22 }, "geometry": { "type": "Polygon", "coordinates": [ [ [ 122.160059921772699, 7.055732787498068 ], [ 122.169113552937276, 7.055732787498068 ], [ 122.169113552937276, 7.064715899247979 ], [ 122.160059921772699, 7.064715899247979 ], [ 122.160059921772699, 7.055732787498068 ] ] ] } },
{ "type": "Feature", "properties": { "grid_id": "30_22", "x_idx": 30, "y_idx": 22 }, "geometry": { "type": "Polygon", "coordinates": [ [ [ 122.169113552937276, 7.055732787498068 ], [ 122.178167184101852, 7.055732787498068 ], [ 122.178167184101852, 7.064715899247979 ], [ 122.169113552937276, 7.064715899247979 ], [ 122.169113552937276, 7.055732787498068 ] ] ] } },
{ "type": "Feature", "properties": { "grid_id": "31_22", "x_idx": 31, "y_idx": 22 }, "geometry": { "type": "Polygon", "coordinates": [ [ [ 122.178167184101852, 7.055732787498068 ], [ 122.187220815266429, 7.055732787498068 ], [ 122.187220815266429, 7.064715899247979 ], [ 122.178167184101852, 7.064715899247979 ], [ 122.178167184101852, 7.055732787498068 ] ] ] } },
{ "type": "Feature", "properties": { "grid_id": "32_22", "x_idx": 32, "y_idx": 22 }, "geometry": { "type": "Polygon", "coordinates": [ [ [ 122.187220815266429, 7.055732787498068 ], [ 122.196274446431005, 7.055732787498068 ], [ 122.196274446431005, 7.064715899247979 ], [ 122.187220815266429, 7.064715899247979 ], [ 122.187220815266429, 7.055732787498068 ] ] ] } },
{ "type": "Feature", "properties": { "grid_id": "33_22", "x_idx": 33, "y_idx": 22 }, "geometry": { "type": "Polygon", "coordinates": [ [ [ 122.196274446430991, 7.055732787498068 ], [ 122.205328077595567, 7.055732787498068 ], [ 122.205328077595567, 7.064715899247979 ], [ 122.196274446430991, 7.064715899247979 ], [ 122.196274446430991, 7.055732787498068 ] ] ] } },
{ "type": "Feature", "properties": { "grid_id": "34_22", "x_idx": 34, "y_idx": 22 }, "geometry": { "type": "Polygon", "coordinates": [ [ [ 122.205328077595567, 7.055732787498068 ], [ 122.214381708760143, 7.055732787498068 ], [ 122.214381708760143, 7.064715899247979 ], [ 122.205328077595567, 7.064715899247979 ], [ 122.205328077595567, 7.055732787498068 ] ] ] } },
{ "type": "Feature", "properties": { "grid_id": "0_23", "x_idx": 0, "y_idx": 23 }, "geometry": { "type": "Polygon", "coordinates": [ [ [ 121.897504618000099, 7.064715899247979 ], [ 121.906558249164675, 7.064715899247979 ], [ 121.906558249164675, 7.073699010997889 ], [ 121.897504618000099, 7.073699010997889 ], [ 121.897504618000099, 7.064715899247979 ] ] ] } },
{ "type": "Feature", "properties": { "grid_id": "1_23", "x_idx": 1, "y_idx": 23 }, "geometry": { "type": "Polygon", "coordinates": [ [ [ 121.906558249164675, 7.064715899247979 ], [ 121.915611880329251, 7.064715899247979 ], [ 121.915611880329251, 7.073699010997889 ], [ 121.906558249164675, 7.073699010997889 ], [ 121.906558249164675, 7.064715899247979 ] ] ] } },
{ "type": "Feature", "properties": { "grid_id": "2_23", "x_idx": 2, "y_idx": 23 }, "geometry": { "type": "Polygon", "coordinates": [ [ [ 121.915611880329237, 7.064715899247979 ], [ 121.924665511493814, 7.064715899247979 ], [ 121.924665511493814, 7.073699010997889 ], [ 121.915611880329237, 7.073699010997889 ], [ 121.915611880329237, 7.064715899247979 ] ] ] } },
{ "type": "Feature", "properties": { "grid_id": "3_23", "x_idx": 3, "y_idx": 23 }, "geometry": { "type": "Polygon", "coordinates": [ [ [ 121.924665511493814, 7.064715899247979 ], [ 121.93371914265839, 7.064715899247979 ], [ 121.93371914265839, 7.073699010997889 ], [ 121.924665511493814, 7.073699010997889 ], [ 121.924665511493814, 7.064715899247979 ] ] ] } },
{ "type": "Feature", "properties": { "grid_id": "4_23", "x_idx": 4, "y_idx": 23 }, "geometry": { "type": "Polygon", "coordinates": [ [ [ 121.93371914265839, 7.064715899247979 ], [ 121.942772773822966, 7.064715899247979 ], [ 121.942772773822966, 7.073699010997889 ], [ 121.93371914265839, 7.073699010997889 ], [ 121.93371914265839, 7.064715899247979 ] ] ] } },
{ "type": "Feature", "properties": { "grid_id": "5_23", "x_idx": 5, "y_idx": 23 }, "geometry": { "type": "Polygon", "coordinates": [ [ [ 121.942772773822966, 7.064715899247979 ], [ 121.951826404987543, 7.064715899247979 ], [ 121.951826404987543, 7.073699010997889 ], [ 121.942772773822966, 7.073699010997889 ], [ 121.942772773822966, 7.064715899247979 ] ] ] } },
{ "type": "Feature", "properties": { "grid_id": "6_23", "x_idx": 6, "y_idx": 23 }, "geometry": { "type": "Polygon", "coordinates": [ [ [ 121.951826404987528, 7.064715899247979 ], [ 121.960880036152105, 7.064715899247979 ], [ 121.960880036152105, 7.073699010997889 ], [ 121.951826404987528, 7.073699010997889 ], [ 121.951826404987528, 7.064715899247979 ] ] ] } },
{ "type": "Feature", "properties": { "grid_id": "7_23", "x_idx": 7, "y_idx": 23 }, "geometry": { "type": "Polygon", "coordinates": [ [ [ 121.960880036152105, 7.064715899247979 ], [ 121.969933667316681, 7.064715899247979 ], [ 121.969933667316681, 7.073699010997889 ], [ 121.960880036152105, 7.073699010997889 ], [ 121.960880036152105, 7.064715899247979 ] ] ] } },
{ "type": "Feature", "properties": { "grid_id": "8_23", "x_idx": 8, "y_idx": 23 }, "geometry": { "type": "Polygon", "coordinates": [ [ [ 121.969933667316681, 7.064715899247979 ], [ 121.978987298481258, 7.064715899247979 ], [ 121.978987298481258, 7.073699010997889 ], [ 121.969933667316681, 7.073699010997889 ], [ 121.969933667316681, 7.064715899247979 ] ] ] } },
{ "type": "Feature", "properties": { "grid_id": "9_23", "x_idx": 9, "y_idx": 23 }, "geometry": { "type": "Polygon", "coordinates": [ [ [ 121.978987298481258, 7.064715899247979 ], [ 121.988040929645834, 7.064715899247979 ], [ 121.988040929645834, 7.073699010997889 ], [ 121.978987298481258, 7.073699010997889 ], [ 121.978987298481258, 7.064715899247979 ] ] ] } },
{ "type": "Feature", "properties": { "grid_id": "10_23", "x_idx": 10, "y_idx": 23 }, "geometry": { "type": "Polygon", "coordinates": [ [ [ 121.98804092964582, 7.064715899247979 ], [ 121.997094560810396, 7.064715899247979 ], [ 121.997094560810396, 7.073699010997889 ], [ 121.98804092964582, 7.073699010997889 ], [ 121.98804092964582, 7.064715899247979 ] ] ] } },
{ "type": "Feature", "properties": { "grid_id": "11_23", "x_idx": 11, "y_idx": 23 }, "geometry": { "type": "Polygon", "coordinates": [ [ [ 121.997094560810396, 7.064715899247979 ], [ 122.006148191974972, 7.064715899247979 ], [ 122.006148191974972, 7.073699010997889 ], [ 121.997094560810396, 7.073699010997889 ], [ 121.997094560810396, 7.064715899247979 ] ] ] } },
{ "type": "Feature", "properties": { "grid_id": "12_23", "x_idx": 12, "y_idx": 23 }, "geometry": { "type": "Polygon", "coordinates": [ [ [ 122.006148191974972, 7.064715899247979 ], [ 122.015201823139549, 7.064715899247979 ], [ 122.015201823139549, 7.073699010997889 ], [ 122.006148191974972, 7.073699010997889 ], [ 122.006148191974972, 7.064715899247979 ] ] ] } },
{ "type": "Feature", "properties": { "grid_id": "13_23", "x_idx": 13, "y_idx": 23 }, "geometry": { "type": "Polygon", "coordinates": [ [ [ 122.015201823139549, 7.064715899247979 ], [ 122.024255454304125, 7.064715899247979 ], [ 122.024255454304125, 7.073699010997889 ], [ 122.015201823139549, 7.073699010997889 ], [ 122.015201823139549, 7.064715899247979 ] ] ] } },
{ "type": "Feature", "properties": { "grid_id": "14_23", "x_idx": 14, "y_idx": 23 }, "geometry": { "type": "Polygon", "coordinates": [ [ [ 122.024255454304111, 7.064715899247979 ], [ 122.033309085468687, 7.064715899247979 ], [ 122.033309085468687, 7.073699010997889 ], [ 122.024255454304111, 7.073699010997889 ], [ 122.024255454304111, 7.064715899247979 ] ] ] } },
{ "type": "Feature", "properties": { "grid_id": "15_23", "x_idx": 15, "y_idx": 23 }, "geometry": { "type": "Polygon", "coordinates": [ [ [ 122.033309085468687, 7.064715899247979 ], [ 122.042362716633264, 7.064715899247979 ], [ 122.042362716633264, 7.073699010997889 ], [ 122.033309085468687, 7.073699010997889 ], [ 122.033309085468687, 7.064715899247979 ] ] ] } },
{ "type": "Feature", "properties": { "grid_id": "16_23", "x_idx": 16, "y_idx": 23 }, "geometry": { "type": "Polygon", "coordinates": [ [ [ 122.042362716633264, 7.064715899247979 ], [ 122.05141634779784, 7.064715899247979 ], [ 122.05141634779784, 7.073699010997889 ], [ 122.042362716633264, 7.073699010997889 ], [ 122.042362716633264, 7.064715899247979 ] ] ] } },
{ "type": "Feature", "properties": { "grid_id": "17_23", "x_idx": 17, "y_idx": 23 }, "geometry": { "type": "Polygon", "coordinates": [ [ [ 122.05141634779784, 7.064715899247979 ], [ 122.060469978962416, 7.064715899247979 ], [ 122.060469978962416, 7.073699010997889 ], [ 122.05141634779784, 7.073699010997889 ], [ 122.05141634779784, 7.064715899247979 ] ] ] } },
{ "type": "Feature", "properties": { "grid_id": "18_23", "x_idx": 18, "y_idx": 23 }, "geometry": { "type": "Polygon", "coordinates": [ [ [ 122.060469978962402, 7.064715899247979 ], [ 122.069523610126978, 7.064715899247979 ], [ 122.069523610126978, 7.073699010997889 ], [ 122.060469978962402, 7.073699010997889 ], [ 122.060469978962402, 7.064715899247979 ] ] ] } },
{ "type": "Feature", "properties": { "grid_id": "19_23", "x_idx": 19, "y_idx": 23 }, "geometry": { "type": "Polygon", "coordinates": [ [ [ 122.069523610126978, 7.064715899247979 ], [ 122.078577241291555, 7.064715899247979 ], [ 122.078577241291555, 7.073699010997889 ], [ 122.069523610126978, 7.073699010997889 ], [ 122.069523610126978, 7.064715899247979 ] ] ] } },
{ "type": "Feature", "properties": { "grid_id": "20_23", "x_idx": 20, "y_idx": 23 }, "geometry": { "type": "Polygon", "coordinates": [ [ [ 122.078577241291555, 7.064715899247979 ], [ 122.087630872456131, 7.064715899247979 ], [ 122.087630872456131, 7.073699010997889 ], [ 122.078577241291555, 7.073699010997889 ], [ 122.078577241291555, 7.064715899247979 ] ] ] } },
{ "type": "Feature", "properties": { "grid_id": "21_23", "x_idx": 21, "y_idx": 23 }, "geometry": { "type": "Polygon", "coordinates": [ [ [ 122.087630872456131, 7.064715899247979 ], [ 122.096684503620708, 7.064715899247979 ], [ 122.096684503620708, 7.073699010997889 ], [ 122.087630872456131, 7.073699010997889 ], [ 122.087630872456131, 7.064715899247979 ] ] ] } },
{ "type": "Feature", "properties": { "grid_id": "22_23", "x_idx": 22, "y_idx": 23 }, "geometry": { "type": "Polygon", "coordinates": [ [ [ 122.096684503620693, 7.064715899247979 ], [ 122.10573813478527, 7.064715899247979 ], [ 122.10573813478527, 7.073699010997889 ], [ 122.096684503620693, 7.073699010997889 ], [ 122.096684503620693, 7.064715899247979 ] ] ] } },
{ "type": "Feature", "properties": { "grid_id": "23_23", "x_idx": 23, "y_idx": 23 }, "geometry": { "type": "Polygon", "coordinates": [ [ [ 122.10573813478527, 7.064715899247979 ], [ 122.114791765949846, 7.064715899247979 ], [ 122.114791765949846, 7.073699010997889 ], [ 122.10573813478527, 7.073699010997889 ], [ 122.10573813478527, 7.064715899247979 ] ] ] } },
{ "type": "Feature", "properties": { "grid_id": "24_23", "x_idx": 24, "y_idx": 23 }, "geometry": { "type": "Polygon", "coordinates": [ [ [ 122.114791765949846, 7.064715899247979 ], [ 122.123845397114422, 7.064715899247979 ], [ 122.123845397114422, 7.073699010997889 ], [ 122.114791765949846, 7.073699010997889 ], [ 122.114791765949846, 7.064715899247979 ] ] ] } },
{ "type": "Feature", "properties": { "grid_id": "25_23", "x_idx": 25, "y_idx": 23 }, "geometry": { "type": "Polygon", "coordinates": [ [ [ 122.123845397114408, 7.064715899247979 ], [ 122.132899028278985, 7.064715899247979 ], [ 122.132899028278985, 7.073699010997889 ], [ 122.123845397114408, 7.073699010997889 ], [ 122.123845397114408, 7.064715899247979 ] ] ] } },
{ "type": "Feature", "properties": { "grid_id": "26_23", "x_idx": 26, "y_idx": 23 }, "geometry": { "type": "Polygon", "coordinates": [ [ [ 122.132899028278985, 7.064715899247979 ], [ 122.141952659443561, 7.064715899247979 ], [ 122.141952659443561, 7.073699010997889 ], [ 122.132899028278985, 7.073699010997889 ], [ 122.132899028278985, 7.064715899247979 ] ] ] } },
{ "type": "Feature", "properties": { "grid_id": "27_23", "x_idx": 27, "y_idx": 23 }, "geometry": { "type": "Polygon", "coordinates": [ [ [ 122.141952659443561, 7.064715899247979 ], [ 122.151006290608137, 7.064715899247979 ], [ 122.151006290608137, 7.073699010997889 ], [ 122.141952659443561, 7.073699010997889 ], [ 122.141952659443561, 7.064715899247979 ] ] ] } },
{ "type": "Feature", "properties": { "grid_id": "28_23", "x_idx": 28, "y_idx": 23 }, "geometry": { "type": "Polygon", "coordinates": [ [ [ 122.151006290608137, 7.064715899247979 ], [ 122.160059921772714, 7.064715899247979 ], [ 122.160059921772714, 7.073699010997889 ], [ 122.151006290608137, 7.073699010997889 ], [ 122.151006290608137, 7.064715899247979 ] ] ] } },
{ "type": "Feature", "properties": { "grid_id": "29_23", "x_idx": 29, "y_idx": 23 }, "geometry": { "type": "Polygon", "coordinates": [ [ [ 122.160059921772699, 7.064715899247979 ], [ 122.169113552937276, 7.064715899247979 ], [ 122.169113552937276, 7.073699010997889 ], [ 122.160059921772699, 7.073699010997889 ], [ 122.160059921772699, 7.064715899247979 ] ] ] } },
{ "type": "Feature", "properties": { "grid_id": "30_23", "x_idx": 30, "y_idx": 23 }, "geometry": { "type": "Polygon", "coordinates": [ [ [ 122.169113552937276, 7.064715899247979 ], [ 122.178167184101852, 7.064715899247979 ], [ 122.178167184101852, 7.073699010997889 ], [ 122.169113552937276, 7.073699010997889 ], [ 122.169113552937276, 7.064715899247979 ] ] ] } },
{ "type": "Feature", "properties": { "grid_id": "31_23", "x_idx": 31, "y_idx": 23 }, "geometry": { "type": "Polygon", "coordinates": [ [ [ 122.178167184101852, 7.064715899247979 ], [ 122.187220815266429, 7.064715899247979 ], [ 122.187220815266429, 7.073699010997889 ], [ 122.178167184101852, 7.073699010997889 ], [ 122.178167184101852, 7.064715899247979 ] ] ] } },
{ "type": "Feature", "properties": { "grid_id": "32_23", "x_idx": 32, "y_idx": 23 }, "geometry": { "type": "Polygon", "coordinates": [ [ [ 122.187220815266429, 7.064715899247979 ], [ 122.196274446431005, 7.064715899247979 ], [ 122.196274446431005, 7.073699010997889 ], [ 122.187220815266429, 7.073699010997889 ], [ 122.187220815266429, 7.064715899247979 ] ] ] } },
{ "type": "Feature", "properties": { "grid_id": "33_23", "x_idx": 33, "y_idx": 23 }, "geometry": { "type": "Polygon", "coordinates": [ [ [ 122.196274446430991, 7.064715899247979 ], [ 122.205328077595567, 7.064715899247979 ], [ 122.205328077595567, 7.073699010997889 ], [ 122.196274446430991, 7.073699010997889 ], [ 122.196274446430991, 7.064715899247979 ] ] ] } },
{ "type": "Feature", "properties": { "grid_id": "34_23", "x_idx": 34, "y_idx": 23 }, "geometry": { "type": "Polygon", "coordinates": [ [ [ 122.205328077595567, 7.064715899247979 ], [ 122.214381708760143, 7.064715899247979 ], [ 122.214381708760143, 7.073699010997889 ], [ 122.205328077595567, 7.073699010997889 ], [ 122.205328077595567, 7.064715899247979 ] ] ] } },
{ "type": "Feature", "properties": { "grid_id": "35_23", "x_idx": 35, "y_idx": 23 }, "geometry": { "type": "Polygon", "coordinates": [ [ [ 122.214381708760143, 7.064715899247979 ], [ 122.22343533992472, 7.064715899247979 ], [ 122.22343533992472, 7.073699010997889 ], [ 122.214381708760143, 7.073699010997889 ], [ 122.214381708760143, 7.064715899247979 ] ] ] } },
{ "type": "Feature", "properties": { "grid_id": "0_24", "x_idx": 0, "y_idx": 24 }, "geometry": { "type": "Polygon", "coordinates": [ [ [ 121.897504618000099, 7.073699010997889 ], [ 121.906558249164675, 7.073699010997889 ], [ 121.906558249164675, 7.0826821227478 ], [ 121.897504618000099, 7.0826821227478 ], [ 121.897504618000099, 7.073699010997889 ] ] ] } },
{ "type": "Feature", "properties": { "grid_id": "1_24", "x_idx": 1, "y_idx": 24 }, "geometry": { "type": "Polygon", "coordinates": [ [ [ 121.906558249164675, 7.073699010997889 ], [ 121.915611880329251, 7.073699010997889 ], [ 121.915611880329251, 7.0826821227478 ], [ 121.906558249164675, 7.0826821227478 ], [ 121.906558249164675, 7.073699010997889 ] ] ] } },
{ "type": "Feature", "properties": { "grid_id": "2_24", "x_idx": 2, "y_idx": 24 }, "geometry": { "type": "Polygon", "coordinates": [ [ [ 121.915611880329237, 7.073699010997889 ], [ 121.924665511493814, 7.073699010997889 ], [ 121.924665511493814, 7.0826821227478 ], [ 121.915611880329237, 7.0826821227478 ], [ 121.915611880329237, 7.073699010997889 ] ] ] } },
{ "type": "Feature", "properties": { "grid_id": "3_24", "x_idx": 3, "y_idx": 24 }, "geometry": { "type": "Polygon", "coordinates": [ [ [ 121.924665511493814, 7.073699010997889 ], [ 121.93371914265839, 7.073699010997889 ], [ 121.93371914265839, 7.0826821227478 ], [ 121.924665511493814, 7.0826821227478 ], [ 121.924665511493814, 7.073699010997889 ] ] ] } },
{ "type": "Feature", "properties": { "grid_id": "4_24", "x_idx": 4, "y_idx": 24 }, "geometry": { "type": "Polygon", "coordinates": [ [ [ 121.93371914265839, 7.073699010997889 ], [ 121.942772773822966, 7.073699010997889 ], [ 121.942772773822966, 7.0826821227478 ], [ 121.93371914265839, 7.0826821227478 ], [ 121.93371914265839, 7.073699010997889 ] ] ] } },
{ "type": "Feature", "properties": { "grid_id": "5_24", "x_idx": 5, "y_idx": 24 }, "geometry": { "type": "Polygon", "coordinates": [ [ [ 121.942772773822966, 7.073699010997889 ], [ 121.951826404987543, 7.073699010997889 ], [ 121.951826404987543, 7.0826821227478 ], [ 121.942772773822966, 7.0826821227478 ], [ 121.942772773822966, 7.073699010997889 ] ] ] } },
{ "type": "Feature", "properties": { "grid_id": "6_24", "x_idx": 6, "y_idx": 24 }, "geometry": { "type": "Polygon", "coordinates": [ [ [ 121.951826404987528, 7.073699010997889 ], [ 121.960880036152105, 7.073699010997889 ], [ 121.960880036152105, 7.0826821227478 ], [ 121.951826404987528, 7.0826821227478 ], [ 121.951826404987528, 7.073699010997889 ] ] ] } },
{ "type": "Feature", "properties": { "grid_id": "7_24", "x_idx": 7, "y_idx": 24 }, "geometry": { "type": "Polygon", "coordinates": [ [ [ 121.960880036152105, 7.073699010997889 ], [ 121.969933667316681, 7.073699010997889 ], [ 121.969933667316681, 7.0826821227478 ], [ 121.960880036152105, 7.0826821227478 ], [ 121.960880036152105, 7.073699010997889 ] ] ] } },
{ "type": "Feature", "properties": { "grid_id": "8_24", "x_idx": 8, "y_idx": 24 }, "geometry": { "type": "Polygon", "coordinates": [ [ [ 121.969933667316681, 7.073699010997889 ], [ 121.978987298481258, 7.073699010997889 ], [ 121.978987298481258, 7.0826821227478 ], [ 121.969933667316681, 7.0826821227478 ], [ 121.969933667316681, 7.073699010997889 ] ] ] } },
{ "type": "Feature", "properties": { "grid_id": "9_24", "x_idx": 9, "y_idx": 24 }, "geometry": { "type": "Polygon", "coordinates": [ [ [ 121.978987298481258, 7.073699010997889 ], [ 121.988040929645834, 7.073699010997889 ], [ 121.988040929645834, 7.0826821227478 ], [ 121.978987298481258, 7.0826821227478 ], [ 121.978987298481258, 7.073699010997889 ] ] ] } },
{ "type": "Feature", "properties": { "grid_id": "10_24", "x_idx": 10, "y_idx": 24 }, "geometry": { "type": "Polygon", "coordinates": [ [ [ 121.98804092964582, 7.073699010997889 ], [ 121.997094560810396, 7.073699010997889 ], [ 121.997094560810396, 7.0826821227478 ], [ 121.98804092964582, 7.0826821227478 ], [ 121.98804092964582, 7.073699010997889 ] ] ] } },
{ "type": "Feature", "properties": { "grid_id": "11_24", "x_idx": 11, "y_idx": 24 }, "geometry": { "type": "Polygon", "coordinates": [ [ [ 121.997094560810396, 7.073699010997889 ], [ 122.006148191974972, 7.073699010997889 ], [ 122.006148191974972, 7.0826821227478 ], [ 121.997094560810396, 7.0826821227478 ], [ 121.997094560810396, 7.073699010997889 ] ] ] } },
{ "type": "Feature", "properties": { "grid_id": "12_24", "x_idx": 12, "y_idx": 24 }, "geometry": { "type": "Polygon", "coordinates": [ [ [ 122.006148191974972, 7.073699010997889 ], [ 122.015201823139549, 7.073699010997889 ], [ 122.015201823139549, 7.0826821227478 ], [ 122.006148191974972, 7.0826821227478 ], [ 122.006148191974972, 7.073699010997889 ] ] ] } },
{ "type": "Feature", "properties": { "grid_id": "13_24", "x_idx": 13, "y_idx": 24 }, "geometry": { "type": "Polygon", "coordinates": [ [ [ 122.015201823139549, 7.073699010997889 ], [ 122.024255454304125, 7.073699010997889 ], [ 122.024255454304125, 7.0826821227478 ], [ 122.015201823139549, 7.0826821227478 ], [ 122.015201823139549, 7.073699010997889 ] ] ] } },
{ "type": "Feature", "properties": { "grid_id": "14_24", "x_idx": 14, "y_idx": 24 }, "geometry": { "type": "Polygon", "coordinates": [ [ [ 122.024255454304111, 7.073699010997889 ], [ 122.033309085468687, 7.073699010997889 ], [ 122.033309085468687, 7.0826821227478 ], [ 122.024255454304111, 7.0826821227478 ], [ 122.024255454304111, 7.073699010997889 ] ] ] } },
{ "type": "Feature", "properties": { "grid_id": "15_24", "x_idx": 15, "y_idx": 24 }, "geometry": { "type": "Polygon", "coordinates": [ [ [ 122.033309085468687, 7.073699010997889 ], [ 122.042362716633264, 7.073699010997889 ], [ 122.042362716633264, 7.0826821227478 ], [ 122.033309085468687, 7.0826821227478 ], [ 122.033309085468687, 7.073699010997889 ] ] ] } },
{ "type": "Feature", "properties": { "grid_id": "16_24", "x_idx": 16, "y_idx": 24 }, "geometry": { "type": "Polygon", "coordinates": [ [ [ 122.042362716633264, 7.073699010997889 ], [ 122.05141634779784, 7.073699010997889 ], [ 122.05141634779784, 7.0826821227478 ], [ 122.042362716633264, 7.0826821227478 ], [ 122.042362716633264, 7.073699010997889 ] ] ] } },
{ "type": "Feature", "properties": { "grid_id": "17_24", "x_idx": 17, "y_idx": 24 }, "geometry": { "type": "Polygon", "coordinates": [ [ [ 122.05141634779784, 7.073699010997889 ], [ 122.060469978962416, 7.073699010997889 ], [ 122.060469978962416, 7.0826821227478 ], [ 122.05141634779784, 7.0826821227478 ], [ 122.05141634779784, 7.073699010997889 ] ] ] } },
{ "type": "Feature", "properties": { "grid_id": "18_24", "x_idx": 18, "y_idx": 24 }, "geometry": { "type": "Polygon", "coordinates": [ [ [ 122.060469978962402, 7.073699010997889 ], [ 122.069523610126978, 7.073699010997889 ], [ 122.069523610126978, 7.0826821227478 ], [ 122.060469978962402, 7.0826821227478 ], [ 122.060469978962402, 7.073699010997889 ] ] ] } },
{ "type": "Feature", "properties": { "grid_id": "19_24", "x_idx": 19, "y_idx": 24 }, "geometry": { "type": "Polygon", "coordinates": [ [ [ 122.069523610126978, 7.073699010997889 ], [ 122.078577241291555, 7.073699010997889 ], [ 122.078577241291555, 7.0826821227478 ], [ 122.069523610126978, 7.0826821227478 ], [ 122.069523610126978, 7.073699010997889 ] ] ] } },
{ "type": "Feature", "properties": { "grid_id": "20_24", "x_idx": 20, "y_idx": 24 }, "geometry": { "type": "Polygon", "coordinates": [ [ [ 122.078577241291555, 7.073699010997889 ], [ 122.087630872456131, 7.073699010997889 ], [ 122.087630872456131, 7.0826821227478 ], [ 122.078577241291555, 7.0826821227478 ], [ 122.078577241291555, 7.073699010997889 ] ] ] } },
{ "type": "Feature", "properties": { "grid_id": "21_24", "x_idx": 21, "y_idx": 24 }, "geometry": { "type": "Polygon", "coordinates": [ [ [ 122.087630872456131, 7.073699010997889 ], [ 122.096684503620708, 7.073699010997889 ], [ 122.096684503620708, 7.0826821227478 ], [ 122.087630872456131, 7.0826821227478 ], [ 122.087630872456131, 7.073699010997889 ] ] ] } },
{ "type": "Feature", "properties": { "grid_id": "22_24", "x_idx": 22, "y_idx": 24 }, "geometry": { "type": "Polygon", "coordinates": [ [ [ 122.096684503620693, 7.073699010997889 ], [ 122.10573813478527, 7.073699010997889 ], [ 122.10573813478527, 7.0826821227478 ], [ 122.096684503620693, 7.0826821227478 ], [ 122.096684503620693, 7.073699010997889 ] ] ] } },
{ "type": "Feature", "properties": { "grid_id": "23_24", "x_idx": 23, "y_idx": 24 }, "geometry": { "type": "Polygon", "coordinates": [ [ [ 122.10573813478527, 7.073699010997889 ], [ 122.114791765949846, 7.073699010997889 ], [ 122.114791765949846, 7.0826821227478 ], [ 122.10573813478527, 7.0826821227478 ], [ 122.10573813478527, 7.073699010997889 ] ] ] } },
{ "type": "Feature", "properties": { "grid_id": "24_24", "x_idx": 24, "y_idx": 24 }, "geometry": { "type": "Polygon", "coordinates": [ [ [ 122.114791765949846, 7.073699010997889 ], [ 122.123845397114422, 7.073699010997889 ], [ 122.123845397114422, 7.0826821227478 ], [ 122.114791765949846, 7.0826821227478 ], [ 122.114791765949846, 7.073699010997889 ] ] ] } },
{ "type": "Feature", "properties": { "grid_id": "25_24", "x_idx": 25, "y_idx": 24 }, "geometry": { "type": "Polygon", "coordinates": [ [ [ 122.123845397114408, 7.073699010997889 ], [ 122.132899028278985, 7.073699010997889 ], [ 122.132899028278985, 7.0826821227478 ], [ 122.123845397114408, 7.0826821227478 ], [ 122.123845397114408, 7.073699010997889 ] ] ] } },
{ "type": "Feature", "properties": { "grid_id": "26_24", "x_idx": 26, "y_idx": 24 }, "geometry": { "type": "Polygon", "coordinates": [ [ [ 122.132899028278985, 7.073699010997889 ], [ 122.141952659443561, 7.073699010997889 ], [ 122.141952659443561, 7.0826821227478 ], [ 122.132899028278985, 7.0826821227478 ], [ 122.132899028278985, 7.073699010997889 ] ] ] } },
{ "type": "Feature", "properties": { "grid_id": "27_24", "x_idx": 27, "y_idx": 24 }, "geometry": { "type": "Polygon", "coordinates": [ [ [ 122.141952659443561, 7.073699010997889 ], [ 122.151006290608137, 7.073699010997889 ], [ 122.151006290608137, 7.0826821227478 ], [ 122.141952659443561, 7.0826821227478 ], [ 122.141952659443561, 7.073699010997889 ] ] ] } },
{ "type": "Feature", "properties": { "grid_id": "28_24", "x_idx": 28, "y_idx": 24 }, "geometry": { "type": "Polygon", "coordinates": [ [ [ 122.151006290608137, 7.073699010997889 ], [ 122.160059921772714, 7.073699010997889 ], [ 122.160059921772714, 7.0826821227478 ], [ 122.151006290608137, 7.0826821227478 ], [ 122.151006290608137, 7.073699010997889 ] ] ] } },
{ "type": "Feature", "properties": { "grid_id": "29_24", "x_idx": 29, "y_idx": 24 }, "geometry": { "type": "Polygon", "coordinates": [ [ [ 122.160059921772699, 7.073699010997889 ], [ 122.169113552937276, 7.073699010997889 ], [ 122.169113552937276, 7.0826821227478 ], [ 122.160059921772699, 7.0826821227478 ], [ 122.160059921772699, 7.073699010997889 ] ] ] } },
{ "type": "Feature", "properties": { "grid_id": "30_24", "x_idx": 30, "y_idx": 24 }, "geometry": { "type": "Polygon", "coordinates": [ [ [ 122.169113552937276, 7.073699010997889 ], [ 122.178167184101852, 7.073699010997889 ], [ 122.178167184101852, 7.0826821227478 ], [ 122.169113552937276, 7.0826821227478 ], [ 122.169113552937276, 7.073699010997889 ] ] ] } },
{ "type": "Feature", "properties": { "grid_id": "31_24", "x_idx": 31, "y_idx": 24 }, "geometry": { "type": "Polygon", "coordinates": [ [ [ 122.178167184101852, 7.073699010997889 ], [ 122.187220815266429, 7.073699010997889 ], [ 122.187220815266429, 7.0826821227478 ], [ 122.178167184101852, 7.0826821227478 ], [ 122.178167184101852, 7.073699010997889 ] ] ] } },
{ "type": "Feature", "properties": { "grid_id": "32_24", "x_idx": 32, "y_idx": 24 }, "geometry": { "type": "Polygon", "coordinates": [ [ [ 122.187220815266429, 7.073699010997889 ], [ 122.196274446431005, 7.073699010997889 ], [ 122.196274446431005, 7.0826821227478 ], [ 122.187220815266429, 7.0826821227478 ], [ 122.187220815266429, 7.073699010997889 ] ] ] } },
{ "type": "Feature", "properties": { "grid_id": "33_24", "x_idx": 33, "y_idx": 24 }, "geometry": { "type": "Polygon", "coordinates": [ [ [ 122.196274446430991, 7.073699010997889 ], [ 122.205328077595567, 7.073699010997889 ], [ 122.205328077595567, 7.0826821227478 ], [ 122.196274446430991, 7.0826821227478 ], [ 122.196274446430991, 7.073699010997889 ] ] ] } },
{ "type": "Feature", "properties": { "grid_id": "34_24", "x_idx": 34, "y_idx": 24 }, "geometry": { "type": "Polygon", "coordinates": [ [ [ 122.205328077595567, 7.073699010997889 ], [ 122.214381708760143, 7.073699010997889 ], [ 122.214381708760143, 7.0826821227478 ], [ 122.205328077595567, 7.0826821227478 ], [ 122.205328077595567, 7.073699010997889 ] ] ] } },
{ "type": "Feature", "properties": { "grid_id": "35_24", "x_idx": 35, "y_idx": 24 }, "geometry": { "type": "Polygon", "coordinates": [ [ [ 122.214381708760143, 7.073699010997889 ], [ 122.22343533992472, 7.073699010997889 ], [ 122.22343533992472, 7.0826821227478 ], [ 122.214381708760143, 7.0826821227478 ], [ 122.214381708760143, 7.073699010997889 ] ] ] } },
{ "type": "Feature", "properties": { "grid_id": "36_24", "x_idx": 36, "y_idx": 24 }, "geometry": { "type": "Polygon", "coordinates": [ [ [ 122.22343533992472, 7.073699010997889 ], [ 122.232488971089296, 7.073699010997889 ], [ 122.232488971089296, 7.0826821227478 ], [ 122.22343533992472, 7.0826821227478 ], [ 122.22343533992472, 7.073699010997889 ] ] ] } },
{ "type": "Feature", "properties": { "grid_id": "0_25", "x_idx": 0, "y_idx": 25 }, "geometry": { "type": "Polygon", "coordinates": [ [ [ 121.897504618000099, 7.0826821227478 ], [ 121.906558249164675, 7.0826821227478 ], [ 121.906558249164675, 7.09166523449771 ], [ 121.897504618000099, 7.09166523449771 ], [ 121.897504618000099, 7.0826821227478 ] ] ] } },
{ "type": "Feature", "properties": { "grid_id": "1_25", "x_idx": 1, "y_idx": 25 }, "geometry": { "type": "Polygon", "coordinates": [ [ [ 121.906558249164675, 7.0826821227478 ], [ 121.915611880329251, 7.0826821227478 ], [ 121.915611880329251, 7.09166523449771 ], [ 121.906558249164675, 7.09166523449771 ], [ 121.906558249164675, 7.0826821227478 ] ] ] } },
{ "type": "Feature", "properties": { "grid_id": "2_25", "x_idx": 2, "y_idx": 25 }, "geometry": { "type": "Polygon", "coordinates": [ [ [ 121.915611880329237, 7.0826821227478 ], [ 121.924665511493814, 7.0826821227478 ], [ 121.924665511493814, 7.09166523449771 ], [ 121.915611880329237, 7.09166523449771 ], [ 121.915611880329237, 7.0826821227478 ] ] ] } },
{ "type": "Feature", "properties": { "grid_id": "3_25", "x_idx": 3, "y_idx": 25 }, "geometry": { "type": "Polygon", "coordinates": [ [ [ 121.924665511493814, 7.0826821227478 ], [ 121.93371914265839, 7.0826821227478 ], [ 121.93371914265839, 7.09166523449771 ], [ 121.924665511493814, 7.09166523449771 ], [ 121.924665511493814, 7.0826821227478 ] ] ] } },
{ "type": "Feature", "properties": { "grid_id": "4_25", "x_idx": 4, "y_idx": 25 }, "geometry": { "type": "Polygon", "coordinates": [ [ [ 121.93371914265839, 7.0826821227478 ], [ 121.942772773822966, 7.0826821227478 ], [ 121.942772773822966, 7.09166523449771 ], [ 121.93371914265839, 7.09166523449771 ], [ 121.93371914265839, 7.0826821227478 ] ] ] } },
{ "type": "Feature", "properties": { "grid_id": "5_25", "x_idx": 5, "y_idx": 25 }, "geometry": { "type": "Polygon", "coordinates": [ [ [ 121.942772773822966, 7.0826821227478 ], [ 121.951826404987543, 7.0826821227478 ], [ 121.951826404987543, 7.09166523449771 ], [ 121.942772773822966, 7.09166523449771 ], [ 121.942772773822966, 7.0826821227478 ] ] ] } },
{ "type": "Feature", "properties": { "grid_id": "6_25", "x_idx": 6, "y_idx": 25 }, "geometry": { "type": "Polygon", "coordinates": [ [ [ 121.951826404987528, 7.0826821227478 ], [ 121.960880036152105, 7.0826821227478 ], [ 121.960880036152105, 7.09166523449771 ], [ 121.951826404987528, 7.09166523449771 ], [ 121.951826404987528, 7.0826821227478 ] ] ] } },
{ "type": "Feature", "properties": { "grid_id": "7_25", "x_idx": 7, "y_idx": 25 }, "geometry": { "type": "Polygon", "coordinates": [ [ [ 121.960880036152105, 7.0826821227478 ], [ 121.969933667316681, 7.0826821227478 ], [ 121.969933667316681, 7.09166523449771 ], [ 121.960880036152105, 7.09166523449771 ], [ 121.960880036152105, 7.0826821227478 ] ] ] } },
{ "type": "Feature", "properties": { "grid_id": "8_25", "x_idx": 8, "y_idx": 25 }, "geometry": { "type": "Polygon", "coordinates": [ [ [ 121.969933667316681, 7.0826821227478 ], [ 121.978987298481258, 7.0826821227478 ], [ 121.978987298481258, 7.09166523449771 ], [ 121.969933667316681, 7.09166523449771 ], [ 121.969933667316681, 7.0826821227478 ] ] ] } },
{ "type": "Feature", "properties": { "grid_id": "9_25", "x_idx": 9, "y_idx": 25 }, "geometry": { "type": "Polygon", "coordinates": [ [ [ 121.978987298481258, 7.0826821227478 ], [ 121.988040929645834, 7.0826821227478 ], [ 121.988040929645834, 7.09166523449771 ], [ 121.978987298481258, 7.09166523449771 ], [ 121.978987298481258, 7.0826821227478 ] ] ] } },
{ "type": "Feature", "properties": { "grid_id": "10_25", "x_idx": 10, "y_idx": 25 }, "geometry": { "type": "Polygon", "coordinates": [ [ [ 121.98804092964582, 7.0826821227478 ], [ 121.997094560810396, 7.0826821227478 ], [ 121.997094560810396, 7.09166523449771 ], [ 121.98804092964582, 7.09166523449771 ], [ 121.98804092964582, 7.0826821227478 ] ] ] } },
{ "type": "Feature", "properties": { "grid_id": "11_25", "x_idx": 11, "y_idx": 25 }, "geometry": { "type": "Polygon", "coordinates": [ [ [ 121.997094560810396, 7.0826821227478 ], [ 122.006148191974972, 7.0826821227478 ], [ 122.006148191974972, 7.09166523449771 ], [ 121.997094560810396, 7.09166523449771 ], [ 121.997094560810396, 7.0826821227478 ] ] ] } },
{ "type": "Feature", "properties": { "grid_id": "12_25", "x_idx": 12, "y_idx": 25 }, "geometry": { "type": "Polygon", "coordinates": [ [ [ 122.006148191974972, 7.0826821227478 ], [ 122.015201823139549, 7.0826821227478 ], [ 122.015201823139549, 7.09166523449771 ], [ 122.006148191974972, 7.09166523449771 ], [ 122.006148191974972, 7.0826821227478 ] ] ] } },
{ "type": "Feature", "properties": { "grid_id": "13_25", "x_idx": 13, "y_idx": 25 }, "geometry": { "type": "Polygon", "coordinates": [ [ [ 122.015201823139549, 7.0826821227478 ], [ 122.024255454304125, 7.0826821227478 ], [ 122.024255454304125, 7.09166523449771 ], [ 122.015201823139549, 7.09166523449771 ], [ 122.015201823139549, 7.0826821227478 ] ] ] } },
{ "type": "Feature", "properties": { "grid_id": "14_25", "x_idx": 14, "y_idx": 25 }, "geometry": { "type": "Polygon", "coordinates": [ [ [ 122.024255454304111, 7.0826821227478 ], [ 122.033309085468687, 7.0826821227478 ], [ 122.033309085468687, 7.09166523449771 ], [ 122.024255454304111, 7.09166523449771 ], [ 122.024255454304111, 7.0826821227478 ] ] ] } },
{ "type": "Feature", "properties": { "grid_id": "15_25", "x_idx": 15, "y_idx": 25 }, "geometry": { "type": "Polygon", "coordinates": [ [ [ 122.033309085468687, 7.0826821227478 ], [ 122.042362716633264, 7.0826821227478 ], [ 122.042362716633264, 7.09166523449771 ], [ 122.033309085468687, 7.09166523449771 ], [ 122.033309085468687, 7.0826821227478 ] ] ] } },
{ "type": "Feature", "properties": { "grid_id": "16_25", "x_idx": 16, "y_idx": 25 }, "geometry": { "type": "Polygon", "coordinates": [ [ [ 122.042362716633264, 7.0826821227478 ], [ 122.05141634779784, 7.0826821227478 ], [ 122.05141634779784, 7.09166523449771 ], [ 122.042362716633264, 7.09166523449771 ], [ 122.042362716633264, 7.0826821227478 ] ] ] } },
{ "type": "Feature", "properties": { "grid_id": "17_25", "x_idx": 17, "y_idx": 25 }, "geometry": { "type": "Polygon", "coordinates": [ [ [ 122.05141634779784, 7.0826821227478 ], [ 122.060469978962416, 7.0826821227478 ], [ 122.060469978962416, 7.09166523449771 ], [ 122.05141634779784, 7.09166523449771 ], [ 122.05141634779784, 7.0826821227478 ] ] ] } },
{ "type": "Feature", "properties": { "grid_id": "18_25", "x_idx": 18, "y_idx": 25 }, "geometry": { "type": "Polygon", "coordinates": [ [ [ 122.060469978962402, 7.0826821227478 ], [ 122.069523610126978, 7.0826821227478 ], [ 122.069523610126978, 7.09166523449771 ], [ 122.060469978962402, 7.09166523449771 ], [ 122.060469978962402, 7.0826821227478 ] ] ] } },
{ "type": "Feature", "properties": { "grid_id": "19_25", "x_idx": 19, "y_idx": 25 }, "geometry": { "type": "Polygon", "coordinates": [ [ [ 122.069523610126978, 7.0826821227478 ], [ 122.078577241291555, 7.0826821227478 ], [ 122.078577241291555, 7.09166523449771 ], [ 122.069523610126978, 7.09166523449771 ], [ 122.069523610126978, 7.0826821227478 ] ] ] } },
{ "type": "Feature", "properties": { "grid_id": "20_25", "x_idx": 20, "y_idx": 25 }, "geometry": { "type": "Polygon", "coordinates": [ [ [ 122.078577241291555, 7.0826821227478 ], [ 122.087630872456131, 7.0826821227478 ], [ 122.087630872456131, 7.09166523449771 ], [ 122.078577241291555, 7.09166523449771 ], [ 122.078577241291555, 7.0826821227478 ] ] ] } },
{ "type": "Feature", "properties": { "grid_id": "21_25", "x_idx": 21, "y_idx": 25 }, "geometry": { "type": "Polygon", "coordinates": [ [ [ 122.087630872456131, 7.0826821227478 ], [ 122.096684503620708, 7.0826821227478 ], [ 122.096684503620708, 7.09166523449771 ], [ 122.087630872456131, 7.09166523449771 ], [ 122.087630872456131, 7.0826821227478 ] ] ] } },
{ "type": "Feature", "properties": { "grid_id": "22_25", "x_idx": 22, "y_idx": 25 }, "geometry": { "type": "Polygon", "coordinates": [ [ [ 122.096684503620693, 7.0826821227478 ], [ 122.10573813478527, 7.0826821227478 ], [ 122.10573813478527, 7.09166523449771 ], [ 122.096684503620693, 7.09166523449771 ], [ 122.096684503620693, 7.0826821227478 ] ] ] } },
{ "type": "Feature", "properties": { "grid_id": "23_25", "x_idx": 23, "y_idx": 25 }, "geometry": { "type": "Polygon", "coordinates": [ [ [ 122.10573813478527, 7.0826821227478 ], [ 122.114791765949846, 7.0826821227478 ], [ 122.114791765949846, 7.09166523449771 ], [ 122.10573813478527, 7.09166523449771 ], [ 122.10573813478527, 7.0826821227478 ] ] ] } },
{ "type": "Feature", "properties": { "grid_id": "24_25", "x_idx": 24, "y_idx": 25 }, "geometry": { "type": "Polygon", "coordinates": [ [ [ 122.114791765949846, 7.0826821227478 ], [ 122.123845397114422, 7.0826821227478 ], [ 122.123845397114422, 7.09166523449771 ], [ 122.114791765949846, 7.09166523449771 ], [ 122.114791765949846, 7.0826821227478 ] ] ] } },
{ "type": "Feature", "properties": { "grid_id": "25_25", "x_idx": 25, "y_idx": 25 }, "geometry": { "type": "Polygon", "coordinates": [ [ [ 122.123845397114408, 7.0826821227478 ], [ 122.132899028278985, 7.0826821227478 ], [ 122.132899028278985, 7.09166523449771 ], [ 122.123845397114408, 7.09166523449771 ], [ 122.123845397114408, 7.0826821227478 ] ] ] } },
{ "type": "Feature", "properties": { "grid_id": "26_25", "x_idx": 26, "y_idx": 25 }, "geometry": { "type": "Polygon", "coordinates": [ [ [ 122.132899028278985, 7.0826821227478 ], [ 122.141952659443561, 7.0826821227478 ], [ 122.141952659443561, 7.09166523449771 ], [ 122.132899028278985, 7.09166523449771 ], [ 122.132899028278985, 7.0826821227478 ] ] ] } },
{ "type": "Feature", "properties": { "grid_id": "27_25", "x_idx": 27, "y_idx": 25 }, "geometry": { "type": "Polygon", "coordinates": [ [ [ 122.141952659443561, 7.0826821227478 ], [ 122.151006290608137, 7.0826821227478 ], [ 122.151006290608137, 7.09166523449771 ], [ 122.141952659443561, 7.09166523449771 ], [ 122.141952659443561, 7.0826821227478 ] ] ] } },
{ "type": "Feature", "properties": { "grid_id": "28_25", "x_idx": 28, "y_idx": 25 }, "geometry": { "type": "Polygon", "coordinates": [ [ [ 122.151006290608137, 7.0826821227478 ], [ 122.160059921772714, 7.0826821227478 ], [ 122.160059921772714, 7.09166523449771 ], [ 122.151006290608137, 7.09166523449771 ], [ 122.151006290608137, 7.0826821227478 ] ] ] } },
{ "type": "Feature", "properties": { "grid_id": "29_25", "x_idx": 29, "y_idx": 25 }, "geometry": { "type": "Polygon", "coordinates": [ [ [ 122.160059921772699, 7.0826821227478 ], [ 122.169113552937276, 7.0826821227478 ], [ 122.169113552937276, 7.09166523449771 ], [ 122.160059921772699, 7.09166523449771 ], [ 122.160059921772699, 7.0826821227478 ] ] ] } },
{ "type": "Feature", "properties": { "grid_id": "30_25", "x_idx": 30, "y_idx": 25 }, "geometry": { "type": "Polygon", "coordinates": [ [ [ 122.169113552937276, 7.0826821227478 ], [ 122.178167184101852, 7.0826821227478 ], [ 122.178167184101852, 7.09166523449771 ], [ 122.169113552937276, 7.09166523449771 ], [ 122.169113552937276, 7.0826821227478 ] ] ] } },
{ "type": "Feature", "properties": { "grid_id": "31_25", "x_idx": 31, "y_idx": 25 }, "geometry": { "type": "Polygon", "coordinates": [ [ [ 122.178167184101852, 7.0826821227478 ], [ 122.187220815266429, 7.0826821227478 ], [ 122.187220815266429, 7.09166523449771 ], [ 122.178167184101852, 7.09166523449771 ], [ 122.178167184101852, 7.0826821227478 ] ] ] } },
{ "type": "Feature", "properties": { "grid_id": "32_25", "x_idx": 32, "y_idx": 25 }, "geometry": { "type": "Polygon", "coordinates": [ [ [ 122.187220815266429, 7.0826821227478 ], [ 122.196274446431005, 7.0826821227478 ], [ 122.196274446431005, 7.09166523449771 ], [ 122.187220815266429, 7.09166523449771 ], [ 122.187220815266429, 7.0826821227478 ] ] ] } },
{ "type": "Feature", "properties": { "grid_id": "33_25", "x_idx": 33, "y_idx": 25 }, "geometry": { "type": "Polygon", "coordinates": [ [ [ 122.196274446430991, 7.0826821227478 ], [ 122.205328077595567, 7.0826821227478 ], [ 122.205328077595567, 7.09166523449771 ], [ 122.196274446430991, 7.09166523449771 ], [ 122.196274446430991, 7.0826821227478 ] ] ] } },
{ "type": "Feature", "properties": { "grid_id": "34_25", "x_idx": 34, "y_idx": 25 }, "geometry": { "type": "Polygon", "coordinates": [ [ [ 122.205328077595567, 7.0826821227478 ], [ 122.214381708760143, 7.0826821227478 ], [ 122.214381708760143, 7.09166523449771 ], [ 122.205328077595567, 7.09166523449771 ], [ 122.205328077595567, 7.0826821227478 ] ] ] } },
{ "type": "Feature", "properties": { "grid_id": "35_25", "x_idx": 35, "y_idx": 25 }, "geometry": { "type": "Polygon", "coordinates": [ [ [ 122.214381708760143, 7.0826821227478 ], [ 122.22343533992472, 7.0826821227478 ], [ 122.22343533992472, 7.09166523449771 ], [ 122.214381708760143, 7.09166523449771 ], [ 122.214381708760143, 7.0826821227478 ] ] ] } },
{ "type": "Feature", "properties": { "grid_id": "36_25", "x_idx": 36, "y_idx": 25 }, "geometry": { "type": "Polygon", "coordinates": [ [ [ 122.22343533992472, 7.0826821227478 ], [ 122.232488971089296, 7.0826821227478 ], [ 122.232488971089296, 7.09166523449771 ], [ 122.22343533992472, 7.09166523449771 ], [ 122.22343533992472, 7.0826821227478 ] ] ] } },
{ "type": "Feature", "properties": { "grid_id": "37_25", "x_idx": 37, "y_idx": 25 }, "geometry": { "type": "Polygon", "coordinates": [ [ [ 122.232488971089282, 7.0826821227478 ], [ 122.241542602253858, 7.0826821227478 ], [ 122.241542602253858, 7.09166523449771 ], [ 122.232488971089282, 7.09166523449771 ], [ 122.232488971089282, 7.0826821227478 ] ] ] } },
{ "type": "Feature", "properties": { "grid_id": "0_26", "x_idx": 0, "y_idx": 26 }, "geometry": { "type": "Polygon", "coordinates": [ [ [ 121.897504618000099, 7.091665234497709 ], [ 121.906558249164675, 7.091665234497709 ], [ 121.906558249164675, 7.10064834624762 ], [ 121.897504618000099, 7.10064834624762 ], [ 121.897504618000099, 7.091665234497709 ] ] ] } },
{ "type": "Feature", "properties": { "grid_id": "1_26", "x_idx": 1, "y_idx": 26 }, "geometry": { "type": "Polygon", "coordinates": [ [ [ 121.906558249164675, 7.091665234497709 ], [ 121.915611880329251, 7.091665234497709 ], [ 121.915611880329251, 7.10064834624762 ], [ 121.906558249164675, 7.10064834624762 ], [ 121.906558249164675, 7.091665234497709 ] ] ] } },
{ "type": "Feature", "properties": { "grid_id": "2_26", "x_idx": 2, "y_idx": 26 }, "geometry": { "type": "Polygon", "coordinates": [ [ [ 121.915611880329237, 7.091665234497709 ], [ 121.924665511493814, 7.091665234497709 ], [ 121.924665511493814, 7.10064834624762 ], [ 121.915611880329237, 7.10064834624762 ], [ 121.915611880329237, 7.091665234497709 ] ] ] } },
{ "type": "Feature", "properties": { "grid_id": "3_26", "x_idx": 3, "y_idx": 26 }, "geometry": { "type": "Polygon", "coordinates": [ [ [ 121.924665511493814, 7.091665234497709 ], [ 121.93371914265839, 7.091665234497709 ], [ 121.93371914265839, 7.10064834624762 ], [ 121.924665511493814, 7.10064834624762 ], [ 121.924665511493814, 7.091665234497709 ] ] ] } },
{ "type": "Feature", "properties": { "grid_id": "4_26", "x_idx": 4, "y_idx": 26 }, "geometry": { "type": "Polygon", "coordinates": [ [ [ 121.93371914265839, 7.091665234497709 ], [ 121.942772773822966, 7.091665234497709 ], [ 121.942772773822966, 7.10064834624762 ], [ 121.93371914265839, 7.10064834624762 ], [ 121.93371914265839, 7.091665234497709 ] ] ] } },
{ "type": "Feature", "properties": { "grid_id": "5_26", "x_idx": 5, "y_idx": 26 }, "geometry": { "type": "Polygon", "coordinates": [ [ [ 121.942772773822966, 7.091665234497709 ], [ 121.951826404987543, 7.091665234497709 ], [ 121.951826404987543, 7.10064834624762 ], [ 121.942772773822966, 7.10064834624762 ], [ 121.942772773822966, 7.091665234497709 ] ] ] } },
{ "type": "Feature", "properties": { "grid_id": "6_26", "x_idx": 6, "y_idx": 26 }, "geometry": { "type": "Polygon", "coordinates": [ [ [ 121.951826404987528, 7.091665234497709 ], [ 121.960880036152105, 7.091665234497709 ], [ 121.960880036152105, 7.10064834624762 ], [ 121.951826404987528, 7.10064834624762 ], [ 121.951826404987528, 7.091665234497709 ] ] ] } },
{ "type": "Feature", "properties": { "grid_id": "7_26", "x_idx": 7, "y_idx": 26 }, "geometry": { "type": "Polygon", "coordinates": [ [ [ 121.960880036152105, 7.091665234497709 ], [ 121.969933667316681, 7.091665234497709 ], [ 121.969933667316681, 7.10064834624762 ], [ 121.960880036152105, 7.10064834624762 ], [ 121.960880036152105, 7.091665234497709 ] ] ] } },
{ "type": "Feature", "properties": { "grid_id": "8_26", "x_idx": 8, "y_idx": 26 }, "geometry": { "type": "Polygon", "coordinates": [ [ [ 121.969933667316681, 7.091665234497709 ], [ 121.978987298481258, 7.091665234497709 ], [ 121.978987298481258, 7.10064834624762 ], [ 121.969933667316681, 7.10064834624762 ], [ 121.969933667316681, 7.091665234497709 ] ] ] } },
{ "type": "Feature", "properties": { "grid_id": "9_26", "x_idx": 9, "y_idx": 26 }, "geometry": { "type": "Polygon", "coordinates": [ [ [ 121.978987298481258, 7.091665234497709 ], [ 121.988040929645834, 7.091665234497709 ], [ 121.988040929645834, 7.10064834624762 ], [ 121.978987298481258, 7.10064834624762 ], [ 121.978987298481258, 7.091665234497709 ] ] ] } },
{ "type": "Feature", "properties": { "grid_id": "10_26", "x_idx": 10, "y_idx": 26 }, "geometry": { "type": "Polygon", "coordinates": [ [ [ 121.98804092964582, 7.091665234497709 ], [ 121.997094560810396, 7.091665234497709 ], [ 121.997094560810396, 7.10064834624762 ], [ 121.98804092964582, 7.10064834624762 ], [ 121.98804092964582, 7.091665234497709 ] ] ] } },
{ "type": "Feature", "properties": { "grid_id": "11_26", "x_idx": 11, "y_idx": 26 }, "geometry": { "type": "Polygon", "coordinates": [ [ [ 121.997094560810396, 7.091665234497709 ], [ 122.006148191974972, 7.091665234497709 ], [ 122.006148191974972, 7.10064834624762 ], [ 121.997094560810396, 7.10064834624762 ], [ 121.997094560810396, 7.091665234497709 ] ] ] } },
{ "type": "Feature", "properties": { "grid_id": "12_26", "x_idx": 12, "y_idx": 26 }, "geometry": { "type": "Polygon", "coordinates": [ [ [ 122.006148191974972, 7.091665234497709 ], [ 122.015201823139549, 7.091665234497709 ], [ 122.015201823139549, 7.10064834624762 ], [ 122.006148191974972, 7.10064834624762 ], [ 122.006148191974972, 7.091665234497709 ] ] ] } },
{ "type": "Feature", "properties": { "grid_id": "13_26", "x_idx": 13, "y_idx": 26 }, "geometry": { "type": "Polygon", "coordinates": [ [ [ 122.015201823139549, 7.091665234497709 ], [ 122.024255454304125, 7.091665234497709 ], [ 122.024255454304125, 7.10064834624762 ], [ 122.015201823139549, 7.10064834624762 ], [ 122.015201823139549, 7.091665234497709 ] ] ] } },
{ "type": "Feature", "properties": { "grid_id": "14_26", "x_idx": 14, "y_idx": 26 }, "geometry": { "type": "Polygon", "coordinates": [ [ [ 122.024255454304111, 7.091665234497709 ], [ 122.033309085468687, 7.091665234497709 ], [ 122.033309085468687, 7.10064834624762 ], [ 122.024255454304111, 7.10064834624762 ], [ 122.024255454304111, 7.091665234497709 ] ] ] } },
{ "type": "Feature", "properties": { "grid_id": "15_26", "x_idx": 15, "y_idx": 26 }, "geometry": { "type": "Polygon", "coordinates": [ [ [ 122.033309085468687, 7.091665234497709 ], [ 122.042362716633264, 7.091665234497709 ], [ 122.042362716633264, 7.10064834624762 ], [ 122.033309085468687, 7.10064834624762 ], [ 122.033309085468687, 7.091665234497709 ] ] ] } },
{ "type": "Feature", "properties": { "grid_id": "16_26", "x_idx": 16, "y_idx": 26 }, "geometry": { "type": "Polygon", "coordinates": [ [ [ 122.042362716633264, 7.091665234497709 ], [ 122.05141634779784, 7.091665234497709 ], [ 122.05141634779784, 7.10064834624762 ], [ 122.042362716633264, 7.10064834624762 ], [ 122.042362716633264, 7.091665234497709 ] ] ] } },
{ "type": "Feature", "properties": { "grid_id": "17_26", "x_idx": 17, "y_idx": 26 }, "geometry": { "type": "Polygon", "coordinates": [ [ [ 122.05141634779784, 7.091665234497709 ], [ 122.060469978962416, 7.091665234497709 ], [ 122.060469978962416, 7.10064834624762 ], [ 122.05141634779784, 7.10064834624762 ], [ 122.05141634779784, 7.091665234497709 ] ] ] } },
{ "type": "Feature", "properties": { "grid_id": "18_26", "x_idx": 18, "y_idx": 26 }, "geometry": { "type": "Polygon", "coordinates": [ [ [ 122.060469978962402, 7.091665234497709 ], [ 122.069523610126978, 7.091665234497709 ], [ 122.069523610126978, 7.10064834624762 ], [ 122.060469978962402, 7.10064834624762 ], [ 122.060469978962402, 7.091665234497709 ] ] ] } },
{ "type": "Feature", "properties": { "grid_id": "19_26", "x_idx": 19, "y_idx": 26 }, "geometry": { "type": "Polygon", "coordinates": [ [ [ 122.069523610126978, 7.091665234497709 ], [ 122.078577241291555, 7.091665234497709 ], [ 122.078577241291555, 7.10064834624762 ], [ 122.069523610126978, 7.10064834624762 ], [ 122.069523610126978, 7.091665234497709 ] ] ] } },
{ "type": "Feature", "properties": { "grid_id": "20_26", "x_idx": 20, "y_idx": 26 }, "geometry": { "type": "Polygon", "coordinates": [ [ [ 122.078577241291555, 7.091665234497709 ], [ 122.087630872456131, 7.091665234497709 ], [ 122.087630872456131, 7.10064834624762 ], [ 122.078577241291555, 7.10064834624762 ], [ 122.078577241291555, 7.091665234497709 ] ] ] } },
{ "type": "Feature", "properties": { "grid_id": "21_26", "x_idx": 21, "y_idx": 26 }, "geometry": { "type": "Polygon", "coordinates": [ [ [ 122.087630872456131, 7.091665234497709 ], [ 122.096684503620708, 7.091665234497709 ], [ 122.096684503620708, 7.10064834624762 ], [ 122.087630872456131, 7.10064834624762 ], [ 122.087630872456131, 7.091665234497709 ] ] ] } },
{ "type": "Feature", "properties": { "grid_id": "22_26", "x_idx": 22, "y_idx": 26 }, "geometry": { "type": "Polygon", "coordinates": [ [ [ 122.096684503620693, 7.091665234497709 ], [ 122.10573813478527, 7.091665234497709 ], [ 122.10573813478527, 7.10064834624762 ], [ 122.096684503620693, 7.10064834624762 ], [ 122.096684503620693, 7.091665234497709 ] ] ] } },
{ "type": "Feature", "properties": { "grid_id": "23_26", "x_idx": 23, "y_idx": 26 }, "geometry": { "type": "Polygon", "coordinates": [ [ [ 122.10573813478527, 7.091665234497709 ], [ 122.114791765949846, 7.091665234497709 ], [ 122.114791765949846, 7.10064834624762 ], [ 122.10573813478527, 7.10064834624762 ], [ 122.10573813478527, 7.091665234497709 ] ] ] } },
{ "type": "Feature", "properties": { "grid_id": "24_26", "x_idx": 24, "y_idx": 26 }, "geometry": { "type": "Polygon", "coordinates": [ [ [ 122.114791765949846, 7.091665234497709 ], [ 122.123845397114422, 7.091665234497709 ], [ 122.123845397114422, 7.10064834624762 ], [ 122.114791765949846, 7.10064834624762 ], [ 122.114791765949846, 7.091665234497709 ] ] ] } },
{ "type": "Feature", "properties": { "grid_id": "25_26", "x_idx": 25, "y_idx": 26 }, "geometry": { "type": "Polygon", "coordinates": [ [ [ 122.123845397114408, 7.091665234497709 ], [ 122.132899028278985, 7.091665234497709 ], [ 122.132899028278985, 7.10064834624762 ], [ 122.123845397114408, 7.10064834624762 ], [ 122.123845397114408, 7.091665234497709 ] ] ] } },
{ "type": "Feature", "properties": { "grid_id": "26_26", "x_idx": 26, "y_idx": 26 }, "geometry": { "type": "Polygon", "coordinates": [ [ [ 122.132899028278985, 7.091665234497709 ], [ 122.141952659443561, 7.091665234497709 ], [ 122.141952659443561, 7.10064834624762 ], [ 122.132899028278985, 7.10064834624762 ], [ 122.132899028278985, 7.091665234497709 ] ] ] } },
{ "type": "Feature", "properties": { "grid_id": "27_26", "x_idx": 27, "y_idx": 26 }, "geometry": { "type": "Polygon", "coordinates": [ [ [ 122.141952659443561, 7.091665234497709 ], [ 122.151006290608137, 7.091665234497709 ], [ 122.151006290608137, 7.10064834624762 ], [ 122.141952659443561, 7.10064834624762 ], [ 122.141952659443561, 7.091665234497709 ] ] ] } },
{ "type": "Feature", "properties": { "grid_id": "28_26", "x_idx": 28, "y_idx": 26 }, "geometry": { "type": "Polygon", "coordinates": [ [ [ 122.151006290608137, 7.091665234497709 ], [ 122.160059921772714, 7.091665234497709 ], [ 122.160059921772714, 7.10064834624762 ], [ 122.151006290608137, 7.10064834624762 ], [ 122.151006290608137, 7.091665234497709 ] ] ] } },
{ "type": "Feature", "properties": { "grid_id": "29_26", "x_idx": 29, "y_idx": 26 }, "geometry": { "type": "Polygon", "coordinates": [ [ [ 122.160059921772699, 7.091665234497709 ], [ 122.169113552937276, 7.091665234497709 ], [ 122.169113552937276, 7.10064834624762 ], [ 122.160059921772699, 7.10064834624762 ], [ 122.160059921772699, 7.091665234497709 ] ] ] } },
{ "type": "Feature", "properties": { "grid_id": "30_26", "x_idx": 30, "y_idx": 26 }, "geometry": { "type": "Polygon", "coordinates": [ [ [ 122.169113552937276, 7.091665234497709 ], [ 122.178167184101852, 7.091665234497709 ], [ 122.178167184101852, 7.10064834624762 ], [ 122.169113552937276, 7.10064834624762 ], [ 122.169113552937276, 7.091665234497709 ] ] ] } },
{ "type": "Feature", "properties": { "grid_id": "31_26", "x_idx": 31, "y_idx": 26 }, "geometry": { "type": "Polygon", "coordinates": [ [ [ 122.178167184101852, 7.091665234497709 ], [ 122.187220815266429, 7.091665234497709 ], [ 122.187220815266429, 7.10064834624762 ], [ 122.178167184101852, 7.10064834624762 ], [ 122.178167184101852, 7.091665234497709 ] ] ] } },
{ "type": "Feature", "properties": { "grid_id": "32_26", "x_idx": 32, "y_idx": 26 }, "geometry": { "type": "Polygon", "coordinates": [ [ [ 122.187220815266429, 7.091665234497709 ], [ 122.196274446431005, 7.091665234497709 ], [ 122.196274446431005, 7.10064834624762 ], [ 122.187220815266429, 7.10064834624762 ], [ 122.187220815266429, 7.091665234497709 ] ] ] } },
{ "type": "Feature", "properties": { "grid_id": "33_26", "x_idx": 33, "y_idx": 26 }, "geometry": { "type": "Polygon", "coordinates": [ [ [ 122.196274446430991, 7.091665234497709 ], [ 122.205328077595567, 7.091665234497709 ], [ 122.205328077595567, 7.10064834624762 ], [ 122.196274446430991, 7.10064834624762 ], [ 122.196274446430991, 7.091665234497709 ] ] ] } },
{ "type": "Feature", "properties": { "grid_id": "34_26", "x_idx": 34, "y_idx": 26 }, "geometry": { "type": "Polygon", "coordinates": [ [ [ 122.205328077595567, 7.091665234497709 ], [ 122.214381708760143, 7.091665234497709 ], [ 122.214381708760143, 7.10064834624762 ], [ 122.205328077595567, 7.10064834624762 ], [ 122.205328077595567, 7.091665234497709 ] ] ] } },
{ "type": "Feature", "properties": { "grid_id": "35_26", "x_idx": 35, "y_idx": 26 }, "geometry": { "type": "Polygon", "coordinates": [ [ [ 122.214381708760143, 7.091665234497709 ], [ 122.22343533992472, 7.091665234497709 ], [ 122.22343533992472, 7.10064834624762 ], [ 122.214381708760143, 7.10064834624762 ], [ 122.214381708760143, 7.091665234497709 ] ] ] } },
{ "type": "Feature", "properties": { "grid_id": "36_26", "x_idx": 36, "y_idx": 26 }, "geometry": { "type": "Polygon", "coordinates": [ [ [ 122.22343533992472, 7.091665234497709 ], [ 122.232488971089296, 7.091665234497709 ], [ 122.232488971089296, 7.10064834624762 ], [ 122.22343533992472, 7.10064834624762 ], [ 122.22343533992472, 7.091665234497709 ] ] ] } },
{ "type": "Feature", "properties": { "grid_id": "37_26", "x_idx": 37, "y_idx": 26 }, "geometry": { "type": "Polygon", "coordinates": [ [ [ 122.232488971089282, 7.091665234497709 ], [ 122.241542602253858, 7.091665234497709 ], [ 122.241542602253858, 7.10064834624762 ], [ 122.232488971089282, 7.10064834624762 ], [ 122.232488971089282, 7.091665234497709 ] ] ] } },
{ "type": "Feature", "properties": { "grid_id": "38_26", "x_idx": 38, "y_idx": 26 }, "geometry": { "type": "Polygon", "coordinates": [ [ [ 122.241542602253858, 7.091665234497709 ], [ 122.250596233418435, 7.091665234497709 ], [ 122.250596233418435, 7.10064834624762 ], [ 122.241542602253858, 7.10064834624762 ], [ 122.241542602253858, 7.091665234497709 ] ] ] } },
{ "type": "Feature", "properties": { "grid_id": "39_26", "x_idx": 39, "y_idx": 26 }, "geometry": { "type": "Polygon", "coordinates": [ [ [ 122.250596233418435, 7.091665234497709 ], [ 122.259649864583011, 7.091665234497709 ], [ 122.259649864583011, 7.10064834624762 ], [ 122.250596233418435, 7.10064834624762 ], [ 122.250596233418435, 7.091665234497709 ] ] ] } },
{ "type": "Feature", "properties": { "grid_id": "0_27", "x_idx": 0, "y_idx": 27 }, "geometry": { "type": "Polygon", "coordinates": [ [ [ 121.897504618000099, 7.10064834624762 ], [ 121.906558249164675, 7.10064834624762 ], [ 121.906558249164675, 7.10963145799753 ], [ 121.897504618000099, 7.10963145799753 ], [ 121.897504618000099, 7.10064834624762 ] ] ] } },
{ "type": "Feature", "properties": { "grid_id": "1_27", "x_idx": 1, "y_idx": 27 }, "geometry": { "type": "Polygon", "coordinates": [ [ [ 121.906558249164675, 7.10064834624762 ], [ 121.915611880329251, 7.10064834624762 ], [ 121.915611880329251, 7.10963145799753 ], [ 121.906558249164675, 7.10963145799753 ], [ 121.906558249164675, 7.10064834624762 ] ] ] } },
{ "type": "Feature", "properties": { "grid_id": "2_27", "x_idx": 2, "y_idx": 27 }, "geometry": { "type": "Polygon", "coordinates": [ [ [ 121.915611880329237, 7.10064834624762 ], [ 121.924665511493814, 7.10064834624762 ], [ 121.924665511493814, 7.10963145799753 ], [ 121.915611880329237, 7.10963145799753 ], [ 121.915611880329237, 7.10064834624762 ] ] ] } },
{ "type": "Feature", "properties": { "grid_id": "3_27", "x_idx": 3, "y_idx": 27 }, "geometry": { "type": "Polygon", "coordinates": [ [ [ 121.924665511493814, 7.10064834624762 ], [ 121.93371914265839, 7.10064834624762 ], [ 121.93371914265839, 7.10963145799753 ], [ 121.924665511493814, 7.10963145799753 ], [ 121.924665511493814, 7.10064834624762 ] ] ] } },
{ "type": "Feature", "properties": { "grid_id": "4_27", "x_idx": 4, "y_idx": 27 }, "geometry": { "type": "Polygon", "coordinates": [ [ [ 121.93371914265839, 7.10064834624762 ], [ 121.942772773822966, 7.10064834624762 ], [ 121.942772773822966, 7.10963145799753 ], [ 121.93371914265839, 7.10963145799753 ], [ 121.93371914265839, 7.10064834624762 ] ] ] } },
{ "type": "Feature", "properties": { "grid_id": "5_27", "x_idx": 5, "y_idx": 27 }, "geometry": { "type": "Polygon", "coordinates": [ [ [ 121.942772773822966, 7.10064834624762 ], [ 121.951826404987543, 7.10064834624762 ], [ 121.951826404987543, 7.10963145799753 ], [ 121.942772773822966, 7.10963145799753 ], [ 121.942772773822966, 7.10064834624762 ] ] ] } },
{ "type": "Feature", "properties": { "grid_id": "6_27", "x_idx": 6, "y_idx": 27 }, "geometry": { "type": "Polygon", "coordinates": [ [ [ 121.951826404987528, 7.10064834624762 ], [ 121.960880036152105, 7.10064834624762 ], [ 121.960880036152105, 7.10963145799753 ], [ 121.951826404987528, 7.10963145799753 ], [ 121.951826404987528, 7.10064834624762 ] ] ] } },
{ "type": "Feature", "properties": { "grid_id": "7_27", "x_idx": 7, "y_idx": 27 }, "geometry": { "type": "Polygon", "coordinates": [ [ [ 121.960880036152105, 7.10064834624762 ], [ 121.969933667316681, 7.10064834624762 ], [ 121.969933667316681, 7.10963145799753 ], [ 121.960880036152105, 7.10963145799753 ], [ 121.960880036152105, 7.10064834624762 ] ] ] } },
{ "type": "Feature", "properties": { "grid_id": "8_27", "x_idx": 8, "y_idx": 27 }, "geometry": { "type": "Polygon", "coordinates": [ [ [ 121.969933667316681, 7.10064834624762 ], [ 121.978987298481258, 7.10064834624762 ], [ 121.978987298481258, 7.10963145799753 ], [ 121.969933667316681, 7.10963145799753 ], [ 121.969933667316681, 7.10064834624762 ] ] ] } },
{ "type": "Feature", "properties": { "grid_id": "9_27", "x_idx": 9, "y_idx": 27 }, "geometry": { "type": "Polygon", "coordinates": [ [ [ 121.978987298481258, 7.10064834624762 ], [ 121.988040929645834, 7.10064834624762 ], [ 121.988040929645834, 7.10963145799753 ], [ 121.978987298481258, 7.10963145799753 ], [ 121.978987298481258, 7.10064834624762 ] ] ] } },
{ "type": "Feature", "properties": { "grid_id": "10_27", "x_idx": 10, "y_idx": 27 }, "geometry": { "type": "Polygon", "coordinates": [ [ [ 121.98804092964582, 7.10064834624762 ], [ 121.997094560810396, 7.10064834624762 ], [ 121.997094560810396, 7.10963145799753 ], [ 121.98804092964582, 7.10963145799753 ], [ 121.98804092964582, 7.10064834624762 ] ] ] } },
{ "type": "Feature", "properties": { "grid_id": "11_27", "x_idx": 11, "y_idx": 27 }, "geometry": { "type": "Polygon", "coordinates": [ [ [ 121.997094560810396, 7.10064834624762 ], [ 122.006148191974972, 7.10064834624762 ], [ 122.006148191974972, 7.10963145799753 ], [ 121.997094560810396, 7.10963145799753 ], [ 121.997094560810396, 7.10064834624762 ] ] ] } },
{ "type": "Feature", "properties": { "grid_id": "12_27", "x_idx": 12, "y_idx": 27 }, "geometry": { "type": "Polygon", "coordinates": [ [ [ 122.006148191974972, 7.10064834624762 ], [ 122.015201823139549, 7.10064834624762 ], [ 122.015201823139549, 7.10963145799753 ], [ 122.006148191974972, 7.10963145799753 ], [ 122.006148191974972, 7.10064834624762 ] ] ] } },
{ "type": "Feature", "properties": { "grid_id": "13_27", "x_idx": 13, "y_idx": 27 }, "geometry": { "type": "Polygon", "coordinates": [ [ [ 122.015201823139549, 7.10064834624762 ], [ 122.024255454304125, 7.10064834624762 ], [ 122.024255454304125, 7.10963145799753 ], [ 122.015201823139549, 7.10963145799753 ], [ 122.015201823139549, 7.10064834624762 ] ] ] } },
{ "type": "Feature", "properties": { "grid_id": "14_27", "x_idx": 14, "y_idx": 27 }, "geometry": { "type": "Polygon", "coordinates": [ [ [ 122.024255454304111, 7.10064834624762 ], [ 122.033309085468687, 7.10064834624762 ], [ 122.033309085468687, 7.10963145799753 ], [ 122.024255454304111, 7.10963145799753 ], [ 122.024255454304111, 7.10064834624762 ] ] ] } },
{ "type": "Feature", "properties": { "grid_id": "15_27", "x_idx": 15, "y_idx": 27 }, "geometry": { "type": "Polygon", "coordinates": [ [ [ 122.033309085468687, 7.10064834624762 ], [ 122.042362716633264, 7.10064834624762 ], [ 122.042362716633264, 7.10963145799753 ], [ 122.033309085468687, 7.10963145799753 ], [ 122.033309085468687, 7.10064834624762 ] ] ] } },
{ "type": "Feature", "properties": { "grid_id": "16_27", "x_idx": 16, "y_idx": 27 }, "geometry": { "type": "Polygon", "coordinates": [ [ [ 122.042362716633264, 7.10064834624762 ], [ 122.05141634779784, 7.10064834624762 ], [ 122.05141634779784, 7.10963145799753 ], [ 122.042362716633264, 7.10963145799753 ], [ 122.042362716633264, 7.10064834624762 ] ] ] } },
{ "type": "Feature", "properties": { "grid_id": "17_27", "x_idx": 17, "y_idx": 27 }, "geometry": { "type": "Polygon", "coordinates": [ [ [ 122.05141634779784, 7.10064834624762 ], [ 122.060469978962416, 7.10064834624762 ], [ 122.060469978962416, 7.10963145799753 ], [ 122.05141634779784, 7.10963145799753 ], [ 122.05141634779784, 7.10064834624762 ] ] ] } },
{ "type": "Feature", "properties": { "grid_id": "18_27", "x_idx": 18, "y_idx": 27 }, "geometry": { "type": "Polygon", "coordinates": [ [ [ 122.060469978962402, 7.10064834624762 ], [ 122.069523610126978, 7.10064834624762 ], [ 122.069523610126978, 7.10963145799753 ], [ 122.060469978962402, 7.10963145799753 ], [ 122.060469978962402, 7.10064834624762 ] ] ] } },
{ "type": "Feature", "properties": { "grid_id": "19_27", "x_idx": 19, "y_idx": 27 }, "geometry": { "type": "Polygon", "coordinates": [ [ [ 122.069523610126978, 7.10064834624762 ], [ 122.078577241291555, 7.10064834624762 ], [ 122.078577241291555, 7.10963145799753 ], [ 122.069523610126978, 7.10963145799753 ], [ 122.069523610126978, 7.10064834624762 ] ] ] } },
{ "type": "Feature", "properties": { "grid_id": "20_27", "x_idx": 20, "y_idx": 27 }, "geometry": { "type": "Polygon", "coordinates": [ [ [ 122.078577241291555, 7.10064834624762 ], [ 122.087630872456131, 7.10064834624762 ], [ 122.087630872456131, 7.10963145799753 ], [ 122.078577241291555, 7.10963145799753 ], [ 122.078577241291555, 7.10064834624762 ] ] ] } },
{ "type": "Feature", "properties": { "grid_id": "21_27", "x_idx": 21, "y_idx": 27 }, "geometry": { "type": "Polygon", "coordinates": [ [ [ 122.087630872456131, 7.10064834624762 ], [ 122.096684503620708, 7.10064834624762 ], [ 122.096684503620708, 7.10963145799753 ], [ 122.087630872456131, 7.10963145799753 ], [ 122.087630872456131, 7.10064834624762 ] ] ] } },
{ "type": "Feature", "properties": { "grid_id": "22_27", "x_idx": 22, "y_idx": 27 }, "geometry": { "type": "Polygon", "coordinates": [ [ [ 122.096684503620693, 7.10064834624762 ], [ 122.10573813478527, 7.10064834624762 ], [ 122.10573813478527, 7.10963145799753 ], [ 122.096684503620693, 7.10963145799753 ], [ 122.096684503620693, 7.10064834624762 ] ] ] } },
{ "type": "Feature", "properties": { "grid_id": "23_27", "x_idx": 23, "y_idx": 27 }, "geometry": { "type": "Polygon", "coordinates": [ [ [ 122.10573813478527, 7.10064834624762 ], [ 122.114791765949846, 7.10064834624762 ], [ 122.114791765949846, 7.10963145799753 ], [ 122.10573813478527, 7.10963145799753 ], [ 122.10573813478527, 7.10064834624762 ] ] ] } },
{ "type": "Feature", "properties": { "grid_id": "24_27", "x_idx": 24, "y_idx": 27 }, "geometry": { "type": "Polygon", "coordinates": [ [ [ 122.114791765949846, 7.10064834624762 ], [ 122.123845397114422, 7.10064834624762 ], [ 122.123845397114422, 7.10963145799753 ], [ 122.114791765949846, 7.10963145799753 ], [ 122.114791765949846, 7.10064834624762 ] ] ] } },
{ "type": "Feature", "properties": { "grid_id": "25_27", "x_idx": 25, "y_idx": 27 }, "geometry": { "type": "Polygon", "coordinates": [ [ [ 122.123845397114408, 7.10064834624762 ], [ 122.132899028278985, 7.10064834624762 ], [ 122.132899028278985, 7.10963145799753 ], [ 122.123845397114408, 7.10963145799753 ], [ 122.123845397114408, 7.10064834624762 ] ] ] } },
{ "type": "Feature", "properties": { "grid_id": "26_27", "x_idx": 26, "y_idx": 27 }, "geometry": { "type": "Polygon", "coordinates": [ [ [ 122.132899028278985, 7.10064834624762 ], [ 122.141952659443561, 7.10064834624762 ], [ 122.141952659443561, 7.10963145799753 ], [ 122.132899028278985, 7.10963145799753 ], [ 122.132899028278985, 7.10064834624762 ] ] ] } },
{ "type": "Feature", "properties": { "grid_id": "27_27", "x_idx": 27, "y_idx": 27 }, "geometry": { "type": "Polygon", "coordinates": [ [ [ 122.141952659443561, 7.10064834624762 ], [ 122.151006290608137, 7.10064834624762 ], [ 122.151006290608137, 7.10963145799753 ], [ 122.141952659443561, 7.10963145799753 ], [ 122.141952659443561, 7.10064834624762 ] ] ] } },
{ "type": "Feature", "properties": { "grid_id": "28_27", "x_idx": 28, "y_idx": 27 }, "geometry": { "type": "Polygon", "coordinates": [ [ [ 122.151006290608137, 7.10064834624762 ], [ 122.160059921772714, 7.10064834624762 ], [ 122.160059921772714, 7.10963145799753 ], [ 122.151006290608137, 7.10963145799753 ], [ 122.151006290608137, 7.10064834624762 ] ] ] } },
{ "type": "Feature", "properties": { "grid_id": "29_27", "x_idx": 29, "y_idx": 27 }, "geometry": { "type": "Polygon", "coordinates": [ [ [ 122.160059921772699, 7.10064834624762 ], [ 122.169113552937276, 7.10064834624762 ], [ 122.169113552937276, 7.10963145799753 ], [ 122.160059921772699, 7.10963145799753 ], [ 122.160059921772699, 7.10064834624762 ] ] ] } },
{ "type": "Feature", "properties": { "grid_id": "30_27", "x_idx": 30, "y_idx": 27 }, "geometry": { "type": "Polygon", "coordinates": [ [ [ 122.169113552937276, 7.10064834624762 ], [ 122.178167184101852, 7.10064834624762 ], [ 122.178167184101852, 7.10963145799753 ], [ 122.169113552937276, 7.10963145799753 ], [ 122.169113552937276, 7.10064834624762 ] ] ] } },
{ "type": "Feature", "properties": { "grid_id": "31_27", "x_idx": 31, "y_idx": 27 }, "geometry": { "type": "Polygon", "coordinates": [ [ [ 122.178167184101852, 7.10064834624762 ], [ 122.187220815266429, 7.10064834624762 ], [ 122.187220815266429, 7.10963145799753 ], [ 122.178167184101852, 7.10963145799753 ], [ 122.178167184101852, 7.10064834624762 ] ] ] } },
{ "type": "Feature", "properties": { "grid_id": "32_27", "x_idx": 32, "y_idx": 27 }, "geometry": { "type": "Polygon", "coordinates": [ [ [ 122.187220815266429, 7.10064834624762 ], [ 122.196274446431005, 7.10064834624762 ], [ 122.196274446431005, 7.10963145799753 ], [ 122.187220815266429, 7.10963145799753 ], [ 122.187220815266429, 7.10064834624762 ] ] ] } },
{ "type": "Feature", "properties": { "grid_id": "33_27", "x_idx": 33, "y_idx": 27 }, "geometry": { "type": "Polygon", "coordinates": [ [ [ 122.196274446430991, 7.10064834624762 ], [ 122.205328077595567, 7.10064834624762 ], [ 122.205328077595567, 7.10963145799753 ], [ 122.196274446430991, 7.10963145799753 ], [ 122.196274446430991, 7.10064834624762 ] ] ] } },
{ "type": "Feature", "properties": { "grid_id": "34_27", "x_idx": 34, "y_idx": 27 }, "geometry": { "type": "Polygon", "coordinates": [ [ [ 122.205328077595567, 7.10064834624762 ], [ 122.214381708760143, 7.10064834624762 ], [ 122.214381708760143, 7.10963145799753 ], [ 122.205328077595567, 7.10963145799753 ], [ 122.205328077595567, 7.10064834624762 ] ] ] } },
{ "type": "Feature", "properties": { "grid_id": "35_27", "x_idx": 35, "y_idx": 27 }, "geometry": { "type": "Polygon", "coordinates": [ [ [ 122.214381708760143, 7.10064834624762 ], [ 122.22343533992472, 7.10064834624762 ], [ 122.22343533992472, 7.10963145799753 ], [ 122.214381708760143, 7.10963145799753 ], [ 122.214381708760143, 7.10064834624762 ] ] ] } },
{ "type": "Feature", "properties": { "grid_id": "36_27", "x_idx": 36, "y_idx": 27 }, "geometry": { "type": "Polygon", "coordinates": [ [ [ 122.22343533992472, 7.10064834624762 ], [ 122.232488971089296, 7.10064834624762 ], [ 122.232488971089296, 7.10963145799753 ], [ 122.22343533992472, 7.10963145799753 ], [ 122.22343533992472, 7.10064834624762 ] ] ] } },
{ "type": "Feature", "properties": { "grid_id": "37_27", "x_idx": 37, "y_idx": 27 }, "geometry": { "type": "Polygon", "coordinates": [ [ [ 122.232488971089282, 7.10064834624762 ], [ 122.241542602253858, 7.10064834624762 ], [ 122.241542602253858, 7.10963145799753 ], [ 122.232488971089282, 7.10963145799753 ], [ 122.232488971089282, 7.10064834624762 ] ] ] } },
{ "type": "Feature", "properties": { "grid_id": "38_27", "x_idx": 38, "y_idx": 27 }, "geometry": { "type": "Polygon", "coordinates": [ [ [ 122.241542602253858, 7.10064834624762 ], [ 122.250596233418435, 7.10064834624762 ], [ 122.250596233418435, 7.10963145799753 ], [ 122.241542602253858, 7.10963145799753 ], [ 122.241542602253858, 7.10064834624762 ] ] ] } },
{ "type": "Feature", "properties": { "grid_id": "39_27", "x_idx": 39, "y_idx": 27 }, "geometry": { "type": "Polygon", "coordinates": [ [ [ 122.250596233418435, 7.10064834624762 ], [ 122.259649864583011, 7.10064834624762 ], [ 122.259649864583011, 7.10963145799753 ], [ 122.250596233418435, 7.10963145799753 ], [ 122.250596233418435, 7.10064834624762 ] ] ] } },
{ "type": "Feature", "properties": { "grid_id": "0_28", "x_idx": 0, "y_idx": 28 }, "geometry": { "type": "Polygon", "coordinates": [ [ [ 121.897504618000099, 7.10963145799753 ], [ 121.906558249164675, 7.10963145799753 ], [ 121.906558249164675, 7.11861456974744 ], [ 121.897504618000099, 7.11861456974744 ], [ 121.897504618000099, 7.10963145799753 ] ] ] } },
{ "type": "Feature", "properties": { "grid_id": "1_28", "x_idx": 1, "y_idx": 28 }, "geometry": { "type": "Polygon", "coordinates": [ [ [ 121.906558249164675, 7.10963145799753 ], [ 121.915611880329251, 7.10963145799753 ], [ 121.915611880329251, 7.11861456974744 ], [ 121.906558249164675, 7.11861456974744 ], [ 121.906558249164675, 7.10963145799753 ] ] ] } },
{ "type": "Feature", "properties": { "grid_id": "2_28", "x_idx": 2, "y_idx": 28 }, "geometry": { "type": "Polygon", "coordinates": [ [ [ 121.915611880329237, 7.10963145799753 ], [ 121.924665511493814, 7.10963145799753 ], [ 121.924665511493814, 7.11861456974744 ], [ 121.915611880329237, 7.11861456974744 ], [ 121.915611880329237, 7.10963145799753 ] ] ] } },
{ "type": "Feature", "properties": { "grid_id": "3_28", "x_idx": 3, "y_idx": 28 }, "geometry": { "type": "Polygon", "coordinates": [ [ [ 121.924665511493814, 7.10963145799753 ], [ 121.93371914265839, 7.10963145799753 ], [ 121.93371914265839, 7.11861456974744 ], [ 121.924665511493814, 7.11861456974744 ], [ 121.924665511493814, 7.10963145799753 ] ] ] } },
{ "type": "Feature", "properties": { "grid_id": "4_28", "x_idx": 4, "y_idx": 28 }, "geometry": { "type": "Polygon", "coordinates": [ [ [ 121.93371914265839, 7.10963145799753 ], [ 121.942772773822966, 7.10963145799753 ], [ 121.942772773822966, 7.11861456974744 ], [ 121.93371914265839, 7.11861456974744 ], [ 121.93371914265839, 7.10963145799753 ] ] ] } },
{ "type": "Feature", "properties": { "grid_id": "5_28", "x_idx": 5, "y_idx": 28 }, "geometry": { "type": "Polygon", "coordinates": [ [ [ 121.942772773822966, 7.10963145799753 ], [ 121.951826404987543, 7.10963145799753 ], [ 121.951826404987543, 7.11861456974744 ], [ 121.942772773822966, 7.11861456974744 ], [ 121.942772773822966, 7.10963145799753 ] ] ] } },
{ "type": "Feature", "properties": { "grid_id": "6_28", "x_idx": 6, "y_idx": 28 }, "geometry": { "type": "Polygon", "coordinates": [ [ [ 121.951826404987528, 7.10963145799753 ], [ 121.960880036152105, 7.10963145799753 ], [ 121.960880036152105, 7.11861456974744 ], [ 121.951826404987528, 7.11861456974744 ], [ 121.951826404987528, 7.10963145799753 ] ] ] } },
{ "type": "Feature", "properties": { "grid_id": "7_28", "x_idx": 7, "y_idx": 28 }, "geometry": { "type": "Polygon", "coordinates": [ [ [ 121.960880036152105, 7.10963145799753 ], [ 121.969933667316681, 7.10963145799753 ], [ 121.969933667316681, 7.11861456974744 ], [ 121.960880036152105, 7.11861456974744 ], [ 121.960880036152105, 7.10963145799753 ] ] ] } },
{ "type": "Feature", "properties": { "grid_id": "8_28", "x_idx": 8, "y_idx": 28 }, "geometry": { "type": "Polygon", "coordinates": [ [ [ 121.969933667316681, 7.10963145799753 ], [ 121.978987298481258, 7.10963145799753 ], [ 121.978987298481258, 7.11861456974744 ], [ 121.969933667316681, 7.11861456974744 ], [ 121.969933667316681, 7.10963145799753 ] ] ] } },
{ "type": "Feature", "properties": { "grid_id": "9_28", "x_idx": 9, "y_idx": 28 }, "geometry": { "type": "Polygon", "coordinates": [ [ [ 121.978987298481258, 7.10963145799753 ], [ 121.988040929645834, 7.10963145799753 ], [ 121.988040929645834, 7.11861456974744 ], [ 121.978987298481258, 7.11861456974744 ], [ 121.978987298481258, 7.10963145799753 ] ] ] } },
{ "type": "Feature", "properties": { "grid_id": "10_28", "x_idx": 10, "y_idx": 28 }, "geometry": { "type": "Polygon", "coordinates": [ [ [ 121.98804092964582, 7.10963145799753 ], [ 121.997094560810396, 7.10963145799753 ], [ 121.997094560810396, 7.11861456974744 ], [ 121.98804092964582, 7.11861456974744 ], [ 121.98804092964582, 7.10963145799753 ] ] ] } },
{ "type": "Feature", "properties": { "grid_id": "11_28", "x_idx": 11, "y_idx": 28 }, "geometry": { "type": "Polygon", "coordinates": [ [ [ 121.997094560810396, 7.10963145799753 ], [ 122.006148191974972, 7.10963145799753 ], [ 122.006148191974972, 7.11861456974744 ], [ 121.997094560810396, 7.11861456974744 ], [ 121.997094560810396, 7.10963145799753 ] ] ] } },
{ "type": "Feature", "properties": { "grid_id": "12_28", "x_idx": 12, "y_idx": 28 }, "geometry": { "type": "Polygon", "coordinates": [ [ [ 122.006148191974972, 7.10963145799753 ], [ 122.015201823139549, 7.10963145799753 ], [ 122.015201823139549, 7.11861456974744 ], [ 122.006148191974972, 7.11861456974744 ], [ 122.006148191974972, 7.10963145799753 ] ] ] } },
{ "type": "Feature", "properties": { "grid_id": "13_28", "x_idx": 13, "y_idx": 28 }, "geometry": { "type": "Polygon", "coordinates": [ [ [ 122.015201823139549, 7.10963145799753 ], [ 122.024255454304125, 7.10963145799753 ], [ 122.024255454304125, 7.11861456974744 ], [ 122.015201823139549, 7.11861456974744 ], [ 122.015201823139549, 7.10963145799753 ] ] ] } },
{ "type": "Feature", "properties": { "grid_id": "14_28", "x_idx": 14, "y_idx": 28 }, "geometry": { "type": "Polygon", "coordinates": [ [ [ 122.024255454304111, 7.10963145799753 ], [ 122.033309085468687, 7.10963145799753 ], [ 122.033309085468687, 7.11861456974744 ], [ 122.024255454304111, 7.11861456974744 ], [ 122.024255454304111, 7.10963145799753 ] ] ] } },
{ "type": "Feature", "properties": { "grid_id": "15_28", "x_idx": 15, "y_idx": 28 }, "geometry": { "type": "Polygon", "coordinates": [ [ [ 122.033309085468687, 7.10963145799753 ], [ 122.042362716633264, 7.10963145799753 ], [ 122.042362716633264, 7.11861456974744 ], [ 122.033309085468687, 7.11861456974744 ], [ 122.033309085468687, 7.10963145799753 ] ] ] } },
{ "type": "Feature", "properties": { "grid_id": "16_28", "x_idx": 16, "y_idx": 28 }, "geometry": { "type": "Polygon", "coordinates": [ [ [ 122.042362716633264, 7.10963145799753 ], [ 122.05141634779784, 7.10963145799753 ], [ 122.05141634779784, 7.11861456974744 ], [ 122.042362716633264, 7.11861456974744 ], [ 122.042362716633264, 7.10963145799753 ] ] ] } },
{ "type": "Feature", "properties": { "grid_id": "17_28", "x_idx": 17, "y_idx": 28 }, "geometry": { "type": "Polygon", "coordinates": [ [ [ 122.05141634779784, 7.10963145799753 ], [ 122.060469978962416, 7.10963145799753 ], [ 122.060469978962416, 7.11861456974744 ], [ 122.05141634779784, 7.11861456974744 ], [ 122.05141634779784, 7.10963145799753 ] ] ] } },
{ "type": "Feature", "properties": { "grid_id": "18_28", "x_idx": 18, "y_idx": 28 }, "geometry": { "type": "Polygon", "coordinates": [ [ [ 122.060469978962402, 7.10963145799753 ], [ 122.069523610126978, 7.10963145799753 ], [ 122.069523610126978, 7.11861456974744 ], [ 122.060469978962402, 7.11861456974744 ], [ 122.060469978962402, 7.10963145799753 ] ] ] } },
{ "type": "Feature", "properties": { "grid_id": "19_28", "x_idx": 19, "y_idx": 28 }, "geometry": { "type": "Polygon", "coordinates": [ [ [ 122.069523610126978, 7.10963145799753 ], [ 122.078577241291555, 7.10963145799753 ], [ 122.078577241291555, 7.11861456974744 ], [ 122.069523610126978, 7.11861456974744 ], [ 122.069523610126978, 7.10963145799753 ] ] ] } },
{ "type": "Feature", "properties": { "grid_id": "20_28", "x_idx": 20, "y_idx": 28 }, "geometry": { "type": "Polygon", "coordinates": [ [ [ 122.078577241291555, 7.10963145799753 ], [ 122.087630872456131, 7.10963145799753 ], [ 122.087630872456131, 7.11861456974744 ], [ 122.078577241291555, 7.11861456974744 ], [ 122.078577241291555, 7.10963145799753 ] ] ] } },
{ "type": "Feature", "properties": { "grid_id": "21_28", "x_idx": 21, "y_idx": 28 }, "geometry": { "type": "Polygon", "coordinates": [ [ [ 122.087630872456131, 7.10963145799753 ], [ 122.096684503620708, 7.10963145799753 ], [ 122.096684503620708, 7.11861456974744 ], [ 122.087630872456131, 7.11861456974744 ], [ 122.087630872456131, 7.10963145799753 ] ] ] } },
{ "type": "Feature", "properties": { "grid_id": "22_28", "x_idx": 22, "y_idx": 28 }, "geometry": { "type": "Polygon", "coordinates": [ [ [ 122.096684503620693, 7.10963145799753 ], [ 122.10573813478527, 7.10963145799753 ], [ 122.10573813478527, 7.11861456974744 ], [ 122.096684503620693, 7.11861456974744 ], [ 122.096684503620693, 7.10963145799753 ] ] ] } },
{ "type": "Feature", "properties": { "grid_id": "23_28", "x_idx": 23, "y_idx": 28 }, "geometry": { "type": "Polygon", "coordinates": [ [ [ 122.10573813478527, 7.10963145799753 ], [ 122.114791765949846, 7.10963145799753 ], [ 122.114791765949846, 7.11861456974744 ], [ 122.10573813478527, 7.11861456974744 ], [ 122.10573813478527, 7.10963145799753 ] ] ] } },
{ "type": "Feature", "properties": { "grid_id": "24_28", "x_idx": 24, "y_idx": 28 }, "geometry": { "type": "Polygon", "coordinates": [ [ [ 122.114791765949846, 7.10963145799753 ], [ 122.123845397114422, 7.10963145799753 ], [ 122.123845397114422, 7.11861456974744 ], [ 122.114791765949846, 7.11861456974744 ], [ 122.114791765949846, 7.10963145799753 ] ] ] } },
{ "type": "Feature", "properties": { "grid_id": "25_28", "x_idx": 25, "y_idx": 28 }, "geometry": { "type": "Polygon", "coordinates": [ [ [ 122.123845397114408, 7.10963145799753 ], [ 122.132899028278985, 7.10963145799753 ], [ 122.132899028278985, 7.11861456974744 ], [ 122.123845397114408, 7.11861456974744 ], [ 122.123845397114408, 7.10963145799753 ] ] ] } },
{ "type": "Feature", "properties": { "grid_id": "26_28", "x_idx": 26, "y_idx": 28 }, "geometry": { "type": "Polygon", "coordinates": [ [ [ 122.132899028278985, 7.10963145799753 ], [ 122.141952659443561, 7.10963145799753 ], [ 122.141952659443561, 7.11861456974744 ], [ 122.132899028278985, 7.11861456974744 ], [ 122.132899028278985, 7.10963145799753 ] ] ] } },
{ "type": "Feature", "properties": { "grid_id": "27_28", "x_idx": 27, "y_idx": 28 }, "geometry": { "type": "Polygon", "coordinates": [ [ [ 122.141952659443561, 7.10963145799753 ], [ 122.151006290608137, 7.10963145799753 ], [ 122.151006290608137, 7.11861456974744 ], [ 122.141952659443561, 7.11861456974744 ], [ 122.141952659443561, 7.10963145799753 ] ] ] } },
{ "type": "Feature", "properties": { "grid_id": "28_28", "x_idx": 28, "y_idx": 28 }, "geometry": { "type": "Polygon", "coordinates": [ [ [ 122.151006290608137, 7.10963145799753 ], [ 122.160059921772714, 7.10963145799753 ], [ 122.160059921772714, 7.11861456974744 ], [ 122.151006290608137, 7.11861456974744 ], [ 122.151006290608137, 7.10963145799753 ] ] ] } },
{ "type": "Feature", "properties": { "grid_id": "29_28", "x_idx": 29, "y_idx": 28 }, "geometry": { "type": "Polygon", "coordinates": [ [ [ 122.160059921772699, 7.10963145799753 ], [ 122.169113552937276, 7.10963145799753 ], [ 122.169113552937276, 7.11861456974744 ], [ 122.160059921772699, 7.11861456974744 ], [ 122.160059921772699, 7.10963145799753 ] ] ] } },
{ "type": "Feature", "properties": { "grid_id": "30_28", "x_idx": 30, "y_idx": 28 }, "geometry": { "type": "Polygon", "coordinates": [ [ [ 122.169113552937276, 7.10963145799753 ], [ 122.178167184101852, 7.10963145799753 ], [ 122.178167184101852, 7.11861456974744 ], [ 122.169113552937276, 7.11861456974744 ], [ 122.169113552937276, 7.10963145799753 ] ] ] } },
{ "type": "Feature", "properties": { "grid_id": "31_28", "x_idx": 31, "y_idx": 28 }, "geometry": { "type": "Polygon", "coordinates": [ [ [ 122.178167184101852, 7.10963145799753 ], [ 122.187220815266429, 7.10963145799753 ], [ 122.187220815266429, 7.11861456974744 ], [ 122.178167184101852, 7.11861456974744 ], [ 122.178167184101852, 7.10963145799753 ] ] ] } },
{ "type": "Feature", "properties": { "grid_id": "32_28", "x_idx": 32, "y_idx": 28 }, "geometry": { "type": "Polygon", "coordinates": [ [ [ 122.187220815266429, 7.10963145799753 ], [ 122.196274446431005, 7.10963145799753 ], [ 122.196274446431005, 7.11861456974744 ], [ 122.187220815266429, 7.11861456974744 ], [ 122.187220815266429, 7.10963145799753 ] ] ] } },
{ "type": "Feature", "properties": { "grid_id": "33_28", "x_idx": 33, "y_idx": 28 }, "geometry": { "type": "Polygon", "coordinates": [ [ [ 122.196274446430991, 7.10963145799753 ], [ 122.205328077595567, 7.10963145799753 ], [ 122.205328077595567, 7.11861456974744 ], [ 122.196274446430991, 7.11861456974744 ], [ 122.196274446430991, 7.10963145799753 ] ] ] } },
{ "type": "Feature", "properties": { "grid_id": "34_28", "x_idx": 34, "y_idx": 28 }, "geometry": { "type": "Polygon", "coordinates": [ [ [ 122.205328077595567, 7.10963145799753 ], [ 122.214381708760143, 7.10963145799753 ], [ 122.214381708760143, 7.11861456974744 ], [ 122.205328077595567, 7.11861456974744 ], [ 122.205328077595567, 7.10963145799753 ] ] ] } },
{ "type": "Feature", "properties": { "grid_id": "35_28", "x_idx": 35, "y_idx": 28 }, "geometry": { "type": "Polygon", "coordinates": [ [ [ 122.214381708760143, 7.10963145799753 ], [ 122.22343533992472, 7.10963145799753 ], [ 122.22343533992472, 7.11861456974744 ], [ 122.214381708760143, 7.11861456974744 ], [ 122.214381708760143, 7.10963145799753 ] ] ] } },
{ "type": "Feature", "properties": { "grid_id": "36_28", "x_idx": 36, "y_idx": 28 }, "geometry": { "type": "Polygon", "coordinates": [ [ [ 122.22343533992472, 7.10963145799753 ], [ 122.232488971089296, 7.10963145799753 ], [ 122.232488971089296, 7.11861456974744 ], [ 122.22343533992472, 7.11861456974744 ], [ 122.22343533992472, 7.10963145799753 ] ] ] } },
{ "type": "Feature", "properties": { "grid_id": "37_28", "x_idx": 37, "y_idx": 28 }, "geometry": { "type": "Polygon", "coordinates": [ [ [ 122.232488971089282, 7.10963145799753 ], [ 122.241542602253858, 7.10963145799753 ], [ 122.241542602253858, 7.11861456974744 ], [ 122.232488971089282, 7.11861456974744 ], [ 122.232488971089282, 7.10963145799753 ] ] ] } },
{ "type": "Feature", "properties": { "grid_id": "38_28", "x_idx": 38, "y_idx": 28 }, "geometry": { "type": "Polygon", "coordinates": [ [ [ 122.241542602253858, 7.10963145799753 ], [ 122.250596233418435, 7.10963145799753 ], [ 122.250596233418435, 7.11861456974744 ], [ 122.241542602253858, 7.11861456974744 ], [ 122.241542602253858, 7.10963145799753 ] ] ] } },
{ "type": "Feature", "properties": { "grid_id": "39_28", "x_idx": 39, "y_idx": 28 }, "geometry": { "type": "Polygon", "coordinates": [ [ [ 122.250596233418435, 7.10963145799753 ], [ 122.259649864583011, 7.10963145799753 ], [ 122.259649864583011, 7.11861456974744 ], [ 122.250596233418435, 7.11861456974744 ], [ 122.250596233418435, 7.10963145799753 ] ] ] } },
{ "type": "Feature", "properties": { "grid_id": "41_28", "x_idx": 41, "y_idx": 28 }, "geometry": { "type": "Polygon", "coordinates": [ [ [ 122.268703495747573, 7.10963145799753 ], [ 122.277757126912149, 7.10963145799753 ], [ 122.277757126912149, 7.11861456974744 ], [ 122.268703495747573, 7.11861456974744 ], [ 122.268703495747573, 7.10963145799753 ] ] ] } },
{ "type": "Feature", "properties": { "grid_id": "0_29", "x_idx": 0, "y_idx": 29 }, "geometry": { "type": "Polygon", "coordinates": [ [ [ 121.897504618000099, 7.118614569747439 ], [ 121.906558249164675, 7.118614569747439 ], [ 121.906558249164675, 7.12759768149735 ], [ 121.897504618000099, 7.12759768149735 ], [ 121.897504618000099, 7.118614569747439 ] ] ] } },
{ "type": "Feature", "properties": { "grid_id": "1_29", "x_idx": 1, "y_idx": 29 }, "geometry": { "type": "Polygon", "coordinates": [ [ [ 121.906558249164675, 7.118614569747439 ], [ 121.915611880329251, 7.118614569747439 ], [ 121.915611880329251, 7.12759768149735 ], [ 121.906558249164675, 7.12759768149735 ], [ 121.906558249164675, 7.118614569747439 ] ] ] } },
{ "type": "Feature", "properties": { "grid_id": "2_29", "x_idx": 2, "y_idx": 29 }, "geometry": { "type": "Polygon", "coordinates": [ [ [ 121.915611880329237, 7.118614569747439 ], [ 121.924665511493814, 7.118614569747439 ], [ 121.924665511493814, 7.12759768149735 ], [ 121.915611880329237, 7.12759768149735 ], [ 121.915611880329237, 7.118614569747439 ] ] ] } },
{ "type": "Feature", "properties": { "grid_id": "3_29", "x_idx": 3, "y_idx": 29 }, "geometry": { "type": "Polygon", "coordinates": [ [ [ 121.924665511493814, 7.118614569747439 ], [ 121.93371914265839, 7.118614569747439 ], [ 121.93371914265839, 7.12759768149735 ], [ 121.924665511493814, 7.12759768149735 ], [ 121.924665511493814, 7.118614569747439 ] ] ] } },
{ "type": "Feature", "properties": { "grid_id": "4_29", "x_idx": 4, "y_idx": 29 }, "geometry": { "type": "Polygon", "coordinates": [ [ [ 121.93371914265839, 7.118614569747439 ], [ 121.942772773822966, 7.118614569747439 ], [ 121.942772773822966, 7.12759768149735 ], [ 121.93371914265839, 7.12759768149735 ], [ 121.93371914265839, 7.118614569747439 ] ] ] } },
{ "type": "Feature", "properties": { "grid_id": "5_29", "x_idx": 5, "y_idx": 29 }, "geometry": { "type": "Polygon", "coordinates": [ [ [ 121.942772773822966, 7.118614569747439 ], [ 121.951826404987543, 7.118614569747439 ], [ 121.951826404987543, 7.12759768149735 ], [ 121.942772773822966, 7.12759768149735 ], [ 121.942772773822966, 7.118614569747439 ] ] ] } },
{ "type": "Feature", "properties": { "grid_id": "6_29", "x_idx": 6, "y_idx": 29 }, "geometry": { "type": "Polygon", "coordinates": [ [ [ 121.951826404987528, 7.118614569747439 ], [ 121.960880036152105, 7.118614569747439 ], [ 121.960880036152105, 7.12759768149735 ], [ 121.951826404987528, 7.12759768149735 ], [ 121.951826404987528, 7.118614569747439 ] ] ] } },
{ "type": "Feature", "properties": { "grid_id": "7_29", "x_idx": 7, "y_idx": 29 }, "geometry": { "type": "Polygon", "coordinates": [ [ [ 121.960880036152105, 7.118614569747439 ], [ 121.969933667316681, 7.118614569747439 ], [ 121.969933667316681, 7.12759768149735 ], [ 121.960880036152105, 7.12759768149735 ], [ 121.960880036152105, 7.118614569747439 ] ] ] } },
{ "type": "Feature", "properties": { "grid_id": "8_29", "x_idx": 8, "y_idx": 29 }, "geometry": { "type": "Polygon", "coordinates": [ [ [ 121.969933667316681, 7.118614569747439 ], [ 121.978987298481258, 7.118614569747439 ], [ 121.978987298481258, 7.12759768149735 ], [ 121.969933667316681, 7.12759768149735 ], [ 121.969933667316681, 7.118614569747439 ] ] ] } },
{ "type": "Feature", "properties": { "grid_id": "9_29", "x_idx": 9, "y_idx": 29 }, "geometry": { "type": "Polygon", "coordinates": [ [ [ 121.978987298481258, 7.118614569747439 ], [ 121.988040929645834, 7.118614569747439 ], [ 121.988040929645834, 7.12759768149735 ], [ 121.978987298481258, 7.12759768149735 ], [ 121.978987298481258, 7.118614569747439 ] ] ] } },
{ "type": "Feature", "properties": { "grid_id": "10_29", "x_idx": 10, "y_idx": 29 }, "geometry": { "type": "Polygon", "coordinates": [ [ [ 121.98804092964582, 7.118614569747439 ], [ 121.997094560810396, 7.118614569747439 ], [ 121.997094560810396, 7.12759768149735 ], [ 121.98804092964582, 7.12759768149735 ], [ 121.98804092964582, 7.118614569747439 ] ] ] } },
{ "type": "Feature", "properties": { "grid_id": "11_29", "x_idx": 11, "y_idx": 29 }, "geometry": { "type": "Polygon", "coordinates": [ [ [ 121.997094560810396, 7.118614569747439 ], [ 122.006148191974972, 7.118614569747439 ], [ 122.006148191974972, 7.12759768149735 ], [ 121.997094560810396, 7.12759768149735 ], [ 121.997094560810396, 7.118614569747439 ] ] ] } },
{ "type": "Feature", "properties": { "grid_id": "12_29", "x_idx": 12, "y_idx": 29 }, "geometry": { "type": "Polygon", "coordinates": [ [ [ 122.006148191974972, 7.118614569747439 ], [ 122.015201823139549, 7.118614569747439 ], [ 122.015201823139549, 7.12759768149735 ], [ 122.006148191974972, 7.12759768149735 ], [ 122.006148191974972, 7.118614569747439 ] ] ] } },
{ "type": "Feature", "properties": { "grid_id": "13_29", "x_idx": 13, "y_idx": 29 }, "geometry": { "type": "Polygon", "coordinates": [ [ [ 122.015201823139549, 7.118614569747439 ], [ 122.024255454304125, 7.118614569747439 ], [ 122.024255454304125, 7.12759768149735 ], [ 122.015201823139549, 7.12759768149735 ], [ 122.015201823139549, 7.118614569747439 ] ] ] } },
{ "type": "Feature", "properties": { "grid_id": "14_29", "x_idx": 14, "y_idx": 29 }, "geometry": { "type": "Polygon", "coordinates": [ [ [ 122.024255454304111, 7.118614569747439 ], [ 122.033309085468687, 7.118614569747439 ], [ 122.033309085468687, 7.12759768149735 ], [ 122.024255454304111, 7.12759768149735 ], [ 122.024255454304111, 7.118614569747439 ] ] ] } },
{ "type": "Feature", "properties": { "grid_id": "15_29", "x_idx": 15, "y_idx": 29 }, "geometry": { "type": "Polygon", "coordinates": [ [ [ 122.033309085468687, 7.118614569747439 ], [ 122.042362716633264, 7.118614569747439 ], [ 122.042362716633264, 7.12759768149735 ], [ 122.033309085468687, 7.12759768149735 ], [ 122.033309085468687, 7.118614569747439 ] ] ] } },
{ "type": "Feature", "properties": { "grid_id": "16_29", "x_idx": 16, "y_idx": 29 }, "geometry": { "type": "Polygon", "coordinates": [ [ [ 122.042362716633264, 7.118614569747439 ], [ 122.05141634779784, 7.118614569747439 ], [ 122.05141634779784, 7.12759768149735 ], [ 122.042362716633264, 7.12759768149735 ], [ 122.042362716633264, 7.118614569747439 ] ] ] } },
{ "type": "Feature", "properties": { "grid_id": "17_29", "x_idx": 17, "y_idx": 29 }, "geometry": { "type": "Polygon", "coordinates": [ [ [ 122.05141634779784, 7.118614569747439 ], [ 122.060469978962416, 7.118614569747439 ], [ 122.060469978962416, 7.12759768149735 ], [ 122.05141634779784, 7.12759768149735 ], [ 122.05141634779784, 7.118614569747439 ] ] ] } },
{ "type": "Feature", "properties": { "grid_id": "18_29", "x_idx": 18, "y_idx": 29 }, "geometry": { "type": "Polygon", "coordinates": [ [ [ 122.060469978962402, 7.118614569747439 ], [ 122.069523610126978, 7.118614569747439 ], [ 122.069523610126978, 7.12759768149735 ], [ 122.060469978962402, 7.12759768149735 ], [ 122.060469978962402, 7.118614569747439 ] ] ] } },
{ "type": "Feature", "properties": { "grid_id": "19_29", "x_idx": 19, "y_idx": 29 }, "geometry": { "type": "Polygon", "coordinates": [ [ [ 122.069523610126978, 7.118614569747439 ], [ 122.078577241291555, 7.118614569747439 ], [ 122.078577241291555, 7.12759768149735 ], [ 122.069523610126978, 7.12759768149735 ], [ 122.069523610126978, 7.118614569747439 ] ] ] } },
{ "type": "Feature", "properties": { "grid_id": "20_29", "x_idx": 20, "y_idx": 29 }, "geometry": { "type": "Polygon", "coordinates": [ [ [ 122.078577241291555, 7.118614569747439 ], [ 122.087630872456131, 7.118614569747439 ], [ 122.087630872456131, 7.12759768149735 ], [ 122.078577241291555, 7.12759768149735 ], [ 122.078577241291555, 7.118614569747439 ] ] ] } },
{ "type": "Feature", "properties": { "grid_id": "21_29", "x_idx": 21, "y_idx": 29 }, "geometry": { "type": "Polygon", "coordinates": [ [ [ 122.087630872456131, 7.118614569747439 ], [ 122.096684503620708, 7.118614569747439 ], [ 122.096684503620708, 7.12759768149735 ], [ 122.087630872456131, 7.12759768149735 ], [ 122.087630872456131, 7.118614569747439 ] ] ] } },
{ "type": "Feature", "properties": { "grid_id": "22_29", "x_idx": 22, "y_idx": 29 }, "geometry": { "type": "Polygon", "coordinates": [ [ [ 122.096684503620693, 7.118614569747439 ], [ 122.10573813478527, 7.118614569747439 ], [ 122.10573813478527, 7.12759768149735 ], [ 122.096684503620693, 7.12759768149735 ], [ 122.096684503620693, 7.118614569747439 ] ] ] } },
{ "type": "Feature", "properties": { "grid_id": "23_29", "x_idx": 23, "y_idx": 29 }, "geometry": { "type": "Polygon", "coordinates": [ [ [ 122.10573813478527, 7.118614569747439 ], [ 122.114791765949846, 7.118614569747439 ], [ 122.114791765949846, 7.12759768149735 ], [ 122.10573813478527, 7.12759768149735 ], [ 122.10573813478527, 7.118614569747439 ] ] ] } },
{ "type": "Feature", "properties": { "grid_id": "24_29", "x_idx": 24, "y_idx": 29 }, "geometry": { "type": "Polygon", "coordinates": [ [ [ 122.114791765949846, 7.118614569747439 ], [ 122.123845397114422, 7.118614569747439 ], [ 122.123845397114422, 7.12759768149735 ], [ 122.114791765949846, 7.12759768149735 ], [ 122.114791765949846, 7.118614569747439 ] ] ] } },
{ "type": "Feature", "properties": { "grid_id": "25_29", "x_idx": 25, "y_idx": 29 }, "geometry": { "type": "Polygon", "coordinates": [ [ [ 122.123845397114408, 7.118614569747439 ], [ 122.132899028278985, 7.118614569747439 ], [ 122.132899028278985, 7.12759768149735 ], [ 122.123845397114408, 7.12759768149735 ], [ 122.123845397114408, 7.118614569747439 ] ] ] } },
{ "type": "Feature", "properties": { "grid_id": "26_29", "x_idx": 26, "y_idx": 29 }, "geometry": { "type": "Polygon", "coordinates": [ [ [ 122.132899028278985, 7.118614569747439 ], [ 122.141952659443561, 7.118614569747439 ], [ 122.141952659443561, 7.12759768149735 ], [ 122.132899028278985, 7.12759768149735 ], [ 122.132899028278985, 7.118614569747439 ] ] ] } },
{ "type": "Feature", "properties": { "grid_id": "27_29", "x_idx": 27, "y_idx": 29 }, "geometry": { "type": "Polygon", "coordinates": [ [ [ 122.141952659443561, 7.118614569747439 ], [ 122.151006290608137, 7.118614569747439 ], [ 122.151006290608137, 7.12759768149735 ], [ 122.141952659443561, 7.12759768149735 ], [ 122.141952659443561, 7.118614569747439 ] ] ] } },
{ "type": "Feature", "properties": { "grid_id": "28_29", "x_idx": 28, "y_idx": 29 }, "geometry": { "type": "Polygon", "coordinates": [ [ [ 122.151006290608137, 7.118614569747439 ], [ 122.160059921772714, 7.118614569747439 ], [ 122.160059921772714, 7.12759768149735 ], [ 122.151006290608137, 7.12759768149735 ], [ 122.151006290608137, 7.118614569747439 ] ] ] } },
{ "type": "Feature", "properties": { "grid_id": "29_29", "x_idx": 29, "y_idx": 29 }, "geometry": { "type": "Polygon", "coordinates": [ [ [ 122.160059921772699, 7.118614569747439 ], [ 122.169113552937276, 7.118614569747439 ], [ 122.169113552937276, 7.12759768149735 ], [ 122.160059921772699, 7.12759768149735 ], [ 122.160059921772699, 7.118614569747439 ] ] ] } },
{ "type": "Feature", "properties": { "grid_id": "30_29", "x_idx": 30, "y_idx": 29 }, "geometry": { "type": "Polygon", "coordinates": [ [ [ 122.169113552937276, 7.118614569747439 ], [ 122.178167184101852, 7.118614569747439 ], [ 122.178167184101852, 7.12759768149735 ], [ 122.169113552937276, 7.12759768149735 ], [ 122.169113552937276, 7.118614569747439 ] ] ] } },
{ "type": "Feature", "properties": { "grid_id": "31_29", "x_idx": 31, "y_idx": 29 }, "geometry": { "type": "Polygon", "coordinates": [ [ [ 122.178167184101852, 7.118614569747439 ], [ 122.187220815266429, 7.118614569747439 ], [ 122.187220815266429, 7.12759768149735 ], [ 122.178167184101852, 7.12759768149735 ], [ 122.178167184101852, 7.118614569747439 ] ] ] } },
{ "type": "Feature", "properties": { "grid_id": "32_29", "x_idx": 32, "y_idx": 29 }, "geometry": { "type": "Polygon", "coordinates": [ [ [ 122.187220815266429, 7.118614569747439 ], [ 122.196274446431005, 7.118614569747439 ], [ 122.196274446431005, 7.12759768149735 ], [ 122.187220815266429, 7.12759768149735 ], [ 122.187220815266429, 7.118614569747439 ] ] ] } },
{ "type": "Feature", "properties": { "grid_id": "33_29", "x_idx": 33, "y_idx": 29 }, "geometry": { "type": "Polygon", "coordinates": [ [ [ 122.196274446430991, 7.118614569747439 ], [ 122.205328077595567, 7.118614569747439 ], [ 122.205328077595567, 7.12759768149735 ], [ 122.196274446430991, 7.12759768149735 ], [ 122.196274446430991, 7.118614569747439 ] ] ] } },
{ "type": "Feature", "properties": { "grid_id": "34_29", "x_idx": 34, "y_idx": 29 }, "geometry": { "type": "Polygon", "coordinates": [ [ [ 122.205328077595567, 7.118614569747439 ], [ 122.214381708760143, 7.118614569747439 ], [ 122.214381708760143, 7.12759768149735 ], [ 122.205328077595567, 7.12759768149735 ], [ 122.205328077595567, 7.118614569747439 ] ] ] } },
{ "type": "Feature", "properties": { "grid_id": "35_29", "x_idx": 35, "y_idx": 29 }, "geometry": { "type": "Polygon", "coordinates": [ [ [ 122.214381708760143, 7.118614569747439 ], [ 122.22343533992472, 7.118614569747439 ], [ 122.22343533992472, 7.12759768149735 ], [ 122.214381708760143, 7.12759768149735 ], [ 122.214381708760143, 7.118614569747439 ] ] ] } },
{ "type": "Feature", "properties": { "grid_id": "36_29", "x_idx": 36, "y_idx": 29 }, "geometry": { "type": "Polygon", "coordinates": [ [ [ 122.22343533992472, 7.118614569747439 ], [ 122.232488971089296, 7.118614569747439 ], [ 122.232488971089296, 7.12759768149735 ], [ 122.22343533992472, 7.12759768149735 ], [ 122.22343533992472, 7.118614569747439 ] ] ] } },
{ "type": "Feature", "properties": { "grid_id": "37_29", "x_idx": 37, "y_idx": 29 }, "geometry": { "type": "Polygon", "coordinates": [ [ [ 122.232488971089282, 7.118614569747439 ], [ 122.241542602253858, 7.118614569747439 ], [ 122.241542602253858, 7.12759768149735 ], [ 122.232488971089282, 7.12759768149735 ], [ 122.232488971089282, 7.118614569747439 ] ] ] } },
{ "type": "Feature", "properties": { "grid_id": "38_29", "x_idx": 38, "y_idx": 29 }, "geometry": { "type": "Polygon", "coordinates": [ [ [ 122.241542602253858, 7.118614569747439 ], [ 122.250596233418435, 7.118614569747439 ], [ 122.250596233418435, 7.12759768149735 ], [ 122.241542602253858, 7.12759768149735 ], [ 122.241542602253858, 7.118614569747439 ] ] ] } },
{ "type": "Feature", "properties": { "grid_id": "39_29", "x_idx": 39, "y_idx": 29 }, "geometry": { "type": "Polygon", "coordinates": [ [ [ 122.250596233418435, 7.118614569747439 ], [ 122.259649864583011, 7.118614569747439 ], [ 122.259649864583011, 7.12759768149735 ], [ 122.250596233418435, 7.12759768149735 ], [ 122.250596233418435, 7.118614569747439 ] ] ] } },
{ "type": "Feature", "properties": { "grid_id": "40_29", "x_idx": 40, "y_idx": 29 }, "geometry": { "type": "Polygon", "coordinates": [ [ [ 122.259649864583011, 7.118614569747439 ], [ 122.268703495747587, 7.118614569747439 ], [ 122.268703495747587, 7.12759768149735 ], [ 122.259649864583011, 7.12759768149735 ], [ 122.259649864583011, 7.118614569747439 ] ] ] } },
{ "type": "Feature", "properties": { "grid_id": "41_29", "x_idx": 41, "y_idx": 29 }, "geometry": { "type": "Polygon", "coordinates": [ [ [ 122.268703495747573, 7.118614569747439 ], [ 122.277757126912149, 7.118614569747439 ], [ 122.277757126912149, 7.12759768149735 ], [ 122.268703495747573, 7.12759768149735 ], [ 122.268703495747573, 7.118614569747439 ] ] ] } },
{ "type": "Feature", "properties": { "grid_id": "0_30", "x_idx": 0, "y_idx": 30 }, "geometry": { "type": "Polygon", "coordinates": [ [ [ 121.897504618000099, 7.12759768149735 ], [ 121.906558249164675, 7.12759768149735 ], [ 121.906558249164675, 7.13658079324726 ], [ 121.897504618000099, 7.13658079324726 ], [ 121.897504618000099, 7.12759768149735 ] ] ] } },
{ "type": "Feature", "properties": { "grid_id": "1_30", "x_idx": 1, "y_idx": 30 }, "geometry": { "type": "Polygon", "coordinates": [ [ [ 121.906558249164675, 7.12759768149735 ], [ 121.915611880329251, 7.12759768149735 ], [ 121.915611880329251, 7.13658079324726 ], [ 121.906558249164675, 7.13658079324726 ], [ 121.906558249164675, 7.12759768149735 ] ] ] } },
{ "type": "Feature", "properties": { "grid_id": "2_30", "x_idx": 2, "y_idx": 30 }, "geometry": { "type": "Polygon", "coordinates": [ [ [ 121.915611880329237, 7.12759768149735 ], [ 121.924665511493814, 7.12759768149735 ], [ 121.924665511493814, 7.13658079324726 ], [ 121.915611880329237, 7.13658079324726 ], [ 121.915611880329237, 7.12759768149735 ] ] ] } },
{ "type": "Feature", "properties": { "grid_id": "3_30", "x_idx": 3, "y_idx": 30 }, "geometry": { "type": "Polygon", "coordinates": [ [ [ 121.924665511493814, 7.12759768149735 ], [ 121.93371914265839, 7.12759768149735 ], [ 121.93371914265839, 7.13658079324726 ], [ 121.924665511493814, 7.13658079324726 ], [ 121.924665511493814, 7.12759768149735 ] ] ] } },
{ "type": "Feature", "properties": { "grid_id": "4_30", "x_idx": 4, "y_idx": 30 }, "geometry": { "type": "Polygon", "coordinates": [ [ [ 121.93371914265839, 7.12759768149735 ], [ 121.942772773822966, 7.12759768149735 ], [ 121.942772773822966, 7.13658079324726 ], [ 121.93371914265839, 7.13658079324726 ], [ 121.93371914265839, 7.12759768149735 ] ] ] } },
{ "type": "Feature", "properties": { "grid_id": "5_30", "x_idx": 5, "y_idx": 30 }, "geometry": { "type": "Polygon", "coordinates": [ [ [ 121.942772773822966, 7.12759768149735 ], [ 121.951826404987543, 7.12759768149735 ], [ 121.951826404987543, 7.13658079324726 ], [ 121.942772773822966, 7.13658079324726 ], [ 121.942772773822966, 7.12759768149735 ] ] ] } },
{ "type": "Feature", "properties": { "grid_id": "6_30", "x_idx": 6, "y_idx": 30 }, "geometry": { "type": "Polygon", "coordinates": [ [ [ 121.951826404987528, 7.12759768149735 ], [ 121.960880036152105, 7.12759768149735 ], [ 121.960880036152105, 7.13658079324726 ], [ 121.951826404987528, 7.13658079324726 ], [ 121.951826404987528, 7.12759768149735 ] ] ] } },
{ "type": "Feature", "properties": { "grid_id": "7_30", "x_idx": 7, "y_idx": 30 }, "geometry": { "type": "Polygon", "coordinates": [ [ [ 121.960880036152105, 7.12759768149735 ], [ 121.969933667316681, 7.12759768149735 ], [ 121.969933667316681, 7.13658079324726 ], [ 121.960880036152105, 7.13658079324726 ], [ 121.960880036152105, 7.12759768149735 ] ] ] } },
{ "type": "Feature", "properties": { "grid_id": "8_30", "x_idx": 8, "y_idx": 30 }, "geometry": { "type": "Polygon", "coordinates": [ [ [ 121.969933667316681, 7.12759768149735 ], [ 121.978987298481258, 7.12759768149735 ], [ 121.978987298481258, 7.13658079324726 ], [ 121.969933667316681, 7.13658079324726 ], [ 121.969933667316681, 7.12759768149735 ] ] ] } },
{ "type": "Feature", "properties": { "grid_id": "9_30", "x_idx": 9, "y_idx": 30 }, "geometry": { "type": "Polygon", "coordinates": [ [ [ 121.978987298481258, 7.12759768149735 ], [ 121.988040929645834, 7.12759768149735 ], [ 121.988040929645834, 7.13658079324726 ], [ 121.978987298481258, 7.13658079324726 ], [ 121.978987298481258, 7.12759768149735 ] ] ] } },
{ "type": "Feature", "properties": { "grid_id": "10_30", "x_idx": 10, "y_idx": 30 }, "geometry": { "type": "Polygon", "coordinates": [ [ [ 121.98804092964582, 7.12759768149735 ], [ 121.997094560810396, 7.12759768149735 ], [ 121.997094560810396, 7.13658079324726 ], [ 121.98804092964582, 7.13658079324726 ], [ 121.98804092964582, 7.12759768149735 ] ] ] } },
{ "type": "Feature", "properties": { "grid_id": "11_30", "x_idx": 11, "y_idx": 30 }, "geometry": { "type": "Polygon", "coordinates": [ [ [ 121.997094560810396, 7.12759768149735 ], [ 122.006148191974972, 7.12759768149735 ], [ 122.006148191974972, 7.13658079324726 ], [ 121.997094560810396, 7.13658079324726 ], [ 121.997094560810396, 7.12759768149735 ] ] ] } },
{ "type": "Feature", "properties": { "grid_id": "12_30", "x_idx": 12, "y_idx": 30 }, "geometry": { "type": "Polygon", "coordinates": [ [ [ 122.006148191974972, 7.12759768149735 ], [ 122.015201823139549, 7.12759768149735 ], [ 122.015201823139549, 7.13658079324726 ], [ 122.006148191974972, 7.13658079324726 ], [ 122.006148191974972, 7.12759768149735 ] ] ] } },
{ "type": "Feature", "properties": { "grid_id": "13_30", "x_idx": 13, "y_idx": 30 }, "geometry": { "type": "Polygon", "coordinates": [ [ [ 122.015201823139549, 7.12759768149735 ], [ 122.024255454304125, 7.12759768149735 ], [ 122.024255454304125, 7.13658079324726 ], [ 122.015201823139549, 7.13658079324726 ], [ 122.015201823139549, 7.12759768149735 ] ] ] } },
{ "type": "Feature", "properties": { "grid_id": "14_30", "x_idx": 14, "y_idx": 30 }, "geometry": { "type": "Polygon", "coordinates": [ [ [ 122.024255454304111, 7.12759768149735 ], [ 122.033309085468687, 7.12759768149735 ], [ 122.033309085468687, 7.13658079324726 ], [ 122.024255454304111, 7.13658079324726 ], [ 122.024255454304111, 7.12759768149735 ] ] ] } },
{ "type": "Feature", "properties": { "grid_id": "15_30", "x_idx": 15, "y_idx": 30 }, "geometry": { "type": "Polygon", "coordinates": [ [ [ 122.033309085468687, 7.12759768149735 ], [ 122.042362716633264, 7.12759768149735 ], [ 122.042362716633264, 7.13658079324726 ], [ 122.033309085468687, 7.13658079324726 ], [ 122.033309085468687, 7.12759768149735 ] ] ] } },
{ "type": "Feature", "properties": { "grid_id": "16_30", "x_idx": 16, "y_idx": 30 }, "geometry": { "type": "Polygon", "coordinates": [ [ [ 122.042362716633264, 7.12759768149735 ], [ 122.05141634779784, 7.12759768149735 ], [ 122.05141634779784, 7.13658079324726 ], [ 122.042362716633264, 7.13658079324726 ], [ 122.042362716633264, 7.12759768149735 ] ] ] } },
{ "type": "Feature", "properties": { "grid_id": "17_30", "x_idx": 17, "y_idx": 30 }, "geometry": { "type": "Polygon", "coordinates": [ [ [ 122.05141634779784, 7.12759768149735 ], [ 122.060469978962416, 7.12759768149735 ], [ 122.060469978962416, 7.13658079324726 ], [ 122.05141634779784, 7.13658079324726 ], [ 122.05141634779784, 7.12759768149735 ] ] ] } },
{ "type": "Feature", "properties": { "grid_id": "18_30", "x_idx": 18, "y_idx": 30 }, "geometry": { "type": "Polygon", "coordinates": [ [ [ 122.060469978962402, 7.12759768149735 ], [ 122.069523610126978, 7.12759768149735 ], [ 122.069523610126978, 7.13658079324726 ], [ 122.060469978962402, 7.13658079324726 ], [ 122.060469978962402, 7.12759768149735 ] ] ] } },
{ "type": "Feature", "properties": { "grid_id": "19_30", "x_idx": 19, "y_idx": 30 }, "geometry": { "type": "Polygon", "coordinates": [ [ [ 122.069523610126978, 7.12759768149735 ], [ 122.078577241291555, 7.12759768149735 ], [ 122.078577241291555, 7.13658079324726 ], [ 122.069523610126978, 7.13658079324726 ], [ 122.069523610126978, 7.12759768149735 ] ] ] } },
{ "type": "Feature", "properties": { "grid_id": "20_30", "x_idx": 20, "y_idx": 30 }, "geometry": { "type": "Polygon", "coordinates": [ [ [ 122.078577241291555, 7.12759768149735 ], [ 122.087630872456131, 7.12759768149735 ], [ 122.087630872456131, 7.13658079324726 ], [ 122.078577241291555, 7.13658079324726 ], [ 122.078577241291555, 7.12759768149735 ] ] ] } },
{ "type": "Feature", "properties": { "grid_id": "21_30", "x_idx": 21, "y_idx": 30 }, "geometry": { "type": "Polygon", "coordinates": [ [ [ 122.087630872456131, 7.12759768149735 ], [ 122.096684503620708, 7.12759768149735 ], [ 122.096684503620708, 7.13658079324726 ], [ 122.087630872456131, 7.13658079324726 ], [ 122.087630872456131, 7.12759768149735 ] ] ] } },
{ "type": "Feature", "properties": { "grid_id": "22_30", "x_idx": 22, "y_idx": 30 }, "geometry": { "type": "Polygon", "coordinates": [ [ [ 122.096684503620693, 7.12759768149735 ], [ 122.10573813478527, 7.12759768149735 ], [ 122.10573813478527, 7.13658079324726 ], [ 122.096684503620693, 7.13658079324726 ], [ 122.096684503620693, 7.12759768149735 ] ] ] } },
{ "type": "Feature", "properties": { "grid_id": "23_30", "x_idx": 23, "y_idx": 30 }, "geometry": { "type": "Polygon", "coordinates": [ [ [ 122.10573813478527, 7.12759768149735 ], [ 122.114791765949846, 7.12759768149735 ], [ 122.114791765949846, 7.13658079324726 ], [ 122.10573813478527, 7.13658079324726 ], [ 122.10573813478527, 7.12759768149735 ] ] ] } },
{ "type": "Feature", "properties": { "grid_id": "24_30", "x_idx": 24, "y_idx": 30 }, "geometry": { "type": "Polygon", "coordinates": [ [ [ 122.114791765949846, 7.12759768149735 ], [ 122.123845397114422, 7.12759768149735 ], [ 122.123845397114422, 7.13658079324726 ], [ 122.114791765949846, 7.13658079324726 ], [ 122.114791765949846, 7.12759768149735 ] ] ] } },
{ "type": "Feature", "properties": { "grid_id": "25_30", "x_idx": 25, "y_idx": 30 }, "geometry": { "type": "Polygon", "coordinates": [ [ [ 122.123845397114408, 7.12759768149735 ], [ 122.132899028278985, 7.12759768149735 ], [ 122.132899028278985, 7.13658079324726 ], [ 122.123845397114408, 7.13658079324726 ], [ 122.123845397114408, 7.12759768149735 ] ] ] } },
{ "type": "Feature", "properties": { "grid_id": "26_30", "x_idx": 26, "y_idx": 30 }, "geometry": { "type": "Polygon", "coordinates": [ [ [ 122.132899028278985, 7.12759768149735 ], [ 122.141952659443561, 7.12759768149735 ], [ 122.141952659443561, 7.13658079324726 ], [ 122.132899028278985, 7.13658079324726 ], [ 122.132899028278985, 7.12759768149735 ] ] ] } },
{ "type": "Feature", "properties": { "grid_id": "27_30", "x_idx": 27, "y_idx": 30 }, "geometry": { "type": "Polygon", "coordinates": [ [ [ 122.141952659443561, 7.12759768149735 ], [ 122.151006290608137, 7.12759768149735 ], [ 122.151006290608137, 7.13658079324726 ], [ 122.141952659443561, 7.13658079324726 ], [ 122.141952659443561, 7.12759768149735 ] ] ] } },
{ "type": "Feature", "properties": { "grid_id": "28_30", "x_idx": 28, "y_idx": 30 }, "geometry": { "type": "Polygon", "coordinates": [ [ [ 122.151006290608137, 7.12759768149735 ], [ 122.160059921772714, 7.12759768149735 ], [ 122.160059921772714, 7.13658079324726 ], [ 122.151006290608137, 7.13658079324726 ], [ 122.151006290608137, 7.12759768149735 ] ] ] } },
{ "type": "Feature", "properties": { "grid_id": "29_30", "x_idx": 29, "y_idx": 30 }, "geometry": { "type": "Polygon", "coordinates": [ [ [ 122.160059921772699, 7.12759768149735 ], [ 122.169113552937276, 7.12759768149735 ], [ 122.169113552937276, 7.13658079324726 ], [ 122.160059921772699, 7.13658079324726 ], [ 122.160059921772699, 7.12759768149735 ] ] ] } },
{ "type": "Feature", "properties": { "grid_id": "30_30", "x_idx": 30, "y_idx": 30 }, "geometry": { "type": "Polygon", "coordinates": [ [ [ 122.169113552937276, 7.12759768149735 ], [ 122.178167184101852, 7.12759768149735 ], [ 122.178167184101852, 7.13658079324726 ], [ 122.169113552937276, 7.13658079324726 ], [ 122.169113552937276, 7.12759768149735 ] ] ] } },
{ "type": "Feature", "properties": { "grid_id": "31_30", "x_idx": 31, "y_idx": 30 }, "geometry": { "type": "Polygon", "coordinates": [ [ [ 122.178167184101852, 7.12759768149735 ], [ 122.187220815266429, 7.12759768149735 ], [ 122.187220815266429, 7.13658079324726 ], [ 122.178167184101852, 7.13658079324726 ], [ 122.178167184101852, 7.12759768149735 ] ] ] } },
{ "type": "Feature", "properties": { "grid_id": "32_30", "x_idx": 32, "y_idx": 30 }, "geometry": { "type": "Polygon", "coordinates": [ [ [ 122.187220815266429, 7.12759768149735 ], [ 122.196274446431005, 7.12759768149735 ], [ 122.196274446431005, 7.13658079324726 ], [ 122.187220815266429, 7.13658079324726 ], [ 122.187220815266429, 7.12759768149735 ] ] ] } },
{ "type": "Feature", "properties": { "grid_id": "33_30", "x_idx": 33, "y_idx": 30 }, "geometry": { "type": "Polygon", "coordinates": [ [ [ 122.196274446430991, 7.12759768149735 ], [ 122.205328077595567, 7.12759768149735 ], [ 122.205328077595567, 7.13658079324726 ], [ 122.196274446430991, 7.13658079324726 ], [ 122.196274446430991, 7.12759768149735 ] ] ] } },
{ "type": "Feature", "properties": { "grid_id": "34_30", "x_idx": 34, "y_idx": 30 }, "geometry": { "type": "Polygon", "coordinates": [ [ [ 122.205328077595567, 7.12759768149735 ], [ 122.214381708760143, 7.12759768149735 ], [ 122.214381708760143, 7.13658079324726 ], [ 122.205328077595567, 7.13658079324726 ], [ 122.205328077595567, 7.12759768149735 ] ] ] } },
{ "type": "Feature", "properties": { "grid_id": "35_30", "x_idx": 35, "y_idx": 30 }, "geometry": { "type": "Polygon", "coordinates": [ [ [ 122.214381708760143, 7.12759768149735 ], [ 122.22343533992472, 7.12759768149735 ], [ 122.22343533992472, 7.13658079324726 ], [ 122.214381708760143, 7.13658079324726 ], [ 122.214381708760143, 7.12759768149735 ] ] ] } },
{ "type": "Feature", "properties": { "grid_id": "36_30", "x_idx": 36, "y_idx": 30 }, "geometry": { "type": "Polygon", "coordinates": [ [ [ 122.22343533992472, 7.12759768149735 ], [ 122.232488971089296, 7.12759768149735 ], [ 122.232488971089296, 7.13658079324726 ], [ 122.22343533992472, 7.13658079324726 ], [ 122.22343533992472, 7.12759768149735 ] ] ] } },
{ "type": "Feature", "properties": { "grid_id": "37_30", "x_idx": 37, "y_idx": 30 }, "geometry": { "type": "Polygon", "coordinates": [ [ [ 122.232488971089282, 7.12759768149735 ], [ 122.241542602253858, 7.12759768149735 ], [ 122.241542602253858, 7.13658079324726 ], [ 122.232488971089282, 7.13658079324726 ], [ 122.232488971089282, 7.12759768149735 ] ] ] } },
{ "type": "Feature", "properties": { "grid_id": "38_30", "x_idx": 38, "y_idx": 30 }, "geometry": { "type": "Polygon", "coordinates": [ [ [ 122.241542602253858, 7.12759768149735 ], [ 122.250596233418435, 7.12759768149735 ], [ 122.250596233418435, 7.13658079324726 ], [ 122.241542602253858, 7.13658079324726 ], [ 122.241542602253858, 7.12759768149735 ] ] ] } },
{ "type": "Feature", "properties": { "grid_id": "39_30", "x_idx": 39, "y_idx": 30 }, "geometry": { "type": "Polygon", "coordinates": [ [ [ 122.250596233418435, 7.12759768149735 ], [ 122.259649864583011, 7.12759768149735 ], [ 122.259649864583011, 7.13658079324726 ], [ 122.250596233418435, 7.13658079324726 ], [ 122.250596233418435, 7.12759768149735 ] ] ] } },
{ "type": "Feature", "properties": { "grid_id": "40_30", "x_idx": 40, "y_idx": 30 }, "geometry": { "type": "Polygon", "coordinates": [ [ [ 122.259649864583011, 7.12759768149735 ], [ 122.268703495747587, 7.12759768149735 ], [ 122.268703495747587, 7.13658079324726 ], [ 122.259649864583011, 7.13658079324726 ], [ 122.259649864583011, 7.12759768149735 ] ] ] } },
{ "type": "Feature", "properties": { "grid_id": "41_30", "x_idx": 41, "y_idx": 30 }, "geometry": { "type": "Polygon", "coordinates": [ [ [ 122.268703495747573, 7.12759768149735 ], [ 122.277757126912149, 7.12759768149735 ], [ 122.277757126912149, 7.13658079324726 ], [ 122.268703495747573, 7.13658079324726 ], [ 122.268703495747573, 7.12759768149735 ] ] ] } },
{ "type": "Feature", "properties": { "grid_id": "0_31", "x_idx": 0, "y_idx": 31 }, "geometry": { "type": "Polygon", "coordinates": [ [ [ 121.897504618000099, 7.13658079324726 ], [ 121.906558249164675, 7.13658079324726 ], [ 121.906558249164675, 7.145563904997171 ], [ 121.897504618000099, 7.145563904997171 ], [ 121.897504618000099, 7.13658079324726 ] ] ] } },
{ "type": "Feature", "properties": { "grid_id": "1_31", "x_idx": 1, "y_idx": 31 }, "geometry": { "type": "Polygon", "coordinates": [ [ [ 121.906558249164675, 7.13658079324726 ], [ 121.915611880329251, 7.13658079324726 ], [ 121.915611880329251, 7.145563904997171 ], [ 121.906558249164675, 7.145563904997171 ], [ 121.906558249164675, 7.13658079324726 ] ] ] } },
{ "type": "Feature", "properties": { "grid_id": "2_31", "x_idx": 2, "y_idx": 31 }, "geometry": { "type": "Polygon", "coordinates": [ [ [ 121.915611880329237, 7.13658079324726 ], [ 121.924665511493814, 7.13658079324726 ], [ 121.924665511493814, 7.145563904997171 ], [ 121.915611880329237, 7.145563904997171 ], [ 121.915611880329237, 7.13658079324726 ] ] ] } },
{ "type": "Feature", "properties": { "grid_id": "3_31", "x_idx": 3, "y_idx": 31 }, "geometry": { "type": "Polygon", "coordinates": [ [ [ 121.924665511493814, 7.13658079324726 ], [ 121.93371914265839, 7.13658079324726 ], [ 121.93371914265839, 7.145563904997171 ], [ 121.924665511493814, 7.145563904997171 ], [ 121.924665511493814, 7.13658079324726 ] ] ] } },
{ "type": "Feature", "properties": { "grid_id": "4_31", "x_idx": 4, "y_idx": 31 }, "geometry": { "type": "Polygon", "coordinates": [ [ [ 121.93371914265839, 7.13658079324726 ], [ 121.942772773822966, 7.13658079324726 ], [ 121.942772773822966, 7.145563904997171 ], [ 121.93371914265839, 7.145563904997171 ], [ 121.93371914265839, 7.13658079324726 ] ] ] } },
{ "type": "Feature", "properties": { "grid_id": "5_31", "x_idx": 5, "y_idx": 31 }, "geometry": { "type": "Polygon", "coordinates": [ [ [ 121.942772773822966, 7.13658079324726 ], [ 121.951826404987543, 7.13658079324726 ], [ 121.951826404987543, 7.145563904997171 ], [ 121.942772773822966, 7.145563904997171 ], [ 121.942772773822966, 7.13658079324726 ] ] ] } },
{ "type": "Feature", "properties": { "grid_id": "6_31", "x_idx": 6, "y_idx": 31 }, "geometry": { "type": "Polygon", "coordinates": [ [ [ 121.951826404987528, 7.13658079324726 ], [ 121.960880036152105, 7.13658079324726 ], [ 121.960880036152105, 7.145563904997171 ], [ 121.951826404987528, 7.145563904997171 ], [ 121.951826404987528, 7.13658079324726 ] ] ] } },
{ "type": "Feature", "properties": { "grid_id": "7_31", "x_idx": 7, "y_idx": 31 }, "geometry": { "type": "Polygon", "coordinates": [ [ [ 121.960880036152105, 7.13658079324726 ], [ 121.969933667316681, 7.13658079324726 ], [ 121.969933667316681, 7.145563904997171 ], [ 121.960880036152105, 7.145563904997171 ], [ 121.960880036152105, 7.13658079324726 ] ] ] } },
{ "type": "Feature", "properties": { "grid_id": "8_31", "x_idx": 8, "y_idx": 31 }, "geometry": { "type": "Polygon", "coordinates": [ [ [ 121.969933667316681, 7.13658079324726 ], [ 121.978987298481258, 7.13658079324726 ], [ 121.978987298481258, 7.145563904997171 ], [ 121.969933667316681, 7.145563904997171 ], [ 121.969933667316681, 7.13658079324726 ] ] ] } },
{ "type": "Feature", "properties": { "grid_id": "9_31", "x_idx": 9, "y_idx": 31 }, "geometry": { "type": "Polygon", "coordinates": [ [ [ 121.978987298481258, 7.13658079324726 ], [ 121.988040929645834, 7.13658079324726 ], [ 121.988040929645834, 7.145563904997171 ], [ 121.978987298481258, 7.145563904997171 ], [ 121.978987298481258, 7.13658079324726 ] ] ] } },
{ "type": "Feature", "properties": { "grid_id": "10_31", "x_idx": 10, "y_idx": 31 }, "geometry": { "type": "Polygon", "coordinates": [ [ [ 121.98804092964582, 7.13658079324726 ], [ 121.997094560810396, 7.13658079324726 ], [ 121.997094560810396, 7.145563904997171 ], [ 121.98804092964582, 7.145563904997171 ], [ 121.98804092964582, 7.13658079324726 ] ] ] } },
{ "type": "Feature", "properties": { "grid_id": "11_31", "x_idx": 11, "y_idx": 31 }, "geometry": { "type": "Polygon", "coordinates": [ [ [ 121.997094560810396, 7.13658079324726 ], [ 122.006148191974972, 7.13658079324726 ], [ 122.006148191974972, 7.145563904997171 ], [ 121.997094560810396, 7.145563904997171 ], [ 121.997094560810396, 7.13658079324726 ] ] ] } },
{ "type": "Feature", "properties": { "grid_id": "12_31", "x_idx": 12, "y_idx": 31 }, "geometry": { "type": "Polygon", "coordinates": [ [ [ 122.006148191974972, 7.13658079324726 ], [ 122.015201823139549, 7.13658079324726 ], [ 122.015201823139549, 7.145563904997171 ], [ 122.006148191974972, 7.145563904997171 ], [ 122.006148191974972, 7.13658079324726 ] ] ] } },
{ "type": "Feature", "properties": { "grid_id": "13_31", "x_idx": 13, "y_idx": 31 }, "geometry": { "type": "Polygon", "coordinates": [ [ [ 122.015201823139549, 7.13658079324726 ], [ 122.024255454304125, 7.13658079324726 ], [ 122.024255454304125, 7.145563904997171 ], [ 122.015201823139549, 7.145563904997171 ], [ 122.015201823139549, 7.13658079324726 ] ] ] } },
{ "type": "Feature", "properties": { "grid_id": "14_31", "x_idx": 14, "y_idx": 31 }, "geometry": { "type": "Polygon", "coordinates": [ [ [ 122.024255454304111, 7.13658079324726 ], [ 122.033309085468687, 7.13658079324726 ], [ 122.033309085468687, 7.145563904997171 ], [ 122.024255454304111, 7.145563904997171 ], [ 122.024255454304111, 7.13658079324726 ] ] ] } },
{ "type": "Feature", "properties": { "grid_id": "15_31", "x_idx": 15, "y_idx": 31 }, "geometry": { "type": "Polygon", "coordinates": [ [ [ 122.033309085468687, 7.13658079324726 ], [ 122.042362716633264, 7.13658079324726 ], [ 122.042362716633264, 7.145563904997171 ], [ 122.033309085468687, 7.145563904997171 ], [ 122.033309085468687, 7.13658079324726 ] ] ] } },
{ "type": "Feature", "properties": { "grid_id": "16_31", "x_idx": 16, "y_idx": 31 }, "geometry": { "type": "Polygon", "coordinates": [ [ [ 122.042362716633264, 7.13658079324726 ], [ 122.05141634779784, 7.13658079324726 ], [ 122.05141634779784, 7.145563904997171 ], [ 122.042362716633264, 7.145563904997171 ], [ 122.042362716633264, 7.13658079324726 ] ] ] } },
{ "type": "Feature", "properties": { "grid_id": "17_31", "x_idx": 17, "y_idx": 31 }, "geometry": { "type": "Polygon", "coordinates": [ [ [ 122.05141634779784, 7.13658079324726 ], [ 122.060469978962416, 7.13658079324726 ], [ 122.060469978962416, 7.145563904997171 ], [ 122.05141634779784, 7.145563904997171 ], [ 122.05141634779784, 7.13658079324726 ] ] ] } },
{ "type": "Feature", "properties": { "grid_id": "18_31", "x_idx": 18, "y_idx": 31 }, "geometry": { "type": "Polygon", "coordinates": [ [ [ 122.060469978962402, 7.13658079324726 ], [ 122.069523610126978, 7.13658079324726 ], [ 122.069523610126978, 7.145563904997171 ], [ 122.060469978962402, 7.145563904997171 ], [ 122.060469978962402, 7.13658079324726 ] ] ] } },
{ "type": "Feature", "properties": { "grid_id": "19_31", "x_idx": 19, "y_idx": 31 }, "geometry": { "type": "Polygon", "coordinates": [ [ [ 122.069523610126978, 7.13658079324726 ], [ 122.078577241291555, 7.13658079324726 ], [ 122.078577241291555, 7.145563904997171 ], [ 122.069523610126978, 7.145563904997171 ], [ 122.069523610126978, 7.13658079324726 ] ] ] } },
{ "type": "Feature", "properties": { "grid_id": "20_31", "x_idx": 20, "y_idx": 31 }, "geometry": { "type": "Polygon", "coordinates": [ [ [ 122.078577241291555, 7.13658079324726 ], [ 122.087630872456131, 7.13658079324726 ], [ 122.087630872456131, 7.145563904997171 ], [ 122.078577241291555, 7.145563904997171 ], [ 122.078577241291555, 7.13658079324726 ] ] ] } },
{ "type": "Feature", "properties": { "grid_id": "21_31", "x_idx": 21, "y_idx": 31 }, "geometry": { "type": "Polygon", "coordinates": [ [ [ 122.087630872456131, 7.13658079324726 ], [ 122.096684503620708, 7.13658079324726 ], [ 122.096684503620708, 7.145563904997171 ], [ 122.087630872456131, 7.145563904997171 ], [ 122.087630872456131, 7.13658079324726 ] ] ] } },
{ "type": "Feature", "properties": { "grid_id": "22_31", "x_idx": 22, "y_idx": 31 }, "geometry": { "type": "Polygon", "coordinates": [ [ [ 122.096684503620693, 7.13658079324726 ], [ 122.10573813478527, 7.13658079324726 ], [ 122.10573813478527, 7.145563904997171 ], [ 122.096684503620693, 7.145563904997171 ], [ 122.096684503620693, 7.13658079324726 ] ] ] } },
{ "type": "Feature", "properties": { "grid_id": "23_31", "x_idx": 23, "y_idx": 31 }, "geometry": { "type": "Polygon", "coordinates": [ [ [ 122.10573813478527, 7.13658079324726 ], [ 122.114791765949846, 7.13658079324726 ], [ 122.114791765949846, 7.145563904997171 ], [ 122.10573813478527, 7.145563904997171 ], [ 122.10573813478527, 7.13658079324726 ] ] ] } },
{ "type": "Feature", "properties": { "grid_id": "24_31", "x_idx": 24, "y_idx": 31 }, "geometry": { "type": "Polygon", "coordinates": [ [ [ 122.114791765949846, 7.13658079324726 ], [ 122.123845397114422, 7.13658079324726 ], [ 122.123845397114422, 7.145563904997171 ], [ 122.114791765949846, 7.145563904997171 ], [ 122.114791765949846, 7.13658079324726 ] ] ] } },
{ "type": "Feature", "properties": { "grid_id": "25_31", "x_idx": 25, "y_idx": 31 }, "geometry": { "type": "Polygon", "coordinates": [ [ [ 122.123845397114408, 7.13658079324726 ], [ 122.132899028278985, 7.13658079324726 ], [ 122.132899028278985, 7.145563904997171 ], [ 122.123845397114408, 7.145563904997171 ], [ 122.123845397114408, 7.13658079324726 ] ] ] } },
{ "type": "Feature", "properties": { "grid_id": "26_31", "x_idx": 26, "y_idx": 31 }, "geometry": { "type": "Polygon", "coordinates": [ [ [ 122.132899028278985, 7.13658079324726 ], [ 122.141952659443561, 7.13658079324726 ], [ 122.141952659443561, 7.145563904997171 ], [ 122.132899028278985, 7.145563904997171 ], [ 122.132899028278985, 7.13658079324726 ] ] ] } },
{ "type": "Feature", "properties": { "grid_id": "27_31", "x_idx": 27, "y_idx": 31 }, "geometry": { "type": "Polygon", "coordinates": [ [ [ 122.141952659443561, 7.13658079324726 ], [ 122.151006290608137, 7.13658079324726 ], [ 122.151006290608137, 7.145563904997171 ], [ 122.141952659443561, 7.145563904997171 ], [ 122.141952659443561, 7.13658079324726 ] ] ] } },
{ "type": "Feature", "properties": { "grid_id": "28_31", "x_idx": 28, "y_idx": 31 }, "geometry": { "type": "Polygon", "coordinates": [ [ [ 122.151006290608137, 7.13658079324726 ], [ 122.160059921772714, 7.13658079324726 ], [ 122.160059921772714, 7.145563904997171 ], [ 122.151006290608137, 7.145563904997171 ], [ 122.151006290608137, 7.13658079324726 ] ] ] } },
{ "type": "Feature", "properties": { "grid_id": "29_31", "x_idx": 29, "y_idx": 31 }, "geometry": { "type": "Polygon", "coordinates": [ [ [ 122.160059921772699, 7.13658079324726 ], [ 122.169113552937276, 7.13658079324726 ], [ 122.169113552937276, 7.145563904997171 ], [ 122.160059921772699, 7.145563904997171 ], [ 122.160059921772699, 7.13658079324726 ] ] ] } },
{ "type": "Feature", "properties": { "grid_id": "30_31", "x_idx": 30, "y_idx": 31 }, "geometry": { "type": "Polygon", "coordinates": [ [ [ 122.169113552937276, 7.13658079324726 ], [ 122.178167184101852, 7.13658079324726 ], [ 122.178167184101852, 7.145563904997171 ], [ 122.169113552937276, 7.145563904997171 ], [ 122.169113552937276, 7.13658079324726 ] ] ] } },
{ "type": "Feature", "properties": { "grid_id": "31_31", "x_idx": 31, "y_idx": 31 }, "geometry": { "type": "Polygon", "coordinates": [ [ [ 122.178167184101852, 7.13658079324726 ], [ 122.187220815266429, 7.13658079324726 ], [ 122.187220815266429, 7.145563904997171 ], [ 122.178167184101852, 7.145563904997171 ], [ 122.178167184101852, 7.13658079324726 ] ] ] } },
{ "type": "Feature", "properties": { "grid_id": "32_31", "x_idx": 32, "y_idx": 31 }, "geometry": { "type": "Polygon", "coordinates": [ [ [ 122.187220815266429, 7.13658079324726 ], [ 122.196274446431005, 7.13658079324726 ], [ 122.196274446431005, 7.145563904997171 ], [ 122.187220815266429, 7.145563904997171 ], [ 122.187220815266429, 7.13658079324726 ] ] ] } },
{ "type": "Feature", "properties": { "grid_id": "33_31", "x_idx": 33, "y_idx": 31 }, "geometry": { "type": "Polygon", "coordinates": [ [ [ 122.196274446430991, 7.13658079324726 ], [ 122.205328077595567, 7.13658079324726 ], [ 122.205328077595567, 7.145563904997171 ], [ 122.196274446430991, 7.145563904997171 ], [ 122.196274446430991, 7.13658079324726 ] ] ] } },
{ "type": "Feature", "properties": { "grid_id": "34_31", "x_idx": 34, "y_idx": 31 }, "geometry": { "type": "Polygon", "coordinates": [ [ [ 122.205328077595567, 7.13658079324726 ], [ 122.214381708760143, 7.13658079324726 ], [ 122.214381708760143, 7.145563904997171 ], [ 122.205328077595567, 7.145563904997171 ], [ 122.205328077595567, 7.13658079324726 ] ] ] } },
{ "type": "Feature", "properties": { "grid_id": "35_31", "x_idx": 35, "y_idx": 31 }, "geometry": { "type": "Polygon", "coordinates": [ [ [ 122.214381708760143, 7.13658079324726 ], [ 122.22343533992472, 7.13658079324726 ], [ 122.22343533992472, 7.145563904997171 ], [ 122.214381708760143, 7.145563904997171 ], [ 122.214381708760143, 7.13658079324726 ] ] ] } },
{ "type": "Feature", "properties": { "grid_id": "36_31", "x_idx": 36, "y_idx": 31 }, "geometry": { "type": "Polygon", "coordinates": [ [ [ 122.22343533992472, 7.13658079324726 ], [ 122.232488971089296, 7.13658079324726 ], [ 122.232488971089296, 7.145563904997171 ], [ 122.22343533992472, 7.145563904997171 ], [ 122.22343533992472, 7.13658079324726 ] ] ] } },
{ "type": "Feature", "properties": { "grid_id": "37_31", "x_idx": 37, "y_idx": 31 }, "geometry": { "type": "Polygon", "coordinates": [ [ [ 122.232488971089282, 7.13658079324726 ], [ 122.241542602253858, 7.13658079324726 ], [ 122.241542602253858, 7.145563904997171 ], [ 122.232488971089282, 7.145563904997171 ], [ 122.232488971089282, 7.13658079324726 ] ] ] } },
{ "type": "Feature", "properties": { "grid_id": "38_31", "x_idx": 38, "y_idx": 31 }, "geometry": { "type": "Polygon", "coordinates": [ [ [ 122.241542602253858, 7.13658079324726 ], [ 122.250596233418435, 7.13658079324726 ], [ 122.250596233418435, 7.145563904997171 ], [ 122.241542602253858, 7.145563904997171 ], [ 122.241542602253858, 7.13658079324726 ] ] ] } },
{ "type": "Feature", "properties": { "grid_id": "39_31", "x_idx": 39, "y_idx": 31 }, "geometry": { "type": "Polygon", "coordinates": [ [ [ 122.250596233418435, 7.13658079324726 ], [ 122.259649864583011, 7.13658079324726 ], [ 122.259649864583011, 7.145563904997171 ], [ 122.250596233418435, 7.145563904997171 ], [ 122.250596233418435, 7.13658079324726 ] ] ] } },
{ "type": "Feature", "properties": { "grid_id": "40_31", "x_idx": 40, "y_idx": 31 }, "geometry": { "type": "Polygon", "coordinates": [ [ [ 122.259649864583011, 7.13658079324726 ], [ 122.268703495747587, 7.13658079324726 ], [ 122.268703495747587, 7.145563904997171 ], [ 122.259649864583011, 7.145563904997171 ], [ 122.259649864583011, 7.13658079324726 ] ] ] } },
{ "type": "Feature", "properties": { "grid_id": "0_32", "x_idx": 0, "y_idx": 32 }, "geometry": { "type": "Polygon", "coordinates": [ [ [ 121.897504618000099, 7.145563904997171 ], [ 121.906558249164675, 7.145563904997171 ], [ 121.906558249164675, 7.154547016747081 ], [ 121.897504618000099, 7.154547016747081 ], [ 121.897504618000099, 7.145563904997171 ] ] ] } },
{ "type": "Feature", "properties": { "grid_id": "1_32", "x_idx": 1, "y_idx": 32 }, "geometry": { "type": "Polygon", "coordinates": [ [ [ 121.906558249164675, 7.145563904997171 ], [ 121.915611880329251, 7.145563904997171 ], [ 121.915611880329251, 7.154547016747081 ], [ 121.906558249164675, 7.154547016747081 ], [ 121.906558249164675, 7.145563904997171 ] ] ] } },
{ "type": "Feature", "properties": { "grid_id": "4_32", "x_idx": 4, "y_idx": 32 }, "geometry": { "type": "Polygon", "coordinates": [ [ [ 121.93371914265839, 7.145563904997171 ], [ 121.942772773822966, 7.145563904997171 ], [ 121.942772773822966, 7.154547016747081 ], [ 121.93371914265839, 7.154547016747081 ], [ 121.93371914265839, 7.145563904997171 ] ] ] } },
{ "type": "Feature", "properties": { "grid_id": "5_32", "x_idx": 5, "y_idx": 32 }, "geometry": { "type": "Polygon", "coordinates": [ [ [ 121.942772773822966, 7.145563904997171 ], [ 121.951826404987543, 7.145563904997171 ], [ 121.951826404987543, 7.154547016747081 ], [ 121.942772773822966, 7.154547016747081 ], [ 121.942772773822966, 7.145563904997171 ] ] ] } },
{ "type": "Feature", "properties": { "grid_id": "6_32", "x_idx": 6, "y_idx": 32 }, "geometry": { "type": "Polygon", "coordinates": [ [ [ 121.951826404987528, 7.145563904997171 ], [ 121.960880036152105, 7.145563904997171 ], [ 121.960880036152105, 7.154547016747081 ], [ 121.951826404987528, 7.154547016747081 ], [ 121.951826404987528, 7.145563904997171 ] ] ] } },
{ "type": "Feature", "properties": { "grid_id": "7_32", "x_idx": 7, "y_idx": 32 }, "geometry": { "type": "Polygon", "coordinates": [ [ [ 121.960880036152105, 7.145563904997171 ], [ 121.969933667316681, 7.145563904997171 ], [ 121.969933667316681, 7.154547016747081 ], [ 121.960880036152105, 7.154547016747081 ], [ 121.960880036152105, 7.145563904997171 ] ] ] } },
{ "type": "Feature", "properties": { "grid_id": "8_32", "x_idx": 8, "y_idx": 32 }, "geometry": { "type": "Polygon", "coordinates": [ [ [ 121.969933667316681, 7.145563904997171 ], [ 121.978987298481258, 7.145563904997171 ], [ 121.978987298481258, 7.154547016747081 ], [ 121.969933667316681, 7.154547016747081 ], [ 121.969933667316681, 7.145563904997171 ] ] ] } },
{ "type": "Feature", "properties": { "grid_id": "9_32", "x_idx": 9, "y_idx": 32 }, "geometry": { "type": "Polygon", "coordinates": [ [ [ 121.978987298481258, 7.145563904997171 ], [ 121.988040929645834, 7.145563904997171 ], [ 121.988040929645834, 7.154547016747081 ], [ 121.978987298481258, 7.154547016747081 ], [ 121.978987298481258, 7.145563904997171 ] ] ] } },
{ "type": "Feature", "properties": { "grid_id": "10_32", "x_idx": 10, "y_idx": 32 }, "geometry": { "type": "Polygon", "coordinates": [ [ [ 121.98804092964582, 7.145563904997171 ], [ 121.997094560810396, 7.145563904997171 ], [ 121.997094560810396, 7.154547016747081 ], [ 121.98804092964582, 7.154547016747081 ], [ 121.98804092964582, 7.145563904997171 ] ] ] } },
{ "type": "Feature", "properties": { "grid_id": "11_32", "x_idx": 11, "y_idx": 32 }, "geometry": { "type": "Polygon", "coordinates": [ [ [ 121.997094560810396, 7.145563904997171 ], [ 122.006148191974972, 7.145563904997171 ], [ 122.006148191974972, 7.154547016747081 ], [ 121.997094560810396, 7.154547016747081 ], [ 121.997094560810396, 7.145563904997171 ] ] ] } },
{ "type": "Feature", "properties": { "grid_id": "12_32", "x_idx": 12, "y_idx": 32 }, "geometry": { "type": "Polygon", "coordinates": [ [ [ 122.006148191974972, 7.145563904997171 ], [ 122.015201823139549, 7.145563904997171 ], [ 122.015201823139549, 7.154547016747081 ], [ 122.006148191974972, 7.154547016747081 ], [ 122.006148191974972, 7.145563904997171 ] ] ] } },
{ "type": "Feature", "properties": { "grid_id": "13_32", "x_idx": 13, "y_idx": 32 }, "geometry": { "type": "Polygon", "coordinates": [ [ [ 122.015201823139549, 7.145563904997171 ], [ 122.024255454304125, 7.145563904997171 ], [ 122.024255454304125, 7.154547016747081 ], [ 122.015201823139549, 7.154547016747081 ], [ 122.015201823139549, 7.145563904997171 ] ] ] } },
{ "type": "Feature", "properties": { "grid_id": "14_32", "x_idx": 14, "y_idx": 32 }, "geometry": { "type": "Polygon", "coordinates": [ [ [ 122.024255454304111, 7.145563904997171 ], [ 122.033309085468687, 7.145563904997171 ], [ 122.033309085468687, 7.154547016747081 ], [ 122.024255454304111, 7.154547016747081 ], [ 122.024255454304111, 7.145563904997171 ] ] ] } },
{ "type": "Feature", "properties": { "grid_id": "15_32", "x_idx": 15, "y_idx": 32 }, "geometry": { "type": "Polygon", "coordinates": [ [ [ 122.033309085468687, 7.145563904997171 ], [ 122.042362716633264, 7.145563904997171 ], [ 122.042362716633264, 7.154547016747081 ], [ 122.033309085468687, 7.154547016747081 ], [ 122.033309085468687, 7.145563904997171 ] ] ] } },
{ "type": "Feature", "properties": { "grid_id": "16_32", "x_idx": 16, "y_idx": 32 }, "geometry": { "type": "Polygon", "coordinates": [ [ [ 122.042362716633264, 7.145563904997171 ], [ 122.05141634779784, 7.145563904997171 ], [ 122.05141634779784, 7.154547016747081 ], [ 122.042362716633264, 7.154547016747081 ], [ 122.042362716633264, 7.145563904997171 ] ] ] } },
{ "type": "Feature", "properties": { "grid_id": "17_32", "x_idx": 17, "y_idx": 32 }, "geometry": { "type": "Polygon", "coordinates": [ [ [ 122.05141634779784, 7.145563904997171 ], [ 122.060469978962416, 7.145563904997171 ], [ 122.060469978962416, 7.154547016747081 ], [ 122.05141634779784, 7.154547016747081 ], [ 122.05141634779784, 7.145563904997171 ] ] ] } },
{ "type": "Feature", "properties": { "grid_id": "18_32", "x_idx": 18, "y_idx": 32 }, "geometry": { "type": "Polygon", "coordinates": [ [ [ 122.060469978962402, 7.145563904997171 ], [ 122.069523610126978, 7.145563904997171 ], [ 122.069523610126978, 7.154547016747081 ], [ 122.060469978962402, 7.154547016747081 ], [ 122.060469978962402, 7.145563904997171 ] ] ] } },
{ "type": "Feature", "properties": { "grid_id": "19_32", "x_idx": 19, "y_idx": 32 }, "geometry": { "type": "Polygon", "coordinates": [ [ [ 122.069523610126978, 7.145563904997171 ], [ 122.078577241291555, 7.145563904997171 ], [ 122.078577241291555, 7.154547016747081 ], [ 122.069523610126978, 7.154547016747081 ], [ 122.069523610126978, 7.145563904997171 ] ] ] } },
{ "type": "Feature", "properties": { "grid_id": "20_32", "x_idx": 20, "y_idx": 32 }, "geometry": { "type": "Polygon", "coordinates": [ [ [ 122.078577241291555, 7.145563904997171 ], [ 122.087630872456131, 7.145563904997171 ], [ 122.087630872456131, 7.154547016747081 ], [ 122.078577241291555, 7.154547016747081 ], [ 122.078577241291555, 7.145563904997171 ] ] ] } },
{ "type": "Feature", "properties": { "grid_id": "21_32", "x_idx": 21, "y_idx": 32 }, "geometry": { "type": "Polygon", "coordinates": [ [ [ 122.087630872456131, 7.145563904997171 ], [ 122.096684503620708, 7.145563904997171 ], [ 122.096684503620708, 7.154547016747081 ], [ 122.087630872456131, 7.154547016747081 ], [ 122.087630872456131, 7.145563904997171 ] ] ] } },
{ "type": "Feature", "properties": { "grid_id": "22_32", "x_idx": 22, "y_idx": 32 }, "geometry": { "type": "Polygon", "coordinates": [ [ [ 122.096684503620693, 7.145563904997171 ], [ 122.10573813478527, 7.145563904997171 ], [ 122.10573813478527, 7.154547016747081 ], [ 122.096684503620693, 7.154547016747081 ], [ 122.096684503620693, 7.145563904997171 ] ] ] } },
{ "type": "Feature", "properties": { "grid_id": "23_32", "x_idx": 23, "y_idx": 32 }, "geometry": { "type": "Polygon", "coordinates": [ [ [ 122.10573813478527, 7.145563904997171 ], [ 122.114791765949846, 7.145563904997171 ], [ 122.114791765949846, 7.154547016747081 ], [ 122.10573813478527, 7.154547016747081 ], [ 122.10573813478527, 7.145563904997171 ] ] ] } },
{ "type": "Feature", "properties": { "grid_id": "24_32", "x_idx": 24, "y_idx": 32 }, "geometry": { "type": "Polygon", "coordinates": [ [ [ 122.114791765949846, 7.145563904997171 ], [ 122.123845397114422, 7.145563904997171 ], [ 122.123845397114422, 7.154547016747081 ], [ 122.114791765949846, 7.154547016747081 ], [ 122.114791765949846, 7.145563904997171 ] ] ] } },
{ "type": "Feature", "properties": { "grid_id": "25_32", "x_idx": 25, "y_idx": 32 }, "geometry": { "type": "Polygon", "coordinates": [ [ [ 122.123845397114408, 7.145563904997171 ], [ 122.132899028278985, 7.145563904997171 ], [ 122.132899028278985, 7.154547016747081 ], [ 122.123845397114408, 7.154547016747081 ], [ 122.123845397114408, 7.145563904997171 ] ] ] } },
{ "type": "Feature", "properties": { "grid_id": "26_32", "x_idx": 26, "y_idx": 32 }, "geometry": { "type": "Polygon", "coordinates": [ [ [ 122.132899028278985, 7.145563904997171 ], [ 122.141952659443561, 7.145563904997171 ], [ 122.141952659443561, 7.154547016747081 ], [ 122.132899028278985, 7.154547016747081 ], [ 122.132899028278985, 7.145563904997171 ] ] ] } },
{ "type": "Feature", "properties": { "grid_id": "27_32", "x_idx": 27, "y_idx": 32 }, "geometry": { "type": "Polygon", "coordinates": [ [ [ 122.141952659443561, 7.145563904997171 ], [ 122.151006290608137, 7.145563904997171 ], [ 122.151006290608137, 7.154547016747081 ], [ 122.141952659443561, 7.154547016747081 ], [ 122.141952659443561, 7.145563904997171 ] ] ] } },
{ "type": "Feature", "properties": { "grid_id": "28_32", "x_idx": 28, "y_idx": 32 }, "geometry": { "type": "Polygon", "coordinates": [ [ [ 122.151006290608137, 7.145563904997171 ], [ 122.160059921772714, 7.145563904997171 ], [ 122.160059921772714, 7.154547016747081 ], [ 122.151006290608137, 7.154547016747081 ], [ 122.151006290608137, 7.145563904997171 ] ] ] } },
{ "type": "Feature", "properties": { "grid_id": "29_32", "x_idx": 29, "y_idx": 32 }, "geometry": { "type": "Polygon", "coordinates": [ [ [ 122.160059921772699, 7.145563904997171 ], [ 122.169113552937276, 7.145563904997171 ], [ 122.169113552937276, 7.154547016747081 ], [ 122.160059921772699, 7.154547016747081 ], [ 122.160059921772699, 7.145563904997171 ] ] ] } },
{ "type": "Feature", "properties": { "grid_id": "30_32", "x_idx": 30, "y_idx": 32 }, "geometry": { "type": "Polygon", "coordinates": [ [ [ 122.169113552937276, 7.145563904997171 ], [ 122.178167184101852, 7.145563904997171 ], [ 122.178167184101852, 7.154547016747081 ], [ 122.169113552937276, 7.154547016747081 ], [ 122.169113552937276, 7.145563904997171 ] ] ] } },
{ "type": "Feature", "properties": { "grid_id": "31_32", "x_idx": 31, "y_idx": 32 }, "geometry": { "type": "Polygon", "coordinates": [ [ [ 122.178167184101852, 7.145563904997171 ], [ 122.187220815266429, 7.145563904997171 ], [ 122.187220815266429, 7.154547016747081 ], [ 122.178167184101852, 7.154547016747081 ], [ 122.178167184101852, 7.145563904997171 ] ] ] } },
{ "type": "Feature", "properties": { "grid_id": "32_32", "x_idx": 32, "y_idx": 32 }, "geometry": { "type": "Polygon", "coordinates": [ [ [ 122.187220815266429, 7.145563904997171 ], [ 122.196274446431005, 7.145563904997171 ], [ 122.196274446431005, 7.154547016747081 ], [ 122.187220815266429, 7.154547016747081 ], [ 122.187220815266429, 7.145563904997171 ] ] ] } },
{ "type": "Feature", "properties": { "grid_id": "33_32", "x_idx": 33, "y_idx": 32 }, "geometry": { "type": "Polygon", "coordinates": [ [ [ 122.196274446430991, 7.145563904997171 ], [ 122.205328077595567, 7.145563904997171 ], [ 122.205328077595567, 7.154547016747081 ], [ 122.196274446430991, 7.154547016747081 ], [ 122.196274446430991, 7.145563904997171 ] ] ] } },
{ "type": "Feature", "properties": { "grid_id": "34_32", "x_idx": 34, "y_idx": 32 }, "geometry": { "type": "Polygon", "coordinates": [ [ [ 122.205328077595567, 7.145563904997171 ], [ 122.214381708760143, 7.145563904997171 ], [ 122.214381708760143, 7.154547016747081 ], [ 122.205328077595567, 7.154547016747081 ], [ 122.205328077595567, 7.145563904997171 ] ] ] } },
{ "type": "Feature", "properties": { "grid_id": "35_32", "x_idx": 35, "y_idx": 32 }, "geometry": { "type": "Polygon", "coordinates": [ [ [ 122.214381708760143, 7.145563904997171 ], [ 122.22343533992472, 7.145563904997171 ], [ 122.22343533992472, 7.154547016747081 ], [ 122.214381708760143, 7.154547016747081 ], [ 122.214381708760143, 7.145563904997171 ] ] ] } },
{ "type": "Feature", "properties": { "grid_id": "36_32", "x_idx": 36, "y_idx": 32 }, "geometry": { "type": "Polygon", "coordinates": [ [ [ 122.22343533992472, 7.145563904997171 ], [ 122.232488971089296, 7.145563904997171 ], [ 122.232488971089296, 7.154547016747081 ], [ 122.22343533992472, 7.154547016747081 ], [ 122.22343533992472, 7.145563904997171 ] ] ] } },
{ "type": "Feature", "properties": { "grid_id": "37_32", "x_idx": 37, "y_idx": 32 }, "geometry": { "type": "Polygon", "coordinates": [ [ [ 122.232488971089282, 7.145563904997171 ], [ 122.241542602253858, 7.145563904997171 ], [ 122.241542602253858, 7.154547016747081 ], [ 122.232488971089282, 7.154547016747081 ], [ 122.232488971089282, 7.145563904997171 ] ] ] } },
{ "type": "Feature", "properties": { "grid_id": "38_32", "x_idx": 38, "y_idx": 32 }, "geometry": { "type": "Polygon", "coordinates": [ [ [ 122.241542602253858, 7.145563904997171 ], [ 122.250596233418435, 7.145563904997171 ], [ 122.250596233418435, 7.154547016747081 ], [ 122.241542602253858, 7.154547016747081 ], [ 122.241542602253858, 7.145563904997171 ] ] ] } },
{ "type": "Feature", "properties": { "grid_id": "39_32", "x_idx": 39, "y_idx": 32 }, "geometry": { "type": "Polygon", "coordinates": [ [ [ 122.250596233418435, 7.145563904997171 ], [ 122.259649864583011, 7.145563904997171 ], [ 122.259649864583011, 7.154547016747081 ], [ 122.250596233418435, 7.154547016747081 ], [ 122.250596233418435, 7.145563904997171 ] ] ] } },
{ "type": "Feature", "properties": { "grid_id": "40_32", "x_idx": 40, "y_idx": 32 }, "geometry": { "type": "Polygon", "coordinates": [ [ [ 122.259649864583011, 7.145563904997171 ], [ 122.268703495747587, 7.145563904997171 ], [ 122.268703495747587, 7.154547016747081 ], [ 122.259649864583011, 7.154547016747081 ], [ 122.259649864583011, 7.145563904997171 ] ] ] } },
{ "type": "Feature", "properties": { "grid_id": "41_32", "x_idx": 41, "y_idx": 32 }, "geometry": { "type": "Polygon", "coordinates": [ [ [ 122.268703495747573, 7.145563904997171 ], [ 122.277757126912149, 7.145563904997171 ], [ 122.277757126912149, 7.154547016747081 ], [ 122.268703495747573, 7.154547016747081 ], [ 122.268703495747573, 7.145563904997171 ] ] ] } },
{ "type": "Feature", "properties": { "grid_id": "20_33", "x_idx": 20, "y_idx": 33 }, "geometry": { "type": "Polygon", "coordinates": [ [ [ 122.078577241291555, 7.15454701674708 ], [ 122.087630872456131, 7.15454701674708 ], [ 122.087630872456131, 7.163530128496991 ], [ 122.078577241291555, 7.163530128496991 ], [ 122.078577241291555, 7.15454701674708 ] ] ] } },
{ "type": "Feature", "properties": { "grid_id": "21_33", "x_idx": 21, "y_idx": 33 }, "geometry": { "type": "Polygon", "coordinates": [ [ [ 122.087630872456131, 7.15454701674708 ], [ 122.096684503620708, 7.15454701674708 ], [ 122.096684503620708, 7.163530128496991 ], [ 122.087630872456131, 7.163530128496991 ], [ 122.087630872456131, 7.15454701674708 ] ] ] } },
{ "type": "Feature", "properties": { "grid_id": "22_33", "x_idx": 22, "y_idx": 33 }, "geometry": { "type": "Polygon", "coordinates": [ [ [ 122.096684503620693, 7.15454701674708 ], [ 122.10573813478527, 7.15454701674708 ], [ 122.10573813478527, 7.163530128496991 ], [ 122.096684503620693, 7.163530128496991 ], [ 122.096684503620693, 7.15454701674708 ] ] ] } },
{ "type": "Feature", "properties": { "grid_id": "23_33", "x_idx": 23, "y_idx": 33 }, "geometry": { "type": "Polygon", "coordinates": [ [ [ 122.10573813478527, 7.15454701674708 ], [ 122.114791765949846, 7.15454701674708 ], [ 122.114791765949846, 7.163530128496991 ], [ 122.10573813478527, 7.163530128496991 ], [ 122.10573813478527, 7.15454701674708 ] ] ] } },
{ "type": "Feature", "properties": { "grid_id": "24_33", "x_idx": 24, "y_idx": 33 }, "geometry": { "type": "Polygon", "coordinates": [ [ [ 122.114791765949846, 7.15454701674708 ], [ 122.123845397114422, 7.15454701674708 ], [ 122.123845397114422, 7.163530128496991 ], [ 122.114791765949846, 7.163530128496991 ], [ 122.114791765949846, 7.15454701674708 ] ] ] } },
{ "type": "Feature", "properties": { "grid_id": "25_33", "x_idx": 25, "y_idx": 33 }, "geometry": { "type": "Polygon", "coordinates": [ [ [ 122.123845397114408, 7.15454701674708 ], [ 122.132899028278985, 7.15454701674708 ], [ 122.132899028278985, 7.163530128496991 ], [ 122.123845397114408, 7.163530128496991 ], [ 122.123845397114408, 7.15454701674708 ] ] ] } },
{ "type": "Feature", "properties": { "grid_id": "26_33", "x_idx": 26, "y_idx": 33 }, "geometry": { "type": "Polygon", "coordinates": [ [ [ 122.132899028278985, 7.15454701674708 ], [ 122.141952659443561, 7.15454701674708 ], [ 122.141952659443561, 7.163530128496991 ], [ 122.132899028278985, 7.163530128496991 ], [ 122.132899028278985, 7.15454701674708 ] ] ] } },
{ "type": "Feature", "properties": { "grid_id": "27_33", "x_idx": 27, "y_idx": 33 }, "geometry": { "type": "Polygon", "coordinates": [ [ [ 122.141952659443561, 7.15454701674708 ], [ 122.151006290608137, 7.15454701674708 ], [ 122.151006290608137, 7.163530128496991 ], [ 122.141952659443561, 7.163530128496991 ], [ 122.141952659443561, 7.15454701674708 ] ] ] } },
{ "type": "Feature", "properties": { "grid_id": "28_33", "x_idx": 28, "y_idx": 33 }, "geometry": { "type": "Polygon", "coordinates": [ [ [ 122.151006290608137, 7.15454701674708 ], [ 122.160059921772714, 7.15454701674708 ], [ 122.160059921772714, 7.163530128496991 ], [ 122.151006290608137, 7.163530128496991 ], [ 122.151006290608137, 7.15454701674708 ] ] ] } },
{ "type": "Feature", "properties": { "grid_id": "29_33", "x_idx": 29, "y_idx": 33 }, "geometry": { "type": "Polygon", "coordinates": [ [ [ 122.160059921772699, 7.15454701674708 ], [ 122.169113552937276, 7.15454701674708 ], [ 122.169113552937276, 7.163530128496991 ], [ 122.160059921772699, 7.163530128496991 ], [ 122.160059921772699, 7.15454701674708 ] ] ] } },
{ "type": "Feature", "properties": { "grid_id": "30_33", "x_idx": 30, "y_idx": 33 }, "geometry": { "type": "Polygon", "coordinates": [ [ [ 122.169113552937276, 7.15454701674708 ], [ 122.178167184101852, 7.15454701674708 ], [ 122.178167184101852, 7.163530128496991 ], [ 122.169113552937276, 7.163530128496991 ], [ 122.169113552937276, 7.15454701674708 ] ] ] } },
{ "type": "Feature", "properties": { "grid_id": "31_33", "x_idx": 31, "y_idx": 33 }, "geometry": { "type": "Polygon", "coordinates": [ [ [ 122.178167184101852, 7.15454701674708 ], [ 122.187220815266429, 7.15454701674708 ], [ 122.187220815266429, 7.163530128496991 ], [ 122.178167184101852, 7.163530128496991 ], [ 122.178167184101852, 7.15454701674708 ] ] ] } },
{ "type": "Feature", "properties": { "grid_id": "32_33", "x_idx": 32, "y_idx": 33 }, "geometry": { "type": "Polygon", "coordinates": [ [ [ 122.187220815266429, 7.15454701674708 ], [ 122.196274446431005, 7.15454701674708 ], [ 122.196274446431005, 7.163530128496991 ], [ 122.187220815266429, 7.163530128496991 ], [ 122.187220815266429, 7.15454701674708 ] ] ] } },
{ "type": "Feature", "properties": { "grid_id": "33_33", "x_idx": 33, "y_idx": 33 }, "geometry": { "type": "Polygon", "coordinates": [ [ [ 122.196274446430991, 7.15454701674708 ], [ 122.205328077595567, 7.15454701674708 ], [ 122.205328077595567, 7.163530128496991 ], [ 122.196274446430991, 7.163530128496991 ], [ 122.196274446430991, 7.15454701674708 ] ] ] } },
{ "type": "Feature", "properties": { "grid_id": "34_33", "x_idx": 34, "y_idx": 33 }, "geometry": { "type": "Polygon", "coordinates": [ [ [ 122.205328077595567, 7.15454701674708 ], [ 122.214381708760143, 7.15454701674708 ], [ 122.214381708760143, 7.163530128496991 ], [ 122.205328077595567, 7.163530128496991 ], [ 122.205328077595567, 7.15454701674708 ] ] ] } },
{ "type": "Feature", "properties": { "grid_id": "35_33", "x_idx": 35, "y_idx": 33 }, "geometry": { "type": "Polygon", "coordinates": [ [ [ 122.214381708760143, 7.15454701674708 ], [ 122.22343533992472, 7.15454701674708 ], [ 122.22343533992472, 7.163530128496991 ], [ 122.214381708760143, 7.163530128496991 ], [ 122.214381708760143, 7.15454701674708 ] ] ] } },
{ "type": "Feature", "properties": { "grid_id": "36_33", "x_idx": 36, "y_idx": 33 }, "geometry": { "type": "Polygon", "coordinates": [ [ [ 122.22343533992472, 7.15454701674708 ], [ 122.232488971089296, 7.15454701674708 ], [ 122.232488971089296, 7.163530128496991 ], [ 122.22343533992472, 7.163530128496991 ], [ 122.22343533992472, 7.15454701674708 ] ] ] } },
{ "type": "Feature", "properties": { "grid_id": "37_33", "x_idx": 37, "y_idx": 33 }, "geometry": { "type": "Polygon", "coordinates": [ [ [ 122.232488971089282, 7.15454701674708 ], [ 122.241542602253858, 7.15454701674708 ], [ 122.241542602253858, 7.163530128496991 ], [ 122.232488971089282, 7.163530128496991 ], [ 122.232488971089282, 7.15454701674708 ] ] ] } },
{ "type": "Feature", "properties": { "grid_id": "38_33", "x_idx": 38, "y_idx": 33 }, "geometry": { "type": "Polygon", "coordinates": [ [ [ 122.241542602253858, 7.15454701674708 ], [ 122.250596233418435, 7.15454701674708 ], [ 122.250596233418435, 7.163530128496991 ], [ 122.241542602253858, 7.163530128496991 ], [ 122.241542602253858, 7.15454701674708 ] ] ] } },
{ "type": "Feature", "properties": { "grid_id": "39_33", "x_idx": 39, "y_idx": 33 }, "geometry": { "type": "Polygon", "coordinates": [ [ [ 122.250596233418435, 7.15454701674708 ], [ 122.259649864583011, 7.15454701674708 ], [ 122.259649864583011, 7.163530128496991 ], [ 122.250596233418435, 7.163530128496991 ], [ 122.250596233418435, 7.15454701674708 ] ] ] } },
{ "type": "Feature", "properties": { "grid_id": "40_33", "x_idx": 40, "y_idx": 33 }, "geometry": { "type": "Polygon", "coordinates": [ [ [ 122.259649864583011, 7.15454701674708 ], [ 122.268703495747587, 7.15454701674708 ], [ 122.268703495747587, 7.163530128496991 ], [ 122.259649864583011, 7.163530128496991 ], [ 122.259649864583011, 7.15454701674708 ] ] ] } },
{ "type": "Feature", "properties": { "grid_id": "41_33", "x_idx": 41, "y_idx": 33 }, "geometry": { "type": "Polygon", "coordinates": [ [ [ 122.268703495747573, 7.15454701674708 ], [ 122.277757126912149, 7.15454701674708 ], [ 122.277757126912149, 7.163530128496991 ], [ 122.268703495747573, 7.163530128496991 ], [ 122.268703495747573, 7.15454701674708 ] ] ] } },
{ "type": "Feature", "properties": { "grid_id": "21_34", "x_idx": 21, "y_idx": 34 }, "geometry": { "type": "Polygon", "coordinates": [ [ [ 122.087630872456131, 7.163530128496991 ], [ 122.096684503620708, 7.163530128496991 ], [ 122.096684503620708, 7.172513240246901 ], [ 122.087630872456131, 7.172513240246901 ], [ 122.087630872456131, 7.163530128496991 ] ] ] } },
{ "type": "Feature", "properties": { "grid_id": "22_34", "x_idx": 22, "y_idx": 34 }, "geometry": { "type": "Polygon", "coordinates": [ [ [ 122.096684503620693, 7.163530128496991 ], [ 122.10573813478527, 7.163530128496991 ], [ 122.10573813478527, 7.172513240246901 ], [ 122.096684503620693, 7.172513240246901 ], [ 122.096684503620693, 7.163530128496991 ] ] ] } },
{ "type": "Feature", "properties": { "grid_id": "23_34", "x_idx": 23, "y_idx": 34 }, "geometry": { "type": "Polygon", "coordinates": [ [ [ 122.10573813478527, 7.163530128496991 ], [ 122.114791765949846, 7.163530128496991 ], [ 122.114791765949846, 7.172513240246901 ], [ 122.10573813478527, 7.172513240246901 ], [ 122.10573813478527, 7.163530128496991 ] ] ] } },
{ "type": "Feature", "properties": { "grid_id": "24_34", "x_idx": 24, "y_idx": 34 }, "geometry": { "type": "Polygon", "coordinates": [ [ [ 122.114791765949846, 7.163530128496991 ], [ 122.123845397114422, 7.163530128496991 ], [ 122.123845397114422, 7.172513240246901 ], [ 122.114791765949846, 7.172513240246901 ], [ 122.114791765949846, 7.163530128496991 ] ] ] } },
{ "type": "Feature", "properties": { "grid_id": "25_34", "x_idx": 25, "y_idx": 34 }, "geometry": { "type": "Polygon", "coordinates": [ [ [ 122.123845397114408, 7.163530128496991 ], [ 122.132899028278985, 7.163530128496991 ], [ 122.132899028278985, 7.172513240246901 ], [ 122.123845397114408, 7.172513240246901 ], [ 122.123845397114408, 7.163530128496991 ] ] ] } },
{ "type": "Feature", "properties": { "grid_id": "26_34", "x_idx": 26, "y_idx": 34 }, "geometry": { "type": "Polygon", "coordinates": [ [ [ 122.132899028278985, 7.163530128496991 ], [ 122.141952659443561, 7.163530128496991 ], [ 122.141952659443561, 7.172513240246901 ], [ 122.132899028278985, 7.172513240246901 ], [ 122.132899028278985, 7.163530128496991 ] ] ] } },
{ "type": "Feature", "properties": { "grid_id": "27_34", "x_idx": 27, "y_idx": 34 }, "geometry": { "type": "Polygon", "coordinates": [ [ [ 122.141952659443561, 7.163530128496991 ], [ 122.151006290608137, 7.163530128496991 ], [ 122.151006290608137, 7.172513240246901 ], [ 122.141952659443561, 7.172513240246901 ], [ 122.141952659443561, 7.163530128496991 ] ] ] } },
{ "type": "Feature", "properties": { "grid_id": "28_34", "x_idx": 28, "y_idx": 34 }, "geometry": { "type": "Polygon", "coordinates": [ [ [ 122.151006290608137, 7.163530128496991 ], [ 122.160059921772714, 7.163530128496991 ], [ 122.160059921772714, 7.172513240246901 ], [ 122.151006290608137, 7.172513240246901 ], [ 122.151006290608137, 7.163530128496991 ] ] ] } },
{ "type": "Feature", "properties": { "grid_id": "29_34", "x_idx": 29, "y_idx": 34 }, "geometry": { "type": "Polygon", "coordinates": [ [ [ 122.160059921772699, 7.163530128496991 ], [ 122.169113552937276, 7.163530128496991 ], [ 122.169113552937276, 7.172513240246901 ], [ 122.160059921772699, 7.172513240246901 ], [ 122.160059921772699, 7.163530128496991 ] ] ] } },
{ "type": "Feature", "properties": { "grid_id": "30_34", "x_idx": 30, "y_idx": 34 }, "geometry": { "type": "Polygon", "coordinates": [ [ [ 122.169113552937276, 7.163530128496991 ], [ 122.178167184101852, 7.163530128496991 ], [ 122.178167184101852, 7.172513240246901 ], [ 122.169113552937276, 7.172513240246901 ], [ 122.169113552937276, 7.163530128496991 ] ] ] } },
{ "type": "Feature", "properties": { "grid_id": "31_34", "x_idx": 31, "y_idx": 34 }, "geometry": { "type": "Polygon", "coordinates": [ [ [ 122.178167184101852, 7.163530128496991 ], [ 122.187220815266429, 7.163530128496991 ], [ 122.187220815266429, 7.172513240246901 ], [ 122.178167184101852, 7.172513240246901 ], [ 122.178167184101852, 7.163530128496991 ] ] ] } },
{ "type": "Feature", "properties": { "grid_id": "32_34", "x_idx": 32, "y_idx": 34 }, "geometry": { "type": "Polygon", "coordinates": [ [ [ 122.187220815266429, 7.163530128496991 ], [ 122.196274446431005, 7.163530128496991 ], [ 122.196274446431005, 7.172513240246901 ], [ 122.187220815266429, 7.172513240246901 ], [ 122.187220815266429, 7.163530128496991 ] ] ] } },
{ "type": "Feature", "properties": { "grid_id": "33_34", "x_idx": 33, "y_idx": 34 }, "geometry": { "type": "Polygon", "coordinates": [ [ [ 122.196274446430991, 7.163530128496991 ], [ 122.205328077595567, 7.163530128496991 ], [ 122.205328077595567, 7.172513240246901 ], [ 122.196274446430991, 7.172513240246901 ], [ 122.196274446430991, 7.163530128496991 ] ] ] } },
{ "type": "Feature", "properties": { "grid_id": "34_34", "x_idx": 34, "y_idx": 34 }, "geometry": { "type": "Polygon", "coordinates": [ [ [ 122.205328077595567, 7.163530128496991 ], [ 122.214381708760143, 7.163530128496991 ], [ 122.214381708760143, 7.172513240246901 ], [ 122.205328077595567, 7.172513240246901 ], [ 122.205328077595567, 7.163530128496991 ] ] ] } },
{ "type": "Feature", "properties": { "grid_id": "35_34", "x_idx": 35, "y_idx": 34 }, "geometry": { "type": "Polygon", "coordinates": [ [ [ 122.214381708760143, 7.163530128496991 ], [ 122.22343533992472, 7.163530128496991 ], [ 122.22343533992472, 7.172513240246901 ], [ 122.214381708760143, 7.172513240246901 ], [ 122.214381708760143, 7.163530128496991 ] ] ] } },
{ "type": "Feature", "properties": { "grid_id": "36_34", "x_idx": 36, "y_idx": 34 }, "geometry": { "type": "Polygon", "coordinates": [ [ [ 122.22343533992472, 7.163530128496991 ], [ 122.232488971089296, 7.163530128496991 ], [ 122.232488971089296, 7.172513240246901 ], [ 122.22343533992472, 7.172513240246901 ], [ 122.22343533992472, 7.163530128496991 ] ] ] } },
{ "type": "Feature", "properties": { "grid_id": "37_34", "x_idx": 37, "y_idx": 34 }, "geometry": { "type": "Polygon", "coordinates": [ [ [ 122.232488971089282, 7.163530128496991 ], [ 122.241542602253858, 7.163530128496991 ], [ 122.241542602253858, 7.172513240246901 ], [ 122.232488971089282, 7.172513240246901 ], [ 122.232488971089282, 7.163530128496991 ] ] ] } },
{ "type": "Feature", "properties": { "grid_id": "38_34", "x_idx": 38, "y_idx": 34 }, "geometry": { "type": "Polygon", "coordinates": [ [ [ 122.241542602253858, 7.163530128496991 ], [ 122.250596233418435, 7.163530128496991 ], [ 122.250596233418435, 7.172513240246901 ], [ 122.241542602253858, 7.172513240246901 ], [ 122.241542602253858, 7.163530128496991 ] ] ] } },
{ "type": "Feature", "properties": { "grid_id": "39_34", "x_idx": 39, "y_idx": 34 }, "geometry": { "type": "Polygon", "coordinates": [ [ [ 122.250596233418435, 7.163530128496991 ], [ 122.259649864583011, 7.163530128496991 ], [ 122.259649864583011, 7.172513240246901 ], [ 122.250596233418435, 7.172513240246901 ], [ 122.250596233418435, 7.163530128496991 ] ] ] } },
{ "type": "Feature", "properties": { "grid_id": "40_34", "x_idx": 40, "y_idx": 34 }, "geometry": { "type": "Polygon", "coordinates": [ [ [ 122.259649864583011, 7.163530128496991 ], [ 122.268703495747587, 7.163530128496991 ], [ 122.268703495747587, 7.172513240246901 ], [ 122.259649864583011, 7.172513240246901 ], [ 122.259649864583011, 7.163530128496991 ] ] ] } },
{ "type": "Feature", "properties": { "grid_id": "41_34", "x_idx": 41, "y_idx": 34 }, "geometry": { "type": "Polygon", "coordinates": [ [ [ 122.268703495747573, 7.163530128496991 ], [ 122.277757126912149, 7.163530128496991 ], [ 122.277757126912149, 7.172513240246901 ], [ 122.268703495747573, 7.172513240246901 ], [ 122.268703495747573, 7.163530128496991 ] ] ] } },
{ "type": "Feature", "properties": { "grid_id": "42_34", "x_idx": 42, "y_idx": 34 }, "geometry": { "type": "Polygon", "coordinates": [ [ [ 122.277757126912149, 7.163530128496991 ], [ 122.286810758076726, 7.163530128496991 ], [ 122.286810758076726, 7.172513240246901 ], [ 122.277757126912149, 7.172513240246901 ], [ 122.277757126912149, 7.163530128496991 ] ] ] } },
{ "type": "Feature", "properties": { "grid_id": "43_34", "x_idx": 43, "y_idx": 34 }, "geometry": { "type": "Polygon", "coordinates": [ [ [ 122.286810758076726, 7.163530128496991 ], [ 122.295864389241302, 7.163530128496991 ], [ 122.295864389241302, 7.172513240246901 ], [ 122.286810758076726, 7.172513240246901 ], [ 122.286810758076726, 7.163530128496991 ] ] ] } },
{ "type": "Feature", "properties": { "grid_id": "21_35", "x_idx": 21, "y_idx": 35 }, "geometry": { "type": "Polygon", "coordinates": [ [ [ 122.087630872456131, 7.172513240246901 ], [ 122.096684503620708, 7.172513240246901 ], [ 122.096684503620708, 7.181496351996811 ], [ 122.087630872456131, 7.181496351996811 ], [ 122.087630872456131, 7.172513240246901 ] ] ] } },
{ "type": "Feature", "properties": { "grid_id": "22_35", "x_idx": 22, "y_idx": 35 }, "geometry": { "type": "Polygon", "coordinates": [ [ [ 122.096684503620693, 7.172513240246901 ], [ 122.10573813478527, 7.172513240246901 ], [ 122.10573813478527, 7.181496351996811 ], [ 122.096684503620693, 7.181496351996811 ], [ 122.096684503620693, 7.172513240246901 ] ] ] } },
{ "type": "Feature", "properties": { "grid_id": "23_35", "x_idx": 23, "y_idx": 35 }, "geometry": { "type": "Polygon", "coordinates": [ [ [ 122.10573813478527, 7.172513240246901 ], [ 122.114791765949846, 7.172513240246901 ], [ 122.114791765949846, 7.181496351996811 ], [ 122.10573813478527, 7.181496351996811 ], [ 122.10573813478527, 7.172513240246901 ] ] ] } },
{ "type": "Feature", "properties": { "grid_id": "24_35", "x_idx": 24, "y_idx": 35 }, "geometry": { "type": "Polygon", "coordinates": [ [ [ 122.114791765949846, 7.172513240246901 ], [ 122.123845397114422, 7.172513240246901 ], [ 122.123845397114422, 7.181496351996811 ], [ 122.114791765949846, 7.181496351996811 ], [ 122.114791765949846, 7.172513240246901 ] ] ] } },
{ "type": "Feature", "properties": { "grid_id": "25_35", "x_idx": 25, "y_idx": 35 }, "geometry": { "type": "Polygon", "coordinates": [ [ [ 122.123845397114408, 7.172513240246901 ], [ 122.132899028278985, 7.172513240246901 ], [ 122.132899028278985, 7.181496351996811 ], [ 122.123845397114408, 7.181496351996811 ], [ 122.123845397114408, 7.172513240246901 ] ] ] } },
{ "type": "Feature", "properties": { "grid_id": "26_35", "x_idx": 26, "y_idx": 35 }, "geometry": { "type": "Polygon", "coordinates": [ [ [ 122.132899028278985, 7.172513240246901 ], [ 122.141952659443561, 7.172513240246901 ], [ 122.141952659443561, 7.181496351996811 ], [ 122.132899028278985, 7.181496351996811 ], [ 122.132899028278985, 7.172513240246901 ] ] ] } },
{ "type": "Feature", "properties": { "grid_id": "27_35", "x_idx": 27, "y_idx": 35 }, "geometry": { "type": "Polygon", "coordinates": [ [ [ 122.141952659443561, 7.172513240246901 ], [ 122.151006290608137, 7.172513240246901 ], [ 122.151006290608137, 7.181496351996811 ], [ 122.141952659443561, 7.181496351996811 ], [ 122.141952659443561, 7.172513240246901 ] ] ] } },
{ "type": "Feature", "properties": { "grid_id": "28_35", "x_idx": 28, "y_idx": 35 }, "geometry": { "type": "Polygon", "coordinates": [ [ [ 122.151006290608137, 7.172513240246901 ], [ 122.160059921772714, 7.172513240246901 ], [ 122.160059921772714, 7.181496351996811 ], [ 122.151006290608137, 7.181496351996811 ], [ 122.151006290608137, 7.172513240246901 ] ] ] } },
{ "type": "Feature", "properties": { "grid_id": "29_35", "x_idx": 29, "y_idx": 35 }, "geometry": { "type": "Polygon", "coordinates": [ [ [ 122.160059921772699, 7.172513240246901 ], [ 122.169113552937276, 7.172513240246901 ], [ 122.169113552937276, 7.181496351996811 ], [ 122.160059921772699, 7.181496351996811 ], [ 122.160059921772699, 7.172513240246901 ] ] ] } },
{ "type": "Feature", "properties": { "grid_id": "30_35", "x_idx": 30, "y_idx": 35 }, "geometry": { "type": "Polygon", "coordinates": [ [ [ 122.169113552937276, 7.172513240246901 ], [ 122.178167184101852, 7.172513240246901 ], [ 122.178167184101852, 7.181496351996811 ], [ 122.169113552937276, 7.181496351996811 ], [ 122.169113552937276, 7.172513240246901 ] ] ] } },
{ "type": "Feature", "properties": { "grid_id": "31_35", "x_idx": 31, "y_idx": 35 }, "geometry": { "type": "Polygon", "coordinates": [ [ [ 122.178167184101852, 7.172513240246901 ], [ 122.187220815266429, 7.172513240246901 ], [ 122.187220815266429, 7.181496351996811 ], [ 122.178167184101852, 7.181496351996811 ], [ 122.178167184101852, 7.172513240246901 ] ] ] } },
{ "type": "Feature", "properties": { "grid_id": "32_35", "x_idx": 32, "y_idx": 35 }, "geometry": { "type": "Polygon", "coordinates": [ [ [ 122.187220815266429, 7.172513240246901 ], [ 122.196274446431005, 7.172513240246901 ], [ 122.196274446431005, 7.181496351996811 ], [ 122.187220815266429, 7.181496351996811 ], [ 122.187220815266429, 7.172513240246901 ] ] ] } },
{ "type": "Feature", "properties": { "grid_id": "33_35", "x_idx": 33, "y_idx": 35 }, "geometry": { "type": "Polygon", "coordinates": [ [ [ 122.196274446430991, 7.172513240246901 ], [ 122.205328077595567, 7.172513240246901 ], [ 122.205328077595567, 7.181496351996811 ], [ 122.196274446430991, 7.181496351996811 ], [ 122.196274446430991, 7.172513240246901 ] ] ] } },
{ "type": "Feature", "properties": { "grid_id": "34_35", "x_idx": 34, "y_idx": 35 }, "geometry": { "type": "Polygon", "coordinates": [ [ [ 122.205328077595567, 7.172513240246901 ], [ 122.214381708760143, 7.172513240246901 ], [ 122.214381708760143, 7.181496351996811 ], [ 122.205328077595567, 7.181496351996811 ], [ 122.205328077595567, 7.172513240246901 ] ] ] } },
{ "type": "Feature", "properties": { "grid_id": "35_35", "x_idx": 35, "y_idx": 35 }, "geometry": { "type": "Polygon", "coordinates": [ [ [ 122.214381708760143, 7.172513240246901 ], [ 122.22343533992472, 7.172513240246901 ], [ 122.22343533992472, 7.181496351996811 ], [ 122.214381708760143, 7.181496351996811 ], [ 122.214381708760143, 7.172513240246901 ] ] ] } },
{ "type": "Feature", "properties": { "grid_id": "36_35", "x_idx": 36, "y_idx": 35 }, "geometry": { "type": "Polygon", "coordinates": [ [ [ 122.22343533992472, 7.172513240246901 ], [ 122.232488971089296, 7.172513240246901 ], [ 122.232488971089296, 7.181496351996811 ], [ 122.22343533992472, 7.181496351996811 ], [ 122.22343533992472, 7.172513240246901 ] ] ] } },
{ "type": "Feature", "properties": { "grid_id": "37_35", "x_idx": 37, "y_idx": 35 }, "geometry": { "type": "Polygon", "coordinates": [ [ [ 122.232488971089282, 7.172513240246901 ], [ 122.241542602253858, 7.172513240246901 ], [ 122.241542602253858, 7.181496351996811 ], [ 122.232488971089282, 7.181496351996811 ], [ 122.232488971089282, 7.172513240246901 ] ] ] } },
{ "type": "Feature", "properties": { "grid_id": "38_35", "x_idx": 38, "y_idx": 35 }, "geometry": { "type": "Polygon", "coordinates": [ [ [ 122.241542602253858, 7.172513240246901 ], [ 122.250596233418435, 7.172513240246901 ], [ 122.250596233418435, 7.181496351996811 ], [ 122.241542602253858, 7.181496351996811 ], [ 122.241542602253858, 7.172513240246901 ] ] ] } },
{ "type": "Feature", "properties": { "grid_id": "39_35", "x_idx": 39, "y_idx": 35 }, "geometry": { "type": "Polygon", "coordinates": [ [ [ 122.250596233418435, 7.172513240246901 ], [ 122.259649864583011, 7.172513240246901 ], [ 122.259649864583011, 7.181496351996811 ], [ 122.250596233418435, 7.181496351996811 ], [ 122.250596233418435, 7.172513240246901 ] ] ] } },
{ "type": "Feature", "properties": { "grid_id": "40_35", "x_idx": 40, "y_idx": 35 }, "geometry": { "type": "Polygon", "coordinates": [ [ [ 122.259649864583011, 7.172513240246901 ], [ 122.268703495747587, 7.172513240246901 ], [ 122.268703495747587, 7.181496351996811 ], [ 122.259649864583011, 7.181496351996811 ], [ 122.259649864583011, 7.172513240246901 ] ] ] } },
{ "type": "Feature", "properties": { "grid_id": "41_35", "x_idx": 41, "y_idx": 35 }, "geometry": { "type": "Polygon", "coordinates": [ [ [ 122.268703495747573, 7.172513240246901 ], [ 122.277757126912149, 7.172513240246901 ], [ 122.277757126912149, 7.181496351996811 ], [ 122.268703495747573, 7.181496351996811 ], [ 122.268703495747573, 7.172513240246901 ] ] ] } },
{ "type": "Feature", "properties": { "grid_id": "42_35", "x_idx": 42, "y_idx": 35 }, "geometry": { "type": "Polygon", "coordinates": [ [ [ 122.277757126912149, 7.172513240246901 ], [ 122.286810758076726, 7.172513240246901 ], [ 122.286810758076726, 7.181496351996811 ], [ 122.277757126912149, 7.181496351996811 ], [ 122.277757126912149, 7.172513240246901 ] ] ] } },
{ "type": "Feature", "properties": { "grid_id": "43_35", "x_idx": 43, "y_idx": 35 }, "geometry": { "type": "Polygon", "coordinates": [ [ [ 122.286810758076726, 7.172513240246901 ], [ 122.295864389241302, 7.172513240246901 ], [ 122.295864389241302, 7.181496351996811 ], [ 122.286810758076726, 7.181496351996811 ], [ 122.286810758076726, 7.172513240246901 ] ] ] } },
{ "type": "Feature", "properties": { "grid_id": "21_36", "x_idx": 21, "y_idx": 36 }, "geometry": { "type": "Polygon", "coordinates": [ [ [ 122.087630872456131, 7.181496351996811 ], [ 122.096684503620708, 7.181496351996811 ], [ 122.096684503620708, 7.190479463746722 ], [ 122.087630872456131, 7.190479463746722 ], [ 122.087630872456131, 7.181496351996811 ] ] ] } },
{ "type": "Feature", "properties": { "grid_id": "22_36", "x_idx": 22, "y_idx": 36 }, "geometry": { "type": "Polygon", "coordinates": [ [ [ 122.096684503620693, 7.181496351996811 ], [ 122.10573813478527, 7.181496351996811 ], [ 122.10573813478527, 7.190479463746722 ], [ 122.096684503620693, 7.190479463746722 ], [ 122.096684503620693, 7.181496351996811 ] ] ] } },
{ "type": "Feature", "properties": { "grid_id": "23_36", "x_idx": 23, "y_idx": 36 }, "geometry": { "type": "Polygon", "coordinates": [ [ [ 122.10573813478527, 7.181496351996811 ], [ 122.114791765949846, 7.181496351996811 ], [ 122.114791765949846, 7.190479463746722 ], [ 122.10573813478527, 7.190479463746722 ], [ 122.10573813478527, 7.181496351996811 ] ] ] } },
{ "type": "Feature", "properties": { "grid_id": "24_36", "x_idx": 24, "y_idx": 36 }, "geometry": { "type": "Polygon", "coordinates": [ [ [ 122.114791765949846, 7.181496351996811 ], [ 122.123845397114422, 7.181496351996811 ], [ 122.123845397114422, 7.190479463746722 ], [ 122.114791765949846, 7.190479463746722 ], [ 122.114791765949846, 7.181496351996811 ] ] ] } },
{ "type": "Feature", "properties": { "grid_id": "25_36", "x_idx": 25, "y_idx": 36 }, "geometry": { "type": "Polygon", "coordinates": [ [ [ 122.123845397114408, 7.181496351996811 ], [ 122.132899028278985, 7.181496351996811 ], [ 122.132899028278985, 7.190479463746722 ], [ 122.123845397114408, 7.190479463746722 ], [ 122.123845397114408, 7.181496351996811 ] ] ] } },
{ "type": "Feature", "properties": { "grid_id": "26_36", "x_idx": 26, "y_idx": 36 }, "geometry": { "type": "Polygon", "coordinates": [ [ [ 122.132899028278985, 7.181496351996811 ], [ 122.141952659443561, 7.181496351996811 ], [ 122.141952659443561, 7.190479463746722 ], [ 122.132899028278985, 7.190479463746722 ], [ 122.132899028278985, 7.181496351996811 ] ] ] } },
{ "type": "Feature", "properties": { "grid_id": "27_36", "x_idx": 27, "y_idx": 36 }, "geometry": { "type": "Polygon", "coordinates": [ [ [ 122.141952659443561, 7.181496351996811 ], [ 122.151006290608137, 7.181496351996811 ], [ 122.151006290608137, 7.190479463746722 ], [ 122.141952659443561, 7.190479463746722 ], [ 122.141952659443561, 7.181496351996811 ] ] ] } },
{ "type": "Feature", "properties": { "grid_id": "28_36", "x_idx": 28, "y_idx": 36 }, "geometry": { "type": "Polygon", "coordinates": [ [ [ 122.151006290608137, 7.181496351996811 ], [ 122.160059921772714, 7.181496351996811 ], [ 122.160059921772714, 7.190479463746722 ], [ 122.151006290608137, 7.190479463746722 ], [ 122.151006290608137, 7.181496351996811 ] ] ] } },
{ "type": "Feature", "properties": { "grid_id": "29_36", "x_idx": 29, "y_idx": 36 }, "geometry": { "type": "Polygon", "coordinates": [ [ [ 122.160059921772699, 7.181496351996811 ], [ 122.169113552937276, 7.181496351996811 ], [ 122.169113552937276, 7.190479463746722 ], [ 122.160059921772699, 7.190479463746722 ], [ 122.160059921772699, 7.181496351996811 ] ] ] } },
{ "type": "Feature", "properties": { "grid_id": "30_36", "x_idx": 30, "y_idx": 36 }, "geometry": { "type": "Polygon", "coordinates": [ [ [ 122.169113552937276, 7.181496351996811 ], [ 122.178167184101852, 7.181496351996811 ], [ 122.178167184101852, 7.190479463746722 ], [ 122.169113552937276, 7.190479463746722 ], [ 122.169113552937276, 7.181496351996811 ] ] ] } },
{ "type": "Feature", "properties": { "grid_id": "31_36", "x_idx": 31, "y_idx": 36 }, "geometry": { "type": "Polygon", "coordinates": [ [ [ 122.178167184101852, 7.181496351996811 ], [ 122.187220815266429, 7.181496351996811 ], [ 122.187220815266429, 7.190479463746722 ], [ 122.178167184101852, 7.190479463746722 ], [ 122.178167184101852, 7.181496351996811 ] ] ] } },
{ "type": "Feature", "properties": { "grid_id": "32_36", "x_idx": 32, "y_idx": 36 }, "geometry": { "type": "Polygon", "coordinates": [ [ [ 122.187220815266429, 7.181496351996811 ], [ 122.196274446431005, 7.181496351996811 ], [ 122.196274446431005, 7.190479463746722 ], [ 122.187220815266429, 7.190479463746722 ], [ 122.187220815266429, 7.181496351996811 ] ] ] } },
{ "type": "Feature", "properties": { "grid_id": "33_36", "x_idx": 33, "y_idx": 36 }, "geometry": { "type": "Polygon", "coordinates": [ [ [ 122.196274446430991, 7.181496351996811 ], [ 122.205328077595567, 7.181496351996811 ], [ 122.205328077595567, 7.190479463746722 ], [ 122.196274446430991, 7.190479463746722 ], [ 122.196274446430991, 7.181496351996811 ] ] ] } },
{ "type": "Feature", "properties": { "grid_id": "34_36", "x_idx": 34, "y_idx": 36 }, "geometry": { "type": "Polygon", "coordinates": [ [ [ 122.205328077595567, 7.181496351996811 ], [ 122.214381708760143, 7.181496351996811 ], [ 122.214381708760143, 7.190479463746722 ], [ 122.205328077595567, 7.190479463746722 ], [ 122.205328077595567, 7.181496351996811 ] ] ] } },
{ "type": "Feature", "properties": { "grid_id": "35_36", "x_idx": 35, "y_idx": 36 }, "geometry": { "type": "Polygon", "coordinates": [ [ [ 122.214381708760143, 7.181496351996811 ], [ 122.22343533992472, 7.181496351996811 ], [ 122.22343533992472, 7.190479463746722 ], [ 122.214381708760143, 7.190479463746722 ], [ 122.214381708760143, 7.181496351996811 ] ] ] } },
{ "type": "Feature", "properties": { "grid_id": "36_36", "x_idx": 36, "y_idx": 36 }, "geometry": { "type": "Polygon", "coordinates": [ [ [ 122.22343533992472, 7.181496351996811 ], [ 122.232488971089296, 7.181496351996811 ], [ 122.232488971089296, 7.190479463746722 ], [ 122.22343533992472, 7.190479463746722 ], [ 122.22343533992472, 7.181496351996811 ] ] ] } },
{ "type": "Feature", "properties": { "grid_id": "37_36", "x_idx": 37, "y_idx": 36 }, "geometry": { "type": "Polygon", "coordinates": [ [ [ 122.232488971089282, 7.181496351996811 ], [ 122.241542602253858, 7.181496351996811 ], [ 122.241542602253858, 7.190479463746722 ], [ 122.232488971089282, 7.190479463746722 ], [ 122.232488971089282, 7.181496351996811 ] ] ] } },
{ "type": "Feature", "properties": { "grid_id": "38_36", "x_idx": 38, "y_idx": 36 }, "geometry": { "type": "Polygon", "coordinates": [ [ [ 122.241542602253858, 7.181496351996811 ], [ 122.250596233418435, 7.181496351996811 ], [ 122.250596233418435, 7.190479463746722 ], [ 122.241542602253858, 7.190479463746722 ], [ 122.241542602253858, 7.181496351996811 ] ] ] } },
{ "type": "Feature", "properties": { "grid_id": "22_37", "x_idx": 22, "y_idx": 37 }, "geometry": { "type": "Polygon", "coordinates": [ [ [ 122.096684503620693, 7.190479463746721 ], [ 122.10573813478527, 7.190479463746721 ], [ 122.10573813478527, 7.199462575496631 ], [ 122.096684503620693, 7.199462575496631 ], [ 122.096684503620693, 7.190479463746721 ] ] ] } },
{ "type": "Feature", "properties": { "grid_id": "23_37", "x_idx": 23, "y_idx": 37 }, "geometry": { "type": "Polygon", "coordinates": [ [ [ 122.10573813478527, 7.190479463746721 ], [ 122.114791765949846, 7.190479463746721 ], [ 122.114791765949846, 7.199462575496631 ], [ 122.10573813478527, 7.199462575496631 ], [ 122.10573813478527, 7.190479463746721 ] ] ] } },
{ "type": "Feature", "properties": { "grid_id": "24_37", "x_idx": 24, "y_idx": 37 }, "geometry": { "type": "Polygon", "coordinates": [ [ [ 122.114791765949846, 7.190479463746721 ], [ 122.123845397114422, 7.190479463746721 ], [ 122.123845397114422, 7.199462575496631 ], [ 122.114791765949846, 7.199462575496631 ], [ 122.114791765949846, 7.190479463746721 ] ] ] } },
{ "type": "Feature", "properties": { "grid_id": "25_37", "x_idx": 25, "y_idx": 37 }, "geometry": { "type": "Polygon", "coordinates": [ [ [ 122.123845397114408, 7.190479463746721 ], [ 122.132899028278985, 7.190479463746721 ], [ 122.132899028278985, 7.199462575496631 ], [ 122.123845397114408, 7.199462575496631 ], [ 122.123845397114408, 7.190479463746721 ] ] ] } },
{ "type": "Feature", "properties": { "grid_id": "26_37", "x_idx": 26, "y_idx": 37 }, "geometry": { "type": "Polygon", "coordinates": [ [ [ 122.132899028278985, 7.190479463746721 ], [ 122.141952659443561, 7.190479463746721 ], [ 122.141952659443561, 7.199462575496631 ], [ 122.132899028278985, 7.199462575496631 ], [ 122.132899028278985, 7.190479463746721 ] ] ] } },
{ "type": "Feature", "properties": { "grid_id": "27_37", "x_idx": 27, "y_idx": 37 }, "geometry": { "type": "Polygon", "coordinates": [ [ [ 122.141952659443561, 7.190479463746721 ], [ 122.151006290608137, 7.190479463746721 ], [ 122.151006290608137, 7.199462575496631 ], [ 122.141952659443561, 7.199462575496631 ], [ 122.141952659443561, 7.190479463746721 ] ] ] } },
{ "type": "Feature", "properties": { "grid_id": "28_37", "x_idx": 28, "y_idx": 37 }, "geometry": { "type": "Polygon", "coordinates": [ [ [ 122.151006290608137, 7.190479463746721 ], [ 122.160059921772714, 7.190479463746721 ], [ 122.160059921772714, 7.199462575496631 ], [ 122.151006290608137, 7.199462575496631 ], [ 122.151006290608137, 7.190479463746721 ] ] ] } },
{ "type": "Feature", "properties": { "grid_id": "29_37", "x_idx": 29, "y_idx": 37 }, "geometry": { "type": "Polygon", "coordinates": [ [ [ 122.160059921772699, 7.190479463746721 ], [ 122.169113552937276, 7.190479463746721 ], [ 122.169113552937276, 7.199462575496631 ], [ 122.160059921772699, 7.199462575496631 ], [ 122.160059921772699, 7.190479463746721 ] ] ] } },
{ "type": "Feature", "properties": { "grid_id": "30_37", "x_idx": 30, "y_idx": 37 }, "geometry": { "type": "Polygon", "coordinates": [ [ [ 122.169113552937276, 7.190479463746721 ], [ 122.178167184101852, 7.190479463746721 ], [ 122.178167184101852, 7.199462575496631 ], [ 122.169113552937276, 7.199462575496631 ], [ 122.169113552937276, 7.190479463746721 ] ] ] } },
{ "type": "Feature", "properties": { "grid_id": "31_37", "x_idx": 31, "y_idx": 37 }, "geometry": { "type": "Polygon", "coordinates": [ [ [ 122.178167184101852, 7.190479463746721 ], [ 122.187220815266429, 7.190479463746721 ], [ 122.187220815266429, 7.199462575496631 ], [ 122.178167184101852, 7.199462575496631 ], [ 122.178167184101852, 7.190479463746721 ] ] ] } },
{ "type": "Feature", "properties": { "grid_id": "32_37", "x_idx": 32, "y_idx": 37 }, "geometry": { "type": "Polygon", "coordinates": [ [ [ 122.187220815266429, 7.190479463746721 ], [ 122.196274446431005, 7.190479463746721 ], [ 122.196274446431005, 7.199462575496631 ], [ 122.187220815266429, 7.199462575496631 ], [ 122.187220815266429, 7.190479463746721 ] ] ] } },
{ "type": "Feature", "properties": { "grid_id": "33_37", "x_idx": 33, "y_idx": 37 }, "geometry": { "type": "Polygon", "coordinates": [ [ [ 122.196274446430991, 7.190479463746721 ], [ 122.205328077595567, 7.190479463746721 ], [ 122.205328077595567, 7.199462575496631 ], [ 122.196274446430991, 7.199462575496631 ], [ 122.196274446430991, 7.190479463746721 ] ] ] } },
{ "type": "Feature", "properties": { "grid_id": "34_37", "x_idx": 34, "y_idx": 37 }, "geometry": { "type": "Polygon", "coordinates": [ [ [ 122.205328077595567, 7.190479463746721 ], [ 122.214381708760143, 7.190479463746721 ], [ 122.214381708760143, 7.199462575496631 ], [ 122.205328077595567, 7.199462575496631 ], [ 122.205328077595567, 7.190479463746721 ] ] ] } },
{ "type": "Feature", "properties": { "grid_id": "35_37", "x_idx": 35, "y_idx": 37 }, "geometry": { "type": "Polygon", "coordinates": [ [ [ 122.214381708760143, 7.190479463746721 ], [ 122.22343533992472, 7.190479463746721 ], [ 122.22343533992472, 7.199462575496631 ], [ 122.214381708760143, 7.199462575496631 ], [ 122.214381708760143, 7.190479463746721 ] ] ] } },
{ "type": "Feature", "properties": { "grid_id": "36_37", "x_idx": 36, "y_idx": 37 }, "geometry": { "type": "Polygon", "coordinates": [ [ [ 122.22343533992472, 7.190479463746721 ], [ 122.232488971089296, 7.190479463746721 ], [ 122.232488971089296, 7.199462575496631 ], [ 122.22343533992472, 7.199462575496631 ], [ 122.22343533992472, 7.190479463746721 ] ] ] } },
{ "type": "Feature", "properties": { "grid_id": "37_37", "x_idx": 37, "y_idx": 37 }, "geometry": { "type": "Polygon", "coordinates": [ [ [ 122.232488971089282, 7.190479463746721 ], [ 122.241542602253858, 7.190479463746721 ], [ 122.241542602253858, 7.199462575496631 ], [ 122.232488971089282, 7.199462575496631 ], [ 122.232488971089282, 7.190479463746721 ] ] ] } },
{ "type": "Feature", "properties": { "grid_id": "38_37", "x_idx": 38, "y_idx": 37 }, "geometry": { "type": "Polygon", "coordinates": [ [ [ 122.241542602253858, 7.190479463746721 ], [ 122.250596233418435, 7.190479463746721 ], [ 122.250596233418435, 7.199462575496631 ], [ 122.241542602253858, 7.199462575496631 ], [ 122.241542602253858, 7.190479463746721 ] ] ] } },
{ "type": "Feature", "properties": { "grid_id": "39_37", "x_idx": 39, "y_idx": 37 }, "geometry": { "type": "Polygon", "coordinates": [ [ [ 122.250596233418435, 7.190479463746721 ], [ 122.259649864583011, 7.190479463746721 ], [ 122.259649864583011, 7.199462575496631 ], [ 122.250596233418435, 7.199462575496631 ], [ 122.250596233418435, 7.190479463746721 ] ] ] } },
{ "type": "Feature", "properties": { "grid_id": "40_37", "x_idx": 40, "y_idx": 37 }, "geometry": { "type": "Polygon", "coordinates": [ [ [ 122.259649864583011, 7.190479463746721 ], [ 122.268703495747587, 7.190479463746721 ], [ 122.268703495747587, 7.199462575496631 ], [ 122.259649864583011, 7.199462575496631 ], [ 122.259649864583011, 7.190479463746721 ] ] ] } },
{ "type": "Feature", "properties": { "grid_id": "24_38", "x_idx": 24, "y_idx": 38 }, "geometry": { "type": "Polygon", "coordinates": [ [ [ 122.114791765949846, 7.199462575496631 ], [ 122.123845397114422, 7.199462575496631 ], [ 122.123845397114422, 7.208445687246542 ], [ 122.114791765949846, 7.208445687246542 ], [ 122.114791765949846, 7.199462575496631 ] ] ] } },
{ "type": "Feature", "properties": { "grid_id": "25_38", "x_idx": 25, "y_idx": 38 }, "geometry": { "type": "Polygon", "coordinates": [ [ [ 122.123845397114408, 7.199462575496631 ], [ 122.132899028278985, 7.199462575496631 ], [ 122.132899028278985, 7.208445687246542 ], [ 122.123845397114408, 7.208445687246542 ], [ 122.123845397114408, 7.199462575496631 ] ] ] } },
{ "type": "Feature", "properties": { "grid_id": "26_38", "x_idx": 26, "y_idx": 38 }, "geometry": { "type": "Polygon", "coordinates": [ [ [ 122.132899028278985, 7.199462575496631 ], [ 122.141952659443561, 7.199462575496631 ], [ 122.141952659443561, 7.208445687246542 ], [ 122.132899028278985, 7.208445687246542 ], [ 122.132899028278985, 7.199462575496631 ] ] ] } },
{ "type": "Feature", "properties": { "grid_id": "27_38", "x_idx": 27, "y_idx": 38 }, "geometry": { "type": "Polygon", "coordinates": [ [ [ 122.141952659443561, 7.199462575496631 ], [ 122.151006290608137, 7.199462575496631 ], [ 122.151006290608137, 7.208445687246542 ], [ 122.141952659443561, 7.208445687246542 ], [ 122.141952659443561, 7.199462575496631 ] ] ] } },
{ "type": "Feature", "properties": { "grid_id": "28_38", "x_idx": 28, "y_idx": 38 }, "geometry": { "type": "Polygon", "coordinates": [ [ [ 122.151006290608137, 7.199462575496631 ], [ 122.160059921772714, 7.199462575496631 ], [ 122.160059921772714, 7.208445687246542 ], [ 122.151006290608137, 7.208445687246542 ], [ 122.151006290608137, 7.199462575496631 ] ] ] } },
{ "type": "Feature", "properties": { "grid_id": "29_38", "x_idx": 29, "y_idx": 38 }, "geometry": { "type": "Polygon", "coordinates": [ [ [ 122.160059921772699, 7.199462575496631 ], [ 122.169113552937276, 7.199462575496631 ], [ 122.169113552937276, 7.208445687246542 ], [ 122.160059921772699, 7.208445687246542 ], [ 122.160059921772699, 7.199462575496631 ] ] ] } },
{ "type": "Feature", "properties": { "grid_id": "30_38", "x_idx": 30, "y_idx": 38 }, "geometry": { "type": "Polygon", "coordinates": [ [ [ 122.169113552937276, 7.199462575496631 ], [ 122.178167184101852, 7.199462575496631 ], [ 122.178167184101852, 7.208445687246542 ], [ 122.169113552937276, 7.208445687246542 ], [ 122.169113552937276, 7.199462575496631 ] ] ] } },
{ "type": "Feature", "properties": { "grid_id": "31_38", "x_idx": 31, "y_idx": 38 }, "geometry": { "type": "Polygon", "coordinates": [ [ [ 122.178167184101852, 7.199462575496631 ], [ 122.187220815266429, 7.199462575496631 ], [ 122.187220815266429, 7.208445687246542 ], [ 122.178167184101852, 7.208445687246542 ], [ 122.178167184101852, 7.199462575496631 ] ] ] } },
{ "type": "Feature", "properties": { "grid_id": "32_38", "x_idx": 32, "y_idx": 38 }, "geometry": { "type": "Polygon", "coordinates": [ [ [ 122.187220815266429, 7.199462575496631 ], [ 122.196274446431005, 7.199462575496631 ], [ 122.196274446431005, 7.208445687246542 ], [ 122.187220815266429, 7.208445687246542 ], [ 122.187220815266429, 7.199462575496631 ] ] ] } },
{ "type": "Feature", "properties": { "grid_id": "33_38", "x_idx": 33, "y_idx": 38 }, "geometry": { "type": "Polygon", "coordinates": [ [ [ 122.196274446430991, 7.199462575496631 ], [ 122.205328077595567, 7.199462575496631 ], [ 122.205328077595567, 7.208445687246542 ], [ 122.196274446430991, 7.208445687246542 ], [ 122.196274446430991, 7.199462575496631 ] ] ] } },
{ "type": "Feature", "properties": { "grid_id": "34_38", "x_idx": 34, "y_idx": 38 }, "geometry": { "type": "Polygon", "coordinates": [ [ [ 122.205328077595567, 7.199462575496631 ], [ 122.214381708760143, 7.199462575496631 ], [ 122.214381708760143, 7.208445687246542 ], [ 122.205328077595567, 7.208445687246542 ], [ 122.205328077595567, 7.199462575496631 ] ] ] } },
{ "type": "Feature", "properties": { "grid_id": "35_38", "x_idx": 35, "y_idx": 38 }, "geometry": { "type": "Polygon", "coordinates": [ [ [ 122.214381708760143, 7.199462575496631 ], [ 122.22343533992472, 7.199462575496631 ], [ 122.22343533992472, 7.208445687246542 ], [ 122.214381708760143, 7.208445687246542 ], [ 122.214381708760143, 7.199462575496631 ] ] ] } },
{ "type": "Feature", "properties": { "grid_id": "36_38", "x_idx": 36, "y_idx": 38 }, "geometry": { "type": "Polygon", "coordinates": [ [ [ 122.22343533992472, 7.199462575496631 ], [ 122.232488971089296, 7.199462575496631 ], [ 122.232488971089296, 7.208445687246542 ], [ 122.22343533992472, 7.208445687246542 ], [ 122.22343533992472, 7.199462575496631 ] ] ] } },
{ "type": "Feature", "properties": { "grid_id": "37_38", "x_idx": 37, "y_idx": 38 }, "geometry": { "type": "Polygon", "coordinates": [ [ [ 122.232488971089282, 7.199462575496631 ], [ 122.241542602253858, 7.199462575496631 ], [ 122.241542602253858, 7.208445687246542 ], [ 122.232488971089282, 7.208445687246542 ], [ 122.232488971089282, 7.199462575496631 ] ] ] } },
{ "type": "Feature", "properties": { "grid_id": "38_38", "x_idx": 38, "y_idx": 38 }, "geometry": { "type": "Polygon", "coordinates": [ [ [ 122.241542602253858, 7.199462575496631 ], [ 122.250596233418435, 7.199462575496631 ], [ 122.250596233418435, 7.208445687246542 ], [ 122.241542602253858, 7.208445687246542 ], [ 122.241542602253858, 7.199462575496631 ] ] ] } },
{ "type": "Feature", "properties": { "grid_id": "39_38", "x_idx": 39, "y_idx": 38 }, "geometry": { "type": "Polygon", "coordinates": [ [ [ 122.250596233418435, 7.199462575496631 ], [ 122.259649864583011, 7.199462575496631 ], [ 122.259649864583011, 7.208445687246542 ], [ 122.250596233418435, 7.208445687246542 ], [ 122.250596233418435, 7.199462575496631 ] ] ] } },
{ "type": "Feature", "properties": { "grid_id": "40_38", "x_idx": 40, "y_idx": 38 }, "geometry": { "type": "Polygon", "coordinates": [ [ [ 122.259649864583011, 7.199462575496631 ], [ 122.268703495747587, 7.199462575496631 ], [ 122.268703495747587, 7.208445687246542 ], [ 122.259649864583011, 7.208445687246542 ], [ 122.259649864583011, 7.199462575496631 ] ] ] } },
{ "type": "Feature", "properties": { "grid_id": "25_39", "x_idx": 25, "y_idx": 39 }, "geometry": { "type": "Polygon", "coordinates": [ [ [ 122.123845397114408, 7.208445687246542 ], [ 122.132899028278985, 7.208445687246542 ], [ 122.132899028278985, 7.217428798996452 ], [ 122.123845397114408, 7.217428798996452 ], [ 122.123845397114408, 7.208445687246542 ] ] ] } },
{ "type": "Feature", "properties": { "grid_id": "26_39", "x_idx": 26, "y_idx": 39 }, "geometry": { "type": "Polygon", "coordinates": [ [ [ 122.132899028278985, 7.208445687246542 ], [ 122.141952659443561, 7.208445687246542 ], [ 122.141952659443561, 7.217428798996452 ], [ 122.132899028278985, 7.217428798996452 ], [ 122.132899028278985, 7.208445687246542 ] ] ] } },
{ "type": "Feature", "properties": { "grid_id": "27_39", "x_idx": 27, "y_idx": 39 }, "geometry": { "type": "Polygon", "coordinates": [ [ [ 122.141952659443561, 7.208445687246542 ], [ 122.151006290608137, 7.208445687246542 ], [ 122.151006290608137, 7.217428798996452 ], [ 122.141952659443561, 7.217428798996452 ], [ 122.141952659443561, 7.208445687246542 ] ] ] } },
{ "type": "Feature", "properties": { "grid_id": "28_39", "x_idx": 28, "y_idx": 39 }, "geometry": { "type": "Polygon", "coordinates": [ [ [ 122.151006290608137, 7.208445687246542 ], [ 122.160059921772714, 7.208445687246542 ], [ 122.160059921772714, 7.217428798996452 ], [ 122.151006290608137, 7.217428798996452 ], [ 122.151006290608137, 7.208445687246542 ] ] ] } },
{ "type": "Feature", "properties": { "grid_id": "29_39", "x_idx": 29, "y_idx": 39 }, "geometry": { "type": "Polygon", "coordinates": [ [ [ 122.160059921772699, 7.208445687246542 ], [ 122.169113552937276, 7.208445687246542 ], [ 122.169113552937276, 7.217428798996452 ], [ 122.160059921772699, 7.217428798996452 ], [ 122.160059921772699, 7.208445687246542 ] ] ] } },
{ "type": "Feature", "properties": { "grid_id": "30_39", "x_idx": 30, "y_idx": 39 }, "geometry": { "type": "Polygon", "coordinates": [ [ [ 122.169113552937276, 7.208445687246542 ], [ 122.178167184101852, 7.208445687246542 ], [ 122.178167184101852, 7.217428798996452 ], [ 122.169113552937276, 7.217428798996452 ], [ 122.169113552937276, 7.208445687246542 ] ] ] } },
{ "type": "Feature", "properties": { "grid_id": "31_39", "x_idx": 31, "y_idx": 39 }, "geometry": { "type": "Polygon", "coordinates": [ [ [ 122.178167184101852, 7.208445687246542 ], [ 122.187220815266429, 7.208445687246542 ], [ 122.187220815266429, 7.217428798996452 ], [ 122.178167184101852, 7.217428798996452 ], [ 122.178167184101852, 7.208445687246542 ] ] ] } },
{ "type": "Feature", "properties": { "grid_id": "32_39", "x_idx": 32, "y_idx": 39 }, "geometry": { "type": "Polygon", "coordinates": [ [ [ 122.187220815266429, 7.208445687246542 ], [ 122.196274446431005, 7.208445687246542 ], [ 122.196274446431005, 7.217428798996452 ], [ 122.187220815266429, 7.217428798996452 ], [ 122.187220815266429, 7.208445687246542 ] ] ] } },
{ "type": "Feature", "properties": { "grid_id": "33_39", "x_idx": 33, "y_idx": 39 }, "geometry": { "type": "Polygon", "coordinates": [ [ [ 122.196274446430991, 7.208445687246542 ], [ 122.205328077595567, 7.208445687246542 ], [ 122.205328077595567, 7.217428798996452 ], [ 122.196274446430991, 7.217428798996452 ], [ 122.196274446430991, 7.208445687246542 ] ] ] } },
{ "type": "Feature", "properties": { "grid_id": "34_39", "x_idx": 34, "y_idx": 39 }, "geometry": { "type": "Polygon", "coordinates": [ [ [ 122.205328077595567, 7.208445687246542 ], [ 122.214381708760143, 7.208445687246542 ], [ 122.214381708760143, 7.217428798996452 ], [ 122.205328077595567, 7.217428798996452 ], [ 122.205328077595567, 7.208445687246542 ] ] ] } },
{ "type": "Feature", "properties": { "grid_id": "35_39", "x_idx": 35, "y_idx": 39 }, "geometry": { "type": "Polygon", "coordinates": [ [ [ 122.214381708760143, 7.208445687246542 ], [ 122.22343533992472, 7.208445687246542 ], [ 122.22343533992472, 7.217428798996452 ], [ 122.214381708760143, 7.217428798996452 ], [ 122.214381708760143, 7.208445687246542 ] ] ] } },
{ "type": "Feature", "properties": { "grid_id": "36_39", "x_idx": 36, "y_idx": 39 }, "geometry": { "type": "Polygon", "coordinates": [ [ [ 122.22343533992472, 7.208445687246542 ], [ 122.232488971089296, 7.208445687246542 ], [ 122.232488971089296, 7.217428798996452 ], [ 122.22343533992472, 7.217428798996452 ], [ 122.22343533992472, 7.208445687246542 ] ] ] } },
{ "type": "Feature", "properties": { "grid_id": "37_39", "x_idx": 37, "y_idx": 39 }, "geometry": { "type": "Polygon", "coordinates": [ [ [ 122.232488971089282, 7.208445687246542 ], [ 122.241542602253858, 7.208445687246542 ], [ 122.241542602253858, 7.217428798996452 ], [ 122.232488971089282, 7.217428798996452 ], [ 122.232488971089282, 7.208445687246542 ] ] ] } },
{ "type": "Feature", "properties": { "grid_id": "38_39", "x_idx": 38, "y_idx": 39 }, "geometry": { "type": "Polygon", "coordinates": [ [ [ 122.241542602253858, 7.208445687246542 ], [ 122.250596233418435, 7.208445687246542 ], [ 122.250596233418435, 7.217428798996452 ], [ 122.241542602253858, 7.217428798996452 ], [ 122.241542602253858, 7.208445687246542 ] ] ] } },
{ "type": "Feature", "properties": { "grid_id": "39_39", "x_idx": 39, "y_idx": 39 }, "geometry": { "type": "Polygon", "coordinates": [ [ [ 122.250596233418435, 7.208445687246542 ], [ 122.259649864583011, 7.208445687246542 ], [ 122.259649864583011, 7.217428798996452 ], [ 122.250596233418435, 7.217428798996452 ], [ 122.250596233418435, 7.208445687246542 ] ] ] } },
{ "type": "Feature", "properties": { "grid_id": "40_39", "x_idx": 40, "y_idx": 39 }, "geometry": { "type": "Polygon", "coordinates": [ [ [ 122.259649864583011, 7.208445687246542 ], [ 122.268703495747587, 7.208445687246542 ], [ 122.268703495747587, 7.217428798996452 ], [ 122.259649864583011, 7.217428798996452 ], [ 122.259649864583011, 7.208445687246542 ] ] ] } },
{ "type": "Feature", "properties": { "grid_id": "26_40", "x_idx": 26, "y_idx": 40 }, "geometry": { "type": "Polygon", "coordinates": [ [ [ 122.132899028278985, 7.217428798996452 ], [ 122.141952659443561, 7.217428798996452 ], [ 122.141952659443561, 7.226411910746362 ], [ 122.132899028278985, 7.226411910746362 ], [ 122.132899028278985, 7.217428798996452 ] ] ] } },
{ "type": "Feature", "properties": { "grid_id": "27_40", "x_idx": 27, "y_idx": 40 }, "geometry": { "type": "Polygon", "coordinates": [ [ [ 122.141952659443561, 7.217428798996452 ], [ 122.151006290608137, 7.217428798996452 ], [ 122.151006290608137, 7.226411910746362 ], [ 122.141952659443561, 7.226411910746362 ], [ 122.141952659443561, 7.217428798996452 ] ] ] } },
{ "type": "Feature", "properties": { "grid_id": "28_40", "x_idx": 28, "y_idx": 40 }, "geometry": { "type": "Polygon", "coordinates": [ [ [ 122.151006290608137, 7.217428798996452 ], [ 122.160059921772714, 7.217428798996452 ], [ 122.160059921772714, 7.226411910746362 ], [ 122.151006290608137, 7.226411910746362 ], [ 122.151006290608137, 7.217428798996452 ] ] ] } },
{ "type": "Feature", "properties": { "grid_id": "29_40", "x_idx": 29, "y_idx": 40 }, "geometry": { "type": "Polygon", "coordinates": [ [ [ 122.160059921772699, 7.217428798996452 ], [ 122.169113552937276, 7.217428798996452 ], [ 122.169113552937276, 7.226411910746362 ], [ 122.160059921772699, 7.226411910746362 ], [ 122.160059921772699, 7.217428798996452 ] ] ] } },
{ "type": "Feature", "properties": { "grid_id": "30_40", "x_idx": 30, "y_idx": 40 }, "geometry": { "type": "Polygon", "coordinates": [ [ [ 122.169113552937276, 7.217428798996452 ], [ 122.178167184101852, 7.217428798996452 ], [ 122.178167184101852, 7.226411910746362 ], [ 122.169113552937276, 7.226411910746362 ], [ 122.169113552937276, 7.217428798996452 ] ] ] } },
{ "type": "Feature", "properties": { "grid_id": "31_40", "x_idx": 31, "y_idx": 40 }, "geometry": { "type": "Polygon", "coordinates": [ [ [ 122.178167184101852, 7.217428798996452 ], [ 122.187220815266429, 7.217428798996452 ], [ 122.187220815266429, 7.226411910746362 ], [ 122.178167184101852, 7.226411910746362 ], [ 122.178167184101852, 7.217428798996452 ] ] ] } },
{ "type": "Feature", "properties": { "grid_id": "32_40", "x_idx": 32, "y_idx": 40 }, "geometry": { "type": "Polygon", "coordinates": [ [ [ 122.187220815266429, 7.217428798996452 ], [ 122.196274446431005, 7.217428798996452 ], [ 122.196274446431005, 7.226411910746362 ], [ 122.187220815266429, 7.226411910746362 ], [ 122.187220815266429, 7.217428798996452 ] ] ] } },
{ "type": "Feature", "properties": { "grid_id": "33_40", "x_idx": 33, "y_idx": 40 }, "geometry": { "type": "Polygon", "coordinates": [ [ [ 122.196274446430991, 7.217428798996452 ], [ 122.205328077595567, 7.217428798996452 ], [ 122.205328077595567, 7.226411910746362 ], [ 122.196274446430991, 7.226411910746362 ], [ 122.196274446430991, 7.217428798996452 ] ] ] } },
{ "type": "Feature", "properties": { "grid_id": "34_40", "x_idx": 34, "y_idx": 40 }, "geometry": { "type": "Polygon", "coordinates": [ [ [ 122.205328077595567, 7.217428798996452 ], [ 122.214381708760143, 7.217428798996452 ], [ 122.214381708760143, 7.226411910746362 ], [ 122.205328077595567, 7.226411910746362 ], [ 122.205328077595567, 7.217428798996452 ] ] ] } },
{ "type": "Feature", "properties": { "grid_id": "35_40", "x_idx": 35, "y_idx": 40 }, "geometry": { "type": "Polygon", "coordinates": [ [ [ 122.214381708760143, 7.217428798996452 ], [ 122.22343533992472, 7.217428798996452 ], [ 122.22343533992472, 7.226411910746362 ], [ 122.214381708760143, 7.226411910746362 ], [ 122.214381708760143, 7.217428798996452 ] ] ] } },
{ "type": "Feature", "properties": { "grid_id": "36_40", "x_idx": 36, "y_idx": 40 }, "geometry": { "type": "Polygon", "coordinates": [ [ [ 122.22343533992472, 7.217428798996452 ], [ 122.232488971089296, 7.217428798996452 ], [ 122.232488971089296, 7.226411910746362 ], [ 122.22343533992472, 7.226411910746362 ], [ 122.22343533992472, 7.217428798996452 ] ] ] } },
{ "type": "Feature", "properties": { "grid_id": "37_40", "x_idx": 37, "y_idx": 40 }, "geometry": { "type": "Polygon", "coordinates": [ [ [ 122.232488971089282, 7.217428798996452 ], [ 122.241542602253858, 7.217428798996452 ], [ 122.241542602253858, 7.226411910746362 ], [ 122.232488971089282, 7.226411910746362 ], [ 122.232488971089282, 7.217428798996452 ] ] ] } },
{ "type": "Feature", "properties": { "grid_id": "38_40", "x_idx": 38, "y_idx": 40 }, "geometry": { "type": "Polygon", "coordinates": [ [ [ 122.241542602253858, 7.217428798996452 ], [ 122.250596233418435, 7.217428798996452 ], [ 122.250596233418435, 7.226411910746362 ], [ 122.241542602253858, 7.226411910746362 ], [ 122.241542602253858, 7.217428798996452 ] ] ] } },
{ "type": "Feature", "properties": { "grid_id": "39_40", "x_idx": 39, "y_idx": 40 }, "geometry": { "type": "Polygon", "coordinates": [ [ [ 122.250596233418435, 7.217428798996452 ], [ 122.259649864583011, 7.217428798996452 ], [ 122.259649864583011, 7.226411910746362 ], [ 122.250596233418435, 7.226411910746362 ], [ 122.250596233418435, 7.217428798996452 ] ] ] } },
{ "type": "Feature", "properties": { "grid_id": "40_40", "x_idx": 40, "y_idx": 40 }, "geometry": { "type": "Polygon", "coordinates": [ [ [ 122.259649864583011, 7.217428798996452 ], [ 122.268703495747587, 7.217428798996452 ], [ 122.268703495747587, 7.226411910746362 ], [ 122.259649864583011, 7.226411910746362 ], [ 122.259649864583011, 7.217428798996452 ] ] ] } },
{ "type": "Feature", "properties": { "grid_id": "26_41", "x_idx": 26, "y_idx": 41 }, "geometry": { "type": "Polygon", "coordinates": [ [ [ 122.132899028278985, 7.226411910746362 ], [ 122.141952659443561, 7.226411910746362 ], [ 122.141952659443561, 7.235395022496272 ], [ 122.132899028278985, 7.235395022496272 ], [ 122.132899028278985, 7.226411910746362 ] ] ] } },
{ "type": "Feature", "properties": { "grid_id": "27_41", "x_idx": 27, "y_idx": 41 }, "geometry": { "type": "Polygon", "coordinates": [ [ [ 122.141952659443561, 7.226411910746362 ], [ 122.151006290608137, 7.226411910746362 ], [ 122.151006290608137, 7.235395022496272 ], [ 122.141952659443561, 7.235395022496272 ], [ 122.141952659443561, 7.226411910746362 ] ] ] } },
{ "type": "Feature", "properties": { "grid_id": "28_41", "x_idx": 28, "y_idx": 41 }, "geometry": { "type": "Polygon", "coordinates": [ [ [ 122.151006290608137, 7.226411910746362 ], [ 122.160059921772714, 7.226411910746362 ], [ 122.160059921772714, 7.235395022496272 ], [ 122.151006290608137, 7.235395022496272 ], [ 122.151006290608137, 7.226411910746362 ] ] ] } },
{ "type": "Feature", "properties": { "grid_id": "29_41", "x_idx": 29, "y_idx": 41 }, "geometry": { "type": "Polygon", "coordinates": [ [ [ 122.160059921772699, 7.226411910746362 ], [ 122.169113552937276, 7.226411910746362 ], [ 122.169113552937276, 7.235395022496272 ], [ 122.160059921772699, 7.235395022496272 ], [ 122.160059921772699, 7.226411910746362 ] ] ] } },
{ "type": "Feature", "properties": { "grid_id": "30_41", "x_idx": 30, "y_idx": 41 }, "geometry": { "type": "Polygon", "coordinates": [ [ [ 122.169113552937276, 7.226411910746362 ], [ 122.178167184101852, 7.226411910746362 ], [ 122.178167184101852, 7.235395022496272 ], [ 122.169113552937276, 7.235395022496272 ], [ 122.169113552937276, 7.226411910746362 ] ] ] } },
{ "type": "Feature", "properties": { "grid_id": "31_41", "x_idx": 31, "y_idx": 41 }, "geometry": { "type": "Polygon", "coordinates": [ [ [ 122.178167184101852, 7.226411910746362 ], [ 122.187220815266429, 7.226411910746362 ], [ 122.187220815266429, 7.235395022496272 ], [ 122.178167184101852, 7.235395022496272 ], [ 122.178167184101852, 7.226411910746362 ] ] ] } },
{ "type": "Feature", "properties": { "grid_id": "32_41", "x_idx": 32, "y_idx": 41 }, "geometry": { "type": "Polygon", "coordinates": [ [ [ 122.187220815266429, 7.226411910746362 ], [ 122.196274446431005, 7.226411910746362 ], [ 122.196274446431005, 7.235395022496272 ], [ 122.187220815266429, 7.235395022496272 ], [ 122.187220815266429, 7.226411910746362 ] ] ] } },
{ "type": "Feature", "properties": { "grid_id": "33_41", "x_idx": 33, "y_idx": 41 }, "geometry": { "type": "Polygon", "coordinates": [ [ [ 122.196274446430991, 7.226411910746362 ], [ 122.205328077595567, 7.226411910746362 ], [ 122.205328077595567, 7.235395022496272 ], [ 122.196274446430991, 7.235395022496272 ], [ 122.196274446430991, 7.226411910746362 ] ] ] } },
{ "type": "Feature", "properties": { "grid_id": "34_41", "x_idx": 34, "y_idx": 41 }, "geometry": { "type": "Polygon", "coordinates": [ [ [ 122.205328077595567, 7.226411910746362 ], [ 122.214381708760143, 7.226411910746362 ], [ 122.214381708760143, 7.235395022496272 ], [ 122.205328077595567, 7.235395022496272 ], [ 122.205328077595567, 7.226411910746362 ] ] ] } },
{ "type": "Feature", "properties": { "grid_id": "35_41", "x_idx": 35, "y_idx": 41 }, "geometry": { "type": "Polygon", "coordinates": [ [ [ 122.214381708760143, 7.226411910746362 ], [ 122.22343533992472, 7.226411910746362 ], [ 122.22343533992472, 7.235395022496272 ], [ 122.214381708760143, 7.235395022496272 ], [ 122.214381708760143, 7.226411910746362 ] ] ] } },
{ "type": "Feature", "properties": { "grid_id": "36_41", "x_idx": 36, "y_idx": 41 }, "geometry": { "type": "Polygon", "coordinates": [ [ [ 122.22343533992472, 7.226411910746362 ], [ 122.232488971089296, 7.226411910746362 ], [ 122.232488971089296, 7.235395022496272 ], [ 122.22343533992472, 7.235395022496272 ], [ 122.22343533992472, 7.226411910746362 ] ] ] } },
{ "type": "Feature", "properties": { "grid_id": "37_41", "x_idx": 37, "y_idx": 41 }, "geometry": { "type": "Polygon", "coordinates": [ [ [ 122.232488971089282, 7.226411910746362 ], [ 122.241542602253858, 7.226411910746362 ], [ 122.241542602253858, 7.235395022496272 ], [ 122.232488971089282, 7.235395022496272 ], [ 122.232488971089282, 7.226411910746362 ] ] ] } },
{ "type": "Feature", "properties": { "grid_id": "38_41", "x_idx": 38, "y_idx": 41 }, "geometry": { "type": "Polygon", "coordinates": [ [ [ 122.241542602253858, 7.226411910746362 ], [ 122.250596233418435, 7.226411910746362 ], [ 122.250596233418435, 7.235395022496272 ], [ 122.241542602253858, 7.235395022496272 ], [ 122.241542602253858, 7.226411910746362 ] ] ] } },
{ "type": "Feature", "properties": { "grid_id": "39_41", "x_idx": 39, "y_idx": 41 }, "geometry": { "type": "Polygon", "coordinates": [ [ [ 122.250596233418435, 7.226411910746362 ], [ 122.259649864583011, 7.226411910746362 ], [ 122.259649864583011, 7.235395022496272 ], [ 122.250596233418435, 7.235395022496272 ], [ 122.250596233418435, 7.226411910746362 ] ] ] } },
{ "type": "Feature", "properties": { "grid_id": "40_41", "x_idx": 40, "y_idx": 41 }, "geometry": { "type": "Polygon", "coordinates": [ [ [ 122.259649864583011, 7.226411910746362 ], [ 122.268703495747587, 7.226411910746362 ], [ 122.268703495747587, 7.235395022496272 ], [ 122.259649864583011, 7.235395022496272 ], [ 122.259649864583011, 7.226411910746362 ] ] ] } },
{ "type": "Feature", "properties": { "grid_id": "41_41", "x_idx": 41, "y_idx": 41 }, "geometry": { "type": "Polygon", "coordinates": [ [ [ 122.268703495747573, 7.226411910746362 ], [ 122.277757126912149, 7.226411910746362 ], [ 122.277757126912149, 7.235395022496272 ], [ 122.268703495747573, 7.235395022496272 ], [ 122.268703495747573, 7.226411910746362 ] ] ] } },
{ "type": "Feature", "properties": { "grid_id": "42_41", "x_idx": 42, "y_idx": 41 }, "geometry": { "type": "Polygon", "coordinates": [ [ [ 122.277757126912149, 7.226411910746362 ], [ 122.286810758076726, 7.226411910746362 ], [ 122.286810758076726, 7.235395022496272 ], [ 122.277757126912149, 7.235395022496272 ], [ 122.277757126912149, 7.226411910746362 ] ] ] } },
{ "type": "Feature", "properties": { "grid_id": "27_42", "x_idx": 27, "y_idx": 42 }, "geometry": { "type": "Polygon", "coordinates": [ [ [ 122.141952659443561, 7.235395022496272 ], [ 122.151006290608137, 7.235395022496272 ], [ 122.151006290608137, 7.244378134246182 ], [ 122.141952659443561, 7.244378134246182 ], [ 122.141952659443561, 7.235395022496272 ] ] ] } },
{ "type": "Feature", "properties": { "grid_id": "28_42", "x_idx": 28, "y_idx": 42 }, "geometry": { "type": "Polygon", "coordinates": [ [ [ 122.151006290608137, 7.235395022496272 ], [ 122.160059921772714, 7.235395022496272 ], [ 122.160059921772714, 7.244378134246182 ], [ 122.151006290608137, 7.244378134246182 ], [ 122.151006290608137, 7.235395022496272 ] ] ] } },
{ "type": "Feature", "properties": { "grid_id": "29_42", "x_idx": 29, "y_idx": 42 }, "geometry": { "type": "Polygon", "coordinates": [ [ [ 122.160059921772699, 7.235395022496272 ], [ 122.169113552937276, 7.235395022496272 ], [ 122.169113552937276, 7.244378134246182 ], [ 122.160059921772699, 7.244378134246182 ], [ 122.160059921772699, 7.235395022496272 ] ] ] } },
{ "type": "Feature", "properties": { "grid_id": "30_42", "x_idx": 30, "y_idx": 42 }, "geometry": { "type": "Polygon", "coordinates": [ [ [ 122.169113552937276, 7.235395022496272 ], [ 122.178167184101852, 7.235395022496272 ], [ 122.178167184101852, 7.244378134246182 ], [ 122.169113552937276, 7.244378134246182 ], [ 122.169113552937276, 7.235395022496272 ] ] ] } },
{ "type": "Feature", "properties": { "grid_id": "31_42", "x_idx": 31, "y_idx": 42 }, "geometry": { "type": "Polygon", "coordinates": [ [ [ 122.178167184101852, 7.235395022496272 ], [ 122.187220815266429, 7.235395022496272 ], [ 122.187220815266429, 7.244378134246182 ], [ 122.178167184101852, 7.244378134246182 ], [ 122.178167184101852, 7.235395022496272 ] ] ] } },
{ "type": "Feature", "properties": { "grid_id": "32_42", "x_idx": 32, "y_idx": 42 }, "geometry": { "type": "Polygon", "coordinates": [ [ [ 122.187220815266429, 7.235395022496272 ], [ 122.196274446431005, 7.235395022496272 ], [ 122.196274446431005, 7.244378134246182 ], [ 122.187220815266429, 7.244378134246182 ], [ 122.187220815266429, 7.235395022496272 ] ] ] } },
{ "type": "Feature", "properties": { "grid_id": "33_42", "x_idx": 33, "y_idx": 42 }, "geometry": { "type": "Polygon", "coordinates": [ [ [ 122.196274446430991, 7.235395022496272 ], [ 122.205328077595567, 7.235395022496272 ], [ 122.205328077595567, 7.244378134246182 ], [ 122.196274446430991, 7.244378134246182 ], [ 122.196274446430991, 7.235395022496272 ] ] ] } },
{ "type": "Feature", "properties": { "grid_id": "34_42", "x_idx": 34, "y_idx": 42 }, "geometry": { "type": "Polygon", "coordinates": [ [ [ 122.205328077595567, 7.235395022496272 ], [ 122.214381708760143, 7.235395022496272 ], [ 122.214381708760143, 7.244378134246182 ], [ 122.205328077595567, 7.244378134246182 ], [ 122.205328077595567, 7.235395022496272 ] ] ] } },
{ "type": "Feature", "properties": { "grid_id": "35_42", "x_idx": 35, "y_idx": 42 }, "geometry": { "type": "Polygon", "coordinates": [ [ [ 122.214381708760143, 7.235395022496272 ], [ 122.22343533992472, 7.235395022496272 ], [ 122.22343533992472, 7.244378134246182 ], [ 122.214381708760143, 7.244378134246182 ], [ 122.214381708760143, 7.235395022496272 ] ] ] } },
{ "type": "Feature", "properties": { "grid_id": "36_42", "x_idx": 36, "y_idx": 42 }, "geometry": { "type": "Polygon", "coordinates": [ [ [ 122.22343533992472, 7.235395022496272 ], [ 122.232488971089296, 7.235395022496272 ], [ 122.232488971089296, 7.244378134246182 ], [ 122.22343533992472, 7.244378134246182 ], [ 122.22343533992472, 7.235395022496272 ] ] ] } },
{ "type": "Feature", "properties": { "grid_id": "37_42", "x_idx": 37, "y_idx": 42 }, "geometry": { "type": "Polygon", "coordinates": [ [ [ 122.232488971089282, 7.235395022496272 ], [ 122.241542602253858, 7.235395022496272 ], [ 122.241542602253858, 7.244378134246182 ], [ 122.232488971089282, 7.244378134246182 ], [ 122.232488971089282, 7.235395022496272 ] ] ] } },
{ "type": "Feature", "properties": { "grid_id": "38_42", "x_idx": 38, "y_idx": 42 }, "geometry": { "type": "Polygon", "coordinates": [ [ [ 122.241542602253858, 7.235395022496272 ], [ 122.250596233418435, 7.235395022496272 ], [ 122.250596233418435, 7.244378134246182 ], [ 122.241542602253858, 7.244378134246182 ], [ 122.241542602253858, 7.235395022496272 ] ] ] } },
{ "type": "Feature", "properties": { "grid_id": "39_42", "x_idx": 39, "y_idx": 42 }, "geometry": { "type": "Polygon", "coordinates": [ [ [ 122.250596233418435, 7.235395022496272 ], [ 122.259649864583011, 7.235395022496272 ], [ 122.259649864583011, 7.244378134246182 ], [ 122.250596233418435, 7.244378134246182 ], [ 122.250596233418435, 7.235395022496272 ] ] ] } },
{ "type": "Feature", "properties": { "grid_id": "40_42", "x_idx": 40, "y_idx": 42 }, "geometry": { "type": "Polygon", "coordinates": [ [ [ 122.259649864583011, 7.235395022496272 ], [ 122.268703495747587, 7.235395022496272 ], [ 122.268703495747587, 7.244378134246182 ], [ 122.259649864583011, 7.244378134246182 ], [ 122.259649864583011, 7.235395022496272 ] ] ] } },
{ "type": "Feature", "properties": { "grid_id": "41_42", "x_idx": 41, "y_idx": 42 }, "geometry": { "type": "Polygon", "coordinates": [ [ [ 122.268703495747573, 7.235395022496272 ], [ 122.277757126912149, 7.235395022496272 ], [ 122.277757126912149, 7.244378134246182 ], [ 122.268703495747573, 7.244378134246182 ], [ 122.268703495747573, 7.235395022496272 ] ] ] } },
{ "type": "Feature", "properties": { "grid_id": "42_42", "x_idx": 42, "y_idx": 42 }, "geometry": { "type": "Polygon", "coordinates": [ [ [ 122.277757126912149, 7.235395022496272 ], [ 122.286810758076726, 7.235395022496272 ], [ 122.286810758076726, 7.244378134246182 ], [ 122.277757126912149, 7.244378134246182 ], [ 122.277757126912149, 7.235395022496272 ] ] ] } },
{ "type": "Feature", "properties": { "grid_id": "27_43", "x_idx": 27, "y_idx": 43 }, "geometry": { "type": "Polygon", "coordinates": [ [ [ 122.141952659443561, 7.244378134246182 ], [ 122.151006290608137, 7.244378134246182 ], [ 122.151006290608137, 7.253361245996093 ], [ 122.141952659443561, 7.253361245996093 ], [ 122.141952659443561, 7.244378134246182 ] ] ] } },
{ "type": "Feature", "properties": { "grid_id": "28_43", "x_idx": 28, "y_idx": 43 }, "geometry": { "type": "Polygon", "coordinates": [ [ [ 122.151006290608137, 7.244378134246182 ], [ 122.160059921772714, 7.244378134246182 ], [ 122.160059921772714, 7.253361245996093 ], [ 122.151006290608137, 7.253361245996093 ], [ 122.151006290608137, 7.244378134246182 ] ] ] } },
{ "type": "Feature", "properties": { "grid_id": "29_43", "x_idx": 29, "y_idx": 43 }, "geometry": { "type": "Polygon", "coordinates": [ [ [ 122.160059921772699, 7.244378134246182 ], [ 122.169113552937276, 7.244378134246182 ], [ 122.169113552937276, 7.253361245996093 ], [ 122.160059921772699, 7.253361245996093 ], [ 122.160059921772699, 7.244378134246182 ] ] ] } },
{ "type": "Feature", "properties": { "grid_id": "30_43", "x_idx": 30, "y_idx": 43 }, "geometry": { "type": "Polygon", "coordinates": [ [ [ 122.169113552937276, 7.244378134246182 ], [ 122.178167184101852, 7.244378134246182 ], [ 122.178167184101852, 7.253361245996093 ], [ 122.169113552937276, 7.253361245996093 ], [ 122.169113552937276, 7.244378134246182 ] ] ] } },
{ "type": "Feature", "properties": { "grid_id": "31_43", "x_idx": 31, "y_idx": 43 }, "geometry": { "type": "Polygon", "coordinates": [ [ [ 122.178167184101852, 7.244378134246182 ], [ 122.187220815266429, 7.244378134246182 ], [ 122.187220815266429, 7.253361245996093 ], [ 122.178167184101852, 7.253361245996093 ], [ 122.178167184101852, 7.244378134246182 ] ] ] } },
{ "type": "Feature", "properties": { "grid_id": "32_43", "x_idx": 32, "y_idx": 43 }, "geometry": { "type": "Polygon", "coordinates": [ [ [ 122.187220815266429, 7.244378134246182 ], [ 122.196274446431005, 7.244378134246182 ], [ 122.196274446431005, 7.253361245996093 ], [ 122.187220815266429, 7.253361245996093 ], [ 122.187220815266429, 7.244378134246182 ] ] ] } },
{ "type": "Feature", "properties": { "grid_id": "33_43", "x_idx": 33, "y_idx": 43 }, "geometry": { "type": "Polygon", "coordinates": [ [ [ 122.196274446430991, 7.244378134246182 ], [ 122.205328077595567, 7.244378134246182 ], [ 122.205328077595567, 7.253361245996093 ], [ 122.196274446430991, 7.253361245996093 ], [ 122.196274446430991, 7.244378134246182 ] ] ] } },
{ "type": "Feature", "properties": { "grid_id": "34_43", "x_idx": 34, "y_idx": 43 }, "geometry": { "type": "Polygon", "coordinates": [ [ [ 122.205328077595567, 7.244378134246182 ], [ 122.214381708760143, 7.244378134246182 ], [ 122.214381708760143, 7.253361245996093 ], [ 122.205328077595567, 7.253361245996093 ], [ 122.205328077595567, 7.244378134246182 ] ] ] } },
{ "type": "Feature", "properties": { "grid_id": "35_43", "x_idx": 35, "y_idx": 43 }, "geometry": { "type": "Polygon", "coordinates": [ [ [ 122.214381708760143, 7.244378134246182 ], [ 122.22343533992472, 7.244378134246182 ], [ 122.22343533992472, 7.253361245996093 ], [ 122.214381708760143, 7.253361245996093 ], [ 122.214381708760143, 7.244378134246182 ] ] ] } },
{ "type": "Feature", "properties": { "grid_id": "36_43", "x_idx": 36, "y_idx": 43 }, "geometry": { "type": "Polygon", "coordinates": [ [ [ 122.22343533992472, 7.244378134246182 ], [ 122.232488971089296, 7.244378134246182 ], [ 122.232488971089296, 7.253361245996093 ], [ 122.22343533992472, 7.253361245996093 ], [ 122.22343533992472, 7.244378134246182 ] ] ] } },
{ "type": "Feature", "properties": { "grid_id": "37_43", "x_idx": 37, "y_idx": 43 }, "geometry": { "type": "Polygon", "coordinates": [ [ [ 122.232488971089282, 7.244378134246182 ], [ 122.241542602253858, 7.244378134246182 ], [ 122.241542602253858, 7.253361245996093 ], [ 122.232488971089282, 7.253361245996093 ], [ 122.232488971089282, 7.244378134246182 ] ] ] } },
{ "type": "Feature", "properties": { "grid_id": "38_43", "x_idx": 38, "y_idx": 43 }, "geometry": { "type": "Polygon", "coordinates": [ [ [ 122.241542602253858, 7.244378134246182 ], [ 122.250596233418435, 7.244378134246182 ], [ 122.250596233418435, 7.253361245996093 ], [ 122.241542602253858, 7.253361245996093 ], [ 122.241542602253858, 7.244378134246182 ] ] ] } },
{ "type": "Feature", "properties": { "grid_id": "39_43", "x_idx": 39, "y_idx": 43 }, "geometry": { "type": "Polygon", "coordinates": [ [ [ 122.250596233418435, 7.244378134246182 ], [ 122.259649864583011, 7.244378134246182 ], [ 122.259649864583011, 7.253361245996093 ], [ 122.250596233418435, 7.253361245996093 ], [ 122.250596233418435, 7.244378134246182 ] ] ] } },
{ "type": "Feature", "properties": { "grid_id": "40_43", "x_idx": 40, "y_idx": 43 }, "geometry": { "type": "Polygon", "coordinates": [ [ [ 122.259649864583011, 7.244378134246182 ], [ 122.268703495747587, 7.244378134246182 ], [ 122.268703495747587, 7.253361245996093 ], [ 122.259649864583011, 7.253361245996093 ], [ 122.259649864583011, 7.244378134246182 ] ] ] } },
{ "type": "Feature", "properties": { "grid_id": "41_43", "x_idx": 41, "y_idx": 43 }, "geometry": { "type": "Polygon", "coordinates": [ [ [ 122.268703495747573, 7.244378134246182 ], [ 122.277757126912149, 7.244378134246182 ], [ 122.277757126912149, 7.253361245996093 ], [ 122.268703495747573, 7.253361245996093 ], [ 122.268703495747573, 7.244378134246182 ] ] ] } },
{ "type": "Feature", "properties": { "grid_id": "42_43", "x_idx": 42, "y_idx": 43 }, "geometry": { "type": "Polygon", "coordinates": [ [ [ 122.277757126912149, 7.244378134246182 ], [ 122.286810758076726, 7.244378134246182 ], [ 122.286810758076726, 7.253361245996093 ], [ 122.277757126912149, 7.253361245996093 ], [ 122.277757126912149, 7.244378134246182 ] ] ] } },
{ "type": "Feature", "properties": { "grid_id": "27_44", "x_idx": 27, "y_idx": 44 }, "geometry": { "type": "Polygon", "coordinates": [ [ [ 122.141952659443561, 7.253361245996093 ], [ 122.151006290608137, 7.253361245996093 ], [ 122.151006290608137, 7.262344357746003 ], [ 122.141952659443561, 7.262344357746003 ], [ 122.141952659443561, 7.253361245996093 ] ] ] } },
{ "type": "Feature", "properties": { "grid_id": "28_44", "x_idx": 28, "y_idx": 44 }, "geometry": { "type": "Polygon", "coordinates": [ [ [ 122.151006290608137, 7.253361245996093 ], [ 122.160059921772714, 7.253361245996093 ], [ 122.160059921772714, 7.262344357746003 ], [ 122.151006290608137, 7.262344357746003 ], [ 122.151006290608137, 7.253361245996093 ] ] ] } },
{ "type": "Feature", "properties": { "grid_id": "29_44", "x_idx": 29, "y_idx": 44 }, "geometry": { "type": "Polygon", "coordinates": [ [ [ 122.160059921772699, 7.253361245996093 ], [ 122.169113552937276, 7.253361245996093 ], [ 122.169113552937276, 7.262344357746003 ], [ 122.160059921772699, 7.262344357746003 ], [ 122.160059921772699, 7.253361245996093 ] ] ] } },
{ "type": "Feature", "properties": { "grid_id": "30_44", "x_idx": 30, "y_idx": 44 }, "geometry": { "type": "Polygon", "coordinates": [ [ [ 122.169113552937276, 7.253361245996093 ], [ 122.178167184101852, 7.253361245996093 ], [ 122.178167184101852, 7.262344357746003 ], [ 122.169113552937276, 7.262344357746003 ], [ 122.169113552937276, 7.253361245996093 ] ] ] } },
{ "type": "Feature", "properties": { "grid_id": "31_44", "x_idx": 31, "y_idx": 44 }, "geometry": { "type": "Polygon", "coordinates": [ [ [ 122.178167184101852, 7.253361245996093 ], [ 122.187220815266429, 7.253361245996093 ], [ 122.187220815266429, 7.262344357746003 ], [ 122.178167184101852, 7.262344357746003 ], [ 122.178167184101852, 7.253361245996093 ] ] ] } },
{ "type": "Feature", "properties": { "grid_id": "32_44", "x_idx": 32, "y_idx": 44 }, "geometry": { "type": "Polygon", "coordinates": [ [ [ 122.187220815266429, 7.253361245996093 ], [ 122.196274446431005, 7.253361245996093 ], [ 122.196274446431005, 7.262344357746003 ], [ 122.187220815266429, 7.262344357746003 ], [ 122.187220815266429, 7.253361245996093 ] ] ] } },
{ "type": "Feature", "properties": { "grid_id": "33_44", "x_idx": 33, "y_idx": 44 }, "geometry": { "type": "Polygon", "coordinates": [ [ [ 122.196274446430991, 7.253361245996093 ], [ 122.205328077595567, 7.253361245996093 ], [ 122.205328077595567, 7.262344357746003 ], [ 122.196274446430991, 7.262344357746003 ], [ 122.196274446430991, 7.253361245996093 ] ] ] } },
{ "type": "Feature", "properties": { "grid_id": "34_44", "x_idx": 34, "y_idx": 44 }, "geometry": { "type": "Polygon", "coordinates": [ [ [ 122.205328077595567, 7.253361245996093 ], [ 122.214381708760143, 7.253361245996093 ], [ 122.214381708760143, 7.262344357746003 ], [ 122.205328077595567, 7.262344357746003 ], [ 122.205328077595567, 7.253361245996093 ] ] ] } },
{ "type": "Feature", "properties": { "grid_id": "35_44", "x_idx": 35, "y_idx": 44 }, "geometry": { "type": "Polygon", "coordinates": [ [ [ 122.214381708760143, 7.253361245996093 ], [ 122.22343533992472, 7.253361245996093 ], [ 122.22343533992472, 7.262344357746003 ], [ 122.214381708760143, 7.262344357746003 ], [ 122.214381708760143, 7.253361245996093 ] ] ] } },
{ "type": "Feature", "properties": { "grid_id": "36_44", "x_idx": 36, "y_idx": 44 }, "geometry": { "type": "Polygon", "coordinates": [ [ [ 122.22343533992472, 7.253361245996093 ], [ 122.232488971089296, 7.253361245996093 ], [ 122.232488971089296, 7.262344357746003 ], [ 122.22343533992472, 7.262344357746003 ], [ 122.22343533992472, 7.253361245996093 ] ] ] } },
{ "type": "Feature", "properties": { "grid_id": "37_44", "x_idx": 37, "y_idx": 44 }, "geometry": { "type": "Polygon", "coordinates": [ [ [ 122.232488971089282, 7.253361245996093 ], [ 122.241542602253858, 7.253361245996093 ], [ 122.241542602253858, 7.262344357746003 ], [ 122.232488971089282, 7.262344357746003 ], [ 122.232488971089282, 7.253361245996093 ] ] ] } },
{ "type": "Feature", "properties": { "grid_id": "38_44", "x_idx": 38, "y_idx": 44 }, "geometry": { "type": "Polygon", "coordinates": [ [ [ 122.241542602253858, 7.253361245996093 ], [ 122.250596233418435, 7.253361245996093 ], [ 122.250596233418435, 7.262344357746003 ], [ 122.241542602253858, 7.262344357746003 ], [ 122.241542602253858, 7.253361245996093 ] ] ] } },
{ "type": "Feature", "properties": { "grid_id": "39_44", "x_idx": 39, "y_idx": 44 }, "geometry": { "type": "Polygon", "coordinates": [ [ [ 122.250596233418435, 7.253361245996093 ], [ 122.259649864583011, 7.253361245996093 ], [ 122.259649864583011, 7.262344357746003 ], [ 122.250596233418435, 7.262344357746003 ], [ 122.250596233418435, 7.253361245996093 ] ] ] } },
{ "type": "Feature", "properties": { "grid_id": "40_44", "x_idx": 40, "y_idx": 44 }, "geometry": { "type": "Polygon", "coordinates": [ [ [ 122.259649864583011, 7.253361245996093 ], [ 122.268703495747587, 7.253361245996093 ], [ 122.268703495747587, 7.262344357746003 ], [ 122.259649864583011, 7.262344357746003 ], [ 122.259649864583011, 7.253361245996093 ] ] ] } },
{ "type": "Feature", "properties": { "grid_id": "41_44", "x_idx": 41, "y_idx": 44 }, "geometry": { "type": "Polygon", "coordinates": [ [ [ 122.268703495747573, 7.253361245996093 ], [ 122.277757126912149, 7.253361245996093 ], [ 122.277757126912149, 7.262344357746003 ], [ 122.268703495747573, 7.262344357746003 ], [ 122.268703495747573, 7.253361245996093 ] ] ] } },
{ "type": "Feature", "properties": { "grid_id": "42_44", "x_idx": 42, "y_idx": 44 }, "geometry": { "type": "Polygon", "coordinates": [ [ [ 122.277757126912149, 7.253361245996093 ], [ 122.286810758076726, 7.253361245996093 ], [ 122.286810758076726, 7.262344357746003 ], [ 122.277757126912149, 7.262344357746003 ], [ 122.277757126912149, 7.253361245996093 ] ] ] } },
{ "type": "Feature", "properties": { "grid_id": "27_45", "x_idx": 27, "y_idx": 45 }, "geometry": { "type": "Polygon", "coordinates": [ [ [ 122.141952659443561, 7.262344357746002 ], [ 122.151006290608137, 7.262344357746002 ], [ 122.151006290608137, 7.271327469495913 ], [ 122.141952659443561, 7.271327469495913 ], [ 122.141952659443561, 7.262344357746002 ] ] ] } },
{ "type": "Feature", "properties": { "grid_id": "28_45", "x_idx": 28, "y_idx": 45 }, "geometry": { "type": "Polygon", "coordinates": [ [ [ 122.151006290608137, 7.262344357746002 ], [ 122.160059921772714, 7.262344357746002 ], [ 122.160059921772714, 7.271327469495913 ], [ 122.151006290608137, 7.271327469495913 ], [ 122.151006290608137, 7.262344357746002 ] ] ] } },
{ "type": "Feature", "properties": { "grid_id": "29_45", "x_idx": 29, "y_idx": 45 }, "geometry": { "type": "Polygon", "coordinates": [ [ [ 122.160059921772699, 7.262344357746002 ], [ 122.169113552937276, 7.262344357746002 ], [ 122.169113552937276, 7.271327469495913 ], [ 122.160059921772699, 7.271327469495913 ], [ 122.160059921772699, 7.262344357746002 ] ] ] } },
{ "type": "Feature", "properties": { "grid_id": "30_45", "x_idx": 30, "y_idx": 45 }, "geometry": { "type": "Polygon", "coordinates": [ [ [ 122.169113552937276, 7.262344357746002 ], [ 122.178167184101852, 7.262344357746002 ], [ 122.178167184101852, 7.271327469495913 ], [ 122.169113552937276, 7.271327469495913 ], [ 122.169113552937276, 7.262344357746002 ] ] ] } },
{ "type": "Feature", "properties": { "grid_id": "31_45", "x_idx": 31, "y_idx": 45 }, "geometry": { "type": "Polygon", "coordinates": [ [ [ 122.178167184101852, 7.262344357746002 ], [ 122.187220815266429, 7.262344357746002 ], [ 122.187220815266429, 7.271327469495913 ], [ 122.178167184101852, 7.271327469495913 ], [ 122.178167184101852, 7.262344357746002 ] ] ] } },
{ "type": "Feature", "properties": { "grid_id": "32_45", "x_idx": 32, "y_idx": 45 }, "geometry": { "type": "Polygon", "coordinates": [ [ [ 122.187220815266429, 7.262344357746002 ], [ 122.196274446431005, 7.262344357746002 ], [ 122.196274446431005, 7.271327469495913 ], [ 122.187220815266429, 7.271327469495913 ], [ 122.187220815266429, 7.262344357746002 ] ] ] } },
{ "type": "Feature", "properties": { "grid_id": "33_45", "x_idx": 33, "y_idx": 45 }, "geometry": { "type": "Polygon", "coordinates": [ [ [ 122.196274446430991, 7.262344357746002 ], [ 122.205328077595567, 7.262344357746002 ], [ 122.205328077595567, 7.271327469495913 ], [ 122.196274446430991, 7.271327469495913 ], [ 122.196274446430991, 7.262344357746002 ] ] ] } },
{ "type": "Feature", "properties": { "grid_id": "34_45", "x_idx": 34, "y_idx": 45 }, "geometry": { "type": "Polygon", "coordinates": [ [ [ 122.205328077595567, 7.262344357746002 ], [ 122.214381708760143, 7.262344357746002 ], [ 122.214381708760143, 7.271327469495913 ], [ 122.205328077595567, 7.271327469495913 ], [ 122.205328077595567, 7.262344357746002 ] ] ] } },
{ "type": "Feature", "properties": { "grid_id": "35_45", "x_idx": 35, "y_idx": 45 }, "geometry": { "type": "Polygon", "coordinates": [ [ [ 122.214381708760143, 7.262344357746002 ], [ 122.22343533992472, 7.262344357746002 ], [ 122.22343533992472, 7.271327469495913 ], [ 122.214381708760143, 7.271327469495913 ], [ 122.214381708760143, 7.262344357746002 ] ] ] } },
{ "type": "Feature", "properties": { "grid_id": "36_45", "x_idx": 36, "y_idx": 45 }, "geometry": { "type": "Polygon", "coordinates": [ [ [ 122.22343533992472, 7.262344357746002 ], [ 122.232488971089296, 7.262344357746002 ], [ 122.232488971089296, 7.271327469495913 ], [ 122.22343533992472, 7.271327469495913 ], [ 122.22343533992472, 7.262344357746002 ] ] ] } },
{ "type": "Feature", "properties": { "grid_id": "37_45", "x_idx": 37, "y_idx": 45 }, "geometry": { "type": "Polygon", "coordinates": [ [ [ 122.232488971089282, 7.262344357746002 ], [ 122.241542602253858, 7.262344357746002 ], [ 122.241542602253858, 7.271327469495913 ], [ 122.232488971089282, 7.271327469495913 ], [ 122.232488971089282, 7.262344357746002 ] ] ] } },
{ "type": "Feature", "properties": { "grid_id": "38_45", "x_idx": 38, "y_idx": 45 }, "geometry": { "type": "Polygon", "coordinates": [ [ [ 122.241542602253858, 7.262344357746002 ], [ 122.250596233418435, 7.262344357746002 ], [ 122.250596233418435, 7.271327469495913 ], [ 122.241542602253858, 7.271327469495913 ], [ 122.241542602253858, 7.262344357746002 ] ] ] } },
{ "type": "Feature", "properties": { "grid_id": "39_45", "x_idx": 39, "y_idx": 45 }, "geometry": { "type": "Polygon", "coordinates": [ [ [ 122.250596233418435, 7.262344357746002 ], [ 122.259649864583011, 7.262344357746002 ], [ 122.259649864583011, 7.271327469495913 ], [ 122.250596233418435, 7.271327469495913 ], [ 122.250596233418435, 7.262344357746002 ] ] ] } },
{ "type": "Feature", "properties": { "grid_id": "40_45", "x_idx": 40, "y_idx": 45 }, "geometry": { "type": "Polygon", "coordinates": [ [ [ 122.259649864583011, 7.262344357746002 ], [ 122.268703495747587, 7.262344357746002 ], [ 122.268703495747587, 7.271327469495913 ], [ 122.259649864583011, 7.271327469495913 ], [ 122.259649864583011, 7.262344357746002 ] ] ] } },
{ "type": "Feature", "properties": { "grid_id": "41_45", "x_idx": 41, "y_idx": 45 }, "geometry": { "type": "Polygon", "coordinates": [ [ [ 122.268703495747573, 7.262344357746002 ], [ 122.277757126912149, 7.262344357746002 ], [ 122.277757126912149, 7.271327469495913 ], [ 122.268703495747573, 7.271327469495913 ], [ 122.268703495747573, 7.262344357746002 ] ] ] } },
{ "type": "Feature", "properties": { "grid_id": "42_45", "x_idx": 42, "y_idx": 45 }, "geometry": { "type": "Polygon", "coordinates": [ [ [ 122.277757126912149, 7.262344357746002 ], [ 122.286810758076726, 7.262344357746002 ], [ 122.286810758076726, 7.271327469495913 ], [ 122.277757126912149, 7.271327469495913 ], [ 122.277757126912149, 7.262344357746002 ] ] ] } },
{ "type": "Feature", "properties": { "grid_id": "30_46", "x_idx": 30, "y_idx": 46 }, "geometry": { "type": "Polygon", "coordinates": [ [ [ 122.169113552937276, 7.271327469495913 ], [ 122.178167184101852, 7.271327469495913 ], [ 122.178167184101852, 7.280310581245823 ], [ 122.169113552937276, 7.280310581245823 ], [ 122.169113552937276, 7.271327469495913 ] ] ] } },
{ "type": "Feature", "properties": { "grid_id": "31_46", "x_idx": 31, "y_idx": 46 }, "geometry": { "type": "Polygon", "coordinates": [ [ [ 122.178167184101852, 7.271327469495913 ], [ 122.187220815266429, 7.271327469495913 ], [ 122.187220815266429, 7.280310581245823 ], [ 122.178167184101852, 7.280310581245823 ], [ 122.178167184101852, 7.271327469495913 ] ] ] } },
{ "type": "Feature", "properties": { "grid_id": "32_46", "x_idx": 32, "y_idx": 46 }, "geometry": { "type": "Polygon", "coordinates": [ [ [ 122.187220815266429, 7.271327469495913 ], [ 122.196274446431005, 7.271327469495913 ], [ 122.196274446431005, 7.280310581245823 ], [ 122.187220815266429, 7.280310581245823 ], [ 122.187220815266429, 7.271327469495913 ] ] ] } },
{ "type": "Feature", "properties": { "grid_id": "33_46", "x_idx": 33, "y_idx": 46 }, "geometry": { "type": "Polygon", "coordinates": [ [ [ 122.196274446430991, 7.271327469495913 ], [ 122.205328077595567, 7.271327469495913 ], [ 122.205328077595567, 7.280310581245823 ], [ 122.196274446430991, 7.280310581245823 ], [ 122.196274446430991, 7.271327469495913 ] ] ] } },
{ "type": "Feature", "properties": { "grid_id": "34_46", "x_idx": 34, "y_idx": 46 }, "geometry": { "type": "Polygon", "coordinates": [ [ [ 122.205328077595567, 7.271327469495913 ], [ 122.214381708760143, 7.271327469495913 ], [ 122.214381708760143, 7.280310581245823 ], [ 122.205328077595567, 7.280310581245823 ], [ 122.205328077595567, 7.271327469495913 ] ] ] } },
{ "type": "Feature", "properties": { "grid_id": "35_46", "x_idx": 35, "y_idx": 46 }, "geometry": { "type": "Polygon", "coordinates": [ [ [ 122.214381708760143, 7.271327469495913 ], [ 122.22343533992472, 7.271327469495913 ], [ 122.22343533992472, 7.280310581245823 ], [ 122.214381708760143, 7.280310581245823 ], [ 122.214381708760143, 7.271327469495913 ] ] ] } },
{ "type": "Feature", "properties": { "grid_id": "36_46", "x_idx": 36, "y_idx": 46 }, "geometry": { "type": "Polygon", "coordinates": [ [ [ 122.22343533992472, 7.271327469495913 ], [ 122.232488971089296, 7.271327469495913 ], [ 122.232488971089296, 7.280310581245823 ], [ 122.22343533992472, 7.280310581245823 ], [ 122.22343533992472, 7.271327469495913 ] ] ] } },
{ "type": "Feature", "properties": { "grid_id": "37_46", "x_idx": 37, "y_idx": 46 }, "geometry": { "type": "Polygon", "coordinates": [ [ [ 122.232488971089282, 7.271327469495913 ], [ 122.241542602253858, 7.271327469495913 ], [ 122.241542602253858, 7.280310581245823 ], [ 122.232488971089282, 7.280310581245823 ], [ 122.232488971089282, 7.271327469495913 ] ] ] } },
{ "type": "Feature", "properties": { "grid_id": "38_46", "x_idx": 38, "y_idx": 46 }, "geometry": { "type": "Polygon", "coordinates": [ [ [ 122.241542602253858, 7.271327469495913 ], [ 122.250596233418435, 7.271327469495913 ], [ 122.250596233418435, 7.280310581245823 ], [ 122.241542602253858, 7.280310581245823 ], [ 122.241542602253858, 7.271327469495913 ] ] ] } },
{ "type": "Feature", "properties": { "grid_id": "39_46", "x_idx": 39, "y_idx": 46 }, "geometry": { "type": "Polygon", "coordinates": [ [ [ 122.250596233418435, 7.271327469495913 ], [ 122.259649864583011, 7.271327469495913 ], [ 122.259649864583011, 7.280310581245823 ], [ 122.250596233418435, 7.280310581245823 ], [ 122.250596233418435, 7.271327469495913 ] ] ] } },
{ "type": "Feature", "properties": { "grid_id": "40_46", "x_idx": 40, "y_idx": 46 }, "geometry": { "type": "Polygon", "coordinates": [ [ [ 122.259649864583011, 7.271327469495913 ], [ 122.268703495747587, 7.271327469495913 ], [ 122.268703495747587, 7.280310581245823 ], [ 122.259649864583011, 7.280310581245823 ], [ 122.259649864583011, 7.271327469495913 ] ] ] } },
{ "type": "Feature", "properties": { "grid_id": "41_46", "x_idx": 41, "y_idx": 46 }, "geometry": { "type": "Polygon", "coordinates": [ [ [ 122.268703495747573, 7.271327469495913 ], [ 122.277757126912149, 7.271327469495913 ], [ 122.277757126912149, 7.280310581245823 ], [ 122.268703495747573, 7.280310581245823 ], [ 122.268703495747573, 7.271327469495913 ] ] ] } },
{ "type": "Feature", "properties": { "grid_id": "42_46", "x_idx": 42, "y_idx": 46 }, "geometry": { "type": "Polygon", "coordinates": [ [ [ 122.277757126912149, 7.271327469495913 ], [ 122.286810758076726, 7.271327469495913 ], [ 122.286810758076726, 7.280310581245823 ], [ 122.277757126912149, 7.280310581245823 ], [ 122.277757126912149, 7.271327469495913 ] ] ] } },
{ "type": "Feature", "properties": { "grid_id": "43_46", "x_idx": 43, "y_idx": 46 }, "geometry": { "type": "Polygon", "coordinates": [ [ [ 122.286810758076726, 7.271327469495913 ], [ 122.295864389241302, 7.271327469495913 ], [ 122.295864389241302, 7.280310581245823 ], [ 122.286810758076726, 7.280310581245823 ], [ 122.286810758076726, 7.271327469495913 ] ] ] } },
{ "type": "Feature", "properties": { "grid_id": "31_47", "x_idx": 31, "y_idx": 47 }, "geometry": { "type": "Polygon", "coordinates": [ [ [ 122.178167184101852, 7.280310581245823 ], [ 122.187220815266429, 7.280310581245823 ], [ 122.187220815266429, 7.289293692995733 ], [ 122.178167184101852, 7.289293692995733 ], [ 122.178167184101852, 7.280310581245823 ] ] ] } },
{ "type": "Feature", "properties": { "grid_id": "32_47", "x_idx": 32, "y_idx": 47 }, "geometry": { "type": "Polygon", "coordinates": [ [ [ 122.187220815266429, 7.280310581245823 ], [ 122.196274446431005, 7.280310581245823 ], [ 122.196274446431005, 7.289293692995733 ], [ 122.187220815266429, 7.289293692995733 ], [ 122.187220815266429, 7.280310581245823 ] ] ] } },
{ "type": "Feature", "properties": { "grid_id": "33_47", "x_idx": 33, "y_idx": 47 }, "geometry": { "type": "Polygon", "coordinates": [ [ [ 122.196274446430991, 7.280310581245823 ], [ 122.205328077595567, 7.280310581245823 ], [ 122.205328077595567, 7.289293692995733 ], [ 122.196274446430991, 7.289293692995733 ], [ 122.196274446430991, 7.280310581245823 ] ] ] } },
{ "type": "Feature", "properties": { "grid_id": "34_47", "x_idx": 34, "y_idx": 47 }, "geometry": { "type": "Polygon", "coordinates": [ [ [ 122.205328077595567, 7.280310581245823 ], [ 122.214381708760143, 7.280310581245823 ], [ 122.214381708760143, 7.289293692995733 ], [ 122.205328077595567, 7.289293692995733 ], [ 122.205328077595567, 7.280310581245823 ] ] ] } },
{ "type": "Feature", "properties": { "grid_id": "35_47", "x_idx": 35, "y_idx": 47 }, "geometry": { "type": "Polygon", "coordinates": [ [ [ 122.214381708760143, 7.280310581245823 ], [ 122.22343533992472, 7.280310581245823 ], [ 122.22343533992472, 7.289293692995733 ], [ 122.214381708760143, 7.289293692995733 ], [ 122.214381708760143, 7.280310581245823 ] ] ] } },
{ "type": "Feature", "properties": { "grid_id": "36_47", "x_idx": 36, "y_idx": 47 }, "geometry": { "type": "Polygon", "coordinates": [ [ [ 122.22343533992472, 7.280310581245823 ], [ 122.232488971089296, 7.280310581245823 ], [ 122.232488971089296, 7.289293692995733 ], [ 122.22343533992472, 7.289293692995733 ], [ 122.22343533992472, 7.280310581245823 ] ] ] } },
{ "type": "Feature", "properties": { "grid_id": "37_47", "x_idx": 37, "y_idx": 47 }, "geometry": { "type": "Polygon", "coordinates": [ [ [ 122.232488971089282, 7.280310581245823 ], [ 122.241542602253858, 7.280310581245823 ], [ 122.241542602253858, 7.289293692995733 ], [ 122.232488971089282, 7.289293692995733 ], [ 122.232488971089282, 7.280310581245823 ] ] ] } },
{ "type": "Feature", "properties": { "grid_id": "38_47", "x_idx": 38, "y_idx": 47 }, "geometry": { "type": "Polygon", "coordinates": [ [ [ 122.241542602253858, 7.280310581245823 ], [ 122.250596233418435, 7.280310581245823 ], [ 122.250596233418435, 7.289293692995733 ], [ 122.241542602253858, 7.289293692995733 ], [ 122.241542602253858, 7.280310581245823 ] ] ] } },
{ "type": "Feature", "properties": { "grid_id": "39_47", "x_idx": 39, "y_idx": 47 }, "geometry": { "type": "Polygon", "coordinates": [ [ [ 122.250596233418435, 7.280310581245823 ], [ 122.259649864583011, 7.280310581245823 ], [ 122.259649864583011, 7.289293692995733 ], [ 122.250596233418435, 7.289293692995733 ], [ 122.250596233418435, 7.280310581245823 ] ] ] } },
{ "type": "Feature", "properties": { "grid_id": "40_47", "x_idx": 40, "y_idx": 47 }, "geometry": { "type": "Polygon", "coordinates": [ [ [ 122.259649864583011, 7.280310581245823 ], [ 122.268703495747587, 7.280310581245823 ], [ 122.268703495747587, 7.289293692995733 ], [ 122.259649864583011, 7.289293692995733 ], [ 122.259649864583011, 7.280310581245823 ] ] ] } },
{ "type": "Feature", "properties": { "grid_id": "41_47", "x_idx": 41, "y_idx": 47 }, "geometry": { "type": "Polygon", "coordinates": [ [ [ 122.268703495747573, 7.280310581245823 ], [ 122.277757126912149, 7.280310581245823 ], [ 122.277757126912149, 7.289293692995733 ], [ 122.268703495747573, 7.289293692995733 ], [ 122.268703495747573, 7.280310581245823 ] ] ] } },
{ "type": "Feature", "properties": { "grid_id": "42_47", "x_idx": 42, "y_idx": 47 }, "geometry": { "type": "Polygon", "coordinates": [ [ [ 122.277757126912149, 7.280310581245823 ], [ 122.286810758076726, 7.280310581245823 ], [ 122.286810758076726, 7.289293692995733 ], [ 122.277757126912149, 7.289293692995733 ], [ 122.277757126912149, 7.280310581245823 ] ] ] } },
{ "type": "Feature", "properties": { "grid_id": "43_47", "x_idx": 43, "y_idx": 47 }, "geometry": { "type": "Polygon", "coordinates": [ [ [ 122.286810758076726, 7.280310581245823 ], [ 122.295864389241302, 7.280310581245823 ], [ 122.295864389241302, 7.289293692995733 ], [ 122.286810758076726, 7.289293692995733 ], [ 122.286810758076726, 7.280310581245823 ] ] ] } },
{ "type": "Feature", "properties": { "grid_id": "30_48", "x_idx": 30, "y_idx": 48 }, "geometry": { "type": "Polygon", "coordinates": [ [ [ 122.169113552937276, 7.289293692995733 ], [ 122.178167184101852, 7.289293692995733 ], [ 122.178167184101852, 7.298276804745643 ], [ 122.169113552937276, 7.298276804745643 ], [ 122.169113552937276, 7.289293692995733 ] ] ] } },
{ "type": "Feature", "properties": { "grid_id": "31_48", "x_idx": 31, "y_idx": 48 }, "geometry": { "type": "Polygon", "coordinates": [ [ [ 122.178167184101852, 7.289293692995733 ], [ 122.187220815266429, 7.289293692995733 ], [ 122.187220815266429, 7.298276804745643 ], [ 122.178167184101852, 7.298276804745643 ], [ 122.178167184101852, 7.289293692995733 ] ] ] } },
{ "type": "Feature", "properties": { "grid_id": "32_48", "x_idx": 32, "y_idx": 48 }, "geometry": { "type": "Polygon", "coordinates": [ [ [ 122.187220815266429, 7.289293692995733 ], [ 122.196274446431005, 7.289293692995733 ], [ 122.196274446431005, 7.298276804745643 ], [ 122.187220815266429, 7.298276804745643 ], [ 122.187220815266429, 7.289293692995733 ] ] ] } },
{ "type": "Feature", "properties": { "grid_id": "33_48", "x_idx": 33, "y_idx": 48 }, "geometry": { "type": "Polygon", "coordinates": [ [ [ 122.196274446430991, 7.289293692995733 ], [ 122.205328077595567, 7.289293692995733 ], [ 122.205328077595567, 7.298276804745643 ], [ 122.196274446430991, 7.298276804745643 ], [ 122.196274446430991, 7.289293692995733 ] ] ] } },
{ "type": "Feature", "properties": { "grid_id": "34_48", "x_idx": 34, "y_idx": 48 }, "geometry": { "type": "Polygon", "coordinates": [ [ [ 122.205328077595567, 7.289293692995733 ], [ 122.214381708760143, 7.289293692995733 ], [ 122.214381708760143, 7.298276804745643 ], [ 122.205328077595567, 7.298276804745643 ], [ 122.205328077595567, 7.289293692995733 ] ] ] } },
{ "type": "Feature", "properties": { "grid_id": "35_48", "x_idx": 35, "y_idx": 48 }, "geometry": { "type": "Polygon", "coordinates": [ [ [ 122.214381708760143, 7.289293692995733 ], [ 122.22343533992472, 7.289293692995733 ], [ 122.22343533992472, 7.298276804745643 ], [ 122.214381708760143, 7.298276804745643 ], [ 122.214381708760143, 7.289293692995733 ] ] ] } },
{ "type": "Feature", "properties": { "grid_id": "36_48", "x_idx": 36, "y_idx": 48 }, "geometry": { "type": "Polygon", "coordinates": [ [ [ 122.22343533992472, 7.289293692995733 ], [ 122.232488971089296, 7.289293692995733 ], [ 122.232488971089296, 7.298276804745643 ], [ 122.22343533992472, 7.298276804745643 ], [ 122.22343533992472, 7.289293692995733 ] ] ] } },
{ "type": "Feature", "properties": { "grid_id": "37_48", "x_idx": 37, "y_idx": 48 }, "geometry": { "type": "Polygon", "coordinates": [ [ [ 122.232488971089282, 7.289293692995733 ], [ 122.241542602253858, 7.289293692995733 ], [ 122.241542602253858, 7.298276804745643 ], [ 122.232488971089282, 7.298276804745643 ], [ 122.232488971089282, 7.289293692995733 ] ] ] } },
{ "type": "Feature", "properties": { "grid_id": "38_48", "x_idx": 38, "y_idx": 48 }, "geometry": { "type": "Polygon", "coordinates": [ [ [ 122.241542602253858, 7.289293692995733 ], [ 122.250596233418435, 7.289293692995733 ], [ 122.250596233418435, 7.298276804745643 ], [ 122.241542602253858, 7.298276804745643 ], [ 122.241542602253858, 7.289293692995733 ] ] ] } },
{ "type": "Feature", "properties": { "grid_id": "39_48", "x_idx": 39, "y_idx": 48 }, "geometry": { "type": "Polygon", "coordinates": [ [ [ 122.250596233418435, 7.289293692995733 ], [ 122.259649864583011, 7.289293692995733 ], [ 122.259649864583011, 7.298276804745643 ], [ 122.250596233418435, 7.298276804745643 ], [ 122.250596233418435, 7.289293692995733 ] ] ] } },
{ "type": "Feature", "properties": { "grid_id": "40_48", "x_idx": 40, "y_idx": 48 }, "geometry": { "type": "Polygon", "coordinates": [ [ [ 122.259649864583011, 7.289293692995733 ], [ 122.268703495747587, 7.289293692995733 ], [ 122.268703495747587, 7.298276804745643 ], [ 122.259649864583011, 7.298276804745643 ], [ 122.259649864583011, 7.289293692995733 ] ] ] } },
{ "type": "Feature", "properties": { "grid_id": "41_48", "x_idx": 41, "y_idx": 48 }, "geometry": { "type": "Polygon", "coordinates": [ [ [ 122.268703495747573, 7.289293692995733 ], [ 122.277757126912149, 7.289293692995733 ], [ 122.277757126912149, 7.298276804745643 ], [ 122.268703495747573, 7.298276804745643 ], [ 122.268703495747573, 7.289293692995733 ] ] ] } },
{ "type": "Feature", "properties": { "grid_id": "42_48", "x_idx": 42, "y_idx": 48 }, "geometry": { "type": "Polygon", "coordinates": [ [ [ 122.277757126912149, 7.289293692995733 ], [ 122.286810758076726, 7.289293692995733 ], [ 122.286810758076726, 7.298276804745643 ], [ 122.277757126912149, 7.298276804745643 ], [ 122.277757126912149, 7.289293692995733 ] ] ] } },
{ "type": "Feature", "properties": { "grid_id": "43_48", "x_idx": 43, "y_idx": 48 }, "geometry": { "type": "Polygon", "coordinates": [ [ [ 122.286810758076726, 7.289293692995733 ], [ 122.295864389241302, 7.289293692995733 ], [ 122.295864389241302, 7.298276804745643 ], [ 122.286810758076726, 7.298276804745643 ], [ 122.286810758076726, 7.289293692995733 ] ] ] } },
{ "type": "Feature", "properties": { "grid_id": "30_49", "x_idx": 30, "y_idx": 49 }, "geometry": { "type": "Polygon", "coordinates": [ [ [ 122.169113552937276, 7.298276804745643 ], [ 122.178167184101852, 7.298276804745643 ], [ 122.178167184101852, 7.307259916495553 ], [ 122.169113552937276, 7.307259916495553 ], [ 122.169113552937276, 7.298276804745643 ] ] ] } },
{ "type": "Feature", "properties": { "grid_id": "31_49", "x_idx": 31, "y_idx": 49 }, "geometry": { "type": "Polygon", "coordinates": [ [ [ 122.178167184101852, 7.298276804745643 ], [ 122.187220815266429, 7.298276804745643 ], [ 122.187220815266429, 7.307259916495553 ], [ 122.178167184101852, 7.307259916495553 ], [ 122.178167184101852, 7.298276804745643 ] ] ] } },
{ "type": "Feature", "properties": { "grid_id": "32_49", "x_idx": 32, "y_idx": 49 }, "geometry": { "type": "Polygon", "coordinates": [ [ [ 122.187220815266429, 7.298276804745643 ], [ 122.196274446431005, 7.298276804745643 ], [ 122.196274446431005, 7.307259916495553 ], [ 122.187220815266429, 7.307259916495553 ], [ 122.187220815266429, 7.298276804745643 ] ] ] } },
{ "type": "Feature", "properties": { "grid_id": "33_49", "x_idx": 33, "y_idx": 49 }, "geometry": { "type": "Polygon", "coordinates": [ [ [ 122.196274446430991, 7.298276804745643 ], [ 122.205328077595567, 7.298276804745643 ], [ 122.205328077595567, 7.307259916495553 ], [ 122.196274446430991, 7.307259916495553 ], [ 122.196274446430991, 7.298276804745643 ] ] ] } },
{ "type": "Feature", "properties": { "grid_id": "34_49", "x_idx": 34, "y_idx": 49 }, "geometry": { "type": "Polygon", "coordinates": [ [ [ 122.205328077595567, 7.298276804745643 ], [ 122.214381708760143, 7.298276804745643 ], [ 122.214381708760143, 7.307259916495553 ], [ 122.205328077595567, 7.307259916495553 ], [ 122.205328077595567, 7.298276804745643 ] ] ] } },
{ "type": "Feature", "properties": { "grid_id": "35_49", "x_idx": 35, "y_idx": 49 }, "geometry": { "type": "Polygon", "coordinates": [ [ [ 122.214381708760143, 7.298276804745643 ], [ 122.22343533992472, 7.298276804745643 ], [ 122.22343533992472, 7.307259916495553 ], [ 122.214381708760143, 7.307259916495553 ], [ 122.214381708760143, 7.298276804745643 ] ] ] } },
{ "type": "Feature", "properties": { "grid_id": "36_49", "x_idx": 36, "y_idx": 49 }, "geometry": { "type": "Polygon", "coordinates": [ [ [ 122.22343533992472, 7.298276804745643 ], [ 122.232488971089296, 7.298276804745643 ], [ 122.232488971089296, 7.307259916495553 ], [ 122.22343533992472, 7.307259916495553 ], [ 122.22343533992472, 7.298276804745643 ] ] ] } },
{ "type": "Feature", "properties": { "grid_id": "37_49", "x_idx": 37, "y_idx": 49 }, "geometry": { "type": "Polygon", "coordinates": [ [ [ 122.232488971089282, 7.298276804745643 ], [ 122.241542602253858, 7.298276804745643 ], [ 122.241542602253858, 7.307259916495553 ], [ 122.232488971089282, 7.307259916495553 ], [ 122.232488971089282, 7.298276804745643 ] ] ] } },
{ "type": "Feature", "properties": { "grid_id": "38_49", "x_idx": 38, "y_idx": 49 }, "geometry": { "type": "Polygon", "coordinates": [ [ [ 122.241542602253858, 7.298276804745643 ], [ 122.250596233418435, 7.298276804745643 ], [ 122.250596233418435, 7.307259916495553 ], [ 122.241542602253858, 7.307259916495553 ], [ 122.241542602253858, 7.298276804745643 ] ] ] } },
{ "type": "Feature", "properties": { "grid_id": "39_49", "x_idx": 39, "y_idx": 49 }, "geometry": { "type": "Polygon", "coordinates": [ [ [ 122.250596233418435, 7.298276804745643 ], [ 122.259649864583011, 7.298276804745643 ], [ 122.259649864583011, 7.307259916495553 ], [ 122.250596233418435, 7.307259916495553 ], [ 122.250596233418435, 7.298276804745643 ] ] ] } },
{ "type": "Feature", "properties": { "grid_id": "40_49", "x_idx": 40, "y_idx": 49 }, "geometry": { "type": "Polygon", "coordinates": [ [ [ 122.259649864583011, 7.298276804745643 ], [ 122.268703495747587, 7.298276804745643 ], [ 122.268703495747587, 7.307259916495553 ], [ 122.259649864583011, 7.307259916495553 ], [ 122.259649864583011, 7.298276804745643 ] ] ] } },
{ "type": "Feature", "properties": { "grid_id": "41_49", "x_idx": 41, "y_idx": 49 }, "geometry": { "type": "Polygon", "coordinates": [ [ [ 122.268703495747573, 7.298276804745643 ], [ 122.277757126912149, 7.298276804745643 ], [ 122.277757126912149, 7.307259916495553 ], [ 122.268703495747573, 7.307259916495553 ], [ 122.268703495747573, 7.298276804745643 ] ] ] } },
{ "type": "Feature", "properties": { "grid_id": "42_49", "x_idx": 42, "y_idx": 49 }, "geometry": { "type": "Polygon", "coordinates": [ [ [ 122.277757126912149, 7.298276804745643 ], [ 122.286810758076726, 7.298276804745643 ], [ 122.286810758076726, 7.307259916495553 ], [ 122.277757126912149, 7.307259916495553 ], [ 122.277757126912149, 7.298276804745643 ] ] ] } },
{ "type": "Feature", "properties": { "grid_id": "43_49", "x_idx": 43, "y_idx": 49 }, "geometry": { "type": "Polygon", "coordinates": [ [ [ 122.286810758076726, 7.298276804745643 ], [ 122.295864389241302, 7.298276804745643 ], [ 122.295864389241302, 7.307259916495553 ], [ 122.286810758076726, 7.307259916495553 ], [ 122.286810758076726, 7.298276804745643 ] ] ] } },
{ "type": "Feature", "properties": { "grid_id": "47_49", "x_idx": 47, "y_idx": 49 }, "geometry": { "type": "Polygon", "coordinates": [ [ [ 122.323025282735017, 7.298276804745643 ], [ 122.332078913899593, 7.298276804745643 ], [ 122.332078913899593, 7.307259916495553 ], [ 122.323025282735017, 7.307259916495553 ], [ 122.323025282735017, 7.298276804745643 ] ] ] } },
{ "type": "Feature", "properties": { "grid_id": "30_50", "x_idx": 30, "y_idx": 50 }, "geometry": { "type": "Polygon", "coordinates": [ [ [ 122.169113552937276, 7.307259916495553 ], [ 122.178167184101852, 7.307259916495553 ], [ 122.178167184101852, 7.316243028245464 ], [ 122.169113552937276, 7.316243028245464 ], [ 122.169113552937276, 7.307259916495553 ] ] ] } },
{ "type": "Feature", "properties": { "grid_id": "31_50", "x_idx": 31, "y_idx": 50 }, "geometry": { "type": "Polygon", "coordinates": [ [ [ 122.178167184101852, 7.307259916495553 ], [ 122.187220815266429, 7.307259916495553 ], [ 122.187220815266429, 7.316243028245464 ], [ 122.178167184101852, 7.316243028245464 ], [ 122.178167184101852, 7.307259916495553 ] ] ] } },
{ "type": "Feature", "properties": { "grid_id": "32_50", "x_idx": 32, "y_idx": 50 }, "geometry": { "type": "Polygon", "coordinates": [ [ [ 122.187220815266429, 7.307259916495553 ], [ 122.196274446431005, 7.307259916495553 ], [ 122.196274446431005, 7.316243028245464 ], [ 122.187220815266429, 7.316243028245464 ], [ 122.187220815266429, 7.307259916495553 ] ] ] } },
{ "type": "Feature", "properties": { "grid_id": "33_50", "x_idx": 33, "y_idx": 50 }, "geometry": { "type": "Polygon", "coordinates": [ [ [ 122.196274446430991, 7.307259916495553 ], [ 122.205328077595567, 7.307259916495553 ], [ 122.205328077595567, 7.316243028245464 ], [ 122.196274446430991, 7.316243028245464 ], [ 122.196274446430991, 7.307259916495553 ] ] ] } },
{ "type": "Feature", "properties": { "grid_id": "34_50", "x_idx": 34, "y_idx": 50 }, "geometry": { "type": "Polygon", "coordinates": [ [ [ 122.205328077595567, 7.307259916495553 ], [ 122.214381708760143, 7.307259916495553 ], [ 122.214381708760143, 7.316243028245464 ], [ 122.205328077595567, 7.316243028245464 ], [ 122.205328077595567, 7.307259916495553 ] ] ] } },
{ "type": "Feature", "properties": { "grid_id": "35_50", "x_idx": 35, "y_idx": 50 }, "geometry": { "type": "Polygon", "coordinates": [ [ [ 122.214381708760143, 7.307259916495553 ], [ 122.22343533992472, 7.307259916495553 ], [ 122.22343533992472, 7.316243028245464 ], [ 122.214381708760143, 7.316243028245464 ], [ 122.214381708760143, 7.307259916495553 ] ] ] } },
{ "type": "Feature", "properties": { "grid_id": "36_50", "x_idx": 36, "y_idx": 50 }, "geometry": { "type": "Polygon", "coordinates": [ [ [ 122.22343533992472, 7.307259916495553 ], [ 122.232488971089296, 7.307259916495553 ], [ 122.232488971089296, 7.316243028245464 ], [ 122.22343533992472, 7.316243028245464 ], [ 122.22343533992472, 7.307259916495553 ] ] ] } },
{ "type": "Feature", "properties": { "grid_id": "37_50", "x_idx": 37, "y_idx": 50 }, "geometry": { "type": "Polygon", "coordinates": [ [ [ 122.232488971089282, 7.307259916495553 ], [ 122.241542602253858, 7.307259916495553 ], [ 122.241542602253858, 7.316243028245464 ], [ 122.232488971089282, 7.316243028245464 ], [ 122.232488971089282, 7.307259916495553 ] ] ] } },
{ "type": "Feature", "properties": { "grid_id": "38_50", "x_idx": 38, "y_idx": 50 }, "geometry": { "type": "Polygon", "coordinates": [ [ [ 122.241542602253858, 7.307259916495553 ], [ 122.250596233418435, 7.307259916495553 ], [ 122.250596233418435, 7.316243028245464 ], [ 122.241542602253858, 7.316243028245464 ], [ 122.241542602253858, 7.307259916495553 ] ] ] } },
{ "type": "Feature", "properties": { "grid_id": "39_50", "x_idx": 39, "y_idx": 50 }, "geometry": { "type": "Polygon", "coordinates": [ [ [ 122.250596233418435, 7.307259916495553 ], [ 122.259649864583011, 7.307259916495553 ], [ 122.259649864583011, 7.316243028245464 ], [ 122.250596233418435, 7.316243028245464 ], [ 122.250596233418435, 7.307259916495553 ] ] ] } },
{ "type": "Feature", "properties": { "grid_id": "40_50", "x_idx": 40, "y_idx": 50 }, "geometry": { "type": "Polygon", "coordinates": [ [ [ 122.259649864583011, 7.307259916495553 ], [ 122.268703495747587, 7.307259916495553 ], [ 122.268703495747587, 7.316243028245464 ], [ 122.259649864583011, 7.316243028245464 ], [ 122.259649864583011, 7.307259916495553 ] ] ] } },
{ "type": "Feature", "properties": { "grid_id": "41_50", "x_idx": 41, "y_idx": 50 }, "geometry": { "type": "Polygon", "coordinates": [ [ [ 122.268703495747573, 7.307259916495553 ], [ 122.277757126912149, 7.307259916495553 ], [ 122.277757126912149, 7.316243028245464 ], [ 122.268703495747573, 7.316243028245464 ], [ 122.268703495747573, 7.307259916495553 ] ] ] } },
{ "type": "Feature", "properties": { "grid_id": "42_50", "x_idx": 42, "y_idx": 50 }, "geometry": { "type": "Polygon", "coordinates": [ [ [ 122.277757126912149, 7.307259916495553 ], [ 122.286810758076726, 7.307259916495553 ], [ 122.286810758076726, 7.316243028245464 ], [ 122.277757126912149, 7.316243028245464 ], [ 122.277757126912149, 7.307259916495553 ] ] ] } },
{ "type": "Feature", "properties": { "grid_id": "43_50", "x_idx": 43, "y_idx": 50 }, "geometry": { "type": "Polygon", "coordinates": [ [ [ 122.286810758076726, 7.307259916495553 ], [ 122.295864389241302, 7.307259916495553 ], [ 122.295864389241302, 7.316243028245464 ], [ 122.286810758076726, 7.316243028245464 ], [ 122.286810758076726, 7.307259916495553 ] ] ] } },
{ "type": "Feature", "properties": { "grid_id": "45_50", "x_idx": 45, "y_idx": 50 }, "geometry": { "type": "Polygon", "coordinates": [ [ [ 122.304918020405864, 7.307259916495553 ], [ 122.313971651570441, 7.307259916495553 ], [ 122.313971651570441, 7.316243028245464 ], [ 122.304918020405864, 7.316243028245464 ], [ 122.304918020405864, 7.307259916495553 ] ] ] } },
{ "type": "Feature", "properties": { "grid_id": "46_50", "x_idx": 46, "y_idx": 50 }, "geometry": { "type": "Polygon", "coordinates": [ [ [ 122.313971651570441, 7.307259916495553 ], [ 122.323025282735017, 7.307259916495553 ], [ 122.323025282735017, 7.316243028245464 ], [ 122.313971651570441, 7.316243028245464 ], [ 122.313971651570441, 7.307259916495553 ] ] ] } },
{ "type": "Feature", "properties": { "grid_id": "47_50", "x_idx": 47, "y_idx": 50 }, "geometry": { "type": "Polygon", "coordinates": [ [ [ 122.323025282735017, 7.307259916495553 ], [ 122.332078913899593, 7.307259916495553 ], [ 122.332078913899593, 7.316243028245464 ], [ 122.323025282735017, 7.316243028245464 ], [ 122.323025282735017, 7.307259916495553 ] ] ] } },
{ "type": "Feature", "properties": { "grid_id": "48_50", "x_idx": 48, "y_idx": 50 }, "geometry": { "type": "Polygon", "coordinates": [ [ [ 122.332078913899579, 7.307259916495553 ], [ 122.341132545064156, 7.307259916495553 ], [ 122.341132545064156, 7.316243028245464 ], [ 122.332078913899579, 7.316243028245464 ], [ 122.332078913899579, 7.307259916495553 ] ] ] } },
{ "type": "Feature", "properties": { "grid_id": "49_50", "x_idx": 49, "y_idx": 50 }, "geometry": { "type": "Polygon", "coordinates": [ [ [ 122.341132545064156, 7.307259916495553 ], [ 122.350186176228732, 7.307259916495553 ], [ 122.350186176228732, 7.316243028245464 ], [ 122.341132545064156, 7.316243028245464 ], [ 122.341132545064156, 7.307259916495553 ] ] ] } },
{ "type": "Feature", "properties": { "grid_id": "29_51", "x_idx": 29, "y_idx": 51 }, "geometry": { "type": "Polygon", "coordinates": [ [ [ 122.160059921772699, 7.316243028245464 ], [ 122.169113552937276, 7.316243028245464 ], [ 122.169113552937276, 7.325226139995374 ], [ 122.160059921772699, 7.325226139995374 ], [ 122.160059921772699, 7.316243028245464 ] ] ] } },
{ "type": "Feature", "properties": { "grid_id": "30_51", "x_idx": 30, "y_idx": 51 }, "geometry": { "type": "Polygon", "coordinates": [ [ [ 122.169113552937276, 7.316243028245464 ], [ 122.178167184101852, 7.316243028245464 ], [ 122.178167184101852, 7.325226139995374 ], [ 122.169113552937276, 7.325226139995374 ], [ 122.169113552937276, 7.316243028245464 ] ] ] } },
{ "type": "Feature", "properties": { "grid_id": "31_51", "x_idx": 31, "y_idx": 51 }, "geometry": { "type": "Polygon", "coordinates": [ [ [ 122.178167184101852, 7.316243028245464 ], [ 122.187220815266429, 7.316243028245464 ], [ 122.187220815266429, 7.325226139995374 ], [ 122.178167184101852, 7.325226139995374 ], [ 122.178167184101852, 7.316243028245464 ] ] ] } },
{ "type": "Feature", "properties": { "grid_id": "32_51", "x_idx": 32, "y_idx": 51 }, "geometry": { "type": "Polygon", "coordinates": [ [ [ 122.187220815266429, 7.316243028245464 ], [ 122.196274446431005, 7.316243028245464 ], [ 122.196274446431005, 7.325226139995374 ], [ 122.187220815266429, 7.325226139995374 ], [ 122.187220815266429, 7.316243028245464 ] ] ] } },
{ "type": "Feature", "properties": { "grid_id": "33_51", "x_idx": 33, "y_idx": 51 }, "geometry": { "type": "Polygon", "coordinates": [ [ [ 122.196274446430991, 7.316243028245464 ], [ 122.205328077595567, 7.316243028245464 ], [ 122.205328077595567, 7.325226139995374 ], [ 122.196274446430991, 7.325226139995374 ], [ 122.196274446430991, 7.316243028245464 ] ] ] } },
{ "type": "Feature", "properties": { "grid_id": "34_51", "x_idx": 34, "y_idx": 51 }, "geometry": { "type": "Polygon", "coordinates": [ [ [ 122.205328077595567, 7.316243028245464 ], [ 122.214381708760143, 7.316243028245464 ], [ 122.214381708760143, 7.325226139995374 ], [ 122.205328077595567, 7.325226139995374 ], [ 122.205328077595567, 7.316243028245464 ] ] ] } },
{ "type": "Feature", "properties": { "grid_id": "35_51", "x_idx": 35, "y_idx": 51 }, "geometry": { "type": "Polygon", "coordinates": [ [ [ 122.214381708760143, 7.316243028245464 ], [ 122.22343533992472, 7.316243028245464 ], [ 122.22343533992472, 7.325226139995374 ], [ 122.214381708760143, 7.325226139995374 ], [ 122.214381708760143, 7.316243028245464 ] ] ] } },
{ "type": "Feature", "properties": { "grid_id": "36_51", "x_idx": 36, "y_idx": 51 }, "geometry": { "type": "Polygon", "coordinates": [ [ [ 122.22343533992472, 7.316243028245464 ], [ 122.232488971089296, 7.316243028245464 ], [ 122.232488971089296, 7.325226139995374 ], [ 122.22343533992472, 7.325226139995374 ], [ 122.22343533992472, 7.316243028245464 ] ] ] } },
{ "type": "Feature", "properties": { "grid_id": "37_51", "x_idx": 37, "y_idx": 51 }, "geometry": { "type": "Polygon", "coordinates": [ [ [ 122.232488971089282, 7.316243028245464 ], [ 122.241542602253858, 7.316243028245464 ], [ 122.241542602253858, 7.325226139995374 ], [ 122.232488971089282, 7.325226139995374 ], [ 122.232488971089282, 7.316243028245464 ] ] ] } },
{ "type": "Feature", "properties": { "grid_id": "38_51", "x_idx": 38, "y_idx": 51 }, "geometry": { "type": "Polygon", "coordinates": [ [ [ 122.241542602253858, 7.316243028245464 ], [ 122.250596233418435, 7.316243028245464 ], [ 122.250596233418435, 7.325226139995374 ], [ 122.241542602253858, 7.325226139995374 ], [ 122.241542602253858, 7.316243028245464 ] ] ] } },
{ "type": "Feature", "properties": { "grid_id": "39_51", "x_idx": 39, "y_idx": 51 }, "geometry": { "type": "Polygon", "coordinates": [ [ [ 122.250596233418435, 7.316243028245464 ], [ 122.259649864583011, 7.316243028245464 ], [ 122.259649864583011, 7.325226139995374 ], [ 122.250596233418435, 7.325226139995374 ], [ 122.250596233418435, 7.316243028245464 ] ] ] } },
{ "type": "Feature", "properties": { "grid_id": "40_51", "x_idx": 40, "y_idx": 51 }, "geometry": { "type": "Polygon", "coordinates": [ [ [ 122.259649864583011, 7.316243028245464 ], [ 122.268703495747587, 7.316243028245464 ], [ 122.268703495747587, 7.325226139995374 ], [ 122.259649864583011, 7.325226139995374 ], [ 122.259649864583011, 7.316243028245464 ] ] ] } },
{ "type": "Feature", "properties": { "grid_id": "41_51", "x_idx": 41, "y_idx": 51 }, "geometry": { "type": "Polygon", "coordinates": [ [ [ 122.268703495747573, 7.316243028245464 ], [ 122.277757126912149, 7.316243028245464 ], [ 122.277757126912149, 7.325226139995374 ], [ 122.268703495747573, 7.325226139995374 ], [ 122.268703495747573, 7.316243028245464 ] ] ] } },
{ "type": "Feature", "properties": { "grid_id": "42_51", "x_idx": 42, "y_idx": 51 }, "geometry": { "type": "Polygon", "coordinates": [ [ [ 122.277757126912149, 7.316243028245464 ], [ 122.286810758076726, 7.316243028245464 ], [ 122.286810758076726, 7.325226139995374 ], [ 122.277757126912149, 7.325226139995374 ], [ 122.277757126912149, 7.316243028245464 ] ] ] } },
{ "type": "Feature", "properties": { "grid_id": "43_51", "x_idx": 43, "y_idx": 51 }, "geometry": { "type": "Polygon", "coordinates": [ [ [ 122.286810758076726, 7.316243028245464 ], [ 122.295864389241302, 7.316243028245464 ], [ 122.295864389241302, 7.325226139995374 ], [ 122.286810758076726, 7.325226139995374 ], [ 122.286810758076726, 7.316243028245464 ] ] ] } },
{ "type": "Feature", "properties": { "grid_id": "45_51", "x_idx": 45, "y_idx": 51 }, "geometry": { "type": "Polygon", "coordinates": [ [ [ 122.304918020405864, 7.316243028245464 ], [ 122.313971651570441, 7.316243028245464 ], [ 122.313971651570441, 7.325226139995374 ], [ 122.304918020405864, 7.325226139995374 ], [ 122.304918020405864, 7.316243028245464 ] ] ] } },
{ "type": "Feature", "properties": { "grid_id": "46_51", "x_idx": 46, "y_idx": 51 }, "geometry": { "type": "Polygon", "coordinates": [ [ [ 122.313971651570441, 7.316243028245464 ], [ 122.323025282735017, 7.316243028245464 ], [ 122.323025282735017, 7.325226139995374 ], [ 122.313971651570441, 7.325226139995374 ], [ 122.313971651570441, 7.316243028245464 ] ] ] } },
{ "type": "Feature", "properties": { "grid_id": "47_51", "x_idx": 47, "y_idx": 51 }, "geometry": { "type": "Polygon", "coordinates": [ [ [ 122.323025282735017, 7.316243028245464 ], [ 122.332078913899593, 7.316243028245464 ], [ 122.332078913899593, 7.325226139995374 ], [ 122.323025282735017, 7.325226139995374 ], [ 122.323025282735017, 7.316243028245464 ] ] ] } },
{ "type": "Feature", "properties": { "grid_id": "48_51", "x_idx": 48, "y_idx": 51 }, "geometry": { "type": "Polygon", "coordinates": [ [ [ 122.332078913899579, 7.316243028245464 ], [ 122.341132545064156, 7.316243028245464 ], [ 122.341132545064156, 7.325226139995374 ], [ 122.332078913899579, 7.325226139995374 ], [ 122.332078913899579, 7.316243028245464 ] ] ] } },
{ "type": "Feature", "properties": { "grid_id": "49_51", "x_idx": 49, "y_idx": 51 }, "geometry": { "type": "Polygon", "coordinates": [ [ [ 122.341132545064156, 7.316243028245464 ], [ 122.350186176228732, 7.316243028245464 ], [ 122.350186176228732, 7.325226139995374 ], [ 122.341132545064156, 7.325226139995374 ], [ 122.341132545064156, 7.316243028245464 ] ] ] } },
{ "type": "Feature", "properties": { "grid_id": "29_52", "x_idx": 29, "y_idx": 52 }, "geometry": { "type": "Polygon", "coordinates": [ [ [ 122.160059921772699, 7.325226139995374 ], [ 122.169113552937276, 7.325226139995374 ], [ 122.169113552937276, 7.334209251745285 ], [ 122.160059921772699, 7.334209251745285 ], [ 122.160059921772699, 7.325226139995374 ] ] ] } },
{ "type": "Feature", "properties": { "grid_id": "30_52", "x_idx": 30, "y_idx": 52 }, "geometry": { "type": "Polygon", "coordinates": [ [ [ 122.169113552937276, 7.325226139995374 ], [ 122.178167184101852, 7.325226139995374 ], [ 122.178167184101852, 7.334209251745285 ], [ 122.169113552937276, 7.334209251745285 ], [ 122.169113552937276, 7.325226139995374 ] ] ] } },
{ "type": "Feature", "properties": { "grid_id": "31_52", "x_idx": 31, "y_idx": 52 }, "geometry": { "type": "Polygon", "coordinates": [ [ [ 122.178167184101852, 7.325226139995374 ], [ 122.187220815266429, 7.325226139995374 ], [ 122.187220815266429, 7.334209251745285 ], [ 122.178167184101852, 7.334209251745285 ], [ 122.178167184101852, 7.325226139995374 ] ] ] } },
{ "type": "Feature", "properties": { "grid_id": "32_52", "x_idx": 32, "y_idx": 52 }, "geometry": { "type": "Polygon", "coordinates": [ [ [ 122.187220815266429, 7.325226139995374 ], [ 122.196274446431005, 7.325226139995374 ], [ 122.196274446431005, 7.334209251745285 ], [ 122.187220815266429, 7.334209251745285 ], [ 122.187220815266429, 7.325226139995374 ] ] ] } },
{ "type": "Feature", "properties": { "grid_id": "33_52", "x_idx": 33, "y_idx": 52 }, "geometry": { "type": "Polygon", "coordinates": [ [ [ 122.196274446430991, 7.325226139995374 ], [ 122.205328077595567, 7.325226139995374 ], [ 122.205328077595567, 7.334209251745285 ], [ 122.196274446430991, 7.334209251745285 ], [ 122.196274446430991, 7.325226139995374 ] ] ] } },
{ "type": "Feature", "properties": { "grid_id": "34_52", "x_idx": 34, "y_idx": 52 }, "geometry": { "type": "Polygon", "coordinates": [ [ [ 122.205328077595567, 7.325226139995374 ], [ 122.214381708760143, 7.325226139995374 ], [ 122.214381708760143, 7.334209251745285 ], [ 122.205328077595567, 7.334209251745285 ], [ 122.205328077595567, 7.325226139995374 ] ] ] } },
{ "type": "Feature", "properties": { "grid_id": "35_52", "x_idx": 35, "y_idx": 52 }, "geometry": { "type": "Polygon", "coordinates": [ [ [ 122.214381708760143, 7.325226139995374 ], [ 122.22343533992472, 7.325226139995374 ], [ 122.22343533992472, 7.334209251745285 ], [ 122.214381708760143, 7.334209251745285 ], [ 122.214381708760143, 7.325226139995374 ] ] ] } },
{ "type": "Feature", "properties": { "grid_id": "36_52", "x_idx": 36, "y_idx": 52 }, "geometry": { "type": "Polygon", "coordinates": [ [ [ 122.22343533992472, 7.325226139995374 ], [ 122.232488971089296, 7.325226139995374 ], [ 122.232488971089296, 7.334209251745285 ], [ 122.22343533992472, 7.334209251745285 ], [ 122.22343533992472, 7.325226139995374 ] ] ] } },
{ "type": "Feature", "properties": { "grid_id": "37_52", "x_idx": 37, "y_idx": 52 }, "geometry": { "type": "Polygon", "coordinates": [ [ [ 122.232488971089282, 7.325226139995374 ], [ 122.241542602253858, 7.325226139995374 ], [ 122.241542602253858, 7.334209251745285 ], [ 122.232488971089282, 7.334209251745285 ], [ 122.232488971089282, 7.325226139995374 ] ] ] } },
{ "type": "Feature", "properties": { "grid_id": "38_52", "x_idx": 38, "y_idx": 52 }, "geometry": { "type": "Polygon", "coordinates": [ [ [ 122.241542602253858, 7.325226139995374 ], [ 122.250596233418435, 7.325226139995374 ], [ 122.250596233418435, 7.334209251745285 ], [ 122.241542602253858, 7.334209251745285 ], [ 122.241542602253858, 7.325226139995374 ] ] ] } },
{ "type": "Feature", "properties": { "grid_id": "39_52", "x_idx": 39, "y_idx": 52 }, "geometry": { "type": "Polygon", "coordinates": [ [ [ 122.250596233418435, 7.325226139995374 ], [ 122.259649864583011, 7.325226139995374 ], [ 122.259649864583011, 7.334209251745285 ], [ 122.250596233418435, 7.334209251745285 ], [ 122.250596233418435, 7.325226139995374 ] ] ] } },
{ "type": "Feature", "properties": { "grid_id": "40_52", "x_idx": 40, "y_idx": 52 }, "geometry": { "type": "Polygon", "coordinates": [ [ [ 122.259649864583011, 7.325226139995374 ], [ 122.268703495747587, 7.325226139995374 ], [ 122.268703495747587, 7.334209251745285 ], [ 122.259649864583011, 7.334209251745285 ], [ 122.259649864583011, 7.325226139995374 ] ] ] } },
{ "type": "Feature", "properties": { "grid_id": "41_52", "x_idx": 41, "y_idx": 52 }, "geometry": { "type": "Polygon", "coordinates": [ [ [ 122.268703495747573, 7.325226139995374 ], [ 122.277757126912149, 7.325226139995374 ], [ 122.277757126912149, 7.334209251745285 ], [ 122.268703495747573, 7.334209251745285 ], [ 122.268703495747573, 7.325226139995374 ] ] ] } },
{ "type": "Feature", "properties": { "grid_id": "42_52", "x_idx": 42, "y_idx": 52 }, "geometry": { "type": "Polygon", "coordinates": [ [ [ 122.277757126912149, 7.325226139995374 ], [ 122.286810758076726, 7.325226139995374 ], [ 122.286810758076726, 7.334209251745285 ], [ 122.277757126912149, 7.334209251745285 ], [ 122.277757126912149, 7.325226139995374 ] ] ] } },
{ "type": "Feature", "properties": { "grid_id": "43_52", "x_idx": 43, "y_idx": 52 }, "geometry": { "type": "Polygon", "coordinates": [ [ [ 122.286810758076726, 7.325226139995374 ], [ 122.295864389241302, 7.325226139995374 ], [ 122.295864389241302, 7.334209251745285 ], [ 122.286810758076726, 7.334209251745285 ], [ 122.286810758076726, 7.325226139995374 ] ] ] } },
{ "type": "Feature", "properties": { "grid_id": "44_52", "x_idx": 44, "y_idx": 52 }, "geometry": { "type": "Polygon", "coordinates": [ [ [ 122.295864389241302, 7.325226139995374 ], [ 122.304918020405879, 7.325226139995374 ], [ 122.304918020405879, 7.334209251745285 ], [ 122.295864389241302, 7.334209251745285 ], [ 122.295864389241302, 7.325226139995374 ] ] ] } },
{ "type": "Feature", "properties": { "grid_id": "45_52", "x_idx": 45, "y_idx": 52 }, "geometry": { "type": "Polygon", "coordinates": [ [ [ 122.304918020405864, 7.325226139995374 ], [ 122.313971651570441, 7.325226139995374 ], [ 122.313971651570441, 7.334209251745285 ], [ 122.304918020405864, 7.334209251745285 ], [ 122.304918020405864, 7.325226139995374 ] ] ] } },
{ "type": "Feature", "properties": { "grid_id": "46_52", "x_idx": 46, "y_idx": 52 }, "geometry": { "type": "Polygon", "coordinates": [ [ [ 122.313971651570441, 7.325226139995374 ], [ 122.323025282735017, 7.325226139995374 ], [ 122.323025282735017, 7.334209251745285 ], [ 122.313971651570441, 7.334209251745285 ], [ 122.313971651570441, 7.325226139995374 ] ] ] } },
{ "type": "Feature", "properties": { "grid_id": "47_52", "x_idx": 47, "y_idx": 52 }, "geometry": { "type": "Polygon", "coordinates": [ [ [ 122.323025282735017, 7.325226139995374 ], [ 122.332078913899593, 7.325226139995374 ], [ 122.332078913899593, 7.334209251745285 ], [ 122.323025282735017, 7.334209251745285 ], [ 122.323025282735017, 7.325226139995374 ] ] ] } },
{ "type": "Feature", "properties": { "grid_id": "48_52", "x_idx": 48, "y_idx": 52 }, "geometry": { "type": "Polygon", "coordinates": [ [ [ 122.332078913899579, 7.325226139995374 ], [ 122.341132545064156, 7.325226139995374 ], [ 122.341132545064156, 7.334209251745285 ], [ 122.332078913899579, 7.334209251745285 ], [ 122.332078913899579, 7.325226139995374 ] ] ] } },
{ "type": "Feature", "properties": { "grid_id": "49_52", "x_idx": 49, "y_idx": 52 }, "geometry": { "type": "Polygon", "coordinates": [ [ [ 122.341132545064156, 7.325226139995374 ], [ 122.350186176228732, 7.325226139995374 ], [ 122.350186176228732, 7.334209251745285 ], [ 122.341132545064156, 7.334209251745285 ], [ 122.341132545064156, 7.325226139995374 ] ] ] } },
{ "type": "Feature", "properties": { "grid_id": "50_52", "x_idx": 50, "y_idx": 52 }, "geometry": { "type": "Polygon", "coordinates": [ [ [ 122.350186176228732, 7.325226139995374 ], [ 122.359239807393308, 7.325226139995374 ], [ 122.359239807393308, 7.334209251745285 ], [ 122.350186176228732, 7.334209251745285 ], [ 122.350186176228732, 7.325226139995374 ] ] ] } },
{ "type": "Feature", "properties": { "grid_id": "51_52", "x_idx": 51, "y_idx": 52 }, "geometry": { "type": "Polygon", "coordinates": [ [ [ 122.359239807393308, 7.325226139995374 ], [ 122.368293438557885, 7.325226139995374 ], [ 122.368293438557885, 7.334209251745285 ], [ 122.359239807393308, 7.334209251745285 ], [ 122.359239807393308, 7.325226139995374 ] ] ] } },
{ "type": "Feature", "properties": { "grid_id": "29_53", "x_idx": 29, "y_idx": 53 }, "geometry": { "type": "Polygon", "coordinates": [ [ [ 122.160059921772699, 7.334209251745284 ], [ 122.169113552937276, 7.334209251745284 ], [ 122.169113552937276, 7.343192363495194 ], [ 122.160059921772699, 7.343192363495194 ], [ 122.160059921772699, 7.334209251745284 ] ] ] } },
{ "type": "Feature", "properties": { "grid_id": "30_53", "x_idx": 30, "y_idx": 53 }, "geometry": { "type": "Polygon", "coordinates": [ [ [ 122.169113552937276, 7.334209251745284 ], [ 122.178167184101852, 7.334209251745284 ], [ 122.178167184101852, 7.343192363495194 ], [ 122.169113552937276, 7.343192363495194 ], [ 122.169113552937276, 7.334209251745284 ] ] ] } },
{ "type": "Feature", "properties": { "grid_id": "31_53", "x_idx": 31, "y_idx": 53 }, "geometry": { "type": "Polygon", "coordinates": [ [ [ 122.178167184101852, 7.334209251745284 ], [ 122.187220815266429, 7.334209251745284 ], [ 122.187220815266429, 7.343192363495194 ], [ 122.178167184101852, 7.343192363495194 ], [ 122.178167184101852, 7.334209251745284 ] ] ] } },
{ "type": "Feature", "properties": { "grid_id": "32_53", "x_idx": 32, "y_idx": 53 }, "geometry": { "type": "Polygon", "coordinates": [ [ [ 122.187220815266429, 7.334209251745284 ], [ 122.196274446431005, 7.334209251745284 ], [ 122.196274446431005, 7.343192363495194 ], [ 122.187220815266429, 7.343192363495194 ], [ 122.187220815266429, 7.334209251745284 ] ] ] } },
{ "type": "Feature", "properties": { "grid_id": "33_53", "x_idx": 33, "y_idx": 53 }, "geometry": { "type": "Polygon", "coordinates": [ [ [ 122.196274446430991, 7.334209251745284 ], [ 122.205328077595567, 7.334209251745284 ], [ 122.205328077595567, 7.343192363495194 ], [ 122.196274446430991, 7.343192363495194 ], [ 122.196274446430991, 7.334209251745284 ] ] ] } },
{ "type": "Feature", "properties": { "grid_id": "34_53", "x_idx": 34, "y_idx": 53 }, "geometry": { "type": "Polygon", "coordinates": [ [ [ 122.205328077595567, 7.334209251745284 ], [ 122.214381708760143, 7.334209251745284 ], [ 122.214381708760143, 7.343192363495194 ], [ 122.205328077595567, 7.343192363495194 ], [ 122.205328077595567, 7.334209251745284 ] ] ] } },
{ "type": "Feature", "properties": { "grid_id": "35_53", "x_idx": 35, "y_idx": 53 }, "geometry": { "type": "Polygon", "coordinates": [ [ [ 122.214381708760143, 7.334209251745284 ], [ 122.22343533992472, 7.334209251745284 ], [ 122.22343533992472, 7.343192363495194 ], [ 122.214381708760143, 7.343192363495194 ], [ 122.214381708760143, 7.334209251745284 ] ] ] } },
{ "type": "Feature", "properties": { "grid_id": "36_53", "x_idx": 36, "y_idx": 53 }, "geometry": { "type": "Polygon", "coordinates": [ [ [ 122.22343533992472, 7.334209251745284 ], [ 122.232488971089296, 7.334209251745284 ], [ 122.232488971089296, 7.343192363495194 ], [ 122.22343533992472, 7.343192363495194 ], [ 122.22343533992472, 7.334209251745284 ] ] ] } },
{ "type": "Feature", "properties": { "grid_id": "37_53", "x_idx": 37, "y_idx": 53 }, "geometry": { "type": "Polygon", "coordinates": [ [ [ 122.232488971089282, 7.334209251745284 ], [ 122.241542602253858, 7.334209251745284 ], [ 122.241542602253858, 7.343192363495194 ], [ 122.232488971089282, 7.343192363495194 ], [ 122.232488971089282, 7.334209251745284 ] ] ] } },
{ "type": "Feature", "properties": { "grid_id": "38_53", "x_idx": 38, "y_idx": 53 }, "geometry": { "type": "Polygon", "coordinates": [ [ [ 122.241542602253858, 7.334209251745284 ], [ 122.250596233418435, 7.334209251745284 ], [ 122.250596233418435, 7.343192363495194 ], [ 122.241542602253858, 7.343192363495194 ], [ 122.241542602253858, 7.334209251745284 ] ] ] } },
{ "type": "Feature", "properties": { "grid_id": "39_53", "x_idx": 39, "y_idx": 53 }, "geometry": { "type": "Polygon", "coordinates": [ [ [ 122.250596233418435, 7.334209251745284 ], [ 122.259649864583011, 7.334209251745284 ], [ 122.259649864583011, 7.343192363495194 ], [ 122.250596233418435, 7.343192363495194 ], [ 122.250596233418435, 7.334209251745284 ] ] ] } },
{ "type": "Feature", "properties": { "grid_id": "40_53", "x_idx": 40, "y_idx": 53 }, "geometry": { "type": "Polygon", "coordinates": [ [ [ 122.259649864583011, 7.334209251745284 ], [ 122.268703495747587, 7.334209251745284 ], [ 122.268703495747587, 7.343192363495194 ], [ 122.259649864583011, 7.343192363495194 ], [ 122.259649864583011, 7.334209251745284 ] ] ] } },
{ "type": "Feature", "properties": { "grid_id": "41_53", "x_idx": 41, "y_idx": 53 }, "geometry": { "type": "Polygon", "coordinates": [ [ [ 122.268703495747573, 7.334209251745284 ], [ 122.277757126912149, 7.334209251745284 ], [ 122.277757126912149, 7.343192363495194 ], [ 122.268703495747573, 7.343192363495194 ], [ 122.268703495747573, 7.334209251745284 ] ] ] } },
{ "type": "Feature", "properties": { "grid_id": "42_53", "x_idx": 42, "y_idx": 53 }, "geometry": { "type": "Polygon", "coordinates": [ [ [ 122.277757126912149, 7.334209251745284 ], [ 122.286810758076726, 7.334209251745284 ], [ 122.286810758076726, 7.343192363495194 ], [ 122.277757126912149, 7.343192363495194 ], [ 122.277757126912149, 7.334209251745284 ] ] ] } },
{ "type": "Feature", "properties": { "grid_id": "43_53", "x_idx": 43, "y_idx": 53 }, "geometry": { "type": "Polygon", "coordinates": [ [ [ 122.286810758076726, 7.334209251745284 ], [ 122.295864389241302, 7.334209251745284 ], [ 122.295864389241302, 7.343192363495194 ], [ 122.286810758076726, 7.343192363495194 ], [ 122.286810758076726, 7.334209251745284 ] ] ] } },
{ "type": "Feature", "properties": { "grid_id": "44_53", "x_idx": 44, "y_idx": 53 }, "geometry": { "type": "Polygon", "coordinates": [ [ [ 122.295864389241302, 7.334209251745284 ], [ 122.304918020405879, 7.334209251745284 ], [ 122.304918020405879, 7.343192363495194 ], [ 122.295864389241302, 7.343192363495194 ], [ 122.295864389241302, 7.334209251745284 ] ] ] } },
{ "type": "Feature", "properties": { "grid_id": "45_53", "x_idx": 45, "y_idx": 53 }, "geometry": { "type": "Polygon", "coordinates": [ [ [ 122.304918020405864, 7.334209251745284 ], [ 122.313971651570441, 7.334209251745284 ], [ 122.313971651570441, 7.343192363495194 ], [ 122.304918020405864, 7.343192363495194 ], [ 122.304918020405864, 7.334209251745284 ] ] ] } },
{ "type": "Feature", "properties": { "grid_id": "46_53", "x_idx": 46, "y_idx": 53 }, "geometry": { "type": "Polygon", "coordinates": [ [ [ 122.313971651570441, 7.334209251745284 ], [ 122.323025282735017, 7.334209251745284 ], [ 122.323025282735017, 7.343192363495194 ], [ 122.313971651570441, 7.343192363495194 ], [ 122.313971651570441, 7.334209251745284 ] ] ] } },
{ "type": "Feature", "properties": { "grid_id": "47_53", "x_idx": 47, "y_idx": 53 }, "geometry": { "type": "Polygon", "coordinates": [ [ [ 122.323025282735017, 7.334209251745284 ], [ 122.332078913899593, 7.334209251745284 ], [ 122.332078913899593, 7.343192363495194 ], [ 122.323025282735017, 7.343192363495194 ], [ 122.323025282735017, 7.334209251745284 ] ] ] } },
{ "type": "Feature", "properties": { "grid_id": "48_53", "x_idx": 48, "y_idx": 53 }, "geometry": { "type": "Polygon", "coordinates": [ [ [ 122.332078913899579, 7.334209251745284 ], [ 122.341132545064156, 7.334209251745284 ], [ 122.341132545064156, 7.343192363495194 ], [ 122.332078913899579, 7.343192363495194 ], [ 122.332078913899579, 7.334209251745284 ] ] ] } },
{ "type": "Feature", "properties": { "grid_id": "49_53", "x_idx": 49, "y_idx": 53 }, "geometry": { "type": "Polygon", "coordinates": [ [ [ 122.341132545064156, 7.334209251745284 ], [ 122.350186176228732, 7.334209251745284 ], [ 122.350186176228732, 7.343192363495194 ], [ 122.341132545064156, 7.343192363495194 ], [ 122.341132545064156, 7.334209251745284 ] ] ] } },
{ "type": "Feature", "properties": { "grid_id": "50_53", "x_idx": 50, "y_idx": 53 }, "geometry": { "type": "Polygon", "coordinates": [ [ [ 122.350186176228732, 7.334209251745284 ], [ 122.359239807393308, 7.334209251745284 ], [ 122.359239807393308, 7.343192363495194 ], [ 122.350186176228732, 7.343192363495194 ], [ 122.350186176228732, 7.334209251745284 ] ] ] } },
{ "type": "Feature", "properties": { "grid_id": "51_53", "x_idx": 51, "y_idx": 53 }, "geometry": { "type": "Polygon", "coordinates": [ [ [ 122.359239807393308, 7.334209251745284 ], [ 122.368293438557885, 7.334209251745284 ], [ 122.368293438557885, 7.343192363495194 ], [ 122.359239807393308, 7.343192363495194 ], [ 122.359239807393308, 7.334209251745284 ] ] ] } },
{ "type": "Feature", "properties": { "grid_id": "28_54", "x_idx": 28, "y_idx": 54 }, "geometry": { "type": "Polygon", "coordinates": [ [ [ 122.151006290608137, 7.343192363495194 ], [ 122.160059921772714, 7.343192363495194 ], [ 122.160059921772714, 7.352175475245105 ], [ 122.151006290608137, 7.352175475245105 ], [ 122.151006290608137, 7.343192363495194 ] ] ] } },
{ "type": "Feature", "properties": { "grid_id": "29_54", "x_idx": 29, "y_idx": 54 }, "geometry": { "type": "Polygon", "coordinates": [ [ [ 122.160059921772699, 7.343192363495194 ], [ 122.169113552937276, 7.343192363495194 ], [ 122.169113552937276, 7.352175475245105 ], [ 122.160059921772699, 7.352175475245105 ], [ 122.160059921772699, 7.343192363495194 ] ] ] } },
{ "type": "Feature", "properties": { "grid_id": "30_54", "x_idx": 30, "y_idx": 54 }, "geometry": { "type": "Polygon", "coordinates": [ [ [ 122.169113552937276, 7.343192363495194 ], [ 122.178167184101852, 7.343192363495194 ], [ 122.178167184101852, 7.352175475245105 ], [ 122.169113552937276, 7.352175475245105 ], [ 122.169113552937276, 7.343192363495194 ] ] ] } },
{ "type": "Feature", "properties": { "grid_id": "31_54", "x_idx": 31, "y_idx": 54 }, "geometry": { "type": "Polygon", "coordinates": [ [ [ 122.178167184101852, 7.343192363495194 ], [ 122.187220815266429, 7.343192363495194 ], [ 122.187220815266429, 7.352175475245105 ], [ 122.178167184101852, 7.352175475245105 ], [ 122.178167184101852, 7.343192363495194 ] ] ] } },
{ "type": "Feature", "properties": { "grid_id": "32_54", "x_idx": 32, "y_idx": 54 }, "geometry": { "type": "Polygon", "coordinates": [ [ [ 122.187220815266429, 7.343192363495194 ], [ 122.196274446431005, 7.343192363495194 ], [ 122.196274446431005, 7.352175475245105 ], [ 122.187220815266429, 7.352175475245105 ], [ 122.187220815266429, 7.343192363495194 ] ] ] } },
{ "type": "Feature", "properties": { "grid_id": "33_54", "x_idx": 33, "y_idx": 54 }, "geometry": { "type": "Polygon", "coordinates": [ [ [ 122.196274446430991, 7.343192363495194 ], [ 122.205328077595567, 7.343192363495194 ], [ 122.205328077595567, 7.352175475245105 ], [ 122.196274446430991, 7.352175475245105 ], [ 122.196274446430991, 7.343192363495194 ] ] ] } },
{ "type": "Feature", "properties": { "grid_id": "34_54", "x_idx": 34, "y_idx": 54 }, "geometry": { "type": "Polygon", "coordinates": [ [ [ 122.205328077595567, 7.343192363495194 ], [ 122.214381708760143, 7.343192363495194 ], [ 122.214381708760143, 7.352175475245105 ], [ 122.205328077595567, 7.352175475245105 ], [ 122.205328077595567, 7.343192363495194 ] ] ] } },
{ "type": "Feature", "properties": { "grid_id": "35_54", "x_idx": 35, "y_idx": 54 }, "geometry": { "type": "Polygon", "coordinates": [ [ [ 122.214381708760143, 7.343192363495194 ], [ 122.22343533992472, 7.343192363495194 ], [ 122.22343533992472, 7.352175475245105 ], [ 122.214381708760143, 7.352175475245105 ], [ 122.214381708760143, 7.343192363495194 ] ] ] } },
{ "type": "Feature", "properties": { "grid_id": "36_54", "x_idx": 36, "y_idx": 54 }, "geometry": { "type": "Polygon", "coordinates": [ [ [ 122.22343533992472, 7.343192363495194 ], [ 122.232488971089296, 7.343192363495194 ], [ 122.232488971089296, 7.352175475245105 ], [ 122.22343533992472, 7.352175475245105 ], [ 122.22343533992472, 7.343192363495194 ] ] ] } },
{ "type": "Feature", "properties": { "grid_id": "37_54", "x_idx": 37, "y_idx": 54 }, "geometry": { "type": "Polygon", "coordinates": [ [ [ 122.232488971089282, 7.343192363495194 ], [ 122.241542602253858, 7.343192363495194 ], [ 122.241542602253858, 7.352175475245105 ], [ 122.232488971089282, 7.352175475245105 ], [ 122.232488971089282, 7.343192363495194 ] ] ] } },
{ "type": "Feature", "properties": { "grid_id": "38_54", "x_idx": 38, "y_idx": 54 }, "geometry": { "type": "Polygon", "coordinates": [ [ [ 122.241542602253858, 7.343192363495194 ], [ 122.250596233418435, 7.343192363495194 ], [ 122.250596233418435, 7.352175475245105 ], [ 122.241542602253858, 7.352175475245105 ], [ 122.241542602253858, 7.343192363495194 ] ] ] } },
{ "type": "Feature", "properties": { "grid_id": "39_54", "x_idx": 39, "y_idx": 54 }, "geometry": { "type": "Polygon", "coordinates": [ [ [ 122.250596233418435, 7.343192363495194 ], [ 122.259649864583011, 7.343192363495194 ], [ 122.259649864583011, 7.352175475245105 ], [ 122.250596233418435, 7.352175475245105 ], [ 122.250596233418435, 7.343192363495194 ] ] ] } },
{ "type": "Feature", "properties": { "grid_id": "40_54", "x_idx": 40, "y_idx": 54 }, "geometry": { "type": "Polygon", "coordinates": [ [ [ 122.259649864583011, 7.343192363495194 ], [ 122.268703495747587, 7.343192363495194 ], [ 122.268703495747587, 7.352175475245105 ], [ 122.259649864583011, 7.352175475245105 ], [ 122.259649864583011, 7.343192363495194 ] ] ] } },
{ "type": "Feature", "properties": { "grid_id": "41_54", "x_idx": 41, "y_idx": 54 }, "geometry": { "type": "Polygon", "coordinates": [ [ [ 122.268703495747573, 7.343192363495194 ], [ 122.277757126912149, 7.343192363495194 ], [ 122.277757126912149, 7.352175475245105 ], [ 122.268703495747573, 7.352175475245105 ], [ 122.268703495747573, 7.343192363495194 ] ] ] } },
{ "type": "Feature", "properties": { "grid_id": "42_54", "x_idx": 42, "y_idx": 54 }, "geometry": { "type": "Polygon", "coordinates": [ [ [ 122.277757126912149, 7.343192363495194 ], [ 122.286810758076726, 7.343192363495194 ], [ 122.286810758076726, 7.352175475245105 ], [ 122.277757126912149, 7.352175475245105 ], [ 122.277757126912149, 7.343192363495194 ] ] ] } },
{ "type": "Feature", "properties": { "grid_id": "43_54", "x_idx": 43, "y_idx": 54 }, "geometry": { "type": "Polygon", "coordinates": [ [ [ 122.286810758076726, 7.343192363495194 ], [ 122.295864389241302, 7.343192363495194 ], [ 122.295864389241302, 7.352175475245105 ], [ 122.286810758076726, 7.352175475245105 ], [ 122.286810758076726, 7.343192363495194 ] ] ] } },
{ "type": "Feature", "properties": { "grid_id": "44_54", "x_idx": 44, "y_idx": 54 }, "geometry": { "type": "Polygon", "coordinates": [ [ [ 122.295864389241302, 7.343192363495194 ], [ 122.304918020405879, 7.343192363495194 ], [ 122.304918020405879, 7.352175475245105 ], [ 122.295864389241302, 7.352175475245105 ], [ 122.295864389241302, 7.343192363495194 ] ] ] } },
{ "type": "Feature", "properties": { "grid_id": "45_54", "x_idx": 45, "y_idx": 54 }, "geometry": { "type": "Polygon", "coordinates": [ [ [ 122.304918020405864, 7.343192363495194 ], [ 122.313971651570441, 7.343192363495194 ], [ 122.313971651570441, 7.352175475245105 ], [ 122.304918020405864, 7.352175475245105 ], [ 122.304918020405864, 7.343192363495194 ] ] ] } },
{ "type": "Feature", "properties": { "grid_id": "46_54", "x_idx": 46, "y_idx": 54 }, "geometry": { "type": "Polygon", "coordinates": [ [ [ 122.313971651570441, 7.343192363495194 ], [ 122.323025282735017, 7.343192363495194 ], [ 122.323025282735017, 7.352175475245105 ], [ 122.313971651570441, 7.352175475245105 ], [ 122.313971651570441, 7.343192363495194 ] ] ] } },
{ "type": "Feature", "properties": { "grid_id": "47_54", "x_idx": 47, "y_idx": 54 }, "geometry": { "type": "Polygon", "coordinates": [ [ [ 122.323025282735017, 7.343192363495194 ], [ 122.332078913899593, 7.343192363495194 ], [ 122.332078913899593, 7.352175475245105 ], [ 122.323025282735017, 7.352175475245105 ], [ 122.323025282735017, 7.343192363495194 ] ] ] } },
{ "type": "Feature", "properties": { "grid_id": "48_54", "x_idx": 48, "y_idx": 54 }, "geometry": { "type": "Polygon", "coordinates": [ [ [ 122.332078913899579, 7.343192363495194 ], [ 122.341132545064156, 7.343192363495194 ], [ 122.341132545064156, 7.352175475245105 ], [ 122.332078913899579, 7.352175475245105 ], [ 122.332078913899579, 7.343192363495194 ] ] ] } },
{ "type": "Feature", "properties": { "grid_id": "49_54", "x_idx": 49, "y_idx": 54 }, "geometry": { "type": "Polygon", "coordinates": [ [ [ 122.341132545064156, 7.343192363495194 ], [ 122.350186176228732, 7.343192363495194 ], [ 122.350186176228732, 7.352175475245105 ], [ 122.341132545064156, 7.352175475245105 ], [ 122.341132545064156, 7.343192363495194 ] ] ] } },
{ "type": "Feature", "properties": { "grid_id": "50_54", "x_idx": 50, "y_idx": 54 }, "geometry": { "type": "Polygon", "coordinates": [ [ [ 122.350186176228732, 7.343192363495194 ], [ 122.359239807393308, 7.343192363495194 ], [ 122.359239807393308, 7.352175475245105 ], [ 122.350186176228732, 7.352175475245105 ], [ 122.350186176228732, 7.343192363495194 ] ] ] } },
{ "type": "Feature", "properties": { "grid_id": "51_54", "x_idx": 51, "y_idx": 54 }, "geometry": { "type": "Polygon", "coordinates": [ [ [ 122.359239807393308, 7.343192363495194 ], [ 122.368293438557885, 7.343192363495194 ], [ 122.368293438557885, 7.352175475245105 ], [ 122.359239807393308, 7.352175475245105 ], [ 122.359239807393308, 7.343192363495194 ] ] ] } },
{ "type": "Feature", "properties": { "grid_id": "52_54", "x_idx": 52, "y_idx": 54 }, "geometry": { "type": "Polygon", "coordinates": [ [ [ 122.36829343855787, 7.343192363495194 ], [ 122.377347069722447, 7.343192363495194 ], [ 122.377347069722447, 7.352175475245105 ], [ 122.36829343855787, 7.352175475245105 ], [ 122.36829343855787, 7.343192363495194 ] ] ] } },
{ "type": "Feature", "properties": { "grid_id": "29_55", "x_idx": 29, "y_idx": 55 }, "geometry": { "type": "Polygon", "coordinates": [ [ [ 122.160059921772699, 7.352175475245105 ], [ 122.169113552937276, 7.352175475245105 ], [ 122.169113552937276, 7.361158586995015 ], [ 122.160059921772699, 7.361158586995015 ], [ 122.160059921772699, 7.352175475245105 ] ] ] } },
{ "type": "Feature", "properties": { "grid_id": "30_55", "x_idx": 30, "y_idx": 55 }, "geometry": { "type": "Polygon", "coordinates": [ [ [ 122.169113552937276, 7.352175475245105 ], [ 122.178167184101852, 7.352175475245105 ], [ 122.178167184101852, 7.361158586995015 ], [ 122.169113552937276, 7.361158586995015 ], [ 122.169113552937276, 7.352175475245105 ] ] ] } },
{ "type": "Feature", "properties": { "grid_id": "31_55", "x_idx": 31, "y_idx": 55 }, "geometry": { "type": "Polygon", "coordinates": [ [ [ 122.178167184101852, 7.352175475245105 ], [ 122.187220815266429, 7.352175475245105 ], [ 122.187220815266429, 7.361158586995015 ], [ 122.178167184101852, 7.361158586995015 ], [ 122.178167184101852, 7.352175475245105 ] ] ] } },
{ "type": "Feature", "properties": { "grid_id": "32_55", "x_idx": 32, "y_idx": 55 }, "geometry": { "type": "Polygon", "coordinates": [ [ [ 122.187220815266429, 7.352175475245105 ], [ 122.196274446431005, 7.352175475245105 ], [ 122.196274446431005, 7.361158586995015 ], [ 122.187220815266429, 7.361158586995015 ], [ 122.187220815266429, 7.352175475245105 ] ] ] } },
{ "type": "Feature", "properties": { "grid_id": "33_55", "x_idx": 33, "y_idx": 55 }, "geometry": { "type": "Polygon", "coordinates": [ [ [ 122.196274446430991, 7.352175475245105 ], [ 122.205328077595567, 7.352175475245105 ], [ 122.205328077595567, 7.361158586995015 ], [ 122.196274446430991, 7.361158586995015 ], [ 122.196274446430991, 7.352175475245105 ] ] ] } },
{ "type": "Feature", "properties": { "grid_id": "34_55", "x_idx": 34, "y_idx": 55 }, "geometry": { "type": "Polygon", "coordinates": [ [ [ 122.205328077595567, 7.352175475245105 ], [ 122.214381708760143, 7.352175475245105 ], [ 122.214381708760143, 7.361158586995015 ], [ 122.205328077595567, 7.361158586995015 ], [ 122.205328077595567, 7.352175475245105 ] ] ] } },
{ "type": "Feature", "properties": { "grid_id": "35_55", "x_idx": 35, "y_idx": 55 }, "geometry": { "type": "Polygon", "coordinates": [ [ [ 122.214381708760143, 7.352175475245105 ], [ 122.22343533992472, 7.352175475245105 ], [ 122.22343533992472, 7.361158586995015 ], [ 122.214381708760143, 7.361158586995015 ], [ 122.214381708760143, 7.352175475245105 ] ] ] } },
{ "type": "Feature", "properties": { "grid_id": "36_55", "x_idx": 36, "y_idx": 55 }, "geometry": { "type": "Polygon", "coordinates": [ [ [ 122.22343533992472, 7.352175475245105 ], [ 122.232488971089296, 7.352175475245105 ], [ 122.232488971089296, 7.361158586995015 ], [ 122.22343533992472, 7.361158586995015 ], [ 122.22343533992472, 7.352175475245105 ] ] ] } },
{ "type": "Feature", "properties": { "grid_id": "37_55", "x_idx": 37, "y_idx": 55 }, "geometry": { "type": "Polygon", "coordinates": [ [ [ 122.232488971089282, 7.352175475245105 ], [ 122.241542602253858, 7.352175475245105 ], [ 122.241542602253858, 7.361158586995015 ], [ 122.232488971089282, 7.361158586995015 ], [ 122.232488971089282, 7.352175475245105 ] ] ] } },
{ "type": "Feature", "properties": { "grid_id": "38_55", "x_idx": 38, "y_idx": 55 }, "geometry": { "type": "Polygon", "coordinates": [ [ [ 122.241542602253858, 7.352175475245105 ], [ 122.250596233418435, 7.352175475245105 ], [ 122.250596233418435, 7.361158586995015 ], [ 122.241542602253858, 7.361158586995015 ], [ 122.241542602253858, 7.352175475245105 ] ] ] } },
{ "type": "Feature", "properties": { "grid_id": "39_55", "x_idx": 39, "y_idx": 55 }, "geometry": { "type": "Polygon", "coordinates": [ [ [ 122.250596233418435, 7.352175475245105 ], [ 122.259649864583011, 7.352175475245105 ], [ 122.259649864583011, 7.361158586995015 ], [ 122.250596233418435, 7.361158586995015 ], [ 122.250596233418435, 7.352175475245105 ] ] ] } },
{ "type": "Feature", "properties": { "grid_id": "40_55", "x_idx": 40, "y_idx": 55 }, "geometry": { "type": "Polygon", "coordinates": [ [ [ 122.259649864583011, 7.352175475245105 ], [ 122.268703495747587, 7.352175475245105 ], [ 122.268703495747587, 7.361158586995015 ], [ 122.259649864583011, 7.361158586995015 ], [ 122.259649864583011, 7.352175475245105 ] ] ] } },
{ "type": "Feature", "properties": { "grid_id": "41_55", "x_idx": 41, "y_idx": 55 }, "geometry": { "type": "Polygon", "coordinates": [ [ [ 122.268703495747573, 7.352175475245105 ], [ 122.277757126912149, 7.352175475245105 ], [ 122.277757126912149, 7.361158586995015 ], [ 122.268703495747573, 7.361158586995015 ], [ 122.268703495747573, 7.352175475245105 ] ] ] } },
{ "type": "Feature", "properties": { "grid_id": "42_55", "x_idx": 42, "y_idx": 55 }, "geometry": { "type": "Polygon", "coordinates": [ [ [ 122.277757126912149, 7.352175475245105 ], [ 122.286810758076726, 7.352175475245105 ], [ 122.286810758076726, 7.361158586995015 ], [ 122.277757126912149, 7.361158586995015 ], [ 122.277757126912149, 7.352175475245105 ] ] ] } },
{ "type": "Feature", "properties": { "grid_id": "43_55", "x_idx": 43, "y_idx": 55 }, "geometry": { "type": "Polygon", "coordinates": [ [ [ 122.286810758076726, 7.352175475245105 ], [ 122.295864389241302, 7.352175475245105 ], [ 122.295864389241302, 7.361158586995015 ], [ 122.286810758076726, 7.361158586995015 ], [ 122.286810758076726, 7.352175475245105 ] ] ] } },
{ "type": "Feature", "properties": { "grid_id": "44_55", "x_idx": 44, "y_idx": 55 }, "geometry": { "type": "Polygon", "coordinates": [ [ [ 122.295864389241302, 7.352175475245105 ], [ 122.304918020405879, 7.352175475245105 ], [ 122.304918020405879, 7.361158586995015 ], [ 122.295864389241302, 7.361158586995015 ], [ 122.295864389241302, 7.352175475245105 ] ] ] } },
{ "type": "Feature", "properties": { "grid_id": "45_55", "x_idx": 45, "y_idx": 55 }, "geometry": { "type": "Polygon", "coordinates": [ [ [ 122.304918020405864, 7.352175475245105 ], [ 122.313971651570441, 7.352175475245105 ], [ 122.313971651570441, 7.361158586995015 ], [ 122.304918020405864, 7.361158586995015 ], [ 122.304918020405864, 7.352175475245105 ] ] ] } },
{ "type": "Feature", "properties": { "grid_id": "46_55", "x_idx": 46, "y_idx": 55 }, "geometry": { "type": "Polygon", "coordinates": [ [ [ 122.313971651570441, 7.352175475245105 ], [ 122.323025282735017, 7.352175475245105 ], [ 122.323025282735017, 7.361158586995015 ], [ 122.313971651570441, 7.361158586995015 ], [ 122.313971651570441, 7.352175475245105 ] ] ] } },
{ "type": "Feature", "properties": { "grid_id": "47_55", "x_idx": 47, "y_idx": 55 }, "geometry": { "type": "Polygon", "coordinates": [ [ [ 122.323025282735017, 7.352175475245105 ], [ 122.332078913899593, 7.352175475245105 ], [ 122.332078913899593, 7.361158586995015 ], [ 122.323025282735017, 7.361158586995015 ], [ 122.323025282735017, 7.352175475245105 ] ] ] } },
{ "type": "Feature", "properties": { "grid_id": "48_55", "x_idx": 48, "y_idx": 55 }, "geometry": { "type": "Polygon", "coordinates": [ [ [ 122.332078913899579, 7.352175475245105 ], [ 122.341132545064156, 7.352175475245105 ], [ 122.341132545064156, 7.361158586995015 ], [ 122.332078913899579, 7.361158586995015 ], [ 122.332078913899579, 7.352175475245105 ] ] ] } },
{ "type": "Feature", "properties": { "grid_id": "49_55", "x_idx": 49, "y_idx": 55 }, "geometry": { "type": "Polygon", "coordinates": [ [ [ 122.341132545064156, 7.352175475245105 ], [ 122.350186176228732, 7.352175475245105 ], [ 122.350186176228732, 7.361158586995015 ], [ 122.341132545064156, 7.361158586995015 ], [ 122.341132545064156, 7.352175475245105 ] ] ] } },
{ "type": "Feature", "properties": { "grid_id": "50_55", "x_idx": 50, "y_idx": 55 }, "geometry": { "type": "Polygon", "coordinates": [ [ [ 122.350186176228732, 7.352175475245105 ], [ 122.359239807393308, 7.352175475245105 ], [ 122.359239807393308, 7.361158586995015 ], [ 122.350186176228732, 7.361158586995015 ], [ 122.350186176228732, 7.352175475245105 ] ] ] } },
{ "type": "Feature", "properties": { "grid_id": "51_55", "x_idx": 51, "y_idx": 55 }, "geometry": { "type": "Polygon", "coordinates": [ [ [ 122.359239807393308, 7.352175475245105 ], [ 122.368293438557885, 7.352175475245105 ], [ 122.368293438557885, 7.361158586995015 ], [ 122.359239807393308, 7.361158586995015 ], [ 122.359239807393308, 7.352175475245105 ] ] ] } },
{ "type": "Feature", "properties": { "grid_id": "52_55", "x_idx": 52, "y_idx": 55 }, "geometry": { "type": "Polygon", "coordinates": [ [ [ 122.36829343855787, 7.352175475245105 ], [ 122.377347069722447, 7.352175475245105 ], [ 122.377347069722447, 7.361158586995015 ], [ 122.36829343855787, 7.361158586995015 ], [ 122.36829343855787, 7.352175475245105 ] ] ] } },
{ "type": "Feature", "properties": { "grid_id": "53_55", "x_idx": 53, "y_idx": 55 }, "geometry": { "type": "Polygon", "coordinates": [ [ [ 122.377347069722447, 7.352175475245105 ], [ 122.386400700887023, 7.352175475245105 ], [ 122.386400700887023, 7.361158586995015 ], [ 122.377347069722447, 7.361158586995015 ], [ 122.377347069722447, 7.352175475245105 ] ] ] } },
{ "type": "Feature", "properties": { "grid_id": "55_55", "x_idx": 55, "y_idx": 55 }, "geometry": { "type": "Polygon", "coordinates": [ [ [ 122.3954543320516, 7.352175475245105 ], [ 122.404507963216176, 7.352175475245105 ], [ 122.404507963216176, 7.361158586995015 ], [ 122.3954543320516, 7.361158586995015 ], [ 122.3954543320516, 7.352175475245105 ] ] ] } },
{ "type": "Feature", "properties": { "grid_id": "56_55", "x_idx": 56, "y_idx": 55 }, "geometry": { "type": "Polygon", "coordinates": [ [ [ 122.404507963216162, 7.352175475245105 ], [ 122.413561594380738, 7.352175475245105 ], [ 122.413561594380738, 7.361158586995015 ], [ 122.404507963216162, 7.361158586995015 ], [ 122.404507963216162, 7.352175475245105 ] ] ] } },
{ "type": "Feature", "properties": { "grid_id": "29_56", "x_idx": 29, "y_idx": 56 }, "geometry": { "type": "Polygon", "coordinates": [ [ [ 122.160059921772699, 7.361158586995014 ], [ 122.169113552937276, 7.361158586995014 ], [ 122.169113552937276, 7.370141698744924 ], [ 122.160059921772699, 7.370141698744924 ], [ 122.160059921772699, 7.361158586995014 ] ] ] } },
{ "type": "Feature", "properties": { "grid_id": "30_56", "x_idx": 30, "y_idx": 56 }, "geometry": { "type": "Polygon", "coordinates": [ [ [ 122.169113552937276, 7.361158586995014 ], [ 122.178167184101852, 7.361158586995014 ], [ 122.178167184101852, 7.370141698744924 ], [ 122.169113552937276, 7.370141698744924 ], [ 122.169113552937276, 7.361158586995014 ] ] ] } },
{ "type": "Feature", "properties": { "grid_id": "31_56", "x_idx": 31, "y_idx": 56 }, "geometry": { "type": "Polygon", "coordinates": [ [ [ 122.178167184101852, 7.361158586995014 ], [ 122.187220815266429, 7.361158586995014 ], [ 122.187220815266429, 7.370141698744924 ], [ 122.178167184101852, 7.370141698744924 ], [ 122.178167184101852, 7.361158586995014 ] ] ] } },
{ "type": "Feature", "properties": { "grid_id": "32_56", "x_idx": 32, "y_idx": 56 }, "geometry": { "type": "Polygon", "coordinates": [ [ [ 122.187220815266429, 7.361158586995014 ], [ 122.196274446431005, 7.361158586995014 ], [ 122.196274446431005, 7.370141698744924 ], [ 122.187220815266429, 7.370141698744924 ], [ 122.187220815266429, 7.361158586995014 ] ] ] } },
{ "type": "Feature", "properties": { "grid_id": "33_56", "x_idx": 33, "y_idx": 56 }, "geometry": { "type": "Polygon", "coordinates": [ [ [ 122.196274446430991, 7.361158586995014 ], [ 122.205328077595567, 7.361158586995014 ], [ 122.205328077595567, 7.370141698744924 ], [ 122.196274446430991, 7.370141698744924 ], [ 122.196274446430991, 7.361158586995014 ] ] ] } },
{ "type": "Feature", "properties": { "grid_id": "34_56", "x_idx": 34, "y_idx": 56 }, "geometry": { "type": "Polygon", "coordinates": [ [ [ 122.205328077595567, 7.361158586995014 ], [ 122.214381708760143, 7.361158586995014 ], [ 122.214381708760143, 7.370141698744924 ], [ 122.205328077595567, 7.370141698744924 ], [ 122.205328077595567, 7.361158586995014 ] ] ] } },
{ "type": "Feature", "properties": { "grid_id": "35_56", "x_idx": 35, "y_idx": 56 }, "geometry": { "type": "Polygon", "coordinates": [ [ [ 122.214381708760143, 7.361158586995014 ], [ 122.22343533992472, 7.361158586995014 ], [ 122.22343533992472, 7.370141698744924 ], [ 122.214381708760143, 7.370141698744924 ], [ 122.214381708760143, 7.361158586995014 ] ] ] } },
{ "type": "Feature", "properties": { "grid_id": "36_56", "x_idx": 36, "y_idx": 56 }, "geometry": { "type": "Polygon", "coordinates": [ [ [ 122.22343533992472, 7.361158586995014 ], [ 122.232488971089296, 7.361158586995014 ], [ 122.232488971089296, 7.370141698744924 ], [ 122.22343533992472, 7.370141698744924 ], [ 122.22343533992472, 7.361158586995014 ] ] ] } },
{ "type": "Feature", "properties": { "grid_id": "37_56", "x_idx": 37, "y_idx": 56 }, "geometry": { "type": "Polygon", "coordinates": [ [ [ 122.232488971089282, 7.361158586995014 ], [ 122.241542602253858, 7.361158586995014 ], [ 122.241542602253858, 7.370141698744924 ], [ 122.232488971089282, 7.370141698744924 ], [ 122.232488971089282, 7.361158586995014 ] ] ] } },
{ "type": "Feature", "properties": { "grid_id": "38_56", "x_idx": 38, "y_idx": 56 }, "geometry": { "type": "Polygon", "coordinates": [ [ [ 122.241542602253858, 7.361158586995014 ], [ 122.250596233418435, 7.361158586995014 ], [ 122.250596233418435, 7.370141698744924 ], [ 122.241542602253858, 7.370141698744924 ], [ 122.241542602253858, 7.361158586995014 ] ] ] } },
{ "type": "Feature", "properties": { "grid_id": "39_56", "x_idx": 39, "y_idx": 56 }, "geometry": { "type": "Polygon", "coordinates": [ [ [ 122.250596233418435, 7.361158586995014 ], [ 122.259649864583011, 7.361158586995014 ], [ 122.259649864583011, 7.370141698744924 ], [ 122.250596233418435, 7.370141698744924 ], [ 122.250596233418435, 7.361158586995014 ] ] ] } },
{ "type": "Feature", "properties": { "grid_id": "40_56", "x_idx": 40, "y_idx": 56 }, "geometry": { "type": "Polygon", "coordinates": [ [ [ 122.259649864583011, 7.361158586995014 ], [ 122.268703495747587, 7.361158586995014 ], [ 122.268703495747587, 7.370141698744924 ], [ 122.259649864583011, 7.370141698744924 ], [ 122.259649864583011, 7.361158586995014 ] ] ] } },
{ "type": "Feature", "properties": { "grid_id": "41_56", "x_idx": 41, "y_idx": 56 }, "geometry": { "type": "Polygon", "coordinates": [ [ [ 122.268703495747573, 7.361158586995014 ], [ 122.277757126912149, 7.361158586995014 ], [ 122.277757126912149, 7.370141698744924 ], [ 122.268703495747573, 7.370141698744924 ], [ 122.268703495747573, 7.361158586995014 ] ] ] } },
{ "type": "Feature", "properties": { "grid_id": "42_56", "x_idx": 42, "y_idx": 56 }, "geometry": { "type": "Polygon", "coordinates": [ [ [ 122.277757126912149, 7.361158586995014 ], [ 122.286810758076726, 7.361158586995014 ], [ 122.286810758076726, 7.370141698744924 ], [ 122.277757126912149, 7.370141698744924 ], [ 122.277757126912149, 7.361158586995014 ] ] ] } },
{ "type": "Feature", "properties": { "grid_id": "43_56", "x_idx": 43, "y_idx": 56 }, "geometry": { "type": "Polygon", "coordinates": [ [ [ 122.286810758076726, 7.361158586995014 ], [ 122.295864389241302, 7.361158586995014 ], [ 122.295864389241302, 7.370141698744924 ], [ 122.286810758076726, 7.370141698744924 ], [ 122.286810758076726, 7.361158586995014 ] ] ] } },
{ "type": "Feature", "properties": { "grid_id": "44_56", "x_idx": 44, "y_idx": 56 }, "geometry": { "type": "Polygon", "coordinates": [ [ [ 122.295864389241302, 7.361158586995014 ], [ 122.304918020405879, 7.361158586995014 ], [ 122.304918020405879, 7.370141698744924 ], [ 122.295864389241302, 7.370141698744924 ], [ 122.295864389241302, 7.361158586995014 ] ] ] } },
{ "type": "Feature", "properties": { "grid_id": "45_56", "x_idx": 45, "y_idx": 56 }, "geometry": { "type": "Polygon", "coordinates": [ [ [ 122.304918020405864, 7.361158586995014 ], [ 122.313971651570441, 7.361158586995014 ], [ 122.313971651570441, 7.370141698744924 ], [ 122.304918020405864, 7.370141698744924 ], [ 122.304918020405864, 7.361158586995014 ] ] ] } },
{ "type": "Feature", "properties": { "grid_id": "46_56", "x_idx": 46, "y_idx": 56 }, "geometry": { "type": "Polygon", "coordinates": [ [ [ 122.313971651570441, 7.361158586995014 ], [ 122.323025282735017, 7.361158586995014 ], [ 122.323025282735017, 7.370141698744924 ], [ 122.313971651570441, 7.370141698744924 ], [ 122.313971651570441, 7.361158586995014 ] ] ] } },
{ "type": "Feature", "properties": { "grid_id": "47_56", "x_idx": 47, "y_idx": 56 }, "geometry": { "type": "Polygon", "coordinates": [ [ [ 122.323025282735017, 7.361158586995014 ], [ 122.332078913899593, 7.361158586995014 ], [ 122.332078913899593, 7.370141698744924 ], [ 122.323025282735017, 7.370141698744924 ], [ 122.323025282735017, 7.361158586995014 ] ] ] } },
{ "type": "Feature", "properties": { "grid_id": "48_56", "x_idx": 48, "y_idx": 56 }, "geometry": { "type": "Polygon", "coordinates": [ [ [ 122.332078913899579, 7.361158586995014 ], [ 122.341132545064156, 7.361158586995014 ], [ 122.341132545064156, 7.370141698744924 ], [ 122.332078913899579, 7.370141698744924 ], [ 122.332078913899579, 7.361158586995014 ] ] ] } },
{ "type": "Feature", "properties": { "grid_id": "49_56", "x_idx": 49, "y_idx": 56 }, "geometry": { "type": "Polygon", "coordinates": [ [ [ 122.341132545064156, 7.361158586995014 ], [ 122.350186176228732, 7.361158586995014 ], [ 122.350186176228732, 7.370141698744924 ], [ 122.341132545064156, 7.370141698744924 ], [ 122.341132545064156, 7.361158586995014 ] ] ] } },
{ "type": "Feature", "properties": { "grid_id": "50_56", "x_idx": 50, "y_idx": 56 }, "geometry": { "type": "Polygon", "coordinates": [ [ [ 122.350186176228732, 7.361158586995014 ], [ 122.359239807393308, 7.361158586995014 ], [ 122.359239807393308, 7.370141698744924 ], [ 122.350186176228732, 7.370141698744924 ], [ 122.350186176228732, 7.361158586995014 ] ] ] } },
{ "type": "Feature", "properties": { "grid_id": "51_56", "x_idx": 51, "y_idx": 56 }, "geometry": { "type": "Polygon", "coordinates": [ [ [ 122.359239807393308, 7.361158586995014 ], [ 122.368293438557885, 7.361158586995014 ], [ 122.368293438557885, 7.370141698744924 ], [ 122.359239807393308, 7.370141698744924 ], [ 122.359239807393308, 7.361158586995014 ] ] ] } },
{ "type": "Feature", "properties": { "grid_id": "52_56", "x_idx": 52, "y_idx": 56 }, "geometry": { "type": "Polygon", "coordinates": [ [ [ 122.36829343855787, 7.361158586995014 ], [ 122.377347069722447, 7.361158586995014 ], [ 122.377347069722447, 7.370141698744924 ], [ 122.36829343855787, 7.370141698744924 ], [ 122.36829343855787, 7.361158586995014 ] ] ] } },
{ "type": "Feature", "properties": { "grid_id": "53_56", "x_idx": 53, "y_idx": 56 }, "geometry": { "type": "Polygon", "coordinates": [ [ [ 122.377347069722447, 7.361158586995014 ], [ 122.386400700887023, 7.361158586995014 ], [ 122.386400700887023, 7.370141698744924 ], [ 122.377347069722447, 7.370141698744924 ], [ 122.377347069722447, 7.361158586995014 ] ] ] } },
{ "type": "Feature", "properties": { "grid_id": "55_56", "x_idx": 55, "y_idx": 56 }, "geometry": { "type": "Polygon", "coordinates": [ [ [ 122.3954543320516, 7.361158586995014 ], [ 122.404507963216176, 7.361158586995014 ], [ 122.404507963216176, 7.370141698744924 ], [ 122.3954543320516, 7.370141698744924 ], [ 122.3954543320516, 7.361158586995014 ] ] ] } },
{ "type": "Feature", "properties": { "grid_id": "56_56", "x_idx": 56, "y_idx": 56 }, "geometry": { "type": "Polygon", "coordinates": [ [ [ 122.404507963216162, 7.361158586995014 ], [ 122.413561594380738, 7.361158586995014 ], [ 122.413561594380738, 7.370141698744924 ], [ 122.404507963216162, 7.370141698744924 ], [ 122.404507963216162, 7.361158586995014 ] ] ] } },
{ "type": "Feature", "properties": { "grid_id": "29_57", "x_idx": 29, "y_idx": 57 }, "geometry": { "type": "Polygon", "coordinates": [ [ [ 122.160059921772699, 7.370141698744924 ], [ 122.169113552937276, 7.370141698744924 ], [ 122.169113552937276, 7.379124810494835 ], [ 122.160059921772699, 7.379124810494835 ], [ 122.160059921772699, 7.370141698744924 ] ] ] } },
{ "type": "Feature", "properties": { "grid_id": "30_57", "x_idx": 30, "y_idx": 57 }, "geometry": { "type": "Polygon", "coordinates": [ [ [ 122.169113552937276, 7.370141698744924 ], [ 122.178167184101852, 7.370141698744924 ], [ 122.178167184101852, 7.379124810494835 ], [ 122.169113552937276, 7.379124810494835 ], [ 122.169113552937276, 7.370141698744924 ] ] ] } },
{ "type": "Feature", "properties": { "grid_id": "31_57", "x_idx": 31, "y_idx": 57 }, "geometry": { "type": "Polygon", "coordinates": [ [ [ 122.178167184101852, 7.370141698744924 ], [ 122.187220815266429, 7.370141698744924 ], [ 122.187220815266429, 7.379124810494835 ], [ 122.178167184101852, 7.379124810494835 ], [ 122.178167184101852, 7.370141698744924 ] ] ] } },
{ "type": "Feature", "properties": { "grid_id": "32_57", "x_idx": 32, "y_idx": 57 }, "geometry": { "type": "Polygon", "coordinates": [ [ [ 122.187220815266429, 7.370141698744924 ], [ 122.196274446431005, 7.370141698744924 ], [ 122.196274446431005, 7.379124810494835 ], [ 122.187220815266429, 7.379124810494835 ], [ 122.187220815266429, 7.370141698744924 ] ] ] } },
{ "type": "Feature", "properties": { "grid_id": "33_57", "x_idx": 33, "y_idx": 57 }, "geometry": { "type": "Polygon", "coordinates": [ [ [ 122.196274446430991, 7.370141698744924 ], [ 122.205328077595567, 7.370141698744924 ], [ 122.205328077595567, 7.379124810494835 ], [ 122.196274446430991, 7.379124810494835 ], [ 122.196274446430991, 7.370141698744924 ] ] ] } },
{ "type": "Feature", "properties": { "grid_id": "34_57", "x_idx": 34, "y_idx": 57 }, "geometry": { "type": "Polygon", "coordinates": [ [ [ 122.205328077595567, 7.370141698744924 ], [ 122.214381708760143, 7.370141698744924 ], [ 122.214381708760143, 7.379124810494835 ], [ 122.205328077595567, 7.379124810494835 ], [ 122.205328077595567, 7.370141698744924 ] ] ] } },
{ "type": "Feature", "properties": { "grid_id": "35_57", "x_idx": 35, "y_idx": 57 }, "geometry": { "type": "Polygon", "coordinates": [ [ [ 122.214381708760143, 7.370141698744924 ], [ 122.22343533992472, 7.370141698744924 ], [ 122.22343533992472, 7.379124810494835 ], [ 122.214381708760143, 7.379124810494835 ], [ 122.214381708760143, 7.370141698744924 ] ] ] } },
{ "type": "Feature", "properties": { "grid_id": "36_57", "x_idx": 36, "y_idx": 57 }, "geometry": { "type": "Polygon", "coordinates": [ [ [ 122.22343533992472, 7.370141698744924 ], [ 122.232488971089296, 7.370141698744924 ], [ 122.232488971089296, 7.379124810494835 ], [ 122.22343533992472, 7.379124810494835 ], [ 122.22343533992472, 7.370141698744924 ] ] ] } },
{ "type": "Feature", "properties": { "grid_id": "37_57", "x_idx": 37, "y_idx": 57 }, "geometry": { "type": "Polygon", "coordinates": [ [ [ 122.232488971089282, 7.370141698744924 ], [ 122.241542602253858, 7.370141698744924 ], [ 122.241542602253858, 7.379124810494835 ], [ 122.232488971089282, 7.379124810494835 ], [ 122.232488971089282, 7.370141698744924 ] ] ] } },
{ "type": "Feature", "properties": { "grid_id": "38_57", "x_idx": 38, "y_idx": 57 }, "geometry": { "type": "Polygon", "coordinates": [ [ [ 122.241542602253858, 7.370141698744924 ], [ 122.250596233418435, 7.370141698744924 ], [ 122.250596233418435, 7.379124810494835 ], [ 122.241542602253858, 7.379124810494835 ], [ 122.241542602253858, 7.370141698744924 ] ] ] } },
{ "type": "Feature", "properties": { "grid_id": "39_57", "x_idx": 39, "y_idx": 57 }, "geometry": { "type": "Polygon", "coordinates": [ [ [ 122.250596233418435, 7.370141698744924 ], [ 122.259649864583011, 7.370141698744924 ], [ 122.259649864583011, 7.379124810494835 ], [ 122.250596233418435, 7.379124810494835 ], [ 122.250596233418435, 7.370141698744924 ] ] ] } },
{ "type": "Feature", "properties": { "grid_id": "40_57", "x_idx": 40, "y_idx": 57 }, "geometry": { "type": "Polygon", "coordinates": [ [ [ 122.259649864583011, 7.370141698744924 ], [ 122.268703495747587, 7.370141698744924 ], [ 122.268703495747587, 7.379124810494835 ], [ 122.259649864583011, 7.379124810494835 ], [ 122.259649864583011, 7.370141698744924 ] ] ] } },
{ "type": "Feature", "properties": { "grid_id": "41_57", "x_idx": 41, "y_idx": 57 }, "geometry": { "type": "Polygon", "coordinates": [ [ [ 122.268703495747573, 7.370141698744924 ], [ 122.277757126912149, 7.370141698744924 ], [ 122.277757126912149, 7.379124810494835 ], [ 122.268703495747573, 7.379124810494835 ], [ 122.268703495747573, 7.370141698744924 ] ] ] } },
{ "type": "Feature", "properties": { "grid_id": "42_57", "x_idx": 42, "y_idx": 57 }, "geometry": { "type": "Polygon", "coordinates": [ [ [ 122.277757126912149, 7.370141698744924 ], [ 122.286810758076726, 7.370141698744924 ], [ 122.286810758076726, 7.379124810494835 ], [ 122.277757126912149, 7.379124810494835 ], [ 122.277757126912149, 7.370141698744924 ] ] ] } },
{ "type": "Feature", "properties": { "grid_id": "43_57", "x_idx": 43, "y_idx": 57 }, "geometry": { "type": "Polygon", "coordinates": [ [ [ 122.286810758076726, 7.370141698744924 ], [ 122.295864389241302, 7.370141698744924 ], [ 122.295864389241302, 7.379124810494835 ], [ 122.286810758076726, 7.379124810494835 ], [ 122.286810758076726, 7.370141698744924 ] ] ] } },
{ "type": "Feature", "properties": { "grid_id": "44_57", "x_idx": 44, "y_idx": 57 }, "geometry": { "type": "Polygon", "coordinates": [ [ [ 122.295864389241302, 7.370141698744924 ], [ 122.304918020405879, 7.370141698744924 ], [ 122.304918020405879, 7.379124810494835 ], [ 122.295864389241302, 7.379124810494835 ], [ 122.295864389241302, 7.370141698744924 ] ] ] } },
{ "type": "Feature", "properties": { "grid_id": "45_57", "x_idx": 45, "y_idx": 57 }, "geometry": { "type": "Polygon", "coordinates": [ [ [ 122.304918020405864, 7.370141698744924 ], [ 122.313971651570441, 7.370141698744924 ], [ 122.313971651570441, 7.379124810494835 ], [ 122.304918020405864, 7.379124810494835 ], [ 122.304918020405864, 7.370141698744924 ] ] ] } },
{ "type": "Feature", "properties": { "grid_id": "46_57", "x_idx": 46, "y_idx": 57 }, "geometry": { "type": "Polygon", "coordinates": [ [ [ 122.313971651570441, 7.370141698744924 ], [ 122.323025282735017, 7.370141698744924 ], [ 122.323025282735017, 7.379124810494835 ], [ 122.313971651570441, 7.379124810494835 ], [ 122.313971651570441, 7.370141698744924 ] ] ] } },
{ "type": "Feature", "properties": { "grid_id": "47_57", "x_idx": 47, "y_idx": 57 }, "geometry": { "type": "Polygon", "coordinates": [ [ [ 122.323025282735017, 7.370141698744924 ], [ 122.332078913899593, 7.370141698744924 ], [ 122.332078913899593, 7.379124810494835 ], [ 122.323025282735017, 7.379124810494835 ], [ 122.323025282735017, 7.370141698744924 ] ] ] } },
{ "type": "Feature", "properties": { "grid_id": "48_57", "x_idx": 48, "y_idx": 57 }, "geometry": { "type": "Polygon", "coordinates": [ [ [ 122.332078913899579, 7.370141698744924 ], [ 122.341132545064156, 7.370141698744924 ], [ 122.341132545064156, 7.379124810494835 ], [ 122.332078913899579, 7.379124810494835 ], [ 122.332078913899579, 7.370141698744924 ] ] ] } },
{ "type": "Feature", "properties": { "grid_id": "49_57", "x_idx": 49, "y_idx": 57 }, "geometry": { "type": "Polygon", "coordinates": [ [ [ 122.341132545064156, 7.370141698744924 ], [ 122.350186176228732, 7.370141698744924 ], [ 122.350186176228732, 7.379124810494835 ], [ 122.341132545064156, 7.379124810494835 ], [ 122.341132545064156, 7.370141698744924 ] ] ] } },
{ "type": "Feature", "properties": { "grid_id": "50_57", "x_idx": 50, "y_idx": 57 }, "geometry": { "type": "Polygon", "coordinates": [ [ [ 122.350186176228732, 7.370141698744924 ], [ 122.359239807393308, 7.370141698744924 ], [ 122.359239807393308, 7.379124810494835 ], [ 122.350186176228732, 7.379124810494835 ], [ 122.350186176228732, 7.370141698744924 ] ] ] } },
{ "type": "Feature", "properties": { "grid_id": "51_57", "x_idx": 51, "y_idx": 57 }, "geometry": { "type": "Polygon", "coordinates": [ [ [ 122.359239807393308, 7.370141698744924 ], [ 122.368293438557885, 7.370141698744924 ], [ 122.368293438557885, 7.379124810494835 ], [ 122.359239807393308, 7.379124810494835 ], [ 122.359239807393308, 7.370141698744924 ] ] ] } },
{ "type": "Feature", "properties": { "grid_id": "52_57", "x_idx": 52, "y_idx": 57 }, "geometry": { "type": "Polygon", "coordinates": [ [ [ 122.36829343855787, 7.370141698744924 ], [ 122.377347069722447, 7.370141698744924 ], [ 122.377347069722447, 7.379124810494835 ], [ 122.36829343855787, 7.379124810494835 ], [ 122.36829343855787, 7.370141698744924 ] ] ] } },
{ "type": "Feature", "properties": { "grid_id": "53_57", "x_idx": 53, "y_idx": 57 }, "geometry": { "type": "Polygon", "coordinates": [ [ [ 122.377347069722447, 7.370141698744924 ], [ 122.386400700887023, 7.370141698744924 ], [ 122.386400700887023, 7.379124810494835 ], [ 122.377347069722447, 7.379124810494835 ], [ 122.377347069722447, 7.370141698744924 ] ] ] } },
{ "type": "Feature", "properties": { "grid_id": "29_58", "x_idx": 29, "y_idx": 58 }, "geometry": { "type": "Polygon", "coordinates": [ [ [ 122.160059921772699, 7.379124810494835 ], [ 122.169113552937276, 7.379124810494835 ], [ 122.169113552937276, 7.388107922244745 ], [ 122.160059921772699, 7.388107922244745 ], [ 122.160059921772699, 7.379124810494835 ] ] ] } },
{ "type": "Feature", "properties": { "grid_id": "30_58", "x_idx": 30, "y_idx": 58 }, "geometry": { "type": "Polygon", "coordinates": [ [ [ 122.169113552937276, 7.379124810494835 ], [ 122.178167184101852, 7.379124810494835 ], [ 122.178167184101852, 7.388107922244745 ], [ 122.169113552937276, 7.388107922244745 ], [ 122.169113552937276, 7.379124810494835 ] ] ] } },
{ "type": "Feature", "properties": { "grid_id": "31_58", "x_idx": 31, "y_idx": 58 }, "geometry": { "type": "Polygon", "coordinates": [ [ [ 122.178167184101852, 7.379124810494835 ], [ 122.187220815266429, 7.379124810494835 ], [ 122.187220815266429, 7.388107922244745 ], [ 122.178167184101852, 7.388107922244745 ], [ 122.178167184101852, 7.379124810494835 ] ] ] } },
{ "type": "Feature", "properties": { "grid_id": "32_58", "x_idx": 32, "y_idx": 58 }, "geometry": { "type": "Polygon", "coordinates": [ [ [ 122.187220815266429, 7.379124810494835 ], [ 122.196274446431005, 7.379124810494835 ], [ 122.196274446431005, 7.388107922244745 ], [ 122.187220815266429, 7.388107922244745 ], [ 122.187220815266429, 7.379124810494835 ] ] ] } },
{ "type": "Feature", "properties": { "grid_id": "33_58", "x_idx": 33, "y_idx": 58 }, "geometry": { "type": "Polygon", "coordinates": [ [ [ 122.196274446430991, 7.379124810494835 ], [ 122.205328077595567, 7.379124810494835 ], [ 122.205328077595567, 7.388107922244745 ], [ 122.196274446430991, 7.388107922244745 ], [ 122.196274446430991, 7.379124810494835 ] ] ] } },
{ "type": "Feature", "properties": { "grid_id": "34_58", "x_idx": 34, "y_idx": 58 }, "geometry": { "type": "Polygon", "coordinates": [ [ [ 122.205328077595567, 7.379124810494835 ], [ 122.214381708760143, 7.379124810494835 ], [ 122.214381708760143, 7.388107922244745 ], [ 122.205328077595567, 7.388107922244745 ], [ 122.205328077595567, 7.379124810494835 ] ] ] } },
{ "type": "Feature", "properties": { "grid_id": "35_58", "x_idx": 35, "y_idx": 58 }, "geometry": { "type": "Polygon", "coordinates": [ [ [ 122.214381708760143, 7.379124810494835 ], [ 122.22343533992472, 7.379124810494835 ], [ 122.22343533992472, 7.388107922244745 ], [ 122.214381708760143, 7.388107922244745 ], [ 122.214381708760143, 7.379124810494835 ] ] ] } },
{ "type": "Feature", "properties": { "grid_id": "36_58", "x_idx": 36, "y_idx": 58 }, "geometry": { "type": "Polygon", "coordinates": [ [ [ 122.22343533992472, 7.379124810494835 ], [ 122.232488971089296, 7.379124810494835 ], [ 122.232488971089296, 7.388107922244745 ], [ 122.22343533992472, 7.388107922244745 ], [ 122.22343533992472, 7.379124810494835 ] ] ] } },
{ "type": "Feature", "properties": { "grid_id": "37_58", "x_idx": 37, "y_idx": 58 }, "geometry": { "type": "Polygon", "coordinates": [ [ [ 122.232488971089282, 7.379124810494835 ], [ 122.241542602253858, 7.379124810494835 ], [ 122.241542602253858, 7.388107922244745 ], [ 122.232488971089282, 7.388107922244745 ], [ 122.232488971089282, 7.379124810494835 ] ] ] } },
{ "type": "Feature", "properties": { "grid_id": "38_58", "x_idx": 38, "y_idx": 58 }, "geometry": { "type": "Polygon", "coordinates": [ [ [ 122.241542602253858, 7.379124810494835 ], [ 122.250596233418435, 7.379124810494835 ], [ 122.250596233418435, 7.388107922244745 ], [ 122.241542602253858, 7.388107922244745 ], [ 122.241542602253858, 7.379124810494835 ] ] ] } },
{ "type": "Feature", "properties": { "grid_id": "39_58", "x_idx": 39, "y_idx": 58 }, "geometry": { "type": "Polygon", "coordinates": [ [ [ 122.250596233418435, 7.379124810494835 ], [ 122.259649864583011, 7.379124810494835 ], [ 122.259649864583011, 7.388107922244745 ], [ 122.250596233418435, 7.388107922244745 ], [ 122.250596233418435, 7.379124810494835 ] ] ] } },
{ "type": "Feature", "properties": { "grid_id": "40_58", "x_idx": 40, "y_idx": 58 }, "geometry": { "type": "Polygon", "coordinates": [ [ [ 122.259649864583011, 7.379124810494835 ], [ 122.268703495747587, 7.379124810494835 ], [ 122.268703495747587, 7.388107922244745 ], [ 122.259649864583011, 7.388107922244745 ], [ 122.259649864583011, 7.379124810494835 ] ] ] } },
{ "type": "Feature", "properties": { "grid_id": "41_58", "x_idx": 41, "y_idx": 58 }, "geometry": { "type": "Polygon", "coordinates": [ [ [ 122.268703495747573, 7.379124810494835 ], [ 122.277757126912149, 7.379124810494835 ], [ 122.277757126912149, 7.388107922244745 ], [ 122.268703495747573, 7.388107922244745 ], [ 122.268703495747573, 7.379124810494835 ] ] ] } },
{ "type": "Feature", "properties": { "grid_id": "42_58", "x_idx": 42, "y_idx": 58 }, "geometry": { "type": "Polygon", "coordinates": [ [ [ 122.277757126912149, 7.379124810494835 ], [ 122.286810758076726, 7.379124810494835 ], [ 122.286810758076726, 7.388107922244745 ], [ 122.277757126912149, 7.388107922244745 ], [ 122.277757126912149, 7.379124810494835 ] ] ] } },
{ "type": "Feature", "properties": { "grid_id": "43_58", "x_idx": 43, "y_idx": 58 }, "geometry": { "type": "Polygon", "coordinates": [ [ [ 122.286810758076726, 7.379124810494835 ], [ 122.295864389241302, 7.379124810494835 ], [ 122.295864389241302, 7.388107922244745 ], [ 122.286810758076726, 7.388107922244745 ], [ 122.286810758076726, 7.379124810494835 ] ] ] } },
{ "type": "Feature", "properties": { "grid_id": "44_58", "x_idx": 44, "y_idx": 58 }, "geometry": { "type": "Polygon", "coordinates": [ [ [ 122.295864389241302, 7.379124810494835 ], [ 122.304918020405879, 7.379124810494835 ], [ 122.304918020405879, 7.388107922244745 ], [ 122.295864389241302, 7.388107922244745 ], [ 122.295864389241302, 7.379124810494835 ] ] ] } },
{ "type": "Feature", "properties": { "grid_id": "45_58", "x_idx": 45, "y_idx": 58 }, "geometry": { "type": "Polygon", "coordinates": [ [ [ 122.304918020405864, 7.379124810494835 ], [ 122.313971651570441, 7.379124810494835 ], [ 122.313971651570441, 7.388107922244745 ], [ 122.304918020405864, 7.388107922244745 ], [ 122.304918020405864, 7.379124810494835 ] ] ] } },
{ "type": "Feature", "properties": { "grid_id": "46_58", "x_idx": 46, "y_idx": 58 }, "geometry": { "type": "Polygon", "coordinates": [ [ [ 122.313971651570441, 7.379124810494835 ], [ 122.323025282735017, 7.379124810494835 ], [ 122.323025282735017, 7.388107922244745 ], [ 122.313971651570441, 7.388107922244745 ], [ 122.313971651570441, 7.379124810494835 ] ] ] } },
{ "type": "Feature", "properties": { "grid_id": "47_58", "x_idx": 47, "y_idx": 58 }, "geometry": { "type": "Polygon", "coordinates": [ [ [ 122.323025282735017, 7.379124810494835 ], [ 122.332078913899593, 7.379124810494835 ], [ 122.332078913899593, 7.388107922244745 ], [ 122.323025282735017, 7.388107922244745 ], [ 122.323025282735017, 7.379124810494835 ] ] ] } },
{ "type": "Feature", "properties": { "grid_id": "48_58", "x_idx": 48, "y_idx": 58 }, "geometry": { "type": "Polygon", "coordinates": [ [ [ 122.332078913899579, 7.379124810494835 ], [ 122.341132545064156, 7.379124810494835 ], [ 122.341132545064156, 7.388107922244745 ], [ 122.332078913899579, 7.388107922244745 ], [ 122.332078913899579, 7.379124810494835 ] ] ] } },
{ "type": "Feature", "properties": { "grid_id": "49_58", "x_idx": 49, "y_idx": 58 }, "geometry": { "type": "Polygon", "coordinates": [ [ [ 122.341132545064156, 7.379124810494835 ], [ 122.350186176228732, 7.379124810494835 ], [ 122.350186176228732, 7.388107922244745 ], [ 122.341132545064156, 7.388107922244745 ], [ 122.341132545064156, 7.379124810494835 ] ] ] } },
{ "type": "Feature", "properties": { "grid_id": "50_58", "x_idx": 50, "y_idx": 58 }, "geometry": { "type": "Polygon", "coordinates": [ [ [ 122.350186176228732, 7.379124810494835 ], [ 122.359239807393308, 7.379124810494835 ], [ 122.359239807393308, 7.388107922244745 ], [ 122.350186176228732, 7.388107922244745 ], [ 122.350186176228732, 7.379124810494835 ] ] ] } },
{ "type": "Feature", "properties": { "grid_id": "51_58", "x_idx": 51, "y_idx": 58 }, "geometry": { "type": "Polygon", "coordinates": [ [ [ 122.359239807393308, 7.379124810494835 ], [ 122.368293438557885, 7.379124810494835 ], [ 122.368293438557885, 7.388107922244745 ], [ 122.359239807393308, 7.388107922244745 ], [ 122.359239807393308, 7.379124810494835 ] ] ] } },
{ "type": "Feature", "properties": { "grid_id": "52_58", "x_idx": 52, "y_idx": 58 }, "geometry": { "type": "Polygon", "coordinates": [ [ [ 122.36829343855787, 7.379124810494835 ], [ 122.377347069722447, 7.379124810494835 ], [ 122.377347069722447, 7.388107922244745 ], [ 122.36829343855787, 7.388107922244745 ], [ 122.36829343855787, 7.379124810494835 ] ] ] } },
{ "type": "Feature", "properties": { "grid_id": "53_58", "x_idx": 53, "y_idx": 58 }, "geometry": { "type": "Polygon", "coordinates": [ [ [ 122.377347069722447, 7.379124810494835 ], [ 122.386400700887023, 7.379124810494835 ], [ 122.386400700887023, 7.388107922244745 ], [ 122.377347069722447, 7.388107922244745 ], [ 122.377347069722447, 7.379124810494835 ] ] ] } },
{ "type": "Feature", "properties": { "grid_id": "54_58", "x_idx": 54, "y_idx": 58 }, "geometry": { "type": "Polygon", "coordinates": [ [ [ 122.386400700887023, 7.379124810494835 ], [ 122.3954543320516, 7.379124810494835 ], [ 122.3954543320516, 7.388107922244745 ], [ 122.386400700887023, 7.388107922244745 ], [ 122.386400700887023, 7.379124810494835 ] ] ] } },
{ "type": "Feature", "properties": { "grid_id": "58_58", "x_idx": 58, "y_idx": 58 }, "geometry": { "type": "Polygon", "coordinates": [ [ [ 122.422615225545314, 7.379124810494835 ], [ 122.431668856709891, 7.379124810494835 ], [ 122.431668856709891, 7.388107922244745 ], [ 122.422615225545314, 7.388107922244745 ], [ 122.422615225545314, 7.379124810494835 ] ] ] } },
{ "type": "Feature", "properties": { "grid_id": "30_59", "x_idx": 30, "y_idx": 59 }, "geometry": { "type": "Polygon", "coordinates": [ [ [ 122.169113552937276, 7.388107922244745 ], [ 122.178167184101852, 7.388107922244745 ], [ 122.178167184101852, 7.397091033994656 ], [ 122.169113552937276, 7.397091033994656 ], [ 122.169113552937276, 7.388107922244745 ] ] ] } },
{ "type": "Feature", "properties": { "grid_id": "31_59", "x_idx": 31, "y_idx": 59 }, "geometry": { "type": "Polygon", "coordinates": [ [ [ 122.178167184101852, 7.388107922244745 ], [ 122.187220815266429, 7.388107922244745 ], [ 122.187220815266429, 7.397091033994656 ], [ 122.178167184101852, 7.397091033994656 ], [ 122.178167184101852, 7.388107922244745 ] ] ] } },
{ "type": "Feature", "properties": { "grid_id": "32_59", "x_idx": 32, "y_idx": 59 }, "geometry": { "type": "Polygon", "coordinates": [ [ [ 122.187220815266429, 7.388107922244745 ], [ 122.196274446431005, 7.388107922244745 ], [ 122.196274446431005, 7.397091033994656 ], [ 122.187220815266429, 7.397091033994656 ], [ 122.187220815266429, 7.388107922244745 ] ] ] } },
{ "type": "Feature", "properties": { "grid_id": "33_59", "x_idx": 33, "y_idx": 59 }, "geometry": { "type": "Polygon", "coordinates": [ [ [ 122.196274446430991, 7.388107922244745 ], [ 122.205328077595567, 7.388107922244745 ], [ 122.205328077595567, 7.397091033994656 ], [ 122.196274446430991, 7.397091033994656 ], [ 122.196274446430991, 7.388107922244745 ] ] ] } },
{ "type": "Feature", "properties": { "grid_id": "34_59", "x_idx": 34, "y_idx": 59 }, "geometry": { "type": "Polygon", "coordinates": [ [ [ 122.205328077595567, 7.388107922244745 ], [ 122.214381708760143, 7.388107922244745 ], [ 122.214381708760143, 7.397091033994656 ], [ 122.205328077595567, 7.397091033994656 ], [ 122.205328077595567, 7.388107922244745 ] ] ] } },
{ "type": "Feature", "properties": { "grid_id": "35_59", "x_idx": 35, "y_idx": 59 }, "geometry": { "type": "Polygon", "coordinates": [ [ [ 122.214381708760143, 7.388107922244745 ], [ 122.22343533992472, 7.388107922244745 ], [ 122.22343533992472, 7.397091033994656 ], [ 122.214381708760143, 7.397091033994656 ], [ 122.214381708760143, 7.388107922244745 ] ] ] } },
{ "type": "Feature", "properties": { "grid_id": "36_59", "x_idx": 36, "y_idx": 59 }, "geometry": { "type": "Polygon", "coordinates": [ [ [ 122.22343533992472, 7.388107922244745 ], [ 122.232488971089296, 7.388107922244745 ], [ 122.232488971089296, 7.397091033994656 ], [ 122.22343533992472, 7.397091033994656 ], [ 122.22343533992472, 7.388107922244745 ] ] ] } },
{ "type": "Feature", "properties": { "grid_id": "37_59", "x_idx": 37, "y_idx": 59 }, "geometry": { "type": "Polygon", "coordinates": [ [ [ 122.232488971089282, 7.388107922244745 ], [ 122.241542602253858, 7.388107922244745 ], [ 122.241542602253858, 7.397091033994656 ], [ 122.232488971089282, 7.397091033994656 ], [ 122.232488971089282, 7.388107922244745 ] ] ] } },
{ "type": "Feature", "properties": { "grid_id": "38_59", "x_idx": 38, "y_idx": 59 }, "geometry": { "type": "Polygon", "coordinates": [ [ [ 122.241542602253858, 7.388107922244745 ], [ 122.250596233418435, 7.388107922244745 ], [ 122.250596233418435, 7.397091033994656 ], [ 122.241542602253858, 7.397091033994656 ], [ 122.241542602253858, 7.388107922244745 ] ] ] } },
{ "type": "Feature", "properties": { "grid_id": "39_59", "x_idx": 39, "y_idx": 59 }, "geometry": { "type": "Polygon", "coordinates": [ [ [ 122.250596233418435, 7.388107922244745 ], [ 122.259649864583011, 7.388107922244745 ], [ 122.259649864583011, 7.397091033994656 ], [ 122.250596233418435, 7.397091033994656 ], [ 122.250596233418435, 7.388107922244745 ] ] ] } },
{ "type": "Feature", "properties": { "grid_id": "40_59", "x_idx": 40, "y_idx": 59 }, "geometry": { "type": "Polygon", "coordinates": [ [ [ 122.259649864583011, 7.388107922244745 ], [ 122.268703495747587, 7.388107922244745 ], [ 122.268703495747587, 7.397091033994656 ], [ 122.259649864583011, 7.397091033994656 ], [ 122.259649864583011, 7.388107922244745 ] ] ] } },
{ "type": "Feature", "properties": { "grid_id": "41_59", "x_idx": 41, "y_idx": 59 }, "geometry": { "type": "Polygon", "coordinates": [ [ [ 122.268703495747573, 7.388107922244745 ], [ 122.277757126912149, 7.388107922244745 ], [ 122.277757126912149, 7.397091033994656 ], [ 122.268703495747573, 7.397091033994656 ], [ 122.268703495747573, 7.388107922244745 ] ] ] } },
{ "type": "Feature", "properties": { "grid_id": "42_59", "x_idx": 42, "y_idx": 59 }, "geometry": { "type": "Polygon", "coordinates": [ [ [ 122.277757126912149, 7.388107922244745 ], [ 122.286810758076726, 7.388107922244745 ], [ 122.286810758076726, 7.397091033994656 ], [ 122.277757126912149, 7.397091033994656 ], [ 122.277757126912149, 7.388107922244745 ] ] ] } },
{ "type": "Feature", "properties": { "grid_id": "43_59", "x_idx": 43, "y_idx": 59 }, "geometry": { "type": "Polygon", "coordinates": [ [ [ 122.286810758076726, 7.388107922244745 ], [ 122.295864389241302, 7.388107922244745 ], [ 122.295864389241302, 7.397091033994656 ], [ 122.286810758076726, 7.397091033994656 ], [ 122.286810758076726, 7.388107922244745 ] ] ] } },
{ "type": "Feature", "properties": { "grid_id": "44_59", "x_idx": 44, "y_idx": 59 }, "geometry": { "type": "Polygon", "coordinates": [ [ [ 122.295864389241302, 7.388107922244745 ], [ 122.304918020405879, 7.388107922244745 ], [ 122.304918020405879, 7.397091033994656 ], [ 122.295864389241302, 7.397091033994656 ], [ 122.295864389241302, 7.388107922244745 ] ] ] } },
{ "type": "Feature", "properties": { "grid_id": "45_59", "x_idx": 45, "y_idx": 59 }, "geometry": { "type": "Polygon", "coordinates": [ [ [ 122.304918020405864, 7.388107922244745 ], [ 122.313971651570441, 7.388107922244745 ], [ 122.313971651570441, 7.397091033994656 ], [ 122.304918020405864, 7.397091033994656 ], [ 122.304918020405864, 7.388107922244745 ] ] ] } },
{ "type": "Feature", "properties": { "grid_id": "46_59", "x_idx": 46, "y_idx": 59 }, "geometry": { "type": "Polygon", "coordinates": [ [ [ 122.313971651570441, 7.388107922244745 ], [ 122.323025282735017, 7.388107922244745 ], [ 122.323025282735017, 7.397091033994656 ], [ 122.313971651570441, 7.397091033994656 ], [ 122.313971651570441, 7.388107922244745 ] ] ] } },
{ "type": "Feature", "properties": { "grid_id": "47_59", "x_idx": 47, "y_idx": 59 }, "geometry": { "type": "Polygon", "coordinates": [ [ [ 122.323025282735017, 7.388107922244745 ], [ 122.332078913899593, 7.388107922244745 ], [ 122.332078913899593, 7.397091033994656 ], [ 122.323025282735017, 7.397091033994656 ], [ 122.323025282735017, 7.388107922244745 ] ] ] } },
{ "type": "Feature", "properties": { "grid_id": "48_59", "x_idx": 48, "y_idx": 59 }, "geometry": { "type": "Polygon", "coordinates": [ [ [ 122.332078913899579, 7.388107922244745 ], [ 122.341132545064156, 7.388107922244745 ], [ 122.341132545064156, 7.397091033994656 ], [ 122.332078913899579, 7.397091033994656 ], [ 122.332078913899579, 7.388107922244745 ] ] ] } },
{ "type": "Feature", "properties": { "grid_id": "49_59", "x_idx": 49, "y_idx": 59 }, "geometry": { "type": "Polygon", "coordinates": [ [ [ 122.341132545064156, 7.388107922244745 ], [ 122.350186176228732, 7.388107922244745 ], [ 122.350186176228732, 7.397091033994656 ], [ 122.341132545064156, 7.397091033994656 ], [ 122.341132545064156, 7.388107922244745 ] ] ] } },
{ "type": "Feature", "properties": { "grid_id": "50_59", "x_idx": 50, "y_idx": 59 }, "geometry": { "type": "Polygon", "coordinates": [ [ [ 122.350186176228732, 7.388107922244745 ], [ 122.359239807393308, 7.388107922244745 ], [ 122.359239807393308, 7.397091033994656 ], [ 122.350186176228732, 7.397091033994656 ], [ 122.350186176228732, 7.388107922244745 ] ] ] } },
{ "type": "Feature", "properties": { "grid_id": "51_59", "x_idx": 51, "y_idx": 59 }, "geometry": { "type": "Polygon", "coordinates": [ [ [ 122.359239807393308, 7.388107922244745 ], [ 122.368293438557885, 7.388107922244745 ], [ 122.368293438557885, 7.397091033994656 ], [ 122.359239807393308, 7.397091033994656 ], [ 122.359239807393308, 7.388107922244745 ] ] ] } },
{ "type": "Feature", "properties": { "grid_id": "52_59", "x_idx": 52, "y_idx": 59 }, "geometry": { "type": "Polygon", "coordinates": [ [ [ 122.36829343855787, 7.388107922244745 ], [ 122.377347069722447, 7.388107922244745 ], [ 122.377347069722447, 7.397091033994656 ], [ 122.36829343855787, 7.397091033994656 ], [ 122.36829343855787, 7.388107922244745 ] ] ] } },
{ "type": "Feature", "properties": { "grid_id": "53_59", "x_idx": 53, "y_idx": 59 }, "geometry": { "type": "Polygon", "coordinates": [ [ [ 122.377347069722447, 7.388107922244745 ], [ 122.386400700887023, 7.388107922244745 ], [ 122.386400700887023, 7.397091033994656 ], [ 122.377347069722447, 7.397091033994656 ], [ 122.377347069722447, 7.388107922244745 ] ] ] } },
{ "type": "Feature", "properties": { "grid_id": "54_59", "x_idx": 54, "y_idx": 59 }, "geometry": { "type": "Polygon", "coordinates": [ [ [ 122.386400700887023, 7.388107922244745 ], [ 122.3954543320516, 7.388107922244745 ], [ 122.3954543320516, 7.397091033994656 ], [ 122.386400700887023, 7.397091033994656 ], [ 122.386400700887023, 7.388107922244745 ] ] ] } },
{ "type": "Feature", "properties": { "grid_id": "55_59", "x_idx": 55, "y_idx": 59 }, "geometry": { "type": "Polygon", "coordinates": [ [ [ 122.3954543320516, 7.388107922244745 ], [ 122.404507963216176, 7.388107922244745 ], [ 122.404507963216176, 7.397091033994656 ], [ 122.3954543320516, 7.397091033994656 ], [ 122.3954543320516, 7.388107922244745 ] ] ] } },
{ "type": "Feature", "properties": { "grid_id": "58_59", "x_idx": 58, "y_idx": 59 }, "geometry": { "type": "Polygon", "coordinates": [ [ [ 122.422615225545314, 7.388107922244745 ], [ 122.431668856709891, 7.388107922244745 ], [ 122.431668856709891, 7.397091033994656 ], [ 122.422615225545314, 7.397091033994656 ], [ 122.422615225545314, 7.388107922244745 ] ] ] } },
{ "type": "Feature", "properties": { "grid_id": "30_60", "x_idx": 30, "y_idx": 60 }, "geometry": { "type": "Polygon", "coordinates": [ [ [ 122.169113552937276, 7.397091033994655 ], [ 122.178167184101852, 7.397091033994655 ], [ 122.178167184101852, 7.406074145744565 ], [ 122.169113552937276, 7.406074145744565 ], [ 122.169113552937276, 7.397091033994655 ] ] ] } },
{ "type": "Feature", "properties": { "grid_id": "31_60", "x_idx": 31, "y_idx": 60 }, "geometry": { "type": "Polygon", "coordinates": [ [ [ 122.178167184101852, 7.397091033994655 ], [ 122.187220815266429, 7.397091033994655 ], [ 122.187220815266429, 7.406074145744565 ], [ 122.178167184101852, 7.406074145744565 ], [ 122.178167184101852, 7.397091033994655 ] ] ] } },
{ "type": "Feature", "properties": { "grid_id": "32_60", "x_idx": 32, "y_idx": 60 }, "geometry": { "type": "Polygon", "coordinates": [ [ [ 122.187220815266429, 7.397091033994655 ], [ 122.196274446431005, 7.397091033994655 ], [ 122.196274446431005, 7.406074145744565 ], [ 122.187220815266429, 7.406074145744565 ], [ 122.187220815266429, 7.397091033994655 ] ] ] } },
{ "type": "Feature", "properties": { "grid_id": "33_60", "x_idx": 33, "y_idx": 60 }, "geometry": { "type": "Polygon", "coordinates": [ [ [ 122.196274446430991, 7.397091033994655 ], [ 122.205328077595567, 7.397091033994655 ], [ 122.205328077595567, 7.406074145744565 ], [ 122.196274446430991, 7.406074145744565 ], [ 122.196274446430991, 7.397091033994655 ] ] ] } },
{ "type": "Feature", "properties": { "grid_id": "34_60", "x_idx": 34, "y_idx": 60 }, "geometry": { "type": "Polygon", "coordinates": [ [ [ 122.205328077595567, 7.397091033994655 ], [ 122.214381708760143, 7.397091033994655 ], [ 122.214381708760143, 7.406074145744565 ], [ 122.205328077595567, 7.406074145744565 ], [ 122.205328077595567, 7.397091033994655 ] ] ] } },
{ "type": "Feature", "properties": { "grid_id": "35_60", "x_idx": 35, "y_idx": 60 }, "geometry": { "type": "Polygon", "coordinates": [ [ [ 122.214381708760143, 7.397091033994655 ], [ 122.22343533992472, 7.397091033994655 ], [ 122.22343533992472, 7.406074145744565 ], [ 122.214381708760143, 7.406074145744565 ], [ 122.214381708760143, 7.397091033994655 ] ] ] } },
{ "type": "Feature", "properties": { "grid_id": "36_60", "x_idx": 36, "y_idx": 60 }, "geometry": { "type": "Polygon", "coordinates": [ [ [ 122.22343533992472, 7.397091033994655 ], [ 122.232488971089296, 7.397091033994655 ], [ 122.232488971089296, 7.406074145744565 ], [ 122.22343533992472, 7.406074145744565 ], [ 122.22343533992472, 7.397091033994655 ] ] ] } },
{ "type": "Feature", "properties": { "grid_id": "37_60", "x_idx": 37, "y_idx": 60 }, "geometry": { "type": "Polygon", "coordinates": [ [ [ 122.232488971089282, 7.397091033994655 ], [ 122.241542602253858, 7.397091033994655 ], [ 122.241542602253858, 7.406074145744565 ], [ 122.232488971089282, 7.406074145744565 ], [ 122.232488971089282, 7.397091033994655 ] ] ] } },
{ "type": "Feature", "properties": { "grid_id": "38_60", "x_idx": 38, "y_idx": 60 }, "geometry": { "type": "Polygon", "coordinates": [ [ [ 122.241542602253858, 7.397091033994655 ], [ 122.250596233418435, 7.397091033994655 ], [ 122.250596233418435, 7.406074145744565 ], [ 122.241542602253858, 7.406074145744565 ], [ 122.241542602253858, 7.397091033994655 ] ] ] } },
{ "type": "Feature", "properties": { "grid_id": "39_60", "x_idx": 39, "y_idx": 60 }, "geometry": { "type": "Polygon", "coordinates": [ [ [ 122.250596233418435, 7.397091033994655 ], [ 122.259649864583011, 7.397091033994655 ], [ 122.259649864583011, 7.406074145744565 ], [ 122.250596233418435, 7.406074145744565 ], [ 122.250596233418435, 7.397091033994655 ] ] ] } },
{ "type": "Feature", "properties": { "grid_id": "40_60", "x_idx": 40, "y_idx": 60 }, "geometry": { "type": "Polygon", "coordinates": [ [ [ 122.259649864583011, 7.397091033994655 ], [ 122.268703495747587, 7.397091033994655 ], [ 122.268703495747587, 7.406074145744565 ], [ 122.259649864583011, 7.406074145744565 ], [ 122.259649864583011, 7.397091033994655 ] ] ] } },
{ "type": "Feature", "properties": { "grid_id": "41_60", "x_idx": 41, "y_idx": 60 }, "geometry": { "type": "Polygon", "coordinates": [ [ [ 122.268703495747573, 7.397091033994655 ], [ 122.277757126912149, 7.397091033994655 ], [ 122.277757126912149, 7.406074145744565 ], [ 122.268703495747573, 7.406074145744565 ], [ 122.268703495747573, 7.397091033994655 ] ] ] } },
{ "type": "Feature", "properties": { "grid_id": "42_60", "x_idx": 42, "y_idx": 60 }, "geometry": { "type": "Polygon", "coordinates": [ [ [ 122.277757126912149, 7.397091033994655 ], [ 122.286810758076726, 7.397091033994655 ], [ 122.286810758076726, 7.406074145744565 ], [ 122.277757126912149, 7.406074145744565 ], [ 122.277757126912149, 7.397091033994655 ] ] ] } },
{ "type": "Feature", "properties": { "grid_id": "43_60", "x_idx": 43, "y_idx": 60 }, "geometry": { "type": "Polygon", "coordinates": [ [ [ 122.286810758076726, 7.397091033994655 ], [ 122.295864389241302, 7.397091033994655 ], [ 122.295864389241302, 7.406074145744565 ], [ 122.286810758076726, 7.406074145744565 ], [ 122.286810758076726, 7.397091033994655 ] ] ] } },
{ "type": "Feature", "properties": { "grid_id": "44_60", "x_idx": 44, "y_idx": 60 }, "geometry": { "type": "Polygon", "coordinates": [ [ [ 122.295864389241302, 7.397091033994655 ], [ 122.304918020405879, 7.397091033994655 ], [ 122.304918020405879, 7.406074145744565 ], [ 122.295864389241302, 7.406074145744565 ], [ 122.295864389241302, 7.397091033994655 ] ] ] } },
{ "type": "Feature", "properties": { "grid_id": "45_60", "x_idx": 45, "y_idx": 60 }, "geometry": { "type": "Polygon", "coordinates": [ [ [ 122.304918020405864, 7.397091033994655 ], [ 122.313971651570441, 7.397091033994655 ], [ 122.313971651570441, 7.406074145744565 ], [ 122.304918020405864, 7.406074145744565 ], [ 122.304918020405864, 7.397091033994655 ] ] ] } },
{ "type": "Feature", "properties": { "grid_id": "46_60", "x_idx": 46, "y_idx": 60 }, "geometry": { "type": "Polygon", "coordinates": [ [ [ 122.313971651570441, 7.397091033994655 ], [ 122.323025282735017, 7.397091033994655 ], [ 122.323025282735017, 7.406074145744565 ], [ 122.313971651570441, 7.406074145744565 ], [ 122.313971651570441, 7.397091033994655 ] ] ] } },
{ "type": "Feature", "properties": { "grid_id": "47_60", "x_idx": 47, "y_idx": 60 }, "geometry": { "type": "Polygon", "coordinates": [ [ [ 122.323025282735017, 7.397091033994655 ], [ 122.332078913899593, 7.397091033994655 ], [ 122.332078913899593, 7.406074145744565 ], [ 122.323025282735017, 7.406074145744565 ], [ 122.323025282735017, 7.397091033994655 ] ] ] } },
{ "type": "Feature", "properties": { "grid_id": "48_60", "x_idx": 48, "y_idx": 60 }, "geometry": { "type": "Polygon", "coordinates": [ [ [ 122.332078913899579, 7.397091033994655 ], [ 122.341132545064156, 7.397091033994655 ], [ 122.341132545064156, 7.406074145744565 ], [ 122.332078913899579, 7.406074145744565 ], [ 122.332078913899579, 7.397091033994655 ] ] ] } },
{ "type": "Feature", "properties": { "grid_id": "49_60", "x_idx": 49, "y_idx": 60 }, "geometry": { "type": "Polygon", "coordinates": [ [ [ 122.341132545064156, 7.397091033994655 ], [ 122.350186176228732, 7.397091033994655 ], [ 122.350186176228732, 7.406074145744565 ], [ 122.341132545064156, 7.406074145744565 ], [ 122.341132545064156, 7.397091033994655 ] ] ] } },
{ "type": "Feature", "properties": { "grid_id": "50_60", "x_idx": 50, "y_idx": 60 }, "geometry": { "type": "Polygon", "coordinates": [ [ [ 122.350186176228732, 7.397091033994655 ], [ 122.359239807393308, 7.397091033994655 ], [ 122.359239807393308, 7.406074145744565 ], [ 122.350186176228732, 7.406074145744565 ], [ 122.350186176228732, 7.397091033994655 ] ] ] } },
{ "type": "Feature", "properties": { "grid_id": "51_60", "x_idx": 51, "y_idx": 60 }, "geometry": { "type": "Polygon", "coordinates": [ [ [ 122.359239807393308, 7.397091033994655 ], [ 122.368293438557885, 7.397091033994655 ], [ 122.368293438557885, 7.406074145744565 ], [ 122.359239807393308, 7.406074145744565 ], [ 122.359239807393308, 7.397091033994655 ] ] ] } },
{ "type": "Feature", "properties": { "grid_id": "52_60", "x_idx": 52, "y_idx": 60 }, "geometry": { "type": "Polygon", "coordinates": [ [ [ 122.36829343855787, 7.397091033994655 ], [ 122.377347069722447, 7.397091033994655 ], [ 122.377347069722447, 7.406074145744565 ], [ 122.36829343855787, 7.406074145744565 ], [ 122.36829343855787, 7.397091033994655 ] ] ] } },
{ "type": "Feature", "properties": { "grid_id": "30_61", "x_idx": 30, "y_idx": 61 }, "geometry": { "type": "Polygon", "coordinates": [ [ [ 122.169113552937276, 7.406074145744565 ], [ 122.178167184101852, 7.406074145744565 ], [ 122.178167184101852, 7.415057257494476 ], [ 122.169113552937276, 7.415057257494476 ], [ 122.169113552937276, 7.406074145744565 ] ] ] } },
{ "type": "Feature", "properties": { "grid_id": "31_61", "x_idx": 31, "y_idx": 61 }, "geometry": { "type": "Polygon", "coordinates": [ [ [ 122.178167184101852, 7.406074145744565 ], [ 122.187220815266429, 7.406074145744565 ], [ 122.187220815266429, 7.415057257494476 ], [ 122.178167184101852, 7.415057257494476 ], [ 122.178167184101852, 7.406074145744565 ] ] ] } },
{ "type": "Feature", "properties": { "grid_id": "32_61", "x_idx": 32, "y_idx": 61 }, "geometry": { "type": "Polygon", "coordinates": [ [ [ 122.187220815266429, 7.406074145744565 ], [ 122.196274446431005, 7.406074145744565 ], [ 122.196274446431005, 7.415057257494476 ], [ 122.187220815266429, 7.415057257494476 ], [ 122.187220815266429, 7.406074145744565 ] ] ] } },
{ "type": "Feature", "properties": { "grid_id": "33_61", "x_idx": 33, "y_idx": 61 }, "geometry": { "type": "Polygon", "coordinates": [ [ [ 122.196274446430991, 7.406074145744565 ], [ 122.205328077595567, 7.406074145744565 ], [ 122.205328077595567, 7.415057257494476 ], [ 122.196274446430991, 7.415057257494476 ], [ 122.196274446430991, 7.406074145744565 ] ] ] } },
{ "type": "Feature", "properties": { "grid_id": "34_61", "x_idx": 34, "y_idx": 61 }, "geometry": { "type": "Polygon", "coordinates": [ [ [ 122.205328077595567, 7.406074145744565 ], [ 122.214381708760143, 7.406074145744565 ], [ 122.214381708760143, 7.415057257494476 ], [ 122.205328077595567, 7.415057257494476 ], [ 122.205328077595567, 7.406074145744565 ] ] ] } },
{ "type": "Feature", "properties": { "grid_id": "35_61", "x_idx": 35, "y_idx": 61 }, "geometry": { "type": "Polygon", "coordinates": [ [ [ 122.214381708760143, 7.406074145744565 ], [ 122.22343533992472, 7.406074145744565 ], [ 122.22343533992472, 7.415057257494476 ], [ 122.214381708760143, 7.415057257494476 ], [ 122.214381708760143, 7.406074145744565 ] ] ] } },
{ "type": "Feature", "properties": { "grid_id": "36_61", "x_idx": 36, "y_idx": 61 }, "geometry": { "type": "Polygon", "coordinates": [ [ [ 122.22343533992472, 7.406074145744565 ], [ 122.232488971089296, 7.406074145744565 ], [ 122.232488971089296, 7.415057257494476 ], [ 122.22343533992472, 7.415057257494476 ], [ 122.22343533992472, 7.406074145744565 ] ] ] } },
{ "type": "Feature", "properties": { "grid_id": "37_61", "x_idx": 37, "y_idx": 61 }, "geometry": { "type": "Polygon", "coordinates": [ [ [ 122.232488971089282, 7.406074145744565 ], [ 122.241542602253858, 7.406074145744565 ], [ 122.241542602253858, 7.415057257494476 ], [ 122.232488971089282, 7.415057257494476 ], [ 122.232488971089282, 7.406074145744565 ] ] ] } },
{ "type": "Feature", "properties": { "grid_id": "38_61", "x_idx": 38, "y_idx": 61 }, "geometry": { "type": "Polygon", "coordinates": [ [ [ 122.241542602253858, 7.406074145744565 ], [ 122.250596233418435, 7.406074145744565 ], [ 122.250596233418435, 7.415057257494476 ], [ 122.241542602253858, 7.415057257494476 ], [ 122.241542602253858, 7.406074145744565 ] ] ] } },
{ "type": "Feature", "properties": { "grid_id": "39_61", "x_idx": 39, "y_idx": 61 }, "geometry": { "type": "Polygon", "coordinates": [ [ [ 122.250596233418435, 7.406074145744565 ], [ 122.259649864583011, 7.406074145744565 ], [ 122.259649864583011, 7.415057257494476 ], [ 122.250596233418435, 7.415057257494476 ], [ 122.250596233418435, 7.406074145744565 ] ] ] } },
{ "type": "Feature", "properties": { "grid_id": "40_61", "x_idx": 40, "y_idx": 61 }, "geometry": { "type": "Polygon", "coordinates": [ [ [ 122.259649864583011, 7.406074145744565 ], [ 122.268703495747587, 7.406074145744565 ], [ 122.268703495747587, 7.415057257494476 ], [ 122.259649864583011, 7.415057257494476 ], [ 122.259649864583011, 7.406074145744565 ] ] ] } },
{ "type": "Feature", "properties": { "grid_id": "41_61", "x_idx": 41, "y_idx": 61 }, "geometry": { "type": "Polygon", "coordinates": [ [ [ 122.268703495747573, 7.406074145744565 ], [ 122.277757126912149, 7.406074145744565 ], [ 122.277757126912149, 7.415057257494476 ], [ 122.268703495747573, 7.415057257494476 ], [ 122.268703495747573, 7.406074145744565 ] ] ] } },
{ "type": "Feature", "properties": { "grid_id": "42_61", "x_idx": 42, "y_idx": 61 }, "geometry": { "type": "Polygon", "coordinates": [ [ [ 122.277757126912149, 7.406074145744565 ], [ 122.286810758076726, 7.406074145744565 ], [ 122.286810758076726, 7.415057257494476 ], [ 122.277757126912149, 7.415057257494476 ], [ 122.277757126912149, 7.406074145744565 ] ] ] } },
{ "type": "Feature", "properties": { "grid_id": "43_61", "x_idx": 43, "y_idx": 61 }, "geometry": { "type": "Polygon", "coordinates": [ [ [ 122.286810758076726, 7.406074145744565 ], [ 122.295864389241302, 7.406074145744565 ], [ 122.295864389241302, 7.415057257494476 ], [ 122.286810758076726, 7.415057257494476 ], [ 122.286810758076726, 7.406074145744565 ] ] ] } },
{ "type": "Feature", "properties": { "grid_id": "44_61", "x_idx": 44, "y_idx": 61 }, "geometry": { "type": "Polygon", "coordinates": [ [ [ 122.295864389241302, 7.406074145744565 ], [ 122.304918020405879, 7.406074145744565 ], [ 122.304918020405879, 7.415057257494476 ], [ 122.295864389241302, 7.415057257494476 ], [ 122.295864389241302, 7.406074145744565 ] ] ] } },
{ "type": "Feature", "properties": { "grid_id": "45_61", "x_idx": 45, "y_idx": 61 }, "geometry": { "type": "Polygon", "coordinates": [ [ [ 122.304918020405864, 7.406074145744565 ], [ 122.313971651570441, 7.406074145744565 ], [ 122.313971651570441, 7.415057257494476 ], [ 122.304918020405864, 7.415057257494476 ], [ 122.304918020405864, 7.406074145744565 ] ] ] } },
{ "type": "Feature", "properties": { "grid_id": "46_61", "x_idx": 46, "y_idx": 61 }, "geometry": { "type": "Polygon", "coordinates": [ [ [ 122.313971651570441, 7.406074145744565 ], [ 122.323025282735017, 7.406074145744565 ], [ 122.323025282735017, 7.415057257494476 ], [ 122.313971651570441, 7.415057257494476 ], [ 122.313971651570441, 7.406074145744565 ] ] ] } },
{ "type": "Feature", "properties": { "grid_id": "47_61", "x_idx": 47, "y_idx": 61 }, "geometry": { "type": "Polygon", "coordinates": [ [ [ 122.323025282735017, 7.406074145744565 ], [ 122.332078913899593, 7.406074145744565 ], [ 122.332078913899593, 7.415057257494476 ], [ 122.323025282735017, 7.415057257494476 ], [ 122.323025282735017, 7.406074145744565 ] ] ] } },
{ "type": "Feature", "properties": { "grid_id": "48_61", "x_idx": 48, "y_idx": 61 }, "geometry": { "type": "Polygon", "coordinates": [ [ [ 122.332078913899579, 7.406074145744565 ], [ 122.341132545064156, 7.406074145744565 ], [ 122.341132545064156, 7.415057257494476 ], [ 122.332078913899579, 7.415057257494476 ], [ 122.332078913899579, 7.406074145744565 ] ] ] } },
{ "type": "Feature", "properties": { "grid_id": "49_61", "x_idx": 49, "y_idx": 61 }, "geometry": { "type": "Polygon", "coordinates": [ [ [ 122.341132545064156, 7.406074145744565 ], [ 122.350186176228732, 7.406074145744565 ], [ 122.350186176228732, 7.415057257494476 ], [ 122.341132545064156, 7.415057257494476 ], [ 122.341132545064156, 7.406074145744565 ] ] ] } },
{ "type": "Feature", "properties": { "grid_id": "50_61", "x_idx": 50, "y_idx": 61 }, "geometry": { "type": "Polygon", "coordinates": [ [ [ 122.350186176228732, 7.406074145744565 ], [ 122.359239807393308, 7.406074145744565 ], [ 122.359239807393308, 7.415057257494476 ], [ 122.350186176228732, 7.415057257494476 ], [ 122.350186176228732, 7.406074145744565 ] ] ] } },
{ "type": "Feature", "properties": { "grid_id": "52_61", "x_idx": 52, "y_idx": 61 }, "geometry": { "type": "Polygon", "coordinates": [ [ [ 122.36829343855787, 7.406074145744565 ], [ 122.377347069722447, 7.406074145744565 ], [ 122.377347069722447, 7.415057257494476 ], [ 122.36829343855787, 7.415057257494476 ], [ 122.36829343855787, 7.406074145744565 ] ] ] } },
{ "type": "Feature", "properties": { "grid_id": "31_62", "x_idx": 31, "y_idx": 62 }, "geometry": { "type": "Polygon", "coordinates": [ [ [ 122.178167184101852, 7.415057257494476 ], [ 122.187220815266429, 7.415057257494476 ], [ 122.187220815266429, 7.424040369244386 ], [ 122.178167184101852, 7.424040369244386 ], [ 122.178167184101852, 7.415057257494476 ] ] ] } },
{ "type": "Feature", "properties": { "grid_id": "32_62", "x_idx": 32, "y_idx": 62 }, "geometry": { "type": "Polygon", "coordinates": [ [ [ 122.187220815266429, 7.415057257494476 ], [ 122.196274446431005, 7.415057257494476 ], [ 122.196274446431005, 7.424040369244386 ], [ 122.187220815266429, 7.424040369244386 ], [ 122.187220815266429, 7.415057257494476 ] ] ] } },
{ "type": "Feature", "properties": { "grid_id": "33_62", "x_idx": 33, "y_idx": 62 }, "geometry": { "type": "Polygon", "coordinates": [ [ [ 122.196274446430991, 7.415057257494476 ], [ 122.205328077595567, 7.415057257494476 ], [ 122.205328077595567, 7.424040369244386 ], [ 122.196274446430991, 7.424040369244386 ], [ 122.196274446430991, 7.415057257494476 ] ] ] } },
{ "type": "Feature", "properties": { "grid_id": "34_62", "x_idx": 34, "y_idx": 62 }, "geometry": { "type": "Polygon", "coordinates": [ [ [ 122.205328077595567, 7.415057257494476 ], [ 122.214381708760143, 7.415057257494476 ], [ 122.214381708760143, 7.424040369244386 ], [ 122.205328077595567, 7.424040369244386 ], [ 122.205328077595567, 7.415057257494476 ] ] ] } },
{ "type": "Feature", "properties": { "grid_id": "35_62", "x_idx": 35, "y_idx": 62 }, "geometry": { "type": "Polygon", "coordinates": [ [ [ 122.214381708760143, 7.415057257494476 ], [ 122.22343533992472, 7.415057257494476 ], [ 122.22343533992472, 7.424040369244386 ], [ 122.214381708760143, 7.424040369244386 ], [ 122.214381708760143, 7.415057257494476 ] ] ] } },
{ "type": "Feature", "properties": { "grid_id": "36_62", "x_idx": 36, "y_idx": 62 }, "geometry": { "type": "Polygon", "coordinates": [ [ [ 122.22343533992472, 7.415057257494476 ], [ 122.232488971089296, 7.415057257494476 ], [ 122.232488971089296, 7.424040369244386 ], [ 122.22343533992472, 7.424040369244386 ], [ 122.22343533992472, 7.415057257494476 ] ] ] } },
{ "type": "Feature", "properties": { "grid_id": "37_62", "x_idx": 37, "y_idx": 62 }, "geometry": { "type": "Polygon", "coordinates": [ [ [ 122.232488971089282, 7.415057257494476 ], [ 122.241542602253858, 7.415057257494476 ], [ 122.241542602253858, 7.424040369244386 ], [ 122.232488971089282, 7.424040369244386 ], [ 122.232488971089282, 7.415057257494476 ] ] ] } },
{ "type": "Feature", "properties": { "grid_id": "38_62", "x_idx": 38, "y_idx": 62 }, "geometry": { "type": "Polygon", "coordinates": [ [ [ 122.241542602253858, 7.415057257494476 ], [ 122.250596233418435, 7.415057257494476 ], [ 122.250596233418435, 7.424040369244386 ], [ 122.241542602253858, 7.424040369244386 ], [ 122.241542602253858, 7.415057257494476 ] ] ] } },
{ "type": "Feature", "properties": { "grid_id": "39_62", "x_idx": 39, "y_idx": 62 }, "geometry": { "type": "Polygon", "coordinates": [ [ [ 122.250596233418435, 7.415057257494476 ], [ 122.259649864583011, 7.415057257494476 ], [ 122.259649864583011, 7.424040369244386 ], [ 122.250596233418435, 7.424040369244386 ], [ 122.250596233418435, 7.415057257494476 ] ] ] } },
{ "type": "Feature", "properties": { "grid_id": "40_62", "x_idx": 40, "y_idx": 62 }, "geometry": { "type": "Polygon", "coordinates": [ [ [ 122.259649864583011, 7.415057257494476 ], [ 122.268703495747587, 7.415057257494476 ], [ 122.268703495747587, 7.424040369244386 ], [ 122.259649864583011, 7.424040369244386 ], [ 122.259649864583011, 7.415057257494476 ] ] ] } },
{ "type": "Feature", "properties": { "grid_id": "41_62", "x_idx": 41, "y_idx": 62 }, "geometry": { "type": "Polygon", "coordinates": [ [ [ 122.268703495747573, 7.415057257494476 ], [ 122.277757126912149, 7.415057257494476 ], [ 122.277757126912149, 7.424040369244386 ], [ 122.268703495747573, 7.424040369244386 ], [ 122.268703495747573, 7.415057257494476 ] ] ] } },
{ "type": "Feature", "properties": { "grid_id": "42_62", "x_idx": 42, "y_idx": 62 }, "geometry": { "type": "Polygon", "coordinates": [ [ [ 122.277757126912149, 7.415057257494476 ], [ 122.286810758076726, 7.415057257494476 ], [ 122.286810758076726, 7.424040369244386 ], [ 122.277757126912149, 7.424040369244386 ], [ 122.277757126912149, 7.415057257494476 ] ] ] } },
{ "type": "Feature", "properties": { "grid_id": "43_62", "x_idx": 43, "y_idx": 62 }, "geometry": { "type": "Polygon", "coordinates": [ [ [ 122.286810758076726, 7.415057257494476 ], [ 122.295864389241302, 7.415057257494476 ], [ 122.295864389241302, 7.424040369244386 ], [ 122.286810758076726, 7.424040369244386 ], [ 122.286810758076726, 7.415057257494476 ] ] ] } },
{ "type": "Feature", "properties": { "grid_id": "44_62", "x_idx": 44, "y_idx": 62 }, "geometry": { "type": "Polygon", "coordinates": [ [ [ 122.295864389241302, 7.415057257494476 ], [ 122.304918020405879, 7.415057257494476 ], [ 122.304918020405879, 7.424040369244386 ], [ 122.295864389241302, 7.424040369244386 ], [ 122.295864389241302, 7.415057257494476 ] ] ] } },
{ "type": "Feature", "properties": { "grid_id": "45_62", "x_idx": 45, "y_idx": 62 }, "geometry": { "type": "Polygon", "coordinates": [ [ [ 122.304918020405864, 7.415057257494476 ], [ 122.313971651570441, 7.415057257494476 ], [ 122.313971651570441, 7.424040369244386 ], [ 122.304918020405864, 7.424040369244386 ], [ 122.304918020405864, 7.415057257494476 ] ] ] } },
{ "type": "Feature", "properties": { "grid_id": "46_62", "x_idx": 46, "y_idx": 62 }, "geometry": { "type": "Polygon", "coordinates": [ [ [ 122.313971651570441, 7.415057257494476 ], [ 122.323025282735017, 7.415057257494476 ], [ 122.323025282735017, 7.424040369244386 ], [ 122.313971651570441, 7.424040369244386 ], [ 122.313971651570441, 7.415057257494476 ] ] ] } },
{ "type": "Feature", "properties": { "grid_id": "47_62", "x_idx": 47, "y_idx": 62 }, "geometry": { "type": "Polygon", "coordinates": [ [ [ 122.323025282735017, 7.415057257494476 ], [ 122.332078913899593, 7.415057257494476 ], [ 122.332078913899593, 7.424040369244386 ], [ 122.323025282735017, 7.424040369244386 ], [ 122.323025282735017, 7.415057257494476 ] ] ] } },
{ "type": "Feature", "properties": { "grid_id": "48_62", "x_idx": 48, "y_idx": 62 }, "geometry": { "type": "Polygon", "coordinates": [ [ [ 122.332078913899579, 7.415057257494476 ], [ 122.341132545064156, 7.415057257494476 ], [ 122.341132545064156, 7.424040369244386 ], [ 122.332078913899579, 7.424040369244386 ], [ 122.332078913899579, 7.415057257494476 ] ] ] } },
{ "type": "Feature", "properties": { "grid_id": "49_62", "x_idx": 49, "y_idx": 62 }, "geometry": { "type": "Polygon", "coordinates": [ [ [ 122.341132545064156, 7.415057257494476 ], [ 122.350186176228732, 7.415057257494476 ], [ 122.350186176228732, 7.424040369244386 ], [ 122.341132545064156, 7.424040369244386 ], [ 122.341132545064156, 7.415057257494476 ] ] ] } },
{ "type": "Feature", "properties": { "grid_id": "50_62", "x_idx": 50, "y_idx": 62 }, "geometry": { "type": "Polygon", "coordinates": [ [ [ 122.350186176228732, 7.415057257494476 ], [ 122.359239807393308, 7.415057257494476 ], [ 122.359239807393308, 7.424040369244386 ], [ 122.350186176228732, 7.424040369244386 ], [ 122.350186176228732, 7.415057257494476 ] ] ] } },
{ "type": "Feature", "properties": { "grid_id": "31_63", "x_idx": 31, "y_idx": 63 }, "geometry": { "type": "Polygon", "coordinates": [ [ [ 122.178167184101852, 7.424040369244386 ], [ 122.187220815266429, 7.424040369244386 ], [ 122.187220815266429, 7.433023480994296 ], [ 122.178167184101852, 7.433023480994296 ], [ 122.178167184101852, 7.424040369244386 ] ] ] } },
{ "type": "Feature", "properties": { "grid_id": "32_63", "x_idx": 32, "y_idx": 63 }, "geometry": { "type": "Polygon", "coordinates": [ [ [ 122.187220815266429, 7.424040369244386 ], [ 122.196274446431005, 7.424040369244386 ], [ 122.196274446431005, 7.433023480994296 ], [ 122.187220815266429, 7.433023480994296 ], [ 122.187220815266429, 7.424040369244386 ] ] ] } },
{ "type": "Feature", "properties": { "grid_id": "33_63", "x_idx": 33, "y_idx": 63 }, "geometry": { "type": "Polygon", "coordinates": [ [ [ 122.196274446430991, 7.424040369244386 ], [ 122.205328077595567, 7.424040369244386 ], [ 122.205328077595567, 7.433023480994296 ], [ 122.196274446430991, 7.433023480994296 ], [ 122.196274446430991, 7.424040369244386 ] ] ] } },
{ "type": "Feature", "properties": { "grid_id": "34_63", "x_idx": 34, "y_idx": 63 }, "geometry": { "type": "Polygon", "coordinates": [ [ [ 122.205328077595567, 7.424040369244386 ], [ 122.214381708760143, 7.424040369244386 ], [ 122.214381708760143, 7.433023480994296 ], [ 122.205328077595567, 7.433023480994296 ], [ 122.205328077595567, 7.424040369244386 ] ] ] } },
{ "type": "Feature", "properties": { "grid_id": "35_63", "x_idx": 35, "y_idx": 63 }, "geometry": { "type": "Polygon", "coordinates": [ [ [ 122.214381708760143, 7.424040369244386 ], [ 122.22343533992472, 7.424040369244386 ], [ 122.22343533992472, 7.433023480994296 ], [ 122.214381708760143, 7.433023480994296 ], [ 122.214381708760143, 7.424040369244386 ] ] ] } },
{ "type": "Feature", "properties": { "grid_id": "36_63", "x_idx": 36, "y_idx": 63 }, "geometry": { "type": "Polygon", "coordinates": [ [ [ 122.22343533992472, 7.424040369244386 ], [ 122.232488971089296, 7.424040369244386 ], [ 122.232488971089296, 7.433023480994296 ], [ 122.22343533992472, 7.433023480994296 ], [ 122.22343533992472, 7.424040369244386 ] ] ] } },
{ "type": "Feature", "properties": { "grid_id": "37_63", "x_idx": 37, "y_idx": 63 }, "geometry": { "type": "Polygon", "coordinates": [ [ [ 122.232488971089282, 7.424040369244386 ], [ 122.241542602253858, 7.424040369244386 ], [ 122.241542602253858, 7.433023480994296 ], [ 122.232488971089282, 7.433023480994296 ], [ 122.232488971089282, 7.424040369244386 ] ] ] } },
{ "type": "Feature", "properties": { "grid_id": "38_63", "x_idx": 38, "y_idx": 63 }, "geometry": { "type": "Polygon", "coordinates": [ [ [ 122.241542602253858, 7.424040369244386 ], [ 122.250596233418435, 7.424040369244386 ], [ 122.250596233418435, 7.433023480994296 ], [ 122.241542602253858, 7.433023480994296 ], [ 122.241542602253858, 7.424040369244386 ] ] ] } },
{ "type": "Feature", "properties": { "grid_id": "39_63", "x_idx": 39, "y_idx": 63 }, "geometry": { "type": "Polygon", "coordinates": [ [ [ 122.250596233418435, 7.424040369244386 ], [ 122.259649864583011, 7.424040369244386 ], [ 122.259649864583011, 7.433023480994296 ], [ 122.250596233418435, 7.433023480994296 ], [ 122.250596233418435, 7.424040369244386 ] ] ] } },
{ "type": "Feature", "properties": { "grid_id": "40_63", "x_idx": 40, "y_idx": 63 }, "geometry": { "type": "Polygon", "coordinates": [ [ [ 122.259649864583011, 7.424040369244386 ], [ 122.268703495747587, 7.424040369244386 ], [ 122.268703495747587, 7.433023480994296 ], [ 122.259649864583011, 7.433023480994296 ], [ 122.259649864583011, 7.424040369244386 ] ] ] } },
{ "type": "Feature", "properties": { "grid_id": "41_63", "x_idx": 41, "y_idx": 63 }, "geometry": { "type": "Polygon", "coordinates": [ [ [ 122.268703495747573, 7.424040369244386 ], [ 122.277757126912149, 7.424040369244386 ], [ 122.277757126912149, 7.433023480994296 ], [ 122.268703495747573, 7.433023480994296 ], [ 122.268703495747573, 7.424040369244386 ] ] ] } },
{ "type": "Feature", "properties": { "grid_id": "42_63", "x_idx": 42, "y_idx": 63 }, "geometry": { "type": "Polygon", "coordinates": [ [ [ 122.277757126912149, 7.424040369244386 ], [ 122.286810758076726, 7.424040369244386 ], [ 122.286810758076726, 7.433023480994296 ], [ 122.277757126912149, 7.433023480994296 ], [ 122.277757126912149, 7.424040369244386 ] ] ] } },
{ "type": "Feature", "properties": { "grid_id": "43_63", "x_idx": 43, "y_idx": 63 }, "geometry": { "type": "Polygon", "coordinates": [ [ [ 122.286810758076726, 7.424040369244386 ], [ 122.295864389241302, 7.424040369244386 ], [ 122.295864389241302, 7.433023480994296 ], [ 122.286810758076726, 7.433023480994296 ], [ 122.286810758076726, 7.424040369244386 ] ] ] } },
{ "type": "Feature", "properties": { "grid_id": "44_63", "x_idx": 44, "y_idx": 63 }, "geometry": { "type": "Polygon", "coordinates": [ [ [ 122.295864389241302, 7.424040369244386 ], [ 122.304918020405879, 7.424040369244386 ], [ 122.304918020405879, 7.433023480994296 ], [ 122.295864389241302, 7.433023480994296 ], [ 122.295864389241302, 7.424040369244386 ] ] ] } },
{ "type": "Feature", "properties": { "grid_id": "45_63", "x_idx": 45, "y_idx": 63 }, "geometry": { "type": "Polygon", "coordinates": [ [ [ 122.304918020405864, 7.424040369244386 ], [ 122.313971651570441, 7.424040369244386 ], [ 122.313971651570441, 7.433023480994296 ], [ 122.304918020405864, 7.433023480994296 ], [ 122.304918020405864, 7.424040369244386 ] ] ] } },
{ "type": "Feature", "properties": { "grid_id": "46_63", "x_idx": 46, "y_idx": 63 }, "geometry": { "type": "Polygon", "coordinates": [ [ [ 122.313971651570441, 7.424040369244386 ], [ 122.323025282735017, 7.424040369244386 ], [ 122.323025282735017, 7.433023480994296 ], [ 122.313971651570441, 7.433023480994296 ], [ 122.313971651570441, 7.424040369244386 ] ] ] } },
{ "type": "Feature", "properties": { "grid_id": "47_63", "x_idx": 47, "y_idx": 63 }, "geometry": { "type": "Polygon", "coordinates": [ [ [ 122.323025282735017, 7.424040369244386 ], [ 122.332078913899593, 7.424040369244386 ], [ 122.332078913899593, 7.433023480994296 ], [ 122.323025282735017, 7.433023480994296 ], [ 122.323025282735017, 7.424040369244386 ] ] ] } },
{ "type": "Feature", "properties": { "grid_id": "48_63", "x_idx": 48, "y_idx": 63 }, "geometry": { "type": "Polygon", "coordinates": [ [ [ 122.332078913899579, 7.424040369244386 ], [ 122.341132545064156, 7.424040369244386 ], [ 122.341132545064156, 7.433023480994296 ], [ 122.332078913899579, 7.433023480994296 ], [ 122.332078913899579, 7.424040369244386 ] ] ] } },
{ "type": "Feature", "properties": { "grid_id": "49_63", "x_idx": 49, "y_idx": 63 }, "geometry": { "type": "Polygon", "coordinates": [ [ [ 122.341132545064156, 7.424040369244386 ], [ 122.350186176228732, 7.424040369244386 ], [ 122.350186176228732, 7.433023480994296 ], [ 122.341132545064156, 7.433023480994296 ], [ 122.341132545064156, 7.424040369244386 ] ] ] } },
{ "type": "Feature", "properties": { "grid_id": "32_64", "x_idx": 32, "y_idx": 64 }, "geometry": { "type": "Polygon", "coordinates": [ [ [ 122.187220815266429, 7.433023480994295 ], [ 122.196274446431005, 7.433023480994295 ], [ 122.196274446431005, 7.442006592744206 ], [ 122.187220815266429, 7.442006592744206 ], [ 122.187220815266429, 7.433023480994295 ] ] ] } },
{ "type": "Feature", "properties": { "grid_id": "33_64", "x_idx": 33, "y_idx": 64 }, "geometry": { "type": "Polygon", "coordinates": [ [ [ 122.196274446430991, 7.433023480994295 ], [ 122.205328077595567, 7.433023480994295 ], [ 122.205328077595567, 7.442006592744206 ], [ 122.196274446430991, 7.442006592744206 ], [ 122.196274446430991, 7.433023480994295 ] ] ] } },
{ "type": "Feature", "properties": { "grid_id": "34_64", "x_idx": 34, "y_idx": 64 }, "geometry": { "type": "Polygon", "coordinates": [ [ [ 122.205328077595567, 7.433023480994295 ], [ 122.214381708760143, 7.433023480994295 ], [ 122.214381708760143, 7.442006592744206 ], [ 122.205328077595567, 7.442006592744206 ], [ 122.205328077595567, 7.433023480994295 ] ] ] } },
{ "type": "Feature", "properties": { "grid_id": "35_64", "x_idx": 35, "y_idx": 64 }, "geometry": { "type": "Polygon", "coordinates": [ [ [ 122.214381708760143, 7.433023480994295 ], [ 122.22343533992472, 7.433023480994295 ], [ 122.22343533992472, 7.442006592744206 ], [ 122.214381708760143, 7.442006592744206 ], [ 122.214381708760143, 7.433023480994295 ] ] ] } },
{ "type": "Feature", "properties": { "grid_id": "36_64", "x_idx": 36, "y_idx": 64 }, "geometry": { "type": "Polygon", "coordinates": [ [ [ 122.22343533992472, 7.433023480994295 ], [ 122.232488971089296, 7.433023480994295 ], [ 122.232488971089296, 7.442006592744206 ], [ 122.22343533992472, 7.442006592744206 ], [ 122.22343533992472, 7.433023480994295 ] ] ] } },
{ "type": "Feature", "properties": { "grid_id": "37_64", "x_idx": 37, "y_idx": 64 }, "geometry": { "type": "Polygon", "coordinates": [ [ [ 122.232488971089282, 7.433023480994295 ], [ 122.241542602253858, 7.433023480994295 ], [ 122.241542602253858, 7.442006592744206 ], [ 122.232488971089282, 7.442006592744206 ], [ 122.232488971089282, 7.433023480994295 ] ] ] } },
{ "type": "Feature", "properties": { "grid_id": "38_64", "x_idx": 38, "y_idx": 64 }, "geometry": { "type": "Polygon", "coordinates": [ [ [ 122.241542602253858, 7.433023480994295 ], [ 122.250596233418435, 7.433023480994295 ], [ 122.250596233418435, 7.442006592744206 ], [ 122.241542602253858, 7.442006592744206 ], [ 122.241542602253858, 7.433023480994295 ] ] ] } },
{ "type": "Feature", "properties": { "grid_id": "39_64", "x_idx": 39, "y_idx": 64 }, "geometry": { "type": "Polygon", "coordinates": [ [ [ 122.250596233418435, 7.433023480994295 ], [ 122.259649864583011, 7.433023480994295 ], [ 122.259649864583011, 7.442006592744206 ], [ 122.250596233418435, 7.442006592744206 ], [ 122.250596233418435, 7.433023480994295 ] ] ] } },
{ "type": "Feature", "properties": { "grid_id": "40_64", "x_idx": 40, "y_idx": 64 }, "geometry": { "type": "Polygon", "coordinates": [ [ [ 122.259649864583011, 7.433023480994295 ], [ 122.268703495747587, 7.433023480994295 ], [ 122.268703495747587, 7.442006592744206 ], [ 122.259649864583011, 7.442006592744206 ], [ 122.259649864583011, 7.433023480994295 ] ] ] } },
{ "type": "Feature", "properties": { "grid_id": "41_64", "x_idx": 41, "y_idx": 64 }, "geometry": { "type": "Polygon", "coordinates": [ [ [ 122.268703495747573, 7.433023480994295 ], [ 122.277757126912149, 7.433023480994295 ], [ 122.277757126912149, 7.442006592744206 ], [ 122.268703495747573, 7.442006592744206 ], [ 122.268703495747573, 7.433023480994295 ] ] ] } },
{ "type": "Feature", "properties": { "grid_id": "42_64", "x_idx": 42, "y_idx": 64 }, "geometry": { "type": "Polygon", "coordinates": [ [ [ 122.277757126912149, 7.433023480994295 ], [ 122.286810758076726, 7.433023480994295 ], [ 122.286810758076726, 7.442006592744206 ], [ 122.277757126912149, 7.442006592744206 ], [ 122.277757126912149, 7.433023480994295 ] ] ] } },
{ "type": "Feature", "properties": { "grid_id": "43_64", "x_idx": 43, "y_idx": 64 }, "geometry": { "type": "Polygon", "coordinates": [ [ [ 122.286810758076726, 7.433023480994295 ], [ 122.295864389241302, 7.433023480994295 ], [ 122.295864389241302, 7.442006592744206 ], [ 122.286810758076726, 7.442006592744206 ], [ 122.286810758076726, 7.433023480994295 ] ] ] } },
{ "type": "Feature", "properties": { "grid_id": "44_64", "x_idx": 44, "y_idx": 64 }, "geometry": { "type": "Polygon", "coordinates": [ [ [ 122.295864389241302, 7.433023480994295 ], [ 122.304918020405879, 7.433023480994295 ], [ 122.304918020405879, 7.442006592744206 ], [ 122.295864389241302, 7.442006592744206 ], [ 122.295864389241302, 7.433023480994295 ] ] ] } },
{ "type": "Feature", "properties": { "grid_id": "45_64", "x_idx": 45, "y_idx": 64 }, "geometry": { "type": "Polygon", "coordinates": [ [ [ 122.304918020405864, 7.433023480994295 ], [ 122.313971651570441, 7.433023480994295 ], [ 122.313971651570441, 7.442006592744206 ], [ 122.304918020405864, 7.442006592744206 ], [ 122.304918020405864, 7.433023480994295 ] ] ] } },
{ "type": "Feature", "properties": { "grid_id": "46_64", "x_idx": 46, "y_idx": 64 }, "geometry": { "type": "Polygon", "coordinates": [ [ [ 122.313971651570441, 7.433023480994295 ], [ 122.323025282735017, 7.433023480994295 ], [ 122.323025282735017, 7.442006592744206 ], [ 122.313971651570441, 7.442006592744206 ], [ 122.313971651570441, 7.433023480994295 ] ] ] } },
{ "type": "Feature", "properties": { "grid_id": "47_64", "x_idx": 47, "y_idx": 64 }, "geometry": { "type": "Polygon", "coordinates": [ [ [ 122.323025282735017, 7.433023480994295 ], [ 122.332078913899593, 7.433023480994295 ], [ 122.332078913899593, 7.442006592744206 ], [ 122.323025282735017, 7.442006592744206 ], [ 122.323025282735017, 7.433023480994295 ] ] ] } },
{ "type": "Feature", "properties": { "grid_id": "48_64", "x_idx": 48, "y_idx": 64 }, "geometry": { "type": "Polygon", "coordinates": [ [ [ 122.332078913899579, 7.433023480994295 ], [ 122.341132545064156, 7.433023480994295 ], [ 122.341132545064156, 7.442006592744206 ], [ 122.332078913899579, 7.442006592744206 ], [ 122.332078913899579, 7.433023480994295 ] ] ] } },
{ "type": "Feature", "properties": { "grid_id": "49_64", "x_idx": 49, "y_idx": 64 }, "geometry": { "type": "Polygon", "coordinates": [ [ [ 122.341132545064156, 7.433023480994295 ], [ 122.350186176228732, 7.433023480994295 ], [ 122.350186176228732, 7.442006592744206 ], [ 122.341132545064156, 7.442006592744206 ], [ 122.341132545064156, 7.433023480994295 ] ] ] } },
{ "type": "Feature", "properties": { "grid_id": "34_65", "x_idx": 34, "y_idx": 65 }, "geometry": { "type": "Polygon", "coordinates": [ [ [ 122.205328077595567, 7.442006592744206 ], [ 122.214381708760143, 7.442006592744206 ], [ 122.214381708760143, 7.450989704494116 ], [ 122.205328077595567, 7.450989704494116 ], [ 122.205328077595567, 7.442006592744206 ] ] ] } },
{ "type": "Feature", "properties": { "grid_id": "35_65", "x_idx": 35, "y_idx": 65 }, "geometry": { "type": "Polygon", "coordinates": [ [ [ 122.214381708760143, 7.442006592744206 ], [ 122.22343533992472, 7.442006592744206 ], [ 122.22343533992472, 7.450989704494116 ], [ 122.214381708760143, 7.450989704494116 ], [ 122.214381708760143, 7.442006592744206 ] ] ] } },
{ "type": "Feature", "properties": { "grid_id": "36_65", "x_idx": 36, "y_idx": 65 }, "geometry": { "type": "Polygon", "coordinates": [ [ [ 122.22343533992472, 7.442006592744206 ], [ 122.232488971089296, 7.442006592744206 ], [ 122.232488971089296, 7.450989704494116 ], [ 122.22343533992472, 7.450989704494116 ], [ 122.22343533992472, 7.442006592744206 ] ] ] } },
{ "type": "Feature", "properties": { "grid_id": "37_65", "x_idx": 37, "y_idx": 65 }, "geometry": { "type": "Polygon", "coordinates": [ [ [ 122.232488971089282, 7.442006592744206 ], [ 122.241542602253858, 7.442006592744206 ], [ 122.241542602253858, 7.450989704494116 ], [ 122.232488971089282, 7.450989704494116 ], [ 122.232488971089282, 7.442006592744206 ] ] ] } },
{ "type": "Feature", "properties": { "grid_id": "38_65", "x_idx": 38, "y_idx": 65 }, "geometry": { "type": "Polygon", "coordinates": [ [ [ 122.241542602253858, 7.442006592744206 ], [ 122.250596233418435, 7.442006592744206 ], [ 122.250596233418435, 7.450989704494116 ], [ 122.241542602253858, 7.450989704494116 ], [ 122.241542602253858, 7.442006592744206 ] ] ] } },
{ "type": "Feature", "properties": { "grid_id": "39_65", "x_idx": 39, "y_idx": 65 }, "geometry": { "type": "Polygon", "coordinates": [ [ [ 122.250596233418435, 7.442006592744206 ], [ 122.259649864583011, 7.442006592744206 ], [ 122.259649864583011, 7.450989704494116 ], [ 122.250596233418435, 7.450989704494116 ], [ 122.250596233418435, 7.442006592744206 ] ] ] } },
{ "type": "Feature", "properties": { "grid_id": "40_65", "x_idx": 40, "y_idx": 65 }, "geometry": { "type": "Polygon", "coordinates": [ [ [ 122.259649864583011, 7.442006592744206 ], [ 122.268703495747587, 7.442006592744206 ], [ 122.268703495747587, 7.450989704494116 ], [ 122.259649864583011, 7.450989704494116 ], [ 122.259649864583011, 7.442006592744206 ] ] ] } },
{ "type": "Feature", "properties": { "grid_id": "41_65", "x_idx": 41, "y_idx": 65 }, "geometry": { "type": "Polygon", "coordinates": [ [ [ 122.268703495747573, 7.442006592744206 ], [ 122.277757126912149, 7.442006592744206 ], [ 122.277757126912149, 7.450989704494116 ], [ 122.268703495747573, 7.450989704494116 ], [ 122.268703495747573, 7.442006592744206 ] ] ] } },
{ "type": "Feature", "properties": { "grid_id": "42_65", "x_idx": 42, "y_idx": 65 }, "geometry": { "type": "Polygon", "coordinates": [ [ [ 122.277757126912149, 7.442006592744206 ], [ 122.286810758076726, 7.442006592744206 ], [ 122.286810758076726, 7.450989704494116 ], [ 122.277757126912149, 7.450989704494116 ], [ 122.277757126912149, 7.442006592744206 ] ] ] } },
{ "type": "Feature", "properties": { "grid_id": "43_65", "x_idx": 43, "y_idx": 65 }, "geometry": { "type": "Polygon", "coordinates": [ [ [ 122.286810758076726, 7.442006592744206 ], [ 122.295864389241302, 7.442006592744206 ], [ 122.295864389241302, 7.450989704494116 ], [ 122.286810758076726, 7.450989704494116 ], [ 122.286810758076726, 7.442006592744206 ] ] ] } },
{ "type": "Feature", "properties": { "grid_id": "44_65", "x_idx": 44, "y_idx": 65 }, "geometry": { "type": "Polygon", "coordinates": [ [ [ 122.295864389241302, 7.442006592744206 ], [ 122.304918020405879, 7.442006592744206 ], [ 122.304918020405879, 7.450989704494116 ], [ 122.295864389241302, 7.450989704494116 ], [ 122.295864389241302, 7.442006592744206 ] ] ] } },
{ "type": "Feature", "properties": { "grid_id": "45_65", "x_idx": 45, "y_idx": 65 }, "geometry": { "type": "Polygon", "coordinates": [ [ [ 122.304918020405864, 7.442006592744206 ], [ 122.313971651570441, 7.442006592744206 ], [ 122.313971651570441, 7.450989704494116 ], [ 122.304918020405864, 7.450989704494116 ], [ 122.304918020405864, 7.442006592744206 ] ] ] } },
{ "type": "Feature", "properties": { "grid_id": "46_65", "x_idx": 46, "y_idx": 65 }, "geometry": { "type": "Polygon", "coordinates": [ [ [ 122.313971651570441, 7.442006592744206 ], [ 122.323025282735017, 7.442006592744206 ], [ 122.323025282735017, 7.450989704494116 ], [ 122.313971651570441, 7.450989704494116 ], [ 122.313971651570441, 7.442006592744206 ] ] ] } },
{ "type": "Feature", "properties": { "grid_id": "47_65", "x_idx": 47, "y_idx": 65 }, "geometry": { "type": "Polygon", "coordinates": [ [ [ 122.323025282735017, 7.442006592744206 ], [ 122.332078913899593, 7.442006592744206 ], [ 122.332078913899593, 7.450989704494116 ], [ 122.323025282735017, 7.450989704494116 ], [ 122.323025282735017, 7.442006592744206 ] ] ] } },
{ "type": "Feature", "properties": { "grid_id": "48_65", "x_idx": 48, "y_idx": 65 }, "geometry": { "type": "Polygon", "coordinates": [ [ [ 122.332078913899579, 7.442006592744206 ], [ 122.341132545064156, 7.442006592744206 ], [ 122.341132545064156, 7.450989704494116 ], [ 122.332078913899579, 7.450989704494116 ], [ 122.332078913899579, 7.442006592744206 ] ] ] } },
{ "type": "Feature", "properties": { "grid_id": "49_65", "x_idx": 49, "y_idx": 65 }, "geometry": { "type": "Polygon", "coordinates": [ [ [ 122.341132545064156, 7.442006592744206 ], [ 122.350186176228732, 7.442006592744206 ], [ 122.350186176228732, 7.450989704494116 ], [ 122.341132545064156, 7.450989704494116 ], [ 122.341132545064156, 7.442006592744206 ] ] ] } },
{ "type": "Feature", "properties": { "grid_id": "50_65", "x_idx": 50, "y_idx": 65 }, "geometry": { "type": "Polygon", "coordinates": [ [ [ 122.350186176228732, 7.442006592744206 ], [ 122.359239807393308, 7.442006592744206 ], [ 122.359239807393308, 7.450989704494116 ], [ 122.350186176228732, 7.450989704494116 ], [ 122.350186176228732, 7.442006592744206 ] ] ] } },
{ "type": "Feature", "properties": { "grid_id": "36_66", "x_idx": 36, "y_idx": 66 }, "geometry": { "type": "Polygon", "coordinates": [ [ [ 122.22343533992472, 7.450989704494116 ], [ 122.232488971089296, 7.450989704494116 ], [ 122.232488971089296, 7.459972816244027 ], [ 122.22343533992472, 7.459972816244027 ], [ 122.22343533992472, 7.450989704494116 ] ] ] } },
{ "type": "Feature", "properties": { "grid_id": "37_66", "x_idx": 37, "y_idx": 66 }, "geometry": { "type": "Polygon", "coordinates": [ [ [ 122.232488971089282, 7.450989704494116 ], [ 122.241542602253858, 7.450989704494116 ], [ 122.241542602253858, 7.459972816244027 ], [ 122.232488971089282, 7.459972816244027 ], [ 122.232488971089282, 7.450989704494116 ] ] ] } },
{ "type": "Feature", "properties": { "grid_id": "38_66", "x_idx": 38, "y_idx": 66 }, "geometry": { "type": "Polygon", "coordinates": [ [ [ 122.241542602253858, 7.450989704494116 ], [ 122.250596233418435, 7.450989704494116 ], [ 122.250596233418435, 7.459972816244027 ], [ 122.241542602253858, 7.459972816244027 ], [ 122.241542602253858, 7.450989704494116 ] ] ] } },
{ "type": "Feature", "properties": { "grid_id": "39_66", "x_idx": 39, "y_idx": 66 }, "geometry": { "type": "Polygon", "coordinates": [ [ [ 122.250596233418435, 7.450989704494116 ], [ 122.259649864583011, 7.450989704494116 ], [ 122.259649864583011, 7.459972816244027 ], [ 122.250596233418435, 7.459972816244027 ], [ 122.250596233418435, 7.450989704494116 ] ] ] } },
{ "type": "Feature", "properties": { "grid_id": "40_66", "x_idx": 40, "y_idx": 66 }, "geometry": { "type": "Polygon", "coordinates": [ [ [ 122.259649864583011, 7.450989704494116 ], [ 122.268703495747587, 7.450989704494116 ], [ 122.268703495747587, 7.459972816244027 ], [ 122.259649864583011, 7.459972816244027 ], [ 122.259649864583011, 7.450989704494116 ] ] ] } },
{ "type": "Feature", "properties": { "grid_id": "41_66", "x_idx": 41, "y_idx": 66 }, "geometry": { "type": "Polygon", "coordinates": [ [ [ 122.268703495747573, 7.450989704494116 ], [ 122.277757126912149, 7.450989704494116 ], [ 122.277757126912149, 7.459972816244027 ], [ 122.268703495747573, 7.459972816244027 ], [ 122.268703495747573, 7.450989704494116 ] ] ] } },
{ "type": "Feature", "properties": { "grid_id": "42_66", "x_idx": 42, "y_idx": 66 }, "geometry": { "type": "Polygon", "coordinates": [ [ [ 122.277757126912149, 7.450989704494116 ], [ 122.286810758076726, 7.450989704494116 ], [ 122.286810758076726, 7.459972816244027 ], [ 122.277757126912149, 7.459972816244027 ], [ 122.277757126912149, 7.450989704494116 ] ] ] } },
{ "type": "Feature", "properties": { "grid_id": "43_66", "x_idx": 43, "y_idx": 66 }, "geometry": { "type": "Polygon", "coordinates": [ [ [ 122.286810758076726, 7.450989704494116 ], [ 122.295864389241302, 7.450989704494116 ], [ 122.295864389241302, 7.459972816244027 ], [ 122.286810758076726, 7.459972816244027 ], [ 122.286810758076726, 7.450989704494116 ] ] ] } },
{ "type": "Feature", "properties": { "grid_id": "44_66", "x_idx": 44, "y_idx": 66 }, "geometry": { "type": "Polygon", "coordinates": [ [ [ 122.295864389241302, 7.450989704494116 ], [ 122.304918020405879, 7.450989704494116 ], [ 122.304918020405879, 7.459972816244027 ], [ 122.295864389241302, 7.459972816244027 ], [ 122.295864389241302, 7.450989704494116 ] ] ] } },
{ "type": "Feature", "properties": { "grid_id": "45_66", "x_idx": 45, "y_idx": 66 }, "geometry": { "type": "Polygon", "coordinates": [ [ [ 122.304918020405864, 7.450989704494116 ], [ 122.313971651570441, 7.450989704494116 ], [ 122.313971651570441, 7.459972816244027 ], [ 122.304918020405864, 7.459972816244027 ], [ 122.304918020405864, 7.450989704494116 ] ] ] } },
{ "type": "Feature", "properties": { "grid_id": "46_66", "x_idx": 46, "y_idx": 66 }, "geometry": { "type": "Polygon", "coordinates": [ [ [ 122.313971651570441, 7.450989704494116 ], [ 122.323025282735017, 7.450989704494116 ], [ 122.323025282735017, 7.459972816244027 ], [ 122.313971651570441, 7.459972816244027 ], [ 122.313971651570441, 7.450989704494116 ] ] ] } },
{ "type": "Feature", "properties": { "grid_id": "47_66", "x_idx": 47, "y_idx": 66 }, "geometry": { "type": "Polygon", "coordinates": [ [ [ 122.323025282735017, 7.450989704494116 ], [ 122.332078913899593, 7.450989704494116 ], [ 122.332078913899593, 7.459972816244027 ], [ 122.323025282735017, 7.459972816244027 ], [ 122.323025282735017, 7.450989704494116 ] ] ] } },
{ "type": "Feature", "properties": { "grid_id": "48_66", "x_idx": 48, "y_idx": 66 }, "geometry": { "type": "Polygon", "coordinates": [ [ [ 122.332078913899579, 7.450989704494116 ], [ 122.341132545064156, 7.450989704494116 ], [ 122.341132545064156, 7.459972816244027 ], [ 122.332078913899579, 7.459972816244027 ], [ 122.332078913899579, 7.450989704494116 ] ] ] } },
{ "type": "Feature", "properties": { "grid_id": "49_66", "x_idx": 49, "y_idx": 66 }, "geometry": { "type": "Polygon", "coordinates": [ [ [ 122.341132545064156, 7.450989704494116 ], [ 122.350186176228732, 7.450989704494116 ], [ 122.350186176228732, 7.459972816244027 ], [ 122.341132545064156, 7.459972816244027 ], [ 122.341132545064156, 7.450989704494116 ] ] ] } },
{ "type": "Feature", "properties": { "grid_id": "50_66", "x_idx": 50, "y_idx": 66 }, "geometry": { "type": "Polygon", "coordinates": [ [ [ 122.350186176228732, 7.450989704494116 ], [ 122.359239807393308, 7.450989704494116 ], [ 122.359239807393308, 7.459972816244027 ], [ 122.350186176228732, 7.459972816244027 ], [ 122.350186176228732, 7.450989704494116 ] ] ] } },
{ "type": "Feature", "properties": { "grid_id": "36_67", "x_idx": 36, "y_idx": 67 }, "geometry": { "type": "Polygon", "coordinates": [ [ [ 122.22343533992472, 7.459972816244027 ], [ 122.232488971089296, 7.459972816244027 ], [ 122.232488971089296, 7.468955927993937 ], [ 122.22343533992472, 7.468955927993937 ], [ 122.22343533992472, 7.459972816244027 ] ] ] } },
{ "type": "Feature", "properties": { "grid_id": "37_67", "x_idx": 37, "y_idx": 67 }, "geometry": { "type": "Polygon", "coordinates": [ [ [ 122.232488971089282, 7.459972816244027 ], [ 122.241542602253858, 7.459972816244027 ], [ 122.241542602253858, 7.468955927993937 ], [ 122.232488971089282, 7.468955927993937 ], [ 122.232488971089282, 7.459972816244027 ] ] ] } },
{ "type": "Feature", "properties": { "grid_id": "38_67", "x_idx": 38, "y_idx": 67 }, "geometry": { "type": "Polygon", "coordinates": [ [ [ 122.241542602253858, 7.459972816244027 ], [ 122.250596233418435, 7.459972816244027 ], [ 122.250596233418435, 7.468955927993937 ], [ 122.241542602253858, 7.468955927993937 ], [ 122.241542602253858, 7.459972816244027 ] ] ] } },
{ "type": "Feature", "properties": { "grid_id": "39_67", "x_idx": 39, "y_idx": 67 }, "geometry": { "type": "Polygon", "coordinates": [ [ [ 122.250596233418435, 7.459972816244027 ], [ 122.259649864583011, 7.459972816244027 ], [ 122.259649864583011, 7.468955927993937 ], [ 122.250596233418435, 7.468955927993937 ], [ 122.250596233418435, 7.459972816244027 ] ] ] } },
{ "type": "Feature", "properties": { "grid_id": "40_67", "x_idx": 40, "y_idx": 67 }, "geometry": { "type": "Polygon", "coordinates": [ [ [ 122.259649864583011, 7.459972816244027 ], [ 122.268703495747587, 7.459972816244027 ], [ 122.268703495747587, 7.468955927993937 ], [ 122.259649864583011, 7.468955927993937 ], [ 122.259649864583011, 7.459972816244027 ] ] ] } },
{ "type": "Feature", "properties": { "grid_id": "41_67", "x_idx": 41, "y_idx": 67 }, "geometry": { "type": "Polygon", "coordinates": [ [ [ 122.268703495747573, 7.459972816244027 ], [ 122.277757126912149, 7.459972816244027 ], [ 122.277757126912149, 7.468955927993937 ], [ 122.268703495747573, 7.468955927993937 ], [ 122.268703495747573, 7.459972816244027 ] ] ] } },
{ "type": "Feature", "properties": { "grid_id": "42_67", "x_idx": 42, "y_idx": 67 }, "geometry": { "type": "Polygon", "coordinates": [ [ [ 122.277757126912149, 7.459972816244027 ], [ 122.286810758076726, 7.459972816244027 ], [ 122.286810758076726, 7.468955927993937 ], [ 122.277757126912149, 7.468955927993937 ], [ 122.277757126912149, 7.459972816244027 ] ] ] } },
{ "type": "Feature", "properties": { "grid_id": "43_67", "x_idx": 43, "y_idx": 67 }, "geometry": { "type": "Polygon", "coordinates": [ [ [ 122.286810758076726, 7.459972816244027 ], [ 122.295864389241302, 7.459972816244027 ], [ 122.295864389241302, 7.468955927993937 ], [ 122.286810758076726, 7.468955927993937 ], [ 122.286810758076726, 7.459972816244027 ] ] ] } },
{ "type": "Feature", "properties": { "grid_id": "44_67", "x_idx": 44, "y_idx": 67 }, "geometry": { "type": "Polygon", "coordinates": [ [ [ 122.295864389241302, 7.459972816244027 ], [ 122.304918020405879, 7.459972816244027 ], [ 122.304918020405879, 7.468955927993937 ], [ 122.295864389241302, 7.468955927993937 ], [ 122.295864389241302, 7.459972816244027 ] ] ] } },
{ "type": "Feature", "properties": { "grid_id": "45_67", "x_idx": 45, "y_idx": 67 }, "geometry": { "type": "Polygon", "coordinates": [ [ [ 122.304918020405864, 7.459972816244027 ], [ 122.313971651570441, 7.459972816244027 ], [ 122.313971651570441, 7.468955927993937 ], [ 122.304918020405864, 7.468955927993937 ], [ 122.304918020405864, 7.459972816244027 ] ] ] } },
{ "type": "Feature", "properties": { "grid_id": "46_67", "x_idx": 46, "y_idx": 67 }, "geometry": { "type": "Polygon", "coordinates": [ [ [ 122.313971651570441, 7.459972816244027 ], [ 122.323025282735017, 7.459972816244027 ], [ 122.323025282735017, 7.468955927993937 ], [ 122.313971651570441, 7.468955927993937 ], [ 122.313971651570441, 7.459972816244027 ] ] ] } },
{ "type": "Feature", "properties": { "grid_id": "47_67", "x_idx": 47, "y_idx": 67 }, "geometry": { "type": "Polygon", "coordinates": [ [ [ 122.323025282735017, 7.459972816244027 ], [ 122.332078913899593, 7.459972816244027 ], [ 122.332078913899593, 7.468955927993937 ], [ 122.323025282735017, 7.468955927993937 ], [ 122.323025282735017, 7.459972816244027 ] ] ] } },
{ "type": "Feature", "properties": { "grid_id": "48_67", "x_idx": 48, "y_idx": 67 }, "geometry": { "type": "Polygon", "coordinates": [ [ [ 122.332078913899579, 7.459972816244027 ], [ 122.341132545064156, 7.459972816244027 ], [ 122.341132545064156, 7.468955927993937 ], [ 122.332078913899579, 7.468955927993937 ], [ 122.332078913899579, 7.459972816244027 ] ] ] } },
{ "type": "Feature", "properties": { "grid_id": "49_67", "x_idx": 49, "y_idx": 67 }, "geometry": { "type": "Polygon", "coordinates": [ [ [ 122.341132545064156, 7.459972816244027 ], [ 122.350186176228732, 7.459972816244027 ], [ 122.350186176228732, 7.468955927993937 ], [ 122.341132545064156, 7.468955927993937 ], [ 122.341132545064156, 7.459972816244027 ] ] ] } },
{ "type": "Feature", "properties": { "grid_id": "37_68", "x_idx": 37, "y_idx": 68 }, "geometry": { "type": "Polygon", "coordinates": [ [ [ 122.232488971089282, 7.468955927993936 ], [ 122.241542602253858, 7.468955927993936 ], [ 122.241542602253858, 7.477939039743847 ], [ 122.232488971089282, 7.477939039743847 ], [ 122.232488971089282, 7.468955927993936 ] ] ] } },
{ "type": "Feature", "properties": { "grid_id": "38_68", "x_idx": 38, "y_idx": 68 }, "geometry": { "type": "Polygon", "coordinates": [ [ [ 122.241542602253858, 7.468955927993936 ], [ 122.250596233418435, 7.468955927993936 ], [ 122.250596233418435, 7.477939039743847 ], [ 122.241542602253858, 7.477939039743847 ], [ 122.241542602253858, 7.468955927993936 ] ] ] } },
{ "type": "Feature", "properties": { "grid_id": "39_68", "x_idx": 39, "y_idx": 68 }, "geometry": { "type": "Polygon", "coordinates": [ [ [ 122.250596233418435, 7.468955927993936 ], [ 122.259649864583011, 7.468955927993936 ], [ 122.259649864583011, 7.477939039743847 ], [ 122.250596233418435, 7.477939039743847 ], [ 122.250596233418435, 7.468955927993936 ] ] ] } },
{ "type": "Feature", "properties": { "grid_id": "40_68", "x_idx": 40, "y_idx": 68 }, "geometry": { "type": "Polygon", "coordinates": [ [ [ 122.259649864583011, 7.468955927993936 ], [ 122.268703495747587, 7.468955927993936 ], [ 122.268703495747587, 7.477939039743847 ], [ 122.259649864583011, 7.477939039743847 ], [ 122.259649864583011, 7.468955927993936 ] ] ] } },
{ "type": "Feature", "properties": { "grid_id": "41_68", "x_idx": 41, "y_idx": 68 }, "geometry": { "type": "Polygon", "coordinates": [ [ [ 122.268703495747573, 7.468955927993936 ], [ 122.277757126912149, 7.468955927993936 ], [ 122.277757126912149, 7.477939039743847 ], [ 122.268703495747573, 7.477939039743847 ], [ 122.268703495747573, 7.468955927993936 ] ] ] } },
{ "type": "Feature", "properties": { "grid_id": "42_68", "x_idx": 42, "y_idx": 68 }, "geometry": { "type": "Polygon", "coordinates": [ [ [ 122.277757126912149, 7.468955927993936 ], [ 122.286810758076726, 7.468955927993936 ], [ 122.286810758076726, 7.477939039743847 ], [ 122.277757126912149, 7.477939039743847 ], [ 122.277757126912149, 7.468955927993936 ] ] ] } },
{ "type": "Feature", "properties": { "grid_id": "43_68", "x_idx": 43, "y_idx": 68 }, "geometry": { "type": "Polygon", "coordinates": [ [ [ 122.286810758076726, 7.468955927993936 ], [ 122.295864389241302, 7.468955927993936 ], [ 122.295864389241302, 7.477939039743847 ], [ 122.286810758076726, 7.477939039743847 ], [ 122.286810758076726, 7.468955927993936 ] ] ] } },
{ "type": "Feature", "properties": { "grid_id": "44_68", "x_idx": 44, "y_idx": 68 }, "geometry": { "type": "Polygon", "coordinates": [ [ [ 122.295864389241302, 7.468955927993936 ], [ 122.304918020405879, 7.468955927993936 ], [ 122.304918020405879, 7.477939039743847 ], [ 122.295864389241302, 7.477939039743847 ], [ 122.295864389241302, 7.468955927993936 ] ] ] } },
{ "type": "Feature", "properties": { "grid_id": "45_68", "x_idx": 45, "y_idx": 68 }, "geometry": { "type": "Polygon", "coordinates": [ [ [ 122.304918020405864, 7.468955927993936 ], [ 122.313971651570441, 7.468955927993936 ], [ 122.313971651570441, 7.477939039743847 ], [ 122.304918020405864, 7.477939039743847 ], [ 122.304918020405864, 7.468955927993936 ] ] ] } },
{ "type": "Feature", "properties": { "grid_id": "46_68", "x_idx": 46, "y_idx": 68 }, "geometry": { "type": "Polygon", "coordinates": [ [ [ 122.313971651570441, 7.468955927993936 ], [ 122.323025282735017, 7.468955927993936 ], [ 122.323025282735017, 7.477939039743847 ], [ 122.313971651570441, 7.477939039743847 ], [ 122.313971651570441, 7.468955927993936 ] ] ] } },
{ "type": "Feature", "properties": { "grid_id": "47_68", "x_idx": 47, "y_idx": 68 }, "geometry": { "type": "Polygon", "coordinates": [ [ [ 122.323025282735017, 7.468955927993936 ], [ 122.332078913899593, 7.468955927993936 ], [ 122.332078913899593, 7.477939039743847 ], [ 122.323025282735017, 7.477939039743847 ], [ 122.323025282735017, 7.468955927993936 ] ] ] } },
{ "type": "Feature", "properties": { "grid_id": "37_69", "x_idx": 37, "y_idx": 69 }, "geometry": { "type": "Polygon", "coordinates": [ [ [ 122.232488971089282, 7.477939039743847 ], [ 122.241542602253858, 7.477939039743847 ], [ 122.241542602253858, 7.486922151493757 ], [ 122.232488971089282, 7.486922151493757 ], [ 122.232488971089282, 7.477939039743847 ] ] ] } },
{ "type": "Feature", "properties": { "grid_id": "38_69", "x_idx": 38, "y_idx": 69 }, "geometry": { "type": "Polygon", "coordinates": [ [ [ 122.241542602253858, 7.477939039743847 ], [ 122.250596233418435, 7.477939039743847 ], [ 122.250596233418435, 7.486922151493757 ], [ 122.241542602253858, 7.486922151493757 ], [ 122.241542602253858, 7.477939039743847 ] ] ] } },
{ "type": "Feature", "properties": { "grid_id": "39_69", "x_idx": 39, "y_idx": 69 }, "geometry": { "type": "Polygon", "coordinates": [ [ [ 122.250596233418435, 7.477939039743847 ], [ 122.259649864583011, 7.477939039743847 ], [ 122.259649864583011, 7.486922151493757 ], [ 122.250596233418435, 7.486922151493757 ], [ 122.250596233418435, 7.477939039743847 ] ] ] } },
{ "type": "Feature", "properties": { "grid_id": "40_69", "x_idx": 40, "y_idx": 69 }, "geometry": { "type": "Polygon", "coordinates": [ [ [ 122.259649864583011, 7.477939039743847 ], [ 122.268703495747587, 7.477939039743847 ], [ 122.268703495747587, 7.486922151493757 ], [ 122.259649864583011, 7.486922151493757 ], [ 122.259649864583011, 7.477939039743847 ] ] ] } },
{ "type": "Feature", "properties": { "grid_id": "41_69", "x_idx": 41, "y_idx": 69 }, "geometry": { "type": "Polygon", "coordinates": [ [ [ 122.268703495747573, 7.477939039743847 ], [ 122.277757126912149, 7.477939039743847 ], [ 122.277757126912149, 7.486922151493757 ], [ 122.268703495747573, 7.486922151493757 ], [ 122.268703495747573, 7.477939039743847 ] ] ] } },
{ "type": "Feature", "properties": { "grid_id": "42_69", "x_idx": 42, "y_idx": 69 }, "geometry": { "type": "Polygon", "coordinates": [ [ [ 122.277757126912149, 7.477939039743847 ], [ 122.286810758076726, 7.477939039743847 ], [ 122.286810758076726, 7.486922151493757 ], [ 122.277757126912149, 7.486922151493757 ], [ 122.277757126912149, 7.477939039743847 ] ] ] } },
{ "type": "Feature", "properties": { "grid_id": "43_69", "x_idx": 43, "y_idx": 69 }, "geometry": { "type": "Polygon", "coordinates": [ [ [ 122.286810758076726, 7.477939039743847 ], [ 122.295864389241302, 7.477939039743847 ], [ 122.295864389241302, 7.486922151493757 ], [ 122.286810758076726, 7.486922151493757 ], [ 122.286810758076726, 7.477939039743847 ] ] ] } },
{ "type": "Feature", "properties": { "grid_id": "44_69", "x_idx": 44, "y_idx": 69 }, "geometry": { "type": "Polygon", "coordinates": [ [ [ 122.295864389241302, 7.477939039743847 ], [ 122.304918020405879, 7.477939039743847 ], [ 122.304918020405879, 7.486922151493757 ], [ 122.295864389241302, 7.486922151493757 ], [ 122.295864389241302, 7.477939039743847 ] ] ] } },
{ "type": "Feature", "properties": { "grid_id": "45_69", "x_idx": 45, "y_idx": 69 }, "geometry": { "type": "Polygon", "coordinates": [ [ [ 122.304918020405864, 7.477939039743847 ], [ 122.313971651570441, 7.477939039743847 ], [ 122.313971651570441, 7.486922151493757 ], [ 122.304918020405864, 7.486922151493757 ], [ 122.304918020405864, 7.477939039743847 ] ] ] } },
{ "type": "Feature", "properties": { "grid_id": "39_70", "x_idx": 39, "y_idx": 70 }, "geometry": { "type": "Polygon", "coordinates": [ [ [ 122.250596233418435, 7.486922151493757 ], [ 122.259649864583011, 7.486922151493757 ], [ 122.259649864583011, 7.495905263243667 ], [ 122.250596233418435, 7.495905263243667 ], [ 122.250596233418435, 7.486922151493757 ] ] ] } },
{ "type": "Feature", "properties": { "grid_id": "40_70", "x_idx": 40, "y_idx": 70 }, "geometry": { "type": "Polygon", "coordinates": [ [ [ 122.259649864583011, 7.486922151493757 ], [ 122.268703495747587, 7.486922151493757 ], [ 122.268703495747587, 7.495905263243667 ], [ 122.259649864583011, 7.495905263243667 ], [ 122.259649864583011, 7.486922151493757 ] ] ] } },
{ "type": "Feature", "properties": { "grid_id": "41_70", "x_idx": 41, "y_idx": 70 }, "geometry": { "type": "Polygon", "coordinates": [ [ [ 122.268703495747573, 7.486922151493757 ], [ 122.277757126912149, 7.486922151493757 ], [ 122.277757126912149, 7.495905263243667 ], [ 122.268703495747573, 7.495905263243667 ], [ 122.268703495747573, 7.486922151493757 ] ] ] } },
{ "type": "Feature", "properties": { "grid_id": "42_70", "x_idx": 42, "y_idx": 70 }, "geometry": { "type": "Polygon", "coordinates": [ [ [ 122.277757126912149, 7.486922151493757 ], [ 122.286810758076726, 7.486922151493757 ], [ 122.286810758076726, 7.495905263243667 ], [ 122.277757126912149, 7.495905263243667 ], [ 122.277757126912149, 7.486922151493757 ] ] ] } },
{ "type": "Feature", "properties": { "grid_id": "43_70", "x_idx": 43, "y_idx": 70 }, "geometry": { "type": "Polygon", "coordinates": [ [ [ 122.286810758076726, 7.486922151493757 ], [ 122.295864389241302, 7.486922151493757 ], [ 122.295864389241302, 7.495905263243667 ], [ 122.286810758076726, 7.495905263243667 ], [ 122.286810758076726, 7.486922151493757 ] ] ] } },
{ "type": "Feature", "properties": { "grid_id": "44_70", "x_idx": 44, "y_idx": 70 }, "geometry": { "type": "Polygon", "coordinates": [ [ [ 122.295864389241302, 7.486922151493757 ], [ 122.304918020405879, 7.486922151493757 ], [ 122.304918020405879, 7.495905263243667 ], [ 122.295864389241302, 7.495905263243667 ], [ 122.295864389241302, 7.486922151493757 ] ] ] } },
{ "type": "Feature", "properties": { "grid_id": "40_71", "x_idx": 40, "y_idx": 71 }, "geometry": { "type": "Polygon", "coordinates": [ [ [ 122.259649864583011, 7.495905263243667 ], [ 122.268703495747587, 7.495905263243667 ], [ 122.268703495747587, 7.504888374993578 ], [ 122.259649864583011, 7.504888374993578 ], [ 122.259649864583011, 7.495905263243667 ] ] ] } },
{ "type": "Feature", "properties": { "grid_id": "41_71", "x_idx": 41, "y_idx": 71 }, "geometry": { "type": "Polygon", "coordinates": [ [ [ 122.268703495747573, 7.495905263243667 ], [ 122.277757126912149, 7.495905263243667 ], [ 122.277757126912149, 7.504888374993578 ], [ 122.268703495747573, 7.504888374993578 ], [ 122.268703495747573, 7.495905263243667 ] ] ] } },
{ "type": "Feature", "properties": { "grid_id": "42_71", "x_idx": 42, "y_idx": 71 }, "geometry": { "type": "Polygon", "coordinates": [ [ [ 122.277757126912149, 7.495905263243667 ], [ 122.286810758076726, 7.495905263243667 ], [ 122.286810758076726, 7.504888374993578 ], [ 122.277757126912149, 7.504888374993578 ], [ 122.277757126912149, 7.495905263243667 ] ] ] } },
{ "type": "Feature", "properties": { "grid_id": "43_71", "x_idx": 43, "y_idx": 71 }, "geometry": { "type": "Polygon", "coordinates": [ [ [ 122.286810758076726, 7.495905263243667 ], [ 122.295864389241302, 7.495905263243667 ], [ 122.295864389241302, 7.504888374993578 ], [ 122.286810758076726, 7.504888374993578 ], [ 122.286810758076726, 7.495905263243667 ] ] ] } },
{ "type": "Feature", "properties": { "grid_id": "41_72", "x_idx": 41, "y_idx": 72 }, "geometry": { "type": "Polygon", "coordinates": [ [ [ 122.268703495747573, 7.504888374993577 ], [ 122.277757126912149, 7.504888374993577 ], [ 122.277757126912149, 7.513871486743487 ], [ 122.268703495747573, 7.513871486743487 ], [ 122.268703495747573, 7.504888374993577 ] ] ] } },
{ "type": "Feature", "properties": { "grid_id": "42_72", "x_idx": 42, "y_idx": 72 }, "geometry": { "type": "Polygon", "coordinates": [ [ [ 122.277757126912149, 7.504888374993577 ], [ 122.286810758076726, 7.504888374993577 ], [ 122.286810758076726, 7.513871486743487 ], [ 122.277757126912149, 7.513871486743487 ], [ 122.277757126912149, 7.504888374993577 ] ] ] } },
{ "type": "Feature", "properties": { "grid_id": "43_72", "x_idx": 43, "y_idx": 72 }, "geometry": { "type": "Polygon", "coordinates": [ [ [ 122.286810758076726, 7.504888374993577 ], [ 122.295864389241302, 7.504888374993577 ], [ 122.295864389241302, 7.513871486743487 ], [ 122.286810758076726, 7.513871486743487 ], [ 122.286810758076726, 7.504888374993577 ] ] ] } }
]
}
