{
  "type": "FeatureCollection",
  "generator": "overpass-turbo",
  "copyright": "The data included in this document is from www.openstreetmap.org. The data is made available under ODbL.",
  "timestamp": "2025-10-22T02:22:38Z",
  "features": [
    {
      "type": "Feature",
      "properties": {
        "@id": "relation/3297222",
        "addr:barangay": "Bolong",
        "addr:city": "Zamboanga City",
        "addr:place": "Purok 6",
        "addr:postcode": "7000",
        "addr:province": "Zamboanga del Sur",
        "amenity": "school",
        "isced:level": "2;3",
        "name": "Bolong National High School",
        "operator": "Department of Education",
        "operator:short": "DepEd",
        "operator:type": "government",
        "operator:wikidata": "Q3550346",
        "ref": "303917",
        "type": "multipolygon",
        "@geometry": "center"
      },
      "geometry": {
        "type": "Point",
        "coordinates": [
          122.2380584,
          7.1000576
        ]
      },
      "id": "relation/3297222"
    },
    {
      "type": "Feature",
      "properties": {
        "@id": "relation/3297223",
        "addr:barangay": "Bolong",
        "addr:city": "Zamboanga City",
        "addr:neighbourhood": "Purok 5",
        "addr:place": "Bolong",
        "addr:postcode": "7000",
        "addr:province": "Zamboanga del Sur",
        "amenity": "school",
        "isced:level": "0;1",
        "name": "Bolong Elementary School",
        "operator": "Manicahan District",
        "operator:type": "government",
        "operator:wikidata": "Q130253631",
        "population:pupils": "1024",
        "population:pupils:date": "2015",
        "ref": "126152",
        "start_date": "1937",
        "type": "multipolygon",
        "@geometry": "center"
      },
      "geometry": {
        "type": "Point",
        "coordinates": [
          122.2371711,
          7.099314
        ]
      },
      "id": "relation/3297223"
    },
    {
      "type": "Feature",
      "properties": {
        "@id": "relation/3590327",
        "addr:city": "Zamboanga City",
        "barrier": "city_wall",
        "height": "4",
        "historic": "fort",
        "name": "Fort Pilar",
        "official_name": "El Fuerte Real de Nuestra Señora Virgen del Pilar de Zaragoza",
        "opening_hours": "08:00-17:00",
        "operator": "National Museum of the Philippines",
        "tourism": "yes",
        "type": "multipolygon",
        "wikidata": "Q1438657",
        "wikimedia_commons": "Category:Fort Pilar",
        "wikipedia": "en:Fort Pilar",
        "@geometry": "center"
      },
      "geometry": {
        "type": "Point",
        "coordinates": [
          122.0821964,
          6.9011314
        ]
      },
      "id": "relation/3590327"
    },
    {
      "type": "Feature",
      "properties": {
        "@id": "relation/3607922",
        "addr:barangay": "Bolong",
        "addr:city": "Zamboanga City",
        "addr:place": "Mangga",
        "addr:postcode": "7000",
        "addr:province": "Zamboanga del Sur",
        "amenity": "school",
        "isced:level": "0;1",
        "name": "Mangga Elementary School",
        "name:cbk": "Escuela Elementaria de Mangga",
        "operator": "Manicahan District of Zamboanga City Schools Division, DepEd",
        "operator:type": "government",
        "operator:wikidata": "Q3550346",
        "population:pupils": "293",
        "population:pupils:date": "2015",
        "ref": "126163",
        "start_date": "2000",
        "type": "multipolygon",
        "@geometry": "center"
      },
      "geometry": {
        "type": "Point",
        "coordinates": [
          122.2254594,
          7.1090094
        ]
      },
      "id": "relation/3607922"
    },
    {
      "type": "Feature",
      "properties": {
        "@id": "relation/3616927",
        "addr:city": "Zamboanga City",
        "addr:postcode": "7000",
        "addr:province": "Zamboanga del Sur",
        "addr:street": "Gov. Ramos Avenue",
        "amenity": "school",
        "barrier": "fence",
        "isced:level": "2;3",
        "name": "Don Pablo A. Lorenzo Memorial High School",
        "operator": "Sta. Maria District of Zamboanga City Schools Division, DepEd",
        "operator:type": "government",
        "operator:wikidata": "Q3550346",
        "population:pupils": "5620",
        "population:pupils:date": "2015",
        "ref": "303923",
        "specialized_education": "special_needs",
        "start_date": "1994",
        "type": "multipolygon",
        "@geometry": "center"
      },
      "geometry": {
        "type": "Point",
        "coordinates": [
          122.058823,
          6.9272474
        ]
      },
      "id": "relation/3616927"
    },
    {
      "type": "Feature",
      "properties": {
        "@id": "relation/3619593",
        "addr:city": "Zamboanga",
        "addr:postcode": "7000",
        "addr:village": "Santa Barbara",
        "amenity": "place_of_worship",
        "barrier": "fence",
        "name": "Masjid Santa Barbara",
        "religion": "muslim",
        "type": "multipolygon",
        "@geometry": "center"
      },
      "geometry": {
        "type": "Point",
        "coordinates": [
          122.081469,
          6.9035564
        ]
      },
      "id": "relation/3619593"
    },
    {
      "type": "Feature",
      "properties": {
        "@id": "relation/3679647",
        "addr:city": "Zamboanga City",
        "addr:neighbourhood": "Baliwasan",
        "addr:postcode": "7000",
        "amenity": "university",
        "name": "Zamboanga Peninsula Polytechnic State University",
        "old_name": "Zamboanga City State Polytechnic College;Zamboanga School of Arts and Trades",
        "ownership": "national",
        "short_name": "ZPPSU",
        "type": "multipolygon",
        "website": "https://zppsu.edu.ph/",
        "wikidata": "Q8065731",
        "wikipedia": "en:Zamboanga Peninsula Polytechnic State University",
        "@geometry": "center"
      },
      "geometry": {
        "type": "Point",
        "coordinates": [
          122.0592944,
          6.9131185
        ]
      },
      "id": "relation/3679647"
    },
    {
      "type": "Feature",
      "properties": {
        "@id": "relation/3679648",
        "addr:barangay": "San Jose Road",
        "addr:city": "Zamboanga City",
        "addr:postcode": "7000",
        "addr:province": "Zamboanga del Sur",
        "addr:street": "Atty. Baban Street",
        "amenity": "school",
        "isced:level": "2",
        "name": "Zamboanga National High School – West",
        "operator": "Baliwasan District of Zamboanga City Schools Division, DepEd",
        "operator:type": "government",
        "operator:wikidata": "Q3550346",
        "population:pupils": "6903",
        "population:pupils:date": "2015",
        "ref": "303942",
        "specialized_education": "special_needs",
        "start_date": "1986-06-30",
        "type": "multipolygon",
        "@geometry": "center"
      },
      "geometry": {
        "type": "Point",
        "coordinates": [
          122.0616917,
          6.9109437
        ]
      },
      "id": "relation/3679648"
    },
    {
      "type": "Feature",
      "properties": {
        "@id": "relation/3679683",
        "barrier": "wall",
        "leisure": "sports_centre",
        "name": "Joaquin F. Enriquez Memorial Sports Complex",
        "ownership": "city",
        "source": "Bing",
        "sport": "multi",
        "type": "multipolygon",
        "@geometry": "center"
      },
      "geometry": {
        "type": "Point",
        "coordinates": [
          122.0624338,
          6.9113935
        ]
      },
      "id": "relation/3679683"
    },
    {
      "type": "Feature",
      "properties": {
        "@id": "relation/3680058",
        "leisure": "pitch",
        "name": "Track and Athletics Field",
        "type": "multipolygon",
        "@geometry": "center"
      },
      "geometry": {
        "type": "Point",
        "coordinates": [
          122.062472,
          6.9116705
        ]
      },
      "id": "relation/3680058"
    },
    {
      "type": "Feature",
      "properties": {
        "@id": "relation/3688026",
        "addr:city": "Zamboanga",
        "addr:street": "Evangelista Street",
        "amenity": "hospital",
        "beds": "400",
        "capacity:beds": "250",
        "contact:phone": "+6362 9912934",
        "emergency": "yes",
        "healthcare": "hospital",
        "name": "Zamboanga City Medical Center",
        "name:en": "Zamboanga City Medical Center",
        "old_name": "Zamboanga General Hospital",
        "operator": "Department of Health",
        "operator:type": "government",
        "ref": "DOH000000000003815",
        "site": "hospital",
        "type": "site",
        "@geometry": "center"
      },
      "geometry": {
        "type": "Point",
        "coordinates": [
          122.0813157,
          6.9068262
        ]
      },
      "id": "relation/3688026"
    },
    {
      "type": "Feature",
      "properties": {
        "@id": "relation/3688071",
        "leisure": "park",
        "name": "Plaza del Pilar",
        "name:es": "Plaza del Pilar",
        "type": "multipolygon",
        "@geometry": "center"
      },
      "geometry": {
        "type": "Point",
        "coordinates": [
          122.0820413,
          6.9020344
        ]
      },
      "id": "relation/3688071"
    },
    {
      "type": "Feature",
      "properties": {
        "@id": "relation/3719835",
        "addr:city": "Zamboanga",
        "addr:postcode": "7000",
        "addr:street": "Governor Lim Avenue",
        "addr:village": "Zone IV",
        "building": "yes",
        "building:levels": "4",
        "name": "Shop-O-Rama",
        "shop": "department_store",
        "type": "multipolygon",
        "@geometry": "center"
      },
      "geometry": {
        "type": "Point",
        "coordinates": [
          122.0756654,
          6.9061183
        ]
      },
      "id": "relation/3719835"
    },
    {
      "type": "Feature",
      "properties": {
        "@id": "relation/7710409",
        "addr:city": "Zamboanga",
        "alt_name": "Zamboanga Wharf",
        "amenity": "ferry_terminal",
        "ferry": "yes",
        "industrial": "port",
        "int_name": "Zamboanga International Seaport",
        "landuse": "industrial",
        "name": "Port of Zamboanga",
        "public_transport": "station",
        "type": "multipolygon",
        "waterway:port_type": "sea_port",
        "@geometry": "center"
      },
      "geometry": {
        "type": "Point",
        "coordinates": [
          122.0733024,
          6.903188
        ]
      },
      "id": "relation/7710409"
    },
    {
      "type": "Feature",
      "properties": {
        "@id": "relation/10476797",
        "addr:barangay": "Ayala",
        "addr:city": "Zamboanga City",
        "addr:postcode": "7000",
        "addr:province": "Zamboanga del Sur",
        "addr:purok": "Zone 6",
        "addr:street": "Zamboanga City-Labuan-Limpapa Road",
        "amenity": "school",
        "isced:level": "2;3",
        "name": "Ayala National High School",
        "operator": "Department of Education",
        "operator:short": "DepEd",
        "operator:type": "government",
        "operator:wikidata": "Q3550346",
        "ref": "303915",
        "specialized_education": "special_needs",
        "type": "multipolygon",
        "@geometry": "center"
      },
      "geometry": {
        "type": "Point",
        "coordinates": [
          121.949345,
          6.9625677
        ]
      },
      "id": "relation/10476797"
    },
    {
      "type": "Feature",
      "properties": {
        "@id": "relation/11269764",
        "addr:barangay": "Calarian",
        "addr:city": "Zamboanga City",
        "addr:place": "Flamingo Village",
        "addr:postcode": "7000",
        "addr:province": "Zamboanga del Sur",
        "amenity": "school",
        "contact:facebook": "https://www.facebook.com/Southern-Support-Command-Elementary-School-103194495380033",
        "isced:level": "0;1",
        "name": "Southern Support Command Elementary School",
        "name:cbk": "Escuela Elementaria de Southern Support Command",
        "operator": "Baliwasan District, Zamboanga City School Division, DepEd",
        "operator:type": "government",
        "operator:wikidata": "Q3550346",
        "population:pupils": "2076",
        "population:pupils:date": "2015",
        "ref": "126114",
        "start_date": "1983",
        "type": "multipolygon",
        "@geometry": "center"
      },
      "geometry": {
        "type": "Point",
        "coordinates": [
          122.0196308,
          6.9285935
        ]
      },
      "id": "relation/11269764"
    },
    {
      "type": "Feature",
      "properties": {
        "@id": "relation/11547930",
        "addr:barangay": "Boalan",
        "addr:city": "Zamboanga",
        "addr:postcode": "7000",
        "addr:street": "Maria Clara L. Lobregat Highway",
        "building": "yes",
        "name": "Citi Hardware Gensan, Inc.",
        "shop": "hardware",
        "type": "multipolygon",
        "@geometry": "center"
      },
      "geometry": {
        "type": "Point",
        "coordinates": [
          122.1230767,
          6.9527784
        ]
      },
      "id": "relation/11547930"
    },
    {
      "type": "Feature",
      "properties": {
        "@id": "relation/13915965",
        "access": "customers",
        "amenity": "parking",
        "type": "multipolygon",
        "@geometry": "center"
      },
      "geometry": {
        "type": "Point",
        "coordinates": [
          122.0698251,
          6.9049935
        ]
      },
      "id": "relation/13915965"
    },
    {
      "type": "Feature",
      "properties": {
        "@id": "relation/15324166",
        "leisure": "park",
        "type": "multipolygon",
        "@geometry": "center"
      },
      "geometry": {
        "type": "Point",
        "coordinates": [
          122.0648712,
          6.9086654
        ]
      },
      "id": "relation/15324166"
    },
    {
      "type": "Feature",
      "properties": {
        "@id": "relation/15324176",
        "amenity": "college",
        "name": "Brent Colleges",
        "operator": "Brent Hospital and Colleges, Incorporated",
        "type": "multipolygon",
        "@geometry": "center"
      },
      "geometry": {
        "type": "Point",
        "coordinates": [
          122.0682878,
          6.9088372
        ]
      },
      "id": "relation/15324176"
    },
    {
      "type": "Feature",
      "properties": {
        "@id": "relation/15324177",
        "addr:street": "R.T. Lim Boulevard",
        "alt_name": "Brent Hospital and Colleges",
        "amenity": "hospital",
        "capacity:beds": "100",
        "emergency": "yes",
        "name": "Brent Hospital",
        "operator": "Brent Hospital and Colleges, Incorporated",
        "type": "multipolygon",
        "@geometry": "center"
      },
      "geometry": {
        "type": "Point",
        "coordinates": [
          122.0683241,
          6.9079298
        ]
      },
      "id": "relation/15324177"
    },
    {
      "type": "Feature",
      "properties": {
        "@id": "relation/15326353",
        "addr:city": "Zamboanga City",
        "addr:postcode": "7000",
        "addr:province": "Zamboanga del Sur",
        "amenity": "school",
        "barrier": "fence",
        "contact:phone": "+63 62 991 8303;+63 62 9911118;+63 62 991 8506",
        "contact:website": "http://claretzamboanga.com/",
        "isced:level": "0;1;2;3",
        "name": "Claret School of Zamboanga City",
        "operator": "Congregation of Missionary Sons of the Immaculate Heart of Mary (CMF) - Philippine Mission",
        "ref": "404927",
        "type": "multipolygon",
        "@geometry": "center"
      },
      "geometry": {
        "type": "Point",
        "coordinates": [
          122.0669667,
          6.9148386
        ]
      },
      "id": "relation/15326353"
    },
    {
      "type": "Feature",
      "properties": {
        "@id": "relation/15446323",
        "addr:barangay": "Ayala",
        "addr:city": "Zamboanga City",
        "addr:postcode": "7000",
        "addr:province": "Zamboanga del Sur",
        "addr:street": "Zamboanga City-Labuan-Limpapa Road",
        "amenity": "school",
        "isced:level": "0;1",
        "name": "Ayala Central School",
        "note": "Tags in relation.",
        "operator": "Ayala District",
        "operator:type": "government",
        "operator:wikidata": "Q130253631",
        "population:pupils": "4894",
        "population:pupils:date": "2015",
        "ref": "126097",
        "start_date": "1940",
        "type": "multipolygon",
        "@geometry": "center"
      },
      "geometry": {
        "type": "Point",
        "coordinates": [
          121.9500061,
          6.9610123
        ]
      },
      "id": "relation/15446323"
    },
    {
      "type": "Feature",
      "properties": {
        "@id": "relation/15446326",
        "addr:barangay": "Ayala",
        "addr:city": "Zamboanga City",
        "addr:postcode": "7000",
        "addr:province": "Zamboanga del Sur",
        "addr:street": "Calle San Vicente Ayala",
        "amenity": "school",
        "name": "Ayala Central School SpEd Center",
        "operator": "public",
        "school": "special_needs_education",
        "special_needs:hearing_impairment": "yes",
        "specialized_education": "special_needs",
        "type": "multipolygon",
        "@geometry": "center"
      },
      "geometry": {
        "type": "Point",
        "coordinates": [
          121.9498989,
          6.9620733
        ]
      },
      "id": "relation/15446326"
    },
    {
      "type": "Feature",
      "properties": {
        "@id": "relation/16153710",
        "access": "customers",
        "amenity": "parking",
        "operator": "L'Arcada",
        "parking": "surface",
        "type": "multipolygon",
        "@geometry": "center"
      },
      "geometry": {
        "type": "Point",
        "coordinates": [
          122.080416,
          6.9215814
        ]
      },
      "id": "relation/16153710"
    },
    {
      "type": "Feature",
      "properties": {
        "@id": "relation/16499235",
        "amenity": "school",
        "isced:level": "2;3",
        "name": "Ateneo de Zamboanga High School",
        "type": "multipolygon",
        "@geometry": "center"
      },
      "geometry": {
        "type": "Point",
        "coordinates": [
          122.0849357,
          6.9458258
        ]
      },
      "id": "relation/16499235"
    },
    {
      "type": "Feature",
      "properties": {
        "@id": "relation/18145607",
        "addr2:street": "Zaragoza Street",
        "addr:city": "Zamboanga City",
        "addr:postcode": "7000",
        "addr:province": "Zamboanga del Sur",
        "addr:street": "General Vicente Alvarez Street",
        "amenity": "school",
        "isced:level": "2;3",
        "name": "Zamboanga Chong Hua High School",
        "old_ref": "404966",
        "operator:type": "private",
        "ref": "1404966",
        "type": "multipolygon",
        "@geometry": "center"
      },
      "geometry": {
        "type": "Point",
        "coordinates": [
          122.0783012,
          6.9043884
        ]
      },
      "id": "relation/18145607"
    },
    {
      "type": "Feature",
      "properties": {
        "@id": "relation/18145700",
        "addr:city": "Zamboanga City",
        "addr:postcode": "7000",
        "addr:street": "La Purisima Street",
        "amenity": "university",
        "denomination": "roman_catholic",
        "internet_access": "wlan",
        "internet_access:fee": "no",
        "name": "Ateneo de Zamboanga University",
        "operator": "Ateneo de Zamboanga University",
        "operator:type": "university",
        "religion": "christian",
        "type": "multipolygon",
        "website": "https://www.adzu.edu.ph/",
        "@geometry": "center"
      },
      "geometry": {
        "type": "Point",
        "coordinates": [
          122.0761074,
          6.9102997
        ]
      },
      "id": "relation/18145700"
    },
    {
      "type": "Feature",
      "properties": {
        "@id": "relation/18145987",
        "addr2:street": "Natividad Street",
        "addr3:street": "P. Burgos Street",
        "addr:street": "Father Ramon Barua Street",
        "amenity": "school",
        "description": "Elementary & High School",
        "name": "Immaculate Conception Archdiocesan School",
        "old_ref": "404939",
        "ref": "1404939",
        "type": "multipolygon",
        "@geometry": "center"
      },
      "geometry": {
        "type": "Point",
        "coordinates": [
          122.090613,
          6.9181919
        ]
      },
      "id": "relation/18145987"
    },
    {
      "type": "Feature",
      "properties": {
        "@id": "relation/18145988",
        "addr:street": "Father Ramon Barua Street",
        "amenity": "college",
        "name": "ICAS College",
        "type": "multipolygon",
        "@geometry": "center"
      },
      "geometry": {
        "type": "Point",
        "coordinates": [
          122.0904561,
          6.9178657
        ]
      },
      "id": "relation/18145988"
    },
    {
      "type": "Feature",
      "properties": {
        "@id": "relation/18145990",
        "addr2:street": "Don Alfaro Street",
        "addr:street": "Father Ramon Barua Street",
        "amenity": "college",
        "name": "Pastor Bonus Seminary",
        "previously": "n6209746220",
        "type": "multipolygon",
        "@geometry": "center"
      },
      "geometry": {
        "type": "Point",
        "coordinates": [
          122.0899553,
          6.9167374
        ]
      },
      "id": "relation/18145990"
    },
    {
      "type": "Feature",
      "properties": {
        "@id": "relation/18146024",
        "addr:barangay": "Tetuan",
        "addr:city": "Zamboanga City",
        "addr:postcode": "7000",
        "addr:province": "Zamboanga del Sur",
        "amenity": "school",
        "isced:level": "2;3",
        "name": "Zamboanga City High School",
        "operator": "Tetuan District of Zamboanga City Schools Division, DepEd",
        "operator:type": "government",
        "operator:wikidata": "Q3550346",
        "population:pupils": "7979",
        "population:pupils:date": "2015",
        "ref": "303940",
        "start_date": "1946",
        "type": "multipolygon",
        "@geometry": "center"
      },
      "geometry": {
        "type": "Point",
        "coordinates": [
          122.0930491,
          6.9127315
        ]
      },
      "id": "relation/18146024"
    },
    {
      "type": "Feature",
      "properties": {
        "@id": "relation/18146026",
        "addr:quarter": "Tetuan",
        "addr:street": "Don Alfaro Street",
        "amenity": "hospital",
        "contact:phone": "+63262 991 9778",
        "name": "Premier Medical Center Zamboanga",
        "ref": "DOH000000000050489",
        "type": "multipolygon",
        "@geometry": "center"
      },
      "geometry": {
        "type": "Point",
        "coordinates": [
          122.0924679,
          6.9159283
        ]
      },
      "id": "relation/18146026"
    },
    {
      "type": "Feature",
      "properties": {
        "@id": "relation/18413615",
        "alt_name": "Eleven Islands",
        "name": "Once Islas",
        "place": "archipelago",
        "previously": "n2755475185",
        "tourism": "yes",
        "type": "multipolygon",
        "wikipedia": "en:Once Islas",
        "@geometry": "center"
      },
      "geometry": {
        "type": "Point",
        "coordinates": [
          122.2684027,
          7.1490459
        ]
      },
      "id": "relation/18413615"
    },
    {
      "type": "Feature",
      "properties": {
        "@id": "relation/18954509",
        "addr:city": "Zamboanga City",
        "addr:postcode": "7000",
        "addr:province": "Zamboanga del Sur",
        "addr:suburb": "Santa Catalina",
        "amenity": "school",
        "contact:email": "126207@deped.gov.ph",
        "isced:level": "0;1",
        "name": "Don G. Evangelista Memorial Elementary School",
        "operator": "Tetuan District of Zamboanga City Schools Division, DepEd",
        "operator:type": "government",
        "operator:wikidata": "Q3550346",
        "population:pupils": "3895",
        "population:pupils:date": "2015",
        "ref": "126207",
        "start_date": "1958",
        "type": "multipolygon",
        "@geometry": "center"
      },
      "geometry": {
        "type": "Point",
        "coordinates": [
          122.0877493,
          6.9085373
        ]
      },
      "id": "relation/18954509"
    },
    {
      "type": "Feature",
      "properties": {
        "@id": "relation/19725924",
        "addr:city": "Zamboanga City",
        "addr:place": "Purok 7",
        "addr:postcode": "7000",
        "addr:province": "Zamboanga del Sur",
        "addr:village": "Sangali",
        "amenity": "school",
        "isced:level": "0;1",
        "name": "Sangali Elementary School",
        "operator": "Manicahan District",
        "operator:type": "government",
        "operator:wikidata": "Q130253631",
        "population:pupils": "3224",
        "population:pupils:date": "2015",
        "ref": "126170",
        "start_date": "1952",
        "type": "multipolygon",
        "@geometry": "center"
      },
      "geometry": {
        "type": "Point",
        "coordinates": [
          122.2125593,
          7.0759246
        ]
      },
      "id": "relation/19725924"
    },
    {
      "type": "Feature",
      "properties": {
        "@id": "way/37121623",
        "boundary": "national_park",
        "leisure": "nature_reserve",
        "name": "Pasonanca Natural Park",
        "nipas_category": "natural park",
        "source": "PBCPP, 2002",
        "@geometry": "center"
      },
      "geometry": {
        "type": "Point",
        "coordinates": [
          122.0755,
          7.0710832
        ]
      },
      "id": "way/37121623"
    },
    {
      "type": "Feature",
      "properties": {
        "@id": "way/118717166",
        "amenity": "place_of_worship",
        "building": "yes",
        "building:levels": "2",
        "denomination": "roman_catholic",
        "description": "Outdoor Marian shrine",
        "name": "Nuestra Señora La Virgen del Pilar Shrine",
        "religion": "christian",
        "@geometry": "center"
      },
      "geometry": {
        "type": "Point",
        "coordinates": [
          122.0824434,
          6.9012344
        ]
      },
      "id": "way/118717166"
    },
    {
      "type": "Feature",
      "properties": {
        "@id": "way/235474192",
        "leisure": "park",
        "name": "Plaza Pershing",
        "@geometry": "center"
      },
      "geometry": {
        "type": "Point",
        "coordinates": [
          122.076272,
          6.905329
        ]
      },
      "id": "way/235474192"
    },
    {
      "type": "Feature",
      "properties": {
        "@id": "way/238198400",
        "amenity": "college",
        "building": "yes",
        "building:levels": "4",
        "name": "Colegio de Moderno Technico Y Informatico",
        "@geometry": "center"
      },
      "geometry": {
        "type": "Point",
        "coordinates": [
          122.0774796,
          6.9042902
        ]
      },
      "id": "way/238198400"
    },
    {
      "type": "Feature",
      "properties": {
        "@id": "way/238198401",
        "leisure": "sports_centre",
        "sport": "multi",
        "@geometry": "center"
      },
      "geometry": {
        "type": "Point",
        "coordinates": [
          122.0587376,
          6.9139236
        ]
      },
      "id": "way/238198401"
    },
    {
      "type": "Feature",
      "properties": {
        "@id": "way/238198405",
        "addr:street": "Governor Lim Avenue",
        "amenity": "bank",
        "atm": "yes",
        "brand": "HSBC",
        "brand:wikidata": "Q190464",
        "brand:wikipedia": "en:HSBC",
        "name": "HSBC",
        "@geometry": "center"
      },
      "geometry": {
        "type": "Point",
        "coordinates": [
          122.0743041,
          6.9056002
        ]
      },
      "id": "way/238198405"
    },
    {
      "type": "Feature",
      "properties": {
        "@id": "way/238198407",
        "addr:city": "Zamboanga City",
        "addr:postcode": "7000",
        "addr:street": "Pablo Burgos",
        "amenity": "bank",
        "atm": "yes",
        "brand": "Landbank",
        "brand:wikidata": "Q6483872",
        "brand:wikipedia": "en:Land Bank of the Philippines",
        "building": "yes",
        "name": "Landbank",
        "@geometry": "center"
      },
      "geometry": {
        "type": "Point",
        "coordinates": [
          122.0797291,
          6.9024952
        ]
      },
      "id": "way/238198407"
    },
    {
      "type": "Feature",
      "properties": {
        "@id": "way/238198408",
        "addr:city": "Zamboanga City",
        "addr:postcode": "7000",
        "addr:province": "Zamboanga del Sur",
        "addr:street": "N. S. Valderosa Street",
        "amenity": "university",
        "name": "Ateneo de Zamboanga University - Lantaka Campus",
        "old_name": "Lantaka Hotel",
        "@geometry": "center"
      },
      "geometry": {
        "type": "Point",
        "coordinates": [
          122.0784862,
          6.902663
        ]
      },
      "id": "way/238198408"
    },
    {
      "type": "Feature",
      "properties": {
        "@id": "way/238198411",
        "amenity": "college",
        "name": "Pilar College",
        "@geometry": "center"
      },
      "geometry": {
        "type": "Point",
        "coordinates": [
          122.0655917,
          6.9091126
        ]
      },
      "id": "way/238198411"
    },
    {
      "type": "Feature",
      "properties": {
        "@id": "way/238198412",
        "leisure": "park",
        "name": "Plaza Alvarez",
        "@geometry": "center"
      },
      "geometry": {
        "type": "Point",
        "coordinates": [
          122.0766268,
          6.904947
        ]
      },
      "id": "way/238198412"
    },
    {
      "type": "Feature",
      "properties": {
        "@id": "way/238198414",
        "leisure": "park",
        "name": "Rizal Park",
        "@geometry": "center"
      },
      "geometry": {
        "type": "Point",
        "coordinates": [
          122.0763795,
          6.9045537
        ]
      },
      "id": "way/238198414"
    },
    {
      "type": "Feature",
      "properties": {
        "@id": "way/238198415",
        "addr:city": "Zamboanga City",
        "addr:postcode": "7000",
        "addr:street": "Governor Lim Avenue",
        "addr:street:corner": "Varela Street",
        "addr:village": "Zone I",
        "amenity": "fuel",
        "brand": "Shell",
        "brand:facebook": "https://www.facebook.com/Shell",
        "brand:website": "https://www.shell.com.ph/",
        "brand:wikidata": "Q154950",
        "brand:wikipedia": "en:Royal Dutch Shell",
        "fuel:diesel": "yes",
        "fuel:octane_91": "yes",
        "fuel:octane_95": "yes",
        "landuse": "retail",
        "name": "Shell",
        "payment:cash": "yes",
        "@geometry": "center"
      },
      "geometry": {
        "type": "Point",
        "coordinates": [
          122.0715896,
          6.9049916
        ]
      },
      "id": "way/238198415"
    },
    {
      "type": "Feature",
      "properties": {
        "@id": "way/238198419",
        "addr:city": "Zamboanga City",
        "addr:neighbourhood": "Baliwasan",
        "addr:postcode": "7000",
        "addr:street": "Normal Road",
        "amenity": "university",
        "name": "Western Mindanao State University",
        "website": "https://wmsu.edu.ph/",
        "wikidata": "Q3604493",
        "wikipedia": "en:Western Mindanao State University",
        "@geometry": "center"
      },
      "geometry": {
        "type": "Point",
        "coordinates": [
          122.0611967,
          6.9133887
        ]
      },
      "id": "way/238198419"
    },
    {
      "type": "Feature",
      "properties": {
        "@id": "way/238198420",
        "amenity": "hospital",
        "capacity:beds": "20",
        "emergency": "yes",
        "name": "Zamboanga Arturo Eustaquio Fondation Community Medical Center",
        "@geometry": "center"
      },
      "geometry": {
        "type": "Point",
        "coordinates": [
          122.0675743,
          6.9092667
        ]
      },
      "id": "way/238198420"
    },
    {
      "type": "Feature",
      "properties": {
        "@id": "way/238198421",
        "addr2:street": "Ledesman Road",
        "addr:city": "Zamboanga City",
        "addr:postcode": "7000",
        "addr:province": "Zamboanga del Sur",
        "addr:street": "Varela Street",
        "amenity": "school",
        "isced:level": "0;1",
        "name": "Zamboanga West Central School",
        "old_name": "Burleigh School",
        "operator": "Zamboanga Central District Zamboanga City Schools Division, DepEd",
        "operator:type": "government",
        "operator:wikidata": "Q3550346",
        "population:pupils": "1524",
        "population:pupils:date": "2015",
        "ref": "126262",
        "start_date": "1965",
        "@geometry": "center"
      },
      "geometry": {
        "type": "Point",
        "coordinates": [
          122.0724049,
          6.9073795
        ]
      },
      "id": "way/238198421"
    },
    {
      "type": "Feature",
      "properties": {
        "@id": "way/238198425",
        "access": "private",
        "building": "roof",
        "events_venue": "yes",
        "layer": "1",
        "leisure": "sports_hall",
        "name": "Multi-Purpose Covered Court 2",
        "old_name": "Brebeuf Gymnasium",
        "operator": "Ateneo de Zamboanga University",
        "sport": "multi;basketball;volleyball",
        "@geometry": "center"
      },
      "geometry": {
        "type": "Point",
        "coordinates": [
          122.0761447,
          6.9097524
        ]
      },
      "id": "way/238198425"
    },
    {
      "type": "Feature",
      "properties": {
        "@id": "way/238198426",
        "amenity": "place_of_worship",
        "building": "cathedral",
        "denomination": "roman_catholic",
        "name": "Metropolitan Cathedral of the Immaculate Conception",
        "note": "need to improve building footprint trace",
        "operator": "Roman Catholic Archdiocese of Zamboanga",
        "religion": "christian",
        "@geometry": "center"
      },
      "geometry": {
        "type": "Point",
        "coordinates": [
          122.0760273,
          6.9089267
        ]
      },
      "id": "way/238198426"
    },
    {
      "type": "Feature",
      "properties": {
        "@id": "way/238198430",
        "building": "yes",
        "leisure": "stadium",
        "@geometry": "center"
      },
      "geometry": {
        "type": "Point",
        "coordinates": [
          122.0619945,
          6.9111073
        ]
      },
      "id": "way/238198430"
    },
    {
      "type": "Feature",
      "properties": {
        "@id": "way/238198431",
        "amenity": "marketplace",
        "name": "Zamboanga Night Market",
        "@geometry": "center"
      },
      "geometry": {
        "type": "Point",
        "coordinates": [
          122.0794932,
          6.9094223
        ]
      },
      "id": "way/238198431"
    },
    {
      "type": "Feature",
      "properties": {
        "@id": "way/238198449",
        "air_conditioning": "yes",
        "amenity": "place_of_worship",
        "building": "yes",
        "denomination": "roman_catholic",
        "name": "University Church of the Sacred Heart of Jesus",
        "religion": "christian",
        "@geometry": "center"
      },
      "geometry": {
        "type": "Point",
        "coordinates": [
          122.0752534,
          6.9104508
        ]
      },
      "id": "way/238198449"
    },
    {
      "type": "Feature",
      "properties": {
        "@id": "way/238198463",
        "leisure": "pitch",
        "sport": "sepak_takraw",
        "@geometry": "center"
      },
      "geometry": {
        "type": "Point",
        "coordinates": [
          122.0623497,
          6.9109373
        ]
      },
      "id": "way/238198463"
    },
    {
      "type": "Feature",
      "properties": {
        "@id": "way/238198464",
        "leisure": "pitch",
        "sport": "volleyball",
        "@geometry": "center"
      },
      "geometry": {
        "type": "Point",
        "coordinates": [
          122.0620601,
          6.9125349
        ]
      },
      "id": "way/238198464"
    },
    {
      "type": "Feature",
      "properties": {
        "@id": "way/238198465",
        "leisure": "pitch",
        "sport": "volleyball",
        "@geometry": "center"
      },
      "geometry": {
        "type": "Point",
        "coordinates": [
          122.0625456,
          6.9124608
        ]
      },
      "id": "way/238198465"
    },
    {
      "type": "Feature",
      "properties": {
        "@id": "way/238198466",
        "leisure": "pitch",
        "sport": "volleyball",
        "@geometry": "center"
      },
      "geometry": {
        "type": "Point",
        "coordinates": [
          122.0622954,
          6.9126767
        ]
      },
      "id": "way/238198466"
    },
    {
      "type": "Feature",
      "properties": {
        "@id": "way/238198467",
        "amenity": "parking",
        "parking": "surface",
        "@geometry": "center"
      },
      "geometry": {
        "type": "Point",
        "coordinates": [
          122.0619512,
          6.9109082
        ]
      },
      "id": "way/238198467"
    },
    {
      "type": "Feature",
      "properties": {
        "@id": "way/238198468",
        "leisure": "pitch",
        "sport": "tennis",
        "@geometry": "center"
      },
      "geometry": {
        "type": "Point",
        "coordinates": [
          122.061739,
          6.9117544
        ]
      },
      "id": "way/238198468"
    },
    {
      "type": "Feature",
      "properties": {
        "@id": "way/238198469",
        "leisure": "pitch",
        "sport": "basketball",
        "@geometry": "center"
      },
      "geometry": {
        "type": "Point",
        "coordinates": [
          122.0619239,
          6.9115059
        ]
      },
      "id": "way/238198469"
    },
    {
      "type": "Feature",
      "properties": {
        "@id": "way/238198470",
        "addr:housename": "Zamboanga Chong Hua High School",
        "building": "roof",
        "events_venue": "yes",
        "layer": "1",
        "leisure": "sports_hall",
        "sport": "multi",
        "@geometry": "center"
      },
      "geometry": {
        "type": "Point",
        "coordinates": [
          122.0784833,
          6.9044978
        ]
      },
      "id": "way/238198470"
    },
    {
      "type": "Feature",
      "properties": {
        "@id": "way/238198472",
        "leisure": "swimming_pool",
        "sport": "swimming",
        "@geometry": "center"
      },
      "geometry": {
        "type": "Point",
        "coordinates": [
          122.0625955,
          6.9100667
        ]
      },
      "id": "way/238198472"
    },
    {
      "type": "Feature",
      "properties": {
        "@id": "way/238198473",
        "access": "private",
        "leisure": "swimming_pool",
        "@geometry": "center"
      },
      "geometry": {
        "type": "Point",
        "coordinates": [
          122.0783372,
          6.9025686
        ]
      },
      "id": "way/238198473"
    },
    {
      "type": "Feature",
      "properties": {
        "@id": "way/238198474",
        "leisure": "pitch",
        "sport": "volleyball",
        "@geometry": "center"
      },
      "geometry": {
        "type": "Point",
        "coordinates": [
          122.0618177,
          6.9122902
        ]
      },
      "id": "way/238198474"
    },
    {
      "type": "Feature",
      "properties": {
        "@id": "way/238199787",
        "access": "customers",
        "amenity": "parking",
        "building": "yes",
        "charge": "30 PHP",
        "fee": "yes",
        "layer": "-1",
        "name": "SM Parking",
        "operator": "SM City Mindpro",
        "operator:type": "business",
        "parking": "multi-storey",
        "payment:cash": "yes",
        "supervised": "yes",
        "surface": "concrete",
        "@geometry": "center"
      },
      "geometry": {
        "type": "Point",
        "coordinates": [
          122.0765352,
          6.9078797
        ]
      },
      "id": "way/238199787"
    },
    {
      "type": "Feature",
      "properties": {
        "@id": "way/238199789",
        "amenity": "marketplace",
        "name": "Zamboanga City Public Market",
        "@geometry": "center"
      },
      "geometry": {
        "type": "Point",
        "coordinates": [
          122.0739121,
          6.9039956
        ]
      },
      "id": "way/238199789"
    },
    {
      "type": "Feature",
      "properties": {
        "@id": "way/238199792",
        "addr:city": "Zamboanga City",
        "addr:postcode": "7000",
        "addr:street": "La Purisima Street",
        "air_conditioning": "yes",
        "amenity": "fast_food",
        "branch": "La Purisima",
        "brand": "McDonald's",
        "brand:wikidata": "Q38076",
        "building": "yes",
        "building:levels": "2",
        "cuisine": "burger",
        "drive_through": "no",
        "name": "McDonald's",
        "opening_hours": "24/7",
        "operator": "Golden Arches Development Corporation",
        "payment:cash": "yes",
        "payment:contactless": "yes",
        "payment:credit_cards": "yes",
        "payment:debit_cards": "yes",
        "payment:mastercard": "yes",
        "payment:visa": "yes",
        "phone": "+632 8888-6236",
        "takeaway": "yes",
        "website": "https://www.mcdelivery.com.ph/",
        "@geometry": "center"
      },
      "geometry": {
        "type": "Point",
        "coordinates": [
          122.0755134,
          6.9084688
        ]
      },
      "id": "way/238199792"
    },
    {
      "type": "Feature",
      "properties": {
        "@id": "way/238199795",
        "addr:city": "Zamboanga",
        "addr:postcode": "7000",
        "addr:street": "Don Pablo Lorenzo",
        "addr:village": "Zone IV",
        "amenity": "bank",
        "brand": "DBP",
        "brand:facebook": "https://www.facebook.com/devbankphl",
        "brand:website": "https://www.dbp.ph/",
        "brand:wikidata": "Q5266680",
        "brand:wikipedia": "en:Development Bank of the Philippines",
        "building": "yes",
        "building:levels": "2",
        "name": "DBP",
        "operator": "Development Bank of the Philippines",
        "@geometry": "center"
      },
      "geometry": {
        "type": "Point",
        "coordinates": [
          122.0754989,
          6.9037741
        ]
      },
      "id": "way/238199795"
    },
    {
      "type": "Feature",
      "properties": {
        "@id": "way/238199801",
        "addr:city": "Zamboanga City",
        "addr:postcode": "7000",
        "addr:street": "La Purisima Street",
        "building": "retail",
        "building:levels": "4",
        "check_date": "2024-09-20",
        "name": "SM City Mindpro",
        "old_name": "Mindpro",
        "opening_hours": "Mo 10:00-20:00; Tu-Su 10:00-21:00",
        "payment:app": "yes",
        "payment:cash": "yes",
        "payment:contactless": "yes",
        "payment:credit_cards": "yes",
        "payment:debit_cards": "yes",
        "payment:mastercard": "yes",
        "payment:unionpay": "yes",
        "shop": "mall",
        "@geometry": "center"
      },
      "geometry": {
        "type": "Point",
        "coordinates": [
          122.0762162,
          6.9080093
        ]
      },
      "id": "way/238199801"
    },
    {
      "type": "Feature",
      "properties": {
        "@id": "way/238203193",
        "leisure": "park",
        "name": "Pada's Park",
        "@geometry": "center"
      },
      "geometry": {
        "type": "Point",
        "coordinates": [
          122.0238635,
          6.922859
        ]
      },
      "id": "way/238203193"
    },
    {
      "type": "Feature",
      "properties": {
        "@id": "way/238203194",
        "leisure": "golf_course",
        "name": "Zamboanga City Golf Club and Beach Resort",
        "@geometry": "center"
      },
      "geometry": {
        "type": "Point",
        "coordinates": [
          122.0324883,
          6.9233243
        ]
      },
      "id": "way/238203194"
    },
    {
      "type": "Feature",
      "properties": {
        "@id": "way/238551823",
        "addr:city": "Zamboanga City",
        "addr:postcode": "7000",
        "addr:province": "Zamboanga del Sur",
        "amenity": "school",
        "isced:level": "0;1",
        "name": "Sinunuc Elementary School",
        "operator": "Ayala District of Zamboanga City Schools Division, DepEd",
        "operator:type": "government",
        "operator:wikidata": "Q3550346",
        "population:pupils": "3292",
        "population:pupils:date": "2015",
        "ref": "126104",
        "specialized_education": "special_needs",
        "start_date": "1948",
        "@geometry": "center"
      },
      "geometry": {
        "type": "Point",
        "coordinates": [
          122.001483,
          6.9341966
        ]
      },
      "id": "way/238551823"
    },
    {
      "type": "Feature",
      "properties": {
        "@id": "way/238552109",
        "amenity": "cockfighting",
        "building": "yes",
        "name": "Zamboanga Square Garden Cockfighting Arena",
        "@geometry": "center"
      },
      "geometry": {
        "type": "Point",
        "coordinates": [
          122.0091668,
          6.9301592
        ]
      },
      "id": "way/238552109"
    },
    {
      "type": "Feature",
      "properties": {
        "@id": "way/240219407",
        "amenity": "place_of_worship",
        "building": "mosque",
        "religion": "muslim",
        "@geometry": "center"
      },
      "geometry": {
        "type": "Point",
        "coordinates": [
          122.0415551,
          6.91576
        ]
      },
      "id": "way/240219407"
    },
    {
      "type": "Feature",
      "properties": {
        "@id": "way/240219413",
        "access": "private",
        "amenity": "hospital",
        "capacity:beds": "200",
        "name": "Camp Navarro General Hospital",
        "@geometry": "center"
      },
      "geometry": {
        "type": "Point",
        "coordinates": [
          122.0378088,
          6.917782
        ]
      },
      "id": "way/240219413"
    },
    {
      "type": "Feature",
      "properties": {
        "@id": "way/243878191",
        "addr:city": "Zamboanga City",
        "addr:postcode": "7000",
        "addr:village": "Bolong",
        "admin_level": "10",
        "amenity": "townhall",
        "building": "public",
        "building:levels": "2",
        "name": "Bolong Barangay Hall",
        "name:es": "Sala Barangay de Bólong",
        "townhall:type": "barangay",
        "@geometry": "center"
      },
      "geometry": {
        "type": "Point",
        "coordinates": [
          122.2403838,
          7.0976477
        ]
      },
      "id": "way/243878191"
    },
    {
      "type": "Feature",
      "properties": {
        "@id": "way/243878197",
        "building:levels": "1",
        "building:part": "yes",
        "name": "Rojas Store",
        "roof:shape": "skillion",
        "shop": "convenience",
        "@geometry": "center"
      },
      "geometry": {
        "type": "Point",
        "coordinates": [
          122.2403777,
          7.0981022
        ]
      },
      "id": "way/243878197"
    },
    {
      "type": "Feature",
      "properties": {
        "@id": "way/243878200",
        "addr:place": "Bolong",
        "amenity": "health_post",
        "building": "yes",
        "building:levels": "1",
        "healthcare": "community_health_worker",
        "name": "Bolong Wellness Center",
        "operator:type": "public",
        "roof:shape": "hipped",
        "@geometry": "center"
      },
      "geometry": {
        "type": "Point",
        "coordinates": [
          122.2404841,
          7.0977755
        ]
      },
      "id": "way/243878200"
    },
    {
      "type": "Feature",
      "properties": {
        "@id": "way/243878204",
        "amenity": "childcare",
        "building": "yes",
        "building:levels": "1",
        "name": "Bolong Daycare Center",
        "operator:type": "government",
        "roof:shape": "pyramidal",
        "@geometry": "center"
      },
      "geometry": {
        "type": "Point",
        "coordinates": [
          122.2403234,
          7.097747
        ]
      },
      "id": "way/243878204"
    },
    {
      "type": "Feature",
      "properties": {
        "@id": "way/243878236",
        "name": "Sharali Store",
        "shop": "convenience",
        "@geometry": "center"
      },
      "geometry": {
        "type": "Point",
        "coordinates": [
          122.2399609,
          7.098397
        ]
      },
      "id": "way/243878236"
    },
    {
      "type": "Feature",
      "properties": {
        "@id": "way/243879150",
        "amenity": "fuel",
        "brand": "Shell",
        "building": "roof",
        "building:levels": "1",
        "building:use": "retail",
        "layer": "1",
        "name": "Shell",
        "roof:shape": "flat",
        "@geometry": "center"
      },
      "geometry": {
        "type": "Point",
        "coordinates": [
          122.2104547,
          7.0739337
        ]
      },
      "id": "way/243879150"
    },
    {
      "type": "Feature",
      "properties": {
        "@id": "way/265732538",
        "amenity": "recycling",
        "building": "industrial",
        "name": "Material Recovery Facility",
        "note": "This MRF converts bio-degradable materials combined with coconut hash into compost products for garden soil.",
        "operator": "Office of the City Environmental and Natural Resources",
        "operator:type": "government",
        "owner": "city",
        "recycling:green_waste": "yes",
        "recycling_type": "centre",
        "@geometry": "center"
      },
      "geometry": {
        "type": "Point",
        "coordinates": [
          122.0779736,
          6.9225694
        ]
      },
      "id": "way/265732538"
    },
    {
      "type": "Feature",
      "properties": {
        "@id": "way/265732540",
        "access": "private",
        "amenity": "toilets",
        "building": "yes",
        "fee": "yes",
        "@geometry": "center"
      },
      "geometry": {
        "type": "Point",
        "coordinates": [
          122.0782932,
          6.9199636
        ]
      },
      "id": "way/265732540"
    },
    {
      "type": "Feature",
      "properties": {
        "@id": "way/265732819",
        "amenity": "parking",
        "@geometry": "center"
      },
      "geometry": {
        "type": "Point",
        "coordinates": [
          122.0788012,
          6.9198896
        ]
      },
      "id": "way/265732819"
    },
    {
      "type": "Feature",
      "properties": {
        "@id": "way/267003416",
        "addr:city": "Zamboanga City",
        "addr:postcode": "7000",
        "addr:street": "Celia P. Manuel Street",
        "addr:suburb": "Sangali",
        "admin_level": "10",
        "amenity": "townhall",
        "building": "civic",
        "building:levels": "2",
        "name": "Sangali Barangay Hall",
        "townhall:type": "barangay",
        "@geometry": "center"
      },
      "geometry": {
        "type": "Point",
        "coordinates": [
          122.213758,
          7.0786557
        ]
      },
      "id": "way/267003416"
    },
    {
      "type": "Feature",
      "properties": {
        "@id": "way/267003544",
        "building": "yes",
        "shop": "convenience",
        "@geometry": "center"
      },
      "geometry": {
        "type": "Point",
        "coordinates": [
          122.2406779,
          7.0977088
        ]
      },
      "id": "way/267003544"
    },
    {
      "type": "Feature",
      "properties": {
        "@id": "way/267003563",
        "building": "yes",
        "shop": "convenience",
        "@geometry": "center"
      },
      "geometry": {
        "type": "Point",
        "coordinates": [
          122.2390458,
          7.097536
        ]
      },
      "id": "way/267003563"
    },
    {
      "type": "Feature",
      "properties": {
        "@id": "way/267003606",
        "amenity": "fast_food",
        "building": "yes",
        "@geometry": "center"
      },
      "geometry": {
        "type": "Point",
        "coordinates": [
          122.2389959,
          7.0975675
        ]
      },
      "id": "way/267003606"
    },
    {
      "type": "Feature",
      "properties": {
        "@id": "way/267003650",
        "name": "Gregorio Store",
        "shop": "bakery",
        "@geometry": "center"
      },
      "geometry": {
        "type": "Point",
        "coordinates": [
          122.2392028,
          7.0977808
        ]
      },
      "id": "way/267003650"
    },
    {
      "type": "Feature",
      "properties": {
        "@id": "way/267003651",
        "leisure": "pitch",
        "sport": "basketball",
        "surface": "concrete",
        "@geometry": "center"
      },
      "geometry": {
        "type": "Point",
        "coordinates": [
          122.2402475,
          7.0975303
        ]
      },
      "id": "way/267003651"
    },
    {
      "type": "Feature",
      "properties": {
        "@id": "way/267023675",
        "amenity": "kindergarten",
        "building": "kindergarten",
        "isced:level": "0",
        "name": "Immaculate Conception Archdiocesan Schools",
        "@geometry": "center"
      },
      "geometry": {
        "type": "Point",
        "coordinates": [
          122.2063334,
          7.0719214
        ]
      },
      "id": "way/267023675"
    },
    {
      "type": "Feature",
      "properties": {
        "@id": "way/267023678",
        "building": "roof",
        "covered": "yes",
        "layer": "1",
        "leisure": "pitch",
        "name": "Sangali Covered Court",
        "sport": "multi",
        "@geometry": "center"
      },
      "geometry": {
        "type": "Point",
        "coordinates": [
          122.2073913,
          7.0727716
        ]
      },
      "id": "way/267023678"
    },
    {
      "type": "Feature",
      "properties": {
        "@id": "way/267023680",
        "amenity": "place_of_worship",
        "building": "church",
        "denomination": "catholic",
        "name": "St. Joseph the Worker Parish Church",
        "operator": "Archdiocese of Zamboanga",
        "religion": "christian",
        "@geometry": "center"
      },
      "geometry": {
        "type": "Point",
        "coordinates": [
          122.2062093,
          7.0721264
        ]
      },
      "id": "way/267023680"
    },
    {
      "type": "Feature",
      "properties": {
        "@id": "way/267023682",
        "amenity": "police",
        "building": "civic",
        "building:levels": "2",
        "name": "ZCPO Station 3 (Sangali)",
        "operator": "Zamboanga City Police Office",
        "@geometry": "center"
      },
      "geometry": {
        "type": "Point",
        "coordinates": [
          122.2046031,
          7.0716046
        ]
      },
      "id": "way/267023682"
    },
    {
      "type": "Feature",
      "properties": {
        "@id": "way/267023685",
        "addr:city": "Zamboanga City",
        "addr:postcode": "7000",
        "addr:street": "Divisoria",
        "building": "yes",
        "denomination": "catholic",
        "name": "St, Peter Chapel",
        "religion": "christian",
        "shop": "funeral_directors",
        "@geometry": "center"
      },
      "geometry": {
        "type": "Point",
        "coordinates": [
          122.1097423,
          6.9477448
        ]
      },
      "id": "way/267023685"
    },
    {
      "type": "Feature",
      "properties": {
        "@id": "way/267023686",
        "addr:barangay": "Divisoria",
        "addr:city": "Zamboanga City",
        "addr:postcode": "7000",
        "addr:street": "Maria Clara L. Lobregat Highway",
        "amenity": "fuel",
        "brand": "Shell",
        "building": "roof",
        "building:levels": "1",
        "building:use": "retail",
        "layer": "1",
        "name": "Shell",
        "operator": "BRYC-V Service Station Corporartion",
        "roof:shape": "flat",
        "@geometry": "center"
      },
      "geometry": {
        "type": "Point",
        "coordinates": [
          122.1091203,
          6.9481836
        ]
      },
      "id": "way/267023686"
    },
    {
      "type": "Feature",
      "properties": {
        "@id": "way/267023690",
        "access": "customers",
        "amenity": "parking",
        "@geometry": "center"
      },
      "geometry": {
        "type": "Point",
        "coordinates": [
          122.109694,
          6.9481419
        ]
      },
      "id": "way/267023690"
    },
    {
      "type": "Feature",
      "properties": {
        "@id": "way/267023691",
        "addr:barangay": "Putik",
        "addr:city": "Zamboanga City",
        "addr:postcode": "7000",
        "addr:street": "Maria Clara L. Lobregat Highway",
        "amenity": "fuel",
        "brand": "Sea Oil",
        "name": "Z Oil Gasoline Station",
        "source": "Survey",
        "@geometry": "center"
      },
      "geometry": {
        "type": "Point",
        "coordinates": [
          122.096894,
          6.9444378
        ]
      },
      "id": "way/267023691"
    },
    {
      "type": "Feature",
      "properties": {
        "@id": "way/267606034",
        "addr2:street": "Mayor M. S. Jaldon Street",
        "addr:street": "Governor Camins Avenue",
        "amenity": "fast_food",
        "brand": "Greenwich",
        "brand:wikidata": "Q2691308",
        "check_date": "2024-09-21",
        "cuisine": "pizza",
        "name": "Greenwich",
        "official_name": "Greenwich Pizza",
        "takeaway": "yes",
        "@geometry": "center"
      },
      "geometry": {
        "type": "Point",
        "coordinates": [
          122.0725408,
          6.9207326
        ]
      },
      "id": "way/267606034"
    },
    {
      "type": "Feature",
      "properties": {
        "@id": "way/267606035",
        "addr2:street": "Mayor M. S. Jaldon Street",
        "addr:street": "Governor Camins Avenue",
        "amenity": "fast_food",
        "brand": "Jollibee",
        "brand:wikidata": "Q37614",
        "building": "yes",
        "check_date": "2024-09-21",
        "cuisine": "burger",
        "drive_through": "yes",
        "internet_access": "wlan",
        "name": "Jollibee",
        "opening_hours": "24/7",
        "smoking": "no",
        "takeaway": "yes",
        "wheelchair": "yes",
        "@geometry": "center"
      },
      "geometry": {
        "type": "Point",
        "coordinates": [
          122.0726944,
          6.9208002
        ]
      },
      "id": "way/267606035"
    },
    {
      "type": "Feature",
      "properties": {
        "@id": "way/267606036",
        "access": "customers",
        "amenity": "parking",
        "@geometry": "center"
      },
      "geometry": {
        "type": "Point",
        "coordinates": [
          122.0725397,
          6.9208348
        ]
      },
      "id": "way/267606036"
    },
    {
      "type": "Feature",
      "properties": {
        "@id": "way/268206430",
        "addr:barangay": "Pasonanca",
        "addr:city": "Zamboanga City",
        "addr:full": "Jardin Maria Clara Complex, Pasonanca, Zamboanga City",
        "addr:postcode": "7000",
        "building": "yes",
        "name": "City Museum",
        "operator": "Office of the City Mayor",
        "tourism": "museum",
        "@geometry": "center"
      },
      "geometry": {
        "type": "Point",
        "coordinates": [
          122.0722804,
          6.9541644
        ]
      },
      "id": "way/268206430"
    },
    {
      "type": "Feature",
      "properties": {
        "@id": "way/268206443",
        "amenity": "parking",
        "@geometry": "center"
      },
      "geometry": {
        "type": "Point",
        "coordinates": [
          122.0867444,
          6.9157085
        ]
      },
      "id": "way/268206443"
    },
    {
      "type": "Feature",
      "properties": {
        "@id": "way/268206444",
        "amenity": "parking",
        "source": "Bing",
        "@geometry": "center"
      },
      "geometry": {
        "type": "Point",
        "coordinates": [
          122.0715625,
          6.9531681
        ]
      },
      "id": "way/268206444"
    },
    {
      "type": "Feature",
      "properties": {
        "@id": "way/268206445",
        "amenity": "parking",
        "source": "Bing",
        "@geometry": "center"
      },
      "geometry": {
        "type": "Point",
        "coordinates": [
          122.071645,
          6.9530205
        ]
      },
      "id": "way/268206445"
    },
    {
      "type": "Feature",
      "properties": {
        "@id": "way/269118191",
        "access": "official",
        "building": "residential",
        "name": "PCA-ZRC Guest House",
        "operator": "PCA San Ramon",
        "tourism": "guest_house",
        "@geometry": "center"
      },
      "geometry": {
        "type": "Point",
        "coordinates": [
          121.9231733,
          6.9902393
        ]
      },
      "id": "way/269118191"
    },
    {
      "type": "Feature",
      "properties": {
        "@id": "way/269118192",
        "addr:place": "San Ramon",
        "addr:village": "Talisayan",
        "amenity": "prison",
        "barrier": "wall",
        "name": "San Ramon Prison Farm and Penal Colony",
        "operator": "Bureau of Corrections (BuCor)",
        "@geometry": "center"
      },
      "geometry": {
        "type": "Point",
        "coordinates": [
          121.9227361,
          6.9941503
        ]
      },
      "id": "way/269118192"
    },
    {
      "type": "Feature",
      "properties": {
        "@id": "way/269118210",
        "building": "yes",
        "shop": "gift",
        "@geometry": "center"
      },
      "geometry": {
        "type": "Point",
        "coordinates": [
          121.9218431,
          6.9936818
        ]
      },
      "id": "way/269118210"
    },
    {
      "type": "Feature",
      "properties": {
        "@id": "way/269118249",
        "access": "no",
        "leisure": "pitch",
        "sport": "basketball",
        "@geometry": "center"
      },
      "geometry": {
        "type": "Point",
        "coordinates": [
          121.9230107,
          6.9941173
        ]
      },
      "id": "way/269118249"
    },
    {
      "type": "Feature",
      "properties": {
        "@id": "way/269118251",
        "addr:city": "Zamboanga City",
        "addr:country": "PH",
        "addr:postcode": "7000",
        "addr:street": "Ward 9",
        "addr:subdistrict": "San Ramon",
        "leisure": "pitch",
        "sport": "tennis",
        "@geometry": "center"
      },
      "geometry": {
        "type": "Point",
        "coordinates": [
          121.9221919,
          6.9950592
        ]
      },
      "id": "way/269118251"
    },
    {
      "type": "Feature",
      "properties": {
        "@id": "way/269118254",
        "addr:city": "Zamboanga City",
        "addr:country": "PH",
        "addr:postcode": "7000",
        "addr:street": "Ward 9",
        "addr:subdistrict": "San Ramon",
        "leisure": "pitch",
        "sport": "tennis",
        "surface": "concrete",
        "@geometry": "center"
      },
      "geometry": {
        "type": "Point",
        "coordinates": [
          121.922045,
          6.9950149
        ]
      },
      "id": "way/269118254"
    },
    {
      "type": "Feature",
      "properties": {
        "@id": "way/269121980",
        "amenity": "place_of_worship",
        "denomination": "roman_catholic",
        "name": "Tugbungan Church",
        "religion": "christian",
        "@geometry": "center"
      },
      "geometry": {
        "type": "Point",
        "coordinates": [
          122.1060461,
          6.9198252
        ]
      },
      "id": "way/269121980"
    },
    {
      "type": "Feature",
      "properties": {
        "@id": "way/269122040",
        "addr:city": "Zamboanga City",
        "addr:postcode": "7000",
        "addr:street": "Don Pablo Lorenzo",
        "amenity": "place_of_worship",
        "building": "mosque",
        "building:levels": "1",
        "denomination": "sunni",
        "name": "Masjid Zambagura",
        "religion": "muslim",
        "@geometry": "center"
      },
      "geometry": {
        "type": "Point",
        "coordinates": [
          122.0755911,
          6.9030936
        ]
      },
      "id": "way/269122040"
    },
    {
      "type": "Feature",
      "properties": {
        "@id": "way/269122355",
        "addr2:street": "P. Burgos Street",
        "addr:city": "Zamboanga City",
        "addr:postcode": "7000",
        "addr:street": "Father Ramon Barua Street",
        "addr:village": "Tetuan",
        "alt_name": "Tetuan Parish Church",
        "amenity": "place_of_worship",
        "building": "church",
        "denomination": "catholic",
        "name": "Saint Ignatius of Loyola Church",
        "religion": "christian",
        "@geometry": "center"
      },
      "geometry": {
        "type": "Point",
        "coordinates": [
          122.089545,
          6.9175577
        ]
      },
      "id": "way/269122355"
    },
    {
      "type": "Feature",
      "properties": {
        "@id": "way/269123303",
        "addr:city": "Zamboanga City",
        "addr:postcode": "7000",
        "addr:street": "Don A. V. Toribio Street",
        "amenity": "university",
        "name": "Universidad de Zamboanga Main Campus",
        "@geometry": "center"
      },
      "geometry": {
        "type": "Point",
        "coordinates": [
          122.0869554,
          6.9190861
        ]
      },
      "id": "way/269123303"
    },
    {
      "type": "Feature",
      "properties": {
        "@id": "way/269124287",
        "amenity": "events_venue",
        "building": "yes",
        "building:levels": "4",
        "leisure": "sports_centre",
        "name": "Summit Centre",
        "@geometry": "center"
      },
      "geometry": {
        "type": "Point",
        "coordinates": [
          122.0866765,
          6.9191679
        ]
      },
      "id": "way/269124287"
    },
    {
      "type": "Feature",
      "properties": {
        "@id": "way/269124554",
        "addr:city": "Zamboanga",
        "addr:postcode": "7000",
        "addr:street": "Veterans Avenue",
        "amenity": "bank",
        "atm": "yes",
        "building": "yes",
        "building:levels": "3",
        "name": "Metrobank",
        "@geometry": "center"
      },
      "geometry": {
        "type": "Point",
        "coordinates": [
          122.0794025,
          6.9136523
        ]
      },
      "id": "way/269124554"
    },
    {
      "type": "Feature",
      "properties": {
        "@id": "way/269128565",
        "addr:city": "Zamboanga",
        "addr:postcode": "7000",
        "addr:street": "Veterans Avenue",
        "addr:village": "Tetuan",
        "amenity": "fast_food",
        "branch": "Veterans",
        "brand": "Jollibee",
        "brand:wikidata": "Q37614",
        "brand:wikipedia": "en:Jollibee",
        "cuisine": "burger",
        "delivery": "yes",
        "drive_through": "yes",
        "landuse": "retail",
        "name": "Jollibee",
        "takeaway": "yes",
        "@geometry": "center"
      },
      "geometry": {
        "type": "Point",
        "coordinates": [
          122.0798862,
          6.9139198
        ]
      },
      "id": "way/269128565"
    },
    {
      "type": "Feature",
      "properties": {
        "@id": "way/269128652",
        "addr:city": "Zamboanga",
        "addr:postcode": "7000",
        "addr:street": "Veterans Avenue",
        "amenity": "fuel",
        "brand": "Shell",
        "brand:wikidata": "Q110716465",
        "name": "Shell",
        "@geometry": "center"
      },
      "geometry": {
        "type": "Point",
        "coordinates": [
          122.0798083,
          6.9146608
        ]
      },
      "id": "way/269128652"
    },
    {
      "type": "Feature",
      "properties": {
        "@id": "way/269129051",
        "addr:city": "Zamboanga",
        "addr:postcode": "7000",
        "addr:street": "Veterans Avenue",
        "amenity": "pharmacy",
        "building": "yes",
        "healthcare": "pharmacy",
        "name": "Oro Wonder Drug",
        "@geometry": "center"
      },
      "geometry": {
        "type": "Point",
        "coordinates": [
          122.0797046,
          6.9148989
        ]
      },
      "id": "way/269129051"
    },
    {
      "type": "Feature",
      "properties": {
        "@id": "way/269131487",
        "addr:city": "Zamboanga City",
        "addr:postcode": "7000",
        "addr:province": "Zamboanga del Sur",
        "addr:street": "M. Natividad Street",
        "amenity": "school",
        "name": "Immaculate Conception Elementary School",
        "@geometry": "center"
      },
      "geometry": {
        "type": "Point",
        "coordinates": [
          122.0910425,
          6.9241964
        ]
      },
      "id": "way/269131487"
    },
    {
      "type": "Feature",
      "properties": {
        "@id": "way/269137565",
        "addr2:street": "Araneta Drive",
        "addr:city": "Zamboanga",
        "addr:postcode": "7000",
        "addr:quarter": "Tumaga",
        "addr:street": "Hector Suarez Avenue",
        "amenity": "place_of_worship",
        "building": "church",
        "denomination": "catholic",
        "name": "Our Lady of Manaoag Parish Church",
        "name:es": "Iglesia Parroquial de Nuestra Señora de Manaoag",
        "operator": "Roman Catholic Archdiocese of Zamboanga",
        "religion": "christian",
        "@geometry": "center"
      },
      "geometry": {
        "type": "Point",
        "coordinates": [
          122.0788431,
          6.9334877
        ]
      },
      "id": "way/269137565"
    },
    {
      "type": "Feature",
      "properties": {
        "@id": "way/269138881",
        "addr:barangay": "Tumaga",
        "addr:city": "Zamboanga City",
        "addr:postcode": "7000",
        "addr:province": "Zamboanga del Sur",
        "addr:street": "Tumaga-Putik Road",
        "alt_name": "Tumaga Elementary School",
        "amenity": "school",
        "isced:level": "0;1",
        "name": "Catalina viuda de Jalon Memorial School",
        "name_official": "Catalina Viuda de Jalon Memorial School",
        "old_name": "Tumaga Elementary School",
        "operator": "Sta. Maria District of Zamboanga City Schools Division, DepEd",
        "operator:type": "government",
        "operator:wikidata": "Q3550346",
        "population:pupils": "4228",
        "population:pupils:date": "2015",
        "ref": "126221",
        "start_date": "1944",
        "@geometry": "center"
      },
      "geometry": {
        "type": "Point",
        "coordinates": [
          122.0800048,
          6.9366556
        ]
      },
      "id": "way/269138881"
    },
    {
      "type": "Feature",
      "properties": {
        "@id": "way/269146440",
        "access": "delivery",
        "amenity": "parking_space",
        "capacity": "1",
        "@geometry": "center"
      },
      "geometry": {
        "type": "Point",
        "coordinates": [
          122.0791022,
          6.9092774
        ]
      },
      "id": "way/269146440"
    },
    {
      "type": "Feature",
      "properties": {
        "@id": "way/269146441",
        "access": "customers",
        "amenity": "parking",
        "operator": "Budgetwise",
        "parking": "surface",
        "@geometry": "center"
      },
      "geometry": {
        "type": "Point",
        "coordinates": [
          122.0795215,
          6.9096136
        ]
      },
      "id": "way/269146441"
    },
    {
      "type": "Feature",
      "properties": {
        "@id": "way/269149158",
        "addr:city": "Zamboanga",
        "addr:postcode": "7000",
        "addr:street": "Governor Lim Avenue",
        "building": "commercial",
        "building:levels": "5",
        "name": "The Gateway Mall",
        "shop": "mall",
        "@geometry": "center"
      },
      "geometry": {
        "type": "Point",
        "coordinates": [
          122.0769732,
          6.9066836
        ]
      },
      "id": "way/269149158"
    },
    {
      "type": "Feature",
      "properties": {
        "@id": "way/269149159",
        "building": "yes",
        "building:levels": "5",
        "name": "The Southway Square",
        "shop": "mall",
        "@geometry": "center"
      },
      "geometry": {
        "type": "Point",
        "coordinates": [
          122.0767381,
          6.9060178
        ]
      },
      "id": "way/269149159"
    },
    {
      "type": "Feature",
      "properties": {
        "@id": "way/269487101",
        "building": "roof",
        "community_centre": "events_place",
        "layer": "1",
        "leisure": "sports_hall",
        "sport": "multi",
        "@geometry": "center"
      },
      "geometry": {
        "type": "Point",
        "coordinates": [
          122.0796028,
          6.9362971
        ]
      },
      "id": "way/269487101"
    },
    {
      "type": "Feature",
      "properties": {
        "@id": "way/269491923",
        "addr:city": "Zamboanga City",
        "addr:street": "Veterans Avenue Extension",
        "amenity": "marketplace",
        "building": "commercial",
        "name": "LB Wet Market",
        "operator": "LB",
        "@geometry": "center"
      },
      "geometry": {
        "type": "Point",
        "coordinates": [
          122.0784151,
          6.9284518
        ]
      },
      "id": "way/269491923"
    },
    {
      "type": "Feature",
      "properties": {
        "@id": "way/269491926",
        "addr:city": "Zamboanga City",
        "addr:postcode": "7000",
        "addr:street": "Veterans Avenue Extension",
        "air_conditioning": "yes",
        "branch": "Sta. Maria",
        "brand": "Budgetwise",
        "building": "retail",
        "name": "Budgetwise Sta. Maria",
        "opening_hours": "Mo-Su 08:30-19:00",
        "operator": "Budgetwise",
        "phone": "+63 955 685 6449",
        "shop": "supermarket",
        "@geometry": "center"
      },
      "geometry": {
        "type": "Point",
        "coordinates": [
          122.0782926,
          6.9279904
        ]
      },
      "id": "way/269491926"
    },
    {
      "type": "Feature",
      "properties": {
        "@id": "way/269492143",
        "addr:city": "Zamboanga",
        "addr:postcode": "7000",
        "addr:quarter": "Tumaga",
        "addr:street": "Hector Suarez Avenue",
        "amenity": "fuel",
        "brand": "Petron",
        "brand:wikidata": "Q7179011",
        "building": "roof",
        "building:levels": "1",
        "building:use": "retail",
        "contact:phone": "+63 62 991 4571",
        "layer": "1",
        "name": "Petron",
        "roof:shape": "flat",
        "@geometry": "center"
      },
      "geometry": {
        "type": "Point",
        "coordinates": [
          122.0788288,
          6.9340918
        ]
      },
      "id": "way/269492143"
    },
    {
      "type": "Feature",
      "properties": {
        "@id": "way/269522928",
        "access": "customers",
        "amenity": "parking",
        "@geometry": "center"
      },
      "geometry": {
        "type": "Point",
        "coordinates": [
          122.0798731,
          6.913829
        ]
      },
      "id": "way/269522928"
    },
    {
      "type": "Feature",
      "properties": {
        "@id": "way/269526100",
        "alt_name": "Bolong Church",
        "amenity": "place_of_worship",
        "building": "church",
        "denomination": "catholic",
        "name": "Our Lady of the Holy Rosary Parish Church",
        "name:es": "Iglesia Parroquial Nuestra Señora del Santo Rosario",
        "operator": "Roman Catholic Archdiocese of Zamboanga",
        "operator:type": "religious",
        "religion": "christian",
        "roof:shape": "hipped",
        "service_times": "Su 08:00; Sa 06:00; Mo-Fr 06:30",
        "@geometry": "center"
      },
      "geometry": {
        "type": "Point",
        "coordinates": [
          122.2399424,
          7.0979484
        ]
      },
      "id": "way/269526100"
    },
    {
      "type": "Feature",
      "properties": {
        "@id": "way/269738731",
        "amenity": "place_of_worship",
        "denomination": "catholic",
        "religion": "christian",
        "@geometry": "center"
      },
      "geometry": {
        "type": "Point",
        "coordinates": [
          122.0826404,
          6.9012129
        ]
      },
      "id": "way/269738731"
    },
    {
      "type": "Feature",
      "properties": {
        "@id": "way/269752928",
        "building": "yes",
        "building:levels": "2",
        "name": "La Merced Funeral Home",
        "shop": "funeral_directors",
        "@geometry": "center"
      },
      "geometry": {
        "type": "Point",
        "coordinates": [
          122.0789293,
          6.913483
        ]
      },
      "id": "way/269752928"
    },
    {
      "type": "Feature",
      "properties": {
        "@id": "way/269764501",
        "building": "yes",
        "name": "Fruits Section",
        "shop": "greengrocer",
        "@geometry": "center"
      },
      "geometry": {
        "type": "Point",
        "coordinates": [
          122.078579,
          6.9213731
        ]
      },
      "id": "way/269764501"
    },
    {
      "type": "Feature",
      "properties": {
        "@id": "way/269765251",
        "addr:barangay": "Vitali",
        "addr:city": "Zamboanga City",
        "addr:postcode": "7000",
        "addr:province": "Zamboanga del Sur",
        "addr:street": "Maria Clara L. Lobregat Highway",
        "amenity": "school",
        "isced:level": "0;1",
        "name": "Vitali Central School",
        "operator": "Vitali District of Zamboanga City Schools Division, DepEd",
        "operator:type": "government",
        "operator:wikidata": "Q3550346",
        "population:pupils": "1273",
        "population:pupils:date": "2015",
        "ref": "126259",
        "start_date": "1946",
        "@geometry": "center"
      },
      "geometry": {
        "type": "Point",
        "coordinates": [
          122.289,
          7.3725304
        ]
      },
      "id": "way/269765251"
    },
    {
      "type": "Feature",
      "properties": {
        "@id": "way/269766881",
        "addr:barangay": "Vitali",
        "addr:city": "Zamboanga City",
        "addr:postcode": "7000",
        "addr:province": "Zamboanga del Sur",
        "addr:street": "Maria Clara L. Lobregat Highway",
        "amenity": "school",
        "isced:level": "2;3",
        "name": "Vitali National High School",
        "operator": "Ayala District of Zamboanga City Schools Division, DepEd",
        "operator:type": "government",
        "operator:wikidata": "Q3550346",
        "population:pupils": "1248",
        "population:pupils:date": "2015",
        "ref": "303939",
        "start_date": "1967",
        "@geometry": "center"
      },
      "geometry": {
        "type": "Point",
        "coordinates": [
          122.2916589,
          7.3748902
        ]
      },
      "id": "way/269766881"
    },
    {
      "type": "Feature",
      "properties": {
        "@id": "way/269767048",
        "addr:city": "Zamboanga",
        "addr:postcode": "7000",
        "addr:street": "Maria Clara L. Lobregat Highway",
        "amenity": "place_of_worship",
        "building": "church",
        "denomination": "roman_catholic",
        "name": "Our Lady of the Pillar Parish Church",
        "operator": "Roman Catholic Archdiocese of Zamboanga",
        "religion": "christian",
        "@geometry": "center"
      },
      "geometry": {
        "type": "Point",
        "coordinates": [
          122.2889111,
          7.3710675
        ]
      },
      "id": "way/269767048"
    },
    {
      "type": "Feature",
      "properties": {
        "@id": "way/269767777",
        "amenity": "fuel",
        "brand": "Shell",
        "landuse": "commercial",
        "@geometry": "center"
      },
      "geometry": {
        "type": "Point",
        "coordinates": [
          122.0794317,
          6.9132824
        ]
      },
      "id": "way/269767777"
    },
    {
      "type": "Feature",
      "properties": {
        "@id": "way/269767929",
        "addr:city": "Zamboanga",
        "addr:postcode": "7000",
        "addr:street": "Ayala Zone 8 Calle Fatima",
        "building": "commercial",
        "name": "Dreamville Supermarket",
        "shop": "supermarket",
        "@geometry": "center"
      },
      "geometry": {
        "type": "Point",
        "coordinates": [
          121.9469474,
          6.9704451
        ]
      },
      "id": "way/269767929"
    },
    {
      "type": "Feature",
      "properties": {
        "@id": "way/269768824",
        "addr:city": "Zamboanga",
        "addr:postcode": "7000",
        "addr:street": "Tumaga Porcentro Road",
        "alt_name": "Lokal ng Guiwan",
        "amenity": "place_of_worship",
        "building": "church",
        "denomination": "iglesia_ni_cristo",
        "name": "Iglesia ni Cristo",
        "religion": "christian",
        "short_name": "INC",
        "@geometry": "center"
      },
      "geometry": {
        "type": "Point",
        "coordinates": [
          122.0863834,
          6.9323853
        ]
      },
      "id": "way/269768824"
    },
    {
      "type": "Feature",
      "properties": {
        "@id": "way/269768825",
        "addr:barangay": "Putik",
        "addr:city": "Zamboanga City",
        "addr:postcode": "7000",
        "addr:street": "Maria Clara L. Lobregat Highway",
        "amenity": "marketplace",
        "building": "roof",
        "check_date": "2024-09-21",
        "layer": "1",
        "name": "Aderes Flea Market",
        "payment:cards": "no",
        "payment:cash": "yes",
        "payment:credit_cards": "no",
        "payment:debit_cards": "no",
        "wheelchair": "no",
        "@geometry": "center"
      },
      "geometry": {
        "type": "Point",
        "coordinates": [
          122.0918272,
          6.9325163
        ]
      },
      "id": "way/269768825"
    },
    {
      "type": "Feature",
      "properties": {
        "@id": "way/269769012",
        "addr:city": "Zamboanga",
        "addr:postcode": "7000",
        "addr:street": "Calle Fatima",
        "amenity": "fuel",
        "brand": "Caltex",
        "landuse": "commercial",
        "name": "Caltex",
        "@geometry": "center"
      },
      "geometry": {
        "type": "Point",
        "coordinates": [
          121.947299,
          6.9696151
        ]
      },
      "id": "way/269769012"
    },
    {
      "type": "Feature",
      "properties": {
        "@id": "way/269769306",
        "amenity": "hospital",
        "capacity:beds": "75",
        "emergency": "yes",
        "healthcare": "hospital",
        "name": "Zamboanga Doctors' Hospital",
        "@geometry": "center"
      },
      "geometry": {
        "type": "Point",
        "coordinates": [
          122.0801587,
          6.9152269
        ]
      },
      "id": "way/269769306"
    },
    {
      "type": "Feature",
      "properties": {
        "@id": "way/269769426",
        "amenity": "college",
        "name": "Institute of Human Kinetics",
        "operator": "Universidad de Zamboanga",
        "@geometry": "center"
      },
      "geometry": {
        "type": "Point",
        "coordinates": [
          122.0801168,
          6.9134076
        ]
      },
      "id": "way/269769426"
    },
    {
      "type": "Feature",
      "properties": {
        "@id": "way/269769549",
        "addr:city": "Zamboanga City",
        "addr:postcode": "7000",
        "addr:street": "Apolinario Loop",
        "amenity": "place_of_worship",
        "building": "yes",
        "denomination": "roman_catholic",
        "name_alt": "Guiwan Parish Church",
        "religion": "christian",
        "@geometry": "center"
      },
      "geometry": {
        "type": "Point",
        "coordinates": [
          122.0905733,
          6.9293756
        ]
      },
      "id": "way/269769549"
    },
    {
      "type": "Feature",
      "properties": {
        "@id": "way/269769809",
        "leisure": "pitch",
        "name": "Covered Court",
        "@geometry": "center"
      },
      "geometry": {
        "type": "Point",
        "coordinates": [
          122.0802182,
          6.9132893
        ]
      },
      "id": "way/269769809"
    },
    {
      "type": "Feature",
      "properties": {
        "@id": "way/269769895",
        "name": "Stargate Hardware, Incorporated",
        "shop": "hardware",
        "@geometry": "center"
      },
      "geometry": {
        "type": "Point",
        "coordinates": [
          122.0909495,
          6.9345719
        ]
      },
      "id": "way/269769895"
    },
    {
      "type": "Feature",
      "properties": {
        "@id": "way/269769980",
        "addr:city": "Zamboanga City",
        "addr:postcode": "7000",
        "name": "Nationwide Sales Corporation",
        "shop": "hardware",
        "@geometry": "center"
      },
      "geometry": {
        "type": "Point",
        "coordinates": [
          122.0794779,
          6.9168436
        ]
      },
      "id": "way/269769980"
    },
    {
      "type": "Feature",
      "properties": {
        "@id": "way/269770005",
        "building": "roof",
        "layer": "1",
        "leisure": "sports_centre",
        "name": "Ayala Gymnasium",
        "sport": "multi",
        "@geometry": "center"
      },
      "geometry": {
        "type": "Point",
        "coordinates": [
          121.9479807,
          6.963081
        ]
      },
      "id": "way/269770005"
    },
    {
      "type": "Feature",
      "properties": {
        "@id": "way/270032164",
        "amenity": "bank",
        "branch": "Zamboanga Main",
        "building": "commercial",
        "building:levels": "2",
        "name": "Bank of the Philippine Islands",
        "@geometry": "center"
      },
      "geometry": {
        "type": "Point",
        "coordinates": [
          122.0770828,
          6.9035658
        ]
      },
      "id": "way/270032164"
    },
    {
      "type": "Feature",
      "properties": {
        "@id": "way/270032172",
        "building": "yes",
        "name": "New Young Mart Enterprises, Incorporated",
        "shop": "department_store",
        "@geometry": "center"
      },
      "geometry": {
        "type": "Point",
        "coordinates": [
          122.075503,
          6.9053351
        ]
      },
      "id": "way/270032172"
    },
    {
      "type": "Feature",
      "properties": {
        "@id": "way/270032185",
        "leisure": "park",
        "name": "Veterans' Freedom Park",
        "@geometry": "center"
      },
      "geometry": {
        "type": "Point",
        "coordinates": [
          122.0769865,
          6.9043003
        ]
      },
      "id": "way/270032185"
    },
    {
      "type": "Feature",
      "properties": {
        "@id": "way/270274736",
        "amenity": "place_of_worship",
        "building": "yes",
        "religion": "muslim",
        "@geometry": "center"
      },
      "geometry": {
        "type": "Point",
        "coordinates": [
          122.2500039,
          7.1052673
        ]
      },
      "id": "way/270274736"
    },
    {
      "type": "Feature",
      "properties": {
        "@id": "way/270275175",
        "amenity": "shelter",
        "bench": "yes",
        "building": "roof",
        "highway": "bus_stop",
        "layer": "1",
        "shelter": "yes",
        "tactile_paving": "no",
        "@geometry": "center"
      },
      "geometry": {
        "type": "Point",
        "coordinates": [
          122.2305299,
          7.1121676
        ]
      },
      "id": "way/270275175"
    },
    {
      "type": "Feature",
      "properties": {
        "@id": "way/270519257",
        "building": "roof",
        "layer": "1",
        "leisure": "sports_centre",
        "sport": "multi",
        "@geometry": "center"
      },
      "geometry": {
        "type": "Point",
        "coordinates": [
          122.0588152,
          6.9272908
        ]
      },
      "id": "way/270519257"
    },
    {
      "type": "Feature",
      "properties": {
        "@id": "way/270521707",
        "access": "private",
        "amenity": "parking",
        "@geometry": "center"
      },
      "geometry": {
        "type": "Point",
        "coordinates": [
          122.0757127,
          6.9091003
        ]
      },
      "id": "way/270521707"
    },
    {
      "type": "Feature",
      "properties": {
        "@id": "way/270521708",
        "access": "private",
        "amenity": "parking",
        "@geometry": "center"
      },
      "geometry": {
        "type": "Point",
        "coordinates": [
          122.0759415,
          6.908608
        ]
      },
      "id": "way/270521708"
    },
    {
      "type": "Feature",
      "properties": {
        "@id": "way/270521767",
        "amenity": "bank",
        "atm": "yes",
        "brand": "BPI",
        "brand:wikidata": "Q2501256",
        "building": "commercial",
        "name": "BPI",
        "official_name": "Bank of the Philippine Islands",
        "@geometry": "center"
      },
      "geometry": {
        "type": "Point",
        "coordinates": [
          122.0740009,
          6.9095126
        ]
      },
      "id": "way/270521767"
    },
    {
      "type": "Feature",
      "properties": {
        "@id": "way/270521771",
        "access": "customers",
        "amenity": "parking",
        "operator": "Bank of the Philippine Islands",
        "parking": "surface",
        "@geometry": "center"
      },
      "geometry": {
        "type": "Point",
        "coordinates": [
          122.0739416,
          6.9093799
        ]
      },
      "id": "way/270521771"
    },
    {
      "type": "Feature",
      "properties": {
        "@id": "way/270522967",
        "addr:city": "Zamboanga",
        "addr:postcode": "7000",
        "addr:street": "N. S. Valderosa Street",
        "addr:village": "Zone IV",
        "amenity": "townhall",
        "building": "civic",
        "building:levels": "2",
        "name": "Zamboanga City Hall",
        "phone": "+63 62 991 2051",
        "townhall:type": "city",
        "website": "http://www.zamboanga.gov.ph",
        "wheelchair": "limited",
        "wikidata": "Q28937446",
        "wikimedia_commons": "Category:Zamboanga City Hall",
        "wikipedia": "en:Zamboanga City Hall",
        "@geometry": "center"
      },
      "geometry": {
        "type": "Point",
        "coordinates": [
          122.0762797,
          6.9039081
        ]
      },
      "id": "way/270522967"
    },
    {
      "type": "Feature",
      "properties": {
        "@id": "way/270524286",
        "addr:city": "Zamboanga",
        "addr:postcode": "7000",
        "addr:street": "Tomas Claudio Extension",
        "amenity": "college",
        "building": "yes",
        "building:levels": "2",
        "denomination": "mormon",
        "name": "Seminary Institute",
        "religion": "christian",
        "smoking": "no",
        "@geometry": "center"
      },
      "geometry": {
        "type": "Point",
        "coordinates": [
          122.0786361,
          6.9080049
        ]
      },
      "id": "way/270524286"
    },
    {
      "type": "Feature",
      "properties": {
        "@id": "way/270524686",
        "amenity": "place_of_worship",
        "building": "church",
        "denomination": "latter_day_saints",
        "religion": "christian",
        "@geometry": "center"
      },
      "geometry": {
        "type": "Point",
        "coordinates": [
          122.0646878,
          6.9136587
        ]
      },
      "id": "way/270524686"
    },
    {
      "type": "Feature",
      "properties": {
        "@id": "way/270524738",
        "access": "private",
        "amenity": "parking",
        "parking": "surface",
        "@geometry": "center"
      },
      "geometry": {
        "type": "Point",
        "coordinates": [
          122.0647268,
          6.9139329
        ]
      },
      "id": "way/270524738"
    },
    {
      "type": "Feature",
      "properties": {
        "@id": "way/270524970",
        "amenity": "place_of_worship",
        "denomination": "mormon",
        "landuse": "commercial",
        "name": "The Church of Jesus Christ of Latter-day Saints",
        "religion": "christian",
        "@geometry": "center"
      },
      "geometry": {
        "type": "Point",
        "coordinates": [
          122.0915667,
          6.9235175
        ]
      },
      "id": "way/270524970"
    },
    {
      "type": "Feature",
      "properties": {
        "@id": "way/270525100",
        "addr:city": "Zamboanga",
        "addr:postcode": "7000",
        "addr:street": "Corcuerra Street",
        "amenity": "post_office",
        "building": "yes",
        "building:levels": "3",
        "name": "PhlPost Zamboanga City",
        "operator": "Philippine Postal Office Corporation",
        "@geometry": "center"
      },
      "geometry": {
        "type": "Point",
        "coordinates": [
          122.0768798,
          6.9032074
        ]
      },
      "id": "way/270525100"
    },
    {
      "type": "Feature",
      "properties": {
        "@id": "way/270531585",
        "leisure": "park",
        "name": "Sunken Garden",
        "@geometry": "center"
      },
      "geometry": {
        "type": "Point",
        "coordinates": [
          122.0755503,
          6.9042451
        ]
      },
      "id": "way/270531585"
    },
    {
      "type": "Feature",
      "properties": {
        "@id": "way/270531586",
        "addr:city": "Zamboanga",
        "addr:postcode": "7000",
        "addr:street": "Don Pablo Lorenzo Street",
        "addr:village": "Zone IV",
        "amenity": "bank",
        "atm": "yes",
        "brand": "PNB",
        "brand:wikidata": "Q1657971",
        "brand:wikipedia": "en:Philippine National Bank",
        "building": "yes",
        "building:levels": "2",
        "name": "PNB",
        "official_name": "Philippine National Bank",
        "@geometry": "center"
      },
      "geometry": {
        "type": "Point",
        "coordinates": [
          122.0758177,
          6.9043161
        ]
      },
      "id": "way/270531586"
    },
    {
      "type": "Feature",
      "properties": {
        "@id": "way/270532385",
        "addr:city": "Zamboanga",
        "addr:postcode": "7000",
        "addr:street": "N. S. Valderosa Street",
        "amenity": "police",
        "building": "yes",
        "building:levels": "1",
        "name": "Patrol 117",
        "@geometry": "center"
      },
      "geometry": {
        "type": "Point",
        "coordinates": [
          122.0754565,
          6.9045082
        ]
      },
      "id": "way/270532385"
    },
    {
      "type": "Feature",
      "properties": {
        "@id": "way/270532386",
        "addr:city": "Zamboanga",
        "addr:postcode": "7000",
        "addr:street": "Don Pablo Lorenzo",
        "amenity": "police",
        "building": "yes",
        "building:levels": "1",
        "name": "Community Police Assistance Center",
        "operator": "Zamboanga City Police Office",
        "short_name": "ComPAC",
        "@geometry": "center"
      },
      "geometry": {
        "type": "Point",
        "coordinates": [
          122.0756329,
          6.9039133
        ]
      },
      "id": "way/270532386"
    },
    {
      "type": "Feature",
      "properties": {
        "@id": "way/270534141",
        "addr:city": "Zamboanga",
        "addr:postcode": "7000",
        "addr:street": "Rizal Street",
        "amenity": "restaurant",
        "building": "yes",
        "capacity": "100",
        "cuisine": "regional",
        "name": "Sunflower Restaurant",
        "opening_hours": "07:00 - 19:00",
        "@geometry": "center"
      },
      "geometry": {
        "type": "Point",
        "coordinates": [
          122.0765711,
          6.9043645
        ]
      },
      "id": "way/270534141"
    },
    {
      "type": "Feature",
      "properties": {
        "@id": "way/270552347",
        "addr:barangay": "Zone III",
        "addr:city": "Zamboanga City",
        "addr:postcode": "7000",
        "addr:street": "Tomas Claudio Street",
        "admin_level": "10",
        "amenity": "townhall",
        "building": "public",
        "name": "Zone III Barangay Hall",
        "townhall:type": "barangay",
        "@geometry": "center"
      },
      "geometry": {
        "type": "Point",
        "coordinates": [
          122.0795165,
          6.9077644
        ]
      },
      "id": "way/270552347"
    },
    {
      "type": "Feature",
      "properties": {
        "@id": "way/270552348",
        "amenity": "nightclub",
        "building": "yes",
        "name": "Barkadahan",
        "@geometry": "center"
      },
      "geometry": {
        "type": "Point",
        "coordinates": [
          122.078896,
          6.9129593
        ]
      },
      "id": "way/270552348"
    },
    {
      "type": "Feature",
      "properties": {
        "@id": "way/270758534",
        "addr:city": "Zamboanga City",
        "addr:place": "Divisoria",
        "addr:postcode": "7000",
        "addr:province": "Zamboanga del Sur",
        "amenity": "school",
        "isced:level": "2;3",
        "name": "Maria Clara L. Lobregat National High School",
        "operator": "Putik District of Zamboanga City Schools Division, DepEd",
        "operator:type": "government",
        "operator:wikidata": "Q3550346",
        "population:pupils": "3313",
        "population:pupils:date": "2015",
        "ref": "303922",
        "start_date": "1997",
        "@geometry": "center"
      },
      "geometry": {
        "type": "Point",
        "coordinates": [
          122.1003125,
          6.9436751
        ]
      },
      "id": "way/270758534"
    },
    {
      "type": "Feature",
      "properties": {
        "@id": "way/270758536",
        "amenity": "bank",
        "atm": "yes",
        "brand": "BDO Network Bank",
        "brand:wikidata": "Q7093019",
        "brand:wikipedia": "en:One Network Bank",
        "building": "commercial",
        "building:levels": "3",
        "name": "BDO Network Bank",
        "@geometry": "center"
      },
      "geometry": {
        "type": "Point",
        "coordinates": [
          122.0772721,
          6.9069353
        ]
      },
      "id": "way/270758536"
    },
    {
      "type": "Feature",
      "properties": {
        "@id": "way/270758544",
        "building": "yes",
        "building:levels": "10",
        "name": "Skypark Hotel",
        "tourism": "hotel",
        "@geometry": "center"
      },
      "geometry": {
        "type": "Point",
        "coordinates": [
          122.0757421,
          6.9064396
        ]
      },
      "id": "way/270758544"
    },
    {
      "type": "Feature",
      "properties": {
        "@id": "way/270758561",
        "addr:city": "Zamboanga",
        "addr:postcode": "7000",
        "addr:street": "Camanchile Road",
        "amenity": "bank",
        "atm": "yes",
        "brand": "Bank of Commerce",
        "brand:wikidata": "Q4856092",
        "brand:wikipedia": "en:Bank of Commerce",
        "building": "yes",
        "building:levels": "3",
        "name": "Bank of Commerce",
        "@geometry": "center"
      },
      "geometry": {
        "type": "Point",
        "coordinates": [
          122.0797793,
          6.9105587
        ]
      },
      "id": "way/270758561"
    },
    {
      "type": "Feature",
      "properties": {
        "@id": "way/270758578",
        "amenity": "parking",
        "barrier": "wall",
        "fee": "yes",
        "parking": "surface",
        "@geometry": "center"
      },
      "geometry": {
        "type": "Point",
        "coordinates": [
          122.0795055,
          6.9129698
        ]
      },
      "id": "way/270758578"
    },
    {
      "type": "Feature",
      "properties": {
        "@id": "way/272514384",
        "building": "yes",
        "description": "gymnasium",
        "leisure": "sports_centre",
        "sport": "multi",
        "@geometry": "center"
      },
      "geometry": {
        "type": "Point",
        "coordinates": [
          122.0800779,
          6.904503
        ]
      },
      "id": "way/272514384"
    },
    {
      "type": "Feature",
      "properties": {
        "@id": "way/272516349",
        "amenity": "pharmacy",
        "building": "yes",
        "healthcare": "pharmacy",
        "@geometry": "center"
      },
      "geometry": {
        "type": "Point",
        "coordinates": [
          122.0805893,
          6.9075647
        ]
      },
      "id": "way/272516349"
    },
    {
      "type": "Feature",
      "properties": {
        "@id": "way/272518850",
        "addr2:street": "Pilar Street",
        "addr3:street": "San Jose Panigayan Street",
        "addr:city": "Zamboanga",
        "addr:postcode": "7000",
        "addr:street": "Don Pablo Lorenzo Street",
        "amenity": "fuel",
        "brand": "Caltex",
        "brand:wikidata": "Q277470",
        "brand:wikipedia": "en:Caltex",
        "building": "roof",
        "building:levels": "1",
        "building:use": "retail",
        "layer": "1",
        "name": "Caltex",
        "roof:shape": "flat",
        "@geometry": "center"
      },
      "geometry": {
        "type": "Point",
        "coordinates": [
          122.0772011,
          6.9060425
        ]
      },
      "id": "way/272518850"
    },
    {
      "type": "Feature",
      "properties": {
        "@id": "way/272520664",
        "addr:city": "Zamboanga",
        "addr:postcode": "7000",
        "addr:street": "Mayor Vitaliano D. Agan Avenue",
        "amenity": "hospital",
        "beds": "131",
        "contact:phone": "+63629927330",
        "emergency": "yes",
        "healthcare": "hospital",
        "name": "Ciudad Medical de Zamboanga",
        "operator:type": "corporation",
        "ref": "DOH000000000000449",
        "@geometry": "center"
      },
      "geometry": {
        "type": "Point",
        "coordinates": [
          122.0768816,
          6.9150644
        ]
      },
      "id": "way/272520664"
    },
    {
      "type": "Feature",
      "properties": {
        "@id": "way/272532869",
        "amenity": "parking",
        "fee": "yes",
        "operator": "Ciudad Medical",
        "parking": "surface",
        "supervised": "yes",
        "@geometry": "center"
      },
      "geometry": {
        "type": "Point",
        "coordinates": [
          122.0767996,
          6.9146291
        ]
      },
      "id": "way/272532869"
    },
    {
      "type": "Feature",
      "properties": {
        "@id": "way/272532870",
        "addr:city": "Zamboanga",
        "addr:postcode": "7000",
        "addr:street": "Mayor Vitaliano D. Agan Avenue",
        "amenity": "pharmacy",
        "building": "yes",
        "healthcare": "pharmacy",
        "name": "Oro Wonder Drug",
        "@geometry": "center"
      },
      "geometry": {
        "type": "Point",
        "coordinates": [
          122.076305,
          6.914538
        ]
      },
      "id": "way/272532870"
    },
    {
      "type": "Feature",
      "properties": {
        "@id": "way/272532872",
        "addr:city": "Zamboanga",
        "addr:postcode": "7000",
        "addr:street": "Mayor Vitaliano D. Agan Avenue",
        "amenity": "pharmacy",
        "building": "yes",
        "healthcare": "pharmacy",
        "name": "Joan's Pharmacy",
        "opening_hours": "08:00-21:00",
        "@geometry": "center"
      },
      "geometry": {
        "type": "Point",
        "coordinates": [
          122.0763494,
          6.9143986
        ]
      },
      "id": "way/272532872"
    },
    {
      "type": "Feature",
      "properties": {
        "@id": "way/272536041",
        "addr:city": "Zamboanga",
        "addr:housenumber": "1",
        "addr:postcode": "7000",
        "addr:street": "Mayor Vitaliano D. Agan Avenue",
        "amenity": "bank",
        "atm": "yes",
        "building": "yes",
        "name": "Metrobank",
        "@geometry": "center"
      },
      "geometry": {
        "type": "Point",
        "coordinates": [
          122.0754461,
          6.9169034
        ]
      },
      "id": "way/272536041"
    },
    {
      "type": "Feature",
      "properties": {
        "@id": "way/272536042",
        "addr:city": "Zamboanga",
        "addr:postcode": "7000",
        "addr:street": "Mayor Vitaliano D. Agan Avenue",
        "amenity": "restaurant",
        "building": "commercial",
        "capacity": "50",
        "cuisine": "regional",
        "name": "John's Grill",
        "smoking": "yes",
        "@geometry": "center"
      },
      "geometry": {
        "type": "Point",
        "coordinates": [
          122.0753879,
          6.9170651
        ]
      },
      "id": "way/272536042"
    },
    {
      "type": "Feature",
      "properties": {
        "@id": "way/272536043",
        "addr:city": "Zamboanga",
        "addr:postcode": "7000",
        "addr:street": "Mayor Vitaliano D. Agan Avenue",
        "amenity": "restaurant",
        "landuse": "commercial",
        "@geometry": "center"
      },
      "geometry": {
        "type": "Point",
        "coordinates": [
          122.0752356,
          6.9173439
        ]
      },
      "id": "way/272536043"
    },
    {
      "type": "Feature",
      "properties": {
        "@id": "way/272536044",
        "amenity": "restaurant",
        "brand": "Max's Fried Chicken",
        "building": "yes",
        "building:levels": "1",
        "@geometry": "center"
      },
      "geometry": {
        "type": "Point",
        "coordinates": [
          122.0752644,
          6.9173909
        ]
      },
      "id": "way/272536044"
    },
    {
      "type": "Feature",
      "properties": {
        "@id": "way/272588023",
        "amenity": "cafe",
        "building": "yes",
        "internet_access": "no",
        "@geometry": "center"
      },
      "geometry": {
        "type": "Point",
        "coordinates": [
          122.0790475,
          6.9036287
        ]
      },
      "id": "way/272588023"
    },
    {
      "type": "Feature",
      "properties": {
        "@id": "way/272981394",
        "amenity": "cafe",
        "name": "Tsokolate by Linfood",
        "note": "Also serves rice meals",
        "@geometry": "center"
      },
      "geometry": {
        "type": "Point",
        "coordinates": [
          122.077562,
          6.9033504
        ]
      },
      "id": "way/272981394"
    },
    {
      "type": "Feature",
      "properties": {
        "@id": "way/272981907",
        "addr:city": "Zamboanga City",
        "addr:postcode": "7000",
        "addr:province": "Zamboanga del Sur",
        "addr:street": "San Jose Street",
        "amenity": "school",
        "barrier": "fence",
        "name": "Immaculate Conception Elementary School",
        "operator": "Roman Catholic Archdiocese of Zamboanga",
        "@geometry": "center"
      },
      "geometry": {
        "type": "Point",
        "coordinates": [
          122.0453084,
          6.9211856
        ]
      },
      "id": "way/272981907"
    },
    {
      "type": "Feature",
      "properties": {
        "@id": "way/272981908",
        "addr:neighbourhood": "Suterville",
        "addr:street": "San Jose Street",
        "alt_name": "Lokal ng Suterville",
        "amenity": "place_of_worship",
        "building": "church",
        "check_date": "2024-09-21",
        "denomination": "iglesia_ni_cristo",
        "name": "Iglesia ni Cristo, Lokal ng Suterville",
        "religion": "christian",
        "short_name": "INC",
        "@geometry": "center"
      },
      "geometry": {
        "type": "Point",
        "coordinates": [
          122.0461054,
          6.9210447
        ]
      },
      "id": "way/272981908"
    },
    {
      "type": "Feature",
      "properties": {
        "@id": "way/272981909",
        "leisure": "pitch",
        "sport": "basketball",
        "surface": "concrete",
        "@geometry": "center"
      },
      "geometry": {
        "type": "Point",
        "coordinates": [
          122.0455104,
          6.9211502
        ]
      },
      "id": "way/272981909"
    },
    {
      "type": "Feature",
      "properties": {
        "@id": "way/272985041",
        "addr:city": "Zamboanga",
        "addr:postcode": "7000",
        "addr:street": "Rizal Street",
        "amenity": "restaurant",
        "building": "yes",
        "building:levels": "2",
        "capacity": "100",
        "cuisine": "regional",
        "name": "Barcode Restaurant",
        "phone": "+63 62 991 9068",
        "@geometry": "center"
      },
      "geometry": {
        "type": "Point",
        "coordinates": [
          122.0778152,
          6.9039282
        ]
      },
      "id": "way/272985041"
    },
    {
      "type": "Feature",
      "properties": {
        "@id": "way/272987691",
        "addr:city": "Zamboanga",
        "addr:postcode": "7000",
        "addr:street": "Zaragoza Street",
        "building": "yes",
        "building:levels": "2",
        "name": "Mega Sales Merchandise",
        "shop": "yes",
        "@geometry": "center"
      },
      "geometry": {
        "type": "Point",
        "coordinates": [
          122.0768919,
          6.9048487
        ]
      },
      "id": "way/272987691"
    },
    {
      "type": "Feature",
      "properties": {
        "@id": "way/272987692",
        "addr:city": "Zamboanga",
        "addr:postcode": "7000",
        "addr:street": "Governor Lim Avenue",
        "amenity": "bank",
        "atm": "yes",
        "name": "Philippine Veterans Bank",
        "@geometry": "center"
      },
      "geometry": {
        "type": "Point",
        "coordinates": [
          122.0772767,
          6.9067132
        ]
      },
      "id": "way/272987692"
    },
    {
      "type": "Feature",
      "properties": {
        "@id": "way/272987695",
        "addr:city": "Zamboanga",
        "addr:postcode": "7000",
        "addr:street": "Governor Lim Avenue",
        "amenity": "bank",
        "atm": "yes",
        "brand": "Chinabank",
        "brand:wikidata": "Q5100080",
        "brand:wikipedia": "en:Chinabank",
        "building": "yes",
        "name": "Chinabank",
        "@geometry": "center"
      },
      "geometry": {
        "type": "Point",
        "coordinates": [
          122.0778233,
          6.9068722
        ]
      },
      "id": "way/272987695"
    },
    {
      "type": "Feature",
      "properties": {
        "@id": "way/272987698",
        "addr:city": "Zamboanga",
        "addr:postcode": "7000",
        "addr:street": "Veterans Avenue",
        "building": "yes",
        "building:levels": "3",
        "denomination": "roman_catholic",
        "name": "Villa-Arcega Funeral Homes",
        "religion": "christian",
        "shop": "funeral_directors",
        "@geometry": "center"
      },
      "geometry": {
        "type": "Point",
        "coordinates": [
          122.0803179,
          6.9085101
        ]
      },
      "id": "way/272987698"
    },
    {
      "type": "Feature",
      "properties": {
        "@id": "way/272987701",
        "addr:city": "Zamboanga",
        "addr:postcode": "7000",
        "addr:street": "Tomas Claudio Street",
        "building": "yes",
        "name": "Shop-O-Rama",
        "shop": "books",
        "@geometry": "center"
      },
      "geometry": {
        "type": "Point",
        "coordinates": [
          122.0758748,
          6.9064147
        ]
      },
      "id": "way/272987701"
    },
    {
      "type": "Feature",
      "properties": {
        "@id": "way/273016344",
        "addr:city": "Zamboanga",
        "addr:postcode": "7000",
        "addr:street": "Governor Lim Avenue",
        "alt_name": "Kentucky Fried Chicken",
        "amenity": "fast_food",
        "brand": "KFC",
        "brand:wikidata": "Q524757",
        "building": "yes",
        "cuisine": "chicken",
        "name": "KFC",
        "smoking": "no",
        "takeaway": "yes",
        "@geometry": "center"
      },
      "geometry": {
        "type": "Point",
        "coordinates": [
          122.0764585,
          6.9063156
        ]
      },
      "id": "way/273016344"
    },
    {
      "type": "Feature",
      "properties": {
        "@id": "way/273016345",
        "addr:city": "Zamboanga",
        "addr:postcode": "7000",
        "addr:street": "Governor Lim Avenue",
        "amenity": "bank",
        "atm": "yes",
        "branch": "Zamboanga Galleria",
        "brand": "Metrobank",
        "brand:wikidata": "Q1925799",
        "building": "yes",
        "building:levels": "2",
        "name": "Metrobank",
        "@geometry": "center"
      },
      "geometry": {
        "type": "Point",
        "coordinates": [
          122.0765684,
          6.906348
        ]
      },
      "id": "way/273016345"
    },
    {
      "type": "Feature",
      "properties": {
        "@id": "way/273016347",
        "leisure": "pitch",
        "sport": "skateboard",
        "@geometry": "center"
      },
      "geometry": {
        "type": "Point",
        "coordinates": [
          122.0754197,
          6.9042204
        ]
      },
      "id": "way/273016347"
    },
    {
      "type": "Feature",
      "properties": {
        "@id": "way/273016349",
        "amenity": "fountain",
        "name": "Fish Fountain",
        "@geometry": "center"
      },
      "geometry": {
        "type": "Point",
        "coordinates": [
          122.0762357,
          6.9038811
        ]
      },
      "id": "way/273016349"
    },
    {
      "type": "Feature",
      "properties": {
        "@id": "way/273016350",
        "amenity": "fountain",
        "name": "Fish Fountain",
        "@geometry": "center"
      },
      "geometry": {
        "type": "Point",
        "coordinates": [
          122.0760179,
          6.9036721
        ]
      },
      "id": "way/273016350"
    },
    {
      "type": "Feature",
      "properties": {
        "@id": "way/273049954",
        "addr:city": "Zamboanga",
        "addr:postcode": "7000",
        "addr:street": "Pilar",
        "building": "yes",
        "building:levels": "2",
        "name": "Asiatic Hardware",
        "opening_hours": "08:00-17:00",
        "roof:shape": "gabled",
        "shop": "hardware",
        "@geometry": "center"
      },
      "geometry": {
        "type": "Point",
        "coordinates": [
          122.0781467,
          6.9060586
        ]
      },
      "id": "way/273049954"
    },
    {
      "type": "Feature",
      "properties": {
        "@id": "way/273063649",
        "addr:city": "Zamboanga City",
        "addr:postcode": "7000",
        "addr:street": "Barcelona Street",
        "addr:village": "Zone II",
        "building": "yes",
        "building:levels": "2",
        "name": "Ceejay's Enterprises",
        "roof:shape": "flat",
        "shop": "computer",
        "@geometry": "center"
      },
      "geometry": {
        "type": "Point",
        "coordinates": [
          122.0756799,
          6.9068278
        ]
      },
      "id": "way/273063649"
    },
    {
      "type": "Feature",
      "properties": {
        "@id": "way/273064061",
        "addr:city": "Zamboanga",
        "addr:postcode": "7000",
        "addr:street": "Tomas Claudio Street",
        "building": "yes",
        "building:levels": "4",
        "name": "Shopper's Central",
        "shop": "department_store",
        "@geometry": "center"
      },
      "geometry": {
        "type": "Point",
        "coordinates": [
          122.0753941,
          6.9066373
        ]
      },
      "id": "way/273064061"
    },
    {
      "type": "Feature",
      "properties": {
        "@id": "way/273065701",
        "addr:city": "Zamboanga",
        "addr:postcode": "7000",
        "addr:street": "Cesar C. Climaco Avenue",
        "building": "yes",
        "building:levels": "2",
        "name": "Lim Shi",
        "shop": "department_store",
        "@geometry": "center"
      },
      "geometry": {
        "type": "Point",
        "coordinates": [
          122.0751254,
          6.9053715
        ]
      },
      "id": "way/273065701"
    },
    {
      "type": "Feature",
      "properties": {
        "@id": "way/273065702",
        "addr:city": "Zamboanga",
        "addr:postcode": "7000",
        "addr:street": "Cesar C. Climaco Avenue",
        "building": "yes",
        "building:levels": "4",
        "name": "Shopper's Plaza",
        "shop": "department_store",
        "@geometry": "center"
      },
      "geometry": {
        "type": "Point",
        "coordinates": [
          122.0751919,
          6.9051858
        ]
      },
      "id": "way/273065702"
    },
    {
      "type": "Feature",
      "properties": {
        "@id": "way/273065703",
        "amenity": "parking",
        "parking": "surface",
        "@geometry": "center"
      },
      "geometry": {
        "type": "Point",
        "coordinates": [
          122.0752347,
          6.9049843
        ]
      },
      "id": "way/273065703"
    },
    {
      "type": "Feature",
      "properties": {
        "@id": "way/273070254",
        "addr:city": "Zamboanga",
        "addr:postcode": "7000",
        "addr:street": "Governor Lim Avenue",
        "amenity": "bank",
        "atm": "yes",
        "building": "yes",
        "name": "Metrobank",
        "@geometry": "center"
      },
      "geometry": {
        "type": "Point",
        "coordinates": [
          122.073921,
          6.9054438
        ]
      },
      "id": "way/273070254"
    },
    {
      "type": "Feature",
      "properties": {
        "@id": "way/273070255",
        "addr:city": "Zamboanga",
        "addr:postcode": "7000",
        "addr:street": "Mayor Cesar C. Climaco Avenue (Guardia National)",
        "building": "yes",
        "name": "Perlita Hotel",
        "tourism": "hotel",
        "@geometry": "center"
      },
      "geometry": {
        "type": "Point",
        "coordinates": [
          122.0739159,
          6.9087935
        ]
      },
      "id": "way/273070255"
    },
    {
      "type": "Feature",
      "properties": {
        "@id": "way/273073431",
        "addr:city": "Zamboanga",
        "addr:postcode": "7000",
        "addr:street": "Mayor Cesar C. Climaco Avenue",
        "building": "yes",
        "building:levels": "7",
        "name": "OK Department Store",
        "shop": "department_store",
        "@geometry": "center"
      },
      "geometry": {
        "type": "Point",
        "coordinates": [
          122.074996,
          6.9059674
        ]
      },
      "id": "way/273073431"
    },
    {
      "type": "Feature",
      "properties": {
        "@id": "way/273073918",
        "addr:city": "Zamboanga",
        "addr:postcode": "7000",
        "addr:street": "Mayor Cesar C. Climaco Avenue",
        "building": "yes",
        "name": "El Barato Commercial",
        "shop": "department_store",
        "@geometry": "center"
      },
      "geometry": {
        "type": "Point",
        "coordinates": [
          122.0750918,
          6.9055192
        ]
      },
      "id": "way/273073918"
    },
    {
      "type": "Feature",
      "properties": {
        "@id": "way/273073919",
        "amenity": "fountain",
        "@geometry": "center"
      },
      "geometry": {
        "type": "Point",
        "coordinates": [
          122.0766172,
          6.9055757
        ]
      },
      "id": "way/273073919"
    },
    {
      "type": "Feature",
      "properties": {
        "@id": "way/273199796",
        "amenity": "fire_station",
        "building": "public",
        "name": "Zamboanga Fire District Central Fire Station",
        "operator": "Bureau of Fire Protection Region 9",
        "@geometry": "center"
      },
      "geometry": {
        "type": "Point",
        "coordinates": [
          122.0749041,
          6.9072752
        ]
      },
      "id": "way/273199796"
    },
    {
      "type": "Feature",
      "properties": {
        "@id": "way/273410131",
        "addr:city": "Zamboanga City",
        "addr:postcode": "7000",
        "addr:street": "Wee Siu Tuy Road",
        "addr:village": "Camino Nuevo",
        "amenity": "marketplace",
        "building": "retail",
        "name": "Canelar Barter Trade",
        "@geometry": "center"
      },
      "geometry": {
        "type": "Point",
        "coordinates": [
          122.0742305,
          6.9139321
        ]
      },
      "id": "way/273410131"
    },
    {
      "type": "Feature",
      "properties": {
        "@id": "way/273480553",
        "addr:city": "Zamboanga",
        "addr:postcode": "7000",
        "addr:street": "Mayor Cesar C. Climaco Avenue",
        "air_conditioning": "yes",
        "amenity": "bank",
        "atm": "yes",
        "branch": "Sucabon",
        "brand": "PNB",
        "brand:wikidata": "Q1657971",
        "brand:wikipedia": "en:Philippine National Bank",
        "building": "yes",
        "building:levels": "2",
        "name": "PNB",
        "official_name": "Philippine National Bank",
        "opening_hours": "Mo-Fr 08:00-17:00",
        "@geometry": "center"
      },
      "geometry": {
        "type": "Point",
        "coordinates": [
          122.0740208,
          6.9079037
        ]
      },
      "id": "way/273480553"
    },
    {
      "type": "Feature",
      "properties": {
        "@id": "way/273480555",
        "access": "customers",
        "amenity": "parking",
        "@geometry": "center"
      },
      "geometry": {
        "type": "Point",
        "coordinates": [
          122.074213,
          6.9079924
        ]
      },
      "id": "way/273480555"
    },
    {
      "type": "Feature",
      "properties": {
        "@id": "way/273488085",
        "addr:barangay": "San Jose",
        "addr:city": "Zamboanga City",
        "addr:postcode": "7000",
        "admin_level": "10",
        "amenity": "townhall",
        "building": "public",
        "name": "San Jose Barangay Hall",
        "opening_hours": "24/7",
        "townhall:type": "barangay",
        "@geometry": "center"
      },
      "geometry": {
        "type": "Point",
        "coordinates": [
          122.074123,
          6.9078274
        ]
      },
      "id": "way/273488085"
    },
    {
      "type": "Feature",
      "properties": {
        "@id": "way/273494350",
        "addr:city": "Zamboanga",
        "addr:postcode": "7000",
        "addr:street": "Mayor Cesar C. Climaco Avenue",
        "alt_name": "Banco de Oro",
        "amenity": "bank",
        "atm": "yes",
        "brand": "BDO",
        "brand:wikidata": "Q4854129",
        "brand:wikipedia": "en:Banco de Oro",
        "building": "yes",
        "building:levels": "2",
        "name": "BDO",
        "operator": "BDO Unibank",
        "@geometry": "center"
      },
      "geometry": {
        "type": "Point",
        "coordinates": [
          122.0735916,
          6.9093377
        ]
      },
      "id": "way/273494350"
    },
    {
      "type": "Feature",
      "properties": {
        "@id": "way/273502133",
        "addr:city": "Zamboanga",
        "addr:postcode": "7000",
        "addr:street": "Mayor Vitaliano D. Agan Avenue",
        "amenity": "fuel",
        "brand": "Petron",
        "brand:wikidata": "Q7179011",
        "building": "roof",
        "building:levels": "1",
        "building:use": "retail",
        "fuel:diesel": "yes",
        "layer": "1",
        "name": "Petron",
        "payment:cash": "yes",
        "roof:shape": "flat",
        "@geometry": "center"
      },
      "geometry": {
        "type": "Point",
        "coordinates": [
          122.0764324,
          6.9124509
        ]
      },
      "id": "way/273502133"
    },
    {
      "type": "Feature",
      "properties": {
        "@id": "way/273651704",
        "addr:city": "Zamboanga",
        "addr:postcode": "7000",
        "addr:street": "Buenavista Street",
        "addr:village": "Canelar",
        "amenity": "bank",
        "atm": "yes",
        "brand": "PNB",
        "brand:wikidata": "Q1657971",
        "brand:wikipedia": "en:Philippine National Bank",
        "building": "yes",
        "name": "PNB",
        "official_name": "Philippine National Bank",
        "@geometry": "center"
      },
      "geometry": {
        "type": "Point",
        "coordinates": [
          122.0725436,
          6.9099022
        ]
      },
      "id": "way/273651704"
    },
    {
      "type": "Feature",
      "properties": {
        "@id": "way/273653895",
        "amenity": "fuel",
        "brand": "Shell",
        "brand:wikidata": "Q110716465",
        "building": "roof",
        "building:levels": "1",
        "building:use": "retail",
        "layer": "1",
        "name": "Shell",
        "roof:shape": "flat",
        "self_service": "no",
        "@geometry": "center"
      },
      "geometry": {
        "type": "Point",
        "coordinates": [
          122.0761144,
          6.9159406
        ]
      },
      "id": "way/273653895"
    },
    {
      "type": "Feature",
      "properties": {
        "@id": "way/273718724",
        "addr:city": "Zamboanga City",
        "addr:postcode": "7000",
        "addr:street": "Immaculate Drive",
        "amenity": "place_of_worship",
        "building": "yes",
        "name": "Immaculate Conception Chapel",
        "religion": "christian",
        "@geometry": "center"
      },
      "geometry": {
        "type": "Point",
        "coordinates": [
          122.1421005,
          6.9681693
        ]
      },
      "id": "way/273718724"
    },
    {
      "type": "Feature",
      "properties": {
        "@id": "way/273734736",
        "addr:barangay": "Culianan",
        "addr:city": "Zamboanga City",
        "amenity": "social_facility",
        "barrier": "fence",
        "landuse": "grass",
        "name": "Center for Children in Conflict with the Law",
        "operator": "City Social Welfare Office",
        "operator:type": "government",
        "ownership": "city",
        "social_facility:for": "juvenile",
        "@geometry": "center"
      },
      "geometry": {
        "type": "Point",
        "coordinates": [
          122.1465563,
          6.9712039
        ]
      },
      "id": "way/273734736"
    },
    {
      "type": "Feature",
      "properties": {
        "@id": "way/273734737",
        "addr:barangay": "Culianan",
        "addr:city": "Zamboanga City",
        "addr:postcode": "7000",
        "admin_level": "10",
        "amenity": "townhall",
        "building": "public",
        "building:levels": "2",
        "name": "Culianan Barangay Hall",
        "roof:shape": "hipped",
        "townhall:type": "barangay",
        "@geometry": "center"
      },
      "geometry": {
        "type": "Point",
        "coordinates": [
          122.1464281,
          6.9720222
        ]
      },
      "id": "way/273734737"
    },
    {
      "type": "Feature",
      "properties": {
        "@id": "way/273734739",
        "addr:barangay": "Culianan",
        "addr:city": "Zamboanga City",
        "addr:postcode": "7000",
        "addr:street": "Maria Clara Lobregat Highway",
        "leisure": "sports_centre",
        "name": "Culianan Multi-Purpose Covered Court",
        "sport": "multi",
        "@geometry": "center"
      },
      "geometry": {
        "type": "Point",
        "coordinates": [
          122.1456241,
          6.9718693
        ]
      },
      "id": "way/273734739"
    },
    {
      "type": "Feature",
      "properties": {
        "@id": "way/273734741",
        "addr:barangay": "Culianan",
        "addr:city": "Zamboanga City",
        "addr:postcode": "7000",
        "amenity": "police",
        "building": "yes",
        "building:levels": "2",
        "name": "Culianan Police Station",
        "@geometry": "center"
      },
      "geometry": {
        "type": "Point",
        "coordinates": [
          122.1458286,
          6.9716516
        ]
      },
      "id": "way/273734741"
    },
    {
      "type": "Feature",
      "properties": {
        "@id": "way/273739260",
        "amenity": "post_office",
        "building": "yes",
        "name": "Culianan Post Office",
        "operator": "Philippine Postal Corporation",
        "@geometry": "center"
      },
      "geometry": {
        "type": "Point",
        "coordinates": [
          122.1454178,
          6.972064
        ]
      },
      "id": "way/273739260"
    },
    {
      "type": "Feature",
      "properties": {
        "@id": "way/273739265",
        "leisure": "park",
        "@geometry": "center"
      },
      "geometry": {
        "type": "Point",
        "coordinates": [
          122.1460101,
          6.9719363
        ]
      },
      "id": "way/273739265"
    },
    {
      "type": "Feature",
      "properties": {
        "@id": "way/273743433",
        "addr:barangay": "Culianan",
        "addr:city": "Zamboanga City",
        "addr:neighbourhood": "Zone 2",
        "addr:postcode": "7000",
        "addr:province": "Zamboanga del Sur",
        "amenity": "school",
        "isced:level": "2;3",
        "name": "Culianan National High School",
        "operator": "Mercedes District of Zamboanga City Schools Division, DepEd",
        "operator:type": "government",
        "operator:wikidata": "Q3550346",
        "population:pupils": "2031",
        "population:pupils:date": "2015",
        "ref": "303920",
        "start_date": "1967",
        "@geometry": "center"
      },
      "geometry": {
        "type": "Point",
        "coordinates": [
          122.1461469,
          6.9723769
        ]
      },
      "id": "way/273743433"
    },
    {
      "type": "Feature",
      "properties": {
        "@id": "way/273745141",
        "addr:barangay": "Culianan",
        "addr:city": "Zamboanga City",
        "addr:neighbourhood": "Zone 5",
        "addr:postcode": "7000",
        "addr:province": "Zamboanga del Sur",
        "addr:street": "Rojas Drive",
        "amenity": "school",
        "isced:level": "0;1",
        "name": "Culianan Learning Center",
        "operator": "Mercedes District of Zamboanga City Schools Division, DepEd",
        "operator:type": "government",
        "operator:wikidata": "Q3550346",
        "population:pupils": "1095",
        "population:pupils:date": "2015",
        "ref": "126181",
        "religion": "christian",
        "start_date": "1945",
        "@geometry": "center"
      },
      "geometry": {
        "type": "Point",
        "coordinates": [
          122.1483643,
          6.9797575
        ]
      },
      "id": "way/273745141"
    },
    {
      "type": "Feature",
      "properties": {
        "@id": "way/273757149",
        "addr:city": "Zamboanga",
        "addr:postcode": "7000",
        "amenity": "place_of_worship",
        "building": "yes",
        "name": "Our Lady of Ransom",
        "name:es": "Nuestra Señora del Rescate",
        "religion": "christian",
        "@geometry": "center"
      },
      "geometry": {
        "type": "Point",
        "coordinates": [
          122.1424033,
          6.9580466
        ]
      },
      "id": "way/273757149"
    },
    {
      "type": "Feature",
      "properties": {
        "@id": "way/273757150",
        "addr:city": "Zamboanga City",
        "addr:postcode": "7000",
        "addr:province": "Zamboanga del Sur",
        "addr:street": "San Isidro Street",
        "amenity": "school",
        "isced:level": "2;3",
        "name": "Mercedes National High School",
        "operator": "Mercedes District of Zamboanga City Schools Division, DepEd",
        "operator:type": "government",
        "operator:wikidata": "Q3550346",
        "population:pupils": "1300",
        "population:pupils:date": "2015",
        "ref": "303929",
        "start_date": "1967",
        "@geometry": "center"
      },
      "geometry": {
        "type": "Point",
        "coordinates": [
          122.1451462,
          6.9598563
        ]
      },
      "id": "way/273757150"
    },
    {
      "type": "Feature",
      "properties": {
        "@id": "way/273757151",
        "addr:city": "Zamboanga City",
        "addr:postcode": "7000",
        "addr:street": "Calle Socorro, Mercedes",
        "name": "Ice Plant",
        "shop": "tube_ice",
        "@geometry": "center"
      },
      "geometry": {
        "type": "Point",
        "coordinates": [
          122.1475466,
          6.9633807
        ]
      },
      "id": "way/273757151"
    },
    {
      "type": "Feature",
      "properties": {
        "@id": "way/273860191",
        "addr:city": "Zamboanga City",
        "addr:postcode": "7000",
        "addr:street": "Maria Clara L. Lobregat Highway",
        "amenity": "place_of_worship",
        "building": "church",
        "denomination": "roman_catholic",
        "name": "Divine Mercy Parish Church",
        "religion": "christian",
        "@geometry": "center"
      },
      "geometry": {
        "type": "Point",
        "coordinates": [
          122.1028515,
          6.9488863
        ]
      },
      "id": "way/273860191"
    },
    {
      "type": "Feature",
      "properties": {
        "@id": "way/273861890",
        "addr:city": "Zamboanga City",
        "addr:postcode": "7000",
        "addr:street": "Guiwan",
        "amenity": "bank",
        "atm": "yes",
        "building": "yes",
        "name": "Metrobank",
        "@geometry": "center"
      },
      "geometry": {
        "type": "Point",
        "coordinates": [
          122.0912303,
          6.9315035
        ]
      },
      "id": "way/273861890"
    },
    {
      "type": "Feature",
      "properties": {
        "@id": "way/273861891",
        "access": "customers",
        "amenity": "parking",
        "capacity": "50",
        "parking": "surface",
        "@geometry": "center"
      },
      "geometry": {
        "type": "Point",
        "coordinates": [
          122.0912803,
          6.9315677
        ]
      },
      "id": "way/273861891"
    },
    {
      "type": "Feature",
      "properties": {
        "@id": "way/273873083",
        "addr:city": "Zamboanga City",
        "addr:postcode": "7000",
        "addr:street": "Maria Clara Lobregat Highway, Guiwan",
        "amenity": "bank",
        "atm": "yes",
        "building": "yes",
        "fixme": "name",
        "@geometry": "center"
      },
      "geometry": {
        "type": "Point",
        "coordinates": [
          122.0898734,
          6.9308468
        ]
      },
      "id": "way/273873083"
    },
    {
      "type": "Feature",
      "properties": {
        "@id": "way/273876201",
        "addr:street": "Maria Clara L. Lobregat Highway",
        "amenity": "pharmacy",
        "brand": "Mercury Drug",
        "brand:wikidata": "Q6818610",
        "building": "yes",
        "check_date": "2024-09-20",
        "dispensing": "yes",
        "healthcare": "pharmacy",
        "name": "Mercury Drug",
        "opening_hours": "08:00-22:00",
        "@geometry": "center"
      },
      "geometry": {
        "type": "Point",
        "coordinates": [
          122.0897602,
          6.9308253
        ]
      },
      "id": "way/273876201"
    },
    {
      "type": "Feature",
      "properties": {
        "@id": "way/273878418",
        "addr:city": "Zamboanga City",
        "addr:postcode": "7000",
        "addr:street": "Maria Clara Lobregat Highway",
        "amenity": "bank",
        "atm": "yes",
        "building": "yes",
        "name": "One Network Bank",
        "@geometry": "center"
      },
      "geometry": {
        "type": "Point",
        "coordinates": [
          122.0906921,
          6.9316459
        ]
      },
      "id": "way/273878418"
    },
    {
      "type": "Feature",
      "properties": {
        "@id": "way/273893292",
        "addr:city": "Zamboanga City",
        "addr:postcode": "7000",
        "addr:street": "MCLL Hi-Way, Divisoria",
        "amenity": "restaurant",
        "building": "yes",
        "capacity": "150",
        "cuisine": "regional",
        "name": "Chowtime Cuisine",
        "opening_hours": "10:00-21:00",
        "@geometry": "center"
      },
      "geometry": {
        "type": "Point",
        "coordinates": [
          122.1045,
          6.9484615
        ]
      },
      "id": "way/273893292"
    },
    {
      "type": "Feature",
      "properties": {
        "@id": "way/273893293",
        "comment": "Barbecue",
        "shop": "food",
        "@geometry": "center"
      },
      "geometry": {
        "type": "Point",
        "coordinates": [
          122.1045513,
          6.9486297
        ]
      },
      "id": "way/273893293"
    },
    {
      "type": "Feature",
      "properties": {
        "@id": "way/273893294",
        "amenity": "parking",
        "name": "Chowtime Cuisine Parking Area",
        "parking": "surface",
        "@geometry": "center"
      },
      "geometry": {
        "type": "Point",
        "coordinates": [
          122.1043703,
          6.9484669
        ]
      },
      "id": "way/273893294"
    },
    {
      "type": "Feature",
      "properties": {
        "@id": "way/273899003",
        "addr:city": "Zamboanga",
        "addr:postcode": "7000",
        "addr:street": "Mayor Vitaliano D. Agan Avenue",
        "name": "Emcor",
        "note": "Also deals Motorcycles",
        "opening_hours": "Mo-Sa 8:00-19:00; Su 8:00-17:00",
        "shop": "appliance",
        "@geometry": "center"
      },
      "geometry": {
        "type": "Point",
        "coordinates": [
          122.0745567,
          6.9209378
        ]
      },
      "id": "way/273899003"
    },
    {
      "type": "Feature",
      "properties": {
        "@id": "way/273904943",
        "addr:city": "Zamboanga",
        "addr:postcode": "7000",
        "addr:street": "Mayor Vitaliano D. Agan Avenue",
        "amenity": "bank",
        "atm": "yes",
        "building": "yes",
        "name": "Philippine Savings Bank",
        "@geometry": "center"
      },
      "geometry": {
        "type": "Point",
        "coordinates": [
          122.0753216,
          6.9176222
        ]
      },
      "id": "way/273904943"
    },
    {
      "type": "Feature",
      "properties": {
        "@id": "way/273904944",
        "garden:type": "residential",
        "leisure": "garden",
        "@geometry": "center"
      },
      "geometry": {
        "type": "Point",
        "coordinates": [
          122.0752858,
          6.9175196
        ]
      },
      "id": "way/273904944"
    },
    {
      "type": "Feature",
      "properties": {
        "@id": "way/273905306",
        "addr:city": "Zamboanga",
        "addr:postcode": "7000",
        "addr:street": "Mayor Vitaliano D. Agan Avenue",
        "amenity": "bank",
        "atm": "yes",
        "brand": "Asia United Bank",
        "brand:wikidata": "Q4806482",
        "brand:wikipedia": "tl:Asia United Bank",
        "building": "yes",
        "name": "Asia United Bank",
        "@geometry": "center"
      },
      "geometry": {
        "type": "Point",
        "coordinates": [
          122.0766233,
          6.9131649
        ]
      },
      "id": "way/273905306"
    },
    {
      "type": "Feature",
      "properties": {
        "@id": "way/273906831",
        "amenity": "car_wash",
        "building": "no",
        "@geometry": "center"
      },
      "geometry": {
        "type": "Point",
        "coordinates": [
          122.0762706,
          6.9127398
        ]
      },
      "id": "way/273906831"
    },
    {
      "type": "Feature",
      "properties": {
        "@id": "way/273906832",
        "addr:city": "Zamboanga",
        "addr:postcode": "7000",
        "addr:street": "Mayor Vitaliano D. Agan Avenue",
        "amenity": "fast_food",
        "cuisine": "regional",
        "seating": "yes",
        "@geometry": "center"
      },
      "geometry": {
        "type": "Point",
        "coordinates": [
          122.0763498,
          6.9128281
        ]
      },
      "id": "way/273906832"
    },
    {
      "type": "Feature",
      "properties": {
        "@id": "way/273906833",
        "building": "yes",
        "height": "9 m",
        "leisure": "sports_centre",
        "name": "Golden Boyz",
        "roof:shape": "gabled",
        "sport": "basketball",
        "@geometry": "center"
      },
      "geometry": {
        "type": "Point",
        "coordinates": [
          122.0761739,
          6.9129474
        ]
      },
      "id": "way/273906833"
    },
    {
      "type": "Feature",
      "properties": {
        "@id": "way/273906834",
        "addr:city": "Zamboanga",
        "addr:postcode": "7000",
        "addr:street": "Mayor Vitaliano D. Agan Avenue",
        "amenity": "restaurant",
        "building": "yes",
        "cuisine": "regional",
        "@geometry": "center"
      },
      "geometry": {
        "type": "Point",
        "coordinates": [
          122.0762889,
          6.9130338
        ]
      },
      "id": "way/273906834"
    },
    {
      "type": "Feature",
      "properties": {
        "@id": "way/273908330",
        "amenity": "fire_station",
        "building": "yes",
        "name": "Filipino-Chinese Volunteer Fire Brigade",
        "@geometry": "center"
      },
      "geometry": {
        "type": "Point",
        "coordinates": [
          122.0776224,
          6.9091995
        ]
      },
      "id": "way/273908330"
    },
    {
      "type": "Feature",
      "properties": {
        "@id": "way/273950111",
        "addr:city": "Zamboanga City",
        "addr:postcode": "7000",
        "addr:street": "Mercedes",
        "amenity": "place_of_worship",
        "building": "yes",
        "denomination": "seventh_day_adventist",
        "name": "East-Coast Adventist Church",
        "religion": "christian",
        "@geometry": "center"
      },
      "geometry": {
        "type": "Point",
        "coordinates": [
          122.1352627,
          6.9613803
        ]
      },
      "id": "way/273950111"
    },
    {
      "type": "Feature",
      "properties": {
        "@id": "way/273950112",
        "amenity": "place_of_worship",
        "building": "yes",
        "denomination": "jehovahs_witness",
        "name": "Kingdom Hall of Jehovah's Witnesses",
        "religion": "christian",
        "@geometry": "center"
      },
      "geometry": {
        "type": "Point",
        "coordinates": [
          122.1357609,
          6.963366
        ]
      },
      "id": "way/273950112"
    },
    {
      "type": "Feature",
      "properties": {
        "@id": "way/273956062",
        "addr:city": "Zamboanga",
        "addr:postcode": "7000",
        "addr:street": "Maria Clara L. Lobregat Highway",
        "addr:suburb": "Mercedes",
        "amenity": "fuel",
        "branch": "Mercedes",
        "brand": "Shell",
        "building": "roof",
        "building:levels": "1",
        "building:use": "retail",
        "layer": "1",
        "roof:shape": "flat",
        "@geometry": "center"
      },
      "geometry": {
        "type": "Point",
        "coordinates": [
          122.1335859,
          6.9627048
        ]
      },
      "id": "way/273956062"
    },
    {
      "type": "Feature",
      "properties": {
        "@id": "way/273993925",
        "amenity": "fuel",
        "brand": "Shell",
        "brand:wikidata": "Q110716465",
        "building": "roof",
        "building:levels": "1",
        "building:use": "retail",
        "layer": "1",
        "name": "Shell",
        "roof:shape": "flat",
        "@geometry": "center"
      },
      "geometry": {
        "type": "Point",
        "coordinates": [
          122.085346,
          6.9282531
        ]
      },
      "id": "way/273993925"
    },
    {
      "type": "Feature",
      "properties": {
        "@id": "way/274017333",
        "FIXME": "polygon needs to be adjusted to exact camp boundaries",
        "addr:city": "Zamboanga",
        "addr:village": "Mercedes",
        "alt_name": "Camp Abendan",
        "amenity": "police",
        "email": "prictmd.pro9@gmail.com",
        "name": "Camp Colonel Romeo A. Abendan",
        "operator": "Philippine National Police",
        "phone": "+6362 991 3003; +63928 788 3644",
        "website": "https://pro9.pnp.gov.ph/",
        "@geometry": "center"
      },
      "geometry": {
        "type": "Point",
        "coordinates": [
          122.1303334,
          6.9536833
        ]
      },
      "id": "way/274017333"
    },
    {
      "type": "Feature",
      "properties": {
        "@id": "way/274017497",
        "addr:city": "Zamboanga City",
        "addr:postcode": "7000",
        "addr:quarter": "Guiwan",
        "addr:street": "Maria Clara L. Lobregat Highway",
        "amenity": "fuel",
        "brand": "Petron",
        "brand:wikidata": "Q7179011",
        "building": "roof",
        "building:levels": "1",
        "building:use": "retail",
        "height": "6",
        "layer": "1",
        "name": "Petron",
        "roof:shape": "flat",
        "@geometry": "center"
      },
      "geometry": {
        "type": "Point",
        "coordinates": [
          122.0851631,
          6.9272485
        ]
      },
      "id": "way/274017497"
    },
    {
      "type": "Feature",
      "properties": {
        "@id": "way/274031858",
        "addr:city": "Zamboanga City",
        "addr:postcode": "7000",
        "alt_name": "City Coliseum",
        "leisure": "sports_centre",
        "name": "Vitaliano D. Agan Colliseum",
        "office": "government",
        "operator": "City Mayor Office-Sports Division",
        "operator:type": "government",
        "ownership": "city",
        "roof:shape": "gabled",
        "sport": "multi",
        "@geometry": "center"
      },
      "geometry": {
        "type": "Point",
        "coordinates": [
          122.0923346,
          6.9131607
        ]
      },
      "id": "way/274031858"
    },
    {
      "type": "Feature",
      "properties": {
        "@id": "way/274043701",
        "access": "official",
        "alt_name": "Zamboanga City Jail",
        "amenity": "prison",
        "barrier": "wall",
        "name": "Zamboanga City Reformatory Center",
        "operator": "Bureau of Jail Management and Penology",
        "operator:type": "government",
        "ownership": "city",
        "@geometry": "center"
      },
      "geometry": {
        "type": "Point",
        "coordinates": [
          122.071306,
          6.9056808
        ]
      },
      "id": "way/274043701"
    },
    {
      "type": "Feature",
      "properties": {
        "@id": "way/274048682",
        "addr:barangay": "Putik",
        "addr:city": "Zamboanga City",
        "addr:postcode": "7000",
        "amenity": "fast_food",
        "brand": "Jollibee",
        "building": "yes",
        "check_date": "2024-09-21",
        "cuisine": "burger",
        "drive_through": "yes",
        "name": "Jollibee",
        "smoking": "no",
        "takeaway": "yes",
        "wheelchair": "yes",
        "@geometry": "center"
      },
      "geometry": {
        "type": "Point",
        "coordinates": [
          122.0924732,
          6.9357907
        ]
      },
      "id": "way/274048682"
    },
    {
      "type": "Feature",
      "properties": {
        "@id": "way/274055942",
        "addr:barangay": "Guiwan",
        "addr:city": "Zamboanga City",
        "leisure": "pitch",
        "name": "Guiwan Cockfit Arena",
        "sport": "cockfighting",
        "@geometry": "center"
      },
      "geometry": {
        "type": "Point",
        "coordinates": [
          122.0940442,
          6.9325692
        ]
      },
      "id": "way/274055942"
    },
    {
      "type": "Feature",
      "properties": {
        "@id": "way/274063018",
        "amenity": "place_of_worship",
        "building": "church",
        "denomination": "catholic",
        "name": "Our Lady of Mount Carmel Parish Church",
        "religion": "christian",
        "@geometry": "center"
      },
      "geometry": {
        "type": "Point",
        "coordinates": [
          121.9518295,
          6.9583876
        ]
      },
      "id": "way/274063018"
    },
    {
      "type": "Feature",
      "properties": {
        "@id": "way/274066885",
        "addr:barangay": "Talisayan",
        "addr:city": "Zamboanga City",
        "addr:place": "San Ramon",
        "addr:postcode": "7000",
        "addr:province": "Zamboanga del Sur",
        "amenity": "school",
        "isced:level": "0;1",
        "name": "San Ramon Elementary School",
        "operator": "Labuan District of Zamboanga City Schools Division, DepEd",
        "operator:type": "government",
        "operator:wikidata": "Q3550346",
        "population:pupils": "197",
        "population:pupils:date": "2015",
        "ref": "126148",
        "start_date": "1945",
        "@geometry": "center"
      },
      "geometry": {
        "type": "Point",
        "coordinates": [
          121.926862,
          6.9926733
        ]
      },
      "id": "way/274066885"
    },
    {
      "type": "Feature",
      "properties": {
        "@id": "way/274068116",
        "addr:barangay": "Mercedes",
        "addr:city": "Zamboanga City",
        "addr:postcode": "7000",
        "addr:province": "Zamboanga del Sur",
        "addr:street": "Calle Socorro",
        "amenity": "school",
        "isced:level": "0;1",
        "name": "Mercedes Central School",
        "operator": "Mercedes District of Zamboanga City Schools Division, DepEd",
        "operator:type": "government",
        "operator:wikidata": "Q3550346",
        "population:pupils": "2165",
        "population:pupils:date": "2015",
        "ref": "126189",
        "start_date": "1920",
        "@geometry": "center"
      },
      "geometry": {
        "type": "Point",
        "coordinates": [
          122.1489265,
          6.9574583
        ]
      },
      "id": "way/274068116"
    },
    {
      "type": "Feature",
      "properties": {
        "@id": "way/274215984",
        "addr:barangay": "San Roque",
        "addr:city": "Zamboanga City",
        "addr:place": "Sitio Malasiga",
        "addr:postcode": "7000",
        "addr:province": "Zamboanga del Sur",
        "alt_name": "Regional Science High School",
        "amenity": "school",
        "education_program": "specialized_education",
        "isced:level": "2;3",
        "name": "IX Regional Science High School",
        "operator": "Sta. Maria District of Zamboanga City Schools Division, DepEd",
        "operator:type": "government",
        "operator:wikidata": "Q3550346",
        "population:pupils": "440",
        "population:pupils:date": "2015",
        "ref": "303943",
        "specialized_education": "science",
        "start_date": "1994",
        "wikidata": "Q7309149",
        "@geometry": "center"
      },
      "geometry": {
        "type": "Point",
        "coordinates": [
          122.0526513,
          6.9325881
        ]
      },
      "id": "way/274215984"
    },
    {
      "type": "Feature",
      "properties": {
        "@id": "way/274215986",
        "building": "roof",
        "layer": "1",
        "leisure": "sports_centre",
        "sport": "multi",
        "@geometry": "center"
      },
      "geometry": {
        "type": "Point",
        "coordinates": [
          122.0531205,
          6.9327616
        ]
      },
      "id": "way/274215986"
    },
    {
      "type": "Feature",
      "properties": {
        "@id": "way/274218322",
        "amenity": "fuel",
        "brand": "Petron",
        "@geometry": "center"
      },
      "geometry": {
        "type": "Point",
        "coordinates": [
          122.0477125,
          6.9291737
        ]
      },
      "id": "way/274218322"
    },
    {
      "type": "Feature",
      "properties": {
        "@id": "way/274285048",
        "addr:city": "Zamboanga City",
        "addr:postcode": "7000",
        "addr:street": "MCLL Hi-way, Putik",
        "building": "yes",
        "name": "Master's Bakery",
        "shop": "bakery",
        "@geometry": "center"
      },
      "geometry": {
        "type": "Point",
        "coordinates": [
          122.0915131,
          6.9324563
        ]
      },
      "id": "way/274285048"
    },
    {
      "type": "Feature",
      "properties": {
        "@id": "way/274285049",
        "addr:barangay": "Guiwan",
        "addr:city": "Zamboanga City",
        "addr:postcode": "7000",
        "addr:street": "MCLL Hi-way",
        "building": "yes",
        "building:levels": "4",
        "name": "Dennis Hardware Enterprises",
        "shop": "hardware",
        "@geometry": "center"
      },
      "geometry": {
        "type": "Point",
        "coordinates": [
          122.0910083,
          6.9314454
        ]
      },
      "id": "way/274285049"
    },
    {
      "type": "Feature",
      "properties": {
        "@id": "way/274475500",
        "addr2:street": "Buenavista Street",
        "addr:street": "Ledesma Road",
        "amenity": "fuel",
        "brand": "Shell",
        "brand:wikidata": "Q110716465",
        "building": "roof",
        "layer": "1",
        "name": "Shell",
        "@geometry": "center"
      },
      "geometry": {
        "type": "Point",
        "coordinates": [
          122.0704698,
          6.909022
        ]
      },
      "id": "way/274475500"
    },
    {
      "type": "Feature",
      "properties": {
        "@id": "way/274475878",
        "addr2:street": "Buenavista Street",
        "addr:street": "Ledesma Road",
        "amenity": "fuel",
        "brand": "Petron",
        "brand:wikidata": "Q7179011",
        "building": "roof",
        "building:levels": "1",
        "building:use": "retail",
        "layer": "1",
        "name": "Petron",
        "roof:shape": "flat",
        "@geometry": "center"
      },
      "geometry": {
        "type": "Point",
        "coordinates": [
          122.0708606,
          6.9087073
        ]
      },
      "id": "way/274475878"
    },
    {
      "type": "Feature",
      "properties": {
        "@id": "way/274477155",
        "addr:city": "Zamboanga",
        "addr:postcode": "7000",
        "addr:street": "Governor Camins Avenue",
        "amenity": "restaurant",
        "building": "yes",
        "capacity": "50",
        "cuisine": "chinese",
        "name": "Chowking",
        "@geometry": "center"
      },
      "geometry": {
        "type": "Point",
        "coordinates": [
          122.0718054,
          6.9207634
        ]
      },
      "id": "way/274477155"
    },
    {
      "type": "Feature",
      "properties": {
        "@id": "way/274477254",
        "addr:city": "Zamboanga",
        "addr:postcode": "7000",
        "addr:street": "Mayor M. S. Jaldon Street",
        "amenity": "restaurant",
        "building": "yes",
        "building:levels": "2",
        "cuisine": "chinese",
        "internet_access": "wlan",
        "name": "Aristocrat Restaurant",
        "@geometry": "center"
      },
      "geometry": {
        "type": "Point",
        "coordinates": [
          122.0723551,
          6.9205294
        ]
      },
      "id": "way/274477254"
    },
    {
      "type": "Feature",
      "properties": {
        "@id": "way/274478749",
        "leisure": "park",
        "name": "Santa Maria Park",
        "@geometry": "center"
      },
      "geometry": {
        "type": "Point",
        "coordinates": [
          122.0726363,
          6.9219008
        ]
      },
      "id": "way/274478749"
    },
    {
      "type": "Feature",
      "properties": {
        "@id": "way/274478751",
        "addr:barangay": "Tetuan",
        "addr:city": "Zamboanga City",
        "addr:postcode": "7000",
        "addr:province": "Zamboanga del Sur",
        "addr:street": "Veterans Avenue Extension",
        "amenity": "hospital",
        "beds": "110",
        "contact:phone": "+63 629912507;+63 0629912506",
        "emergency": "yes",
        "healthcare": "hospital",
        "name": "West Metro Medical Center",
        "ref": "DOH000000000003141",
        "@geometry": "center"
      },
      "geometry": {
        "type": "Point",
        "coordinates": [
          122.0793781,
          6.9234768
        ]
      },
      "id": "way/274478751"
    },
    {
      "type": "Feature",
      "properties": {
        "@id": "way/274478753",
        "access": "private",
        "amenity": "parking",
        "parking": "surface",
        "@geometry": "center"
      },
      "geometry": {
        "type": "Point",
        "coordinates": [
          122.0796335,
          6.9235338
        ]
      },
      "id": "way/274478753"
    },
    {
      "type": "Feature",
      "properties": {
        "@id": "way/274478843",
        "addr:barangay": "Tetuan",
        "addr:city": "Zamboanga City",
        "addr:postcode": "7000",
        "addr:street": "Veterans Avenue Extension",
        "amenity": "pharmacy",
        "building": "yes",
        "building:levels": "3",
        "name": "Oro Wonder Drug",
        "wheelchair": "yes",
        "@geometry": "center"
      },
      "geometry": {
        "type": "Point",
        "coordinates": [
          122.0791312,
          6.923718
        ]
      },
      "id": "way/274478843"
    },
    {
      "type": "Feature",
      "properties": {
        "@id": "way/274480626",
        "addr:city": "Zamboanga City",
        "addr:postcode": "7000",
        "addr:street": "Maria Clara Lobregat Highway",
        "building": "yes",
        "name": "A.L. Gonzales and Sons",
        "shop": "gas",
        "@geometry": "center"
      },
      "geometry": {
        "type": "Point",
        "coordinates": [
          122.080806,
          6.9231632
        ]
      },
      "id": "way/274480626"
    },
    {
      "type": "Feature",
      "properties": {
        "@id": "way/274480628",
        "addr:city": "Zamboanga City",
        "addr:postcode": "7000",
        "addr:street": "Veterans Avenue",
        "amenity": "pharmacy",
        "building": "yes",
        "name": "Joan's Pharmacy & Convinience Store",
        "operator": "Zamboanga JA Trading Corporation",
        "@geometry": "center"
      },
      "geometry": {
        "type": "Point",
        "coordinates": [
          122.0790974,
          6.9230384
        ]
      },
      "id": "way/274480628"
    },
    {
      "type": "Feature",
      "properties": {
        "@id": "way/274497085",
        "addr:barangay": "Cabaluay",
        "addr:city": "Zamboanga City",
        "addr:housenumber": "3",
        "addr:neighbourhood": "Purok 3",
        "addr:postcode": "7000",
        "addr:province": "Zamboanga del Sur",
        "amenity": "school",
        "isced:level": "2;3",
        "name": "Cabaluay National High School",
        "operator": "Mercedes District of Zamboanga City Schools Division, DepEd",
        "operator:type": "government",
        "operator:wikidata": "Q3550346",
        "population:pupils": "413",
        "population:pupils:date": "2015",
        "ref": "303919",
        "start_date": "1995",
        "@geometry": "center"
      },
      "geometry": {
        "type": "Point",
        "coordinates": [
          122.1778437,
          6.99443
        ]
      },
      "id": "way/274497085"
    },
    {
      "type": "Feature",
      "properties": {
        "@id": "way/274497092",
        "addr:barangay": "Cabaluay",
        "addr:city": "Zamboanga City",
        "addr:postcode": "7000",
        "addr:street": "Maria Clara Lobregat Highway",
        "admin_level": "10",
        "amenity": "townhall",
        "building": "public",
        "building:levels": "2",
        "name": "Cabaluay Barangay Hall",
        "townhall:type": "barangay",
        "@geometry": "center"
      },
      "geometry": {
        "type": "Point",
        "coordinates": [
          122.1772844,
          6.9950825
        ]
      },
      "id": "way/274497092"
    },
    {
      "type": "Feature",
      "properties": {
        "@id": "way/274497093",
        "building": "yes",
        "leisure": "sports_centre",
        "name": "Cabaluay Gymnasium",
        "roof:shape": "gabled",
        "sport": "multi",
        "@geometry": "center"
      },
      "geometry": {
        "type": "Point",
        "coordinates": [
          122.1774458,
          6.9953067
        ]
      },
      "id": "way/274497093"
    },
    {
      "type": "Feature",
      "properties": {
        "@id": "way/274497094",
        "addr:barangay": "Cabaluay",
        "addr:city": "Zamboanga City",
        "addr:neighbourhood": "Zone 2",
        "addr:postcode": "7000",
        "addr:province": "Zamboanga del Sur",
        "addr:street": "Maria Clara Lobregat Highway",
        "amenity": "school",
        "isced:level": "0;1",
        "name": "Cabaluay Elementary School",
        "operator": "Mercedes District of Zamboanga City Schools Division, DepEd",
        "operator:type": "government",
        "operator:wikidata": "Q3550346",
        "population:pupils": "962",
        "population:pupils:date": "2015",
        "ref": "126179",
        "start_date": "1936",
        "@geometry": "center"
      },
      "geometry": {
        "type": "Point",
        "coordinates": [
          122.1718177,
          6.9928987
        ]
      },
      "id": "way/274497094"
    },
    {
      "type": "Feature",
      "properties": {
        "@id": "way/274694944",
        "addr:city": "Zamboanga City",
        "addr:place": "High School Zone",
        "addr:postcode": "7000",
        "addr:province": "Zamboanga del Sur",
        "addr:suburb": "Manicahan",
        "amenity": "school",
        "isced:level": "2;3",
        "name": "Manicahan National High School",
        "operator": "Manicahan District of Zamboanga City Schools Division, DepEd",
        "operator:type": "government",
        "operator:wikidata": "Q3550346",
        "population:pupils": "1347",
        "population:pupils:date": "2015",
        "ref": "303928",
        "start_date": "1965",
        "@geometry": "center"
      },
      "geometry": {
        "type": "Point",
        "coordinates": [
          122.1863489,
          7.0224325
        ]
      },
      "id": "way/274694944"
    },
    {
      "type": "Feature",
      "properties": {
        "@id": "way/274704540",
        "building": "roof",
        "building:use": "civic",
        "emergency:amenity": "social_facility",
        "emergency:social_facility": "shelter",
        "emergency:social_facility:for": "displaced_people",
        "events_venue": "yes",
        "layer": "1",
        "leisure": "sports_hall",
        "name": "Audience Hall",
        "sport": "multi",
        "@geometry": "center"
      },
      "geometry": {
        "type": "Point",
        "coordinates": [
          122.1863266,
          7.0223809
        ]
      },
      "id": "way/274704540"
    },
    {
      "type": "Feature",
      "properties": {
        "@id": "way/274704541",
        "leisure": "garden",
        "@geometry": "center"
      },
      "geometry": {
        "type": "Point",
        "coordinates": [
          122.186569,
          7.021816
        ]
      },
      "id": "way/274704541"
    },
    {
      "type": "Feature",
      "properties": {
        "@id": "way/274706496",
        "addr:barangay": "Manicahan",
        "addr:city": "Zamboanga City",
        "addr:neighbourhood": "School Zone",
        "addr:postcode": "7000",
        "addr:province": "Zamboanga del Sur",
        "amenity": "school",
        "isced:level": "0;1",
        "name": "Manicahan Central School",
        "operator": "Manicahan District of Zamboanga City Schools Division, DepEd",
        "operator:type": "government",
        "operator:wikidata": "Q3550346",
        "population:pupils": "978",
        "population:pupils:date": "2015",
        "ref": "126164",
        "start_date": "1921",
        "@geometry": "center"
      },
      "geometry": {
        "type": "Point",
        "coordinates": [
          122.1911367,
          7.0233553
        ]
      },
      "id": "way/274706496"
    },
    {
      "type": "Feature",
      "properties": {
        "@id": "way/274712218",
        "addr:city": "Zamboanga City",
        "addr:postcode": "7000",
        "addr:province": "Zamboanga del Sur",
        "addr:suburb": "Sangali",
        "amenity": "school",
        "isced:level": "2;3",
        "name": "Sangali National High School",
        "operator": "Department of Education",
        "operator:short": "DepEd",
        "operator:type": "government",
        "operator:wikidata": "Q3550346",
        "ref": "303930",
        "@geometry": "center"
      },
      "geometry": {
        "type": "Point",
        "coordinates": [
          122.2056123,
          7.075318
        ]
      },
      "id": "way/274712218"
    },
    {
      "type": "Feature",
      "properties": {
        "@id": "way/274712220",
        "addr:barangay": "Sangali",
        "addr:city": "Zamboanga City",
        "addr:housename": "Sangali National High School",
        "addr:postcode": "7000",
        "building": "roof",
        "building:use": "civic",
        "emergency:amenity": "social_facility",
        "emergency:social_facility": "shelter",
        "emergency:social_facility:for": "displaced_people",
        "events_venue": "yes",
        "height": "7 m",
        "layer": "1",
        "leisure": "sports_hall",
        "name": "Multi-Purpose Covered Court",
        "sport": "multi",
        "@geometry": "center"
      },
      "geometry": {
        "type": "Point",
        "coordinates": [
          122.2055859,
          7.0752402
        ]
      },
      "id": "way/274712220"
    },
    {
      "type": "Feature",
      "properties": {
        "@id": "way/274712224",
        "amenity": "toilets",
        "building": "yes",
        "@geometry": "center"
      },
      "geometry": {
        "type": "Point",
        "coordinates": [
          122.205832,
          7.0756883
        ]
      },
      "id": "way/274712224"
    },
    {
      "type": "Feature",
      "properties": {
        "@id": "way/274766562",
        "addr:city": "Zamboanga City",
        "addr:postcode": "7000",
        "addr:quarter": "Tumaga",
        "brand": "Jinbei",
        "building": "yes",
        "name": "Jinbei Auto",
        "note": "Overlap with road buffer. Check if need to edit.",
        "shop": "car",
        "wheelchair": "yes",
        "@geometry": "center"
      },
      "geometry": {
        "type": "Point",
        "coordinates": [
          122.0848262,
          6.927297
        ]
      },
      "id": "way/274766562"
    },
    {
      "type": "Feature",
      "properties": {
        "@id": "way/274775591",
        "addr:barangay": "Putik",
        "addr:city": "Zamboanga City",
        "addr:postcode": "7000",
        "addr:province": "Zamboanga del Sur",
        "addr:street": "Maria Clara L. Lobregat Highway",
        "amenity": "school",
        "check_date": "2024-09-22",
        "grades": "0-6",
        "isced:level": "0;1",
        "name": "Putik Central School",
        "operator": "Putik District of Zamboanga City Schools Division, DepEd",
        "operator:type": "government",
        "operator:wikidata": "Q3550346",
        "population:pupils": "3706",
        "population:pupils:date": "2015",
        "ref": "126204",
        "religion": "none",
        "specialized_education": "special_needs",
        "start_date": "1944",
        "@geometry": "center"
      },
      "geometry": {
        "type": "Point",
        "coordinates": [
          122.0934946,
          6.9382465
        ]
      },
      "id": "way/274775591"
    },
    {
      "type": "Feature",
      "properties": {
        "@id": "way/274844378",
        "addr:city": "Zamboanga",
        "addr:postcode": "7000",
        "addr:street": "Nuñez Street",
        "amenity": "place_of_worship",
        "building": "church",
        "denomination": "catholic",
        "name": "Saint Joseph Parish Church",
        "religion": "christian",
        "@geometry": "center"
      },
      "geometry": {
        "type": "Point",
        "coordinates": [
          122.078025,
          6.9077788
        ]
      },
      "id": "way/274844378"
    },
    {
      "type": "Feature",
      "properties": {
        "@id": "way/274844386",
        "amenity": "parking",
        "parking": "surface",
        "@geometry": "center"
      },
      "geometry": {
        "type": "Point",
        "coordinates": [
          122.0780101,
          6.9075343
        ]
      },
      "id": "way/274844386"
    },
    {
      "type": "Feature",
      "properties": {
        "@id": "way/274848606",
        "amenity": "events_venue",
        "building": "roof",
        "layer": "1",
        "name": "Multi-Purpose Covered Court 1",
        "operator": "Ateneo de Zamboanga University",
        "operator:type": "private",
        "sport": "multi",
        "@geometry": "center"
      },
      "geometry": {
        "type": "Point",
        "coordinates": [
          122.0767675,
          6.9097725
        ]
      },
      "id": "way/274848606"
    },
    {
      "type": "Feature",
      "properties": {
        "@id": "way/274898134",
        "access": "private",
        "leisure": "pitch",
        "lit": "no",
        "name": "AdZU Back Field",
        "sport": "soccer;running",
        "surface": "dirt",
        "@geometry": "center"
      },
      "geometry": {
        "type": "Point",
        "coordinates": [
          122.0766706,
          6.9104078
        ]
      },
      "id": "way/274898134"
    },
    {
      "type": "Feature",
      "properties": {
        "@id": "way/274902965",
        "addr:barangay": "Putik",
        "addr:city": "Zamboanga City",
        "addr:postcode": "7000",
        "amenity": "place_of_worship",
        "building": "church",
        "denomination": "roman_catholic",
        "name": "Saint Anthony de Padua Parish Church",
        "religion": "christian",
        "@geometry": "center"
      },
      "geometry": {
        "type": "Point",
        "coordinates": [
          122.0930507,
          6.9393753
        ]
      },
      "id": "way/274902965"
    },
    {
      "type": "Feature",
      "properties": {
        "@id": "way/274904261",
        "amenity": "restaurant",
        "building": "yes",
        "@geometry": "center"
      },
      "geometry": {
        "type": "Point",
        "coordinates": [
          122.0934367,
          6.9369472
        ]
      },
      "id": "way/274904261"
    },
    {
      "type": "Feature",
      "properties": {
        "@id": "way/274905114",
        "addr:city": "Zamboanga",
        "addr:postcode": "7000",
        "addr:street": "Tumaga Porcentro Road",
        "name": "New Country Living Motel",
        "operator": "Neltran Buena Ventures, Inc.",
        "tourism": "motel",
        "@geometry": "center"
      },
      "geometry": {
        "type": "Point",
        "coordinates": [
          122.0878907,
          6.9331311
        ]
      },
      "id": "way/274905114"
    },
    {
      "type": "Feature",
      "properties": {
        "@id": "way/274905117",
        "addr2:street": "Hector Suarez Avenue",
        "addr:city": "Zamboanga",
        "addr:postcode": "7000",
        "addr:quarter": "Tumaga",
        "addr:street": "Yvanoff Drive",
        "building": "yes",
        "name": "New Country Living Motel",
        "operator": "Neltran Buena Ventures, Inc.",
        "tourism": "motel",
        "@geometry": "center"
      },
      "geometry": {
        "type": "Point",
        "coordinates": [
          122.0786096,
          6.936268
        ]
      },
      "id": "way/274905117"
    },
    {
      "type": "Feature",
      "properties": {
        "@id": "way/274932928",
        "addr:city": "Zamboanga",
        "addr:postcode": "7000",
        "addr:street": "General Vicente Alvarez Street",
        "leisure": "sports_centre",
        "operator": "Zamboanga Lawn Tennis Association",
        "sport": "tennis",
        "surface": "concrete",
        "@geometry": "center"
      },
      "geometry": {
        "type": "Point",
        "coordinates": [
          122.0802033,
          6.9031704
        ]
      },
      "id": "way/274932928"
    },
    {
      "type": "Feature",
      "properties": {
        "@id": "way/274954515",
        "addr:city": "Zamboanga",
        "addr:postcode": "7000",
        "addr:street": "Nuñez Street",
        "amenity": "clinic",
        "building": "yes",
        "building:levels": "4",
        "healthcare": "clinic",
        "name": "Ramirez Skin Clinic",
        "@geometry": "center"
      },
      "geometry": {
        "type": "Point",
        "coordinates": [
          122.0774503,
          6.908246
        ]
      },
      "id": "way/274954515"
    },
    {
      "type": "Feature",
      "properties": {
        "@id": "way/274977500",
        "amenity": "restaurant",
        "building": "roof",
        "cuisine": "regional",
        "layer": "1",
        "name": "Grill Plus Restaurant",
        "roof:shape": "gabled",
        "@geometry": "center"
      },
      "geometry": {
        "type": "Point",
        "coordinates": [
          122.0751278,
          6.9182492
        ]
      },
      "id": "way/274977500"
    },
    {
      "type": "Feature",
      "properties": {
        "@id": "way/274977504",
        "addr:housenumber": "3",
        "addr:street": "Mayor Vitaliano D. Agan Avenue",
        "amenity": "bank",
        "atm": "yes",
        "building": "yes",
        "name": "China Bank Saving",
        "@geometry": "center"
      },
      "geometry": {
        "type": "Point",
        "coordinates": [
          122.0752373,
          6.917981
        ]
      },
      "id": "way/274977504"
    },
    {
      "type": "Feature",
      "properties": {
        "@id": "way/274981070",
        "addr:city": "Zamboanga",
        "addr:postcode": "7000",
        "addr:street": "Mayor Vitaliano D. Agan Avenue",
        "name": "RMG & Sons Motor Corporation",
        "note": "Cherry Cars and JMC",
        "shop": "car",
        "@geometry": "center"
      },
      "geometry": {
        "type": "Point",
        "coordinates": [
          122.0751551,
          6.9185437
        ]
      },
      "id": "way/274981070"
    },
    {
      "type": "Feature",
      "properties": {
        "@id": "way/274981072",
        "addr:city": "Zamboanga",
        "addr:postcode": "7000",
        "addr:street": "Mayor Vitaliano D. Agan Avenue",
        "amenity": "restaurant",
        "building": "yes",
        "cuisine": "regional",
        "name": "Sugba Tula Kilaw Food Haus",
        "@geometry": "center"
      },
      "geometry": {
        "type": "Point",
        "coordinates": [
          122.0751659,
          6.9204383
        ]
      },
      "id": "way/274981072"
    },
    {
      "type": "Feature",
      "properties": {
        "@id": "way/275008371",
        "addr:barangay": "Pasonanca",
        "addr:city": "Zamboanga City",
        "addr:postcode": "7000",
        "addr:province": "Zamboanga del Sur",
        "amenity": "events_venue",
        "building": "commercial",
        "name": "Zamboanga Convention Center",
        "@geometry": "center"
      },
      "geometry": {
        "type": "Point",
        "coordinates": [
          122.0738693,
          6.9520824
        ]
      },
      "id": "way/275008371"
    },
    {
      "type": "Feature",
      "properties": {
        "@id": "way/275010256",
        "addr:city": "Zamboanga City",
        "addr:postcode": "7000",
        "addr:street": "Pasonanca Road",
        "amenity": "place_of_worship",
        "building": "church",
        "denomination": "roman_catholic",
        "name": "Holy Trinity Parish Church",
        "religion": "christian",
        "@geometry": "center"
      },
      "geometry": {
        "type": "Point",
        "coordinates": [
          122.0731167,
          6.9476906
        ]
      },
      "id": "way/275010256"
    },
    {
      "type": "Feature",
      "properties": {
        "@id": "way/275149394",
        "amenity": "convention_centre",
        "building": "yes",
        "name": "Astoria Regency Convention Center",
        "@geometry": "center"
      },
      "geometry": {
        "type": "Point",
        "coordinates": [
          122.0736697,
          6.9497546
        ]
      },
      "id": "way/275149394"
    },
    {
      "type": "Feature",
      "properties": {
        "@id": "way/275149397",
        "amenity": "parking",
        "parking": "surface",
        "supervised": "yes",
        "@geometry": "center"
      },
      "geometry": {
        "type": "Point",
        "coordinates": [
          122.0741707,
          6.9496225
        ]
      },
      "id": "way/275149397"
    },
    {
      "type": "Feature",
      "properties": {
        "@id": "way/275155530",
        "addr:barangay": "Pasonanca",
        "addr:city": "Zamboanga City",
        "addr:full": "Km. 5, Pasonanca, Zamboanga City",
        "addr:neighbourhood": "Km. 5",
        "addr:postcode": "7000",
        "addr:province": "Zamboanga del Sur",
        "amenity": "school",
        "barrier": "wall",
        "isced:level": "0;1",
        "name": "Pasonanca Elementary School",
        "operator": "Sta. Maria District of Zamboanga City Schools Division, DepEd",
        "operator:type": "government",
        "operator:wikidata": "Q3550346",
        "population:pupils": "1813",
        "population:pupils:date": "2015",
        "ref": "126217",
        "start_date": "1933",
        "@geometry": "center"
      },
      "geometry": {
        "type": "Point",
        "coordinates": [
          122.0729595,
          6.9483551
        ]
      },
      "id": "way/275155530"
    },
    {
      "type": "Feature",
      "properties": {
        "@id": "way/275155556",
        "amenity": "toilets",
        "@geometry": "center"
      },
      "geometry": {
        "type": "Point",
        "coordinates": [
          122.0731802,
          6.9478579
        ]
      },
      "id": "way/275155556"
    },
    {
      "type": "Feature",
      "properties": {
        "@id": "way/275155557",
        "access": "customers",
        "amenity": "parking",
        "parking": "surface",
        "@geometry": "center"
      },
      "geometry": {
        "type": "Point",
        "coordinates": [
          122.0730616,
          6.9475156
        ]
      },
      "id": "way/275155557"
    },
    {
      "type": "Feature",
      "properties": {
        "@id": "way/275155558",
        "access": "customers",
        "leisure": "swimming_pool",
        "@geometry": "center"
      },
      "geometry": {
        "type": "Point",
        "coordinates": [
          122.0735078,
          6.9499823
        ]
      },
      "id": "way/275155558"
    },
    {
      "type": "Feature",
      "properties": {
        "@id": "way/275155559",
        "access": "customers",
        "amenity": "parking",
        "parking": "surface",
        "@geometry": "center"
      },
      "geometry": {
        "type": "Point",
        "coordinates": [
          122.073653,
          6.9494513
        ]
      },
      "id": "way/275155559"
    },
    {
      "type": "Feature",
      "properties": {
        "@id": "way/275177501",
        "addr:city": "Zamboanga City",
        "addr:postcode": "7000",
        "addr:street": "Pasonanca Road",
        "amenity": "place_of_worship",
        "building": "church",
        "denomination": "jehovahs_witness",
        "name": "Kingdom Hall of Jehovah's Witnesses",
        "religion": "christian",
        "@geometry": "center"
      },
      "geometry": {
        "type": "Point",
        "coordinates": [
          122.0733991,
          6.9441774
        ]
      },
      "id": "way/275177501"
    },
    {
      "type": "Feature",
      "properties": {
        "@id": "way/275177504",
        "addr:city": "Zamboanga City",
        "addr:postcode": "7000",
        "addr:street": "Pasonanca Road",
        "amenity": "restaurant",
        "building": "yes",
        "cuisine": "regional",
        "name": "Ñor Alberto",
        "@geometry": "center"
      },
      "geometry": {
        "type": "Point",
        "coordinates": [
          122.0728095,
          6.9439109
        ]
      },
      "id": "way/275177504"
    },
    {
      "type": "Feature",
      "properties": {
        "@id": "way/275197373",
        "amenity": "events_venue",
        "building": "commercial",
        "@geometry": "center"
      },
      "geometry": {
        "type": "Point",
        "coordinates": [
          122.0710727,
          6.9359663
        ]
      },
      "id": "way/275197373"
    },
    {
      "type": "Feature",
      "properties": {
        "@id": "way/275234633",
        "building": "hotel",
        "building:levels": "2",
        "name": "Rigodon",
        "tourism": "hotel",
        "@geometry": "center"
      },
      "geometry": {
        "type": "Point",
        "coordinates": [
          122.0710466,
          6.935634
        ]
      },
      "id": "way/275234633"
    },
    {
      "type": "Feature",
      "properties": {
        "@id": "way/275242322",
        "addr:barangay": "Santa Maria",
        "addr:city": "Zamboanga City",
        "addr:postcode": "7000",
        "addr:province": "Zamboanga del Sur",
        "addr:street": "Gov. Ramos Avenue",
        "amenity": "school",
        "isced:level": "0;1",
        "name": "Santa Maria Central School",
        "operator": "Sta. Maria District of Zamboanga City Schools Division, DepEd",
        "operator:type": "government",
        "operator:wikidata": "Q3550346",
        "population:pupils": "3918",
        "population:pupils:date": "2015",
        "ref": "126220",
        "specialized_education": "special_needs",
        "start_date": "1920",
        "@geometry": "center"
      },
      "geometry": {
        "type": "Point",
        "coordinates": [
          122.0699337,
          6.9302632
        ]
      },
      "id": "way/275242322"
    },
    {
      "type": "Feature",
      "properties": {
        "@id": "way/275256605",
        "addr:barangay": "Santa Maria",
        "addr:city": "Zamboanga City",
        "addr:postcode": "7000",
        "addr:street": "Veterans Avenue",
        "amenity": "place_of_worship",
        "building": "mosque",
        "check_date": "2024-09-25",
        "name": "Al Zahra Mosque",
        "religion": "muslim",
        "@geometry": "center"
      },
      "geometry": {
        "type": "Point",
        "coordinates": [
          122.0785502,
          6.9303385
        ]
      },
      "id": "way/275256605"
    },
    {
      "type": "Feature",
      "properties": {
        "@id": "way/275267011",
        "addr:barangay": "Arena Blanco",
        "addr:city": "Zamboanga City",
        "addr:place": "Kampung Landang",
        "addr:postcode": "7000",
        "addr:province": "Zamboanga del Sur",
        "amenity": "school",
        "isced:level": "0;1",
        "name": "Arena Blanco West Elementary School",
        "old_name": "Kampung Landang Elementary School",
        "operator": "Talon-Talon District of Zamboanga City Schools Division, DepEd",
        "operator:type": "government",
        "operator:wikidata": "Q3550346",
        "population:pupils": "922",
        "population:pupils:date": "2015",
        "ref": "126224",
        "start_date": "1976",
        "@geometry": "center"
      },
      "geometry": {
        "type": "Point",
        "coordinates": [
          122.1508596,
          6.9200225
        ]
      },
      "id": "way/275267011"
    },
    {
      "type": "Feature",
      "properties": {
        "@id": "way/275267012",
        "addr:barangay": "Mampang",
        "addr:city": "Zamboanga City",
        "addr:postcode": "7000",
        "addr:province": "Zamboanga del Sur",
        "amenity": "school",
        "isced:level": "0;1",
        "name": "Mampang Elementary School",
        "operator": "Talon-Talon District of Zamboanga City Schools Division, DepEd",
        "operator:type": "government",
        "operator:wikidata": "Q3550346",
        "population:pupils": "2968",
        "population:pupils:date": "2015",
        "ref": "126226",
        "start_date": "1955",
        "@geometry": "center"
      },
      "geometry": {
        "type": "Point",
        "coordinates": [
          122.1345766,
          6.9162295
        ]
      },
      "id": "way/275267012"
    },
    {
      "type": "Feature",
      "properties": {
        "@id": "way/275400878",
        "access": "private",
        "leisure": "swimming_pool",
        "@geometry": "center"
      },
      "geometry": {
        "type": "Point",
        "coordinates": [
          122.1473439,
          6.9876443
        ]
      },
      "id": "way/275400878"
    },
    {
      "type": "Feature",
      "properties": {
        "@id": "way/275400880",
        "amenity": "community_centre",
        "operator": "Monte Verde Resort",
        "@geometry": "center"
      },
      "geometry": {
        "type": "Point",
        "coordinates": [
          122.1476763,
          6.9884477
        ]
      },
      "id": "way/275400880"
    },
    {
      "type": "Feature",
      "properties": {
        "@id": "way/275403325",
        "addr:city": "Zamboanga",
        "addr:postcode": "7000",
        "addr:street": "Pasobolong",
        "amenity": "hospital",
        "emergency": "yes",
        "name": "Mindanao Sanitarium Hospital",
        "operator": "Department of Health",
        "@geometry": "center"
      },
      "geometry": {
        "type": "Point",
        "coordinates": [
          122.1329274,
          6.9665154
        ]
      },
      "id": "way/275403325"
    },
    {
      "type": "Feature",
      "properties": {
        "@id": "way/275420321",
        "addr:barangay": "Boalan",
        "addr:city": "Zamboanga",
        "leisure": "resort",
        "name": "Jeers Resort",
        "@geometry": "center"
      },
      "geometry": {
        "type": "Point",
        "coordinates": [
          122.1227918,
          6.9539392
        ]
      },
      "id": "way/275420321"
    },
    {
      "type": "Feature",
      "properties": {
        "@id": "way/275420322",
        "leisure": "swimming_pool",
        "@geometry": "center"
      },
      "geometry": {
        "type": "Point",
        "coordinates": [
          122.1225084,
          6.9539926
        ]
      },
      "id": "way/275420322"
    },
    {
      "type": "Feature",
      "properties": {
        "@id": "way/275420323",
        "leisure": "swimming_pool",
        "@geometry": "center"
      },
      "geometry": {
        "type": "Point",
        "coordinates": [
          122.122621,
          6.9541876
        ]
      },
      "id": "way/275420323"
    },
    {
      "type": "Feature",
      "properties": {
        "@id": "way/275420324",
        "leisure": "swimming_pool",
        "@geometry": "center"
      },
      "geometry": {
        "type": "Point",
        "coordinates": [
          122.1229414,
          6.9539349
        ]
      },
      "id": "way/275420324"
    },
    {
      "type": "Feature",
      "properties": {
        "@id": "way/275420689",
        "building": "yes",
        "shop": "convenience",
        "@geometry": "center"
      },
      "geometry": {
        "type": "Point",
        "coordinates": [
          122.123869,
          6.953299
        ]
      },
      "id": "way/275420689"
    },
    {
      "type": "Feature",
      "properties": {
        "@id": "way/275420690",
        "addr:barangay": "Boalan",
        "addr:city": "Zamboanga",
        "addr:postcode": "7000",
        "building": "yes",
        "name": "Jeers Motel",
        "tourism": "motel",
        "@geometry": "center"
      },
      "geometry": {
        "type": "Point",
        "coordinates": [
          122.1236984,
          6.9533471
        ]
      },
      "id": "way/275420690"
    },
    {
      "type": "Feature",
      "properties": {
        "@id": "way/275493334",
        "addr:city": "Zamboanga City",
        "addr:place": "Zone Ⅴ",
        "addr:postcode": "7000",
        "addr:province": "Zamboanga del Sur",
        "addr:suburb": "Boalan",
        "amenity": "school",
        "isced:level": "0;1",
        "name": "Boalan Elementary School",
        "operator": "Putik District of Zamboanga City Schools Division, DepEd",
        "operator:type": "government",
        "operator:wikidata": "Q3550346",
        "population:pupils": "1809",
        "population:pupils:date": "2015",
        "ref": "126197",
        "start_date": "1901",
        "@geometry": "center"
      },
      "geometry": {
        "type": "Point",
        "coordinates": [
          122.1192723,
          6.9482998
        ]
      },
      "id": "way/275493334"
    },
    {
      "type": "Feature",
      "properties": {
        "@id": "way/275493335",
        "amenity": "community_centre",
        "building": "roof",
        "building:use": "civic",
        "emergency:amenity": "social_facility",
        "emergency:social_facility": "shelter",
        "emergency:social_facility:for": "displaced_people",
        "events_venue": "yes",
        "layer": "1",
        "leisure": "sports_hall",
        "name": "Multi-Purpose Hall",
        "roof:shape": "gabled",
        "sport": "multi",
        "@geometry": "center"
      },
      "geometry": {
        "type": "Point",
        "coordinates": [
          122.1190492,
          6.9478011
        ]
      },
      "id": "way/275493335"
    },
    {
      "type": "Feature",
      "properties": {
        "@id": "way/275495543",
        "shop": "furniture",
        "@geometry": "center"
      },
      "geometry": {
        "type": "Point",
        "coordinates": [
          122.1201983,
          6.9481733
        ]
      },
      "id": "way/275495543"
    },
    {
      "type": "Feature",
      "properties": {
        "@id": "way/275497307",
        "addr:city": "Zamboanga",
        "addr:postcode": "7000",
        "addr:street": "MCLL Hi-way",
        "addr:village": "Boalan",
        "amenity": "fuel",
        "brand": "Phoenix",
        "brand:wikidata": "Q7186949",
        "brand:wikipedia": "en:Phoenix Petroleum",
        "name": "Phoenix",
        "@geometry": "center"
      },
      "geometry": {
        "type": "Point",
        "coordinates": [
          122.1162971,
          6.9470843
        ]
      },
      "id": "way/275497307"
    },
    {
      "type": "Feature",
      "properties": {
        "@id": "way/275502080",
        "amenity": "recreational_ground",
        "name": "Woodland Resort",
        "@geometry": "center"
      },
      "geometry": {
        "type": "Point",
        "coordinates": [
          122.1339941,
          6.9432965
        ]
      },
      "id": "way/275502080"
    },
    {
      "type": "Feature",
      "properties": {
        "@id": "way/275618713",
        "leisure": "garden",
        "@geometry": "center"
      },
      "geometry": {
        "type": "Point",
        "coordinates": [
          122.1347969,
          6.9430243
        ]
      },
      "id": "way/275618713"
    },
    {
      "type": "Feature",
      "properties": {
        "@id": "way/275618714",
        "leisure": "swimming_pool",
        "@geometry": "center"
      },
      "geometry": {
        "type": "Point",
        "coordinates": [
          122.1337278,
          6.9433218
        ]
      },
      "id": "way/275618714"
    },
    {
      "type": "Feature",
      "properties": {
        "@id": "way/275618715",
        "leisure": "swimming_pool",
        "@geometry": "center"
      },
      "geometry": {
        "type": "Point",
        "coordinates": [
          122.1337036,
          6.9433893
        ]
      },
      "id": "way/275618715"
    },
    {
      "type": "Feature",
      "properties": {
        "@id": "way/275619040",
        "amenity": "place_of_worship",
        "building": "church",
        "denomination": "iglesia_ni_cristo",
        "name": "Iglesia ni Cristo",
        "religion": "christian",
        "short_name": "INC",
        "@geometry": "center"
      },
      "geometry": {
        "type": "Point",
        "coordinates": [
          122.1228952,
          6.9476293
        ]
      },
      "id": "way/275619040"
    },
    {
      "type": "Feature",
      "properties": {
        "@id": "way/275629182",
        "addr:city": "Zamboanga",
        "addr:postcode": "7000",
        "addr:street": "Governor Alvarez Avenue",
        "amenity": "place_of_worship",
        "building": "yes",
        "name": "Bell Church",
        "religion": "christian",
        "@geometry": "center"
      },
      "geometry": {
        "type": "Point",
        "coordinates": [
          122.0773124,
          6.9124094
        ]
      },
      "id": "way/275629182"
    },
    {
      "type": "Feature",
      "properties": {
        "@id": "way/275634034",
        "addr:city": "Zamboanga City",
        "addr:postcode": "7000",
        "addr:street": "Governor Camins Avenue",
        "name": "Maker Sales Center",
        "shop": "general",
        "@geometry": "center"
      },
      "geometry": {
        "type": "Point",
        "coordinates": [
          122.0769519,
          6.9212064
        ]
      },
      "id": "way/275634034"
    },
    {
      "type": "Feature",
      "properties": {
        "@id": "way/275634035",
        "addr:city": "Zamboanga City",
        "addr:postcode": "7000",
        "addr:street": "Governor Camins Avenue",
        "name": "Unisales Center",
        "shop": "general",
        "@geometry": "center"
      },
      "geometry": {
        "type": "Point",
        "coordinates": [
          122.0767103,
          6.9212613
        ]
      },
      "id": "way/275634035"
    },
    {
      "type": "Feature",
      "properties": {
        "@id": "way/275634036",
        "addr:city": "Zamboanga City",
        "addr:postcode": "7000",
        "addr:street": "Governor Camins Avenue",
        "building": "yes",
        "name": "Makers Shop N' Save Center",
        "shop": "general",
        "@geometry": "center"
      },
      "geometry": {
        "type": "Point",
        "coordinates": [
          122.0764138,
          6.9209427
        ]
      },
      "id": "way/275634036"
    },
    {
      "type": "Feature",
      "properties": {
        "@id": "way/275644250",
        "addr:barangay": "Putik",
        "addr:city": "Zamboanga City",
        "addr:postcode": "7000",
        "addr:street": "Morning Glory Drive",
        "admin_level": "10",
        "amenity": "townhall",
        "building": "public",
        "name": "Putik Barangay Hall",
        "townhall:type": "barangay",
        "@geometry": "center"
      },
      "geometry": {
        "type": "Point",
        "coordinates": [
          122.0957135,
          6.9411804
        ]
      },
      "id": "way/275644250"
    },
    {
      "type": "Feature",
      "properties": {
        "@id": "way/275644251",
        "addr:street": "Maria Clara L. Lobregat Highway",
        "amenity": "health_post",
        "building": "civic",
        "name": "Putik Health Center",
        "operator:type": "public",
        "payment:cards": "no",
        "payment:cash": "yes",
        "payment:credit_cards": "no",
        "payment:debit_cards": "no",
        "@geometry": "center"
      },
      "geometry": {
        "type": "Point",
        "coordinates": [
          122.0929314,
          6.9378045
        ]
      },
      "id": "way/275644251"
    },
    {
      "type": "Feature",
      "properties": {
        "@id": "way/275644256",
        "amenity": "recycling",
        "building": "yes",
        "name": "Material Recovery Facility",
        "note": "This MRF converts bio-degradable materials combined with coconut hash into compost products for garden soil.",
        "operator": "Office of the City Environmental and Natural Resources",
        "operator:type": "government",
        "owner": "city",
        "recycling:green_waste": "yes",
        "recycling_type": "centre",
        "@geometry": "center"
      },
      "geometry": {
        "type": "Point",
        "coordinates": [
          122.078008,
          6.9224086
        ]
      },
      "id": "way/275644256"
    },
    {
      "type": "Feature",
      "properties": {
        "@id": "way/275644259",
        "amenity": "recycling",
        "building": "industrial",
        "name": "Material Recovery Facility",
        "note": "This MRF converts bio-degradable materials combined with coconut hash into compost products for garden soil.",
        "operator": "Office of the City Environmental and Natural Resources",
        "operator:type": "government",
        "owner": "city",
        "recycling:green_waste": "yes",
        "recycling_type": "centre",
        "@geometry": "center"
      },
      "geometry": {
        "type": "Point",
        "coordinates": [
          122.0776701,
          6.9224277
        ]
      },
      "id": "way/275644259"
    },
    {
      "type": "Feature",
      "properties": {
        "@id": "way/275644262",
        "addr:city": "Zamboanga City",
        "addr:postcode": "7000",
        "addr:street": "Governor Camins Avenue",
        "amenity": "fuel",
        "building": "roof",
        "building:levels": "1",
        "building:use": "retail",
        "layer": "1",
        "roof:shape": "flat",
        "@geometry": "center"
      },
      "geometry": {
        "type": "Point",
        "coordinates": [
          122.0771795,
          6.9213359
        ]
      },
      "id": "way/275644262"
    },
    {
      "type": "Feature",
      "properties": {
        "@id": "way/275716222",
        "amenity": "parking",
        "parking": "surface",
        "@geometry": "center"
      },
      "geometry": {
        "type": "Point",
        "coordinates": [
          122.0516357,
          6.9333113
        ]
      },
      "id": "way/275716222"
    },
    {
      "type": "Feature",
      "properties": {
        "@id": "way/275823293",
        "addr:city": "Zamboanga",
        "addr:postcode": "7000",
        "addr:village": "San Roque",
        "alt_name": "City Slaughterhouse",
        "building": "yes",
        "name": "San Roque Abattoir",
        "operator": "Office of the City Administrator",
        "operator:type": "government",
        "owner": "city",
        "shop": "butcher",
        "@geometry": "center"
      },
      "geometry": {
        "type": "Point",
        "coordinates": [
          122.0523768,
          6.9342269
        ]
      },
      "id": "way/275823293"
    },
    {
      "type": "Feature",
      "properties": {
        "@id": "way/275862265",
        "addr:city": "Zamboanga",
        "addr:postcode": "7000",
        "addr:street": "Nuñez Street",
        "amenity": "restaurant",
        "building": "yes",
        "cuisine": "regional",
        "name": "TS Auto Grill Barbecue and Restaurant",
        "smoking": "yes",
        "@geometry": "center"
      },
      "geometry": {
        "type": "Point",
        "coordinates": [
          122.0771624,
          6.9110901
        ]
      },
      "id": "way/275862265"
    },
    {
      "type": "Feature",
      "properties": {
        "@id": "way/275863838",
        "hoops": "2",
        "leisure": "pitch",
        "sport": "basketball",
        "@geometry": "center"
      },
      "geometry": {
        "type": "Point",
        "coordinates": [
          122.0787371,
          6.9077602
        ]
      },
      "id": "way/275863838"
    },
    {
      "type": "Feature",
      "properties": {
        "@id": "way/275864708",
        "addr:barangay": "Taluksangay",
        "addr:city": "Zamboanga City",
        "addr:postcode": "7000",
        "admin_level": "10",
        "amenity": "townhall",
        "building": "public",
        "name": "Taluksangay Barangay Hall",
        "townhall:type": "barangay",
        "@geometry": "center"
      },
      "geometry": {
        "type": "Point",
        "coordinates": [
          122.1819916,
          6.9511119
        ]
      },
      "id": "way/275864708"
    },
    {
      "type": "Feature",
      "properties": {
        "@id": "way/275864709",
        "amenity": "place_of_worship",
        "name": "Taluksangay Mosque",
        "religion": "muslim",
        "tourism": "attraction",
        "wikidata": "Q7680366",
        "wikimedia_commons": "Category:Taluksangay Mosque",
        "wikipedia": "en:Taluksangay Mosque",
        "@geometry": "center"
      },
      "geometry": {
        "type": "Point",
        "coordinates": [
          122.1815294,
          6.9507245
        ]
      },
      "id": "way/275864709"
    },
    {
      "type": "Feature",
      "properties": {
        "@id": "way/275893536",
        "addr:city": "Zamboanga",
        "addr:postcode": "7000",
        "addr:street": "Nuñez Street, Zone III",
        "building": "yes",
        "name": "Biocare Skin, Slimming & Spa Center, Incorporated",
        "shop": "beauty",
        "@geometry": "center"
      },
      "geometry": {
        "type": "Point",
        "coordinates": [
          122.0772324,
          6.9093662
        ]
      },
      "id": "way/275893536"
    },
    {
      "type": "Feature",
      "properties": {
        "@id": "way/275893864",
        "addr:city": "Zamboanga City",
        "addr:postcode": "7000",
        "addr:street": "Campaner Street, Zone II",
        "building": "yes",
        "name": "Nielson Enterprises",
        "shop": "bicycle",
        "@geometry": "center"
      },
      "geometry": {
        "type": "Point",
        "coordinates": [
          122.0754165,
          6.9081981
        ]
      },
      "id": "way/275893864"
    },
    {
      "type": "Feature",
      "properties": {
        "@id": "way/275894719",
        "addr:city": "Zamboanga City",
        "addr:postcode": "7000",
        "addr:street": "La Purisima Street",
        "building": "yes",
        "building:levels": "3",
        "name": "Dennis Hardware Enterprises Incorporated",
        "shop": "hardware",
        "@geometry": "center"
      },
      "geometry": {
        "type": "Point",
        "coordinates": [
          122.0755902,
          6.9078504
        ]
      },
      "id": "way/275894719"
    },
    {
      "type": "Feature",
      "properties": {
        "@id": "way/275930438",
        "building": "yes",
        "building:levels": "2",
        "name": "Tickl's",
        "shop": "yes",
        "@geometry": "center"
      },
      "geometry": {
        "type": "Point",
        "coordinates": [
          122.0758558,
          6.9083075
        ]
      },
      "id": "way/275930438"
    },
    {
      "type": "Feature",
      "properties": {
        "@id": "way/275939044",
        "addr:barangay": "Taluksangay",
        "addr:city": "Zamboanga City",
        "addr:place": "Purok 2",
        "addr:postcode": "7000",
        "addr:province": "Zamboanga del Sur",
        "amenity": "school",
        "barrier": "fence",
        "isced:level": "0;1",
        "name": "Taluksangay Elementary School",
        "operator": "Mercedes District",
        "operator:type": "government",
        "operator:wikidata": "Q130253631",
        "population:pupils": "1908",
        "population:pupils:date": "2015",
        "ref": "126194",
        "start_date": "1925",
        "@geometry": "center"
      },
      "geometry": {
        "type": "Point",
        "coordinates": [
          122.1824601,
          6.9514876
        ]
      },
      "id": "way/275939044"
    },
    {
      "type": "Feature",
      "properties": {
        "@id": "way/275939048",
        "addr:barangay": "Taluksangay",
        "addr:city": "Zamboaga City",
        "addr:postcode": "7000",
        "amenity": "clinic",
        "name": "Taluksangay Wellness Center",
        "@geometry": "center"
      },
      "geometry": {
        "type": "Point",
        "coordinates": [
          122.1818601,
          6.9510236
        ]
      },
      "id": "way/275939048"
    },
    {
      "type": "Feature",
      "properties": {
        "@id": "way/275939052",
        "addr:barangay": "Taluksangay",
        "addr:city": "Zamboanga City",
        "addr:place": "Purok 3",
        "addr:postcode": "7000",
        "addr:province": "Zamboanga del Sur",
        "alt_name": "Taluksangay National High School",
        "amenity": "school",
        "barrier": "fence",
        "isced:level": "2;3",
        "name": "Tuan Datu Hajji Abdulla Nuno Memorial High School",
        "operator": "Department of Education",
        "operator:short": "DepEd",
        "operator:type": "government",
        "operator:wikidata": "Q3550346",
        "ref": "303938",
        "@geometry": "center"
      },
      "geometry": {
        "type": "Point",
        "coordinates": [
          122.1836179,
          6.9542249
        ]
      },
      "id": "way/275939052"
    },
    {
      "type": "Feature",
      "properties": {
        "@id": "way/275949164",
        "addr:city": "Zamboanga City",
        "addr:postcode": "7000",
        "addr:province": "Zamboanga del Sur",
        "addr:street": "Pilar Street",
        "amenity": "hospital",
        "beds": "35",
        "building": "hospital",
        "healthcare": "hospital",
        "name": "Hospital de Zamboanga",
        "@geometry": "center"
      },
      "geometry": {
        "type": "Point",
        "coordinates": [
          122.0798381,
          6.9049075
        ]
      },
      "id": "way/275949164"
    },
    {
      "type": "Feature",
      "properties": {
        "@id": "way/275970495",
        "amenity": "school",
        "@geometry": "center"
      },
      "geometry": {
        "type": "Point",
        "coordinates": [
          122.2487014,
          6.9850225
        ]
      },
      "id": "way/275970495"
    },
    {
      "type": "Feature",
      "properties": {
        "@id": "way/275980663",
        "building": "yes",
        "name": "Embassy Hotel",
        "tourism": "hotel",
        "@geometry": "center"
      },
      "geometry": {
        "type": "Point",
        "coordinates": [
          122.0714588,
          6.9062171
        ]
      },
      "id": "way/275980663"
    },
    {
      "type": "Feature",
      "properties": {
        "@id": "way/275986787",
        "addr:barangay": "Talon-Talon",
        "addr:city": "Zamboanga City",
        "addr:postcode": "7000",
        "addr:province": "Zamboanga del Sur",
        "amenity": "school",
        "barrier": "fence",
        "isced:level": "0;1",
        "name": "Talon-Talon Elementary School",
        "operator": "Talon-Talon District of Zamboanga City Schools Division, DepEd",
        "operator:type": "government",
        "operator:wikidata": "Q3550346",
        "population:pupils": "6374",
        "population:pupils:date": "2015",
        "ref": "126228",
        "start_date": "1938",
        "@geometry": "center"
      },
      "geometry": {
        "type": "Point",
        "coordinates": [
          122.1144518,
          6.9097759
        ]
      },
      "id": "way/275986787"
    },
    {
      "type": "Feature",
      "properties": {
        "@id": "way/275986790",
        "addr:barangay": "Talon-Talon",
        "addr:city": "Zamboanga City",
        "addr:neighbourhood": "Km. 4",
        "addr:postcode": "7000",
        "addr:province": "Zamboanga del Sur",
        "addr:street": "Jl Candido Drive",
        "amenity": "school",
        "barrier": "fence",
        "isced:level": "2;3",
        "name": "Talon-talon National High School",
        "operator": "Tetuan District of Zamboanga City Schools Division, DepEd",
        "operator:type": "government",
        "operator:wikidata": "Q3550346",
        "population:pupils": "2879",
        "population:pupils:date": "2015",
        "ref": "314801",
        "start_date": "2005",
        "@geometry": "center"
      },
      "geometry": {
        "type": "Point",
        "coordinates": [
          122.1114252,
          6.9089077
        ]
      },
      "id": "way/275986790"
    },
    {
      "type": "Feature",
      "properties": {
        "@id": "way/275987115",
        "amenity": "place_of_worship",
        "building": "church",
        "denomination": "catholic",
        "name": "San Isidro Labrador Church",
        "name:es": "Iglesia de San Isidro Labrador",
        "operator": "Roman Catholic Archdiocese of Zamboanga",
        "religion": "christian",
        "@geometry": "center"
      },
      "geometry": {
        "type": "Point",
        "coordinates": [
          122.113084,
          6.9118366
        ]
      },
      "id": "way/275987115"
    },
    {
      "type": "Feature",
      "properties": {
        "@id": "way/275987753",
        "amenity": "place_of_worship",
        "building": "mosque",
        "name": "Masjid Jamiat",
        "religion": "muslim",
        "@geometry": "center"
      },
      "geometry": {
        "type": "Point",
        "coordinates": [
          122.1043302,
          6.9099297
        ]
      },
      "id": "way/275987753"
    },
    {
      "type": "Feature",
      "properties": {
        "@id": "way/276159232",
        "addr:barangay": "Arena Blanco",
        "addr:city": "Zamboanga City",
        "addr:neighbourhood": "Centro",
        "addr:postcode": "7000",
        "addr:province": "Zamboanga del Sur",
        "addr:street": "8th Street",
        "amenity": "school",
        "barrier": "fence",
        "isced:level": "0;1",
        "name": "Arena Blanco East Elementary School",
        "operator": "Talon-Talon District of Zamboanga City Schools Division, DepEd",
        "operator:type": "government",
        "operator:wikidata": "Q3550346",
        "population:pupils": "1851",
        "population:pupils:date": "2015",
        "ref": "126223",
        "start_date": "1960",
        "@geometry": "center"
      },
      "geometry": {
        "type": "Point",
        "coordinates": [
          122.1528589,
          6.9195928
        ]
      },
      "id": "way/276159232"
    },
    {
      "type": "Feature",
      "properties": {
        "@id": "way/276159233",
        "addr:barangay": "Arena Blanco",
        "addr:city": "Zamboanga City",
        "addr:postcode": "7000",
        "addr:province": "Zamboanga del Sur",
        "addr:street": "Bench Drive",
        "amenity": "school",
        "barrier": "fence",
        "isced:level": "2;3",
        "name": "Arena Blanco National High School",
        "operator": "Tetuan District of Zamboanga City Schools Division, DepEd",
        "operator:type": "government",
        "operator:wikidata": "Q3550346",
        "population:pupils": "1448",
        "population:pupils:date": "2015",
        "ref": "303914",
        "start_date": "1993",
        "@geometry": "center"
      },
      "geometry": {
        "type": "Point",
        "coordinates": [
          122.1526559,
          6.9201606
        ]
      },
      "id": "way/276159233"
    },
    {
      "type": "Feature",
      "properties": {
        "@id": "way/276296244",
        "access": "private",
        "amenity": "parking",
        "parking": "surface",
        "@geometry": "center"
      },
      "geometry": {
        "type": "Point",
        "coordinates": [
          122.0790475,
          6.9135438
        ]
      },
      "id": "way/276296244"
    },
    {
      "type": "Feature",
      "properties": {
        "@id": "way/276297000",
        "amenity": "place_of_worship",
        "building": "yes",
        "name": "Emmanuel Christian Fellowship",
        "religion": "christian",
        "roof:shape": "gabled",
        "@geometry": "center"
      },
      "geometry": {
        "type": "Point",
        "coordinates": [
          122.080876,
          6.9149492
        ]
      },
      "id": "way/276297000"
    },
    {
      "type": "Feature",
      "properties": {
        "@id": "way/276314991",
        "addr:city": "Zamboanga",
        "addr:postcode": "7000",
        "addr:street": "R.T. Lim Boulevard",
        "amenity": "fuel",
        "@geometry": "center"
      },
      "geometry": {
        "type": "Point",
        "coordinates": [
          122.0634087,
          6.9093155
        ]
      },
      "id": "way/276314991"
    },
    {
      "type": "Feature",
      "properties": {
        "@id": "way/276322479",
        "addr2:street": "Baliwasan Chico Road",
        "addr:city": "Zamboanga City",
        "addr:postcode": "7000",
        "addr:quarter": "Baliwasan",
        "addr:street": "San Jose Road",
        "amenity": "school",
        "contact:email": "126108@deped.gov.ph",
        "isced:level": "0-1",
        "name": "Baliwasan Central School",
        "operator": "Baliwasan District of Zamboanga City Schools Division, DepEd",
        "operator:type": "government",
        "operator:wikidata": "Q3550346",
        "population:pupils": "2672",
        "population:pupils:date": "2015",
        "ref": "126108",
        "specialized_education": "special_needs",
        "start_date": "1923",
        "@geometry": "center"
      },
      "geometry": {
        "type": "Point",
        "coordinates": [
          122.0603447,
          6.9149048
        ]
      },
      "id": "way/276322479"
    },
    {
      "type": "Feature",
      "properties": {
        "@id": "way/276368051",
        "building": "roof",
        "building:use": "civic",
        "emergency:amenity": "social_facility",
        "emergency:social_facility": "shelter",
        "emergency:social_facility:for": "displaced_people",
        "events_venue": "yes",
        "layer": "1",
        "leisure": "sports_hall",
        "roof:shape": "gabled",
        "sport": "multi",
        "@geometry": "center"
      },
      "geometry": {
        "type": "Point",
        "coordinates": [
          122.0600082,
          6.9152683
        ]
      },
      "id": "way/276368051"
    },
    {
      "type": "Feature",
      "properties": {
        "@id": "way/276368060",
        "amenity": "toilets",
        "building": "yes",
        "@geometry": "center"
      },
      "geometry": {
        "type": "Point",
        "coordinates": [
          122.0612657,
          6.914723
        ]
      },
      "id": "way/276368060"
    },
    {
      "type": "Feature",
      "properties": {
        "@id": "way/276373068",
        "addr:barangay": "Baliwasan",
        "addr:city": "Zamboanga City",
        "addr:postcode": "7000",
        "addr:street": "San Jose Road",
        "admin_level": "10",
        "amenity": "townhall",
        "building": "public",
        "name": "Baliwasan Barangay Hall",
        "opening_hours": "24/7",
        "townhall:type": "barangay",
        "@geometry": "center"
      },
      "geometry": {
        "type": "Point",
        "coordinates": [
          122.0600521,
          6.9156503
        ]
      },
      "id": "way/276373068"
    },
    {
      "type": "Feature",
      "properties": {
        "@id": "way/276434973",
        "amenity": "hospital",
        "name": "Edwin Andrews Air Base Hospital",
        "@geometry": "center"
      },
      "geometry": {
        "type": "Point",
        "coordinates": [
          122.0688631,
          6.9234647
        ]
      },
      "id": "way/276434973"
    },
    {
      "type": "Feature",
      "properties": {
        "@id": "way/276435091",
        "amenity": "place_of_worship",
        "building": "yes",
        "denomination": "roman_catholic",
        "name": "Our Lady of the Holy Rosary Chapel",
        "religion": "christian",
        "@geometry": "center"
      },
      "geometry": {
        "type": "Point",
        "coordinates": [
          122.0703482,
          6.9234232
        ]
      },
      "id": "way/276435091"
    },
    {
      "type": "Feature",
      "properties": {
        "@id": "way/276481044",
        "addr:city": "Zamboanga City",
        "addr:postcode": "7000",
        "addr:province": "Zamboanga del Sur",
        "amenity": "school",
        "isced:level": "0;1",
        "name": "Sibulao Elementary School",
        "operator": "Vitali District of Zamboanga City Schools Division, DepEd",
        "operator:type": "government",
        "operator:wikidata": "Q3550346",
        "population:pupils": "462",
        "population:pupils:date": "2015",
        "ref": "126244",
        "start_date": "1953",
        "@geometry": "center"
      },
      "geometry": {
        "type": "Point",
        "coordinates": [
          122.2425958,
          7.3263519
        ]
      },
      "id": "way/276481044"
    },
    {
      "type": "Feature",
      "properties": {
        "@id": "way/276481055",
        "addr:barangay": "Centro",
        "addr:city": "Zamboanga City",
        "addr:neighbourhood": "Sibulao",
        "addr:postcode": "7000",
        "addr:province": "Zamboanga del Sur",
        "amenity": "school",
        "isced:level": "2",
        "name": "Sibulao National High School",
        "operator": "Vitali District of Zamboanga City Schools Division, DepEd",
        "operator:type": "government",
        "operator:wikidata": "Q3550346",
        "population:pupils": "221",
        "population:pupils:date": "2015",
        "ref": "303931",
        "start_date": "1997",
        "@geometry": "center"
      },
      "geometry": {
        "type": "Point",
        "coordinates": [
          122.2392072,
          7.3254148
        ]
      },
      "id": "way/276481055"
    },
    {
      "type": "Feature",
      "properties": {
        "@id": "way/276506013",
        "addr:city": "Zamboanga",
        "addr:postcode": "7000",
        "addr:street": "San Jose Road",
        "amenity": "bank",
        "atm": "yes",
        "building": "yes",
        "name": "Land Bank of the Philippines",
        "@geometry": "center"
      },
      "geometry": {
        "type": "Point",
        "coordinates": [
          122.0620212,
          6.914234
        ]
      },
      "id": "way/276506013"
    },
    {
      "type": "Feature",
      "properties": {
        "@id": "way/276514488",
        "amenity": "library",
        "building": "yes",
        "building:levels": "3",
        "name": "University Library",
        "@geometry": "center"
      },
      "geometry": {
        "type": "Point",
        "coordinates": [
          122.0604233,
          6.9126423
        ]
      },
      "id": "way/276514488"
    },
    {
      "type": "Feature",
      "properties": {
        "@id": "way/276514489",
        "building": "yes",
        "leisure": "sports_centre",
        "name": "Juanito A. Bruno Gymnasium",
        "sport": "multi",
        "@geometry": "center"
      },
      "geometry": {
        "type": "Point",
        "coordinates": [
          122.0599782,
          6.9125784
        ]
      },
      "id": "way/276514489"
    },
    {
      "type": "Feature",
      "properties": {
        "@id": "way/276524519",
        "amenity": "clinic",
        "building": "yes",
        "name": "University Clinic",
        "roof:shape": "hipped",
        "@geometry": "center"
      },
      "geometry": {
        "type": "Point",
        "coordinates": [
          122.0610639,
          6.9137335
        ]
      },
      "id": "way/276524519"
    },
    {
      "type": "Feature",
      "properties": {
        "@id": "way/276668943",
        "leisure": "pitch",
        "sport": "basketball",
        "@geometry": "center"
      },
      "geometry": {
        "type": "Point",
        "coordinates": [
          122.0621673,
          6.9111782
        ]
      },
      "id": "way/276668943"
    },
    {
      "type": "Feature",
      "properties": {
        "@id": "way/276668944",
        "leisure": "pitch",
        "@geometry": "center"
      },
      "geometry": {
        "type": "Point",
        "coordinates": [
          122.0625654,
          6.9106326
        ]
      },
      "id": "way/276668944"
    },
    {
      "type": "Feature",
      "properties": {
        "@id": "way/276668945",
        "leisure": "pitch",
        "@geometry": "center"
      },
      "geometry": {
        "type": "Point",
        "coordinates": [
          122.0624706,
          6.9107696
        ]
      },
      "id": "way/276668945"
    },
    {
      "type": "Feature",
      "properties": {
        "@id": "way/276668946",
        "leisure": "pitch",
        "sport": "multi",
        "@geometry": "center"
      },
      "geometry": {
        "type": "Point",
        "coordinates": [
          122.063226,
          6.9105428
        ]
      },
      "id": "way/276668946"
    },
    {
      "type": "Feature",
      "properties": {
        "@id": "way/276752578",
        "addr:city": "Zamboanga City",
        "addr:postcode": "7000",
        "addr:street": "Manicahan",
        "amenity": "place_of_worship",
        "building": "yes",
        "denomination": "roman_catholic",
        "religion": "christian",
        "roof:shape": "gabled",
        "@geometry": "center"
      },
      "geometry": {
        "type": "Point",
        "coordinates": [
          122.1877506,
          7.0234891
        ]
      },
      "id": "way/276752578"
    },
    {
      "type": "Feature",
      "properties": {
        "@id": "way/276755376",
        "addr:city": "Zamboanga City",
        "addr:postcode": "7000",
        "addr:street": "Manicahan",
        "amenity": "fire_station",
        "building": "yes",
        "name": "Manicahan Fire Station",
        "operator": "Bureau of Fire",
        "@geometry": "center"
      },
      "geometry": {
        "type": "Point",
        "coordinates": [
          122.1882803,
          7.0228702
        ]
      },
      "id": "way/276755376"
    },
    {
      "type": "Feature",
      "properties": {
        "@id": "way/276756170",
        "addr:barangay": "Manicahan",
        "addr:city": "Zamboanga City",
        "addr:postcode": "7000",
        "addr:street": "Maria Clara Lobregat Highway",
        "admin_level": "10",
        "amenity": "townhall",
        "building": "public",
        "building:levels": "2",
        "name": "Manicahan Barangay Hall",
        "townhall:type": "barangay",
        "@geometry": "center"
      },
      "geometry": {
        "type": "Point",
        "coordinates": [
          122.1882119,
          7.0233285
        ]
      },
      "id": "way/276756170"
    },
    {
      "type": "Feature",
      "properties": {
        "@id": "way/276757942",
        "addr:city": "Zamboanga City",
        "addr:postcode": "7000",
        "addr:street": "Maria Clara Lobregat Highway",
        "addr:village": "Manicahan",
        "amenity": "police",
        "building": "yes",
        "name": "Manicahan Police Outpost",
        "operator": "Zamboanga City Police Office",
        "@geometry": "center"
      },
      "geometry": {
        "type": "Point",
        "coordinates": [
          122.1884721,
          7.0234838
        ]
      },
      "id": "way/276757942"
    },
    {
      "type": "Feature",
      "properties": {
        "@id": "way/276757944",
        "amenity": "hospital",
        "building": "hospital",
        "name": "Manicahan Lying-in Hospital",
        "operator": "Zamboanga City Health Office",
        "operator:type": "government",
        "@geometry": "center"
      },
      "geometry": {
        "type": "Point",
        "coordinates": [
          122.188249,
          7.0230331
        ]
      },
      "id": "way/276757944"
    },
    {
      "type": "Feature",
      "properties": {
        "@id": "way/276780131",
        "addr:city": "Zamboanga City",
        "addr:district": "Manicahan",
        "addr:place": "Lapakan",
        "addr:postcode": "7000",
        "addr:province": "Zamboanga del Sur",
        "amenity": "school",
        "isced:level": "0;1",
        "name": "Lapakan Elementary School",
        "operator": "Mercedes District of Zamboanga City Schools Division, DepEd",
        "operator:type": "government",
        "operator:wikidata": "Q3550346",
        "population:pupils": "198",
        "population:pupils:date": "2015",
        "ref": "126187",
        "start_date": "1946",
        "@geometry": "center"
      },
      "geometry": {
        "type": "Point",
        "coordinates": [
          122.1578983,
          7.029317
        ]
      },
      "id": "way/276780131"
    },
    {
      "type": "Feature",
      "properties": {
        "@id": "way/276872492",
        "addr:city": "Zamboanga",
        "addr:postcode": "7000",
        "addr:street": "Veterans Avenue",
        "amenity": "bank",
        "atm": "yes",
        "brand": "Security Bank",
        "brand:wikidata": "Q7444945",
        "brand:wikipedia": "en:Security Bank",
        "building": "yes",
        "building:levels": "2",
        "building:roof": "concrete",
        "name": "Security Bank",
        "@geometry": "center"
      },
      "geometry": {
        "type": "Point",
        "coordinates": [
          122.0791981,
          6.9155507
        ]
      },
      "id": "way/276872492"
    },
    {
      "type": "Feature",
      "properties": {
        "@id": "way/276874508",
        "addr:city": "Zamboanga",
        "addr:postcode": "7000",
        "addr:street": "Veterans Avenue",
        "amenity": "bank",
        "atm": "yes",
        "building": "yes",
        "building:levels": "2",
        "building:roof": "tin",
        "name": "Bank of the Philippine Islands",
        "roof:shape": "hipped",
        "@geometry": "center"
      },
      "geometry": {
        "type": "Point",
        "coordinates": [
          122.0791253,
          6.9153514
        ]
      },
      "id": "way/276874508"
    },
    {
      "type": "Feature",
      "properties": {
        "@id": "way/276884934",
        "addr:city": "Zamboanga",
        "addr:postcode": "7000",
        "addr:street": "Veterans Avenue",
        "amenity": "place_of_worship",
        "building": "yes",
        "name": "Light of Life Ministries International",
        "religion": "christian",
        "@geometry": "center"
      },
      "geometry": {
        "type": "Point",
        "coordinates": [
          122.0796622,
          6.9156324
        ]
      },
      "id": "way/276884934"
    },
    {
      "type": "Feature",
      "properties": {
        "@id": "way/276884937",
        "addr:city": "Zamboanga City",
        "addr:postcode": "7000",
        "addr:street": "Veterans Avenue",
        "building": "retail",
        "building:levels": "3",
        "building:roof": "concrete",
        "name": "Nationwide Appliance Center",
        "shop": "appliance",
        "@geometry": "center"
      },
      "geometry": {
        "type": "Point",
        "coordinates": [
          122.0796321,
          6.9157629
        ]
      },
      "id": "way/276884937"
    },
    {
      "type": "Feature",
      "properties": {
        "@id": "way/276916651",
        "addr:city": "Zamboanga City",
        "addr:postcode": "7000",
        "addr:street": "Veterans Avenue",
        "amenity": "fuel",
        "brand": "Caltex",
        "name": "PRB Checkpoint Caltex Station",
        "@geometry": "center"
      },
      "geometry": {
        "type": "Point",
        "coordinates": [
          122.0788394,
          6.9180129
        ]
      },
      "id": "way/276916651"
    },
    {
      "type": "Feature",
      "properties": {
        "@id": "way/276916652",
        "amenity": "fuel",
        "building": "roof",
        "building:levels": "1",
        "building:use": "retail",
        "layer": "1",
        "roof:shape": "flat",
        "@geometry": "center"
      },
      "geometry": {
        "type": "Point",
        "coordinates": [
          122.0789271,
          6.9180765
        ]
      },
      "id": "way/276916652"
    },
    {
      "type": "Feature",
      "properties": {
        "@id": "way/276923291",
        "amenity": "parking",
        "parking": "surface",
        "@geometry": "center"
      },
      "geometry": {
        "type": "Point",
        "coordinates": [
          122.0786964,
          6.9153073
        ]
      },
      "id": "way/276923291"
    },
    {
      "type": "Feature",
      "properties": {
        "@id": "way/276981542",
        "amenity": "post_office",
        "building": "yes",
        "name": "Veterans Post Office",
        "operator": "Philippine Postal Corporation",
        "@geometry": "center"
      },
      "geometry": {
        "type": "Point",
        "coordinates": [
          122.079958,
          6.9171189
        ]
      },
      "id": "way/276981542"
    },
    {
      "type": "Feature",
      "properties": {
        "@id": "way/276989851",
        "addr:city": "Zamboanga City",
        "addr:postcode": "7000",
        "addr:quarter": "Tetuan",
        "addr:street": "Veterans Avenue",
        "building": "yes",
        "building:levels": "3",
        "name": "Wally's Hardware",
        "shop": "trade",
        "trade": "building_materials",
        "@geometry": "center"
      },
      "geometry": {
        "type": "Point",
        "coordinates": [
          122.0794796,
          6.9165209
        ]
      },
      "id": "way/276989851"
    },
    {
      "type": "Feature",
      "properties": {
        "@id": "way/277180860",
        "addr:city": "Zamboanga",
        "addr:postcode": "7000",
        "addr:street": "Veterans Avenue",
        "amenity": "place_of_worship",
        "building": "yes",
        "building:levels": "2",
        "name": "Zamboanga Christ-Centered Family Church",
        "religion": "christian",
        "@geometry": "center"
      },
      "geometry": {
        "type": "Point",
        "coordinates": [
          122.0787945,
          6.9146491
        ]
      },
      "id": "way/277180860"
    },
    {
      "type": "Feature",
      "properties": {
        "@id": "way/277181213",
        "addr:city": "Zamboanga",
        "addr:postcode": "7000",
        "addr:street": "Veterans Avenue",
        "building": "yes",
        "name": "Hansly Merchandising",
        "note": "sells tires and battery",
        "shop": "car_parts",
        "@geometry": "center"
      },
      "geometry": {
        "type": "Point",
        "coordinates": [
          122.0791363,
          6.9150049
        ]
      },
      "id": "way/277181213"
    },
    {
      "type": "Feature",
      "properties": {
        "@id": "way/277181215",
        "addr:city": "Zamboanga",
        "addr:postcode": "7000",
        "addr:street": "Veterans Avenue",
        "amenity": "fast_food",
        "building": "yes",
        "cuisine": "regional",
        "name": "DOLE Canteen",
        "@geometry": "center"
      },
      "geometry": {
        "type": "Point",
        "coordinates": [
          122.0791344,
          6.9152618
        ]
      },
      "id": "way/277181215"
    },
    {
      "type": "Feature",
      "properties": {
        "@id": "way/277202444",
        "access": "yes",
        "amenity": "toilets",
        "building": "yes",
        "fee": "yes",
        "name": "Public Toilet",
        "operator": "LGU",
        "ownership": "city",
        "toilets:disposal": "flush",
        "toilets:position": "seated;urinal",
        "@geometry": "center"
      },
      "geometry": {
        "type": "Point",
        "coordinates": [
          122.0812549,
          6.9014175
        ]
      },
      "id": "way/277202444"
    },
    {
      "type": "Feature",
      "properties": {
        "@id": "way/277202450",
        "amenity": "toilets",
        "building": "yes",
        "check_date": "2025-10-11",
        "fee": "no",
        "toilets:disposal": "flush",
        "@geometry": "center"
      },
      "geometry": {
        "type": "Point",
        "coordinates": [
          122.0808227,
          6.9002697
        ]
      },
      "id": "way/277202450"
    },
    {
      "type": "Feature",
      "properties": {
        "@id": "way/277203618",
        "amenity": "parking",
        "fee": "yes",
        "parking": "surface",
        "supervised": "yes",
        "@geometry": "center"
      },
      "geometry": {
        "type": "Point",
        "coordinates": [
          122.0813285,
          6.8997278
        ]
      },
      "id": "way/277203618"
    },
    {
      "type": "Feature",
      "properties": {
        "@id": "way/277204283",
        "addr:city": "Zamboanga City",
        "addr:place": "Rio Hondo",
        "addr:postcode": "7000",
        "amenity": "college",
        "name": "Zamboanga State College of Marine Sciences and Technology",
        "@geometry": "center"
      },
      "geometry": {
        "type": "Point",
        "coordinates": [
          122.083569,
          6.8998536
        ]
      },
      "id": "way/277204283"
    },
    {
      "type": "Feature",
      "properties": {
        "@id": "way/277205163",
        "building": "roof",
        "description": "gymnasium",
        "events_venue": "yes",
        "layer": "1",
        "leisure": "sports_hall",
        "roof:shape": "gabled",
        "sport": "multi",
        "@geometry": "center"
      },
      "geometry": {
        "type": "Point",
        "coordinates": [
          122.0847381,
          6.8997821
        ]
      },
      "id": "way/277205163"
    },
    {
      "type": "Feature",
      "properties": {
        "@id": "way/277463824",
        "addr:city": "Zamboanga City",
        "addr:postcode": "7000",
        "addr:street": "Apolinario Loop",
        "amenity": "marketplace",
        "building": "no",
        "check_date": "2024-09-21",
        "name": "Guiwan Flea Market",
        "@geometry": "center"
      },
      "geometry": {
        "type": "Point",
        "coordinates": [
          122.0901353,
          6.9290072
        ]
      },
      "id": "way/277463824"
    },
    {
      "type": "Feature",
      "properties": {
        "@id": "way/277468270",
        "addr:city": "Zamboanga City",
        "addr:postcode": "7000",
        "addr:street": "Guiwan Old Hi-Way",
        "building": "yes",
        "name": "Food Paradise Bakeshops",
        "shop": "bakery",
        "@geometry": "center"
      },
      "geometry": {
        "type": "Point",
        "coordinates": [
          122.0897992,
          6.9287662
        ]
      },
      "id": "way/277468270"
    },
    {
      "type": "Feature",
      "properties": {
        "@id": "way/277515283",
        "addr:barangay": "Tetuan",
        "addr:city": "Zamboanga City",
        "addr:postcode": "7000",
        "addr:province": "Zamboanga del Sur",
        "addr:street": "Doctor J. Estrada Street",
        "amenity": "school",
        "name": "Avalokitesvara School",
        "@geometry": "center"
      },
      "geometry": {
        "type": "Point",
        "coordinates": [
          122.0848952,
          6.917556
        ]
      },
      "id": "way/277515283"
    },
    {
      "type": "Feature",
      "properties": {
        "@id": "way/277515286",
        "addr:city": "Zamboanga",
        "addr:postcode": "7000",
        "addr:street": "Veterans Avenue",
        "name": "Zamboanga Motors, Incorporated",
        "shop": "car",
        "@geometry": "center"
      },
      "geometry": {
        "type": "Point",
        "coordinates": [
          122.0799274,
          6.90866
        ]
      },
      "id": "way/277515286"
    },
    {
      "type": "Feature",
      "properties": {
        "@id": "way/277516171",
        "amenity": "marketplace",
        "building": "warehouse",
        "@geometry": "center"
      },
      "geometry": {
        "type": "Point",
        "coordinates": [
          122.0807486,
          6.9093135
        ]
      },
      "id": "way/277516171"
    },
    {
      "type": "Feature",
      "properties": {
        "@id": "way/277516173",
        "alt_name": "Building № 33",
        "amenity": "clinic",
        "building": "yes",
        "building:levels": "2",
        "healthcare": "clinic",
        "name": "Tzu Chi Great Love Eye Center",
        "@geometry": "center"
      },
      "geometry": {
        "type": "Point",
        "coordinates": [
          122.081192,
          6.9061776
        ]
      },
      "id": "way/277516173"
    },
    {
      "type": "Feature",
      "properties": {
        "@id": "way/277516189",
        "leisure": "park",
        "@geometry": "center"
      },
      "geometry": {
        "type": "Point",
        "coordinates": [
          122.0808323,
          6.9074459
        ]
      },
      "id": "way/277516189"
    },
    {
      "type": "Feature",
      "properties": {
        "@id": "way/277517935",
        "access": "private",
        "amenity": "parking",
        "parking": "surface",
        "@geometry": "center"
      },
      "geometry": {
        "type": "Point",
        "coordinates": [
          122.0815848,
          6.9075299
        ]
      },
      "id": "way/277517935"
    },
    {
      "type": "Feature",
      "properties": {
        "@id": "way/277520344",
        "amenity": "restaurant",
        "building": "yes",
        "cuisine": "regional",
        "name": "John's Place",
        "@geometry": "center"
      },
      "geometry": {
        "type": "Point",
        "coordinates": [
          122.0805988,
          6.9052121
        ]
      },
      "id": "way/277520344"
    },
    {
      "type": "Feature",
      "properties": {
        "@id": "way/277554400",
        "access": "private",
        "amenity": "parking",
        "fee": "yes",
        "parking": "surface",
        "supervised": "yes",
        "@geometry": "center"
      },
      "geometry": {
        "type": "Point",
        "coordinates": [
          122.081953,
          6.9019878
        ]
      },
      "id": "way/277554400"
    },
    {
      "type": "Feature",
      "properties": {
        "@id": "way/277594029",
        "addr:barangay": "Santa Barbara",
        "addr:city": "Zamboanga City",
        "addr:postcode": "7000",
        "addr:province": "Zamboanga del Sur",
        "addr:street": "Fort Pilar Street",
        "alt_name": "Sta. Barbara Central School",
        "amenity": "school",
        "isced:level": "0;1",
        "name": "Santa Barbara Central School",
        "operator": "Zamboanga Central District Zamboanga City Schools Division, DepEd",
        "operator:type": "government",
        "operator:wikidata": "Q3550346",
        "population:pupils": "1544",
        "population:pupils:date": "2015",
        "ref": "126210",
        "start_date": "1956",
        "@geometry": "center"
      },
      "geometry": {
        "type": "Point",
        "coordinates": [
          122.0827599,
          6.9027956
        ]
      },
      "id": "way/277594029"
    },
    {
      "type": "Feature",
      "properties": {
        "@id": "way/277751588",
        "addr:street": "Evangelista Street",
        "building": "roof",
        "building:use": "civic",
        "emergency:amenity": "social_facility",
        "emergency:social_facility": "shelter",
        "emergency:social_facility:for": "displaced_people",
        "events_venue": "yes",
        "layer": "1",
        "leisure": "sports_hall",
        "sport": "multi",
        "@geometry": "center"
      },
      "geometry": {
        "type": "Point",
        "coordinates": [
          122.0877706,
          6.908779
        ]
      },
      "id": "way/277751588"
    },
    {
      "type": "Feature",
      "properties": {
        "@id": "way/277752461",
        "access": "customers",
        "amenity": "parking",
        "description": "motorcycle",
        "fee": "yes",
        "lit": "yes",
        "name": "Motorcycles Only",
        "operator": "City Government of Zamboanga",
        "park_ride": "no",
        "parking": "surface",
        "supervised": "yes",
        "surface": "concrete",
        "@geometry": "center"
      },
      "geometry": {
        "type": "Point",
        "coordinates": [
          122.0815615,
          6.9009035
        ]
      },
      "id": "way/277752461"
    },
    {
      "type": "Feature",
      "properties": {
        "@id": "way/277797830",
        "addr:city": "Zamboanga",
        "addr:postcode": "7000",
        "addr:street": "Mayor Cesar C. Climaco Avenue",
        "building": "yes",
        "building:levels": "5",
        "building:roof": "concrete",
        "name": "Hermosa Hotel and Restaurant",
        "tourism": "hotel",
        "@geometry": "center"
      },
      "geometry": {
        "type": "Point",
        "coordinates": [
          122.0738553,
          6.9096468
        ]
      },
      "id": "way/277797830"
    },
    {
      "type": "Feature",
      "properties": {
        "@id": "way/277942696",
        "addr:city": "Zamboanga",
        "addr:postcode": "7000",
        "addr:street": "Pilar Street",
        "amenity": "college",
        "name": "Southern City Colleges",
        "@geometry": "center"
      },
      "geometry": {
        "type": "Point",
        "coordinates": [
          122.0801742,
          6.9046322
        ]
      },
      "id": "way/277942696"
    },
    {
      "type": "Feature",
      "properties": {
        "@id": "way/277943102",
        "historic": "memorial",
        "@geometry": "center"
      },
      "geometry": {
        "type": "Point",
        "coordinates": [
          122.0809435,
          6.9014453
        ]
      },
      "id": "way/277943102"
    },
    {
      "type": "Feature",
      "properties": {
        "@id": "way/278138516",
        "leisure": "pitch",
        "sport": "basketball",
        "@geometry": "center"
      },
      "geometry": {
        "type": "Point",
        "coordinates": [
          122.0616366,
          6.9139834
        ]
      },
      "id": "way/278138516"
    },
    {
      "type": "Feature",
      "properties": {
        "@id": "way/278142767",
        "addr:city": "Zamboanga",
        "addr:postcode": "7000",
        "addr:street": "Rizal Street and N.S. Valderrosa Street",
        "addr:village": "Zone IV",
        "amenity": "restaurant",
        "building": "yes",
        "building:levels": "2",
        "cuisine": "regional",
        "name": "Flavorite Cuisine",
        "@geometry": "center"
      },
      "geometry": {
        "type": "Point",
        "coordinates": [
          122.0769054,
          6.9041165
        ]
      },
      "id": "way/278142767"
    },
    {
      "type": "Feature",
      "properties": {
        "@id": "way/278169309",
        "building": "yes",
        "building:levels": "7",
        "name": "Shopper's Plaza",
        "shop": "department_store",
        "@geometry": "center"
      },
      "geometry": {
        "type": "Point",
        "coordinates": [
          122.0751833,
          6.906259
        ]
      },
      "id": "way/278169309"
    },
    {
      "type": "Feature",
      "properties": {
        "@id": "way/278451907",
        "addr2:street": "San Jose Road",
        "addr:street": "Tomas A. Castillo Road",
        "amenity": "fuel",
        "brand": "Petron",
        "brand:wikidata": "Q7179011",
        "building": "roof",
        "building:levels": "1",
        "building:use": "retail",
        "layer": "1",
        "name": "Petron",
        "roof:shape": "flat",
        "@geometry": "center"
      },
      "geometry": {
        "type": "Point",
        "coordinates": [
          122.060152,
          6.9159352
        ]
      },
      "id": "way/278451907"
    },
    {
      "type": "Feature",
      "properties": {
        "@id": "way/278451912",
        "amenity": "shelter",
        "building": "roof",
        "layer": "1",
        "public_transport": "platform",
        "roof:shape": "gabled",
        "shelter_type": "public_transport",
        "@geometry": "center"
      },
      "geometry": {
        "type": "Point",
        "coordinates": [
          122.0629063,
          6.9137325
        ]
      },
      "id": "way/278451912"
    },
    {
      "type": "Feature",
      "properties": {
        "@id": "way/278540484",
        "amenity": "library",
        "building": "civic",
        "name": "DOST Library",
        "operator": "Department of Science and Technology",
        "operator:type": "public",
        "@geometry": "center"
      },
      "geometry": {
        "type": "Point",
        "coordinates": [
          122.0797095,
          6.9033259
        ]
      },
      "id": "way/278540484"
    },
    {
      "type": "Feature",
      "properties": {
        "@id": "way/278725372",
        "addr:barangay": "Divisoria",
        "addr:city": "Zamboanga City",
        "addr:postcode": "7000",
        "addr:province": "Zamboanga del Sur",
        "addr:street": "Maria Clara L. Lobregat Highway",
        "amenity": "school",
        "check_date": "2024-09-20",
        "grades": "0-6",
        "isced:level": "0;1",
        "name": "Divisoria Elementary School",
        "operator": "Putik District of Zamboanga City Schools Division, DepEd",
        "operator:type": "government",
        "operator:wikidata": "Q3550346",
        "population:pupils": "1775",
        "population:pupils:date": "2015",
        "ref": "126198",
        "start_date": "1960",
        "@geometry": "center"
      },
      "geometry": {
        "type": "Point",
        "coordinates": [
          122.1029854,
          6.9471214
        ]
      },
      "id": "way/278725372"
    },
    {
      "type": "Feature",
      "properties": {
        "@id": "way/278778784",
        "addr:barangay": "Guiwan",
        "addr:city": "Zamboanga City",
        "addr:postcode": "7000",
        "addr:street": "Daisy Road",
        "admin_level": "10",
        "amenity": "townhall",
        "building": "public",
        "building:levels": "2",
        "name": "Guiwan Barangay Hall",
        "roof:shape": "hipped",
        "townhall:type": "barangay",
        "@geometry": "center"
      },
      "geometry": {
        "type": "Point",
        "coordinates": [
          122.0921646,
          6.9286075
        ]
      },
      "id": "way/278778784"
    },
    {
      "type": "Feature",
      "properties": {
        "@id": "way/278787486",
        "addr:barangay": "Tumaga",
        "addr:city": "Zamboanga City",
        "addr:postcode": "7000",
        "addr:street": "Tumaga Porcentro",
        "building": "yes",
        "name": "Happiness Motel",
        "tourism": "motel",
        "@geometry": "center"
      },
      "geometry": {
        "type": "Point",
        "coordinates": [
          122.0827568,
          6.9343047
        ]
      },
      "id": "way/278787486"
    },
    {
      "type": "Feature",
      "properties": {
        "@id": "way/279036261",
        "addr2:street": "Doctor J. Estrada Street",
        "addr:city": "Zamboanga City",
        "addr:postcode": "7000",
        "addr:province": "Zamboanga del Sur",
        "addr:street": "Don A. V. Toribio Street",
        "amenity": "school",
        "isced:level": "0;1",
        "name": "Tetuan Central School",
        "operator": "Tetuan District of Zamboanga City Schools Division, DepEd",
        "operator:type": "government",
        "operator:wikidata": "Q3550346",
        "population:pupils": "4217",
        "population:pupils:date": "2015",
        "ref": "126229",
        "specialized_education": "special_needs",
        "start_date": "1923",
        "@geometry": "center"
      },
      "geometry": {
        "type": "Point",
        "coordinates": [
          122.0849282,
          6.9189707
        ]
      },
      "id": "way/279036261"
    },
    {
      "type": "Feature",
      "properties": {
        "@id": "way/279036262",
        "addr:housename": "Tetuan Central School",
        "building": "roof",
        "building:use": "civic",
        "emergency:amenity": "social_facility",
        "emergency:social_facility": "shelter",
        "emergency:social_facility:for": "displaced_people",
        "events_venue": "yes",
        "layer": "1",
        "leisure": "sports_hall",
        "name": "Multi-Pupose Covered Court",
        "roof:shape": "gabled",
        "sport": "multi",
        "@geometry": "center"
      },
      "geometry": {
        "type": "Point",
        "coordinates": [
          122.0847466,
          6.9188276
        ]
      },
      "id": "way/279036262"
    },
    {
      "type": "Feature",
      "properties": {
        "@id": "way/279036928",
        "amenity": "toilets",
        "building": "yes",
        "@geometry": "center"
      },
      "geometry": {
        "type": "Point",
        "coordinates": [
          122.0857494,
          6.9187298
        ]
      },
      "id": "way/279036928"
    },
    {
      "type": "Feature",
      "properties": {
        "@id": "way/279144806",
        "building": "yes",
        "name": "Wewang Merchandise",
        "shop": "yes",
        "@geometry": "center"
      },
      "geometry": {
        "type": "Point",
        "coordinates": [
          122.0775243,
          6.9038108
        ]
      },
      "id": "way/279144806"
    },
    {
      "type": "Feature",
      "properties": {
        "@id": "way/279278453",
        "amenity": "parking",
        "parking": "surface",
        "@geometry": "center"
      },
      "geometry": {
        "type": "Point",
        "coordinates": [
          122.0773312,
          6.9066216
        ]
      },
      "id": "way/279278453"
    },
    {
      "type": "Feature",
      "properties": {
        "@id": "way/279298189",
        "amenity": "restaurant",
        "building": "commercial",
        "name": "Alavar's",
        "@geometry": "center"
      },
      "geometry": {
        "type": "Point",
        "coordinates": [
          122.0806511,
          6.900632
        ]
      },
      "id": "way/279298189"
    },
    {
      "type": "Feature",
      "properties": {
        "@id": "way/279298190",
        "amenity": "bar",
        "building": "commercial",
        "name": "Barcode",
        "@geometry": "center"
      },
      "geometry": {
        "type": "Point",
        "coordinates": [
          122.0806818,
          6.9007129
        ]
      },
      "id": "way/279298190"
    },
    {
      "type": "Feature",
      "properties": {
        "@id": "way/279710069",
        "building": "yes",
        "building:levels": "3",
        "name": "Metro Glenn",
        "shop": "clothes",
        "@geometry": "center"
      },
      "geometry": {
        "type": "Point",
        "coordinates": [
          122.075947,
          6.9067977
        ]
      },
      "id": "way/279710069"
    },
    {
      "type": "Feature",
      "properties": {
        "@id": "way/279710071",
        "name": "Glenn's Enterprises",
        "shop": "yes",
        "@geometry": "center"
      },
      "geometry": {
        "type": "Point",
        "coordinates": [
          122.0757115,
          6.9067353
        ]
      },
      "id": "way/279710071"
    },
    {
      "type": "Feature",
      "properties": {
        "@id": "way/279832210",
        "shop": "yes",
        "@geometry": "center"
      },
      "geometry": {
        "type": "Point",
        "coordinates": [
          122.0775017,
          6.9045628
        ]
      },
      "id": "way/279832210"
    },
    {
      "type": "Feature",
      "properties": {
        "@id": "way/279832388",
        "building": "yes",
        "name": "Mang Tinapay",
        "shop": "bakery",
        "@geometry": "center"
      },
      "geometry": {
        "type": "Point",
        "coordinates": [
          122.077454,
          6.9037299
        ]
      },
      "id": "way/279832388"
    },
    {
      "type": "Feature",
      "properties": {
        "@id": "way/280006993",
        "name": "Blue Pearl Pension House",
        "tourism": "guest_house",
        "@geometry": "center"
      },
      "geometry": {
        "type": "Point",
        "coordinates": [
          122.0800649,
          6.9069333
        ]
      },
      "id": "way/280006993"
    },
    {
      "type": "Feature",
      "properties": {
        "@id": "way/280011842",
        "building": "yes",
        "shop": "appliance",
        "@geometry": "center"
      },
      "geometry": {
        "type": "Point",
        "coordinates": [
          122.0774665,
          6.9098596
        ]
      },
      "id": "way/280011842"
    },
    {
      "type": "Feature",
      "properties": {
        "@id": "way/280175970",
        "shop": "florist",
        "@geometry": "center"
      },
      "geometry": {
        "type": "Point",
        "coordinates": [
          122.0731667,
          6.9074417
        ]
      },
      "id": "way/280175970"
    },
    {
      "type": "Feature",
      "properties": {
        "@id": "way/280213867",
        "shop": "yes",
        "@geometry": "center"
      },
      "geometry": {
        "type": "Point",
        "coordinates": [
          122.0724785,
          6.9076996
        ]
      },
      "id": "way/280213867"
    },
    {
      "type": "Feature",
      "properties": {
        "@id": "way/280213869",
        "addr:city": "Zamboanga",
        "addr:postcode": "7000",
        "addr:street": "San Jose Road",
        "addr:village": "San Jose Cawa-Cawa",
        "amenity": "clinic",
        "building": "yes",
        "healthcare": "clinic",
        "name": "Children's Clinic",
        "@geometry": "center"
      },
      "geometry": {
        "type": "Point",
        "coordinates": [
          122.072408,
          6.9079158
        ]
      },
      "id": "way/280213869"
    },
    {
      "type": "Feature",
      "properties": {
        "@id": "way/280269963",
        "shop": "car_parts",
        "@geometry": "center"
      },
      "geometry": {
        "type": "Point",
        "coordinates": [
          122.0789515,
          6.9174053
        ]
      },
      "id": "way/280269963"
    },
    {
      "type": "Feature",
      "properties": {
        "@id": "way/280273463",
        "access": "private",
        "amenity": "parking",
        "fee": "yes",
        "operator:type": "government",
        "parking": "surface",
        "supervised": "yes",
        "@geometry": "center"
      },
      "geometry": {
        "type": "Point",
        "coordinates": [
          122.0778423,
          6.9220301
        ]
      },
      "id": "way/280273463"
    },
    {
      "type": "Feature",
      "properties": {
        "@id": "way/280280024",
        "building": "yes",
        "building:levels": "2",
        "name": "Yubengco Star Mall",
        "shop": "mall",
        "@geometry": "center"
      },
      "geometry": {
        "type": "Point",
        "coordinates": [
          122.0919862,
          6.9352386
        ]
      },
      "id": "way/280280024"
    },
    {
      "type": "Feature",
      "properties": {
        "@id": "way/280287735",
        "addr:barangay": "Putik",
        "addr:city": "Zamboanga City",
        "addr:postcode": "7000",
        "addr:street": "Maria Clara L. Lobregat Highway",
        "brand": "Kia",
        "building": "yes",
        "name": "Greencars Mindanao Corporation",
        "service": "parts;repair",
        "shop": "car",
        "@geometry": "center"
      },
      "geometry": {
        "type": "Point",
        "coordinates": [
          122.0925074,
          6.9360076
        ]
      },
      "id": "way/280287735"
    },
    {
      "type": "Feature",
      "properties": {
        "@id": "way/280294301",
        "amenity": "fuel",
        "brand": "Petron",
        "brand:wikidata": "Q7179011",
        "building": "roof",
        "building:levels": "1",
        "building:use": "retail",
        "check_date": "2024-09-21",
        "compressed_air": "yes",
        "layer": "1",
        "name": "Petron",
        "operator": "Jose Owen Malinao",
        "roof:shape": "flat",
        "@geometry": "center"
      },
      "geometry": {
        "type": "Point",
        "coordinates": [
          122.0921067,
          6.9338503
        ]
      },
      "id": "way/280294301"
    },
    {
      "type": "Feature",
      "properties": {
        "@id": "way/280294303",
        "building": "yes",
        "shop": "car_repair",
        "@geometry": "center"
      },
      "geometry": {
        "type": "Point",
        "coordinates": [
          122.0920231,
          6.9341131
        ]
      },
      "id": "way/280294303"
    },
    {
      "type": "Feature",
      "properties": {
        "@id": "way/280294304",
        "addr:barangay": "Putik",
        "addr:city": "Zamboanga City",
        "addr:postcode": "7000",
        "addr:street": "Maria Clara L. Lobregat Highway",
        "building:levels": "2",
        "name": "DES Appliance Plaza, Incorporated",
        "service": "repair",
        "shop": "appliance",
        "@geometry": "center"
      },
      "geometry": {
        "type": "Point",
        "coordinates": [
          122.092838,
          6.9347717
        ]
      },
      "id": "way/280294304"
    },
    {
      "type": "Feature",
      "properties": {
        "@id": "way/280294305",
        "addr:city": "Zamboanga City",
        "addr:postcode": "7000",
        "addr:street": "Maria Clara L. Lobregat Highway",
        "building": "yes",
        "building:levels": "2",
        "motorcycle:parts": "yes",
        "motorcycle:repair": "yes",
        "motorcycle:tyres": "yes",
        "name": "Safety Enterprises",
        "service": "parts;repair;tyres",
        "shop": "motorcycle",
        "@geometry": "center"
      },
      "geometry": {
        "type": "Point",
        "coordinates": [
          122.0927756,
          6.9349835
        ]
      },
      "id": "way/280294305"
    },
    {
      "type": "Feature",
      "properties": {
        "@id": "way/280301421",
        "addr:barangay": "Guiwan",
        "addr:city": "Zamboanga City",
        "addr:postcode": "7000",
        "addr:street": "Maria Clara L. Lobregat Highway",
        "amenity": "fast_food",
        "check_date": "2024-09-20",
        "name": "Uling Roaster",
        "note": "Roasted Chicken",
        "takeaway": "only",
        "@geometry": "center"
      },
      "geometry": {
        "type": "Point",
        "coordinates": [
          122.089007,
          6.9305084
        ]
      },
      "id": "way/280301421"
    },
    {
      "type": "Feature",
      "properties": {
        "@id": "way/280301431",
        "building": "yes",
        "name": "Red Palm Inn",
        "tourism": "hostel",
        "@geometry": "center"
      },
      "geometry": {
        "type": "Point",
        "coordinates": [
          122.0887505,
          6.9306907
        ]
      },
      "id": "way/280301431"
    },
    {
      "type": "Feature",
      "properties": {
        "@id": "way/280419084",
        "addr:barangay": "Putik",
        "addr:city": "Zamboanga City",
        "addr:postcode": "7000",
        "addr:street": "MCLL Hi-way",
        "brand": "Kia",
        "name": "Greencars Philippines, Incorporated",
        "service": "dealer",
        "shop": "car",
        "@geometry": "center"
      },
      "geometry": {
        "type": "Point",
        "coordinates": [
          122.0923539,
          6.9362645
        ]
      },
      "id": "way/280419084"
    },
    {
      "type": "Feature",
      "properties": {
        "@id": "way/280440890",
        "amenity": "restaurant",
        "building": "yes",
        "cuisine": "seafood",
        "name": "Hai San Restaurant",
        "@geometry": "center"
      },
      "geometry": {
        "type": "Point",
        "coordinates": [
          122.0715809,
          6.9080164
        ]
      },
      "id": "way/280440890"
    },
    {
      "type": "Feature",
      "properties": {
        "@id": "way/280440891",
        "building": "yes",
        "name": "Friendship Emporium",
        "shop": "department_store",
        "@geometry": "center"
      },
      "geometry": {
        "type": "Point",
        "coordinates": [
          122.0754448,
          6.9054987
        ]
      },
      "id": "way/280440891"
    },
    {
      "type": "Feature",
      "properties": {
        "@id": "way/281242945",
        "addr:barangay": "Putik",
        "addr:city": "Zamboanga City",
        "addr:postcode": "7000",
        "addr:street": "Tumaga-Putik Road",
        "building": "no",
        "name": "Casa Latino Court",
        "tourism": "motel",
        "@geometry": "center"
      },
      "geometry": {
        "type": "Point",
        "coordinates": [
          122.090831,
          6.9419732
        ]
      },
      "id": "way/281242945"
    },
    {
      "type": "Feature",
      "properties": {
        "@id": "way/281741094",
        "amenity": "toilets",
        "building": "yes",
        "@geometry": "center"
      },
      "geometry": {
        "type": "Point",
        "coordinates": [
          122.1189993,
          6.9488079
        ]
      },
      "id": "way/281741094"
    },
    {
      "type": "Feature",
      "properties": {
        "@id": "way/281754026",
        "addr:barangay": "Guiwan",
        "addr:city": "Zamboanga City",
        "addr:postcode": "7000",
        "addr:street": "Guiwan Porcentro",
        "building": "yes",
        "building:levels": "2",
        "motorcycle:parts": "yes",
        "motorcycle:repair": "yes",
        "name": "Tmothy Motors, Incorporated",
        "shop": "motorcycle",
        "@geometry": "center"
      },
      "geometry": {
        "type": "Point",
        "coordinates": [
          122.0884998,
          6.9322208
        ]
      },
      "id": "way/281754026"
    },
    {
      "type": "Feature",
      "properties": {
        "@id": "way/281756857",
        "addr:city": "Zamboanga",
        "addr:postcode": "7000",
        "addr:street": "Magay",
        "addr:village": "Zone IV",
        "amenity": "recycling",
        "building": "industrial",
        "name": "Material Recovery Facility",
        "operator": "Office of the City Environment and Natural Resources",
        "operator:type": "government",
        "owner": "City",
        "recycling:green_waste": "yes",
        "recycling_type": "centre",
        "@geometry": "center"
      },
      "geometry": {
        "type": "Point",
        "coordinates": [
          122.0717772,
          6.9044142
        ]
      },
      "id": "way/281756857"
    },
    {
      "type": "Feature",
      "properties": {
        "@id": "way/281757500",
        "amenity": "police",
        "name": "Zamboanga City Police Office",
        "@geometry": "center"
      },
      "geometry": {
        "type": "Point",
        "coordinates": [
          122.0745081,
          6.9052555
        ]
      },
      "id": "way/281757500"
    },
    {
      "type": "Feature",
      "properties": {
        "@id": "way/281781137",
        "building": "yes",
        "shop": "kiosk",
        "@geometry": "center"
      },
      "geometry": {
        "type": "Point",
        "coordinates": [
          122.0825709,
          6.9017228
        ]
      },
      "id": "way/281781137"
    },
    {
      "type": "Feature",
      "properties": {
        "@id": "way/281781138",
        "building": "yes",
        "shop": "kiosk",
        "@geometry": "center"
      },
      "geometry": {
        "type": "Point",
        "coordinates": [
          122.0825097,
          6.9016846
        ]
      },
      "id": "way/281781138"
    },
    {
      "type": "Feature",
      "properties": {
        "@id": "way/281781140",
        "amenity": "bank",
        "barrier": "fence",
        "branch": "Zamboanga City",
        "name": "Bangko Sentral ng Pilipinas",
        "name:en": "Central Bank of the Philippines",
        "name:es": "Banco Central de Filipinas",
        "name:tl": "Bangko Sentral ng Pilipinas",
        "operator": "Bangko Sentral ng Pilipinas",
        "short_name": "BSP",
        "@geometry": "center"
      },
      "geometry": {
        "type": "Point",
        "coordinates": [
          122.080789,
          6.9023538
        ]
      },
      "id": "way/281781140"
    },
    {
      "type": "Feature",
      "properties": {
        "@id": "way/281786082",
        "leisure": "park",
        "@geometry": "center"
      },
      "geometry": {
        "type": "Point",
        "coordinates": [
          122.0720792,
          6.9207895
        ]
      },
      "id": "way/281786082"
    },
    {
      "type": "Feature",
      "properties": {
        "@id": "way/281786083",
        "amenity": "restaurant",
        "building": "yes",
        "@geometry": "center"
      },
      "geometry": {
        "type": "Point",
        "coordinates": [
          122.0626418,
          6.9188774
        ]
      },
      "id": "way/281786083"
    },
    {
      "type": "Feature",
      "properties": {
        "@id": "way/281787613",
        "addr:street": "Canelar Moret",
        "building": "yes",
        "name": "Royale Pension Motel",
        "tourism": "motel",
        "@geometry": "center"
      },
      "geometry": {
        "type": "Point",
        "coordinates": [
          122.0645928,
          6.9179118
        ]
      },
      "id": "way/281787613"
    },
    {
      "type": "Feature",
      "properties": {
        "@id": "way/281787615",
        "building": "roof",
        "community_centre": "events_place",
        "layer": "1",
        "leisure": "sports_hall",
        "sport": "multi",
        "@geometry": "center"
      },
      "geometry": {
        "type": "Point",
        "coordinates": [
          122.066763,
          6.9156857
        ]
      },
      "id": "way/281787615"
    },
    {
      "type": "Feature",
      "properties": {
        "@id": "way/282019301",
        "addr:city": "Zamboanga",
        "addr:postcode": "7000",
        "addr:street": "Mayor Cesar C. Climaco Avenue",
        "addr:village": "Zone III",
        "name": "Astoria Hotel",
        "tourism": "hotel",
        "@geometry": "center"
      },
      "geometry": {
        "type": "Point",
        "coordinates": [
          122.0733404,
          6.9089743
        ]
      },
      "id": "way/282019301"
    },
    {
      "type": "Feature",
      "properties": {
        "@id": "way/282019302",
        "amenity": "conference_centre",
        "building": "yes",
        "name": "Royce Convention Center",
        "@geometry": "center"
      },
      "geometry": {
        "type": "Point",
        "coordinates": [
          122.0730344,
          6.9090112
        ]
      },
      "id": "way/282019302"
    },
    {
      "type": "Feature",
      "properties": {
        "@id": "way/282019305",
        "access": "private",
        "amenity": "parking",
        "fee": "yes",
        "parking": "surface",
        "@geometry": "center"
      },
      "geometry": {
        "type": "Point",
        "coordinates": [
          122.0733159,
          6.9090739
        ]
      },
      "id": "way/282019305"
    },
    {
      "type": "Feature",
      "properties": {
        "@id": "way/282481428",
        "hoops": "2",
        "leisure": "pitch",
        "sport": "basketball",
        "surface": "concrete",
        "@geometry": "center"
      },
      "geometry": {
        "type": "Point",
        "coordinates": [
          122.0765313,
          6.9029559
        ]
      },
      "id": "way/282481428"
    },
    {
      "type": "Feature",
      "properties": {
        "@id": "way/282485070",
        "building": "yes",
        "name": "Atomic Bazaar",
        "shop": "department_store",
        "@geometry": "center"
      },
      "geometry": {
        "type": "Point",
        "coordinates": [
          122.0754089,
          6.9056047
        ]
      },
      "id": "way/282485070"
    },
    {
      "type": "Feature",
      "properties": {
        "@id": "way/282496058",
        "addr:city": "Zamboanga City",
        "addr:postcode": "7000",
        "addr:street": "Don Pablo Lorenzo",
        "amenity": "police",
        "name": "Zamboanga City Police Central Office",
        "@geometry": "center"
      },
      "geometry": {
        "type": "Point",
        "coordinates": [
          122.0758005,
          6.903247
        ]
      },
      "id": "way/282496058"
    },
    {
      "type": "Feature",
      "properties": {
        "@id": "way/282501532",
        "building": "yes",
        "building:levels": "3",
        "name": "Remedios Memorial Homes and Funeral Services",
        "religion": "christian",
        "shop": "funeral_directors",
        "@geometry": "center"
      },
      "geometry": {
        "type": "Point",
        "coordinates": [
          122.0768383,
          6.9134237
        ]
      },
      "id": "way/282501532"
    },
    {
      "type": "Feature",
      "properties": {
        "@id": "way/282644263",
        "addr:barangay": "Guiwan",
        "addr:city": "Zamboanga City",
        "addr:postcode": "7000",
        "addr:street": "Maria Clara L. Lobregat Highway",
        "amenity": "pub",
        "building": "yes",
        "name": "Fantacy Disco Pub Haus",
        "smoking": "yes",
        "@geometry": "center"
      },
      "geometry": {
        "type": "Point",
        "coordinates": [
          122.0890221,
          6.9303623
        ]
      },
      "id": "way/282644263"
    },
    {
      "type": "Feature",
      "properties": {
        "@id": "way/282645479",
        "addr:neighbourhood": "Aurora Village",
        "addr:postcode": "7000",
        "addr:street": "Aurora Drive",
        "amenity": "place_of_worship",
        "building": "religious",
        "denomination": "protestant",
        "name": "Word for the World Christian Fellowship",
        "opening_hours": "Su 08:30-12:00;We 05:30-08:00",
        "religion": "christian",
        "service_times": "Su 09:00;We 18:00-20:00",
        "source_ref": "https://osm.org/note/602332",
        "@geometry": "center"
      },
      "geometry": {
        "type": "Point",
        "coordinates": [
          122.0847104,
          6.9287325
        ]
      },
      "id": "way/282645479"
    },
    {
      "type": "Feature",
      "properties": {
        "@id": "way/282694765",
        "addr:city": "Zamboanga",
        "addr:postcode": "7000",
        "addr:street": "Mayor Cesar C. Climaco Avenue",
        "building": "yes",
        "name": "Unisales Metro Zamboanga",
        "shop": "department_store",
        "@geometry": "center"
      },
      "geometry": {
        "type": "Point",
        "coordinates": [
          122.0747307,
          6.9076777
        ]
      },
      "id": "way/282694765"
    },
    {
      "type": "Feature",
      "properties": {
        "@id": "way/282702890",
        "addr:city": "Zamboanga",
        "addr:postcode": "7000",
        "addr:street": "Campaner Street",
        "addr:village": "Zone III",
        "building": "yes",
        "name": "Allied Motors Enterprises",
        "shop": "motorcycle",
        "@geometry": "center"
      },
      "geometry": {
        "type": "Point",
        "coordinates": [
          122.0787776,
          6.9095618
        ]
      },
      "id": "way/282702890"
    },
    {
      "type": "Feature",
      "properties": {
        "@id": "way/283097558",
        "amenity": "place_of_worship",
        "building": "yes",
        "denomination": "protestant",
        "name": "Four Square Gospel Church",
        "religion": "christian",
        "@geometry": "center"
      },
      "geometry": {
        "type": "Point",
        "coordinates": [
          122.0772537,
          6.9158811
        ]
      },
      "id": "way/283097558"
    },
    {
      "type": "Feature",
      "properties": {
        "@id": "way/283097559",
        "addr:city": "Zamboanga",
        "addr:postcode": "7000",
        "addr:street": "Governor Camins Avenue",
        "addr:village": "Canelar",
        "name": "Marcian Garden Hotel",
        "phone": "+62 9912519",
        "tourism": "hotel",
        "@geometry": "center"
      },
      "geometry": {
        "type": "Point",
        "coordinates": [
          122.065687,
          6.9187819
        ]
      },
      "id": "way/283097559"
    },
    {
      "type": "Feature",
      "properties": {
        "@id": "way/283097560",
        "amenity": "events_venue",
        "building": "yes",
        "name": "Marcian Convention center",
        "@geometry": "center"
      },
      "geometry": {
        "type": "Point",
        "coordinates": [
          122.0658122,
          6.9187058
        ]
      },
      "id": "way/283097560"
    },
    {
      "type": "Feature",
      "properties": {
        "@id": "way/283097561",
        "leisure": "swimming_pool",
        "@geometry": "center"
      },
      "geometry": {
        "type": "Point",
        "coordinates": [
          122.0658707,
          6.9188565
        ]
      },
      "id": "way/283097561"
    },
    {
      "type": "Feature",
      "properties": {
        "@id": "way/283603249",
        "addr:city": "Zamboanga",
        "addr:street": "Baliwasan Seaside Road",
        "amenity": "place_of_worship",
        "building": "yes",
        "denomination": "roman_catholic",
        "name": "Viva Señora La Virgen del Pilar",
        "religion": "christian",
        "roof:shape": "gabled",
        "@geometry": "center"
      },
      "geometry": {
        "type": "Point",
        "coordinates": [
          122.0575826,
          6.912216
        ]
      },
      "id": "way/283603249"
    },
    {
      "type": "Feature",
      "properties": {
        "@id": "way/283988614",
        "brand": "Yamaha",
        "building": "yes",
        "motorcycle:parts": "yes",
        "motorcycle:repair": "yes",
        "motorcycle:sales": "yes",
        "motorcycle:tyres": "yes",
        "service": "dealer;repair;tyres;parts",
        "shop": "motorcycle",
        "@geometry": "center"
      },
      "geometry": {
        "type": "Point",
        "coordinates": [
          122.088301,
          6.9304486
        ]
      },
      "id": "way/283988614"
    },
    {
      "type": "Feature",
      "properties": {
        "@id": "way/284409207",
        "hoops": "2",
        "leisure": "pitch",
        "sport": "basketball",
        "surface": "concrete",
        "@geometry": "center"
      },
      "geometry": {
        "type": "Point",
        "coordinates": [
          122.118717,
          6.9522058
        ]
      },
      "id": "way/284409207"
    },
    {
      "type": "Feature",
      "properties": {
        "@id": "way/284412450",
        "leisure": "swimming_pool",
        "@geometry": "center"
      },
      "geometry": {
        "type": "Point",
        "coordinates": [
          122.1372803,
          6.9568921
        ]
      },
      "id": "way/284412450"
    },
    {
      "type": "Feature",
      "properties": {
        "@id": "way/284419665",
        "amenity": "marketplace",
        "building": "yes",
        "@geometry": "center"
      },
      "geometry": {
        "type": "Point",
        "coordinates": [
          122.0710444,
          6.931278
        ]
      },
      "id": "way/284419665"
    },
    {
      "type": "Feature",
      "properties": {
        "@id": "way/284624093",
        "addr:city": "Zamboanga",
        "addr:postcode": "7000",
        "addr:street": "Pilar Street",
        "addr:village": "Zone IV",
        "building": "yes",
        "building:levels": "4",
        "name": "Amil's Hotel",
        "tourism": "hotel",
        "@geometry": "center"
      },
      "geometry": {
        "type": "Point",
        "coordinates": [
          122.0789502,
          6.9057494
        ]
      },
      "id": "way/284624093"
    },
    {
      "type": "Feature",
      "properties": {
        "@id": "way/285706364",
        "building": "yes",
        "name": "Viva Pension House",
        "tourism": "hostel",
        "@geometry": "center"
      },
      "geometry": {
        "type": "Point",
        "coordinates": [
          122.0755468,
          6.9063688
        ]
      },
      "id": "way/285706364"
    },
    {
      "type": "Feature",
      "properties": {
        "@id": "way/285706768",
        "amenity": "parking",
        "name": "ZCWD Employee's Parking Aea",
        "@geometry": "center"
      },
      "geometry": {
        "type": "Point",
        "coordinates": [
          122.0779845,
          6.9052752
        ]
      },
      "id": "way/285706768"
    },
    {
      "type": "Feature",
      "properties": {
        "@id": "way/285706769",
        "amenity": "restaurant",
        "building": "yes",
        "cuisine": "chicken",
        "@geometry": "center"
      },
      "geometry": {
        "type": "Point",
        "coordinates": [
          122.078287,
          6.905448
        ]
      },
      "id": "way/285706769"
    },
    {
      "type": "Feature",
      "properties": {
        "@id": "way/285717106",
        "addr:street": "Governor Lim Avenue",
        "amenity": "fuel",
        "brand": "Petron",
        "brand:wikidata": "Q7179011",
        "building": "roof",
        "building:levels": "1",
        "building:use": "retail",
        "layer": "1",
        "name": "Petron",
        "operator": "Oliver Ong",
        "roof:shape": "flat",
        "@geometry": "center"
      },
      "geometry": {
        "type": "Point",
        "coordinates": [
          122.0795277,
          6.9075119
        ]
      },
      "id": "way/285717106"
    },
    {
      "type": "Feature",
      "properties": {
        "@id": "way/285893558",
        "addr:barangay": "Tetuan",
        "addr:city": "Zamboaga",
        "addr:housenumber": "191",
        "addr:postcode": "7000",
        "addr:street": "Don Alfaro Street",
        "amenity": "school",
        "name": "A.B. Simpson Alliance School",
        "name:abbr": "ABSAS",
        "official_name": "Albert Benjamin Simpson Alliance School, Incorporated",
        "wikidata": "Q4647572",
        "wikipedia": "en:A. B. Simpson Alliance School",
        "@geometry": "center"
      },
      "geometry": {
        "type": "Point",
        "coordinates": [
          122.0883059,
          6.9164026
        ]
      },
      "id": "way/285893558"
    },
    {
      "type": "Feature",
      "properties": {
        "@id": "way/286004569",
        "addr:barangay": "Zambowood",
        "addr:city": "Zamboanga City",
        "addr:neighbourhood": "Zone 2",
        "addr:postcode": "7000",
        "addr:province": "Zamboanga del Sur",
        "amenity": "school",
        "isced:level": "0;1",
        "name": "Zambowood Elementary School",
        "operator": "Putik District of Zamboanga City Schools Division, DepEd",
        "operator:type": "government",
        "operator:wikidata": "Q3550346",
        "population:pupils": "1461",
        "population:pupils:date": "2015",
        "ref": "126206",
        "start_date": "1973",
        "@geometry": "center"
      },
      "geometry": {
        "type": "Point",
        "coordinates": [
          122.1326245,
          6.9415608
        ]
      },
      "id": "way/286004569"
    },
    {
      "type": "Feature",
      "properties": {
        "@id": "way/286014040",
        "air_conditioning": "yes",
        "branch": "Sta. Maria",
        "building": "retail",
        "name": "Budgetwise Appliance & Furniture Center",
        "opening_hours": "Mo-Su 09:00-19:00",
        "operator": "Budgetwise Zamboanga",
        "phone": "+63 955 002 2416",
        "shop": "appliance",
        "@geometry": "center"
      },
      "geometry": {
        "type": "Point",
        "coordinates": [
          122.0785059,
          6.9288725
        ]
      },
      "id": "way/286014040"
    },
    {
      "type": "Feature",
      "properties": {
        "@id": "way/286014753",
        "addr:barangay": "Tetuan",
        "addr:city": "Zamboanga City",
        "addr:postcode": "7000",
        "addr:street": "Veteran's Avenue Extension",
        "addr:street:corner": "Cabato Road",
        "amenity": "fuel",
        "branch": "Veteran's",
        "brand": "SEAOIL",
        "brand:facebook": "https://www.facebook.com/SEAOIL",
        "brand:instagram": "https://www.instagram.com/seaoilph/",
        "brand:twitter": "https://twitter.com/seaoilph",
        "brand:website": "https://www.seaoil.com.ph/",
        "brand:wikidata": "Q7389549",
        "brand:wikipedia": "en:Seaoil Philippines",
        "building": "roof",
        "building:levels": "1",
        "building:use": "retail",
        "fuel:diesel": "yes",
        "fuel:octane_91": "yes",
        "fuel:octane_95": "yes",
        "layer": "1",
        "name": "Seaoil",
        "roof:shape": "flat",
        "@geometry": "center"
      },
      "geometry": {
        "type": "Point",
        "coordinates": [
          122.0791009,
          6.9291304
        ]
      },
      "id": "way/286014753"
    },
    {
      "type": "Feature",
      "properties": {
        "@id": "way/286015453",
        "access": "private",
        "amenity": "parking",
        "fee": "no",
        "operator": "Garden Orchid Hotel",
        "parking": "surface",
        "supervised": "yes",
        "@geometry": "center"
      },
      "geometry": {
        "type": "Point",
        "coordinates": [
          122.0648053,
          6.9185316
        ]
      },
      "id": "way/286015453"
    },
    {
      "type": "Feature",
      "properties": {
        "@id": "way/286015454",
        "amenity": "fuel",
        "@geometry": "center"
      },
      "geometry": {
        "type": "Point",
        "coordinates": [
          122.0690687,
          6.9200579
        ]
      },
      "id": "way/286015454"
    },
    {
      "type": "Feature",
      "properties": {
        "@id": "way/286015455",
        "addr:city": "Zamboanga",
        "addr:postcode": "7000",
        "addr:street": "Governor Camins Avenue",
        "addr:village": "Canelar",
        "amenity": "fuel",
        "brand": "Star Oil",
        "name": "Land oil Gasoline Station",
        "@geometry": "center"
      },
      "geometry": {
        "type": "Point",
        "coordinates": [
          122.0675411,
          6.9194895
        ]
      },
      "id": "way/286015455"
    },
    {
      "type": "Feature",
      "properties": {
        "@id": "way/286015456",
        "addr:city": "Zamboanga",
        "addr:postcode": "7000",
        "addr:street": "Governor Camins Avenue",
        "addr:village": "Canelar",
        "amenity": "fuel",
        "brand": "Petron",
        "name": "Petron Centenaria N Gas Station",
        "@geometry": "center"
      },
      "geometry": {
        "type": "Point",
        "coordinates": [
          122.0671354,
          6.9200919
        ]
      },
      "id": "way/286015456"
    },
    {
      "type": "Feature",
      "properties": {
        "@id": "way/286015458",
        "amenity": "restaurant",
        "building": "yes",
        "cuisine": "regional",
        "name": "Shamba Grill",
        "@geometry": "center"
      },
      "geometry": {
        "type": "Point",
        "coordinates": [
          122.067588,
          6.9201296
        ]
      },
      "id": "way/286015458"
    },
    {
      "type": "Feature",
      "properties": {
        "@id": "way/286206188",
        "amenity": "events_venue",
        "building": "yes",
        "@geometry": "center"
      },
      "geometry": {
        "type": "Point",
        "coordinates": [
          122.0639642,
          6.9173464
        ]
      },
      "id": "way/286206188"
    },
    {
      "type": "Feature",
      "properties": {
        "@id": "way/286206189",
        "addr:city": "Zamboanga City",
        "addr:postcode": "7000",
        "addr:province": "Zamboanga del Sur",
        "addr:street": "Governor Camins Avenue",
        "landuse": "commercial",
        "name": "Garden Orchid Hotel and Resort Corporation",
        "tourism": "hotel",
        "@geometry": "center"
      },
      "geometry": {
        "type": "Point",
        "coordinates": [
          122.0642908,
          6.9180063
        ]
      },
      "id": "way/286206189"
    },
    {
      "type": "Feature",
      "properties": {
        "@id": "way/286206191",
        "leisure": "swimming_pool",
        "@geometry": "center"
      },
      "geometry": {
        "type": "Point",
        "coordinates": [
          122.0638745,
          6.9179355
        ]
      },
      "id": "way/286206191"
    },
    {
      "type": "Feature",
      "properties": {
        "@id": "way/286223750",
        "amenity": "restaurant",
        "building": "yes",
        "name": "Ram's Beer Garden and Restaurant",
        "@geometry": "center"
      },
      "geometry": {
        "type": "Point",
        "coordinates": [
          122.0761262,
          6.920923
        ]
      },
      "id": "way/286223750"
    },
    {
      "type": "Feature",
      "properties": {
        "@id": "way/286364065",
        "addr:city": "Zamboanga",
        "addr:postcode": "7000",
        "addr:quarter": "Canelar",
        "addr:street": "Moret Road",
        "building": "yes",
        "name": "Bulls Eye Motel",
        "tourism": "motel",
        "@geometry": "center"
      },
      "geometry": {
        "type": "Point",
        "coordinates": [
          122.0711361,
          6.9171582
        ]
      },
      "id": "way/286364065"
    },
    {
      "type": "Feature",
      "properties": {
        "@id": "way/286364066",
        "addr:city": "Zamboanga City",
        "addr:postcode": "7000",
        "addr:province": "Zamboanga del Sur",
        "addr:quarter": "Canelar",
        "addr:street": "Mayor M. S. Jaldon Street",
        "amenity": "school",
        "isced:level": "0;1",
        "name": "Zion Evangelical School",
        "operator:type": "private",
        "@geometry": "center"
      },
      "geometry": {
        "type": "Point",
        "coordinates": [
          122.0728415,
          6.9171193
        ]
      },
      "id": "way/286364066"
    },
    {
      "type": "Feature",
      "properties": {
        "@id": "way/286364067",
        "addr:city": "Zamboanga",
        "addr:postcode": "7000",
        "addr:street": "Mayor MS Jaldon Street",
        "addr:village": "Canelar",
        "amenity": "restaurant",
        "building": "yes",
        "cuisine": "regional",
        "name": "Family Fried Chicken",
        "phone": "+62 9910729",
        "@geometry": "center"
      },
      "geometry": {
        "type": "Point",
        "coordinates": [
          122.0726929,
          6.9176685
        ]
      },
      "id": "way/286364067"
    },
    {
      "type": "Feature",
      "properties": {
        "@id": "way/286364551",
        "amenity": "animal_shelter",
        "building": "yes",
        "name": "City Pound",
        "operator": "Office of the City Veterinarian",
        "operator:type": "government",
        "owner": "city",
        "roof:shape": "hipped",
        "@geometry": "center"
      },
      "geometry": {
        "type": "Point",
        "coordinates": [
          122.0517282,
          6.9345208
        ]
      },
      "id": "way/286364551"
    },
    {
      "type": "Feature",
      "properties": {
        "@id": "way/286701673",
        "leisure": "swimming_pool",
        "@geometry": "center"
      },
      "geometry": {
        "type": "Point",
        "coordinates": [
          122.1594661,
          7.0205109
        ]
      },
      "id": "way/286701673"
    },
    {
      "type": "Feature",
      "properties": {
        "@id": "way/286701674",
        "leisure": "swimming_pool",
        "@geometry": "center"
      },
      "geometry": {
        "type": "Point",
        "coordinates": [
          122.1593844,
          7.020434
        ]
      },
      "id": "way/286701674"
    },
    {
      "type": "Feature",
      "properties": {
        "@id": "way/310023913",
        "access": "no",
        "leisure": "golf_course",
        "name": "Edwin Andrews Air Base Golf Club",
        "operator": "Philippine Air Force",
        "@geometry": "center"
      },
      "geometry": {
        "type": "Point",
        "coordinates": [
          122.0606618,
          6.9253606
        ]
      },
      "id": "way/310023913"
    },
    {
      "type": "Feature",
      "properties": {
        "@id": "way/310023922",
        "amenity": "parking",
        "name": "Zamboanga Airport Carpark",
        "parking": "surface",
        "@geometry": "center"
      },
      "geometry": {
        "type": "Point",
        "coordinates": [
          122.0619732,
          6.9192754
        ]
      },
      "id": "way/310023922"
    },
    {
      "type": "Feature",
      "properties": {
        "@id": "way/310210296",
        "golf": "green",
        "landuse": "grass",
        "leisure": "pitch",
        "sport": "golf",
        "@geometry": "center"
      },
      "geometry": {
        "type": "Point",
        "coordinates": [
          122.0613815,
          6.9243696
        ]
      },
      "id": "way/310210296"
    },
    {
      "type": "Feature",
      "properties": {
        "@id": "way/310210299",
        "golf": "green",
        "landuse": "grass",
        "leisure": "pitch",
        "sport": "golf",
        "@geometry": "center"
      },
      "geometry": {
        "type": "Point",
        "coordinates": [
          122.056515,
          6.9238972
        ]
      },
      "id": "way/310210299"
    },
    {
      "type": "Feature",
      "properties": {
        "@id": "way/310210303",
        "golf": "green",
        "landuse": "grass",
        "leisure": "pitch",
        "sport": "golf",
        "@geometry": "center"
      },
      "geometry": {
        "type": "Point",
        "coordinates": [
          122.0567397,
          6.9244872
        ]
      },
      "id": "way/310210303"
    },
    {
      "type": "Feature",
      "properties": {
        "@id": "way/310210307",
        "golf": "green",
        "landuse": "grass",
        "leisure": "pitch",
        "sport": "golf",
        "@geometry": "center"
      },
      "geometry": {
        "type": "Point",
        "coordinates": [
          122.0588664,
          6.9248819
        ]
      },
      "id": "way/310210307"
    },
    {
      "type": "Feature",
      "properties": {
        "@id": "way/310210311",
        "golf": "green",
        "landuse": "grass",
        "leisure": "pitch",
        "sport": "golf",
        "@geometry": "center"
      },
      "geometry": {
        "type": "Point",
        "coordinates": [
          122.0615575,
          6.9249819
        ]
      },
      "id": "way/310210311"
    },
    {
      "type": "Feature",
      "properties": {
        "@id": "way/310210313",
        "golf": "green",
        "landuse": "grass",
        "leisure": "pitch",
        "sport": "golf",
        "@geometry": "center"
      },
      "geometry": {
        "type": "Point",
        "coordinates": [
          122.0602904,
          6.9259761
        ]
      },
      "id": "way/310210313"
    },
    {
      "type": "Feature",
      "properties": {
        "@id": "way/310210321",
        "golf": "green",
        "landuse": "grass",
        "leisure": "pitch",
        "sport": "golf",
        "@geometry": "center"
      },
      "geometry": {
        "type": "Point",
        "coordinates": [
          122.0602966,
          6.9275705
        ]
      },
      "id": "way/310210321"
    },
    {
      "type": "Feature",
      "properties": {
        "@id": "way/310210336",
        "leisure": "pitch",
        "name": "Edwin Andrews Driving Range",
        "sport": "golf",
        "@geometry": "center"
      },
      "geometry": {
        "type": "Point",
        "coordinates": [
          122.0641347,
          6.927548
        ]
      },
      "id": "way/310210336"
    },
    {
      "type": "Feature",
      "properties": {
        "@id": "way/310210338",
        "golf": "green",
        "landuse": "grass",
        "leisure": "pitch",
        "sport": "golf",
        "@geometry": "center"
      },
      "geometry": {
        "type": "Point",
        "coordinates": [
          122.0628995,
          6.9271606
        ]
      },
      "id": "way/310210338"
    },
    {
      "type": "Feature",
      "properties": {
        "@id": "way/310210352",
        "golf": "green",
        "landuse": "grass",
        "leisure": "pitch",
        "sport": "golf",
        "@geometry": "center"
      },
      "geometry": {
        "type": "Point",
        "coordinates": [
          122.0630182,
          6.9266888
        ]
      },
      "id": "way/310210352"
    },
    {
      "type": "Feature",
      "properties": {
        "@id": "way/310210355",
        "golf": "green",
        "landuse": "grass",
        "leisure": "pitch",
        "sport": "golf",
        "@geometry": "center"
      },
      "geometry": {
        "type": "Point",
        "coordinates": [
          122.0625129,
          6.9257395
        ]
      },
      "id": "way/310210355"
    },
    {
      "type": "Feature",
      "properties": {
        "@id": "way/310210366",
        "golf": "green",
        "landuse": "grass",
        "leisure": "pitch",
        "sport": "golf",
        "@geometry": "center"
      },
      "geometry": {
        "type": "Point",
        "coordinates": [
          122.0652126,
          6.9255968
        ]
      },
      "id": "way/310210366"
    },
    {
      "type": "Feature",
      "properties": {
        "@id": "way/310210370",
        "golf": "green",
        "landuse": "grass",
        "leisure": "pitch",
        "sport": "golf",
        "@geometry": "center"
      },
      "geometry": {
        "type": "Point",
        "coordinates": [
          122.0634583,
          6.9253937
        ]
      },
      "id": "way/310210370"
    },
    {
      "type": "Feature",
      "properties": {
        "@id": "way/310210375",
        "golf": "green",
        "landuse": "grass",
        "leisure": "pitch",
        "sport": "golf",
        "@geometry": "center"
      },
      "geometry": {
        "type": "Point",
        "coordinates": [
          122.0651987,
          6.9245938
        ]
      },
      "id": "way/310210375"
    },
    {
      "type": "Feature",
      "properties": {
        "@id": "way/310210378",
        "golf": "green",
        "landuse": "grass",
        "leisure": "pitch",
        "sport": "golf",
        "@geometry": "center"
      },
      "geometry": {
        "type": "Point",
        "coordinates": [
          122.0638945,
          6.9245779
        ]
      },
      "id": "way/310210378"
    },
    {
      "type": "Feature",
      "properties": {
        "@id": "way/310210381",
        "golf": "green",
        "landuse": "grass",
        "leisure": "pitch",
        "sport": "golf",
        "@geometry": "center"
      },
      "geometry": {
        "type": "Point",
        "coordinates": [
          122.0651948,
          6.9237923
        ]
      },
      "id": "way/310210381"
    },
    {
      "type": "Feature",
      "properties": {
        "@id": "way/310210384",
        "golf": "green",
        "landuse": "grass",
        "leisure": "pitch",
        "sport": "golf",
        "@geometry": "center"
      },
      "geometry": {
        "type": "Point",
        "coordinates": [
          122.0629668,
          6.9246167
        ]
      },
      "id": "way/310210384"
    },
    {
      "type": "Feature",
      "properties": {
        "@id": "way/310210385",
        "golf": "green",
        "landuse": "grass",
        "leisure": "pitch",
        "sport": "golf",
        "@geometry": "center"
      },
      "geometry": {
        "type": "Point",
        "coordinates": [
          122.0622382,
          6.9238096
        ]
      },
      "id": "way/310210385"
    },
    {
      "type": "Feature",
      "properties": {
        "@id": "way/310317208",
        "golf": "green",
        "landuse": "grass",
        "leisure": "pitch",
        "sport": "golf",
        "@geometry": "center"
      },
      "geometry": {
        "type": "Point",
        "coordinates": [
          122.0603428,
          6.925385
        ]
      },
      "id": "way/310317208"
    },
    {
      "type": "Feature",
      "properties": {
        "@id": "way/310317212",
        "golf": "green",
        "landuse": "grass",
        "leisure": "pitch",
        "sport": "golf",
        "@geometry": "center"
      },
      "geometry": {
        "type": "Point",
        "coordinates": [
          122.0579814,
          6.9249316
        ]
      },
      "id": "way/310317212"
    },
    {
      "type": "Feature",
      "properties": {
        "@id": "way/311350404",
        "amenity": "marketplace",
        "name": "Tumaga Flea Market",
        "@geometry": "center"
      },
      "geometry": {
        "type": "Point",
        "coordinates": [
          122.078883,
          6.9358564
        ]
      },
      "id": "way/311350404"
    },
    {
      "type": "Feature",
      "properties": {
        "@id": "way/311350442",
        "amenity": "marketplace",
        "name": "Divisoria Flea Market",
        "@geometry": "center"
      },
      "geometry": {
        "type": "Point",
        "coordinates": [
          122.1051947,
          6.9485852
        ]
      },
      "id": "way/311350442"
    },
    {
      "type": "Feature",
      "properties": {
        "@id": "way/312878028",
        "amenity": "place_of_worship",
        "denomination": "catholic",
        "name": "San Antonio Maria Claret Church",
        "religion": "christian",
        "@geometry": "center"
      },
      "geometry": {
        "type": "Point",
        "coordinates": [
          122.0664404,
          6.9139996
        ]
      },
      "id": "way/312878028"
    },
    {
      "type": "Feature",
      "properties": {
        "@id": "way/313354324",
        "addr:street": "Maria Clara L. Lobregat Highway",
        "alt_name": "Petro Gazz",
        "amenity": "fuel",
        "brand": "Gazz",
        "brand:wikidata": "Q7186949",
        "check_date": "2024-09-21",
        "name": "Gazz",
        "@geometry": "center"
      },
      "geometry": {
        "type": "Point",
        "coordinates": [
          122.0926328,
          6.9424964
        ]
      },
      "id": "way/313354324"
    },
    {
      "type": "Feature",
      "properties": {
        "@id": "way/313354427",
        "amenity": "fuel",
        "brand": "Star Oil",
        "name": "Zambo Staroil Veterans",
        "@geometry": "center"
      },
      "geometry": {
        "type": "Point",
        "coordinates": [
          122.0789288,
          6.9184635
        ]
      },
      "id": "way/313354427"
    },
    {
      "type": "Feature",
      "properties": {
        "@id": "way/315424767",
        "addr:barangay": "Pasonanca",
        "addr:city": "Zamboanga City",
        "addr:postcode": "7000",
        "addr:street": "Pasonanca Road",
        "admin_level": "10",
        "amenity": "townhall",
        "building": "public",
        "name": "Pasonanca Barangay Hall",
        "townhall:type": "barangay",
        "@geometry": "center"
      },
      "geometry": {
        "type": "Point",
        "coordinates": [
          122.0720346,
          6.9522767
        ]
      },
      "id": "way/315424767"
    },
    {
      "type": "Feature",
      "properties": {
        "@id": "way/315836882",
        "addr:city": "Zamboanga City",
        "addr:postcode": "7000",
        "addr:street": "Maria Clara L. Lobregat Highway",
        "addr:suburb": "Mercedes",
        "amenity": "clinic",
        "name": "Mancao Medical Clinic",
        "@geometry": "center"
      },
      "geometry": {
        "type": "Point",
        "coordinates": [
          122.1354135,
          6.9623514
        ]
      },
      "id": "way/315836882"
    },
    {
      "type": "Feature",
      "properties": {
        "@id": "way/316645944",
        "amenity": "place_of_worship",
        "building": "chapel",
        "denomination": "roman_catholic",
        "name": "Mampang Chapel",
        "operator": "Roman Catholic Archdiocese of Zamboanga",
        "religion": "christian",
        "@geometry": "center"
      },
      "geometry": {
        "type": "Point",
        "coordinates": [
          122.1483301,
          6.9187289
        ]
      },
      "id": "way/316645944"
    },
    {
      "type": "Feature",
      "properties": {
        "@id": "way/316645945",
        "FIXME": "need to confirm extent of this waterpark",
        "access": "public",
        "fee": "yes",
        "leisure": "water_park",
        "name": "Pasonanca Natural Swimming Pools",
        "operator": "Office of the City Administrator",
        "operator:type": "government",
        "owner": "city",
        "@geometry": "center"
      },
      "geometry": {
        "type": "Point",
        "coordinates": [
          122.0736593,
          6.9543702
        ]
      },
      "id": "way/316645945"
    },
    {
      "type": "Feature",
      "properties": {
        "@id": "way/317473449",
        "addr2:street": "La Purisima Street",
        "addr:street": "P. Brillantes Street",
        "amenity": "hospital",
        "capacity:beds": "15",
        "healthcare": "hospital",
        "healthcare:speciality": "maternity",
        "name": "Zamboanga City Puericulture Hospital",
        "ref": "DOH000000000004592",
        "@geometry": "center"
      },
      "geometry": {
        "type": "Point",
        "coordinates": [
          122.0758108,
          6.9073273
        ]
      },
      "id": "way/317473449"
    },
    {
      "type": "Feature",
      "properties": {
        "@id": "way/317501781",
        "addr:barangay": "Tigtabon",
        "addr:city": "Zamboanga City",
        "addr:postcode": "7000",
        "addr:province": "Zamboanga del Sur",
        "amenity": "school",
        "isced:level": "0;1",
        "name": "Tigtabon Elementary School",
        "operator": "Talon-Talon District of Zamboanga City Schools Division, DepEd",
        "operator:type": "government",
        "operator:wikidata": "Q3550346",
        "population:pupils": "980",
        "population:pupils:date": "2015",
        "ref": "126230",
        "start_date": "1975",
        "@geometry": "center"
      },
      "geometry": {
        "type": "Point",
        "coordinates": [
          122.1655032,
          6.8959617
        ]
      },
      "id": "way/317501781"
    },
    {
      "type": "Feature",
      "properties": {
        "@id": "way/317543507",
        "addr:barangay": "Pasilmanta",
        "addr:city": "Zamboanga City",
        "addr:postcode": "7000",
        "addr:province": "Zamboanga del Sur",
        "amenity": "school",
        "building": "yes",
        "fixme": "Improve feature when better sources become available",
        "isced:level": "0;1",
        "name": "Pasilmanta Elementary School",
        "operator": "Department of Education",
        "operator:short": "DepEd",
        "operator:type": "government",
        "operator:wikidata": "Q3550346",
        "ref": "126168",
        "@geometry": "center"
      },
      "geometry": {
        "type": "Point",
        "coordinates": [
          122.2772106,
          6.9893792
        ]
      },
      "id": "way/317543507"
    },
    {
      "type": "Feature",
      "properties": {
        "@id": "way/317543767",
        "FIXME": "Improve feature when better sources become available",
        "amenity": "place_of_worship",
        "building": "mosque",
        "religion": "muslim",
        "source:imagery": "DigitalGlobe",
        "@geometry": "center"
      },
      "geometry": {
        "type": "Point",
        "coordinates": [
          122.2807916,
          6.9781356
        ]
      },
      "id": "way/317543767"
    },
    {
      "type": "Feature",
      "properties": {
        "@id": "way/317624521",
        "addr:city": "Zamboanga City",
        "addr:postcode": "7000",
        "addr:province": "Zamboanga del Sur",
        "amenity": "school",
        "isced:level": "0;1",
        "name": "Tumalutab Elementary School",
        "operator": "Manicahan District of Zamboanga City Schools Division, DepEd",
        "operator:type": "government",
        "operator:wikidata": "Q3550346",
        "population:pupils": "423",
        "population:pupils:date": "2015",
        "ref": "126175",
        "start_date": "1990",
        "@geometry": "center"
      },
      "geometry": {
        "type": "Point",
        "coordinates": [
          122.3534548,
          6.9838708
        ]
      },
      "id": "way/317624521"
    },
    {
      "type": "Feature",
      "properties": {
        "@id": "way/317628036",
        "addr:barangay": "Tugbungan",
        "addr:city": "Zamboanga City",
        "addr:postcode": "7000",
        "addr:province": "Zamboanga del Sur",
        "amenity": "school",
        "isced:level": "0;1",
        "name": "Tugbungan Elementary School",
        "operator": "Tetuan District of Zamboanga City Schools Division, DepEd",
        "operator:type": "government",
        "operator:wikidata": "Q3550346",
        "population:pupils": "4329",
        "population:pupils:date": "2015",
        "ref": "126231",
        "specialized_education": "special_needs",
        "start_date": "1945",
        "@geometry": "center"
      },
      "geometry": {
        "type": "Point",
        "coordinates": [
          122.1041762,
          6.9188465
        ]
      },
      "id": "way/317628036"
    },
    {
      "type": "Feature",
      "properties": {
        "@id": "way/317628048",
        "building": "school",
        "leisure": "sports_centre",
        "sport": "multi",
        "@geometry": "center"
      },
      "geometry": {
        "type": "Point",
        "coordinates": [
          122.1040073,
          6.9185049
        ]
      },
      "id": "way/317628048"
    },
    {
      "type": "Feature",
      "properties": {
        "@id": "way/317632979",
        "addr:barangay": "Mercedes",
        "addr:city": "Zamboanga City",
        "addr:postcode": "7000",
        "addr:province": "Zamboanga del Sur",
        "amenity": "school",
        "isced:level": "0;1",
        "name": "Mulu-Muluan Elementary School",
        "operator": "Mercedes District of Zamboanga City Schools Division, DepEd",
        "operator:type": "government",
        "operator:wikidata": "Q3550346",
        "population:pupils": "460",
        "population:pupils:date": "2015",
        "ref": "126190",
        "start_date": "1973",
        "@geometry": "center"
      },
      "geometry": {
        "type": "Point",
        "coordinates": [
          122.154167,
          6.9345224
        ]
      },
      "id": "way/317632979"
    },
    {
      "type": "Feature",
      "properties": {
        "@id": "way/320471095",
        "amenity": "place_of_worship",
        "building": "yes",
        "name": "HB Homes Masjid",
        "religion": "muslim",
        "@geometry": "center"
      },
      "geometry": {
        "type": "Point",
        "coordinates": [
          122.0839211,
          6.9357672
        ]
      },
      "id": "way/320471095"
    },
    {
      "type": "Feature",
      "properties": {
        "@id": "way/347920739",
        "building": "roof",
        "layer": "1",
        "leisure": "sports_centre",
        "name": "Multi-Purpose Hall",
        "sport": "multi",
        "@geometry": "center"
      },
      "geometry": {
        "type": "Point",
        "coordinates": [
          122.0825753,
          6.9027295
        ]
      },
      "id": "way/347920739"
    },
    {
      "type": "Feature",
      "properties": {
        "@id": "way/347932941",
        "addr:barangay": "Guiwan",
        "addr:city": "Zamboanga City",
        "addr:postcode": "7000",
        "addr:province": "Zamboanga del Sur",
        "amenity": "school",
        "isced:level": "0;1",
        "name": "Guiwan Elementary School",
        "operator": "Tetuan District of Zamboanga City Schools Division, DepEd",
        "operator:type": "government",
        "operator:wikidata": "Q3550346",
        "population:pupils": "1271",
        "population:pupils:date": "2015",
        "ref": "126225",
        "start_date": "1975",
        "@geometry": "center"
      },
      "geometry": {
        "type": "Point",
        "coordinates": [
          122.0937799,
          6.9294766
        ]
      },
      "id": "way/347932941"
    },
    {
      "type": "Feature",
      "properties": {
        "@id": "way/347934708",
        "addr:barangay": "Lunzuran",
        "addr:city": "Zamboanga City",
        "addr:postcode": "7000",
        "addr:province": "Zamboanga del Sur",
        "amenity": "school",
        "isced:level": "0;1",
        "name": "Lunzuran Elementary School",
        "operator": "Putik District of Zamboanga City Schools Division, DepEd",
        "operator:type": "government",
        "operator:wikidata": "Q3550346",
        "population:pupils": "1242",
        "population:pupils:date": "2015",
        "ref": "126202",
        "start_date": "1966",
        "@geometry": "center"
      },
      "geometry": {
        "type": "Point",
        "coordinates": [
          122.0909735,
          6.959395
        ]
      },
      "id": "way/347934708"
    },
    {
      "type": "Feature",
      "properties": {
        "@id": "way/347936262",
        "addr:barangay": "Luyahan",
        "addr:city": "Zamboanga City",
        "addr:postcode": "7000",
        "addr:province": "Zamboanga del Sur",
        "amenity": "school",
        "isced:level": "0;1",
        "name": "Luyahan Elementary School",
        "operator": "Sta. Maria District of Zamboanga City Schools Division, DepEd",
        "operator:type": "government",
        "operator:wikidata": "Q3550346",
        "population:pupils": "1072",
        "population:pupils:date": "2015",
        "ref": "126215",
        "start_date": "1980",
        "@geometry": "center"
      },
      "geometry": {
        "type": "Point",
        "coordinates": [
          122.0798555,
          6.9510527
        ]
      },
      "id": "way/347936262"
    },
    {
      "type": "Feature",
      "properties": {
        "@id": "way/347941305",
        "addr:city": "Zamboanga City",
        "addr:postcode": "7000",
        "addr:village": "Mercedes",
        "building": "roof",
        "layer": "1",
        "leisure": "sports_centre",
        "name": "Multi-Purpose Covered Court",
        "sport": "multi",
        "@geometry": "center"
      },
      "geometry": {
        "type": "Point",
        "coordinates": [
          122.1453473,
          6.9600175
        ]
      },
      "id": "way/347941305"
    },
    {
      "type": "Feature",
      "properties": {
        "@id": "way/347947285",
        "building": "roof",
        "layer": "1",
        "leisure": "sports_hall",
        "sport": "multi",
        "@geometry": "center"
      },
      "geometry": {
        "type": "Point",
        "coordinates": [
          122.1306589,
          6.9735767
        ]
      },
      "id": "way/347947285"
    },
    {
      "type": "Feature",
      "properties": {
        "@id": "way/348060536",
        "addr:city": "Zamboanga City",
        "addr:neighbourhood": "Purok 2",
        "addr:postcode": "7000",
        "addr:province": "Zamboanga del Sur",
        "amenity": "school",
        "isced:level": "0;1",
        "name": "Cabatangan Elementary School",
        "operator": "Sta. Maria District of Zamboanga City Schools Division, DepEd",
        "operator:type": "government",
        "operator:wikidata": "Q3550346",
        "population:pupils": "878",
        "population:pupils:date": "2015",
        "ref": "126212",
        "start_date": "1950",
        "@geometry": "center"
      },
      "geometry": {
        "type": "Point",
        "coordinates": [
          122.0544696,
          6.9507813
        ]
      },
      "id": "way/348060536"
    },
    {
      "type": "Feature",
      "properties": {
        "@id": "way/348097976",
        "building": "roof",
        "community_centre": "events_place",
        "layer": "1",
        "leisure": "sports_hall",
        "sport": "multi",
        "@geometry": "center"
      },
      "geometry": {
        "type": "Point",
        "coordinates": [
          122.0998144,
          6.9438258
        ]
      },
      "id": "way/348097976"
    },
    {
      "type": "Feature",
      "properties": {
        "@id": "way/348102616",
        "addr:city": "Zamboanga City",
        "addr:postcode": "7000",
        "addr:province": "Zamboanga del Sur",
        "addr:street": "San Jose Gusu Road",
        "amenity": "school",
        "isced:level": "0;1",
        "name": "San Jose Gusu Elementary School",
        "operator": "Baliwasan District of Zamboanga City Schools Division, DepEd",
        "operator:type": "government",
        "operator:wikidata": "Q3550346",
        "population:pupils": "1962",
        "population:pupils:date": "2015",
        "ref": "126112",
        "start_date": "1939",
        "@geometry": "center"
      },
      "geometry": {
        "type": "Point",
        "coordinates": [
          122.0526392,
          6.9202114
        ]
      },
      "id": "way/348102616"
    },
    {
      "type": "Feature",
      "properties": {
        "@id": "way/348327289",
        "addr:barangay": "Talabaan",
        "addr:city": "Zamboanga City",
        "addr:neighbourhood": "Zone 5",
        "addr:postcode": "7000",
        "addr:province": "Zamboanga del Sur",
        "amenity": "school",
        "isced:level": "0;1",
        "name": "Talabaan Elementary School",
        "operator": "Mercedes District of Zamboanga City Schools Division, DepEd",
        "operator:type": "government",
        "operator:wikidata": "Q3550346",
        "population:pupils": "757",
        "population:pupils:date": "2015",
        "ref": "126193",
        "start_date": "1921",
        "@geometry": "center"
      },
      "geometry": {
        "type": "Point",
        "coordinates": [
          122.1758831,
          6.956794
        ]
      },
      "id": "way/348327289"
    },
    {
      "type": "Feature",
      "properties": {
        "@id": "way/348333940",
        "addr:city": "Zamboanga City",
        "addr:postcode": "7000",
        "addr:province": "Zamboanga del Sur",
        "addr:street": "Taupan Road",
        "amenity": "school",
        "isced:level": "0;1",
        "name": "John Spirig, Sr. Memorial Elementary School",
        "operator": "Baliwasan District of Zamboanga City Schools Division, DepEd",
        "operator:type": "government",
        "operator:wikidata": "Q3550346",
        "population:pupils": "1953",
        "population:pupils:date": "2015",
        "ref": "126110",
        "start_date": "1957",
        "@geometry": "center"
      },
      "geometry": {
        "type": "Point",
        "coordinates": [
          122.0474062,
          6.9153487
        ]
      },
      "id": "way/348333940"
    },
    {
      "type": "Feature",
      "properties": {
        "@id": "way/348339556",
        "addr:city": "Zamboanga City",
        "addr:neighbourhood": "Purok 8",
        "addr:place": "Recodo",
        "addr:postcode": "7000",
        "addr:province": "Zamboanga del Sur",
        "amenity": "school",
        "isced:level": "0;1",
        "name": "Recodo Elementary School",
        "operator": "Ayala District of Zamboanga City Schools Division, DepEd",
        "operator:type": "government",
        "operator:wikidata": "Q3550346",
        "population:pupils": "2885",
        "population:pupils:date": "2015",
        "ref": "126103",
        "start_date": "1958",
        "@geometry": "center"
      },
      "geometry": {
        "type": "Point",
        "coordinates": [
          121.9575692,
          6.9554672
        ]
      },
      "id": "way/348339556"
    },
    {
      "type": "Feature",
      "properties": {
        "@id": "way/348679532",
        "addr:city": "Zamboanga City",
        "addr:neighbourhood": "Canelar",
        "addr:postcode": "7000",
        "addr:province": "Zamboanga del Sur",
        "addr:street": "Triplet Road",
        "amenity": "school",
        "isced:level": "0;1",
        "name": "Canelar Elementary School",
        "operator": "Zamboanga Central District Zamboanga City Schools Division, DepEd",
        "operator:type": "government",
        "operator:wikidata": "Q3550346",
        "population:pupils": "2035",
        "population:pupils:date": "2015",
        "ref": "126260",
        "start_date": "1912",
        "@geometry": "center"
      },
      "geometry": {
        "type": "Point",
        "coordinates": [
          122.0691112,
          6.9155084
        ]
      },
      "id": "way/348679532"
    },
    {
      "type": "Feature",
      "properties": {
        "@id": "way/348685517",
        "addr:barangay": "Talisayan",
        "addr:city": "Zamboanga City",
        "addr:postcode": "7000",
        "addr:province": "Zamboanga del Sur",
        "addr:street": "Old Ayala-Talisayan Road",
        "amenity": "school",
        "isced:level": "0;1",
        "name": "Talisayan Elementary School",
        "operator": "Labuan District of Zamboanga City Schools Division, DepEd",
        "operator:type": "government",
        "operator:wikidata": "Q3550346",
        "population:pupils": "927",
        "population:pupils:date": "2015",
        "ref": "126150",
        "start_date": "1962",
        "@geometry": "center"
      },
      "geometry": {
        "type": "Point",
        "coordinates": [
          121.9297949,
          6.9852665
        ]
      },
      "id": "way/348685517"
    },
    {
      "type": "Feature",
      "properties": {
        "@id": "way/348685518",
        "addr:barangay": "Talisayan",
        "addr:city": "Zamboanga City",
        "addr:neighbourhood": "Purok 5",
        "addr:place": "Talisayan",
        "addr:postcode": "7000",
        "addr:province": "Zamboanga del Sur",
        "amenity": "school",
        "isced:level": "2;3",
        "name": "Talisayan National High School",
        "operator": "Labuan District of Zamboanga City Schools Division, DepEd",
        "operator:type": "government",
        "operator:wikidata": "Q3550346",
        "population:pupils": "910",
        "population:pupils:date": "2015",
        "ref": "303935",
        "start_date": "1993",
        "@geometry": "center"
      },
      "geometry": {
        "type": "Point",
        "coordinates": [
          121.9319481,
          6.9858249
        ]
      },
      "id": "way/348685518"
    },
    {
      "type": "Feature",
      "properties": {
        "@id": "way/348686953",
        "addr:barangay": "Patalon",
        "addr:city": "Zamboanga City",
        "addr:neighbourhood": "Balicacas",
        "addr:postcode": "7000",
        "addr:province": "Zamboanga del Sur",
        "addr:street": "Zamboanga City - Labuan - Limpapa Road",
        "amenity": "school",
        "isced:level": "0;1",
        "name": "Patalon Elementary School",
        "operator": "Labuan District of Zamboanga City Schools Division, DepEd",
        "operator:type": "government",
        "operator:wikidata": "Q3550346",
        "population:pupils": "1302",
        "population:pupils:date": "2015",
        "ref": "126146",
        "start_date": "1957",
        "@geometry": "center"
      },
      "geometry": {
        "type": "Point",
        "coordinates": [
          121.9106072,
          7.0512781
        ]
      },
      "id": "way/348686953"
    },
    {
      "type": "Feature",
      "properties": {
        "@id": "way/348692607",
        "addr:barangay": "Sinubong",
        "addr:city": "Zamboanga City",
        "addr:postcode": "7000",
        "addr:province": "Zamboanga del Sur",
        "amenity": "school",
        "isced:level": "2",
        "name": "Sinubong National High School",
        "operator": "Labuan District of Zamboanga City Schools Division, DepEd",
        "operator:type": "government",
        "operator:wikidata": "Q3550346",
        "population:pupils": "283",
        "population:pupils:date": "2015",
        "ref": "303925",
        "start_date": "1998",
        "@geometry": "center"
      },
      "geometry": {
        "type": "Point",
        "coordinates": [
          121.9211509,
          7.023202
        ]
      },
      "id": "way/348692607"
    },
    {
      "type": "Feature",
      "properties": {
        "@id": "way/348697744",
        "addr:city": "Zamboanga City",
        "addr:place": "Recodo",
        "addr:postcode": "7000",
        "addr:province": "Zamboanga del Sur",
        "amenity": "school",
        "barrier": "fence",
        "isced:level": "2;3",
        "name": "Recodo National High School",
        "operator": "Ayala District of Zamboanga City Schools Division, DepEd",
        "operator:type": "government",
        "operator:wikidata": "Q3550346",
        "population:pupils": "875",
        "population:pupils:date": "2015",
        "ref": "314805",
        "start_date": "2009",
        "@geometry": "center"
      },
      "geometry": {
        "type": "Point",
        "coordinates": [
          121.9653503,
          6.9558476
        ]
      },
      "id": "way/348697744"
    },
    {
      "type": "Feature",
      "properties": {
        "@id": "way/348697801",
        "addr:barangay": "Recodo",
        "addr:city": "Zamboanga City",
        "addr:postcode": "7000",
        "admin_level": "10",
        "amenity": "townhall",
        "building": "public",
        "building:levels": "2",
        "name": "Recodo Barangay Hall",
        "opening_hours": "24/7",
        "townhall:type": "barangay",
        "@geometry": "center"
      },
      "geometry": {
        "type": "Point",
        "coordinates": [
          121.9646645,
          6.9549703
        ]
      },
      "id": "way/348697801"
    },
    {
      "type": "Feature",
      "properties": {
        "@id": "way/350099630",
        "addr:city": "Zamboanga City",
        "addr:place": "Quiniput",
        "addr:postcode": "7000",
        "addr:province": "Zamboanga del Sur",
        "amenity": "school",
        "isced:level": "0;1",
        "name": "Cristino Paragas Memorial Elementary School",
        "operator": "Curuan District of Zamboanga City Schools Division, DepEd",
        "operator:type": "government",
        "operator:wikidata": "Q3550346",
        "population:pupils": "582",
        "population:pupils:date": "2015",
        "ref": "126120",
        "start_date": "1952",
        "@geometry": "center"
      },
      "geometry": {
        "type": "Point",
        "coordinates": [
          122.2185398,
          7.1832787
        ]
      },
      "id": "way/350099630"
    },
    {
      "type": "Feature",
      "properties": {
        "@id": "way/350212680",
        "addr:barangay": "Curuan",
        "addr:city": "Zamboanga City",
        "addr:place": "Poblacion",
        "addr:postcode": "7000",
        "addr:province": "Zamboanga del Sur",
        "amenity": "school",
        "isced:level": "0;1",
        "name": "Curuan Central School",
        "operator": "Curuan District of Zamboanga City Schools Division, DepEd",
        "operator:type": "government",
        "operator:wikidata": "Q3550346",
        "population:pupils": "1374",
        "population:pupils:date": "2015",
        "ref": "126121",
        "start_date": "1946",
        "@geometry": "center"
      },
      "geometry": {
        "type": "Point",
        "coordinates": [
          122.2336696,
          7.2062786
        ]
      },
      "id": "way/350212680"
    },
    {
      "type": "Feature",
      "properties": {
        "@id": "way/350236084",
        "building": "yes",
        "leisure": "sports_centre",
        "sport": "multi",
        "@geometry": "center"
      },
      "geometry": {
        "type": "Point",
        "coordinates": [
          122.2342515,
          7.2063088
        ]
      },
      "id": "way/350236084"
    },
    {
      "type": "Feature",
      "properties": {
        "@id": "way/350237768",
        "leisure": "pitch",
        "sport": "multi",
        "surface": "paved",
        "@geometry": "center"
      },
      "geometry": {
        "type": "Point",
        "coordinates": [
          122.233524,
          7.2064889
        ]
      },
      "id": "way/350237768"
    },
    {
      "type": "Feature",
      "properties": {
        "@id": "way/350238486",
        "addr:barangay": "Curuan",
        "addr:city": "Zamboanga City",
        "addr:neighbourhood": "Poblacion",
        "addr:postcode": "7000",
        "addr:province": "Zamboanga del Sur",
        "amenity": "school",
        "isced:level": "2;3",
        "name": "Curuan National High School",
        "operator": "Curuan District of Zamboanga City Schools Division, DepEd",
        "operator:type": "government",
        "operator:wikidata": "Q3550346",
        "population:pupils": "1588",
        "population:pupils:date": "2015",
        "ref": "303921",
        "start_date": "1966",
        "@geometry": "center"
      },
      "geometry": {
        "type": "Point",
        "coordinates": [
          122.2341957,
          7.2056197
        ]
      },
      "id": "way/350238486"
    },
    {
      "type": "Feature",
      "properties": {
        "@id": "way/350294896",
        "addr:barangay": "Curuan",
        "addr:city": "Zamboanga City",
        "addr:postcode": "7000",
        "amenity": "place_of_worship",
        "building": "yes",
        "denomination": "roman_catholic",
        "name": "San Estanislao de Kostka Parish Church",
        "religion": "christian",
        "@geometry": "center"
      },
      "geometry": {
        "type": "Point",
        "coordinates": [
          122.2322886,
          7.205125
        ]
      },
      "id": "way/350294896"
    },
    {
      "type": "Feature",
      "properties": {
        "@id": "way/359451299",
        "addr:barangay": "Talisayan",
        "addr:city": "Zamboanga City",
        "addr:district": "Talisayan District",
        "addr:postcode": "7000",
        "addr:street": "Old Ayala-Talisayan Road",
        "addr:village": "Talisayan",
        "admin_level": "10",
        "amenity": "townhall",
        "building": "civic",
        "name": "Bahay Pamahalaan ng Barangay Talisayan",
        "name:en": "Talisayan Barangay Hall",
        "name:tl": "Bahay Pamahalaan ng Barangay Talisayan",
        "townhall:type": "barangay",
        "@geometry": "center"
      },
      "geometry": {
        "type": "Point",
        "coordinates": [
          121.9297893,
          6.9876403
        ]
      },
      "id": "way/359451299"
    },
    {
      "type": "Feature",
      "properties": {
        "@id": "way/359451306",
        "addr:street": "Old Ayala-Talisayan Road",
        "addr:village": "Talisayan",
        "amenity": "place_of_worship",
        "building": "church",
        "fixme": "denomination",
        "name": "Talisayan Alliance Church",
        "religion": "christian",
        "@geometry": "center"
      },
      "geometry": {
        "type": "Point",
        "coordinates": [
          121.9295702,
          6.9869126
        ]
      },
      "id": "way/359451306"
    },
    {
      "type": "Feature",
      "properties": {
        "@id": "way/359451715",
        "leisure": "swimming_pool",
        "@geometry": "center"
      },
      "geometry": {
        "type": "Point",
        "coordinates": [
          121.927747,
          6.9900015
        ]
      },
      "id": "way/359451715"
    },
    {
      "type": "Feature",
      "properties": {
        "@id": "way/359451716",
        "leisure": "swimming_pool",
        "@geometry": "center"
      },
      "geometry": {
        "type": "Point",
        "coordinates": [
          121.92768,
          6.9902057
        ]
      },
      "id": "way/359451716"
    },
    {
      "type": "Feature",
      "properties": {
        "@id": "way/359451717",
        "leisure": "swimming_pool",
        "@geometry": "center"
      },
      "geometry": {
        "type": "Point",
        "coordinates": [
          121.9278606,
          6.989914
        ]
      },
      "id": "way/359451717"
    },
    {
      "type": "Feature",
      "properties": {
        "@id": "way/359451718",
        "leisure": "swimming_pool",
        "@geometry": "center"
      },
      "geometry": {
        "type": "Point",
        "coordinates": [
          121.9276127,
          6.9895752
        ]
      },
      "id": "way/359451718"
    },
    {
      "type": "Feature",
      "properties": {
        "@id": "way/359930562",
        "leisure": "beach_resort",
        "name": "La Vista del Mar Beach Resort",
        "tourism": "yes",
        "@geometry": "center"
      },
      "geometry": {
        "type": "Point",
        "coordinates": [
          122.0193796,
          6.924518
        ]
      },
      "id": "way/359930562"
    },
    {
      "type": "Feature",
      "properties": {
        "@id": "way/359930776",
        "amenity": "college",
        "name": "Ebenezer Bible College and Seminary",
        "@geometry": "center"
      },
      "geometry": {
        "type": "Point",
        "coordinates": [
          122.02408,
          6.9231847
        ]
      },
      "id": "way/359930776"
    },
    {
      "type": "Feature",
      "properties": {
        "@id": "way/359947844",
        "amenity": "fast_food",
        "branch": "San Jose",
        "building": "yes",
        "cuisine": "burger",
        "delivery": "yes",
        "name": "Jollibee",
        "smoking": "outside",
        "takeaway": "yes",
        "@geometry": "center"
      },
      "geometry": {
        "type": "Point",
        "coordinates": [
          122.0653922,
          6.9125386
        ]
      },
      "id": "way/359947844"
    },
    {
      "type": "Feature",
      "properties": {
        "@id": "way/381745722",
        "abbr": "ZamPen",
        "addr:barangay": "Putik",
        "addr:city": "Zamboanga City",
        "addr:postcode": "7000",
        "addr:street": "Maria Clara L. Lobregat Highway",
        "amenity": "hospital",
        "emergency": "yes",
        "name": "Zamboanga Peninsula Medical Center",
        "phone": "+63 062 991 3870",
        "short_name": "ZamPen Medical Center",
        "@geometry": "center"
      },
      "geometry": {
        "type": "Point",
        "coordinates": [
          122.0919803,
          6.939976
        ]
      },
      "id": "way/381745722"
    },
    {
      "type": "Feature",
      "properties": {
        "@id": "way/381746984",
        "access": "customers",
        "amenity": "parking",
        "parking": "surface",
        "@geometry": "center"
      },
      "geometry": {
        "type": "Point",
        "coordinates": [
          122.0915478,
          6.9398905
        ]
      },
      "id": "way/381746984"
    },
    {
      "type": "Feature",
      "properties": {
        "@id": "way/383273246",
        "addr:barangay": "Tetuan",
        "addr:city": "Zamboanga City",
        "addr:postcode": "7000",
        "addr:street": "Don A. V. Toribio Street",
        "amenity": "parking",
        "name": "LM Metro Parking Area",
        "operator": "LM Hotel",
        "park_ride": "no",
        "parking": "surface",
        "supervised": "yes",
        "surface": "concrete",
        "@geometry": "center"
      },
      "geometry": {
        "type": "Point",
        "coordinates": [
          122.0931784,
          6.9194705
        ]
      },
      "id": "way/383273246"
    },
    {
      "type": "Feature",
      "properties": {
        "@id": "way/388763937",
        "addr:barangay": "Camino Nuevo",
        "addr:city": "Zamboanga City",
        "addr:postcode": "7000",
        "addr:street": "Governor Camins Avenue",
        "brand": "Mitsubishi",
        "building": "yes",
        "name": "Zamboanga Motors. Inc. (Mitsubishi)",
        "phone": "+63 62 991 2250",
        "service": "repair;parts;tyres",
        "shop": "car",
        "wheelchair": "yes",
        "@geometry": "center"
      },
      "geometry": {
        "type": "Point",
        "coordinates": [
          122.0774473,
          6.9211082
        ]
      },
      "id": "way/388763937"
    },
    {
      "type": "Feature",
      "properties": {
        "@id": "way/388768637",
        "addr2:street": "Tomas Claudio Street",
        "addr:city": "Zamboanga City",
        "addr:postcode": "7000",
        "addr:quarter": "Zone III",
        "addr:street": "La Purisima Street",
        "building": "yes",
        "check_date": "2025-10-09",
        "internet_access": "wlan",
        "internet_access:fee": "customers",
        "level": "5",
        "name": "Ever O Business Hotel",
        "phone": "+6362 9551433",
        "tourism": "hotel",
        "@geometry": "center"
      },
      "geometry": {
        "type": "Point",
        "coordinates": [
          122.0764273,
          6.9070155
        ]
      },
      "id": "way/388768637"
    },
    {
      "type": "Feature",
      "properties": {
        "@id": "way/388770460",
        "addr:city": "Zamboanga",
        "addr:postcode": "7000",
        "addr:street": "Don Pablo Lorenzo",
        "addr:village": "Zone IV",
        "building": "yes",
        "level": "2",
        "name": "Mini Box",
        "shop": "clothes",
        "@geometry": "center"
      },
      "geometry": {
        "type": "Point",
        "coordinates": [
          122.0769078,
          6.9053949
        ]
      },
      "id": "way/388770460"
    },
    {
      "type": "Feature",
      "properties": {
        "@id": "way/388770787",
        "addr:city": "Zamboanga",
        "addr:postcode": "7000",
        "addr:street": "General Vicente Alvarez",
        "addr:village": "Zone IV",
        "building": "yes",
        "name": "SGS868 Marketing",
        "shop": "yes",
        "@geometry": "center"
      },
      "geometry": {
        "type": "Point",
        "coordinates": [
          122.0771642,
          6.9050273
        ]
      },
      "id": "way/388770787"
    },
    {
      "type": "Feature",
      "properties": {
        "@id": "way/388778758",
        "addr:barangay": "Tetuan",
        "addr:city": "Zamboanga City",
        "addr:postcode": "7000",
        "addr:street": "Maria Clara L. Lobregat Highway",
        "air_conditioning": "yes",
        "amenity": "fast_food",
        "branch": "Tetuan",
        "brand": "McDonald's",
        "brand:wikidata": "Q38076",
        "building": "yes",
        "cuisine": "burger",
        "drive_through": "yes",
        "name": "McDonald's",
        "payment:apple_pay": "yes",
        "payment:cash": "yes",
        "payment:contactless": "yes",
        "payment:credit_cards": "yes",
        "payment:debit_cards": "yes",
        "payment:gcash": "yes",
        "payment:google_pay": "yes",
        "payment:mastercard": "yes",
        "payment:maya": "yes",
        "payment:paymaya": "yes",
        "payment:visa": "yes",
        "service": "parts;tyres;battery",
        "takeaway": "yes",
        "wheelchair": "yes",
        "@geometry": "center"
      },
      "geometry": {
        "type": "Point",
        "coordinates": [
          122.0844081,
          6.9255605
        ]
      },
      "id": "way/388778758"
    },
    {
      "type": "Feature",
      "properties": {
        "@id": "way/388848859",
        "amenity": "pharmacy",
        "building": "yes",
        "check_date": "2024-09-21",
        "name": "Cecile's",
        "@geometry": "center"
      },
      "geometry": {
        "type": "Point",
        "coordinates": [
          122.0900997,
          6.9287812
        ]
      },
      "id": "way/388848859"
    },
    {
      "type": "Feature",
      "properties": {
        "@id": "way/388959360",
        "amenity": "parking",
        "operator": "West Metro Medical Center",
        "parking": "surface",
        "supervised": "yes",
        "surface": "gravel",
        "@geometry": "center"
      },
      "geometry": {
        "type": "Point",
        "coordinates": [
          122.0784462,
          6.9234826
        ]
      },
      "id": "way/388959360"
    },
    {
      "type": "Feature",
      "properties": {
        "@id": "way/389378209",
        "building": "yes",
        "shop": "yes",
        "@geometry": "center"
      },
      "geometry": {
        "type": "Point",
        "coordinates": [
          122.0773976,
          6.9050524
        ]
      },
      "id": "way/389378209"
    },
    {
      "type": "Feature",
      "properties": {
        "@id": "way/389379100",
        "amenity": "place_of_worship",
        "building": "yes",
        "denomination": "protestant",
        "name": "United Evangelical Church of Zamboanga",
        "religion": "christian",
        "@geometry": "center"
      },
      "geometry": {
        "type": "Point",
        "coordinates": [
          122.0776127,
          6.9079114
        ]
      },
      "id": "way/389379100"
    },
    {
      "type": "Feature",
      "properties": {
        "@id": "way/389725948",
        "addr:city": "Zamboanga",
        "addr:postcode": "7000",
        "amenity": "community_centre",
        "building": "yes",
        "name": "Centro Latino",
        "name:es": "Centro Latino",
        "operator": "City Government of Zamboanga",
        "operator:type": "government",
        "@geometry": "center"
      },
      "geometry": {
        "type": "Point",
        "coordinates": [
          122.0818894,
          6.9001236
        ]
      },
      "id": "way/389725948"
    },
    {
      "type": "Feature",
      "properties": {
        "@id": "way/390440509",
        "addr:city": "Zamboanga",
        "addr:postcode": "7000",
        "addr:street": "Governor Camins Avenue",
        "addr:village": "Canelar",
        "building": "yes",
        "name": "Hamilton Business Hotel",
        "tourism": "hotel",
        "@geometry": "center"
      },
      "geometry": {
        "type": "Point",
        "coordinates": [
          122.0706913,
          6.9203013
        ]
      },
      "id": "way/390440509"
    },
    {
      "type": "Feature",
      "properties": {
        "@id": "way/390441605",
        "building": "yes",
        "name": "LaTerraza Pension House & Cafe",
        "tourism": "motel",
        "@geometry": "center"
      },
      "geometry": {
        "type": "Point",
        "coordinates": [
          122.0713107,
          6.9203901
        ]
      },
      "id": "way/390441605"
    },
    {
      "type": "Feature",
      "properties": {
        "@id": "way/394903033",
        "addr:city": "Zamboanga",
        "addr:place": "Sand's Subdivision",
        "amenity": "place_of_worship",
        "building": "mosque",
        "name": "Dar Al-Heedaya Heider \"Green\" Mosque",
        "religion": "muslim",
        "@geometry": "center"
      },
      "geometry": {
        "type": "Point",
        "coordinates": [
          122.0937661,
          6.9407017
        ]
      },
      "id": "way/394903033"
    },
    {
      "type": "Feature",
      "properties": {
        "@id": "way/399330910",
        "amenity": "place_of_worship",
        "building": "mosque",
        "check_date": "2025-10-12",
        "name": "Masjid Hidaya",
        "religion": "muslim",
        "@geometry": "center"
      },
      "geometry": {
        "type": "Point",
        "coordinates": [
          122.0681111,
          6.8679927
        ]
      },
      "id": "way/399330910"
    },
    {
      "type": "Feature",
      "properties": {
        "@id": "way/399330928",
        "amenity": "school",
        "building": "school",
        "name": "Silsilah Elementary School",
        "@geometry": "center"
      },
      "geometry": {
        "type": "Point",
        "coordinates": [
          122.0677189,
          6.8677249
        ]
      },
      "id": "way/399330928"
    },
    {
      "type": "Feature",
      "properties": {
        "@id": "way/401723039",
        "leisure": "common",
        "@geometry": "center"
      },
      "geometry": {
        "type": "Point",
        "coordinates": [
          122.2401216,
          7.0973171
        ]
      },
      "id": "way/401723039"
    },
    {
      "type": "Feature",
      "properties": {
        "@id": "way/425270799",
        "addr:city": "Zamboanga City",
        "addr:postcode": "7000",
        "addr:street": "Pasonanca Road",
        "building": "yes",
        "name": "Parque de Cencia de Zamboanga",
        "operator": "Office of the City Mayor",
        "tourism": "museum",
        "@geometry": "center"
      },
      "geometry": {
        "type": "Point",
        "coordinates": [
          122.0718653,
          6.9543222
        ]
      },
      "id": "way/425270799"
    },
    {
      "type": "Feature",
      "properties": {
        "@id": "way/425272727",
        "amenity": "toilets",
        "building": "yes",
        "@geometry": "center"
      },
      "geometry": {
        "type": "Point",
        "coordinates": [
          122.0716066,
          6.9536843
        ]
      },
      "id": "way/425272727"
    },
    {
      "type": "Feature",
      "properties": {
        "@id": "way/425272730",
        "amenity": "bar",
        "building": "yes",
        "@geometry": "center"
      },
      "geometry": {
        "type": "Point",
        "coordinates": [
          122.0716284,
          6.9538587
        ]
      },
      "id": "way/425272730"
    },
    {
      "type": "Feature",
      "properties": {
        "@id": "way/425272732",
        "amenity": "bar",
        "building": "yes",
        "@geometry": "center"
      },
      "geometry": {
        "type": "Point",
        "coordinates": [
          122.0716372,
          6.9540185
        ]
      },
      "id": "way/425272732"
    },
    {
      "type": "Feature",
      "properties": {
        "@id": "way/425273126",
        "amenity": "bar",
        "building": "yes",
        "@geometry": "center"
      },
      "geometry": {
        "type": "Point",
        "coordinates": [
          122.0716586,
          6.9542053
        ]
      },
      "id": "way/425273126"
    },
    {
      "type": "Feature",
      "properties": {
        "@id": "way/425273128",
        "amenity": "bar",
        "building": "yes",
        "@geometry": "center"
      },
      "geometry": {
        "type": "Point",
        "coordinates": [
          122.0716972,
          6.9543599
        ]
      },
      "id": "way/425273128"
    },
    {
      "type": "Feature",
      "properties": {
        "@id": "way/425273502",
        "amenity": "bar",
        "building": "yes",
        "@geometry": "center"
      },
      "geometry": {
        "type": "Point",
        "coordinates": [
          122.0717872,
          6.9544889
        ]
      },
      "id": "way/425273502"
    },
    {
      "type": "Feature",
      "properties": {
        "@id": "way/425273503",
        "amenity": "bar",
        "building": "yes",
        "@geometry": "center"
      },
      "geometry": {
        "type": "Point",
        "coordinates": [
          122.0719096,
          6.9546085
        ]
      },
      "id": "way/425273503"
    },
    {
      "type": "Feature",
      "properties": {
        "@id": "way/425277634",
        "leisure": "pitch",
        "sport": "tennis",
        "@geometry": "center"
      },
      "geometry": {
        "type": "Point",
        "coordinates": [
          122.0767545,
          6.931207
        ]
      },
      "id": "way/425277634"
    },
    {
      "type": "Feature",
      "properties": {
        "@id": "way/425279635",
        "addr:barangay": "Santa Maria",
        "addr:city": "Zamboanga City",
        "addr:postcode": "7000",
        "addr:street": "Gov. Ramos Avenue",
        "amenity": "police",
        "building": "yes",
        "name": "Community Police Assistance Center",
        "operator": "Philippine National Police",
        "@geometry": "center"
      },
      "geometry": {
        "type": "Point",
        "coordinates": [
          122.0694276,
          6.9311554
        ]
      },
      "id": "way/425279635"
    },
    {
      "type": "Feature",
      "properties": {
        "@id": "way/428365272",
        "addr:barangay": "Zone IV",
        "addr:city": "Zamboanga City",
        "addr:postcode": "7000",
        "addr:street": "General Vicente Alvarez",
        "admin_level": "10",
        "amenity": "townhall",
        "building": "public",
        "building:levels": "2",
        "name": "Zone IV Barangay Hall",
        "opening_hours": "24/7",
        "townhall:type": "barangay",
        "@geometry": "center"
      },
      "geometry": {
        "type": "Point",
        "coordinates": [
          122.0805506,
          6.9033035
        ]
      },
      "id": "way/428365272"
    },
    {
      "type": "Feature",
      "properties": {
        "@id": "way/435545550",
        "addr:street": "San Jose Road",
        "amenity": "place_of_worship",
        "building": "yes",
        "denomination": "jehovahs_witness",
        "name": "Kingdom Hall of Jehovah's Witnesses",
        "religion": "christian",
        "@geometry": "center"
      },
      "geometry": {
        "type": "Point",
        "coordinates": [
          122.0580416,
          6.9168868
        ]
      },
      "id": "way/435545550"
    },
    {
      "type": "Feature",
      "properties": {
        "@id": "way/435551271",
        "addr:city": "Zamboanga",
        "addr:postcode": "7000",
        "addr:street": "Mayor M. S. Jaldon Street",
        "amenity": "fast_food",
        "building": "retail",
        "cuisine": "filipino",
        "name": "Amigos and Amigas",
        "source": "Schadow1 Expeditions",
        "@geometry": "center"
      },
      "geometry": {
        "type": "Point",
        "coordinates": [
          122.0722295,
          6.9198941
        ]
      },
      "id": "way/435551271"
    },
    {
      "type": "Feature",
      "properties": {
        "@id": "way/435554934",
        "amenity": "place_of_worship",
        "building": "chapel",
        "denomination": "roman_catholic",
        "name": "Dominican Sisters Chapel",
        "religion": "christian",
        "@geometry": "center"
      },
      "geometry": {
        "type": "Point",
        "coordinates": [
          122.0557518,
          6.9194329
        ]
      },
      "id": "way/435554934"
    },
    {
      "type": "Feature",
      "properties": {
        "@id": "way/435554963",
        "amenity": "monastery",
        "building": "yes",
        "monastery:type": "convent",
        "operator": "Dominican Sisters of the Rosary",
        "@geometry": "center"
      },
      "geometry": {
        "type": "Point",
        "coordinates": [
          122.0556414,
          6.9194035
        ]
      },
      "id": "way/435554963"
    },
    {
      "type": "Feature",
      "properties": {
        "@id": "way/435561267",
        "addr:street": "Governor Lim Avenue",
        "alt_name": "The Generics Pharmacy",
        "amenity": "pharmacy",
        "brand": "The Generics Pharmacy",
        "brand:wikidata": "Q61948677",
        "building": "yes",
        "healthcare": "pharmacy",
        "name": "TGP",
        "name:abbr": "TGP",
        "official_name": "The Generics Pharmacy",
        "@geometry": "center"
      },
      "geometry": {
        "type": "Point",
        "coordinates": [
          122.0800845,
          6.9076462
        ]
      },
      "id": "way/435561267"
    },
    {
      "type": "Feature",
      "properties": {
        "@id": "way/440424852",
        "amenity": "fuel",
        "name": "LPG",
        "@geometry": "center"
      },
      "geometry": {
        "type": "Point",
        "coordinates": [
          122.0781004,
          6.9316722
        ]
      },
      "id": "way/440424852"
    },
    {
      "type": "Feature",
      "properties": {
        "@id": "way/440874701",
        "amenity": "place_of_worship",
        "building": "residential",
        "name": "Grace Gospel of Christ",
        "religion": "christian",
        "@geometry": "center"
      },
      "geometry": {
        "type": "Point",
        "coordinates": [
          122.0969566,
          6.9332882
        ]
      },
      "id": "way/440874701"
    },
    {
      "type": "Feature",
      "properties": {
        "@id": "way/440874784",
        "amenity": "place_of_worship",
        "building": "residential",
        "name": "Holy Place International Ministry Inc.",
        "religion": "christian",
        "@geometry": "center"
      },
      "geometry": {
        "type": "Point",
        "coordinates": [
          122.0972201,
          6.9328078
        ]
      },
      "id": "way/440874784"
    },
    {
      "type": "Feature",
      "properties": {
        "@id": "way/440880080",
        "addr:barangay": "Guiwan",
        "addr:city": "Zamboanga City",
        "addr:postcode": "7000",
        "amenity": "fast_food",
        "brand": "McDonald's",
        "brand:wikidata": "Q38076",
        "brand:wikipedia:es": "McDonald's",
        "building": "retail",
        "check_date": "2024-09-20",
        "cuisine": "burger",
        "delivery": "yes",
        "drive_through": "yes",
        "name": "McDonald's",
        "name:ar": "مكدونالدز",
        "name:en": "McDonald's",
        "name:es": "McDonald's",
        "name:ko": "디몰 맥도날드",
        "name:ru": "Макдональдс",
        "takeaway": "yes",
        "@geometry": "center"
      },
      "geometry": {
        "type": "Point",
        "coordinates": [
          122.0900664,
          6.9309849
        ]
      },
      "id": "way/440880080"
    },
    {
      "type": "Feature",
      "properties": {
        "@id": "way/450689070",
        "addr:place": "Southcom Village",
        "amenity": "place_of_worship",
        "building": "church",
        "name": "Peñafrancia Church",
        "religion": "christian",
        "@geometry": "center"
      },
      "geometry": {
        "type": "Point",
        "coordinates": [
          122.0426135,
          6.9231104
        ]
      },
      "id": "way/450689070"
    },
    {
      "type": "Feature",
      "properties": {
        "@id": "way/477230036",
        "addr:city": "Zamboanga",
        "addr:postcode": "7000",
        "addr:street": "Campaner Street",
        "addr:village": "Zone Ⅱ",
        "building": "retail",
        "name": "Unitop",
        "official_name": "Unitop General Merchandise, Incorporated",
        "previously": "n3919422225",
        "shop": "department_store",
        "@geometry": "center"
      },
      "geometry": {
        "type": "Point",
        "coordinates": [
          122.0751145,
          6.9085837
        ]
      },
      "id": "way/477230036"
    },
    {
      "type": "Feature",
      "properties": {
        "@id": "way/477239134",
        "addr:city": "Zamboanga City",
        "addr:housenumber": "241",
        "addr:postcode": "7000",
        "addr:street": "Mayor M.S. Jaldon Street",
        "air_conditioning": "yes",
        "amenity": "place_of_worship",
        "building": "yes",
        "denomination": "evangelical",
        "email": "zcaec.camacop@gmail.com",
        "internet_access": "no",
        "name": "Zamboanga City Alliance Evangelical Church",
        "phone": "+63 62 991 3919",
        "religion": "christian",
        "service_times": "Su 6:30,8:00,10:00,16:00,18:00 We 18:00",
        "wheelchair": "yes",
        "@geometry": "center"
      },
      "geometry": {
        "type": "Point",
        "coordinates": [
          122.0731057,
          6.9126873
        ]
      },
      "id": "way/477239134"
    },
    {
      "type": "Feature",
      "properties": {
        "@id": "way/477239135",
        "addr:barangay": "Canelar",
        "addr:city": "Zamboanga City",
        "addr:postcode": "7000",
        "addr:street": "Mayor M.S. Jaldon Street",
        "amenity": "place_of_worship",
        "building": "church",
        "denomination": "iglesia_ni_cristo",
        "name": "Iglesia ni Cristo",
        "religion": "christian",
        "short_name": "INC",
        "@geometry": "center"
      },
      "geometry": {
        "type": "Point",
        "coordinates": [
          122.0730376,
          6.9122757
        ]
      },
      "id": "way/477239135"
    },
    {
      "type": "Feature",
      "properties": {
        "@id": "way/477243464",
        "building": "roof",
        "layer": "1",
        "leisure": "sports_hall",
        "sport": "multi",
        "@geometry": "center"
      },
      "geometry": {
        "type": "Point",
        "coordinates": [
          122.0432397,
          6.9333756
        ]
      },
      "id": "way/477243464"
    },
    {
      "type": "Feature",
      "properties": {
        "@id": "way/477243851",
        "addr:city": "Zamboanga",
        "addr:place": "Armor Village",
        "building": "roof",
        "community_centre": "events_place",
        "layer": "1",
        "leisure": "sports_hall",
        "sport": "multi",
        "@geometry": "center"
      },
      "geometry": {
        "type": "Point",
        "coordinates": [
          122.0495679,
          6.924784
        ]
      },
      "id": "way/477243851"
    },
    {
      "type": "Feature",
      "properties": {
        "@id": "way/477246161",
        "building": "yes",
        "leisure": "pitch",
        "name": "Alexandra cockpit",
        "sport": "cockfighting",
        "@geometry": "center"
      },
      "geometry": {
        "type": "Point",
        "coordinates": [
          122.0792809,
          6.945731
        ]
      },
      "id": "way/477246161"
    },
    {
      "type": "Feature",
      "properties": {
        "@id": "way/477246162",
        "leisure": "pitch",
        "sport": "basketball",
        "@geometry": "center"
      },
      "geometry": {
        "type": "Point",
        "coordinates": [
          122.0850626,
          6.9465639
        ]
      },
      "id": "way/477246162"
    },
    {
      "type": "Feature",
      "properties": {
        "@id": "way/477246170",
        "amenity": "school",
        "building": "school",
        "education_program": "specialized_education",
        "name": "Special Education Center",
        "operator": "government",
        "special_needs:asd": "yes",
        "specialized_education": "special_needs",
        "@geometry": "center"
      },
      "geometry": {
        "type": "Point",
        "coordinates": [
          122.0792235,
          6.9362048
        ]
      },
      "id": "way/477246170"
    },
    {
      "type": "Feature",
      "properties": {
        "@id": "way/477294132",
        "building": "roof",
        "layer": "1",
        "leisure": "sports_hall",
        "sport": "multi",
        "@geometry": "center"
      },
      "geometry": {
        "type": "Point",
        "coordinates": [
          122.0748938,
          6.9323093
        ]
      },
      "id": "way/477294132"
    },
    {
      "type": "Feature",
      "properties": {
        "@id": "way/483141945",
        "addr:city": "Zamboanga City",
        "addr:country": "PH",
        "addr:place": "San Ramon",
        "addr:postcode": "7000",
        "addr:village": "Talisayan",
        "amenity": "place_of_worship",
        "building": "chapel",
        "building:levels": "1",
        "fixme": "name",
        "@geometry": "center"
      },
      "geometry": {
        "type": "Point",
        "coordinates": [
          121.922525,
          6.9952356
        ]
      },
      "id": "way/483141945"
    },
    {
      "type": "Feature",
      "properties": {
        "@id": "way/501115937",
        "addr:barangay": "Culianan",
        "amenity": "restaurant",
        "building": "yes",
        "cuisine": "regional",
        "name": "Ester Pata House",
        "@geometry": "center"
      },
      "geometry": {
        "type": "Point",
        "coordinates": [
          122.1443216,
          6.9676807
        ]
      },
      "id": "way/501115937"
    },
    {
      "type": "Feature",
      "properties": {
        "@id": "way/517126286",
        "addr:city": "Zamboanga City",
        "historic": "memorial",
        "memorial": "war_memorial",
        "@geometry": "center"
      },
      "geometry": {
        "type": "Point",
        "coordinates": [
          122.0136746,
          6.9274771
        ]
      },
      "id": "way/517126286"
    },
    {
      "type": "Feature",
      "properties": {
        "@id": "way/540900564",
        "amenity": "grave_yard",
        "landuse": "cemetery",
        "@geometry": "center"
      },
      "geometry": {
        "type": "Point",
        "coordinates": [
          121.9287278,
          6.9858944
        ]
      },
      "id": "way/540900564"
    },
    {
      "type": "Feature",
      "properties": {
        "@id": "way/540900568",
        "leisure": "pitch",
        "sport": "basketball",
        "@geometry": "center"
      },
      "geometry": {
        "type": "Point",
        "coordinates": [
          121.9222309,
          6.9929626
        ]
      },
      "id": "way/540900568"
    },
    {
      "type": "Feature",
      "properties": {
        "@id": "way/540922971",
        "leisure": "park",
        "@geometry": "center"
      },
      "geometry": {
        "type": "Point",
        "coordinates": [
          121.921833,
          6.9943438
        ]
      },
      "id": "way/540922971"
    },
    {
      "type": "Feature",
      "properties": {
        "@id": "way/540922972",
        "historic": "memorial",
        "memorial": "obelisk",
        "subject:wikidata": "Q28927626",
        "@geometry": "center"
      },
      "geometry": {
        "type": "Point",
        "coordinates": [
          121.9218928,
          6.9939649
        ]
      },
      "id": "way/540922972"
    },
    {
      "type": "Feature",
      "properties": {
        "@id": "way/540938483",
        "building": "roof",
        "layer": "1",
        "leisure": "sports_centre",
        "sport": "basketball",
        "@geometry": "center"
      },
      "geometry": {
        "type": "Point",
        "coordinates": [
          121.9316883,
          6.9851936
        ]
      },
      "id": "way/540938483"
    },
    {
      "type": "Feature",
      "properties": {
        "@id": "way/541278180",
        "addr:street": "Old Ayala-Talisayan Road",
        "amenity": "place_of_worship",
        "building": "chapel",
        "denomination": "roman_catholic",
        "name": "San Vicente Ferrer Chapel",
        "religion": "christian",
        "@geometry": "center"
      },
      "geometry": {
        "type": "Point",
        "coordinates": [
          121.9306071,
          6.9828452
        ]
      },
      "id": "way/541278180"
    },
    {
      "type": "Feature",
      "properties": {
        "@id": "way/607588860",
        "hoops": "2",
        "leisure": "pitch",
        "sport": "basketball",
        "@geometry": "center"
      },
      "geometry": {
        "type": "Point",
        "coordinates": [
          122.13494,
          6.9367492
        ]
      },
      "id": "way/607588860"
    },
    {
      "type": "Feature",
      "properties": {
        "@id": "way/607588936",
        "hoops": "2",
        "leisure": "pitch",
        "sport": "basketball",
        "@geometry": "center"
      },
      "geometry": {
        "type": "Point",
        "coordinates": [
          122.1298561,
          6.9536463
        ]
      },
      "id": "way/607588936"
    },
    {
      "type": "Feature",
      "properties": {
        "@id": "way/607625825",
        "addr:barangay": "Tulungatung",
        "addr:city": "Zamboanga City",
        "addr:place": "Zone 5",
        "addr:postcode": "7000",
        "addr:province": "Zamboanga del Sur",
        "amenity": "school",
        "isced:level": "0;1",
        "name": "Tulungatung Elementary School",
        "operator": "Ayala District of Zamboanga City Schools Division, DepEd",
        "operator:type": "government",
        "operator:wikidata": "Q3550346",
        "population:pupils": "1553",
        "population:pupils:date": "2015",
        "ref": "126106",
        "start_date": "1918",
        "@geometry": "center"
      },
      "geometry": {
        "type": "Point",
        "coordinates": [
          121.9595437,
          6.9723499
        ]
      },
      "id": "way/607625825"
    },
    {
      "type": "Feature",
      "properties": {
        "@id": "way/607634767",
        "addr:city": "Zamboanga City",
        "addr:postcode": "7000",
        "addr:street": "Don Alfaro Street",
        "addr:village": "Tetuan",
        "landuse": "retail",
        "name": "Citimall",
        "shop": "mall",
        "@geometry": "center"
      },
      "geometry": {
        "type": "Point",
        "coordinates": [
          122.0827857,
          6.9139535
        ]
      },
      "id": "way/607634767"
    },
    {
      "type": "Feature",
      "properties": {
        "@id": "way/607657649",
        "addr:city": "Zamboanga City",
        "addr:postcode": "7000",
        "addr:street": "Don Alfaro Street",
        "addr:village": "Tetuan",
        "landuse": "retail",
        "name": "Yubengco Starmall",
        "shop": "mall",
        "@geometry": "center"
      },
      "geometry": {
        "type": "Point",
        "coordinates": [
          122.0906058,
          6.9153003
        ]
      },
      "id": "way/607657649"
    },
    {
      "type": "Feature",
      "properties": {
        "@id": "way/607660018",
        "amenity": "toilets",
        "building": "yes",
        "@geometry": "center"
      },
      "geometry": {
        "type": "Point",
        "coordinates": [
          122.1075019,
          6.9511806
        ]
      },
      "id": "way/607660018"
    },
    {
      "type": "Feature",
      "properties": {
        "@id": "way/612106398",
        "leisure": "pitch",
        "sport": "tennis",
        "@geometry": "center"
      },
      "geometry": {
        "type": "Point",
        "coordinates": [
          122.0702036,
          6.9058698
        ]
      },
      "id": "way/612106398"
    },
    {
      "type": "Feature",
      "properties": {
        "@id": "way/653838736",
        "addr:city": "Zamboanga City",
        "addr:postcode": "7000",
        "addr:street": "Evangelista Street",
        "addr:suburb": "Santa Catalina",
        "admin_level": "10",
        "amenity": "townhall",
        "building": "civic",
        "name": "Santa Catalina Barangay Hall",
        "townhall:type": "barangay",
        "@geometry": "center"
      },
      "geometry": {
        "type": "Point",
        "coordinates": [
          122.0868919,
          6.9090607
        ]
      },
      "id": "way/653838736"
    },
    {
      "type": "Feature",
      "properties": {
        "@id": "way/654501271",
        "leisure": "swimming_pool",
        "@geometry": "center"
      },
      "geometry": {
        "type": "Point",
        "coordinates": [
          122.1276234,
          6.9712937
        ]
      },
      "id": "way/654501271"
    },
    {
      "type": "Feature",
      "properties": {
        "@id": "way/661124043",
        "amenity": "toilets",
        "building": "yes",
        "@geometry": "center"
      },
      "geometry": {
        "type": "Point",
        "coordinates": [
          122.0584998,
          6.8720938
        ]
      },
      "id": "way/661124043"
    },
    {
      "type": "Feature",
      "properties": {
        "@id": "way/661128589",
        "brand": "Residence Inn",
        "brand:wikidata": "Q7315394",
        "building": "yes",
        "name": "Residence Inn (Birthday_Venue)",
        "official_name": "Residence Inn by Marriott",
        "tourism": "hotel",
        "@geometry": "center"
      },
      "geometry": {
        "type": "Point",
        "coordinates": [
          122.0812671,
          6.9044956
        ]
      },
      "id": "way/661128589"
    },
    {
      "type": "Feature",
      "properties": {
        "@id": "way/661128632",
        "brand": "7-Eleven",
        "brand:wikidata": "Q259340",
        "building": "yes",
        "description": "Planned",
        "name": "7-Eleven",
        "shop": "convenience",
        "@geometry": "center"
      },
      "geometry": {
        "type": "Point",
        "coordinates": [
          122.0813362,
          6.9045164
        ]
      },
      "id": "way/661128632"
    },
    {
      "type": "Feature",
      "properties": {
        "@id": "way/663441816",
        "addr:city": "Zamboanga City",
        "addr:postcode": "7000",
        "addr:province": "Zamboanga del Sur",
        "addr:street": "Don Alfaro Street",
        "amenity": "fuel",
        "brand": "SEAOIL",
        "building": "roof",
        "building:levels": "1",
        "building:use": "retail",
        "layer": "1",
        "name": "SEAOIL - Don Alfaro",
        "not:brand:wikidata": "Q7389549",
        "operator": "Seaoil Philippines, Inc.",
        "roof:shape": "flat",
        "self_service": "no",
        "@geometry": "center"
      },
      "geometry": {
        "type": "Point",
        "coordinates": [
          122.0836466,
          6.9148851
        ]
      },
      "id": "way/663441816"
    },
    {
      "type": "Feature",
      "properties": {
        "@id": "way/663441831",
        "addr:city": "Zamboanga City",
        "addr:postcode": "7000",
        "addr:province": "Zamboanga del Sur",
        "addr:street": "Don Alfaro Street",
        "building": "roof",
        "name": "Galvez Fruitstand",
        "shop": "farm",
        "@geometry": "center"
      },
      "geometry": {
        "type": "Point",
        "coordinates": [
          122.0828161,
          6.9147526
        ]
      },
      "id": "way/663441831"
    },
    {
      "type": "Feature",
      "properties": {
        "@id": "way/664356221",
        "addr:barangay": "Manalipa",
        "addr:city": "Zamboanga City",
        "addr:place": "Sitio Panganak",
        "addr:postcode": "7000",
        "addr:province": "Zamboanga del Sur",
        "amenity": "school",
        "isced:level": "0;1",
        "name": "Panganak Elementary School",
        "operator": "Talon-Talon District of Zamboanga City Schools Division, DepEd",
        "operator:type": "government",
        "operator:wikidata": "Q3550346",
        "population:pupils": "139",
        "population:pupils:date": "2015",
        "ref": "126167",
        "start_date": "2000",
        "@geometry": "center"
      },
      "geometry": {
        "type": "Point",
        "coordinates": [
          122.2915745,
          6.8818961
        ]
      },
      "id": "way/664356221"
    },
    {
      "type": "Feature",
      "properties": {
        "@id": "way/664356227",
        "leisure": "pitch",
        "sport": "basketball",
        "@geometry": "center"
      },
      "geometry": {
        "type": "Point",
        "coordinates": [
          122.2733072,
          6.8910692
        ]
      },
      "id": "way/664356227"
    },
    {
      "type": "Feature",
      "properties": {
        "@id": "way/679001935",
        "addr:barangay": "Vitali",
        "addr:city": "Zamboanga City",
        "addr:place": "Taloptap",
        "addr:postcode": "7000",
        "addr:province": "Zamboanga del Sur",
        "amenity": "school",
        "isced:level": "0;1",
        "name": "Taloptap Elementary School",
        "operator": "Vitali District of Zamboanga City Schools Division, DepEd",
        "operator:type": "government",
        "operator:wikidata": "Q3550346",
        "population:pupils": "371",
        "population:pupils:date": "2015",
        "ref": "126251",
        "start_date": "1959",
        "@geometry": "center"
      },
      "geometry": {
        "type": "Point",
        "coordinates": [
          122.3042865,
          7.3900656
        ]
      },
      "id": "way/679001935"
    },
    {
      "type": "Feature",
      "properties": {
        "@id": "way/679001942",
        "addr:barangay": "Mangusu",
        "addr:city": "Zamboanga City",
        "addr:postcode": "7000",
        "addr:province": "Zamboanga del Sur",
        "addr:street": "Maria Clara Lobregat Highway",
        "amenity": "school",
        "isced:level": "0;1;2;3",
        "name": "Mangusu Integrated School",
        "old_name": "Mangusu Elementary School",
        "old_ref": "126239;314806",
        "operator": "Vitali District of Zamboanga City Schools Division, DepEd",
        "operator:type": "government",
        "operator:wikidata": "Q3550346",
        "ref": "500244",
        "start_date": "1994",
        "@geometry": "center"
      },
      "geometry": {
        "type": "Point",
        "coordinates": [
          122.2835099,
          7.3516444
        ]
      },
      "id": "way/679001942"
    },
    {
      "type": "Feature",
      "properties": {
        "@id": "way/688795772",
        "leisure": "pitch",
        "sport": "tennis",
        "@geometry": "center"
      },
      "geometry": {
        "type": "Point",
        "coordinates": [
          122.0804166,
          6.9031321
        ]
      },
      "id": "way/688795772"
    },
    {
      "type": "Feature",
      "properties": {
        "@id": "way/688795773",
        "leisure": "pitch",
        "sport": "tennis",
        "@geometry": "center"
      },
      "geometry": {
        "type": "Point",
        "coordinates": [
          122.0802965,
          6.9031942
        ]
      },
      "id": "way/688795773"
    },
    {
      "type": "Feature",
      "properties": {
        "@id": "way/688795774",
        "leisure": "pitch",
        "sport": "tennis",
        "@geometry": "center"
      },
      "geometry": {
        "type": "Point",
        "coordinates": [
          122.0801668,
          6.9032473
        ]
      },
      "id": "way/688795774"
    },
    {
      "type": "Feature",
      "properties": {
        "@id": "way/688795775",
        "leisure": "pitch",
        "sport": "tennis",
        "@geometry": "center"
      },
      "geometry": {
        "type": "Point",
        "coordinates": [
          122.0800491,
          6.903321
        ]
      },
      "id": "way/688795775"
    },
    {
      "type": "Feature",
      "properties": {
        "@id": "way/690352887",
        "amenity": "parking",
        "@geometry": "center"
      },
      "geometry": {
        "type": "Point",
        "coordinates": [
          122.2030352,
          7.0668044
        ]
      },
      "id": "way/690352887"
    },
    {
      "type": "Feature",
      "properties": {
        "@id": "way/691133390",
        "amenity": "place_of_worship",
        "building": "yes",
        "name": "Masjid Al Janna",
        "name:es": "Mezquita La Yanna",
        "religion": "muslim",
        "@geometry": "center"
      },
      "geometry": {
        "type": "Point",
        "coordinates": [
          122.0740186,
          6.9350167
        ]
      },
      "id": "way/691133390"
    },
    {
      "type": "Feature",
      "properties": {
        "@id": "way/691133399",
        "leisure": "pitch",
        "sport": "basketball",
        "@geometry": "center"
      },
      "geometry": {
        "type": "Point",
        "coordinates": [
          122.071467,
          6.9387846
        ]
      },
      "id": "way/691133399"
    },
    {
      "type": "Feature",
      "properties": {
        "@id": "way/691133405",
        "addr:street": "Gumamela Street",
        "amenity": "place_of_worship",
        "building": "chapel",
        "denomination": "roman_catholic",
        "name": "Villa Santa Maria Chapel",
        "religion": "christian",
        "@geometry": "center"
      },
      "geometry": {
        "type": "Point",
        "coordinates": [
          122.0740717,
          6.9365379
        ]
      },
      "id": "way/691133405"
    },
    {
      "type": "Feature",
      "properties": {
        "@id": "way/691133406",
        "building": "yes",
        "leisure": "pitch",
        "sport": "basketball",
        "@geometry": "center"
      },
      "geometry": {
        "type": "Point",
        "coordinates": [
          122.0739227,
          6.9363069
        ]
      },
      "id": "way/691133406"
    },
    {
      "type": "Feature",
      "properties": {
        "@id": "way/718619347",
        "amenity": "parking",
        "operator": "KCC Mall de Zamboanga",
        "parking": "rooftop",
        "surface": "concrete",
        "@geometry": "center"
      },
      "geometry": {
        "type": "Point",
        "coordinates": [
          122.0733952,
          6.9206203
        ]
      },
      "id": "way/718619347"
    },
    {
      "type": "Feature",
      "properties": {
        "@id": "way/718619348",
        "amenity": "parking",
        "name": "KCC Mall de Zamboanga Parking Lot",
        "operator": "KCC Mall de Zamboanga",
        "operator:type": "private",
        "parking": "surface",
        "@geometry": "center"
      },
      "geometry": {
        "type": "Point",
        "coordinates": [
          122.0736189,
          6.9222923
        ]
      },
      "id": "way/718619348"
    },
    {
      "type": "Feature",
      "properties": {
        "@id": "way/724745505",
        "leisure": "pitch",
        "sport": "soccer",
        "@geometry": "center"
      },
      "geometry": {
        "type": "Point",
        "coordinates": [
          122.0849663,
          6.9455944
        ]
      },
      "id": "way/724745505"
    },
    {
      "type": "Feature",
      "properties": {
        "@id": "way/753658109",
        "addr:barangay": "Landang Gua",
        "addr:city": "Zamboanga City",
        "addr:neighbourhood": "Sacol Island",
        "addr:postcode": "7000",
        "addr:province": "Zamboanga del Sur",
        "amenity": "school",
        "fixme": "Improve feature when better imagery becomes available",
        "isced:level": "0;1",
        "name": "Landang Gua Elementary School",
        "operator": "Talon-Talon District of Zamboanga City Schools Division, DepEd",
        "operator:type": "government",
        "operator:wikidata": "Q3550346",
        "population:pupils": "595",
        "population:pupils:date": "2015",
        "ref": "126159",
        "start_date": "1962",
        "@geometry": "center"
      },
      "geometry": {
        "type": "Point",
        "coordinates": [
          122.2569135,
          6.9562746
        ]
      },
      "id": "way/753658109"
    },
    {
      "type": "Feature",
      "properties": {
        "@id": "way/756110533",
        "addr:barangay": "Cawit",
        "addr:city": "Zamboanga City",
        "addr:place": "Zone 4",
        "addr:postcode": "7000",
        "addr:province": "Zamboanga del Sur",
        "amenity": "school",
        "isced:level": "0;1",
        "name": "Cawit Elementary School",
        "operator": "Ayala District of Zamboanga City Schools Division, DepEd",
        "operator:type": "government",
        "operator:wikidata": "Q3550346",
        "population:pupils": "1519",
        "population:pupils:date": "2015",
        "ref": "126100",
        "start_date": "1963",
        "@geometry": "center"
      },
      "geometry": {
        "type": "Point",
        "coordinates": [
          121.9739838,
          6.9569533
        ]
      },
      "id": "way/756110533"
    },
    {
      "type": "Feature",
      "properties": {
        "@id": "way/756112558",
        "addr:barangay": "Lanzones",
        "addr:city": "Zamboanga City",
        "addr:postcode": "7000",
        "addr:province": "Zamboanga del Sur",
        "amenity": "school",
        "isced:level": "0;1",
        "name": "Lanzones Elementary School",
        "operator": "Mercedes District of Zamboanga City Schools Division, DepEd",
        "operator:type": "government",
        "operator:wikidata": "Q3550346",
        "population:pupils": "205",
        "population:pupils:date": "2015",
        "ref": "126186",
        "start_date": "1956",
        "@geometry": "center"
      },
      "geometry": {
        "type": "Point",
        "coordinates": [
          122.1317155,
          7.004303
        ]
      },
      "id": "way/756112558"
    },
    {
      "type": "Feature",
      "properties": {
        "@id": "way/756115683",
        "addr:barangay": "Dita",
        "addr:city": "Zamboanga City",
        "addr:postcode": "7000",
        "addr:province": "Zamboanga del Sur",
        "amenity": "school",
        "isced:level": "0;1",
        "name": "Dita Elementary School",
        "operator": "Department of Education",
        "operator:short": "DepEd",
        "operator:type": "government",
        "operator:wikidata": "Q3550346",
        "ref": "126122",
        "@geometry": "center"
      },
      "geometry": {
        "type": "Point",
        "coordinates": [
          122.2347116,
          7.1631915
        ]
      },
      "id": "way/756115683"
    },
    {
      "type": "Feature",
      "properties": {
        "@id": "way/756133976",
        "addr:city": "Zamboanga City",
        "addr:hamlet": "Lima",
        "addr:postcode": "7000",
        "addr:province": "Zamboanga del Sur",
        "amenity": "school",
        "isced:level": "0;1",
        "name": "Lima Elementary School",
        "operator": "Ayala District of Zamboanga City Schools Division, DepEd",
        "operator:type": "government",
        "operator:wikidata": "Q3550346",
        "population:pupils": "128",
        "population:pupils:date": "2015",
        "ref": "126101",
        "start_date": "1988",
        "@geometry": "center"
      },
      "geometry": {
        "type": "Point",
        "coordinates": [
          122.0159269,
          6.9969621
        ]
      },
      "id": "way/756133976"
    },
    {
      "type": "Feature",
      "properties": {
        "@id": "way/756139593",
        "addr:city": "Zamboanga City",
        "addr:postcode": "7000",
        "addr:province": "Zamboanga del Sur",
        "amenity": "school",
        "isced:level": "0;1",
        "name": "Natividad M. Medalle-Presa Elementary School",
        "old_name": "Presa Elementary School",
        "operator": "Curuan District of Zamboanga City Schools Division, DepEd",
        "operator:type": "government",
        "operator:wikidata": "Q3550346",
        "population:pupils": "349",
        "population:pupils:date": "2015",
        "ref": "126128",
        "start_date": "1974",
        "@geometry": "center"
      },
      "geometry": {
        "type": "Point",
        "coordinates": [
          122.2277316,
          7.2040765
        ]
      },
      "id": "way/756139593"
    },
    {
      "type": "Feature",
      "properties": {
        "@id": "way/758462902",
        "leisure": "pitch",
        "sport": "tennis",
        "@geometry": "center"
      },
      "geometry": {
        "type": "Point",
        "coordinates": [
          121.9292782,
          6.9823561
        ]
      },
      "id": "way/758462902"
    },
    {
      "type": "Feature",
      "properties": {
        "@id": "way/758463833",
        "addr:barangay": "Ayala",
        "addr:city": "Zamboanga City",
        "addr:postcode": "7000",
        "admin_level": "10",
        "amenity": "townhall",
        "building": "public",
        "name": "Ayala Barangay Hall",
        "opening_hours": "24/7",
        "townhall:type": "barangay",
        "@geometry": "center"
      },
      "geometry": {
        "type": "Point",
        "coordinates": [
          121.9482049,
          6.9635425
        ]
      },
      "id": "way/758463833"
    },
    {
      "type": "Feature",
      "properties": {
        "@id": "way/758463837",
        "building": "roof",
        "layer": "1",
        "leisure": "sports_centre",
        "sport": "multi",
        "@geometry": "center"
      },
      "geometry": {
        "type": "Point",
        "coordinates": [
          121.9498765,
          6.9614193
        ]
      },
      "id": "way/758463837"
    },
    {
      "type": "Feature",
      "properties": {
        "@id": "way/758465122",
        "leisure": "pitch",
        "sport": "basketball",
        "@geometry": "center"
      },
      "geometry": {
        "type": "Point",
        "coordinates": [
          121.9590554,
          6.9881976
        ]
      },
      "id": "way/758465122"
    },
    {
      "type": "Feature",
      "properties": {
        "@id": "way/758465129",
        "addr:city": "Zamboanga City",
        "addr:neighbourhood": "Purok 2",
        "addr:postcode": "7000",
        "addr:province": "Zamboanga del Sur",
        "amenity": "school",
        "isced:level": "0;1",
        "name": "Cadalagan Elementary School",
        "operator": "Labuan District of Zamboanga City Schools Division, DepEd",
        "operator:type": "government",
        "operator:wikidata": "Q3550346",
        "population:pupils": "423",
        "population:pupils:date": "2015",
        "ref": "126136",
        "start_date": "1956-07-01",
        "@geometry": "center"
      },
      "geometry": {
        "type": "Point",
        "coordinates": [
          121.9587455,
          6.9882126
        ]
      },
      "id": "way/758465129"
    },
    {
      "type": "Feature",
      "properties": {
        "@id": "way/758465137",
        "building": "roof",
        "fixme": "name",
        "layer": "1",
        "leisure": "pitch",
        "sport": "basketball",
        "@geometry": "center"
      },
      "geometry": {
        "type": "Point",
        "coordinates": [
          121.9648768,
          6.9549401
        ]
      },
      "id": "way/758465137"
    },
    {
      "type": "Feature",
      "properties": {
        "@id": "way/758465151",
        "addr:place": "Recodo",
        "amenity": "place_of_worship",
        "building": "mosque",
        "fixme": "name",
        "religion": "muslim",
        "@geometry": "center"
      },
      "geometry": {
        "type": "Point",
        "coordinates": [
          121.9616037,
          6.9528019
        ]
      },
      "id": "way/758465151"
    },
    {
      "type": "Feature",
      "properties": {
        "@id": "way/758466066",
        "addr:postcode": "7000",
        "addr:street": "San Jose Street",
        "amenity": "fuel",
        "brand": "Petron",
        "brand:wikidata": "Q7179011",
        "check_date": "2024-09-21",
        "compressed_air": "yes",
        "name": "Petron",
        "opening_hours": "Mo-Su 17:00-09:00",
        "toilets": "yes",
        "@geometry": "center"
      },
      "geometry": {
        "type": "Point",
        "coordinates": [
          122.0468549,
          6.9207878
        ]
      },
      "id": "way/758466066"
    },
    {
      "type": "Feature",
      "properties": {
        "@id": "way/758466070",
        "addr:city": "Zamboanga City",
        "addr:place": "Southcom Village",
        "addr:postcode": "7000",
        "addr:province": "Zamboanga del Sur",
        "amenity": "school",
        "isced:level": "2",
        "name": "Southcom National High School",
        "operator": "Baliwasan District of Zamboanga City Schools Division, DepEd",
        "operator:type": "government",
        "operator:wikidata": "Q3550346",
        "population:pupils": "1489",
        "population:pupils:date": "2015",
        "ref": "303933",
        "start_date": "1999",
        "@geometry": "center"
      },
      "geometry": {
        "type": "Point",
        "coordinates": [
          122.0424504,
          6.921607
        ]
      },
      "id": "way/758466070"
    },
    {
      "type": "Feature",
      "properties": {
        "@id": "way/758468421",
        "addr:barangay": "Calarian",
        "addr:city": "Zamboanga City",
        "addr:place": "Southcom Village",
        "addr:postcode": "7000",
        "addr:province": "Zamboanga del Sur",
        "amenity": "school",
        "isced:level": "0;1",
        "name": "Southcom Elementary School",
        "operator": "Baliwasan District of Zamboanga City Schools Division, DepEd",
        "operator:type": "government",
        "operator:wikidata": "Q3550346",
        "population:pupils": "3728",
        "population:pupils:date": "2015",
        "ref": "126113",
        "specialized_education": "special_needs",
        "start_date": "1979",
        "@geometry": "center"
      },
      "geometry": {
        "type": "Point",
        "coordinates": [
          122.0439113,
          6.9222604
        ]
      },
      "id": "way/758468421"
    },
    {
      "type": "Feature",
      "properties": {
        "@id": "way/758469922",
        "addr:neighbourhood": "Suterville",
        "addr:street": "Taupan Road",
        "amenity": "place_of_worship",
        "building": "mosque",
        "name": "Masjid Al-Imam Al-Mahdi",
        "religion": "muslim",
        "short_name": "Masjid Al-Mahdi",
        "@geometry": "center"
      },
      "geometry": {
        "type": "Point",
        "coordinates": [
          122.0466768,
          6.915584
        ]
      },
      "id": "way/758469922"
    },
    {
      "type": "Feature",
      "properties": {
        "@id": "way/758469923",
        "addr:place": "Campo Islam",
        "amenity": "place_of_worship",
        "building": "mosque",
        "name": "Masjid Kasalamatan",
        "religion": "muslim",
        "@geometry": "center"
      },
      "geometry": {
        "type": "Point",
        "coordinates": [
          122.0477477,
          6.9146476
        ]
      },
      "id": "way/758469923"
    },
    {
      "type": "Feature",
      "properties": {
        "@id": "way/758473362",
        "building": "roof",
        "layer": "1",
        "leisure": "sports_hall",
        "sport": "multi",
        "@geometry": "center"
      },
      "geometry": {
        "type": "Point",
        "coordinates": [
          122.0697992,
          6.9152452
        ]
      },
      "id": "way/758473362"
    },
    {
      "type": "Feature",
      "properties": {
        "@id": "way/758473369",
        "addr:street": "San Jose Road",
        "amenity": "fuel",
        "brand": "SEAOIL",
        "brand:facebook": "https://www.facebook.com/SEAOIL",
        "brand:instagram": "https://www.instagram.com/seaoilph/",
        "brand:twitter": "https://twitter.com/seaoilph",
        "brand:website": "https://www.seaoil.com.ph/",
        "brand:wikidata": "Q7389549",
        "brand:wikipedia": "en:Seaoil Philippines",
        "fuel:diesel": "yes",
        "fuel:octane_91": "yes",
        "fuel:octane_95": "yes",
        "name": "Seaoil",
        "@geometry": "center"
      },
      "geometry": {
        "type": "Point",
        "coordinates": [
          122.0499408,
          6.9203373
        ]
      },
      "id": "way/758473369"
    },
    {
      "type": "Feature",
      "properties": {
        "@id": "way/758473391",
        "building": "yes",
        "leisure": "sports_centre",
        "sport": "multi",
        "@geometry": "center"
      },
      "geometry": {
        "type": "Point",
        "coordinates": [
          122.0526676,
          6.9201455
        ]
      },
      "id": "way/758473391"
    },
    {
      "type": "Feature",
      "properties": {
        "@id": "way/758473396",
        "addr2:street": "Acacia Drive",
        "addr:city": "Zamboanga",
        "addr:street": "San Jose Street",
        "amenity": "fuel",
        "brand": "SEAOIL",
        "brand:facebook": "https://www.facebook.com/SEAOIL",
        "brand:instagram": "https://www.instagram.com/seaoilph/",
        "brand:twitter": "https://twitter.com/seaoilph",
        "brand:website": "https://www.seaoil.com.ph/",
        "brand:wikidata": "Q7389549",
        "brand:wikipedia": "en:Seaoil Philippines",
        "building": "roof",
        "building:levels": "1",
        "building:use": "retail",
        "fuel:diesel": "yes",
        "fuel:octane_91": "yes",
        "fuel:octane_95": "yes",
        "layer": "1",
        "name": "Seaoil",
        "roof:shape": "flat",
        "@geometry": "center"
      },
      "geometry": {
        "type": "Point",
        "coordinates": [
          122.0582407,
          6.917387
        ]
      },
      "id": "way/758473396"
    },
    {
      "type": "Feature",
      "properties": {
        "@id": "way/771510243",
        "addr:barangay": "Sinubung",
        "addr:city": "Zamboanga City",
        "addr:neighbourhood": "Purok 2",
        "addr:postcode": "7000",
        "addr:province": "Zamboanga del Sur",
        "amenity": "school",
        "isced:level": "0;1",
        "name": "Cadalagan Elementary School",
        "operator": "Labuan District of Zamboanga City Schools Division, DepEd",
        "operator:type": "government",
        "operator:wikidata": "Q3550346",
        "population:pupils": "423",
        "population:pupils:date": "2015",
        "ref": "126136",
        "start_date": "1956-07-01",
        "@geometry": "center"
      },
      "geometry": {
        "type": "Point",
        "coordinates": [
          121.9276637,
          7.0306316
        ]
      },
      "id": "way/771510243"
    },
    {
      "type": "Feature",
      "properties": {
        "@id": "way/771546723",
        "addr:barangay": "Victoria",
        "addr:city": "Zamboanga City",
        "addr:postcode": "7000",
        "addr:province": "Zamboanga del Sur",
        "amenity": "school",
        "isced:level": "0;1",
        "name": "Victoria Elementary School",
        "operator": "Department of Education",
        "operator:short": "DepEd",
        "operator:type": "government",
        "operator:wikidata": "Q3550346",
        "ref": "126177",
        "@geometry": "center"
      },
      "geometry": {
        "type": "Point",
        "coordinates": [
          122.1940601,
          7.0489382
        ]
      },
      "id": "way/771546723"
    },
    {
      "type": "Feature",
      "properties": {
        "@id": "way/772364006",
        "addr:housename": "Putik Central School",
        "building": "roof",
        "check_date": "2024-09-20",
        "community_centre": "events_place",
        "layer": "1",
        "leisure": "sports_hall",
        "sport": "multi",
        "@geometry": "center"
      },
      "geometry": {
        "type": "Point",
        "coordinates": [
          122.0934823,
          6.9380746
        ]
      },
      "id": "way/772364006"
    },
    {
      "type": "Feature",
      "properties": {
        "@id": "way/773393906",
        "addr:city": "Zamboanga City",
        "addr:postcode": "7000",
        "addr:province": "Zamboanga del Sur",
        "amenity": "school",
        "isced:level": "0;1",
        "name": "Upper Pasonanca Elementary School",
        "operator": "Sta. Maria District of Zamboanga City Schools Division, DepEd",
        "operator:type": "government",
        "operator:wikidata": "Q3550346",
        "population:pupils": "696",
        "population:pupils:date": "2015",
        "ref": "126222",
        "start_date": "1967",
        "@geometry": "center"
      },
      "geometry": {
        "type": "Point",
        "coordinates": [
          122.0719194,
          6.9618902
        ]
      },
      "id": "way/773393906"
    },
    {
      "type": "Feature",
      "properties": {
        "@id": "way/773688655",
        "amenity": "school",
        "@geometry": "center"
      },
      "geometry": {
        "type": "Point",
        "coordinates": [
          121.9653467,
          6.998001
        ]
      },
      "id": "way/773688655"
    },
    {
      "type": "Feature",
      "properties": {
        "@id": "way/773688982",
        "addr:city": "Zamboanga City",
        "addr:postcode": "7000",
        "addr:province": "Zamboanga del Sur",
        "amenity": "school",
        "isced:level": "2",
        "name": "Capisan National High School",
        "operator": "Baliwasan District of Zamboanga City Schools Division, DepEd",
        "operator:type": "government",
        "operator:wikidata": "Q3550346",
        "population:pupils": "170",
        "population:pupils:date": "2015",
        "ref": "314804",
        "start_date": "2007",
        "@geometry": "center"
      },
      "geometry": {
        "type": "Point",
        "coordinates": [
          122.0277169,
          6.9533396
        ]
      },
      "id": "way/773688982"
    },
    {
      "type": "Feature",
      "properties": {
        "@id": "way/773692426",
        "addr:city": "Zamboanga City",
        "addr:neighbourhood": "Zone 3",
        "addr:postcode": "7000",
        "addr:province": "Zamboanga del Sur",
        "amenity": "school",
        "isced:level": "0;1",
        "name": "Pasobolong Elementary School",
        "operator": "Putik District of Zamboanga City Schools Division, DepEd",
        "operator:type": "government",
        "operator:wikidata": "Q3550346",
        "population:pupils": "696",
        "population:pupils:date": "2015",
        "ref": "126203",
        "start_date": "1970",
        "@geometry": "center"
      },
      "geometry": {
        "type": "Point",
        "coordinates": [
          122.1308495,
          6.9732882
        ]
      },
      "id": "way/773692426"
    },
    {
      "type": "Feature",
      "properties": {
        "@id": "way/787450538",
        "addr:barangay": "Pangapuyan",
        "addr:city": "Zamboanga City",
        "addr:place": "Pangapuyan",
        "addr:postcode": "7000",
        "addr:province": "Zamboanga del Sur",
        "amenity": "school",
        "isced:level": "0;1",
        "name": "Pangapuyan Elementary School",
        "operator": "Talon-Talon District of Zamboanga City Schools Division, DepEd",
        "operator:type": "government",
        "operator:wikidata": "Q3550346",
        "population:pupils": "135",
        "population:pupils:date": "2015",
        "ref": "126227",
        "start_date": "1991",
        "@geometry": "center"
      },
      "geometry": {
        "type": "Point",
        "coordinates": [
          122.181652,
          6.9178949
        ]
      },
      "id": "way/787450538"
    },
    {
      "type": "Feature",
      "properties": {
        "@id": "way/789766305",
        "addr:city": "Zamboanga City",
        "addr:postcode": "7000",
        "addr:province": "Zamboanga del Sur",
        "amenity": "school",
        "isced:level": "0;1",
        "name": "Cansilayan Elementary School",
        "operator": "Curuan District of Zamboanga City Schools Division, DepEd",
        "operator:type": "government",
        "operator:wikidata": "Q3550346",
        "population:pupils": "165",
        "population:pupils:date": "2015",
        "ref": "126119",
        "start_date": "1968",
        "@geometry": "center"
      },
      "geometry": {
        "type": "Point",
        "coordinates": [
          122.2019772,
          7.1603365
        ]
      },
      "id": "way/789766305"
    },
    {
      "type": "Feature",
      "properties": {
        "@id": "way/791741641",
        "addr:barangay": "Santa Maria",
        "addr:city": "Zamboanga City",
        "addr:neighbourhood": "Eaab",
        "addr:postcode": "7000",
        "addr:province": "Zamboanga del Sur",
        "amenity": "school",
        "isced:level": "0;1",
        "name": "Edwin Andrews Air Base Elementary School",
        "old_name": "Eaab Elementary School",
        "operator": "Sta. Maria District of Zamboanga City Schools Division, DepEd",
        "operator:type": "government",
        "operator:wikidata": "Q3550346",
        "population:pupils": "645",
        "population:pupils:date": "2015",
        "ref": "126214",
        "start_date": "1971",
        "@geometry": "center"
      },
      "geometry": {
        "type": "Point",
        "coordinates": [
          122.0657912,
          6.9290868
        ]
      },
      "id": "way/791741641"
    },
    {
      "type": "Feature",
      "properties": {
        "@id": "way/791742087",
        "addr:barangay": "San Roque",
        "addr:city": "Zamboanga City",
        "addr:postcode": "7000",
        "addr:province": "Zamboanga del Sur",
        "amenity": "school",
        "isced:level": "0;1",
        "name": "San Roque Elementary School",
        "operator": "Sta. Maria District of Zamboanga City Schools Division, DepEd",
        "operator:type": "government",
        "operator:wikidata": "Q3550346",
        "population:pupils": "2936",
        "population:pupils:date": "2015",
        "ref": "126219",
        "start_date": "1946",
        "@geometry": "center"
      },
      "geometry": {
        "type": "Point",
        "coordinates": [
          122.0434056,
          6.9338963
        ]
      },
      "id": "way/791742087"
    },
    {
      "type": "Feature",
      "properties": {
        "@id": "way/791742521",
        "addr:city": "Zamboanga City",
        "addr:postcode": "7000",
        "addr:province": "Zamboanga del Sur",
        "amenity": "school",
        "isced:level": "0;1",
        "name": "Malagutay Elementary School",
        "name:cbk": "Escuela Elementaria de Malagutay",
        "name:en": "Malagutay Elementary School",
        "operator": "Baliwasan District, Zamboanga City Schools Division, DepEd",
        "operator:type": "government",
        "operator:wikidata": "Q3550346",
        "population:pupils": "657",
        "population:pupils:date": "2015",
        "ref": "126111",
        "start_date": "1948",
        "@geometry": "center"
      },
      "geometry": {
        "type": "Point",
        "coordinates": [
          122.0168408,
          6.9385865
        ]
      },
      "id": "way/791742521"
    },
    {
      "type": "Feature",
      "properties": {
        "@id": "way/793754289",
        "addr:city": "Zamboanga City",
        "addr:postcode": "7000",
        "addr:province": "Zamboanga del Sur",
        "amenity": "school",
        "isced:level": "0;1",
        "name": "Sinubong Elementary School",
        "operator": "Labuan District of Zamboanga City Schools Division, DepEd",
        "operator:type": "government",
        "operator:wikidata": "Q3550346",
        "population:pupils": "517",
        "population:pupils:date": "2015",
        "ref": "126149",
        "start_date": "1959",
        "@geometry": "center"
      },
      "geometry": {
        "type": "Point",
        "coordinates": [
          121.9244736,
          7.026976
        ]
      },
      "id": "way/793754289"
    },
    {
      "type": "Feature",
      "properties": {
        "@id": "way/795530673",
        "addr:barangay": "Dulian",
        "addr:city": "Zamboanga City",
        "addr:neighbourhood": "Eligna",
        "addr:postcode": "7000",
        "addr:province": "Zamboanga del Sur",
        "amenity": "school",
        "isced:level": "0;1",
        "name": "Eligna Elementary School",
        "operator": "Manicahan District of Zamboanga City Schools Division, DepEd",
        "operator:type": "government",
        "operator:wikidata": "Q3550346",
        "population:pupils": "96",
        "population:pupils:date": "2015",
        "ref": "126158",
        "start_date": "1986",
        "@geometry": "center"
      },
      "geometry": {
        "type": "Point",
        "coordinates": [
          122.1692771,
          7.1384828
        ]
      },
      "id": "way/795530673"
    },
    {
      "type": "Feature",
      "properties": {
        "@id": "way/818095908",
        "addr2:street": "Ledesman Road",
        "addr:city": "Zamboanga City",
        "addr:postcode": "7000",
        "addr:province": "Zamboanga del Sur",
        "addr:street": "M. Calixto Street",
        "amenity": "school",
        "isced:level": "0;1",
        "name": "Zamboanga East Central School",
        "operator": "Zamboanga Central District Zamboanga City Schools Division, DepEd",
        "operator:type": "government",
        "operator:wikidata": "Q3550346",
        "population:pupils": "1181",
        "population:pupils:date": "2015",
        "ref": "126261",
        "specialized_education": "special_needs",
        "start_date": "2000",
        "@geometry": "center"
      },
      "geometry": {
        "type": "Point",
        "coordinates": [
          122.0726489,
          6.9068509
        ]
      },
      "id": "way/818095908"
    },
    {
      "type": "Feature",
      "properties": {
        "@id": "way/818100337",
        "addr:barangay": "Busay",
        "addr:city": "Zamboanga City",
        "addr:neighbourhood": "Sacol Island",
        "addr:postcode": "7000",
        "addr:province": "Zamboanga del Sur",
        "amenity": "school",
        "isced:level": "0;1",
        "name": "Busay Elementary School",
        "operator": "Mercedes District of Zamboanga City Schools Division, DepEd",
        "operator:type": "government",
        "operator:wikidata": "Q3550346",
        "population:pupils": "552",
        "population:pupils:date": "2015",
        "ref": "126154",
        "start_date": "2000",
        "@geometry": "center"
      },
      "geometry": {
        "type": "Point",
        "coordinates": [
          122.2464281,
          6.9859054
        ]
      },
      "id": "way/818100337"
    },
    {
      "type": "Feature",
      "properties": {
        "@id": "way/818103319",
        "addr:city": "Zamboanga City",
        "addr:postcode": "7000",
        "addr:province": "Zamboanga del Sur",
        "addr:quarter": "Rio Hondo",
        "amenity": "school",
        "contact:facebook": "@RioHondoES126209",
        "contact:phone": "+6362 992 3820",
        "isced:level": "0;1",
        "name": "Rio Hondo Elementary School",
        "operator": "Zamboanga Central District Zamboanga City Schools Division, DepEd",
        "operator:type": "government",
        "operator:wikidata": "Q3550346",
        "population:pupils": "635",
        "population:pupils:date": "2015",
        "ref": "126209",
        "start_date": "1943",
        "@geometry": "center"
      },
      "geometry": {
        "type": "Point",
        "coordinates": [
          122.0856606,
          6.8990241
        ]
      },
      "id": "way/818103319"
    },
    {
      "type": "Feature",
      "properties": {
        "@id": "way/818108744",
        "addr:barangay": "Pitogo",
        "addr:city": "Zamboanga City",
        "addr:neighbourhood": "Sinunuc",
        "addr:postcode": "7000",
        "addr:province": "Zamboanga del Sur",
        "amenity": "school",
        "isced:level": "2;3",
        "name": "Sinunuc National High School",
        "operator": "Ayala District of Zamboanga City Schools Division, DepEd",
        "operator:type": "government",
        "operator:wikidata": "Q3550346",
        "population:pupils": "1250",
        "population:pupils:date": "2015",
        "ref": "303932",
        "start_date": "1993",
        "@geometry": "center"
      },
      "geometry": {
        "type": "Point",
        "coordinates": [
          122.0017319,
          6.93543
        ]
      },
      "id": "way/818108744"
    },
    {
      "type": "Feature",
      "properties": {
        "@id": "way/818110726",
        "addr:city": "Zamboanga City",
        "addr:neighbourhood": "Zone 1",
        "addr:postcode": "7000",
        "addr:province": "Zamboanga del Sur",
        "amenity": "school",
        "isced:level": "0;1",
        "name": "Maasin Learning Center",
        "operator": "Ayala District of Zamboanga City Schools Division, DepEd",
        "operator:type": "government",
        "operator:wikidata": "Q3550346",
        "population:pupils": "1119",
        "population:pupils:date": "2015",
        "ref": "126102",
        "start_date": "1923",
        "@geometry": "center"
      },
      "geometry": {
        "type": "Point",
        "coordinates": [
          121.9811242,
          6.9509679
        ]
      },
      "id": "way/818110726"
    },
    {
      "type": "Feature",
      "properties": {
        "@id": "way/818117003",
        "addr:barangay": "Baluno",
        "addr:city": "Zamboanga City",
        "addr:postcode": "7000",
        "addr:province": "Zamboanga del Sur",
        "amenity": "school",
        "isced:level": "0;1",
        "name": "Baluno Elementary School",
        "operator": "Ayala District of Zamboanga City Schools Division, DepEd",
        "operator:type": "government",
        "operator:wikidata": "Q3550346",
        "population:pupils": "359",
        "population:pupils:date": "2015",
        "ref": "126098",
        "start_date": "1945",
        "@geometry": "center"
      },
      "geometry": {
        "type": "Point",
        "coordinates": [
          121.9883574,
          6.9765504
        ]
      },
      "id": "way/818117003"
    },
    {
      "type": "Feature",
      "properties": {
        "@id": "way/818124123",
        "addr:barangay": "Baluno",
        "addr:city": "Zamboanga City",
        "addr:postcode": "7000",
        "addr:province": "Zamboanga del Sur",
        "amenity": "school",
        "isced:level": "2;3",
        "name": "Baluno National High School",
        "operator": "Ayala District of Zamboanga City Schools Division, DepEd",
        "operator:type": "government",
        "operator:wikidata": "Q3550346",
        "population:pupils": "177",
        "population:pupils:date": "2015",
        "ref": "303916",
        "start_date": "1998",
        "@geometry": "center"
      },
      "geometry": {
        "type": "Point",
        "coordinates": [
          121.9904793,
          6.9766012
        ]
      },
      "id": "way/818124123"
    },
    {
      "type": "Feature",
      "properties": {
        "@id": "way/818953125",
        "addr:barangay": "Pasonanca",
        "addr:city": "Zamboanga City",
        "addr:hamlet": "Muruk",
        "addr:postcode": "7000",
        "addr:province": "Zamboanga del Sur",
        "amenity": "school",
        "isced:level": "0;1",
        "name": "Muruk Elementary School",
        "operator": "Sta. Maria District of Zamboanga City Schools Division, DepEd",
        "operator:type": "government",
        "operator:wikidata": "Q3550346",
        "population:pupils": "67",
        "population:pupils:date": "2015",
        "ref": "126216",
        "start_date": "1970",
        "@geometry": "center"
      },
      "geometry": {
        "type": "Point",
        "coordinates": [
          122.0275108,
          6.9490676
        ]
      },
      "id": "way/818953125"
    },
    {
      "type": "Feature",
      "properties": {
        "@id": "way/818954324",
        "addr:city": "Zamboanga City",
        "addr:neighbourhood": "Zone 5",
        "addr:postcode": "7000",
        "addr:province": "Zamboanga del Sur",
        "amenity": "school",
        "isced:level": "0;1",
        "name": "Cabigan Elementary School",
        "operator": "Ayala District of Zamboanga City Schools Division, DepEd",
        "operator:type": "government",
        "operator:wikidata": "Q3550346",
        "population:pupils": "168",
        "population:pupils:date": "2015",
        "ref": "126099",
        "start_date": "1996",
        "@geometry": "center"
      },
      "geometry": {
        "type": "Point",
        "coordinates": [
          121.9984127,
          6.9604947
        ]
      },
      "id": "way/818954324"
    },
    {
      "type": "Feature",
      "properties": {
        "@id": "way/818956448",
        "addr:barangay": "Sinunoc",
        "addr:city": "Zamboanga City",
        "addr:hamlet": "Migas",
        "addr:postcode": "7000",
        "addr:province": "Zamboanga del Sur",
        "amenity": "school",
        "isced:level": "0;1",
        "name": "Santo Niño Elementary School",
        "old_name": "Santo Niño Primary School",
        "operator": "Ayala District of Zamboanga City Schools Division, DepEd",
        "operator:type": "government",
        "operator:wikidata": "Q3550346",
        "population:pupils": "108",
        "population:pupils:date": "2015",
        "ref": "126105",
        "start_date": "1960",
        "@geometry": "center"
      },
      "geometry": {
        "type": "Point",
        "coordinates": [
          122.0165537,
          6.9644692
        ]
      },
      "id": "way/818956448"
    },
    {
      "type": "Feature",
      "properties": {
        "@id": "way/818957023",
        "addr:city": "Zamboanga City",
        "addr:place": "La Paz",
        "addr:postcode": "7000",
        "addr:province": "Zamboanga del Sur",
        "amenity": "school",
        "isced:level": "0;1",
        "name": "Pole Diutay Elementary School",
        "operator": "Labuan District of Zamboanga City Schools Division, DepEd",
        "operator:type": "government",
        "operator:wikidata": "Q3550346",
        "population:pupils": "187",
        "population:pupils:date": "2015",
        "ref": "126147",
        "start_date": "2000",
        "@geometry": "center"
      },
      "geometry": {
        "type": "Point",
        "coordinates": [
          121.9775187,
          7.0028266
        ]
      },
      "id": "way/818957023"
    },
    {
      "type": "Feature",
      "properties": {
        "@id": "way/822814256",
        "addr:city": "Zamboanga City",
        "addr:place": "Mariki",
        "addr:postcode": "7000",
        "addr:province": "Zamboanga del Sur",
        "amenity": "school",
        "isced:level": "0;1",
        "name": "Mariki Elementary School",
        "operator": "Zamboanga Central District Zamboanga City Schools Division, DepEd",
        "operator:type": "government",
        "operator:wikidata": "Q3550346",
        "population:pupils": "821",
        "population:pupils:date": "2015",
        "ref": "126208",
        "start_date": "1976",
        "@geometry": "center"
      },
      "geometry": {
        "type": "Point",
        "coordinates": [
          122.0909061,
          6.8968057
        ]
      },
      "id": "way/822814256"
    },
    {
      "type": "Feature",
      "properties": {
        "@id": "way/823302572",
        "addr:barangay": "Boalan",
        "addr:city": "Zamboanga City",
        "addr:postcode": "7000",
        "addr:street": "Maria Clara L. Lobregat Highway",
        "amenity": "fuel",
        "brand": "Z Oil",
        "name": "Z Oil",
        "@geometry": "center"
      },
      "geometry": {
        "type": "Point",
        "coordinates": [
          122.1129238,
          6.9477295
        ]
      },
      "id": "way/823302572"
    },
    {
      "type": "Feature",
      "properties": {
        "@id": "way/823302576",
        "addr:barangay": "Boalan",
        "addr:city": "Zamboanga City",
        "addr:postcode": "7000",
        "addr:street": "Maria Clara L. Lobregat Highway",
        "brand": "Toyota",
        "name": "Toyota Zamboanga City",
        "phone": "+63 62 991 2922",
        "service": "repair;dealer;parts;tyres",
        "shop": "car",
        "wheelchair": "yes",
        "@geometry": "center"
      },
      "geometry": {
        "type": "Point",
        "coordinates": [
          122.1148918,
          6.9483372
        ]
      },
      "id": "way/823302576"
    },
    {
      "type": "Feature",
      "properties": {
        "@id": "way/830136704",
        "addr:barangay": "Pamucutan",
        "addr:city": "Zamboanga City",
        "addr:place": "Anuling",
        "addr:postcode": "7000",
        "addr:province": "Zamboanga del Sur",
        "amenity": "school",
        "isced:level": "0;1",
        "name": "Anuling Elementary School",
        "operator": "Labuan District of Zamboanga City Schools Division, DepEd",
        "operator:type": "government",
        "operator:wikidata": "Q3550346",
        "population:pupils": "398",
        "population:pupils:date": "2015",
        "ref": "126135",
        "start_date": "1980",
        "@geometry": "center"
      },
      "geometry": {
        "type": "Point",
        "coordinates": [
          121.9595195,
          7.0294143
        ]
      },
      "id": "way/830136704"
    },
    {
      "type": "Feature",
      "properties": {
        "@id": "way/830139440",
        "addr:barangay": "Sinubong",
        "addr:city": "Zamboanga City",
        "addr:place": "Mountain View",
        "addr:postcode": "7000",
        "addr:province": "Zamboanga del Sur",
        "amenity": "school",
        "isced:level": "0;1",
        "name": "Mountain View Elementary School",
        "operator": "Labuan District of Zamboanga City Schools Division, DepEd",
        "operator:type": "government",
        "operator:wikidata": "Q3550346",
        "population:pupils": "152",
        "population:pupils:date": "2015",
        "ref": "126144",
        "start_date": "1968",
        "@geometry": "center"
      },
      "geometry": {
        "type": "Point",
        "coordinates": [
          121.9496654,
          7.0283104
        ]
      },
      "id": "way/830139440"
    },
    {
      "type": "Feature",
      "properties": {
        "@id": "way/830141433",
        "addr:city": "Zamboanga City",
        "addr:place": "Labuan",
        "addr:postcode": "7000",
        "addr:province": "Zamboanga del Sur",
        "amenity": "school",
        "isced:level": "0;1",
        "name": "Labuan Central School",
        "operator": "Labuan District of Zamboanga City Schools Division, DepEd",
        "operator:type": "government",
        "operator:wikidata": "Q3550346",
        "population:pupils": "3231",
        "population:pupils:date": "2015",
        "ref": "126140",
        "start_date": "1945",
        "@geometry": "center"
      },
      "geometry": {
        "type": "Point",
        "coordinates": [
          121.902181,
          7.0898412
        ]
      },
      "id": "way/830141433"
    },
    {
      "type": "Feature",
      "properties": {
        "@id": "way/830142647",
        "addr:city": "Zamboanga City",
        "addr:place": "Labuan",
        "addr:postcode": "7000",
        "addr:province": "Zamboanga del Sur",
        "amenity": "school",
        "isced:level": "2;3",
        "name": "Ramon Enriquez High School",
        "operator": "Labuan District of Zamboanga City Schools Division, DepEd",
        "operator:type": "government",
        "operator:wikidata": "Q3550346",
        "population:pupils": "1572",
        "population:pupils:date": "2015",
        "ref": "303924",
        "start_date": "1967",
        "@geometry": "center"
      },
      "geometry": {
        "type": "Point",
        "coordinates": [
          121.9012706,
          7.0898131
        ]
      },
      "id": "way/830142647"
    },
    {
      "type": "Feature",
      "properties": {
        "@id": "way/834879657",
        "addr:barangay": "Pamucutan",
        "addr:city": "Zamboanga City",
        "addr:place": "Zone 3",
        "addr:postcode": "7000",
        "addr:province": "Zamboanga del Sur",
        "amenity": "school",
        "isced:level": "0;1",
        "name": "Pamucutan Elementary School",
        "operator": "Labuan District of Zamboanga City Schools Division, DepEd",
        "operator:type": "government",
        "operator:wikidata": "Q3550346",
        "population:pupils": "493",
        "population:pupils:date": "2015",
        "ref": "126145",
        "start_date": "1969",
        "@geometry": "center"
      },
      "geometry": {
        "type": "Point",
        "coordinates": [
          121.952519,
          6.9979111
        ]
      },
      "id": "way/834879657"
    },
    {
      "type": "Feature",
      "properties": {
        "@id": "way/835412171",
        "addr:city": "Zamboanga City",
        "addr:place": "Pasilmanta",
        "addr:postcode": "7000",
        "addr:province": "Zamboanga del Sur",
        "amenity": "school",
        "isced:level": "0;1",
        "name": "Pasilmanta Elementary School",
        "operator": "Manicahan District",
        "operator:type": "government",
        "operator:wikidata": "Q130253631",
        "population:pupils": "333",
        "population:pupils:date": "2015",
        "ref": "126168",
        "start_date": "1952",
        "@geometry": "center"
      },
      "geometry": {
        "type": "Point",
        "coordinates": [
          122.2732391,
          6.9921571
        ]
      },
      "id": "way/835412171"
    },
    {
      "type": "Feature",
      "properties": {
        "@id": "way/835412884",
        "addr:barangay": "Manalipa",
        "addr:city": "Zamboanga City",
        "addr:postcode": "7000",
        "addr:province": "Zamboanga del Sur",
        "amenity": "school",
        "isced:level": "0;1",
        "name": "Manalipa Elementary School",
        "operator": "Talon-Talon District of Zamboanga City Schools Division, DepEd",
        "operator:type": "government",
        "operator:wikidata": "Q3550346",
        "population:pupils": "306",
        "population:pupils:date": "2015",
        "ref": "126162",
        "start_date": "1986",
        "@geometry": "center"
      },
      "geometry": {
        "type": "Point",
        "coordinates": [
          122.2734906,
          6.891163
        ]
      },
      "id": "way/835412884"
    },
    {
      "type": "Feature",
      "properties": {
        "@id": "way/835414837",
        "addr:city": "Zamboanga City",
        "addr:place": "Islamia",
        "addr:postcode": "7000",
        "addr:province": "Zamboanga del Sur",
        "addr:village": "Cabaluay",
        "amenity": "school",
        "isced:level": "0;1",
        "name": "Islamia Elementary School",
        "operator": "Mercedes District of Zamboanga City Schools Division, DepEd",
        "operator:type": "government",
        "operator:wikidata": "Q3550346",
        "population:pupils": "235",
        "population:pupils:date": "2015",
        "ref": "126184",
        "start_date": "1960",
        "@geometry": "center"
      },
      "geometry": {
        "type": "Point",
        "coordinates": [
          122.181191,
          7.0049437
        ]
      },
      "id": "way/835414837"
    },
    {
      "type": "Feature",
      "properties": {
        "@id": "way/835415523",
        "addr:barangay": "Lamisahan",
        "addr:city": "Zamboanga City",
        "addr:place": "Nangka",
        "addr:postcode": "7000",
        "addr:province": "Zamboanga del Sur",
        "amenity": "school",
        "isced:level": "0;1",
        "name": "Nangka Elementary School",
        "operator": "Manicahan District of Zamboanga City Schools Division, DepEd",
        "operator:type": "government",
        "operator:wikidata": "Q3550346",
        "population:pupils": "94",
        "population:pupils:date": "2015",
        "ref": "126166",
        "start_date": "1992",
        "@geometry": "center"
      },
      "geometry": {
        "type": "Point",
        "coordinates": [
          122.1701113,
          7.0835025
        ]
      },
      "id": "way/835415523"
    },
    {
      "type": "Feature",
      "properties": {
        "@id": "way/835417133",
        "addr:barangay": "Manicahan",
        "addr:city": "Zamboanga City",
        "addr:place": "Poso",
        "addr:postcode": "7000",
        "addr:province": "Zamboanga del Sur",
        "amenity": "school",
        "isced:level": "0;1",
        "name": "Poso Elementary School",
        "operator": "Manicahan District of Zamboanga City Schools Division, DepEd",
        "operator:type": "government",
        "operator:wikidata": "Q3550346",
        "population:pupils": "261",
        "population:pupils:date": "2015",
        "ref": "126169",
        "start_date": "1969",
        "@geometry": "center"
      },
      "geometry": {
        "type": "Point",
        "coordinates": [
          122.1785404,
          7.0336722
        ]
      },
      "id": "way/835417133"
    },
    {
      "type": "Feature",
      "properties": {
        "@id": "way/835417642",
        "addr:barangay": "Lamisahan",
        "addr:city": "Zamboanga City",
        "addr:postcode": "7000",
        "addr:province": "Zamboanga del Sur",
        "amenity": "school",
        "isced:level": "0;1",
        "name": "Magsaysay Elementary School",
        "operator": "Manicahan District of Zamboanga City Schools Division, DepEd",
        "operator:type": "government",
        "operator:wikidata": "Q3550346",
        "population:pupils": "360",
        "population:pupils:date": "2015",
        "ref": "126161",
        "start_date": "1953",
        "@geometry": "center"
      },
      "geometry": {
        "type": "Point",
        "coordinates": [
          122.1734848,
          7.062168
        ]
      },
      "id": "way/835417642"
    },
    {
      "type": "Feature",
      "properties": {
        "@id": "way/835421599",
        "addr:barangay": "Guisao",
        "addr:city": "Zamboanga City",
        "addr:neighbourhood": "Zone 5",
        "addr:postcode": "7000",
        "addr:province": "Zamboanga del Sur",
        "amenity": "school",
        "isced:level": "0;1",
        "name": "Guisao Elementary School",
        "operator": "Mercedes District of Zamboanga City Schools Division, DepEd",
        "operator:type": "government",
        "operator:wikidata": "Q3550346",
        "population:pupils": "386",
        "population:pupils:date": "2015",
        "ref": "126182",
        "start_date": "1929",
        "@geometry": "center"
      },
      "geometry": {
        "type": "Point",
        "coordinates": [
          122.1531711,
          7.0036498
        ]
      },
      "id": "way/835421599"
    },
    {
      "type": "Feature",
      "properties": {
        "@id": "way/835421827",
        "addr:barangay": "Mercedes",
        "addr:city": "Zamboanga City",
        "addr:neighbourhood": "Santa Filomena",
        "addr:postcode": "7000",
        "addr:province": "Zamboanga del Sur",
        "amenity": "school",
        "isced:level": "0;1",
        "name": "Lumbayao Elementary School",
        "operator": "Mercedes District of Zamboanga City Schools Division, DepEd",
        "operator:type": "government",
        "operator:wikidata": "Q3550346",
        "population:pupils": "167",
        "population:pupils:date": "2015",
        "ref": "126188",
        "start_date": "1965",
        "@geometry": "center"
      },
      "geometry": {
        "type": "Point",
        "coordinates": [
          122.1470117,
          6.9399678
        ]
      },
      "id": "way/835421827"
    },
    {
      "type": "Feature",
      "properties": {
        "@id": "way/835428167",
        "addr:barangay": "Lanzones",
        "addr:city": "Zamboanga City",
        "addr:postcode": "7000",
        "addr:province": "Zamboanga del Sur",
        "amenity": "school",
        "isced:level": "0;1",
        "name": "Buenakapok Elementary School",
        "operator": "Mercedes District of Zamboanga City Schools Division, DepEd",
        "operator:type": "government",
        "operator:wikidata": "Q3550346",
        "population:pupils": "345",
        "population:pupils:date": "2015",
        "ref": "126178",
        "start_date": "1962",
        "@geometry": "center"
      },
      "geometry": {
        "type": "Point",
        "coordinates": [
          122.1305952,
          6.9861929
        ]
      },
      "id": "way/835428167"
    },
    {
      "type": "Feature",
      "properties": {
        "@id": "way/835428722",
        "addr:barangay": "Lapakan",
        "addr:city": "Zamboanga City",
        "addr:place": "Nangka",
        "addr:postcode": "7000",
        "addr:province": "Zamboanga del Sur",
        "amenity": "school",
        "isced:level": "0;1",
        "name": "Nangka Elementary School",
        "operator": "Mercedes District of Zamboanga City Schools Division, DepEd",
        "operator:type": "government",
        "operator:wikidata": "Q3550346",
        "population:pupils": "194",
        "population:pupils:date": "2015",
        "ref": "126191",
        "start_date": "1989",
        "@geometry": "center"
      },
      "geometry": {
        "type": "Point",
        "coordinates": [
          122.1521704,
          7.0586893
        ]
      },
      "id": "way/835428722"
    },
    {
      "type": "Feature",
      "properties": {
        "@id": "way/835431251",
        "addr:barangay": "Bunguiao",
        "addr:city": "Zamboanga City",
        "addr:neighbourhood": "Upper Bunguiao",
        "addr:postcode": "7000",
        "addr:province": "Zamboanga del Sur",
        "amenity": "school",
        "isced:level": "0;1",
        "name": "Sapa Seco Elementary School",
        "operator": "Manicahan District of Zamboanga City Schools Division, DepEd",
        "operator:type": "government",
        "operator:wikidata": "Q3550346",
        "population:pupils": "188",
        "population:pupils:date": "2015",
        "ref": "126171",
        "start_date": "1988",
        "@geometry": "center"
      },
      "geometry": {
        "type": "Point",
        "coordinates": [
          122.1436212,
          7.1080228
        ]
      },
      "id": "way/835431251"
    },
    {
      "type": "Feature",
      "properties": {
        "@id": "way/835653086",
        "addr:barangay": "Bunguiao",
        "addr:city": "Zamboanga City",
        "addr:place": "Udjung",
        "addr:postcode": "7000",
        "addr:province": "Zamboanga del Sur",
        "amenity": "school",
        "isced:level": "0;1",
        "name": "Udjung Elementary School",
        "operator": "Manicahan District of Zamboanga City Schools Division, DepEd",
        "operator:type": "government",
        "operator:wikidata": "Q3550346",
        "population:pupils": "106",
        "population:pupils:date": "2015",
        "ref": "126176",
        "start_date": "1986",
        "@geometry": "center"
      },
      "geometry": {
        "type": "Point",
        "coordinates": [
          122.1678931,
          7.1126491
        ]
      },
      "id": "way/835653086"
    },
    {
      "type": "Feature",
      "properties": {
        "@id": "way/835654087",
        "addr:city": "Zamboanga City",
        "addr:neighbourhood": "Camp Socorro",
        "addr:place": "Dulian",
        "addr:postcode": "7000",
        "addr:province": "Zamboanga del Sur",
        "amenity": "school",
        "isced:level": "0;1",
        "name": "Camp Socorro Elementary School",
        "operator": "Manicahan District of Zamboanga City Schools Division, DepEd",
        "operator:type": "government",
        "operator:wikidata": "Q3550346",
        "population:pupils": "158",
        "population:pupils:date": "2015",
        "ref": "126155",
        "start_date": "1988",
        "@geometry": "center"
      },
      "geometry": {
        "type": "Point",
        "coordinates": [
          122.1295242,
          7.1380978
        ]
      },
      "id": "way/835654087"
    },
    {
      "type": "Feature",
      "properties": {
        "@id": "way/835655042",
        "addr:barangay": "Bunguiao",
        "addr:city": "Zamboanga City",
        "addr:place": "Waray-Waray",
        "addr:postcode": "7000",
        "addr:province": "Zamboanga del Sur",
        "amenity": "school",
        "isced:level": "0;1",
        "name": "Shigeru Memorial Elementary Schoo",
        "operator": "Manicahan District of Zamboanga City Schools Division, DepEd",
        "operator:type": "government",
        "operator:wikidata": "Q3550346",
        "population:pupils": "129",
        "population:pupils:date": "2015",
        "ref": "126172",
        "short_name": "Shigeru Elementary School",
        "start_date": "1996",
        "@geometry": "center"
      },
      "geometry": {
        "type": "Point",
        "coordinates": [
          122.1798365,
          7.1200712
        ]
      },
      "id": "way/835655042"
    },
    {
      "type": "Feature",
      "properties": {
        "@id": "way/835656064",
        "addr:barangay": "Sangali",
        "addr:city": "Zamboanga City",
        "addr:postcode": "7000",
        "addr:province": "Zamboanga del Sur",
        "amenity": "school",
        "isced:level": "0;1",
        "name": "Siguinan Elementary School",
        "operator": "Manicahan District of Zamboanga City Schools Division, DepEd",
        "operator:type": "government",
        "operator:wikidata": "Q3550346",
        "population:pupils": "188",
        "population:pupils:date": "2015",
        "ref": "126173",
        "specialized_education": "special_needs",
        "start_date": "1984",
        "@geometry": "center"
      },
      "geometry": {
        "type": "Point",
        "coordinates": [
          122.1914939,
          7.0827837
        ]
      },
      "id": "way/835656064"
    },
    {
      "type": "Feature",
      "properties": {
        "@id": "way/836046850",
        "addr:barangay": "Dulian",
        "addr:city": "Zamboanga City",
        "addr:postcode": "7000",
        "addr:province": "Zamboanga del Sur",
        "amenity": "school",
        "isced:level": "0;1",
        "name": "Bandera Elementary School",
        "operator": "Santa Maria District of Zamboanga City Schools Division, DepEd",
        "operator:type": "government",
        "operator:wikidata": "Q3550346",
        "population:pupils": "84",
        "population:pupils:date": "2015",
        "ref": "126211",
        "start_date": "1978",
        "@geometry": "center"
      },
      "geometry": {
        "type": "Point",
        "coordinates": [
          122.0283007,
          7.0011727
        ]
      },
      "id": "way/836046850"
    },
    {
      "type": "Feature",
      "properties": {
        "@id": "way/836048384",
        "addr:barangay": "Dulian",
        "addr:city": "Zamboanga City",
        "addr:postcode": "7000",
        "addr:province": "Zamboanga del Sur",
        "amenity": "school",
        "isced:level": "0;1",
        "name": "Dulian Elementary School",
        "operator": "Santa Maria District of Zamboanga City Schools Division, DepEd",
        "operator:type": "government",
        "operator:wikidata": "Q3550346",
        "population:pupils": "145",
        "population:pupils:date": "2015",
        "ref": "126213",
        "start_date": "1917",
        "@geometry": "center"
      },
      "geometry": {
        "type": "Point",
        "coordinates": [
          122.0501475,
          6.9812875
        ]
      },
      "id": "way/836048384"
    },
    {
      "type": "Feature",
      "properties": {
        "@id": "way/836049646",
        "addr:city": "Zamboanga City",
        "addr:place": "Lumbangan",
        "addr:postcode": "7000",
        "addr:province": "Zamboanga del Sur",
        "amenity": "school",
        "isced:level": "0;1",
        "name": "Lumbangan Elementary School",
        "operator": "Putik District of Zamboanga City Schools Division, DepEd",
        "operator:type": "government",
        "operator:wikidata": "Q3550346",
        "population:pupils": "748",
        "population:pupils:date": "2015",
        "ref": "126201",
        "start_date": "1956",
        "@geometry": "center"
      },
      "geometry": {
        "type": "Point",
        "coordinates": [
          122.1031953,
          6.9660177
        ]
      },
      "id": "way/836049646"
    },
    {
      "type": "Feature",
      "properties": {
        "@id": "way/836052473",
        "addr:barangay": "Bunguiao",
        "addr:city": "Zamboanga City",
        "addr:place": "Baluno",
        "addr:postcode": "7000",
        "addr:province": "Zamboanga del Sur",
        "amenity": "school",
        "isced:level": "0;1",
        "name": "Baluno Elementary School",
        "operator": "Manicahan District of Zamboanga City Schools Division, DepEd",
        "operator:type": "government",
        "operator:wikidata": "Q3550346",
        "population:pupils": "107",
        "population:pupils:date": "2015",
        "ref": "126151",
        "start_date": "1968",
        "@geometry": "center"
      },
      "geometry": {
        "type": "Point",
        "coordinates": [
          122.1918334,
          7.1238982
        ]
      },
      "id": "way/836052473"
    },
    {
      "type": "Feature",
      "properties": {
        "@id": "way/836053693",
        "addr:city": "Zamboanga City",
        "addr:place": "Lumayang",
        "addr:postcode": "7000",
        "addr:province": "Zamboanga del Sur",
        "amenity": "school",
        "isced:level": "0;1",
        "name": "Lumayang Elementary School",
        "operator": "Putik District of Zamboanga City Schools Division, DepEd",
        "operator:type": "government",
        "operator:wikidata": "Q3550346",
        "population:pupils": "381",
        "population:pupils:date": "2015",
        "ref": "126200",
        "start_date": "1952",
        "@geometry": "center"
      },
      "geometry": {
        "type": "Point",
        "coordinates": [
          122.0958262,
          6.9892548
        ]
      },
      "id": "way/836053693"
    },
    {
      "type": "Feature",
      "properties": {
        "@id": "way/836356746",
        "addr:barangay": "Limpapa",
        "addr:city": "Zamboanga City",
        "addr:place": "Cabonegro",
        "addr:postcode": "7000",
        "addr:province": "Zamboanga del Sur",
        "alt_name": "Cabonegro Elementary School",
        "amenity": "school",
        "isced:level": "0;1",
        "name": "Latap Elementary School – Cabonegro Annex",
        "operator": "Labuan District of Zamboanga City Schools Division, DepEd",
        "operator:type": "government",
        "operator:wikidata": "Q3550346",
        "population:pupils": "167",
        "population:pupils:date": "2015",
        "ref": "126142",
        "start_date": "2007",
        "@geometry": "center"
      },
      "geometry": {
        "type": "Point",
        "coordinates": [
          121.9388689,
          7.135477
        ]
      },
      "id": "way/836356746"
    },
    {
      "type": "Feature",
      "properties": {
        "@id": "way/836356753",
        "addr:barangay": "Limpapa",
        "addr:city": "Zamboanga City",
        "addr:postcode": "7000",
        "addr:province": "Zamboanga del Sur",
        "amenity": "school",
        "isced:level": "0;1",
        "name": "Latap Elementary School",
        "operator": "Labuan District of Zamboanga City Schools Division, DepEd",
        "operator:type": "government",
        "operator:wikidata": "Q3550346",
        "population:pupils": "261",
        "population:pupils:date": "2015",
        "ref": "126141",
        "start_date": "1960",
        "@geometry": "center"
      },
      "geometry": {
        "type": "Point",
        "coordinates": [
          121.917533,
          7.1273792
        ]
      },
      "id": "way/836356753"
    },
    {
      "type": "Feature",
      "properties": {
        "@id": "way/836358248",
        "addr:barangay": "Salaan",
        "addr:city": "Zamboanga City",
        "addr:place": "Baluno",
        "addr:postcode": "7000",
        "addr:province": "Zamboanga del Sur",
        "amenity": "school",
        "isced:level": "0;1",
        "name": "Baluno Elementary School",
        "operator": "Putik District of Zamboanga City Schools Division, DepEd",
        "operator:type": "government",
        "operator:wikidata": "Q3550346",
        "population:pupils": "169",
        "population:pupils:date": "2015",
        "ref": "126196",
        "start_date": "1976",
        "@geometry": "center"
      },
      "geometry": {
        "type": "Point",
        "coordinates": [
          122.1081469,
          7.045175
        ]
      },
      "id": "way/836358248"
    },
    {
      "type": "Feature",
      "properties": {
        "@id": "way/836634453",
        "addr:city": "Zamboanga City",
        "addr:place": "Salaan",
        "addr:postcode": "7000",
        "addr:province": "Zamboanga del Sur",
        "amenity": "school",
        "isced:level": "0;1",
        "name": "Salaan Elementary School",
        "operator": "Putik District of Zamboanga City Schools Division, DepEd",
        "operator:type": "government",
        "operator:wikidata": "Q3550346",
        "population:pupils": "454",
        "population:pupils:date": "2015",
        "ref": "126205",
        "start_date": "1951",
        "@geometry": "center"
      },
      "geometry": {
        "type": "Point",
        "coordinates": [
          122.1197358,
          6.9859426
        ]
      },
      "id": "way/836634453"
    },
    {
      "type": "Feature",
      "properties": {
        "@id": "way/836641465",
        "addr:barangay": "Tolosa",
        "addr:city": "Zamboanga City",
        "addr:place": "Lanote",
        "addr:postcode": "7000",
        "addr:province": "Zamboanga del Sur",
        "amenity": "school",
        "isced:level": "0;1",
        "name": "Lanote Elementary School",
        "operator": "Mercedes District of Zamboanga City Schools Division, DepEd",
        "operator:type": "government",
        "operator:wikidata": "Q3550346",
        "population:pupils": "122",
        "population:pupils:date": "2015",
        "ref": "126185",
        "start_date": "1989",
        "@geometry": "center"
      },
      "geometry": {
        "type": "Point",
        "coordinates": [
          122.1177003,
          7.0491582
        ]
      },
      "id": "way/836641465"
    },
    {
      "type": "Feature",
      "properties": {
        "@id": "way/836642664",
        "addr:barangay": "Salaan",
        "addr:city": "Zamboanga City",
        "addr:place": "Lugakit",
        "addr:postcode": "7000",
        "addr:province": "Zamboanga del Sur",
        "amenity": "school",
        "isced:level": "0;1",
        "name": "Lugakit Elementary School",
        "operator": "Putik District of Zamboanga City Schools Division, DepEd",
        "operator:type": "government",
        "operator:wikidata": "Q3550346",
        "population:pupils": "220",
        "population:pupils:date": "2015",
        "ref": "126199",
        "start_date": "1976",
        "@geometry": "center"
      },
      "geometry": {
        "type": "Point",
        "coordinates": [
          122.1066898,
          7.012245
        ]
      },
      "id": "way/836642664"
    },
    {
      "type": "Feature",
      "properties": {
        "@id": "way/836707165",
        "addr:barangay": "Tolosa",
        "addr:city": "Zamboanga City",
        "addr:place": "Pangulayan",
        "addr:postcode": "7000",
        "addr:province": "Zamboanga del Sur",
        "amenity": "school",
        "isced:level": "2;3",
        "name": "Tolosa National High School",
        "operator": "Mercedes Distri3ct of Zamboanga City Schools Division, DepEd",
        "operator:type": "government",
        "operator:wikidata": "Q3550346",
        "population:pupils": "382",
        "population:pupils:date": "2015",
        "ref": "303937",
        "start_date": "1998",
        "@geometry": "center"
      },
      "geometry": {
        "type": "Point",
        "coordinates": [
          122.126233,
          7.0435179
        ]
      },
      "id": "way/836707165"
    },
    {
      "type": "Feature",
      "properties": {
        "@id": "way/836707784",
        "addr:city": "Zamboanga City",
        "addr:place": "Tolosa",
        "addr:postcode": "7000",
        "addr:province": "Zamboanga del Sur",
        "amenity": "school",
        "isced:level": "0;1",
        "name": "Tolosa Elementary School",
        "operator": "Mercedes District of Zamboanga City Schools Division, DepEd",
        "operator:type": "government",
        "operator:wikidata": "Q3550346",
        "population:pupils": "237",
        "population:pupils:date": "2015",
        "ref": "126195",
        "start_date": "1960",
        "@geometry": "center"
      },
      "geometry": {
        "type": "Point",
        "coordinates": [
          122.1224787,
          7.0310147
        ]
      },
      "id": "way/836707784"
    },
    {
      "type": "Feature",
      "properties": {
        "@id": "way/836708337",
        "addr:barangay": "Tolosa",
        "addr:city": "Zamboanga City",
        "addr:place": "Pangulayan",
        "addr:postcode": "7000",
        "addr:province": "Zamboanga del Sur",
        "amenity": "school",
        "isced:level": "0;1",
        "name": "Pangulayan Elementary School",
        "operator": "Mercedes District of Zamboanga City Schools Division, DepEd",
        "operator:type": "government",
        "operator:wikidata": "Q3550346",
        "population:pupils": "285",
        "population:pupils:date": "2015",
        "ref": "126192",
        "start_date": "1955",
        "@geometry": "center"
      },
      "geometry": {
        "type": "Point",
        "coordinates": [
          122.1278781,
          7.0463319
        ]
      },
      "id": "way/836708337"
    },
    {
      "type": "Feature",
      "properties": {
        "@id": "way/836708338",
        "building": "roof",
        "layer": "1",
        "leisure": "pitch",
        "sport": "basketball",
        "@geometry": "center"
      },
      "geometry": {
        "type": "Point",
        "coordinates": [
          122.1279442,
          7.04561
        ]
      },
      "id": "way/836708338"
    },
    {
      "type": "Feature",
      "properties": {
        "@id": "way/836709328",
        "addr:barangay": "Tolosa",
        "addr:city": "Zamboanga City",
        "addr:place": "Imelda",
        "addr:postcode": "7000",
        "addr:province": "Zamboanga del Sur",
        "amenity": "school",
        "isced:level": "0;1",
        "name": "Imelda Elementary School",
        "operator": "Mercedes District of Zamboanga City Schools Division, DepEd",
        "operator:type": "government",
        "operator:wikidata": "Q3550346",
        "population:pupils": "194",
        "population:pupils:date": "2015",
        "ref": "126183",
        "start_date": "1981",
        "@geometry": "center"
      },
      "geometry": {
        "type": "Point",
        "coordinates": [
          122.1236832,
          7.087565
        ]
      },
      "id": "way/836709328"
    },
    {
      "type": "Feature",
      "properties": {
        "@id": "way/836713023",
        "addr:barangay": "Bunguiao",
        "addr:city": "Zamboanga City",
        "addr:neighbourhood": "Zone 5",
        "addr:postcode": "7000",
        "addr:province": "Zamboanga del Sur",
        "amenity": "school",
        "isced:level": "2;3",
        "name": "Bunguiao National High School",
        "operator": "Manicahan District of Zamboanga City Schools Division, DepEd",
        "operator:type": "government",
        "operator:wikidata": "Q3550346",
        "population:pupils": "496",
        "population:pupils:date": "2015",
        "ref": "303918",
        "start_date": "1989",
        "@geometry": "center"
      },
      "geometry": {
        "type": "Point",
        "coordinates": [
          122.1918613,
          7.104109
        ]
      },
      "id": "way/836713023"
    },
    {
      "type": "Feature",
      "properties": {
        "@id": "way/836713033",
        "addr:barangay": "Bunguiao",
        "addr:city": "Zamboanga City",
        "addr:place": "Purok 2",
        "addr:postcode": "7000",
        "addr:province": "Zamboanga del Sur",
        "amenity": "school",
        "isced:level": "0;1",
        "name": "Bunguiao Elementary School",
        "operator": "Manicahan District of Zamboanga City Schools Division, DepEd",
        "operator:type": "government",
        "operator:wikidata": "Q3550346",
        "population:pupils": "984",
        "population:pupils:date": "2015",
        "ref": "126153",
        "specialized_education": "special_needs",
        "start_date": "1943",
        "@geometry": "center"
      },
      "geometry": {
        "type": "Point",
        "coordinates": [
          122.1957904,
          7.1040136
        ]
      },
      "id": "way/836713033"
    },
    {
      "type": "Feature",
      "properties": {
        "@id": "way/836714191",
        "addr:barangay": "Bunguiao",
        "addr:city": "Zamboanga City",
        "addr:place": "Dulian",
        "addr:postcode": "7000",
        "addr:province": "Zamboanga del Sur",
        "amenity": "school",
        "isced:level": "0;1",
        "name": "Dulian Elementary School",
        "operator": "Manicahan District of Zamboanga City Schools Division, DepEd",
        "operator:type": "government",
        "operator:wikidata": "Q3550346",
        "population:pupils": "209",
        "population:pupils:date": "2015",
        "ref": "126157",
        "start_date": "1955",
        "@geometry": "center"
      },
      "geometry": {
        "type": "Point",
        "coordinates": [
          122.1812317,
          7.1499715
        ]
      },
      "id": "way/836714191"
    },
    {
      "type": "Feature",
      "properties": {
        "@id": "way/836716006",
        "addr:barangay": "Bermuda Licomo",
        "addr:city": "Zamboanga City",
        "addr:postcode": "7000",
        "addr:province": "Zamboanga del Sur",
        "amenity": "school",
        "isced:level": "0;1",
        "name": "Bermuda Elementary School",
        "operator": "Vitali District of Zamboanga City Schools Division, DepEd",
        "operator:type": "government",
        "operator:wikidata": "Q3550346",
        "population:pupils": "124",
        "population:pupils:date": "2015",
        "ref": "126246",
        "start_date": "1976",
        "@geometry": "center"
      },
      "geometry": {
        "type": "Point",
        "coordinates": [
          122.2729137,
          7.4679409
        ]
      },
      "id": "way/836716006"
    },
    {
      "type": "Feature",
      "properties": {
        "@id": "way/836719820",
        "addr:barangay": "Licomo",
        "addr:city": "Zamboanga City",
        "addr:place": "Sinoropan",
        "addr:postcode": "7000",
        "addr:province": "Zamboanga del Sur",
        "amenity": "school",
        "isced:level": "0;1",
        "name": "Sinoropan Elementary School",
        "operator": "Vitali District of Zamboanga City Schools Division, DepEd",
        "operator:type": "government",
        "operator:wikidata": "Q3550346",
        "population:pupils": "416",
        "population:pupils:date": "2015",
        "ref": "126245",
        "start_date": "1995",
        "@geometry": "center"
      },
      "geometry": {
        "type": "Point",
        "coordinates": [
          122.2962744,
          7.4431358
        ]
      },
      "id": "way/836719820"
    },
    {
      "type": "Feature",
      "properties": {
        "@id": "way/836722875",
        "addr:barangay": "Tictapul",
        "addr:city": "Zamboanga City",
        "addr:postcode": "7000",
        "addr:province": "Zamboanga del Sur",
        "amenity": "school",
        "isced:level": "0;1",
        "name": "Tictapul Elementary School",
        "operator": "Vitali District of Zamboanga City Schools Division, DepEd",
        "operator:type": "government",
        "operator:wikidata": "Q3550346",
        "population:pupils": "721",
        "population:pupils:date": "2015",
        "ref": "126254",
        "start_date": "1969",
        "@geometry": "center"
      },
      "geometry": {
        "type": "Point",
        "coordinates": [
          122.3272258,
          7.4164346
        ]
      },
      "id": "way/836722875"
    },
    {
      "type": "Feature",
      "properties": {
        "@id": "way/836722886",
        "building": "roof",
        "layer": "1",
        "leisure": "sports_hall",
        "sport": "multi",
        "@geometry": "center"
      },
      "geometry": {
        "type": "Point",
        "coordinates": [
          122.3257114,
          7.4173465
        ]
      },
      "id": "way/836722886"
    },
    {
      "type": "Feature",
      "properties": {
        "@id": "way/836722887",
        "amenity": "townhall",
        "building": "yes",
        "@geometry": "center"
      },
      "geometry": {
        "type": "Point",
        "coordinates": [
          122.3255023,
          7.4171368
        ]
      },
      "id": "way/836722887"
    },
    {
      "type": "Feature",
      "properties": {
        "@id": "way/836723767",
        "addr:barangay": "Tictapul",
        "addr:city": "Zamboanga City",
        "addr:postcode": "7000",
        "addr:province": "Zamboanga del Sur",
        "amenity": "school",
        "isced:level": "2;3",
        "name": "Tictapul National High School",
        "operator": "Vitali District of Zamboanga City Schools Division, DepEd",
        "operator:type": "government",
        "operator:wikidata": "Q3550346",
        "population:pupils": "563",
        "population:pupils:date": "2015",
        "ref": "303936",
        "start_date": "1997",
        "@geometry": "center"
      },
      "geometry": {
        "type": "Point",
        "coordinates": [
          122.3232125,
          7.4162004
        ]
      },
      "id": "way/836723767"
    },
    {
      "type": "Feature",
      "properties": {
        "@id": "way/836724831",
        "addr:barangay": "Licomo",
        "addr:city": "Zamboanga City",
        "addr:place": "Talaga Lawis",
        "addr:postcode": "7000",
        "addr:province": "Zamboanga del Sur",
        "amenity": "school",
        "isced:level": "0;1",
        "name": "Talaga Elementary School",
        "operator": "Vitali District of Zamboanga City Schools Division, DepEd",
        "operator:type": "government",
        "operator:wikidata": "Q3550346",
        "population:pupils": "200",
        "population:pupils:date": "2015",
        "ref": "126250",
        "start_date": "2000",
        "@geometry": "center"
      },
      "geometry": {
        "type": "Point",
        "coordinates": [
          122.3443495,
          7.4341564
        ]
      },
      "id": "way/836724831"
    },
    {
      "type": "Feature",
      "properties": {
        "@id": "way/836725703",
        "addr:barangay": "Tictapul",
        "addr:city": "Zamboanga City",
        "addr:place": "Tarlago",
        "addr:postcode": "7000",
        "addr:province": "Zamboanga del Sur",
        "amenity": "school",
        "isced:level": "0;1",
        "name": "Tarlago Elementary School",
        "operator": "Vitali District of Zamboanga City Schools Division, DepEd",
        "operator:type": "government",
        "operator:wikidata": "Q3550346",
        "population:pupils": "232",
        "population:pupils:date": "2015",
        "ref": "126253",
        "start_date": "1976",
        "@geometry": "center"
      },
      "geometry": {
        "type": "Point",
        "coordinates": [
          122.3151594,
          7.4046335
        ]
      },
      "id": "way/836725703"
    },
    {
      "type": "Feature",
      "properties": {
        "@id": "way/837314562",
        "addr:barangay": "Vitali",
        "addr:city": "Zamboanga City",
        "addr:place": "Linduman",
        "addr:postcode": "7000",
        "addr:province": "Zamboanga del Sur",
        "amenity": "school",
        "isced:level": "0;1",
        "name": "Linduman Elementary School",
        "operator": "Vitali District of Zamboanga City Schools Division, DepEd",
        "operator:type": "government",
        "operator:wikidata": "Q3550346",
        "population:pupils": "251",
        "population:pupils:date": "2015",
        "ref": "126237",
        "start_date": "1983",
        "@geometry": "center"
      },
      "geometry": {
        "type": "Point",
        "coordinates": [
          122.2871131,
          7.40918
        ]
      },
      "id": "way/837314562"
    },
    {
      "type": "Feature",
      "properties": {
        "@id": "way/837318357",
        "addr:barangay": "Limaong",
        "addr:city": "Zamboanga City",
        "addr:place": "Sibuktok",
        "addr:postcode": "7000",
        "addr:province": "Zamboanga del Sur",
        "amenity": "school",
        "isced:level": "0;1",
        "name": "Sibuktok Elementary School",
        "operator": "Vitali District of Zamboanga City Schools Division, DepEd",
        "operator:type": "government",
        "operator:wikidata": "Q3550346",
        "population:pupils": "221",
        "population:pupils:date": "2015",
        "ref": "126243",
        "start_date": "2000",
        "@geometry": "center"
      },
      "geometry": {
        "type": "Point",
        "coordinates": [
          122.317919,
          7.322653
        ]
      },
      "id": "way/837318357"
    },
    {
      "type": "Feature",
      "properties": {
        "@id": "way/837318919",
        "addr:barangay": "Limaong",
        "addr:city": "Zamboanga City",
        "addr:place": "Malanta",
        "addr:postcode": "7000",
        "addr:province": "Zamboanga del Sur",
        "amenity": "school",
        "isced:level": "0;1",
        "name": "Malanta Elementary School",
        "operator": "Vitali District of Zamboanga City Schools Division, DepEd",
        "operator:type": "government",
        "operator:wikidata": "Q3550346",
        "population:pupils": "166",
        "population:pupils:date": "2015",
        "ref": "126238",
        "start_date": "1994",
        "@geometry": "center"
      },
      "geometry": {
        "type": "Point",
        "coordinates": [
          122.3487413,
          7.3307859
        ]
      },
      "id": "way/837318919"
    },
    {
      "type": "Feature",
      "properties": {
        "@id": "way/837321188",
        "addr:city": "Zamboanga City",
        "addr:district": "Limaong",
        "addr:place": "Tigui",
        "addr:postcode": "7000",
        "addr:province": "Zamboanga del Sur",
        "amenity": "school",
        "isced:level": "0;1",
        "name": "Tigui Elementary School",
        "old_name": "Tigui Primary School",
        "operator": "Vitali District of Zamboanga City Schools Division, DepEd",
        "operator:type": "government",
        "operator:wikidata": "Q3550346",
        "population:pupils": "195",
        "population:pupils:date": "2015",
        "ref": "126256",
        "start_date": "1994",
        "@geometry": "center"
      },
      "geometry": {
        "type": "Point",
        "coordinates": [
          122.3672202,
          7.3504208
        ]
      },
      "id": "way/837321188"
    },
    {
      "type": "Feature",
      "properties": {
        "@id": "way/837322791",
        "addr:barangay": "Tumitus",
        "addr:city": "Zamboanga City",
        "addr:place": "Dain-hinu",
        "addr:postcode": "7000",
        "addr:province": "Zamboanga del Sur",
        "amenity": "school",
        "isced:level": "0;1",
        "name": "Tumitus Elementary School",
        "operator": "Vitali District of Zamboanga City Schools Division, DepEd",
        "operator:type": "government",
        "operator:wikidata": "Q3550346",
        "population:pupils": "451",
        "population:pupils:date": "2015",
        "ref": "126258",
        "start_date": "1959",
        "@geometry": "center"
      },
      "geometry": {
        "type": "Point",
        "coordinates": [
          122.3777379,
          7.3904545
        ]
      },
      "id": "way/837322791"
    },
    {
      "type": "Feature",
      "properties": {
        "@id": "way/837323953",
        "addr:city": "Zamboanga City",
        "addr:district": "Limaong",
        "addr:place": "Centro",
        "addr:postcode": "7000",
        "addr:province": "Zamboanga del Sur",
        "amenity": "school",
        "isced:level": "0;1",
        "name": "Limaong Elementary School",
        "operator": "Vitali District of Zamboanga City Schools Division, DepEd",
        "operator:type": "government",
        "operator:wikidata": "Q3550346",
        "population:pupils": "356",
        "population:pupils:date": "2015",
        "ref": "126236",
        "start_date": "1951",
        "@geometry": "center"
      },
      "geometry": {
        "type": "Point",
        "coordinates": [
          122.3535969,
          7.3636117
        ]
      },
      "id": "way/837323953"
    },
    {
      "type": "Feature",
      "properties": {
        "@id": "way/837324412",
        "addr:barangay": "Limaong",
        "addr:city": "Zamboanga City",
        "addr:postcode": "7000",
        "addr:province": "Zamboanga del Sur",
        "amenity": "school",
        "isced:level": "2;3",
        "name": "Limaong National High School",
        "operator": "Vitali District of Zamboanga City Schools Division, DepEd",
        "operator:type": "government",
        "operator:wikidata": "Q3550346",
        "population:pupils": "372",
        "population:pupils:date": "2015",
        "ref": "303926",
        "start_date": "1997",
        "@geometry": "center"
      },
      "geometry": {
        "type": "Point",
        "coordinates": [
          122.3532966,
          7.3710463
        ]
      },
      "id": "way/837324412"
    },
    {
      "type": "Feature",
      "properties": {
        "@id": "way/837325451",
        "addr:barangay": "Limaong",
        "addr:city": "Zamboanga City",
        "addr:place": "Matarling",
        "addr:postcode": "7000",
        "addr:province": "Zamboanga del Sur",
        "amenity": "school",
        "isced:level": "0;1",
        "name": "Matarling Elementary School",
        "old_name": "Matarling Primary School",
        "operator": "Vitali District of Zamboanga City Schools Division, DepEd",
        "operator:type": "government",
        "operator:wikidata": "Q3550346",
        "population:pupils": "109",
        "population:pupils:date": "2015",
        "ref": "126240",
        "start_date": "1999",
        "@geometry": "center"
      },
      "geometry": {
        "type": "Point",
        "coordinates": [
          122.3450103,
          7.3472715
        ]
      },
      "id": "way/837325451"
    },
    {
      "type": "Feature",
      "properties": {
        "@id": "way/837326618",
        "addr:barangay": "Mangusu",
        "addr:city": "Zamboanga City",
        "addr:postcode": "7000",
        "addr:province": "Zamboanga del Sur",
        "amenity": "school",
        "isced:level": "0;1",
        "name": "Dr. Manuel Diaz Memorial Elementary School",
        "operator": "Vitali District of Zamboanga City Schools Division, DepEd",
        "operator:type": "government",
        "operator:wikidata": "Q3550346",
        "population:pupils": "443",
        "population:pupils:date": "2015",
        "ref": "126234",
        "start_date": "1987",
        "@geometry": "center"
      },
      "geometry": {
        "type": "Point",
        "coordinates": [
          122.3033507,
          7.3470238
        ]
      },
      "id": "way/837326618"
    },
    {
      "type": "Feature",
      "properties": {
        "@id": "way/837326625",
        "building": "roof",
        "layer": "1",
        "leisure": "sports_hall",
        "sport": "multi",
        "@geometry": "center"
      },
      "geometry": {
        "type": "Point",
        "coordinates": [
          122.3034772,
          7.348273
        ]
      },
      "id": "way/837326625"
    },
    {
      "type": "Feature",
      "properties": {
        "@id": "way/837326939",
        "addr:barangay": "Vitali",
        "addr:city": "Zamboanga City",
        "addr:place": "Tindalo",
        "addr:postcode": "7000",
        "addr:province": "Zamboanga del Sur",
        "amenity": "school",
        "isced:level": "0;1",
        "name": "Tindalo Elementary School",
        "operator": "Vitali District of Zamboanga City Schools Division, DepEd",
        "operator:type": "government",
        "operator:wikidata": "Q3550346",
        "population:pupils": "257",
        "population:pupils:date": "2015",
        "ref": "126257",
        "start_date": "1973",
        "@geometry": "center"
      },
      "geometry": {
        "type": "Point",
        "coordinates": [
          122.3028782,
          7.368141
        ]
      },
      "id": "way/837326939"
    },
    {
      "type": "Feature",
      "properties": {
        "@id": "way/837523684",
        "addr:barangay": "Vitali",
        "addr:city": "Zamboanga City",
        "addr:place": "Upper Tamion",
        "addr:postcode": "7000",
        "addr:province": "Zamboanga del Sur",
        "amenity": "school",
        "isced:level": "0;1",
        "name": "Tamion Elementary School",
        "operator": "Vitali District of Zamboanga City Schools Division, DepEd",
        "operator:type": "government",
        "operator:wikidata": "Q3550346",
        "population:pupils": "147",
        "population:pupils:date": "2015",
        "ref": "126252",
        "start_date": "1976",
        "@geometry": "center"
      },
      "geometry": {
        "type": "Point",
        "coordinates": [
          122.2731291,
          7.3875332
        ]
      },
      "id": "way/837523684"
    },
    {
      "type": "Feature",
      "properties": {
        "@id": "way/837525177",
        "addr:barangay": "Mangusu",
        "addr:city": "Zamboanga City",
        "addr:place": "Bincul",
        "addr:postcode": "7000",
        "addr:province": "Zamboanga del Sur",
        "amenity": "school",
        "isced:level": "0;1",
        "name": "Bincul Elementary School",
        "operator": "Vitali District of Zamboanga City Schools Division, DepEd",
        "operator:type": "government",
        "operator:wikidata": "Q3550346",
        "population:pupils": "169",
        "population:pupils:date": "2015",
        "ref": "126232",
        "start_date": "1970",
        "@geometry": "center"
      },
      "geometry": {
        "type": "Point",
        "coordinates": [
          122.2726469,
          7.3553002
        ]
      },
      "id": "way/837525177"
    },
    {
      "type": "Feature",
      "properties": {
        "@id": "way/837525853",
        "addr:city": "Zamboanga City",
        "addr:place": "Buenavista",
        "addr:postcode": "7000",
        "addr:province": "Zamboanga del Sur",
        "amenity": "school",
        "isced:level": "0;1",
        "name": "Buenavista Elementary School",
        "operator": "Curuan District of Zamboanga City Schools Division, DepEd",
        "operator:type": "government",
        "operator:wikidata": "Q3550346",
        "population:pupils": "1200",
        "population:pupils:date": "2015",
        "ref": "126116",
        "start_date": "1948",
        "@geometry": "center"
      },
      "geometry": {
        "type": "Point",
        "coordinates": [
          122.2578729,
          7.2387369
        ]
      },
      "id": "way/837525853"
    },
    {
      "type": "Feature",
      "properties": {
        "@id": "way/837526223",
        "addr:barangay": "Mangusu",
        "addr:city": "Zamboanga City",
        "addr:place": "Mulawin",
        "addr:postcode": "7000",
        "addr:province": "Zamboanga del Sur",
        "amenity": "school",
        "isced:level": "0;1",
        "name": "Mulawin Elementary School",
        "operator": "Vitali District of Zamboanga City Schools Division, DepEd",
        "operator:type": "government",
        "operator:wikidata": "Q3550346",
        "population:pupils": "158",
        "population:pupils:date": "2015",
        "ref": "126242",
        "start_date": "1972",
        "@geometry": "center"
      },
      "geometry": {
        "type": "Point",
        "coordinates": [
          122.2847857,
          7.3403862
        ]
      },
      "id": "way/837526223"
    },
    {
      "type": "Feature",
      "properties": {
        "@id": "way/837527195",
        "addr:barangay": "Vitali",
        "addr:city": "Zamboanga City",
        "addr:place": "Tagpangi",
        "addr:postcode": "7000",
        "addr:province": "Zamboanga del Sur",
        "amenity": "school",
        "isced:level": "0;1",
        "name": "Tagpangi Elementary School",
        "operator": "Vitali District of Zamboanga City Schools Division, DepEd",
        "operator:type": "government",
        "operator:wikidata": "Q3550346",
        "population:pupils": "262",
        "population:pupils:date": "2015",
        "ref": "126248",
        "start_date": "1963",
        "@geometry": "center"
      },
      "geometry": {
        "type": "Point",
        "coordinates": [
          122.2638352,
          7.380183
        ]
      },
      "id": "way/837527195"
    },
    {
      "type": "Feature",
      "properties": {
        "@id": "way/837528074",
        "addr:barangay": "Tigbalabag",
        "addr:city": "Zamboanga City",
        "addr:place": "Tigbalabag",
        "addr:postcode": "7000",
        "addr:province": "Zamboanga del Sur",
        "amenity": "school",
        "isced:level": "0;1",
        "name": "Tigbalabag Elementary School",
        "operator": "Department of Education",
        "operator:short": "DepEd",
        "operator:type": "government",
        "operator:wikidata": "Q3550346",
        "population:pupils": "210",
        "population:pupils:date": "2015",
        "ref": "126255",
        "start_date": "1962",
        "@geometry": "center"
      },
      "geometry": {
        "type": "Point",
        "coordinates": [
          122.2762473,
          7.3280214
        ]
      },
      "id": "way/837528074"
    },
    {
      "type": "Feature",
      "properties": {
        "@id": "way/837564615",
        "addr:city": "Zamboanga City",
        "addr:place": "Taguiti",
        "addr:postcode": "7000",
        "addr:province": "Zamboanga del Sur",
        "amenity": "school",
        "isced:level": "0;1",
        "name": "Taguiti Elementary School",
        "operator": "Vitali District of Zamboanga City Schools Division, DepEd",
        "operator:type": "government",
        "operator:wikidata": "Q3550346",
        "population:pupils": "208",
        "population:pupils:date": "2015",
        "ref": "126249",
        "start_date": "1993",
        "@geometry": "center"
      },
      "geometry": {
        "type": "Point",
        "coordinates": [
          122.2820118,
          7.3062677
        ]
      },
      "id": "way/837564615"
    },
    {
      "type": "Feature",
      "properties": {
        "@id": "way/838492291",
        "addr:barangay": "Lubigan",
        "addr:city": "Zamboanga City",
        "addr:postcode": "7000",
        "addr:province": "Zamboanga del Sur",
        "addr:street": "Maria Clara L. Lobregat Highway",
        "amenity": "school",
        "isced:level": "0;1",
        "name": "Lubigan Elementary School",
        "name:cbk": "Escuela Elementaria de Lubigan",
        "operator": "Curuan District of Zamboanga City Schools Division, DepEd",
        "operator:type": "government",
        "operator:wikidata": "Q3550346",
        "population:pupils": "372",
        "population:pupils:date": "2015",
        "ref": "126124",
        "start_date": "1950",
        "@geometry": "center"
      },
      "geometry": {
        "type": "Point",
        "coordinates": [
          122.2338793,
          7.1462358
        ]
      },
      "id": "way/838492291"
    },
    {
      "type": "Feature",
      "properties": {
        "@id": "way/838493824",
        "addr:barangay": "Curuan",
        "addr:city": "Zamboanga City",
        "addr:postcode": "7000",
        "addr:province": "Zamboanga del Sur",
        "addr:street": "Maria Clara L. Lobregat Highway",
        "amenity": "school",
        "isced:level": "2;3",
        "name": "Lubigan National High School - Curuan Annex",
        "operator": "Ayala District of Zamboanga City Schools Division, DepEd",
        "operator:type": "government",
        "operator:wikidata": "Q3550346",
        "population:pupils": "262",
        "population:pupils:date": "2015",
        "ref": "314802",
        "start_date": "2007",
        "@geometry": "center"
      },
      "geometry": {
        "type": "Point",
        "coordinates": [
          122.2326086,
          7.1412571
        ]
      },
      "id": "way/838493824"
    },
    {
      "type": "Feature",
      "properties": {
        "@id": "way/839534099",
        "amenity": "hospital",
        "healthcare": "hospital",
        "name": "Cristino Paragas Memorial Hospital",
        "operator": "Zamboanga City Health Office",
        "operator:type": "government",
        "@geometry": "center"
      },
      "geometry": {
        "type": "Point",
        "coordinates": [
          122.2197302,
          7.1831435
        ]
      },
      "id": "way/839534099"
    },
    {
      "type": "Feature",
      "properties": {
        "@id": "way/839534421",
        "addr:barangay": "Curuan",
        "addr:city": "Zamboanga City",
        "addr:place": "Mina",
        "addr:postcode": "7000",
        "addr:province": "Zamboanga del Sur",
        "amenity": "school",
        "isced:level": "0;1",
        "name": "Mina Elementary School",
        "operator": "Curuan District of Zamboanga City Schools Division, DepEd",
        "operator:type": "government",
        "operator:wikidata": "Q3550346",
        "population:pupils": "260",
        "population:pupils:date": "2015",
        "ref": "126126",
        "start_date": "1980",
        "@geometry": "center"
      },
      "geometry": {
        "type": "Point",
        "coordinates": [
          122.1961453,
          7.1935408
        ]
      },
      "id": "way/839534421"
    },
    {
      "type": "Feature",
      "properties": {
        "@id": "way/839534923",
        "addr:barangay": "Curuan",
        "addr:city": "Zamboanga City",
        "addr:place": "Bagacay",
        "addr:postcode": "7000",
        "addr:province": "Zamboanga del Sur",
        "amenity": "school",
        "isced:level": "0;1",
        "name": "Bagacay Elementary School",
        "operator": "Curuan District of Zamboanga City Schools Division, DepEd",
        "operator:type": "government",
        "operator:wikidata": "Q3550346",
        "population:pupils": "76",
        "population:pupils:date": "2015",
        "ref": "126115",
        "start_date": "1991",
        "@geometry": "center"
      },
      "geometry": {
        "type": "Point",
        "coordinates": [
          122.1724378,
          7.191391
        ]
      },
      "id": "way/839534923"
    },
    {
      "type": "Feature",
      "properties": {
        "@id": "way/839535564",
        "addr:barangay": "Curuan",
        "addr:city": "Zamboanga City",
        "addr:neighbourhood": "Sapa Manok",
        "addr:postcode": "7000",
        "addr:province": "Zamboanga del Sur",
        "amenity": "school",
        "isced:level": "0;1",
        "name": "Sapa Manok Elementary School",
        "operator": "Curuan District of Zamboanga City Schools Division, DepEd",
        "operator:type": "government",
        "operator:wikidata": "Q3550346",
        "population:pupils": "172",
        "population:pupils:date": "2015",
        "ref": "126130",
        "start_date": "1982",
        "@geometry": "center"
      },
      "geometry": {
        "type": "Point",
        "coordinates": [
          122.1882141,
          7.2095963
        ]
      },
      "id": "way/839535564"
    },
    {
      "type": "Feature",
      "properties": {
        "@id": "way/839536181",
        "leisure": "pitch",
        "sport": "basketball",
        "@geometry": "center"
      },
      "geometry": {
        "type": "Point",
        "coordinates": [
          122.2143282,
          7.2206701
        ]
      },
      "id": "way/839536181"
    },
    {
      "type": "Feature",
      "properties": {
        "@id": "way/839536187",
        "addr:barangay": "Latuan",
        "addr:city": "Zamboanga City",
        "addr:postcode": "7000",
        "addr:province": "Zamboanga del Sur",
        "amenity": "school",
        "isced:level": "0;1",
        "name": "Sapa Moro Elementary School",
        "operator": "Curuan District of Zamboanga City Schools Division, DepEd",
        "operator:type": "government",
        "operator:wikidata": "Q3550346",
        "population:pupils": "188",
        "population:pupils:date": "2015",
        "ref": "126131",
        "start_date": "1995",
        "@geometry": "center"
      },
      "geometry": {
        "type": "Point",
        "coordinates": [
          122.2140155,
          7.2204553
        ]
      },
      "id": "way/839536187"
    },
    {
      "type": "Feature",
      "properties": {
        "@id": "way/839536486",
        "addr:barangay": "Curuan",
        "addr:city": "Zamboanga City",
        "addr:neighbourhood": "Camp Pilar",
        "addr:postcode": "7000",
        "addr:province": "Zamboanga del Sur",
        "amenity": "school",
        "isced:level": "0;1",
        "name": "Camp Pilar Elementary School",
        "operator": "Curuan District of Zamboanga City Schools Division, DepEd",
        "operator:type": "government",
        "operator:wikidata": "Q3550346",
        "population:pupils": "158",
        "population:pupils:date": "2015",
        "ref": "126118",
        "start_date": "1979",
        "@geometry": "center"
      },
      "geometry": {
        "type": "Point",
        "coordinates": [
          122.1632221,
          7.2209289
        ]
      },
      "id": "way/839536486"
    },
    {
      "type": "Feature",
      "properties": {
        "@id": "way/839557594",
        "addr:city": "Zamboanga City",
        "addr:place": "Calabasa",
        "addr:postcode": "7000",
        "addr:province": "Zamboanga del Sur",
        "amenity": "school",
        "isced:level": "0;1",
        "name": "Calabasa Elementary School",
        "operator": "Curuan District of Zamboanga City Schools Division, DepEd",
        "operator:type": "government",
        "operator:wikidata": "Q3550346",
        "population:pupils": "410",
        "population:pupils:date": "2015",
        "ref": "126117",
        "start_date": "1949",
        "@geometry": "center"
      },
      "geometry": {
        "type": "Point",
        "coordinates": [
          122.2337361,
          7.2463483
        ]
      },
      "id": "way/839557594"
    },
    {
      "type": "Feature",
      "properties": {
        "@id": "way/839801197",
        "addr:barangay": "Calabasa",
        "addr:city": "Zamboanga City",
        "addr:neighbourhood": "Sapa Dulian",
        "addr:postcode": "7000",
        "addr:province": "Zamboanga del Sur",
        "amenity": "school",
        "isced:level": "0;1",
        "name": "Sapa Dulian Elementary School",
        "operator": "Curuan District of Zamboanga City Schools Division, DepEd",
        "operator:type": "government",
        "operator:wikidata": "Q3550346",
        "population:pupils": "89",
        "population:pupils:date": "2015",
        "ref": "126129",
        "start_date": "1987",
        "@geometry": "center"
      },
      "geometry": {
        "type": "Point",
        "coordinates": [
          122.2142395,
          7.2789855
        ]
      },
      "id": "way/839801197"
    },
    {
      "type": "Feature",
      "properties": {
        "@id": "way/839803377",
        "addr:barangay": "Latuan",
        "addr:city": "Zamboanga City",
        "addr:postcode": "7000",
        "addr:province": "Zamboanga del Sur",
        "amenity": "school",
        "isced:level": "0;1",
        "name": "Latuan Elementary School",
        "operator": "Curuan District of Zamboanga City Schools Division, DepEd",
        "operator:type": "government",
        "operator:wikidata": "Q3550346",
        "population:pupils": "175",
        "population:pupils:date": "2015",
        "ref": "126123",
        "start_date": "1960",
        "@geometry": "center"
      },
      "geometry": {
        "type": "Point",
        "coordinates": [
          122.206145,
          7.2318744
        ]
      },
      "id": "way/839803377"
    },
    {
      "type": "Feature",
      "properties": {
        "@id": "way/839805676",
        "addr:barangay": "Muti",
        "addr:city": "Zamboanga City",
        "addr:place": "Purok 2",
        "addr:postcode": "7000",
        "addr:province": "Zamboanga del Sur",
        "amenity": "school",
        "isced:level": "0;1",
        "name": "Muti Elementary School",
        "operator": "Curuan District of Zamboanga City Schools Division, DepEd",
        "operator:type": "government",
        "operator:wikidata": "Q3550346",
        "population:pupils": "376",
        "population:pupils:date": "2015",
        "ref": "126127",
        "start_date": "1951",
        "@geometry": "center"
      },
      "geometry": {
        "type": "Point",
        "coordinates": [
          122.2798074,
          7.2727465
        ]
      },
      "id": "way/839805676"
    },
    {
      "type": "Feature",
      "properties": {
        "@id": "way/839805691",
        "addr:barangay": "Muti",
        "addr:city": "Zamboanga City",
        "addr:place": "Niyog-niyog",
        "addr:postcode": "7000",
        "addr:province": "Zamboanga del Sur",
        "amenity": "school",
        "isced:level": "0;1",
        "name": "Niyog-niyog Elementary School",
        "operator": "Curuan District of Zamboanga City Schools Division, DepEd",
        "operator:type": "government",
        "operator:wikidata": "Q3550346",
        "ref": "126127",
        "@geometry": "center"
      },
      "geometry": {
        "type": "Point",
        "coordinates": [
          122.2784394,
          7.2549567
        ]
      },
      "id": "way/839805691"
    },
    {
      "type": "Feature",
      "properties": {
        "@id": "way/839806445",
        "addr:barangay": "Muti",
        "addr:city": "Zamboanga City",
        "addr:neighbourhood": "Marangan",
        "addr:postcode": "7000",
        "addr:province": "Zamboanga del Sur",
        "amenity": "school",
        "isced:level": "0;1",
        "name": "Marangan Elementary School",
        "operator": "Curuan District of Zamboanga City Schools Division, DepEd",
        "operator:type": "government",
        "operator:wikidata": "Q3550346",
        "population:pupils": "116",
        "population:pupils:date": "2015",
        "ref": "126125",
        "start_date": "1960",
        "@geometry": "center"
      },
      "geometry": {
        "type": "Point",
        "coordinates": [
          122.2685606,
          7.2785474
        ]
      },
      "id": "way/839806445"
    },
    {
      "type": "Feature",
      "properties": {
        "@id": "way/839807157",
        "addr:city": "Zamboanga City",
        "addr:place": "Tagasilay",
        "addr:postcode": "7000",
        "addr:province": "Zamboanga del Sur",
        "amenity": "school",
        "isced:level": "2;3",
        "name": "Tagasilay National High School",
        "operator": "Vitali District of Zamboanga City Schools Division, DepEd",
        "operator:type": "government",
        "operator:wikidata": "Q3550346",
        "population:pupils": "477",
        "population:pupils:date": "2015",
        "ref": "303934",
        "start_date": "1993",
        "@geometry": "center"
      },
      "geometry": {
        "type": "Point",
        "coordinates": [
          122.2583657,
          7.3042785
        ]
      },
      "id": "way/839807157"
    },
    {
      "type": "Feature",
      "properties": {
        "@id": "way/839807158",
        "addr:city": "Zamboanga City",
        "addr:place": "Tagasilay",
        "addr:postcode": "7000",
        "addr:province": "Zamboanga del Sur",
        "amenity": "school",
        "isced:level": "0;1",
        "name": "Tagasilay Elementary School",
        "operator": "Vitali District of Zamboanga City Schools Division, DepEd",
        "operator:type": "government",
        "operator:wikidata": "Q3550346",
        "population:pupils": "1019",
        "population:pupils:date": "2015",
        "ref": "126247",
        "start_date": "1949",
        "@geometry": "center"
      },
      "geometry": {
        "type": "Point",
        "coordinates": [
          122.2588758,
          7.3044058
        ]
      },
      "id": "way/839807158"
    },
    {
      "type": "Feature",
      "properties": {
        "@id": "way/839827451",
        "addr:barangay": "Sibulao",
        "addr:city": "Zamboanga City",
        "addr:neighbourhood": "Merloquet",
        "addr:place": "Merloquet",
        "addr:postcode": "7000",
        "addr:province": "Zamboanga del Sur",
        "amenity": "school",
        "isced:level": "0;1",
        "name": "Merloquet Elementary School",
        "operator": "Vitali District of Zamboanga City Schools Division, DepEd",
        "operator:type": "government",
        "operator:wikidata": "Q3550346",
        "population:pupils": "183",
        "population:pupils:date": "2015",
        "ref": "126241",
        "start_date": "1966",
        "@geometry": "center"
      },
      "geometry": {
        "type": "Point",
        "coordinates": [
          122.21385,
          7.3211867
        ]
      },
      "id": "way/839827451"
    },
    {
      "type": "Feature",
      "properties": {
        "@id": "way/839828569",
        "addr:barangay": "Sibulao",
        "addr:city": "Zamboanga City",
        "addr:neighbourhood": "Davuy Diutay",
        "addr:postcode": "7000",
        "addr:province": "Zamboanga del Sur",
        "amenity": "school",
        "isced:level": "0;1",
        "name": "Davuy Elementary School",
        "operator": "Vitali District of Zamboanga City Schools Division, DepEd",
        "operator:type": "government",
        "operator:wikidata": "Q3550346",
        "population:pupils": "373",
        "population:pupils:date": "2015",
        "ref": "126233",
        "start_date": "1992",
        "@geometry": "center"
      },
      "geometry": {
        "type": "Point",
        "coordinates": [
          122.2004161,
          7.3290818
        ]
      },
      "id": "way/839828569"
    },
    {
      "type": "Feature",
      "properties": {
        "@id": "way/840099460",
        "addr:barangay": "La Paz",
        "addr:city": "Zamboanga City",
        "addr:neighbourhood": "Pole Grande",
        "addr:postcode": "7000",
        "addr:province": "Zamboanga del Sur",
        "amenity": "school",
        "isced:level": "0;1",
        "name": "Pole Grande Elementary School",
        "operator": "Labuan District of Zamboanga City Schools Division, DepEd",
        "operator:type": "government",
        "operator:wikidata": "Q3550346",
        "population:pupils": "100",
        "population:pupils:date": "2015",
        "ref": "126139",
        "start_date": "1974",
        "@geometry": "center"
      },
      "geometry": {
        "type": "Point",
        "coordinates": [
          121.9961878,
          7.000399
        ]
      },
      "id": "way/840099460"
    },
    {
      "type": "Feature",
      "properties": {
        "@id": "way/840099461",
        "addr:barangay": "La Paz",
        "addr:city": "Zamboanga City",
        "addr:place": "Camp Susana",
        "addr:postcode": "7000",
        "addr:province": "Zamboanga del Sur",
        "amenity": "school",
        "isced:level": "0;1",
        "name": "Camp Susana Elementary School",
        "operator": "Labuan District of Zamboanga City Schools Division, DepEd",
        "operator:type": "government",
        "operator:wikidata": "Q3550346",
        "population:pupils": "328",
        "population:pupils:date": "2015",
        "ref": "126137",
        "start_date": "1966",
        "@geometry": "center"
      },
      "geometry": {
        "type": "Point",
        "coordinates": [
          121.9883075,
          7.0227852
        ]
      },
      "id": "way/840099461"
    },
    {
      "type": "Feature",
      "properties": {
        "@id": "way/840099472",
        "addr:city": "Zamboanga City",
        "addr:hamlet": "Zambales",
        "addr:place": "Baluno",
        "addr:postcode": "7000",
        "addr:province": "Zamboanga del Sur",
        "amenity": "school",
        "isced:level": "0;1",
        "name": "Zambales Elementary School",
        "operator": "Ayala District of Zamboanga City Schools Division, DepEd",
        "operator:type": "government",
        "operator:wikidata": "Q3550346",
        "population:pupils": "70",
        "population:pupils:date": "2015",
        "ref": "126107",
        "start_date": "1973",
        "@geometry": "center"
      },
      "geometry": {
        "type": "Point",
        "coordinates": [
          122.0296864,
          7.0391544
        ]
      },
      "id": "way/840099472"
    },
    {
      "type": "Feature",
      "properties": {
        "@id": "way/849990745",
        "leisure": "park",
        "name": "Paseo del Mar",
        "name:es": "Paseo del Mar",
        "@geometry": "center"
      },
      "geometry": {
        "type": "Point",
        "coordinates": [
          122.0812149,
          6.9003767
        ]
      },
      "id": "way/849990745"
    },
    {
      "type": "Feature",
      "properties": {
        "@id": "way/859995101",
        "amenity": "parking",
        "@geometry": "center"
      },
      "geometry": {
        "type": "Point",
        "coordinates": [
          122.0607246,
          6.9128985
        ]
      },
      "id": "way/859995101"
    },
    {
      "type": "Feature",
      "properties": {
        "@id": "way/888547410",
        "amenity": "parking",
        "parking": "surface",
        "surface": "concrete",
        "@geometry": "center"
      },
      "geometry": {
        "type": "Point",
        "coordinates": [
          122.0772664,
          6.9105044
        ]
      },
      "id": "way/888547410"
    },
    {
      "type": "Feature",
      "properties": {
        "@id": "way/895516399",
        "amenity": "parking",
        "@geometry": "center"
      },
      "geometry": {
        "type": "Point",
        "coordinates": [
          122.0627825,
          6.9192919
        ]
      },
      "id": "way/895516399"
    },
    {
      "type": "Feature",
      "properties": {
        "@id": "way/897891896",
        "addr:city": "Zamboanga City",
        "addr:milestone": "Km. 24",
        "addr:place": "La Paz",
        "addr:postcode": "7000",
        "addr:province": "Zamboanga del Sur",
        "amenity": "school",
        "contact:email": "126138@deped.gov.ph",
        "isced:level": "0;1",
        "name": "Datu Panguluhan Elementary School",
        "operator": "Labuan District of Zamboanga City Schools Division, DepEd",
        "operator:type": "government",
        "operator:wikidata": "Q3550346",
        "population:pupils": "272",
        "population:pupils:date": "2015",
        "ref": "126138",
        "start_date": "2000",
        "@geometry": "center"
      },
      "geometry": {
        "type": "Point",
        "coordinates": [
          122.0114391,
          7.0872017
        ]
      },
      "id": "way/897891896"
    },
    {
      "type": "Feature",
      "properties": {
        "@id": "way/899125611",
        "addr:street": "Governor Camins Avenue",
        "amenity": "school",
        "name": "St. Joseph High School of Zamboanga",
        "@geometry": "center"
      },
      "geometry": {
        "type": "Point",
        "coordinates": [
          122.0627893,
          6.9169864
        ]
      },
      "id": "way/899125611"
    },
    {
      "type": "Feature",
      "properties": {
        "@id": "way/899188936",
        "access": "private",
        "amenity": "parking",
        "capacity": "7",
        "operator": "Development Bank of the Philippines",
        "parking": "surface",
        "surface": "concrete",
        "@geometry": "center"
      },
      "geometry": {
        "type": "Point",
        "coordinates": [
          122.0754151,
          6.9035753
        ]
      },
      "id": "way/899188936"
    },
    {
      "type": "Feature",
      "properties": {
        "@id": "way/908647793",
        "addr:city": "Zamboanga City",
        "addr:postcode": "7000",
        "addr:province": "Zamboanga del Sur",
        "amenity": "school",
        "isced:level": "0;1",
        "name": "Licomo Elementary School",
        "operator": "Vitali District of Zamboanga City Schools Division, DepEd",
        "operator:type": "government",
        "operator:wikidata": "Q3550346",
        "population:pupils": "431",
        "population:pupils:date": "2015",
        "ref": "126235",
        "start_date": "1984",
        "@geometry": "center"
      },
      "geometry": {
        "type": "Point",
        "coordinates": [
          122.330174,
          7.4544062
        ]
      },
      "id": "way/908647793"
    },
    {
      "type": "Feature",
      "properties": {
        "@id": "way/908864032",
        "addr:barangay": "Simanta",
        "addr:city": "Zamboanga City",
        "addr:place": "Palasanan",
        "addr:postcode": "7000",
        "addr:province": "Zamboanga del Sur",
        "amenity": "school",
        "isced:level": "0;1",
        "name": "Simanta Elementary School",
        "operator": "Curuan District of Zamboanga City Schools Division, DepEd",
        "operator:type": "government",
        "operator:wikidata": "Q3550346",
        "population:pupils": "79",
        "population:pupils:date": "2015",
        "ref": "126133",
        "start_date": "1996",
        "@geometry": "center"
      },
      "geometry": {
        "type": "Point",
        "coordinates": [
          122.2420283,
          7.2690654
        ]
      },
      "id": "way/908864032"
    },
    {
      "type": "Feature",
      "properties": {
        "@id": "way/908865012",
        "addr:barangay": "Manicahan",
        "addr:city": "Zamboanga City",
        "addr:neighbourhood": "Poblacion",
        "addr:postcode": "7000",
        "addr:province": "Zamboanga del Sur",
        "amenity": "school",
        "isced:level": "0;1",
        "name": "Manicahan Poblacion Elementary School",
        "operator": "Manicahan District of Zamboanga City Schools Division, DepEd",
        "operator:type": "government",
        "operator:wikidata": "Q3550346",
        "population:pupils": "900",
        "population:pupils:date": "2015",
        "ref": "126165",
        "start_date": "1993",
        "@geometry": "center"
      },
      "geometry": {
        "type": "Point",
        "coordinates": [
          122.2011497,
          7.0193336
        ]
      },
      "id": "way/908865012"
    },
    {
      "type": "Feature",
      "properties": {
        "@id": "way/910426970",
        "amenity": "parking",
        "@geometry": "center"
      },
      "geometry": {
        "type": "Point",
        "coordinates": [
          122.0605185,
          6.9122511
        ]
      },
      "id": "way/910426970"
    },
    {
      "type": "Feature",
      "properties": {
        "@id": "way/910426971",
        "amenity": "parking",
        "@geometry": "center"
      },
      "geometry": {
        "type": "Point",
        "coordinates": [
          122.0610475,
          6.9134677
        ]
      },
      "id": "way/910426971"
    },
    {
      "type": "Feature",
      "properties": {
        "@id": "way/918252689",
        "building": "yes",
        "name": "KCC Mall de Zamboanga",
        "opening_hours": "Mo-Su 09:00-21:00",
        "shop": "mall",
        "@geometry": "center"
      },
      "geometry": {
        "type": "Point",
        "coordinates": [
          122.0738386,
          6.9193073
        ]
      },
      "id": "way/918252689"
    },
    {
      "type": "Feature",
      "properties": {
        "@id": "way/921980293",
        "amenity": "parking",
        "capacity": "56",
        "operator": "Ateneo de Zamboanga University",
        "operator:type": "private",
        "@geometry": "center"
      },
      "geometry": {
        "type": "Point",
        "coordinates": [
          122.0757862,
          6.9097189
        ]
      },
      "id": "way/921980293"
    },
    {
      "type": "Feature",
      "properties": {
        "@id": "way/927514653",
        "historic": "memorial",
        "name": "Rizal Monument",
        "panoramax": "e1c01d8b-b6fd-4fca-a424-eafd677a35a8",
        "@geometry": "center"
      },
      "geometry": {
        "type": "Point",
        "coordinates": [
          122.0764079,
          6.9046011
        ]
      },
      "id": "way/927514653"
    },
    {
      "type": "Feature",
      "properties": {
        "@id": "way/956113554",
        "addr:city": "Zamboanga City",
        "addr:postcode": "7000",
        "addr:street": "Maria Clara L. Lobregat Highway",
        "addr:suburb": "Mercedes",
        "amenity": "fuel",
        "building": "roof",
        "building:levels": "1",
        "building:use": "retail",
        "layer": "1",
        "name": "A U Gas Station",
        "roof:shape": "flat",
        "@geometry": "center"
      },
      "geometry": {
        "type": "Point",
        "coordinates": [
          122.1351482,
          6.9621849
        ]
      },
      "id": "way/956113554"
    },
    {
      "type": "Feature",
      "properties": {
        "@id": "way/966790483",
        "leisure": "pitch",
        "sport": "basketball",
        "surface": "concrete",
        "@geometry": "center"
      },
      "geometry": {
        "type": "Point",
        "coordinates": [
          122.0415593,
          6.9213602
        ]
      },
      "id": "way/966790483"
    },
    {
      "type": "Feature",
      "properties": {
        "@id": "way/973078080",
        "addr:city": "Zamboanga",
        "addr:postcode": "7000",
        "addr:street": "Evangelista Street",
        "amenity": "place_of_worship",
        "religion": "muslim",
        "@geometry": "center"
      },
      "geometry": {
        "type": "Point",
        "coordinates": [
          122.0905853,
          6.9095944
        ]
      },
      "id": "way/973078080"
    },
    {
      "type": "Feature",
      "properties": {
        "@id": "way/978129738",
        "leisure": "swimming_pool",
        "@geometry": "center"
      },
      "geometry": {
        "type": "Point",
        "coordinates": [
          122.0692908,
          6.9162284
        ]
      },
      "id": "way/978129738"
    },
    {
      "type": "Feature",
      "properties": {
        "@id": "way/978129740",
        "leisure": "pitch",
        "sport": "tennis",
        "@geometry": "center"
      },
      "geometry": {
        "type": "Point",
        "coordinates": [
          122.0513984,
          6.9279872
        ]
      },
      "id": "way/978129740"
    },
    {
      "type": "Feature",
      "properties": {
        "@id": "way/978129741",
        "leisure": "pitch",
        "sport": "tennis",
        "@geometry": "center"
      },
      "geometry": {
        "type": "Point",
        "coordinates": [
          122.0517169,
          6.927937
        ]
      },
      "id": "way/978129741"
    },
    {
      "type": "Feature",
      "properties": {
        "@id": "way/981539580",
        "amenity": "fuel",
        "building": "roof",
        "building:levels": "1",
        "building:use": "retail",
        "layer": "1",
        "roof:shape": "flat",
        "@geometry": "center"
      },
      "geometry": {
        "type": "Point",
        "coordinates": [
          122.107036,
          6.9098492
        ]
      },
      "id": "way/981539580"
    },
    {
      "type": "Feature",
      "properties": {
        "@id": "way/981579450",
        "amenity": "fuel",
        "building": "roof",
        "building:levels": "1",
        "building:use": "retail",
        "layer": "1",
        "roof:shape": "flat",
        "@geometry": "center"
      },
      "geometry": {
        "type": "Point",
        "coordinates": [
          122.1512204,
          6.9857124
        ]
      },
      "id": "way/981579450"
    },
    {
      "type": "Feature",
      "properties": {
        "@id": "way/985499074",
        "amenity": "university",
        "name": "Universidad de Zamboanga",
        "@geometry": "center"
      },
      "geometry": {
        "type": "Point",
        "coordinates": [
          122.0759388,
          6.9048552
        ]
      },
      "id": "way/985499074"
    },
    {
      "type": "Feature",
      "properties": {
        "@id": "way/1000059133",
        "addr:barangay": "Camino Nuevo",
        "addr:city": "Zamboanga City",
        "addr:postcode": "7000",
        "addr:street": "Wee Siu Tuy Road",
        "admin_level": "10",
        "amenity": "townhall",
        "building": "public",
        "name": "Camino Nuevo Barangay Hall",
        "townhall:type": "barangay",
        "@geometry": "center"
      },
      "geometry": {
        "type": "Point",
        "coordinates": [
          122.0731739,
          6.91425
        ]
      },
      "id": "way/1000059133"
    },
    {
      "type": "Feature",
      "properties": {
        "@id": "way/1010379660",
        "amenity": "place_of_worship",
        "building": "mosque",
        "fixme": "name",
        "religion": "muslim",
        "@geometry": "center"
      },
      "geometry": {
        "type": "Point",
        "coordinates": [
          122.0452423,
          6.9155049
        ]
      },
      "id": "way/1010379660"
    },
    {
      "type": "Feature",
      "properties": {
        "@id": "way/1010379661",
        "amenity": "place_of_worship",
        "building": "mosque",
        "fixme": "name",
        "religion": "muslim",
        "@geometry": "center"
      },
      "geometry": {
        "type": "Point",
        "coordinates": [
          122.0477733,
          6.9128831
        ]
      },
      "id": "way/1010379661"
    },
    {
      "type": "Feature",
      "properties": {
        "@id": "way/1012936142",
        "addr:barangay": "Cacao",
        "addr:city": "Zamboanga City",
        "addr:place": "Purok 4",
        "addr:postcode": "7000",
        "addr:province": "Zamboanga del Sur",
        "amenity": "school",
        "isced:level": "0;1",
        "name": "Cacao Elementary School",
        "operator": "Mercedes District of Zamboanga City Schools Division, DepEd",
        "operator:type": "government",
        "operator:wikidata": "Q3550346",
        "population:pupils": "194",
        "population:pupils:date": "2015",
        "ref": "126180",
        "start_date": "1963",
        "@geometry": "center"
      },
      "geometry": {
        "type": "Point",
        "coordinates": [
          122.1475558,
          7.0252594
        ]
      },
      "id": "way/1012936142"
    },
    {
      "type": "Feature",
      "properties": {
        "@id": "way/1012940600",
        "addr:place": "Purok 4",
        "leisure": "pitch",
        "sport": "multi",
        "@geometry": "center"
      },
      "geometry": {
        "type": "Point",
        "coordinates": [
          122.1465933,
          7.0268113
        ]
      },
      "id": "way/1012940600"
    },
    {
      "type": "Feature",
      "properties": {
        "@id": "way/1012946788",
        "addr:city": "Zamboanga City",
        "addr:district": "Lubigan",
        "addr:hamlet": "Mala",
        "addr:postcode": "7000",
        "addr:province": "Zamboanga del Sur",
        "addr:street": "Maria Clara L. Lobregat Highway",
        "amenity": "school",
        "isced:level": "0;1",
        "name": "Don Francisco Ong C. Seng Memorial Elementary School",
        "old_name": "Mala-bolong Elementary School",
        "operator": "Manicahan District of Zamboanga City Schools Division, DepEd",
        "operator:type": "government",
        "operator:wikidata": "Q3550346",
        "population:pupils": "123",
        "population:pupils:date": "2015",
        "ref": "126156",
        "start_date": "1990",
        "@geometry": "center"
      },
      "geometry": {
        "type": "Point",
        "coordinates": [
          122.229282,
          7.1262819
        ]
      },
      "id": "way/1012946788"
    },
    {
      "type": "Feature",
      "properties": {
        "@id": "way/1012946892",
        "addr:city": "Zamboanga City",
        "addr:district": "Lubigan",
        "addr:hamlet": "Mala",
        "addr:postcode": "7000",
        "addr:province": "Zamboanga del Sur",
        "addr:street": "Maria Clara L. Lobregat Highway",
        "amenity": "school",
        "isced:level": "0;1",
        "name": "Don Francisco Ong C. Seng Memorial Elementary School",
        "old_name": "Mala-bolong Elementary School",
        "operator": "Manicahan District of Zamboanga City Schools Division, DepEd",
        "operator:type": "government",
        "operator:wikidata": "Q3550346",
        "population:pupils": "123",
        "population:pupils:date": "2015",
        "ref": "126156",
        "start_date": "1990",
        "@geometry": "center"
      },
      "geometry": {
        "type": "Point",
        "coordinates": [
          122.2298312,
          7.1267337
        ]
      },
      "id": "way/1012946892"
    },
    {
      "type": "Feature",
      "properties": {
        "@id": "way/1012947517",
        "addr:place": "Lubigan",
        "building": "roof",
        "layer": "1",
        "leisure": "sports_hall",
        "name": "Lubigan Gym",
        "sport": "multi",
        "@geometry": "center"
      },
      "geometry": {
        "type": "Point",
        "coordinates": [
          122.2329575,
          7.1422701
        ]
      },
      "id": "way/1012947517"
    },
    {
      "type": "Feature",
      "properties": {
        "@id": "way/1012949341",
        "addr:place": "Tumitus",
        "leisure": "pitch",
        "sport": "multi",
        "@geometry": "center"
      },
      "geometry": {
        "type": "Point",
        "coordinates": [
          122.3691836,
          7.3831268
        ]
      },
      "id": "way/1012949341"
    },
    {
      "type": "Feature",
      "properties": {
        "@id": "way/1012950261",
        "addr:barangay": "Tulungatung",
        "addr:city": "Zamboanga City",
        "addr:place": "Zone 5",
        "addr:postcode": "7000",
        "addr:province": "Zamboanga del Sur",
        "amenity": "school",
        "isced:level": "2",
        "name": "Tulungatung National High School",
        "operator": "Vitali District of Zamboanga City Schools Division, DepEd",
        "operator:type": "government",
        "operator:wikidata": "Q3550346",
        "population:pupils": "421",
        "population:pupils:date": "2015",
        "ref": "314807",
        "start_date": "2013-11-26",
        "@geometry": "center"
      },
      "geometry": {
        "type": "Point",
        "coordinates": [
          121.9607382,
          6.9721201
        ]
      },
      "id": "way/1012950261"
    },
    {
      "type": "Feature",
      "properties": {
        "@id": "way/1012950465",
        "addr:place": "Tulungatung",
        "building": "roof",
        "layer": "1",
        "leisure": "sports_hall",
        "name": "Tulungatung Gym",
        "sport": "multi",
        "@geometry": "center"
      },
      "geometry": {
        "type": "Point",
        "coordinates": [
          121.9595765,
          6.9736328
        ]
      },
      "id": "way/1012950465"
    },
    {
      "type": "Feature",
      "properties": {
        "@id": "way/1012953160",
        "addr:barangay": "Pasonanca",
        "addr:city": "Zamboanga City",
        "addr:place": "Lantawan",
        "addr:postcode": "7000",
        "addr:province": "Zamboanga del Sur",
        "amenity": "school",
        "isced:level": "2;3",
        "name": "Pasonanca National High School",
        "operator": "Vitali District of Zamboanga City Schools Division, DepEd",
        "operator:type": "government",
        "operator:wikidata": "Q3550346",
        "population:pupils": "817",
        "population:pupils:date": "2015",
        "ref": "314808",
        "start_date": "2013-07-01",
        "@geometry": "center"
      },
      "geometry": {
        "type": "Point",
        "coordinates": [
          122.0694089,
          6.948415
        ]
      },
      "id": "way/1012953160"
    },
    {
      "type": "Feature",
      "properties": {
        "@id": "way/1012953184",
        "amenity": "social_facility",
        "name": "Saint Francis of Assisi Halfway House",
        "social_facility": "group_home",
        "@geometry": "center"
      },
      "geometry": {
        "type": "Point",
        "coordinates": [
          122.0725231,
          6.9506256
        ]
      },
      "id": "way/1012953184"
    },
    {
      "type": "Feature",
      "properties": {
        "@id": "way/1012961695",
        "addr:city": "Zamboanga City",
        "addr:district": "San Roque",
        "addr:postcode": "7000",
        "addr:province": "Zamboanga del Sur",
        "amenity": "school",
        "isced:level": "0;1",
        "name": "Salum Elementary School",
        "operator": "Sta. Maria District of Zamboanga City Schools Division, DepEd",
        "operator:type": "government",
        "operator:wikidata": "Q3550346",
        "population:pupils": "301",
        "population:pupils:date": "2015",
        "ref": "126218",
        "start_date": "1976",
        "@geometry": "center"
      },
      "geometry": {
        "type": "Point",
        "coordinates": [
          122.0426468,
          6.9410759
        ]
      },
      "id": "way/1012961695"
    },
    {
      "type": "Feature",
      "properties": {
        "@id": "way/1012962361",
        "addr:barangay": "San Roque",
        "addr:city": "Zamboanga City",
        "addr:place": "Pasay",
        "addr:postcode": "7000",
        "addr:province": "Zamboanga del Sur",
        "amenity": "school",
        "isced:level": "2;3",
        "name": "San Roque National High School",
        "operator": "Santa Maria District of Zamboanga City Schools Division, DepEd",
        "operator:type": "government",
        "operator:wikidata": "Q3550346",
        "ref": "314809",
        "start_date": "1976",
        "@geometry": "center"
      },
      "geometry": {
        "type": "Point",
        "coordinates": [
          122.0389646,
          6.9422596
        ]
      },
      "id": "way/1012962361"
    },
    {
      "type": "Feature",
      "properties": {
        "@id": "way/1012964908",
        "addr:barangay": "San Roque",
        "addr:city": "Zamboanga City",
        "addr:postcode": "7000",
        "admin_level": "10",
        "amenity": "townhall",
        "building": "public",
        "name": "San Roque Barangay Hall",
        "townhall:type": "barangay",
        "@geometry": "center"
      },
      "geometry": {
        "type": "Point",
        "coordinates": [
          122.0462818,
          6.9305012
        ]
      },
      "id": "way/1012964908"
    },
    {
      "type": "Feature",
      "properties": {
        "@id": "way/1012964920",
        "building": "roof",
        "layer": "1",
        "leisure": "sports_hall",
        "sport": "multi",
        "@geometry": "center"
      },
      "geometry": {
        "type": "Point",
        "coordinates": [
          122.0386964,
          6.9423899
        ]
      },
      "id": "way/1012964920"
    },
    {
      "type": "Feature",
      "properties": {
        "@id": "way/1012966274",
        "addr:city": "Zamboanga City",
        "addr:district": "Curuan",
        "addr:place": "Masaba",
        "addr:postcode": "7000",
        "addr:province": "Zamboanga del Sur",
        "amenity": "school",
        "isced:level": "0;1",
        "name": "Upper Masaba Elementary School",
        "note": "2021-12. This feature needs local validation.",
        "operator": "Curuan District of Zamboanga City Schools Division, DepEd",
        "operator:type": "government",
        "operator:wikidata": "Q3550346",
        "population:pupils": "37",
        "population:pupils:date": "2015",
        "ref": "126134",
        "start_date": "1986",
        "@geometry": "center"
      },
      "geometry": {
        "type": "Point",
        "coordinates": [
          122.1724972,
          7.1795509
        ]
      },
      "id": "way/1012966274"
    },
    {
      "type": "Feature",
      "properties": {
        "@id": "way/1064221516",
        "addr:barangay": "Canelar",
        "addr:city": "Zamboanga City",
        "addr:postcode": "7000",
        "addr:street": "Moret Road",
        "admin_level": "10",
        "amenity": "townhall",
        "building": "public",
        "name": "Bulwagang Pambarangay ng Canelar",
        "name:en": "Canelar Barangay Hall",
        "name:es": "Sala Barangay de Canelar",
        "name:tl": "Bulwagang Pambarangay ng Canelar",
        "townhall:type": "barangay",
        "@geometry": "center"
      },
      "geometry": {
        "type": "Point",
        "coordinates": [
          122.0706378,
          6.9163414
        ]
      },
      "id": "way/1064221516"
    },
    {
      "type": "Feature",
      "properties": {
        "@id": "way/1064221517",
        "addr:street": "Mayor M.S. Jaldon Street",
        "name": "Atillano Pensionne House",
        "name:en": "Atillano Pensionne House",
        "previously": "node:4510889994",
        "tourism": "guest_house",
        "@geometry": "center"
      },
      "geometry": {
        "type": "Point",
        "coordinates": [
          122.0718739,
          6.915874
        ]
      },
      "id": "way/1064221517"
    },
    {
      "type": "Feature",
      "properties": {
        "@id": "way/1064821003",
        "hoops": "2",
        "leisure": "pitch",
        "sport": "basketball",
        "surface": "concrete",
        "@geometry": "center"
      },
      "geometry": {
        "type": "Point",
        "coordinates": [
          122.0166847,
          6.9389269
        ]
      },
      "id": "way/1064821003"
    },
    {
      "type": "Feature",
      "properties": {
        "@id": "way/1064821005",
        "amenity": "school",
        "@geometry": "center"
      },
      "geometry": {
        "type": "Point",
        "coordinates": [
          122.0251263,
          6.9258497
        ]
      },
      "id": "way/1064821005"
    },
    {
      "type": "Feature",
      "properties": {
        "@id": "way/1087904095",
        "leisure": "pitch",
        "sport": "basketball",
        "surface": "concrete",
        "@geometry": "center"
      },
      "geometry": {
        "type": "Point",
        "coordinates": [
          122.0347465,
          6.9728097
        ]
      },
      "id": "way/1087904095"
    },
    {
      "type": "Feature",
      "properties": {
        "@id": "way/1087904105",
        "addr:city": "Zamboanga City",
        "addr:postcode": "7000",
        "addr:province": "Zamboanga del Sur",
        "amenity": "school",
        "isced:level": "0;1",
        "name": "Capisan Elementary School",
        "operator": "Baliwasan District of Zamboanga City Schools Division, DepEd",
        "operator:type": "government",
        "operator:wikidata": "Q3550346",
        "population:pupils": "297",
        "population:pupils:date": "2015",
        "ref": "126109",
        "start_date": "1975",
        "@geometry": "center"
      },
      "geometry": {
        "type": "Point",
        "coordinates": [
          122.03496,
          6.97304
        ]
      },
      "id": "way/1087904105"
    },
    {
      "type": "Feature",
      "properties": {
        "@id": "way/1087904108",
        "addr:city": "Zamboanga City",
        "addr:postcode": "7000",
        "addr:province": "Zamboanga del Sur",
        "amenity": "school",
        "isced:level": "0;1",
        "name": "Sinunuk Elementary School",
        "operator": "Manicahan District of Zamboanga City Schools Division, DepEd",
        "operator:type": "government",
        "operator:wikidata": "Q3550346",
        "population:pupils": "68",
        "population:pupils:date": "2015",
        "ref": "126174",
        "start_date": "2007",
        "@geometry": "center"
      },
      "geometry": {
        "type": "Point",
        "coordinates": [
          122.3277191,
          6.9541141
        ]
      },
      "id": "way/1087904108"
    },
    {
      "type": "Feature",
      "properties": {
        "@id": "way/1098570034",
        "addr:city": "Zamboanga City",
        "addr:postcode": "7000",
        "addr:village": "Pasobolong",
        "amenity": "restaurant",
        "building": "yes",
        "contact:facebook": "https://www.facebook.com/greenthrivebistro",
        "name": "Green Thrive Bistro",
        "payment:cash": "yes",
        "@geometry": "center"
      },
      "geometry": {
        "type": "Point",
        "coordinates": [
          122.1307891,
          6.9703123
        ]
      },
      "id": "way/1098570034"
    },
    {
      "type": "Feature",
      "properties": {
        "@id": "way/1132631887",
        "amenity": "shelter",
        "building": "roof",
        "layer": "1",
        "shelter_type": "public_transport",
        "@geometry": "center"
      },
      "geometry": {
        "type": "Point",
        "coordinates": [
          122.0654492,
          6.9080026
        ]
      },
      "id": "way/1132631887"
    },
    {
      "type": "Feature",
      "properties": {
        "@id": "way/1132665857",
        "addr:city": "Zamboanga",
        "addr:street": "El Paso Street",
        "building": "dormitory",
        "name": "Maria Antonia Paris Dormitory",
        "operator": "Claretian Missionary Sisters",
        "tourism": "hostel",
        "@geometry": "center"
      },
      "geometry": {
        "type": "Point",
        "coordinates": [
          122.0672374,
          6.9159273
        ]
      },
      "id": "way/1132665857"
    },
    {
      "type": "Feature",
      "properties": {
        "@id": "way/1132668836",
        "addr:city": "Zamboanga",
        "addr:quarter": "San Jose Cawa-cawa",
        "addr:street": "Don Basilio Navarro Road",
        "admin_level": "10",
        "amenity": "townhall",
        "building": "civic",
        "name": "Bulwagang Pambarangay ng San Jose Cawa-cawa",
        "name:en": "San Jose Cawa-cawa Barangay Hall",
        "name:tl": "Bulwagang Pambarangay ng San Jose Cawa-cawa",
        "townhall:type": "barangay",
        "@geometry": "center"
      },
      "geometry": {
        "type": "Point",
        "coordinates": [
          122.0652768,
          6.911385
        ]
      },
      "id": "way/1132668836"
    },
    {
      "type": "Feature",
      "properties": {
        "@id": "way/1132668838",
        "addr:city": "Zamboanga",
        "addr:quarter": "San Jose Cawa-cawa",
        "addr:street": "San Jose Road",
        "amenity": "fuel",
        "fixme": "name",
        "note": "Very likely, a gas station, based on imagery",
        "@geometry": "center"
      },
      "geometry": {
        "type": "Point",
        "coordinates": [
          122.0674019,
          6.9112593
        ]
      },
      "id": "way/1132668838"
    },
    {
      "type": "Feature",
      "properties": {
        "@id": "way/1132679122",
        "addr:city": "Zamboanga",
        "addr:street": "San Jose Street",
        "amenity": "fuel",
        "fixme": "name",
        "note": "Very likely, a gas station, based on layout from current imagery",
        "@geometry": "center"
      },
      "geometry": {
        "type": "Point",
        "coordinates": [
          122.0562086,
          6.9189589
        ]
      },
      "id": "way/1132679122"
    },
    {
      "type": "Feature",
      "properties": {
        "@id": "way/1132679126",
        "addr:city": "Zamboanga",
        "addr:street": "San Jose Street",
        "amenity": "fuel",
        "brand": "Caltex",
        "brand:wikidata": "Q277470",
        "check_date": "2024-09-21",
        "fixme": "name",
        "name": "Caltex",
        "note": "Very likely, a gas station, based on layout from current imagery",
        "@geometry": "center"
      },
      "geometry": {
        "type": "Point",
        "coordinates": [
          122.0546682,
          6.9194859
        ]
      },
      "id": "way/1132679126"
    },
    {
      "type": "Feature",
      "properties": {
        "@id": "way/1132693118",
        "addr:city": "Zamboanga",
        "addr:postcode": "7000",
        "addr:street": "Governor Ramos Avenue",
        "admin_level": "10",
        "amenity": "townhall",
        "building": "civic",
        "name": "Bulwagang Pambarangay ng Santa Maria",
        "name:en": "Santa Maria Barangay Hall",
        "name:tl": "Bulwagang Pambarangay ng Santa Maria",
        "previously": "node:6209745953",
        "townhall:type": "barangay",
        "@geometry": "center"
      },
      "geometry": {
        "type": "Point",
        "coordinates": [
          122.0748364,
          6.9310181
        ]
      },
      "id": "way/1132693118"
    },
    {
      "type": "Feature",
      "properties": {
        "@id": "way/1133017297",
        "admin_level": "10",
        "amenity": "townhall",
        "building": "civic",
        "name": "Bulwagang Pambarangay ng Tumaga",
        "name:en": "Tumaga Barangay Hall",
        "name:tl": "Bulwagang Pambarangay ng Tumaga",
        "townhall:type": "barangay",
        "@geometry": "center"
      },
      "geometry": {
        "type": "Point",
        "coordinates": [
          122.0794872,
          6.9393429
        ]
      },
      "id": "way/1133017297"
    },
    {
      "type": "Feature",
      "properties": {
        "@id": "way/1133017534",
        "leisure": "pitch",
        "sport": "multi",
        "@geometry": "center"
      },
      "geometry": {
        "type": "Point",
        "coordinates": [
          122.0836728,
          6.936683
        ]
      },
      "id": "way/1133017534"
    },
    {
      "type": "Feature",
      "properties": {
        "@id": "way/1133021413",
        "building": "yes",
        "community_centre": "events_place",
        "layer": "1",
        "leisure": "sports_hall",
        "sport": "multi",
        "@geometry": "center"
      },
      "geometry": {
        "type": "Point",
        "coordinates": [
          122.0843101,
          6.9279976
        ]
      },
      "id": "way/1133021413"
    },
    {
      "type": "Feature",
      "properties": {
        "@id": "way/1133023535",
        "addr:city": "Zamboanga",
        "addr:street": "Maria Clara L. Lobregat Highway",
        "amenity": "place_of_worship",
        "building": "mosque",
        "fixme": "name",
        "note": "Interpolated from imagery, local context. Needs local validation.",
        "religion": "muslim",
        "@geometry": "center"
      },
      "geometry": {
        "type": "Point",
        "coordinates": [
          122.0872547,
          6.9292576
        ]
      },
      "id": "way/1133023535"
    },
    {
      "type": "Feature",
      "properties": {
        "@id": "way/1133049907",
        "addr:street": "Perez Drive",
        "building": "roof",
        "community_centre": "events_place",
        "layer": "1",
        "leisure": "sports_hall",
        "sport": "multi",
        "@geometry": "center"
      },
      "geometry": {
        "type": "Point",
        "coordinates": [
          122.0981528,
          6.9437473
        ]
      },
      "id": "way/1133049907"
    },
    {
      "type": "Feature",
      "properties": {
        "@id": "way/1133055061",
        "addr:city": "Zamboanga",
        "addr:place": "Divisoria",
        "admin_level": "10",
        "amenity": "townhall",
        "building": "civic",
        "name": "Bulwagang Pambarangay ng Divisoria",
        "name:en": "Divisoria Barangay Hall",
        "name:tl": "Bulwagang Pambarangay ng Divisoria",
        "townhall:type": "barangay",
        "@geometry": "center"
      },
      "geometry": {
        "type": "Point",
        "coordinates": [
          122.1027272,
          6.9459909
        ]
      },
      "id": "way/1133055061"
    },
    {
      "type": "Feature",
      "properties": {
        "@id": "way/1133055062",
        "addr:city": "Zamboanga",
        "addr:place": "Divisoria",
        "building": "roof",
        "community_centre": "events_place",
        "layer": "1",
        "leisure": "sports_hall",
        "sport": "multi",
        "@geometry": "center"
      },
      "geometry": {
        "type": "Point",
        "coordinates": [
          122.1026497,
          6.9461597
        ]
      },
      "id": "way/1133055062"
    },
    {
      "type": "Feature",
      "properties": {
        "@id": "way/1133056411",
        "leisure": "schoolyard",
        "@geometry": "center"
      },
      "geometry": {
        "type": "Point",
        "coordinates": [
          122.0935582,
          6.9383962
        ]
      },
      "id": "way/1133056411"
    },
    {
      "type": "Feature",
      "properties": {
        "@id": "way/1133060132",
        "amenity": "parking",
        "@geometry": "center"
      },
      "geometry": {
        "type": "Point",
        "coordinates": [
          122.0920119,
          6.939606
        ]
      },
      "id": "way/1133060132"
    },
    {
      "type": "Feature",
      "properties": {
        "@id": "way/1133062425",
        "addr:city": "Zamboanga",
        "addr:street": "Maria Clara L. Lobregat Highway",
        "amenity": "fast_food",
        "brand": "Jollibee",
        "brand:wikidata": "Q37614",
        "cuisine": "burger",
        "name": "Jollibee",
        "source:name": "interpolation",
        "source_ref": "https://osm.org/node/7092946585",
        "takeaway": "yes",
        "@geometry": "center"
      },
      "geometry": {
        "type": "Point",
        "coordinates": [
          122.107954,
          6.9483192
        ]
      },
      "id": "way/1133062425"
    },
    {
      "type": "Feature",
      "properties": {
        "@id": "way/1138112047",
        "access": "yes",
        "amenity": "parking",
        "fee": "yes",
        "operator": "Alexandra",
        "operator:type": "public",
        "parking": "surface",
        "payment:cash": "yes",
        "@geometry": "center"
      },
      "geometry": {
        "type": "Point",
        "coordinates": [
          122.083141,
          6.9263466
        ]
      },
      "id": "way/1138112047"
    },
    {
      "type": "Feature",
      "properties": {
        "@id": "way/1138112049",
        "access": "yes",
        "amenity": "parking",
        "fee": "yes",
        "operator": "Alexandra",
        "operator:type": "public",
        "parking": "surface",
        "surface": "concrete",
        "@geometry": "center"
      },
      "geometry": {
        "type": "Point",
        "coordinates": [
          122.0826583,
          6.9264389
        ]
      },
      "id": "way/1138112049"
    },
    {
      "type": "Feature",
      "properties": {
        "@id": "way/1138299499",
        "access": "customers",
        "amenity": "parking",
        "fee": "no",
        "operator": "LB",
        "operator:type": "private",
        "parking": "surface",
        "surface": "concrete",
        "@geometry": "center"
      },
      "geometry": {
        "type": "Point",
        "coordinates": [
          122.0781274,
          6.9283554
        ]
      },
      "id": "way/1138299499"
    },
    {
      "type": "Feature",
      "properties": {
        "@id": "way/1139004358",
        "access": "private",
        "amenity": "parking",
        "capacity": "6",
        "operator": "Ateneo de Zamboanga University",
        "@geometry": "center"
      },
      "geometry": {
        "type": "Point",
        "coordinates": [
          122.0760483,
          6.9107316
        ]
      },
      "id": "way/1139004358"
    },
    {
      "type": "Feature",
      "properties": {
        "@id": "way/1139085213",
        "building": "roof",
        "community_centre": "events_place",
        "layer": "1",
        "leisure": "sports_hall",
        "sport": "multi",
        "@geometry": "center"
      },
      "geometry": {
        "type": "Point",
        "coordinates": [
          121.9493093,
          6.9623877
        ]
      },
      "id": "way/1139085213"
    },
    {
      "type": "Feature",
      "properties": {
        "@id": "way/1171729176",
        "access": "private",
        "amenity": "motorcycle_parking",
        "capacity": "120",
        "covered": "no",
        "operator": "Ateneo de Zamboanga University",
        "@geometry": "center"
      },
      "geometry": {
        "type": "Point",
        "coordinates": [
          122.0753842,
          6.9107073
        ]
      },
      "id": "way/1171729176"
    },
    {
      "type": "Feature",
      "properties": {
        "@id": "way/1171729178",
        "building": "hut",
        "shop": "kiosk",
        "@geometry": "center"
      },
      "geometry": {
        "type": "Point",
        "coordinates": [
          122.0764045,
          6.9102289
        ]
      },
      "id": "way/1171729178"
    },
    {
      "type": "Feature",
      "properties": {
        "@id": "way/1171729179",
        "building": "hut",
        "shop": "kiosk",
        "@geometry": "center"
      },
      "geometry": {
        "type": "Point",
        "coordinates": [
          122.0763733,
          6.9103158
        ]
      },
      "id": "way/1171729179"
    },
    {
      "type": "Feature",
      "properties": {
        "@id": "way/1171729180",
        "building": "hut",
        "shop": "kiosk",
        "@geometry": "center"
      },
      "geometry": {
        "type": "Point",
        "coordinates": [
          122.0763241,
          6.9104638
        ]
      },
      "id": "way/1171729180"
    },
    {
      "type": "Feature",
      "properties": {
        "@id": "way/1171729181",
        "building": "hut",
        "shop": "kiosk",
        "@geometry": "center"
      },
      "geometry": {
        "type": "Point",
        "coordinates": [
          122.0769614,
          6.9107451
        ]
      },
      "id": "way/1171729181"
    },
    {
      "type": "Feature",
      "properties": {
        "@id": "way/1171729182",
        "building": "hut",
        "shop": "kiosk",
        "@geometry": "center"
      },
      "geometry": {
        "type": "Point",
        "coordinates": [
          122.0769854,
          6.9106345
        ]
      },
      "id": "way/1171729182"
    },
    {
      "type": "Feature",
      "properties": {
        "@id": "way/1171729183",
        "building": "hut",
        "shop": "kiosk",
        "@geometry": "center"
      },
      "geometry": {
        "type": "Point",
        "coordinates": [
          122.0770407,
          6.9103941
        ]
      },
      "id": "way/1171729183"
    },
    {
      "type": "Feature",
      "properties": {
        "@id": "way/1171729184",
        "building": "hut",
        "shop": "kiosk",
        "@geometry": "center"
      },
      "geometry": {
        "type": "Point",
        "coordinates": [
          122.0770174,
          6.9104994
        ]
      },
      "id": "way/1171729184"
    },
    {
      "type": "Feature",
      "properties": {
        "@id": "way/1171729203",
        "access": "permissive",
        "amenity": "parking",
        "capacity": "7",
        "fee": "no",
        "operator": "Ateneo de Zamboanga University",
        "operator:type": "university",
        "parking": "surface",
        "surface": "paving_stones",
        "@geometry": "center"
      },
      "geometry": {
        "type": "Point",
        "coordinates": [
          122.0754504,
          6.9105201
        ]
      },
      "id": "way/1171729203"
    },
    {
      "type": "Feature",
      "properties": {
        "@id": "way/1171729209",
        "building": "yes",
        "shop": "kiosk",
        "@geometry": "center"
      },
      "geometry": {
        "type": "Point",
        "coordinates": [
          122.0764623,
          6.9100033
        ]
      },
      "id": "way/1171729209"
    },
    {
      "type": "Feature",
      "properties": {
        "@id": "way/1171729210",
        "building": "yes",
        "shop": "kiosk",
        "@geometry": "center"
      },
      "geometry": {
        "type": "Point",
        "coordinates": [
          122.0764793,
          6.9099579
        ]
      },
      "id": "way/1171729210"
    },
    {
      "type": "Feature",
      "properties": {
        "@id": "way/1171729211",
        "building": "yes",
        "shop": "kiosk",
        "@geometry": "center"
      },
      "geometry": {
        "type": "Point",
        "coordinates": [
          122.0765044,
          6.9100177
        ]
      },
      "id": "way/1171729211"
    },
    {
      "type": "Feature",
      "properties": {
        "@id": "way/1171729212",
        "building": "yes",
        "shop": "kiosk",
        "@geometry": "center"
      },
      "geometry": {
        "type": "Point",
        "coordinates": [
          122.076521,
          6.9099727
        ]
      },
      "id": "way/1171729212"
    },
    {
      "type": "Feature",
      "properties": {
        "@id": "way/1171737119",
        "access": "private",
        "amenity": "parking",
        "fee": "no",
        "operator": "Zamboanga City Alliance Evangelical Church",
        "operator:type": "religious",
        "parking": "surface",
        "surface": "concrete",
        "@geometry": "center"
      },
      "geometry": {
        "type": "Point",
        "coordinates": [
          122.0727826,
          6.9126149
        ]
      },
      "id": "way/1171737119"
    },
    {
      "type": "Feature",
      "properties": {
        "@id": "way/1182448242",
        "leisure": "pitch",
        "sport": "tennis",
        "@geometry": "center"
      },
      "geometry": {
        "type": "Point",
        "coordinates": [
          122.1098525,
          6.9771237
        ]
      },
      "id": "way/1182448242"
    },
    {
      "type": "Feature",
      "properties": {
        "@id": "way/1182448243",
        "leisure": "swimming_pool",
        "@geometry": "center"
      },
      "geometry": {
        "type": "Point",
        "coordinates": [
          122.1101959,
          6.9771134
        ]
      },
      "id": "way/1182448243"
    },
    {
      "type": "Feature",
      "properties": {
        "@id": "way/1184874431",
        "leisure": "pitch",
        "sport": "basketball",
        "surface": "concrete",
        "@geometry": "center"
      },
      "geometry": {
        "type": "Point",
        "coordinates": [
          122.321776,
          7.4015976
        ]
      },
      "id": "way/1184874431"
    },
    {
      "type": "Feature",
      "properties": {
        "@id": "way/1185299361",
        "amenity": "parking",
        "parking": "surface",
        "@geometry": "center"
      },
      "geometry": {
        "type": "Point",
        "coordinates": [
          122.0933993,
          6.9362748
        ]
      },
      "id": "way/1185299361"
    },
    {
      "type": "Feature",
      "properties": {
        "@id": "way/1194185342",
        "addr:barangay": "Tetuan",
        "addr:city": "Zamboanga City",
        "addr:postcode": "7000",
        "addr:street": "Maria Clara L. Lobregat Highway",
        "amenity": "fast_food",
        "branch": "Santa Cruz",
        "check_date": "2024-09-21",
        "cuisine": "burger",
        "delivery": "yes",
        "drive_through": "yes",
        "name": "Jollibee",
        "opening_hours": "24/7",
        "operator": "Freemont Food Corporation",
        "payment:electronic_purses": "yes",
        "previously": "n4243560267",
        "smoking": "no",
        "@geometry": "center"
      },
      "geometry": {
        "type": "Point",
        "coordinates": [
          122.0797658,
          6.9218498
        ]
      },
      "id": "way/1194185342"
    },
    {
      "type": "Feature",
      "properties": {
        "@id": "way/1198861703",
        "addr:city": "Zamboanga",
        "addr:district": "Pitogo",
        "addr:housenumber": "9",
        "addr:postcode": "7000",
        "addr:province": "Zamboanga Del Sur",
        "addr:street": "Purok",
        "addr:unit": "Peace Compound",
        "alt_name": "Bait-ul-Ahad Mosque;Bait-ul-Ahad;Baitul Ahad",
        "alt_name:ur": "بیت الاحد",
        "amenity": "place_of_worship",
        "building": "yes",
        "denomination": "ahmadiyya",
        "name": "Baitul Ahad Mosque",
        "name:ur": "مسجد بیت الاحد",
        "religion": "muslim",
        "@geometry": "center"
      },
      "geometry": {
        "type": "Point",
        "coordinates": [
          121.9982743,
          6.9356135
        ]
      },
      "id": "way/1198861703"
    },
    {
      "type": "Feature",
      "properties": {
        "@id": "way/1215911385",
        "addr:street": "Zamboanga City - Labuan - Limpapa Road",
        "building": "roof",
        "events_venue": "yes",
        "layer": "1",
        "leisure": "sports_hall",
        "sport": "multi",
        "@geometry": "center"
      },
      "geometry": {
        "type": "Point",
        "coordinates": [
          121.9093448,
          7.0527523
        ]
      },
      "id": "way/1215911385"
    },
    {
      "type": "Feature",
      "properties": {
        "@id": "way/1215911386",
        "addr:street": "Zamboanga City - Labuan - Limpapa Road",
        "admin_level": "10",
        "amenity": "townhall",
        "building": "civic",
        "name": "Bahay Pamahalaan ng Barangay Patalon",
        "name:en": "Patalon Barangay Hall",
        "name:tl": "Bahay Pamahalaan ng Barangay Patalon",
        "townhall:type": "barangay",
        "@geometry": "center"
      },
      "geometry": {
        "type": "Point",
        "coordinates": [
          121.9095547,
          7.0528174
        ]
      },
      "id": "way/1215911386"
    },
    {
      "type": "Feature",
      "properties": {
        "@id": "way/1215933540",
        "leisure": "pitch",
        "sport": "multi",
        "@geometry": "center"
      },
      "geometry": {
        "type": "Point",
        "coordinates": [
          122.0888083,
          6.9523445
        ]
      },
      "id": "way/1215933540"
    },
    {
      "type": "Feature",
      "properties": {
        "@id": "way/1216663502",
        "amenity": "fuel",
        "fixme": "name",
        "@geometry": "center"
      },
      "geometry": {
        "type": "Point",
        "coordinates": [
          121.9220063,
          7.0051094
        ]
      },
      "id": "way/1216663502"
    },
    {
      "type": "Feature",
      "properties": {
        "@id": "way/1216669849",
        "addr:place": "Pamucutan",
        "admin_level": "10",
        "amenity": "townhall",
        "building": "civic",
        "name": "Bahay Pamahalaan ng Barangay Pamucutan",
        "name:en": "Pamucutan Barangay Hall",
        "name:tl": "Bahay Pamahalaan ng Barangay Pamucutan",
        "townhall:type": "barangay",
        "@geometry": "center"
      },
      "geometry": {
        "type": "Point",
        "coordinates": [
          121.9505837,
          6.9975125
        ]
      },
      "id": "way/1216669849"
    },
    {
      "type": "Feature",
      "properties": {
        "@id": "node/1221240013",
        "amenity": "cafe",
        "name": "Viandas Refreshment"
      },
      "geometry": {
        "type": "Point",
        "coordinates": [
          122.0838988,
          6.9195399
        ]
      },
      "id": "node/1221240013"
    },
    {
      "type": "Feature",
      "properties": {
        "@id": "way/1231609630",
        "addr:city": "Zamboanga City",
        "addr:street": "Mayor Vitaliano D. Agan Avenue",
        "amenity": "cafe",
        "building": "yes",
        "cuisine": "cheesecakes;chiffon_cakes;coffee",
        "name": "Moms Cheesecake",
        "opening_hours": "Mo-Su 10:00-20:00",
        "outdoor_seating": "no",
        "phone": "+639754287868",
        "website": "https://www.facebook.com/momscheesecakezc",
        "@geometry": "center"
      },
      "geometry": {
        "type": "Point",
        "coordinates": [
          122.0747127,
          6.9205226
        ]
      },
      "id": "way/1231609630"
    },
    {
      "type": "Feature",
      "properties": {
        "@id": "way/1250711186",
        "addr:city": "Zamboanga City",
        "addr:district": "Sta. Maria",
        "addr:neighbourhood": "Veterans Ave Extension",
        "addr:postcode": "7000",
        "addr:street": "Dionio Compound",
        "amenity": "veterinary",
        "building": "yes",
        "emergency": "no",
        "name": "4A Veterinary Clinic & Supplies",
        "opening_hours": "Mo-Fr 17:00-22:00",
        "operator": "Dr. Arcadio Cavan Jr",
        "@geometry": "center"
      },
      "geometry": {
        "type": "Point",
        "coordinates": [
          122.0763121,
          6.9287368
        ]
      },
      "id": "way/1250711186"
    },
    {
      "type": "Feature",
      "properties": {
        "@id": "way/1250711191",
        "building": "yes",
        "name": "Expo Home Depot",
        "shop": "hardware",
        "@geometry": "center"
      },
      "geometry": {
        "type": "Point",
        "coordinates": [
          122.0811406,
          6.9151896
        ]
      },
      "id": "way/1250711191"
    },
    {
      "type": "Feature",
      "properties": {
        "@id": "way/1250715476",
        "addr:city": "Zamboanga",
        "addr:district": "Camino Nuevo",
        "addr:postcode": "7000",
        "addr:street": "Mayor Vitaliano D. Agan Avenue",
        "amenity": "fuel",
        "brand": "Petro Gazz",
        "fuel:diesel": "yes",
        "fuel:octane_91": "yes",
        "fuel:octane_95": "yes",
        "name": "Petro Gazz",
        "operator": "KCC",
        "self_service": "no",
        "@geometry": "center"
      },
      "geometry": {
        "type": "Point",
        "coordinates": [
          122.0760941,
          6.9168944
        ]
      },
      "id": "way/1250715476"
    },
    {
      "type": "Feature",
      "properties": {
        "@id": "way/1250716394",
        "amenity": "fast_food",
        "brand": "Mang Inasal",
        "brand:wikidata": "Q6748573",
        "building": "yes",
        "cuisine": "barbecue",
        "drive_through": "no",
        "name": "Mang Inasal",
        "takeaway": "yes",
        "@geometry": "center"
      },
      "geometry": {
        "type": "Point",
        "coordinates": [
          122.0798178,
          6.914177
        ]
      },
      "id": "way/1250716394"
    },
    {
      "type": "Feature",
      "properties": {
        "@id": "way/1250716395",
        "amenity": "parking",
        "@geometry": "center"
      },
      "geometry": {
        "type": "Point",
        "coordinates": [
          122.0797072,
          6.9141436
        ]
      },
      "id": "way/1250716395"
    },
    {
      "type": "Feature",
      "properties": {
        "@id": "way/1280580867",
        "amenity": "food_court",
        "building": "yes",
        "@geometry": "center"
      },
      "geometry": {
        "type": "Point",
        "coordinates": [
          122.0870356,
          6.9187564
        ]
      },
      "id": "way/1280580867"
    },
    {
      "type": "Feature",
      "properties": {
        "@id": "way/1280580979",
        "building": "roof",
        "building:levels": "2",
        "events_venue": "yes",
        "layer": "1",
        "leisure": "sports_hall",
        "roof:shape": "hipped",
        "sport": "multi",
        "@geometry": "center"
      },
      "geometry": {
        "type": "Point",
        "coordinates": [
          122.0856241,
          6.9179549
        ]
      },
      "id": "way/1280580979"
    },
    {
      "type": "Feature",
      "properties": {
        "@id": "way/1307646190",
        "access": "yes",
        "amenity": "parking",
        "fee": "no",
        "operator": "WaterDistrict",
        "operator:type": "government",
        "@geometry": "center"
      },
      "geometry": {
        "type": "Point",
        "coordinates": [
          122.0724489,
          6.9548008
        ]
      },
      "id": "way/1307646190"
    },
    {
      "type": "Feature",
      "properties": {
        "@id": "way/1307646620",
        "leisure": "swimming_pool",
        "@geometry": "center"
      },
      "geometry": {
        "type": "Point",
        "coordinates": [
          122.0716685,
          6.958518
        ]
      },
      "id": "way/1307646620"
    },
    {
      "type": "Feature",
      "properties": {
        "@id": "way/1307649521",
        "building": "yes",
        "museum": "history",
        "name": "Sebastián Hurtado de Corcuera Museum",
        "tourism": "museum",
        "website": "https://www.academia.edu/7130835/Cashiering_the_Last_Conquistador_The_Juicio_de_Residencia_of_Don_Sebasti%C3%A1n_Hurtado_de_Corcuera_1639_1658",
        "wikidata": "Q3360549",
        "wikipedia": "es:Sebastián Hurtado de Corcuera",
        "@geometry": "center"
      },
      "geometry": {
        "type": "Point",
        "coordinates": [
          122.07277,
          6.9528566
        ]
      },
      "id": "way/1307649521"
    },
    {
      "type": "Feature",
      "properties": {
        "@id": "way/1307649522",
        "amenity": "language_school",
        "building": "yes",
        "description": "Spanish&History",
        "@geometry": "center"
      },
      "geometry": {
        "type": "Point",
        "coordinates": [
          122.0734811,
          6.9530319
        ]
      },
      "id": "way/1307649522"
    },
    {
      "type": "Feature",
      "properties": {
        "@id": "way/1307654756",
        "leisure": "garden",
        "@geometry": "center"
      },
      "geometry": {
        "type": "Point",
        "coordinates": [
          122.1084776,
          6.95066
        ]
      },
      "id": "way/1307654756"
    },
    {
      "type": "Feature",
      "properties": {
        "@id": "way/1307654757",
        "access": "private",
        "amenity": "parking_space",
        "fee": "no",
        "private": "employees",
        "@geometry": "center"
      },
      "geometry": {
        "type": "Point",
        "coordinates": [
          122.1081194,
          6.9512101
        ]
      },
      "id": "way/1307654757"
    },
    {
      "type": "Feature",
      "properties": {
        "@id": "way/1307654758",
        "amenity": "parking_space",
        "parking_space": "passengers",
        "@geometry": "center"
      },
      "geometry": {
        "type": "Point",
        "coordinates": [
          122.1076062,
          6.9505662
        ]
      },
      "id": "way/1307654758"
    },
    {
      "type": "Feature",
      "properties": {
        "@id": "way/1307654761",
        "leisure": "garden",
        "@geometry": "center"
      },
      "geometry": {
        "type": "Point",
        "coordinates": [
          122.1083527,
          6.9501516
        ]
      },
      "id": "way/1307654761"
    },
    {
      "type": "Feature",
      "properties": {
        "@id": "way/1307654762",
        "amenity": "dog_toilet",
        "@geometry": "center"
      },
      "geometry": {
        "type": "Point",
        "coordinates": [
          122.1075766,
          6.9512001
        ]
      },
      "id": "way/1307654762"
    },
    {
      "type": "Feature",
      "properties": {
        "@id": "way/1307655219",
        "access": "yes",
        "amenity": "parking",
        "orientation": "parallel",
        "parking": "street_side",
        "@geometry": "center"
      },
      "geometry": {
        "type": "Point",
        "coordinates": [
          122.1079685,
          6.9488982
        ]
      },
      "id": "way/1307655219"
    },
    {
      "type": "Feature",
      "properties": {
        "@id": "way/1307655220",
        "amenity": "shelter",
        "building": "yes",
        "shelter_type": "public_transport",
        "@geometry": "center"
      },
      "geometry": {
        "type": "Point",
        "coordinates": [
          122.1081091,
          6.9489052
        ]
      },
      "id": "way/1307655220"
    },
    {
      "type": "Feature",
      "properties": {
        "@id": "way/1307655425",
        "building": "yes",
        "description": "Wet_Sanitary_Wipes",
        "shop": "cosmetics",
        "@geometry": "center"
      },
      "geometry": {
        "type": "Point",
        "coordinates": [
          122.1084375,
          6.9484439
        ]
      },
      "id": "way/1307655425"
    },
    {
      "type": "Feature",
      "properties": {
        "@id": "way/1307655625",
        "amenity": "marketplace",
        "description": "iNternational_Caravansaries_(AsianHighway)_(planned)",
        "@geometry": "center"
      },
      "geometry": {
        "type": "Point",
        "coordinates": [
          122.1078609,
          6.9494115
        ]
      },
      "id": "way/1307655625"
    },
    {
      "type": "Feature",
      "properties": {
        "@id": "way/1322799744",
        "addr:place": "ICAS Elementary",
        "building": "roof",
        "events_venue": "yes",
        "layer": "1",
        "leisure": "sports_hall",
        "sport": "multi",
        "@geometry": "center"
      },
      "geometry": {
        "type": "Point",
        "coordinates": [
          122.0917365,
          6.9180631
        ]
      },
      "id": "way/1322799744"
    },
    {
      "type": "Feature",
      "properties": {
        "@id": "way/1322799750",
        "addr:quarter": "Tetuan",
        "addr:street": "Father Ramon Barua Street",
        "amenity": "health_post",
        "building": "civic",
        "healthcare": "community_health_worker",
        "name": "Tetuan Barangay Health Center",
        "operator:type": "public",
        "ref": "DOH000000000005425",
        "ref:short": "DOH000000000005425",
        "@geometry": "center"
      },
      "geometry": {
        "type": "Point",
        "coordinates": [
          122.0903305,
          6.9181091
        ]
      },
      "id": "way/1322799750"
    },
    {
      "type": "Feature",
      "properties": {
        "@id": "way/1322799753",
        "leisure": "pitch",
        "sport": "basketball",
        "@geometry": "center"
      },
      "geometry": {
        "type": "Point",
        "coordinates": [
          122.0899698,
          6.9170508
        ]
      },
      "id": "way/1322799753"
    },
    {
      "type": "Feature",
      "properties": {
        "@id": "way/1322799771",
        "addr:street": "M. Natividad Street",
        "admin_level": "10",
        "amenity": "townhall",
        "building": "civic",
        "name": "Oficina de Barangay de Tetuan",
        "name:en": "Tetuan Barangay Hall",
        "name:tl": "Bahay Pamahalaan ng Barangay Tetuan",
        "townhall:type": "barangay",
        "@geometry": "center"
      },
      "geometry": {
        "type": "Point",
        "coordinates": [
          122.0909369,
          6.9175351
        ]
      },
      "id": "way/1322799771"
    },
    {
      "type": "Feature",
      "properties": {
        "@id": "way/1322802152",
        "building": "roof",
        "events_venue": "yes",
        "layer": "1",
        "leisure": "sports_hall",
        "sport": "multi",
        "@geometry": "center"
      },
      "geometry": {
        "type": "Point",
        "coordinates": [
          122.0958648,
          6.9121884
        ]
      },
      "id": "way/1322802152"
    },
    {
      "type": "Feature",
      "properties": {
        "@id": "way/1322802161",
        "amenity": "parking",
        "parking": "surface",
        "@geometry": "center"
      },
      "geometry": {
        "type": "Point",
        "coordinates": [
          122.0928676,
          6.9161018
        ]
      },
      "id": "way/1322802161"
    },
    {
      "type": "Feature",
      "properties": {
        "@id": "way/1322802164",
        "amenity": "parking",
        "parking": "surface",
        "@geometry": "center"
      },
      "geometry": {
        "type": "Point",
        "coordinates": [
          122.0926536,
          6.9163447
        ]
      },
      "id": "way/1322802164"
    },
    {
      "type": "Feature",
      "properties": {
        "@id": "way/1322819130",
        "access": "private",
        "leisure": "swimming_pool",
        "@geometry": "center"
      },
      "geometry": {
        "type": "Point",
        "coordinates": [
          122.0923145,
          6.9203944
        ]
      },
      "id": "way/1322819130"
    },
    {
      "type": "Feature",
      "properties": {
        "@id": "way/1322819140",
        "addr:street": "Don A. V. Toribio Street",
        "amenity": "events_venue",
        "building": "yes",
        "@geometry": "center"
      },
      "geometry": {
        "type": "Point",
        "coordinates": [
          122.0925137,
          6.9206789
        ]
      },
      "id": "way/1322819140"
    },
    {
      "type": "Feature",
      "properties": {
        "@id": "way/1322819143",
        "addr:barangay": "Tetuan",
        "addr:city": "Zamboanga City",
        "addr:postcode": "7000",
        "addr:street": "Don A. V. Toribio Street",
        "email": "lmmetrohotel@yahoo.com",
        "name": "LM Metro Hotel",
        "phone": "+63 062 955 3834",
        "tourism": "hotel",
        "@geometry": "center"
      },
      "geometry": {
        "type": "Point",
        "coordinates": [
          122.0924491,
          6.9202988
        ]
      },
      "id": "way/1322819143"
    },
    {
      "type": "Feature",
      "properties": {
        "@id": "way/1342279387",
        "addr:city": "Zamboanga City",
        "addr:place": "Panubigan",
        "addr:postcode": "7000",
        "addr:province": "Zamboanga del Sur",
        "amenity": "school",
        "isced:level": "0;1",
        "name": "Panubigan Elementary School",
        "operator": "Manicahan District of Zamboanga City Schools Division, DepEd",
        "operator:type": "government",
        "operator:wikidata": "Q3550346",
        "ref": "120213",
        "@geometry": "center"
      },
      "geometry": {
        "type": "Point",
        "coordinates": [
          122.2489158,
          7.132424
        ]
      },
      "id": "way/1342279387"
    },
    {
      "type": "Feature",
      "properties": {
        "@id": "way/1342279388",
        "amenity": "stage",
        "building": "yes",
        "@geometry": "center"
      },
      "geometry": {
        "type": "Point",
        "coordinates": [
          122.2486962,
          7.1321468
        ]
      },
      "id": "way/1342279388"
    },
    {
      "type": "Feature",
      "properties": {
        "@id": "way/1342279389",
        "building": "roof",
        "emergency:amenity": "social_facility",
        "emergency:social_facility": "shelter",
        "emergency:social_facility:for": "displaced_people",
        "events_venue": "yes",
        "layer": "1",
        "leisure": "sports_hall",
        "sport": "multi",
        "@geometry": "center"
      },
      "geometry": {
        "type": "Point",
        "coordinates": [
          122.2488581,
          7.1322325
        ]
      },
      "id": "way/1342279389"
    },
    {
      "type": "Feature",
      "properties": {
        "@id": "way/1342279391",
        "addr:city": "Zamboanga City",
        "addr:place": "Panubigan",
        "admin_level": "10",
        "amenity": "townhall",
        "building": "civic",
        "name": "Bahay Pamahalaan ng Barangay Panubigan",
        "name:en": "Panubigan Barangay Hall",
        "name:fil": "Bahay Pamahalaan ng Barangay Panubigan",
        "townhall:type": "barangay",
        "@geometry": "center"
      },
      "geometry": {
        "type": "Point",
        "coordinates": [
          122.2493965,
          7.1326645
        ]
      },
      "id": "way/1342279391"
    },
    {
      "type": "Feature",
      "properties": {
        "@id": "way/1343918580",
        "addr:street": "Saavedra Street",
        "amenity": "fuel",
        "brand": "Phoenix",
        "brand:wikidata": "Q7186949",
        "building": "roof",
        "building:levels": "1",
        "building:use": "retail",
        "layer": "1",
        "name": "Phoenix",
        "roof:shape": "flat",
        "@geometry": "center"
      },
      "geometry": {
        "type": "Point",
        "coordinates": [
          122.0695437,
          6.9279177
        ]
      },
      "id": "way/1343918580"
    },
    {
      "type": "Feature",
      "properties": {
        "@id": "way/1343918591",
        "alt_name": "Dunkin' Donuts",
        "amenity": "fast_food",
        "brand": "Dunkin'",
        "brand:wikidata": "Q847743",
        "building": "yes",
        "cuisine": "donut;coffee_shop",
        "name": "Dunkin'",
        "takeaway": "yes",
        "@geometry": "center"
      },
      "geometry": {
        "type": "Point",
        "coordinates": [
          122.0751819,
          6.9201577
        ]
      },
      "id": "way/1343918591"
    },
    {
      "type": "Feature",
      "properties": {
        "@id": "way/1352877653",
        "building": "yes",
        "shop": "hardware",
        "@geometry": "center"
      },
      "geometry": {
        "type": "Point",
        "coordinates": [
          122.0082019,
          6.9308458
        ]
      },
      "id": "way/1352877653"
    },
    {
      "type": "Feature",
      "properties": {
        "@id": "way/1352887949",
        "leisure": "swimming_pool",
        "@geometry": "center"
      },
      "geometry": {
        "type": "Point",
        "coordinates": [
          121.9692879,
          7.005041
        ]
      },
      "id": "way/1352887949"
    },
    {
      "type": "Feature",
      "properties": {
        "@id": "way/1352887957",
        "leisure": "swimming_pool",
        "@geometry": "center"
      },
      "geometry": {
        "type": "Point",
        "coordinates": [
          121.9594596,
          6.9924691
        ]
      },
      "id": "way/1352887957"
    },
    {
      "type": "Feature",
      "properties": {
        "@id": "way/1352887975",
        "leisure": "swimming_pool",
        "@geometry": "center"
      },
      "geometry": {
        "type": "Point",
        "coordinates": [
          121.927485,
          7.0038313
        ]
      },
      "id": "way/1352887975"
    },
    {
      "type": "Feature",
      "properties": {
        "@id": "way/1352887976",
        "leisure": "swimming_pool",
        "@geometry": "center"
      },
      "geometry": {
        "type": "Point",
        "coordinates": [
          121.9273655,
          7.004015
        ]
      },
      "id": "way/1352887976"
    },
    {
      "type": "Feature",
      "properties": {
        "@id": "way/1352887977",
        "leisure": "swimming_pool",
        "@geometry": "center"
      },
      "geometry": {
        "type": "Point",
        "coordinates": [
          121.9276893,
          7.0039996
        ]
      },
      "id": "way/1352887977"
    },
    {
      "type": "Feature",
      "properties": {
        "@id": "way/1352887978",
        "leisure": "swimming_pool",
        "@geometry": "center"
      },
      "geometry": {
        "type": "Point",
        "coordinates": [
          121.9285036,
          7.0043069
        ]
      },
      "id": "way/1352887978"
    },
    {
      "type": "Feature",
      "properties": {
        "@id": "way/1352887979",
        "leisure": "swimming_pool",
        "@geometry": "center"
      },
      "geometry": {
        "type": "Point",
        "coordinates": [
          121.9284958,
          7.0041489
        ]
      },
      "id": "way/1352887979"
    },
    {
      "type": "Feature",
      "properties": {
        "@id": "way/1352896291",
        "building": "yes",
        "shop": "mall",
        "@geometry": "center"
      },
      "geometry": {
        "type": "Point",
        "coordinates": [
          121.9503596,
          6.9590989
        ]
      },
      "id": "way/1352896291"
    },
    {
      "type": "Feature",
      "properties": {
        "@id": "way/1352896295",
        "building": "yes",
        "shop": "mall",
        "@geometry": "center"
      },
      "geometry": {
        "type": "Point",
        "coordinates": [
          121.9536325,
          6.9554806
        ]
      },
      "id": "way/1352896295"
    },
    {
      "type": "Feature",
      "properties": {
        "@id": "way/1352896383",
        "leisure": "track",
        "@geometry": "center"
      },
      "geometry": {
        "type": "Point",
        "coordinates": [
          122.1491199,
          6.9574815
        ]
      },
      "id": "way/1352896383"
    },
    {
      "type": "Feature",
      "properties": {
        "@id": "way/1352898944",
        "leisure": "park",
        "@geometry": "center"
      },
      "geometry": {
        "type": "Point",
        "coordinates": [
          122.0736243,
          6.9709206
        ]
      },
      "id": "way/1352898944"
    },
    {
      "type": "Feature",
      "properties": {
        "@id": "way/1356850377",
        "amenity": "place_of_worship",
        "building": "mosque",
        "fixme": "name",
        "religion": "muslim",
        "@geometry": "center"
      },
      "geometry": {
        "type": "Point",
        "coordinates": [
          122.0539457,
          6.9173289
        ]
      },
      "id": "way/1356850377"
    },
    {
      "type": "Feature",
      "properties": {
        "@id": "node/1368525757",
        "addr:street": "La Purisima Street",
        "name": "David's Inn",
        "phone": "+63 629919038",
        "tourism": "hotel"
      },
      "geometry": {
        "type": "Point",
        "coordinates": [
          122.0762064,
          6.9072042
        ]
      },
      "id": "node/1368525757"
    },
    {
      "type": "Feature",
      "properties": {
        "@id": "way/1370380128",
        "addr:city": "Zamboanga City",
        "addr:postcode": "7000",
        "addr:province": "Zamboanga del Sur",
        "addr:street": "Tugbungan Road",
        "admin_level": "10",
        "amenity": "townhall",
        "building": "yes",
        "name": "Tugbungan Barangay Hall",
        "townhall:type": "barangay",
        "@geometry": "center"
      },
      "geometry": {
        "type": "Point",
        "coordinates": [
          122.104557,
          6.9194508
        ]
      },
      "id": "way/1370380128"
    },
    {
      "type": "Feature",
      "properties": {
        "@id": "way/1375450086",
        "building": "roof",
        "events_venue": "yes",
        "layer": "1",
        "leisure": "sports_hall",
        "sport": "multi",
        "@geometry": "center"
      },
      "geometry": {
        "type": "Point",
        "coordinates": [
          122.0617027,
          6.9139502
        ]
      },
      "id": "way/1375450086"
    },
    {
      "type": "Feature",
      "properties": {
        "@id": "way/1375728734",
        "events_venue": "yes",
        "leisure": "pitch",
        "sport": "multi",
        "@geometry": "center"
      },
      "geometry": {
        "type": "Point",
        "coordinates": [
          122.1012383,
          6.9511978
        ]
      },
      "id": "way/1375728734"
    },
    {
      "type": "Feature",
      "properties": {
        "@id": "way/1375775838",
        "addr:street": "Zamboanga City-Labuan-Limpapa Road",
        "addr:suburb": "Ayala",
        "amenity": "fuel",
        "brand": "Shell",
        "brand:wikidata": "Q110716465",
        "building": "roof",
        "building:levels": "1",
        "building:use": "retail",
        "layer": "1",
        "name": "Shell",
        "roof:shape": "flat",
        "@geometry": "center"
      },
      "geometry": {
        "type": "Point",
        "coordinates": [
          121.9479704,
          6.9651045
        ]
      },
      "id": "way/1375775838"
    },
    {
      "type": "Feature",
      "properties": {
        "@id": "way/1375777834",
        "addr:place": "Vitali",
        "amenity": "place_of_worship",
        "congregation": "Vitali",
        "denomination": "iglesia_ni_cristo",
        "denomination:wikidata": "Q1138908",
        "name": "Lokal ng Vitali, Iglesia ni Cristo",
        "nat_name": "Iglesia ni Cristo",
        "operator": "Iglesia ni Cristo",
        "religion": "christian",
        "@geometry": "center"
      },
      "geometry": {
        "type": "Point",
        "coordinates": [
          122.2848242,
          7.3622103
        ]
      },
      "id": "way/1375777834"
    },
    {
      "type": "Feature",
      "properties": {
        "@id": "way/1387440780",
        "amenity": "fuel",
        "building": "roof",
        "building:levels": "1",
        "building:use": "retail",
        "layer": "1",
        "roof:shape": "flat",
        "@geometry": "center"
      },
      "geometry": {
        "type": "Point",
        "coordinates": [
          122.1309793,
          6.9153004
        ]
      },
      "id": "way/1387440780"
    },
    {
      "type": "Feature",
      "properties": {
        "@id": "way/1395539686",
        "addr:city": "Zamboanga City",
        "addr:postcode": "7000",
        "addr:province": "Zamboanga del Sur",
        "addr:street": "Waling-Waling Drive",
        "contact:facebook": "https://www.facebook.com/zclutongpinoyresort",
        "leisure": "resort",
        "name": "Lutong Pinoy Resort",
        "resort": "resort",
        "@geometry": "center"
      },
      "geometry": {
        "type": "Point",
        "coordinates": [
          122.104297,
          6.9155623
        ]
      },
      "id": "way/1395539686"
    },
    {
      "type": "Feature",
      "properties": {
        "@id": "way/1411622943",
        "addr:city": "Zamboanga City",
        "addr:postcode": "7000",
        "addr:province": "Zamboanga del Sur",
        "addr:street": "Don Alfaro Street",
        "building": "yes",
        "leisure": "fitness_centre",
        "name": "Galvez Fitness Gym",
        "@geometry": "center"
      },
      "geometry": {
        "type": "Point",
        "coordinates": [
          122.0828781,
          6.9145489
        ]
      },
      "id": "way/1411622943"
    },
    {
      "type": "Feature",
      "properties": {
        "@id": "way/1411622944",
        "access": "customers",
        "amenity": "parking",
        "fee": "no",
        "operator": "Citimall",
        "operator:type": "business",
        "surface": "concrete",
        "@geometry": "center"
      },
      "geometry": {
        "type": "Point",
        "coordinates": [
          122.0828118,
          6.9134502
        ]
      },
      "id": "way/1411622944"
    },
    {
      "type": "Feature",
      "properties": {
        "@id": "way/1413518761",
        "addr:street": "Santa Maria Road",
        "amenity": "fuel",
        "building": "roof",
        "building:levels": "1",
        "building:use": "retail",
        "layer": "1",
        "roof:shape": "flat",
        "@geometry": "center"
      },
      "geometry": {
        "type": "Point",
        "coordinates": [
          122.0716437,
          6.9292091
        ]
      },
      "id": "way/1413518761"
    },
    {
      "type": "Feature",
      "properties": {
        "@id": "way/1436823492",
        "amenity": "bench",
        "@geometry": "center"
      },
      "geometry": {
        "type": "Point",
        "coordinates": [
          122.0811346,
          6.9007063
        ]
      },
      "id": "way/1436823492"
    },
    {
      "type": "Feature",
      "properties": {
        "@id": "way/1436823494",
        "amenity": "bench",
        "@geometry": "center"
      },
      "geometry": {
        "type": "Point",
        "coordinates": [
          122.0811145,
          6.9006976
        ]
      },
      "id": "way/1436823494"
    },
    {
      "type": "Feature",
      "properties": {
        "@id": "way/1436839650",
        "amenity": "animal_breeding",
        "landuse": "industrial",
        "livestock": "poultry",
        "@geometry": "center"
      },
      "geometry": {
        "type": "Point",
        "coordinates": [
          122.1746716,
          7.0014911
        ]
      },
      "id": "way/1436839650"
    },
    {
      "type": "Feature",
      "properties": {
        "@id": "way/1436842411",
        "addr:housename": "MnM Pines Resort & Country Club",
        "amenity": "events_venue",
        "building": "yes",
        "@geometry": "center"
      },
      "geometry": {
        "type": "Point",
        "coordinates": [
          122.1684942,
          7.0022579
        ]
      },
      "id": "way/1436842411"
    },
    {
      "type": "Feature",
      "properties": {
        "@id": "way/1436842412",
        "addr:housename": "MnM Pines Resort & Country Club",
        "building": "yes",
        "tourism": "chalet",
        "@geometry": "center"
      },
      "geometry": {
        "type": "Point",
        "coordinates": [
          122.1675584,
          7.0025413
        ]
      },
      "id": "way/1436842412"
    },
    {
      "type": "Feature",
      "properties": {
        "@id": "way/1436842413",
        "addr:housename": "MnM Pines Resort & Country Club",
        "building": "apartments",
        "tourism": "apartment",
        "@geometry": "center"
      },
      "geometry": {
        "type": "Point",
        "coordinates": [
          122.1677805,
          7.0026619
        ]
      },
      "id": "way/1436842413"
    },
    {
      "type": "Feature",
      "properties": {
        "@id": "way/1436842414",
        "accommodation": "yes",
        "addr:place": "Paso Caballo",
        "contact:facebook": "@mnmpinesresortandcountryclub",
        "contact:phone": "+63945 817 9865",
        "leisure": "resort",
        "name": "MnM Pines Resort & Country Club",
        "opening_hours": "Th-Tu 08:00-22:00, We off",
        "pets": "no",
        "@geometry": "center"
      },
      "geometry": {
        "type": "Point",
        "coordinates": [
          122.1679979,
          7.002568
        ]
      },
      "id": "way/1436842414"
    },
    {
      "type": "Feature",
      "properties": {
        "@id": "way/1436842415",
        "addr:housename": "MnM Pines Resort & Country Club",
        "leisure": "pitch",
        "sport": "tennis;basketball;multi",
        "@geometry": "center"
      },
      "geometry": {
        "type": "Point",
        "coordinates": [
          122.1684319,
          7.002864
        ]
      },
      "id": "way/1436842415"
    },
    {
      "type": "Feature",
      "properties": {
        "@id": "way/1436902134",
        "amenity": "fountain",
        "name": "Dancing Fountain",
        "@geometry": "center"
      },
      "geometry": {
        "type": "Point",
        "coordinates": [
          122.0813735,
          6.9004184
        ]
      },
      "id": "way/1436902134"
    },
    {
      "type": "Feature",
      "properties": {
        "@id": "way/1437099118",
        "tourism": "picnic_site",
        "@geometry": "center"
      },
      "geometry": {
        "type": "Point",
        "coordinates": [
          122.0190377,
          6.9246338
        ]
      },
      "id": "way/1437099118"
    },
    {
      "type": "Feature",
      "properties": {
        "@id": "way/1441547093",
        "leisure": "pitch",
        "sport": "basketball",
        "@geometry": "center"
      },
      "geometry": {
        "type": "Point",
        "coordinates": [
          122.0866319,
          6.8982989
        ]
      },
      "id": "way/1441547093"
    },
    {
      "type": "Feature",
      "properties": {
        "@id": "way/1441547096",
        "amenity": "coast_guard",
        "emergency": "coast_guard",
        "landuse": "commercial",
        "name": "Coast Guard Sub-station Rio Hondo",
        "name:abbr": "CGSS Rio Hondo",
        "nat_name": "Philippine Coast Guard",
        "operator": "Department of Transportation",
        "operator:type": "government",
        "seamark:type": "coastguard_station",
        "@geometry": "center"
      },
      "geometry": {
        "type": "Point",
        "coordinates": [
          122.0867075,
          6.8974364
        ]
      },
      "id": "way/1441547096"
    },
    {
      "type": "Feature",
      "properties": {
        "@id": "way/1441547107",
        "amenity": "school",
        "name": "Islamic Institute of the Phillippines",
        "@geometry": "center"
      },
      "geometry": {
        "type": "Point",
        "coordinates": [
          122.0849457,
          6.9001332
        ]
      },
      "id": "way/1441547107"
    },
    {
      "type": "Feature",
      "properties": {
        "@id": "way/1441547113",
        "amenity": "place_of_worship",
        "building": "mosque",
        "name": "Masjid Campo Muslim",
        "religion": "muslim",
        "@geometry": "center"
      },
      "geometry": {
        "type": "Point",
        "coordinates": [
          122.0850277,
          6.9004684
        ]
      },
      "id": "way/1441547113"
    },
    {
      "type": "Feature",
      "properties": {
        "@id": "way/1441547451",
        "leisure": "pitch",
        "sport": "tennis",
        "@geometry": "center"
      },
      "geometry": {
        "type": "Point",
        "coordinates": [
          122.083742,
          6.9001261
        ]
      },
      "id": "way/1441547451"
    },
    {
      "type": "Feature",
      "properties": {
        "@id": "way/1441547455",
        "addr:housename": "Rio Hondo Elementary School",
        "building": "roof",
        "events_venue": "yes",
        "layer": "1",
        "leisure": "sports_hall",
        "sport": "multi",
        "@geometry": "center"
      },
      "geometry": {
        "type": "Point",
        "coordinates": [
          122.0861384,
          6.8986901
        ]
      },
      "id": "way/1441547455"
    },
    {
      "type": "Feature",
      "properties": {
        "@id": "way/1441731138",
        "access": "private",
        "amenity": "place_of_worship",
        "building": "yes",
        "denomination": "roman_catholic",
        "name": "Our Lady of Guadalupe Chapel",
        "place_of_worship": "chapel",
        "private": "members",
        "religion": "christian",
        "@geometry": "center"
      },
      "geometry": {
        "type": "Point",
        "coordinates": [
          122.0868262,
          6.9186804
        ]
      },
      "id": "way/1441731138"
    },
    {
      "type": "Feature",
      "properties": {
        "@id": "way/1441920919",
        "amenity": "stage",
        "@geometry": "center"
      },
      "geometry": {
        "type": "Point",
        "coordinates": [
          122.0813251,
          6.900778
        ]
      },
      "id": "way/1441920919"
    },
    {
      "type": "Feature",
      "properties": {
        "@id": "way/1442943468",
        "addr:street": "Maria Clara L. Lobregat Highway",
        "amenity": "fuel",
        "brand": "Land Oil",
        "building": "roof",
        "layer": "1",
        "name": "Land Oil",
        "previously": "n5205725821",
        "@geometry": "center"
      },
      "geometry": {
        "type": "Point",
        "coordinates": [
          122.2132703,
          7.0777899
        ]
      },
      "id": "way/1442943468"
    },
    {
      "type": "Feature",
      "properties": {
        "@id": "way/1442943474",
        "addr:street": "Maria Clara L. Lobregat Highway",
        "amenity": "fuel",
        "brand": "Petron",
        "brand:wikidata": "Q7179011",
        "building": "roof",
        "layer": "1",
        "name": "Petron",
        "@geometry": "center"
      },
      "geometry": {
        "type": "Point",
        "coordinates": [
          122.2116282,
          7.0751903
        ]
      },
      "id": "way/1442943474"
    },
    {
      "type": "Feature",
      "properties": {
        "@id": "way/1442943720",
        "building": "roof",
        "building:use": "civic",
        "emergency:amenity": "social_facility",
        "emergency:social_facility": "shelter",
        "emergency:social_facility:for": "displaced_people",
        "events_venue": "yes",
        "layer": "1",
        "leisure": "sports_hall",
        "sport": "multi",
        "@geometry": "center"
      },
      "geometry": {
        "type": "Point",
        "coordinates": [
          122.213907,
          7.0789804
        ]
      },
      "id": "way/1442943720"
    },
    {
      "type": "Feature",
      "properties": {
        "@id": "way/1442944925",
        "addr:city": "Zamboanga City",
        "addr:place": "Bunguiao",
        "addr:postcode": "7000",
        "amenity": "place_of_worship",
        "building": "church",
        "denomination": "roman_catholic",
        "name": "Our Lady of Lourdes Parish Church",
        "previously": "n3558519196",
        "religion": "christian",
        "@geometry": "center"
      },
      "geometry": {
        "type": "Point",
        "coordinates": [
          122.1986257,
          7.1033417
        ]
      },
      "id": "way/1442944925"
    },
    {
      "type": "Feature",
      "properties": {
        "@id": "node/1452208655",
        "amenity": "ferry_terminal",
        "ferry": "yes",
        "mooring": "yes",
        "name": "Zamboanga",
        "public_transport": "stop_position"
      },
      "geometry": {
        "type": "Point",
        "coordinates": [
          122.0766393,
          6.9006133
        ]
      },
      "id": "node/1452208655"
    },
    {
      "type": "Feature",
      "properties": {
        "@id": "node/2087063923",
        "addr:street": "Barcelona Street",
        "amenity": "bank",
        "atm": "yes",
        "brand": "RCBC",
        "brand:wikidata": "Q7339070",
        "brand:wikipedia": "en:Rizal Commercial Banking Corporation",
        "name": "RCBC",
        "official_name": "Rizal Commercial Banking Corporation"
      },
      "geometry": {
        "type": "Point",
        "coordinates": [
          122.0758458,
          6.9066269
        ]
      },
      "id": "node/2087063923"
    },
    {
      "type": "Feature",
      "properties": {
        "@id": "node/2087064056",
        "name": "ABC Bakery",
        "shop": "bakery"
      },
      "geometry": {
        "type": "Point",
        "coordinates": [
          122.0756672,
          6.906609
        ]
      },
      "id": "node/2087064056"
    },
    {
      "type": "Feature",
      "properties": {
        "@id": "node/2126334903",
        "addr:street": "M. Natividad Street",
        "amenity": "fire_station",
        "name": "Tetuan Fire Station",
        "official_name": "Tetuan Fire Sub-station"
      },
      "geometry": {
        "type": "Point",
        "coordinates": [
          122.0908912,
          6.9174383
        ]
      },
      "id": "node/2126334903"
    },
    {
      "type": "Feature",
      "properties": {
        "@id": "node/2133836289",
        "amenity": "fire_station",
        "name": "Guiwan Fire Station"
      },
      "geometry": {
        "type": "Point",
        "coordinates": [
          122.0919932,
          6.9287677
        ]
      },
      "id": "node/2133836289"
    },
    {
      "type": "Feature",
      "properties": {
        "@id": "node/2159480018",
        "name": "Marcian Business Hotel",
        "tourism": "hotel"
      },
      "geometry": {
        "type": "Point",
        "coordinates": [
          122.0748655,
          6.9070675
        ]
      },
      "id": "node/2159480018"
    },
    {
      "type": "Feature",
      "properties": {
        "@id": "node/2159506365",
        "amenity": "fuel"
      },
      "geometry": {
        "type": "Point",
        "coordinates": [
          122.0722267,
          6.9093377
        ]
      },
      "id": "node/2159506365"
    },
    {
      "type": "Feature",
      "properties": {
        "@id": "node/2460512006",
        "amenity": "bus_station",
        "bus": "yes",
        "name": "Baliwasan Terminal",
        "public_transport": "station"
      },
      "geometry": {
        "type": "Point",
        "coordinates": [
          122.0748328,
          6.9054437
        ]
      },
      "id": "node/2460512006"
    },
    {
      "type": "Feature",
      "properties": {
        "@id": "node/2460512007",
        "addr:city": "Zamboanga",
        "addr:postcode": "7000",
        "addr:street": "Rizal Street",
        "addr:village": "Zone IV",
        "amenity": "fast_food",
        "branch": "Pershing",
        "brand": "Jollibee",
        "brand:wikidata": "Q37614",
        "brand:wikipedia": "en:Jollibee",
        "cuisine": "burger",
        "delivery": "yes",
        "name": "Jollibee",
        "takeaway": "yes"
      },
      "geometry": {
        "type": "Point",
        "coordinates": [
          122.076681,
          6.9046765
        ]
      },
      "id": "node/2460512007"
    },
    {
      "type": "Feature",
      "properties": {
        "@id": "node/2460512008",
        "amenity": "bus_station",
        "bus": "yes",
        "name": "Labuan Limpapa",
        "public_transport": "station"
      },
      "geometry": {
        "type": "Point",
        "coordinates": [
          122.0735836,
          6.9057138
        ]
      },
      "id": "node/2460512008"
    },
    {
      "type": "Feature",
      "properties": {
        "@id": "node/2460512012",
        "amenity": "bus_station",
        "bus": "yes",
        "name": "San Roque Terminal",
        "public_transport": "station"
      },
      "geometry": {
        "type": "Point",
        "coordinates": [
          122.0723098,
          6.9045936
        ]
      },
      "id": "node/2460512012"
    },
    {
      "type": "Feature",
      "properties": {
        "@id": "node/2460512013",
        "amenity": "ferry_terminal",
        "ferry": "yes",
        "name": "Santa Cruz Island Ferry Terminal",
        "name:es": "Terminal de Ferri de la Isla de Santa Cruz",
        "public_transport": "station"
      },
      "geometry": {
        "type": "Point",
        "coordinates": [
          122.0819232,
          6.8997671
        ]
      },
      "id": "node/2460512013"
    },
    {
      "type": "Feature",
      "properties": {
        "@id": "node/2460512014",
        "amenity": "bus_station",
        "bus": "yes",
        "name": "Southcom Terminal",
        "public_transport": "station"
      },
      "geometry": {
        "type": "Point",
        "coordinates": [
          122.0723472,
          6.9049621
        ]
      },
      "id": "node/2460512014"
    },
    {
      "type": "Feature",
      "properties": {
        "@id": "node/2460523021",
        "amenity": "atm",
        "brand": "DBP",
        "brand:facebook": "https://www.facebook.com/devbankphl",
        "brand:website": "https://www.dbp.ph/",
        "brand:wikidata": "Q5266680",
        "brand:wikipedia": "en:Development Bank of the Philippines",
        "name": "DBP",
        "opening_hours": "24/7",
        "operator": "Development Bank of the Philippines"
      },
      "geometry": {
        "type": "Point",
        "coordinates": [
          122.0756172,
          6.9038012
        ]
      },
      "id": "node/2460523021"
    },
    {
      "type": "Feature",
      "properties": {
        "@id": "node/2724845856",
        "shop": "convenience"
      },
      "geometry": {
        "type": "Point",
        "coordinates": [
          122.2364593,
          7.0990764
        ]
      },
      "id": "node/2724845856"
    },
    {
      "type": "Feature",
      "properties": {
        "@id": "node/2725070729",
        "amenity": "mortuary",
        "brand": "Saint Peter"
      },
      "geometry": {
        "type": "Point",
        "coordinates": [
          122.1096863,
          6.9475133
        ]
      },
      "id": "node/2725070729"
    },
    {
      "type": "Feature",
      "properties": {
        "@id": "node/2730489484",
        "shop": "convenience"
      },
      "geometry": {
        "type": "Point",
        "coordinates": [
          122.2402001,
          7.0982353
        ]
      },
      "id": "node/2730489484"
    },
    {
      "type": "Feature",
      "properties": {
        "@id": "node/2730489485",
        "name": "Enriquez Store",
        "shop": "convenience"
      },
      "geometry": {
        "type": "Point",
        "coordinates": [
          122.2401588,
          7.0983048
        ]
      },
      "id": "node/2730489485"
    },
    {
      "type": "Feature",
      "properties": {
        "@id": "node/2735660953",
        "amenity": "restaurant",
        "name": "Alavar"
      },
      "geometry": {
        "type": "Point",
        "coordinates": [
          122.0866863,
          6.9158142
        ]
      },
      "id": "node/2735660953"
    },
    {
      "type": "Feature",
      "properties": {
        "@id": "node/2744164656",
        "amenity": "fountain"
      },
      "geometry": {
        "type": "Point",
        "coordinates": [
          121.9218407,
          6.9939653
        ]
      },
      "id": "node/2744164656"
    },
    {
      "type": "Feature",
      "properties": {
        "@id": "node/2744182807",
        "amenity": "restaurant"
      },
      "geometry": {
        "type": "Point",
        "coordinates": [
          122.0860171,
          6.9194136
        ]
      },
      "id": "node/2744182807"
    },
    {
      "type": "Feature",
      "properties": {
        "@id": "node/2744234229",
        "addr:city": "Zamboanga City",
        "addr:postcode": "7000",
        "addr:street": "Valderosa",
        "amenity": "restaurant",
        "name": "Distrito",
        "name:es": "Distrito"
      },
      "geometry": {
        "type": "Point",
        "coordinates": [
          122.0806059,
          6.899877
        ]
      },
      "id": "node/2744234229"
    },
    {
      "type": "Feature",
      "properties": {
        "@id": "node/2744237954",
        "addr:city": "Zamboanga",
        "addr:postcode": "7000",
        "addr:street": "Veterans Avenue",
        "name": "A.L. Gonzales and Sons",
        "note": "Also sells kitchen appliances.",
        "shop": "gas"
      },
      "geometry": {
        "type": "Point",
        "coordinates": [
          122.0794413,
          6.914298
        ]
      },
      "id": "node/2744237954"
    },
    {
      "type": "Feature",
      "properties": {
        "@id": "node/2744237955",
        "addr:city": "Zamboanga",
        "addr:postcode": "7000",
        "addr:street": "Veterans Avenue",
        "amenity": "bank",
        "atm": "yes",
        "brand": "PNB",
        "brand:wikidata": "Q1657971",
        "brand:wikipedia": "en:Philippine National Bank",
        "name": "PNB",
        "official_name": "Philippine National Bank"
      },
      "geometry": {
        "type": "Point",
        "coordinates": [
          122.0794587,
          6.9142022
        ]
      },
      "id": "node/2744237955"
    },
    {
      "type": "Feature",
      "properties": {
        "@id": "node/2744416694",
        "amenity": "fx_station",
        "description": "This is a street terminal",
        "name": "Sangali-Bolong Terminal",
        "public_transport": "platform"
      },
      "geometry": {
        "type": "Point",
        "coordinates": [
          122.076657,
          6.9064946
        ]
      },
      "id": "node/2744416694"
    },
    {
      "type": "Feature",
      "properties": {
        "@id": "node/2746874915",
        "access": "customers",
        "amenity": "toilets"
      },
      "geometry": {
        "type": "Point",
        "coordinates": [
          122.2407078,
          7.0980656
        ]
      },
      "id": "node/2746874915"
    },
    {
      "type": "Feature",
      "properties": {
        "@id": "node/2746874919",
        "access": "customers",
        "amenity": "toilets"
      },
      "geometry": {
        "type": "Point",
        "coordinates": [
          122.2401376,
          7.0981186
        ]
      },
      "id": "node/2746874919"
    },
    {
      "type": "Feature",
      "properties": {
        "@id": "node/2746874993",
        "access": "private",
        "amenity": "toilets"
      },
      "geometry": {
        "type": "Point",
        "coordinates": [
          122.2253195,
          7.1091963
        ]
      },
      "id": "node/2746874993"
    },
    {
      "type": "Feature",
      "properties": {
        "@id": "node/2746988924",
        "amenity": "fast_food",
        "brand": "Jollibee",
        "cuisine": "burger"
      },
      "geometry": {
        "type": "Point",
        "coordinates": [
          122.0786012,
          6.9281013
        ]
      },
      "id": "node/2746988924"
    },
    {
      "type": "Feature",
      "properties": {
        "@id": "node/2747239543",
        "amenity": "school",
        "name": "Fermdale International School"
      },
      "geometry": {
        "type": "Point",
        "coordinates": [
          122.079284,
          6.9130849
        ]
      },
      "id": "node/2747239543"
    },
    {
      "type": "Feature",
      "properties": {
        "@id": "node/2748739554",
        "historic": "wayside_shrine"
      },
      "geometry": {
        "type": "Point",
        "coordinates": [
          122.0827429,
          6.9009809
        ]
      },
      "id": "node/2748739554"
    },
    {
      "type": "Feature",
      "properties": {
        "@id": "node/2748739573",
        "amenity": "fountain"
      },
      "geometry": {
        "type": "Point",
        "coordinates": [
          122.0828995,
          6.9011942
        ]
      },
      "id": "node/2748739573"
    },
    {
      "type": "Feature",
      "properties": {
        "@id": "node/2748904331",
        "addr:city": "Zamboanga City",
        "addr:floor": "3",
        "addr:postcode": "7000",
        "addr:province": "Zamboanga del Sur",
        "addr:street": "Governor Alvarez Avenue",
        "amenity": "school",
        "contact:phone": "+63 9927269",
        "contact:website": "https://www.facebook.com/elearningcentreinc",
        "name": "ELearning Centre"
      },
      "geometry": {
        "type": "Point",
        "coordinates": [
          122.0790983,
          6.9131208
        ]
      },
      "id": "node/2748904331"
    },
    {
      "type": "Feature",
      "properties": {
        "@id": "node/2748923371",
        "amenity": "cafe"
      },
      "geometry": {
        "type": "Point",
        "coordinates": [
          122.079357,
          6.9064254
        ]
      },
      "id": "node/2748923371"
    },
    {
      "type": "Feature",
      "properties": {
        "@id": "node/2748975412",
        "addr:city": "Zamboanga City",
        "addr:postcode": "7000",
        "addr:street": "Governor Camins Avenue",
        "amenity": "bank",
        "atm": "no",
        "fixme": "verify location",
        "name": "Banco Cooperativa de Zamboanga",
        "opening_hours": "Mo-Fr 09:00-16:00"
      },
      "geometry": {
        "type": "Point",
        "coordinates": [
          122.0782076,
          6.9214786
        ]
      },
      "id": "node/2748975412"
    },
    {
      "type": "Feature",
      "properties": {
        "@id": "node/2749001583",
        "addr:barangay": "Vitali",
        "addr:city": "Zamboaga City",
        "addr:postcode": "7000",
        "addr:street": "Maria Clara L. Lobregat Highway",
        "alt_name": "Zamboanga City Police Station № 1",
        "amenity": "police",
        "name": "Vitali Police Station",
        "operator": "Zamboanga City Police Office"
      },
      "geometry": {
        "type": "Point",
        "coordinates": [
          122.288702,
          7.3714823
        ]
      },
      "id": "node/2749001583"
    },
    {
      "type": "Feature",
      "properties": {
        "@id": "node/2751088678",
        "amenity": "atm"
      },
      "geometry": {
        "type": "Point",
        "coordinates": [
          122.211177,
          7.0719638
        ]
      },
      "id": "node/2751088678"
    },
    {
      "type": "Feature",
      "properties": {
        "@id": "node/2751280915",
        "amenity": "atm"
      },
      "geometry": {
        "type": "Point",
        "coordinates": [
          122.0771641,
          6.9036139
        ]
      },
      "id": "node/2751280915"
    },
    {
      "type": "Feature",
      "properties": {
        "@id": "node/2751280916",
        "amenity": "atm"
      },
      "geometry": {
        "type": "Point",
        "coordinates": [
          122.0771776,
          6.9036084
        ]
      },
      "id": "node/2751280916"
    },
    {
      "type": "Feature",
      "properties": {
        "@id": "node/2751280918",
        "amenity": "atm"
      },
      "geometry": {
        "type": "Point",
        "coordinates": [
          122.077151,
          6.9036223
        ]
      },
      "id": "node/2751280918"
    },
    {
      "type": "Feature",
      "properties": {
        "@id": "node/2751280936",
        "historic": "memorial"
      },
      "geometry": {
        "type": "Point",
        "coordinates": [
          122.0770037,
          6.9042968
        ]
      },
      "id": "node/2751280936"
    },
    {
      "type": "Feature",
      "properties": {
        "@id": "node/2753177409",
        "shop": "convenience"
      },
      "geometry": {
        "type": "Point",
        "coordinates": [
          122.2262251,
          7.1085035
        ]
      },
      "id": "node/2753177409"
    },
    {
      "type": "Feature",
      "properties": {
        "@id": "node/2753177888",
        "shop": "convenience"
      },
      "geometry": {
        "type": "Point",
        "coordinates": [
          122.2283946,
          7.1099639
        ]
      },
      "id": "node/2753177888"
    },
    {
      "type": "Feature",
      "properties": {
        "@id": "node/2753177961",
        "shop": "convenience"
      },
      "geometry": {
        "type": "Point",
        "coordinates": [
          122.228927,
          7.1107344
        ]
      },
      "id": "node/2753177961"
    },
    {
      "type": "Feature",
      "properties": {
        "@id": "node/2755491059",
        "amenity": "atm",
        "network": "Expressnet"
      },
      "geometry": {
        "type": "Point",
        "coordinates": [
          122.0738905,
          6.9095376
        ]
      },
      "id": "node/2755491059"
    },
    {
      "type": "Feature",
      "properties": {
        "@id": "node/2755491060",
        "amenity": "atm",
        "network": "Expressnet"
      },
      "geometry": {
        "type": "Point",
        "coordinates": [
          122.0738888,
          6.9095512
        ]
      },
      "id": "node/2755491060"
    },
    {
      "type": "Feature",
      "properties": {
        "@id": "node/2755734010",
        "name": "Anzey Salon and Spa",
        "shop": "beauty"
      },
      "geometry": {
        "type": "Point",
        "coordinates": [
          122.0798525,
          6.9124548
        ]
      },
      "id": "node/2755734010"
    },
    {
      "type": "Feature",
      "properties": {
        "@id": "node/2755734011",
        "name": "Auntie Nitz's",
        "shop": "confectionery"
      },
      "geometry": {
        "type": "Point",
        "coordinates": [
          122.0798084,
          6.9129567
        ]
      },
      "id": "node/2755734011"
    },
    {
      "type": "Feature",
      "properties": {
        "@id": "node/2755734013",
        "name": "Freedom Commercial Printers",
        "shop": "print"
      },
      "geometry": {
        "type": "Point",
        "coordinates": [
          122.0798368,
          6.9126156
        ]
      },
      "id": "node/2755734013"
    },
    {
      "type": "Feature",
      "properties": {
        "@id": "node/2755734015",
        "amenity": "bank",
        "brand": "Landbank",
        "brand:wikidata": "Q6483872",
        "brand:wikipedia": "en:Land Bank of the Philippines",
        "name": "Landbank"
      },
      "geometry": {
        "type": "Point",
        "coordinates": [
          122.0796508,
          6.9123195
        ]
      },
      "id": "node/2755734015"
    },
    {
      "type": "Feature",
      "properties": {
        "@id": "node/2755734016",
        "addr:city": "Zamboanga",
        "addr:street": "Tomas Claudio Street",
        "amenity": "restaurant",
        "name": "Mandarin Gate 10th High",
        "old_name": "Kintaro"
      },
      "geometry": {
        "type": "Point",
        "coordinates": [
          122.0757299,
          6.9064684
        ]
      },
      "id": "node/2755734016"
    },
    {
      "type": "Feature",
      "properties": {
        "@id": "node/2755734017",
        "name": "Ocho Marketing and Parts Supply",
        "shop": "car_parts"
      },
      "geometry": {
        "type": "Point",
        "coordinates": [
          122.0798155,
          6.9127946
        ]
      },
      "id": "node/2755734017"
    },
    {
      "type": "Feature",
      "properties": {
        "@id": "node/2755734018",
        "name": "Ozamis A+ Credit Corporation",
        "shop": "money_lender"
      },
      "geometry": {
        "type": "Point",
        "coordinates": [
          122.0798099,
          6.9129243
        ]
      },
      "id": "node/2755734018"
    },
    {
      "type": "Feature",
      "properties": {
        "@id": "node/2755734020",
        "amenity": "social_facility",
        "name": "UNA Bulk Depot",
        "social_facility": "food_bank"
      },
      "geometry": {
        "type": "Point",
        "coordinates": [
          122.0798439,
          6.9125253
        ]
      },
      "id": "node/2755734020"
    },
    {
      "type": "Feature",
      "properties": {
        "@id": "node/2755734028",
        "amenity": "atm",
        "brand": "PNB",
        "brand:wikidata": "Q1657971",
        "name": "PNB",
        "official_name": "Philippine National Bank",
        "operator": "PNB",
        "operator:wikidata": "Q1657971"
      },
      "geometry": {
        "type": "Point",
        "coordinates": [
          122.0758392,
          6.9043841
        ]
      },
      "id": "node/2755734028"
    },
    {
      "type": "Feature",
      "properties": {
        "@id": "node/2755734039",
        "addr:street": "Governor Lim Avenue",
        "amenity": "fast_food",
        "brand": "McDonald's",
        "brand:wikidata": "Q38076",
        "brand:wikipedia": "en:McDonald's",
        "brand:wikipedia:es": "McDonald's",
        "cuisine": "burger",
        "name": "McDonald's",
        "name:ar": "مكدونالدز",
        "name:en": "McDonald's",
        "name:es": "McDonald's",
        "name:ko": "디몰 맥도날드",
        "name:ru": "Макдональдс",
        "takeaway": "yes"
      },
      "geometry": {
        "type": "Point",
        "coordinates": [
          122.0769359,
          6.9064681
        ]
      },
      "id": "node/2755734039"
    },
    {
      "type": "Feature",
      "properties": {
        "@id": "node/2755734042",
        "addr:street": "Almonte Street",
        "brand": "Red Ribbon",
        "brand:wikidata": "Q7304789",
        "brand:wikipedia": "en:Red Ribbon Bakeshop",
        "name": "Red Ribbon",
        "shop": "bakery"
      },
      "geometry": {
        "type": "Point",
        "coordinates": [
          122.0767341,
          6.9065553
        ]
      },
      "id": "node/2755734042"
    },
    {
      "type": "Feature",
      "properties": {
        "@id": "node/2755734060",
        "addr:city": "Zamboanga",
        "addr:housenumber": "60",
        "addr:street": "Campaner Street",
        "amenity": "restaurant",
        "diet:vegetarian": "yes",
        "name": "VG Queen Health Food Center"
      },
      "geometry": {
        "type": "Point",
        "coordinates": [
          122.0749894,
          6.9083491
        ]
      },
      "id": "node/2755734060"
    },
    {
      "type": "Feature",
      "properties": {
        "@id": "node/2755734071",
        "amenity": "atm",
        "network": "ExpressNet",
        "operator": "Land Bank of the Philippines"
      },
      "geometry": {
        "type": "Point",
        "coordinates": [
          122.0796465,
          6.9123533
        ]
      },
      "id": "node/2755734071"
    },
    {
      "type": "Feature",
      "properties": {
        "@id": "node/2755734222",
        "amenity": "atm"
      },
      "geometry": {
        "type": "Point",
        "coordinates": [
          122.0915473,
          6.9319857
        ]
      },
      "id": "node/2755734222"
    },
    {
      "type": "Feature",
      "properties": {
        "@id": "node/2763295449",
        "name": "Sony Service Center",
        "shop": "electronics"
      },
      "geometry": {
        "type": "Point",
        "coordinates": [
          122.0795903,
          6.9127775
        ]
      },
      "id": "node/2763295449"
    },
    {
      "type": "Feature",
      "properties": {
        "@id": "node/2763475231",
        "amenity": "atm",
        "brand": "Metrobank",
        "brand:wikidata": "Q1925799",
        "cash_in": "no",
        "network": "Bancnet",
        "operator": "Metrobank",
        "operator:wikidata": "Q1925799"
      },
      "geometry": {
        "type": "Point",
        "coordinates": [
          122.0725987,
          6.9208239
        ]
      },
      "id": "node/2763475231"
    },
    {
      "type": "Feature",
      "properties": {
        "@id": "node/2774424051",
        "addr:city": "Zamboanga City",
        "addr:postcode": "7000",
        "addr:street": "N. S. Valderosa Street",
        "amenity": "bank",
        "atm": "yes",
        "name": "Philippine Bank of Commerce",
        "opening_hours": "09:00 - 16:00"
      },
      "geometry": {
        "type": "Point",
        "coordinates": [
          122.0766748,
          6.9041154
        ]
      },
      "id": "node/2774424051"
    },
    {
      "type": "Feature",
      "properties": {
        "@id": "node/2774565006",
        "addr:floor": "2",
        "amenity": "restaurant"
      },
      "geometry": {
        "type": "Point",
        "coordinates": [
          122.0763562,
          6.914867
        ]
      },
      "id": "node/2774565006"
    },
    {
      "type": "Feature",
      "properties": {
        "@id": "node/2774712086",
        "amenity": "atm",
        "name": "Metrobank"
      },
      "geometry": {
        "type": "Point",
        "coordinates": [
          122.075545,
          6.9169231
        ]
      },
      "id": "node/2774712086"
    },
    {
      "type": "Feature",
      "properties": {
        "@id": "node/2777354102",
        "addr:street": "N. S. Valderosa Street",
        "amenity": "payment_centre",
        "brand": "USSC",
        "brand:wikidata": "Q120679538",
        "brand:wikipedia": "en:Western Union",
        "bureau_de_change": "yes",
        "money_transfer": "moneygram;remitly;ria;uniteller;xoom;western_union",
        "name": "U Super Service Center",
        "official_name": "Universal Storefront Services Corporation"
      },
      "geometry": {
        "type": "Point",
        "coordinates": [
          122.0765001,
          6.9042203
        ]
      },
      "id": "node/2777354102"
    },
    {
      "type": "Feature",
      "properties": {
        "@id": "node/2777354103",
        "addr:city": "Zamboanga City",
        "addr:street": "N. S. Valderosa Street",
        "name": "Manesco Pawnshop",
        "shop": "pawnbroker"
      },
      "geometry": {
        "type": "Point",
        "coordinates": [
          122.076557,
          6.904188
        ]
      },
      "id": "node/2777354103"
    },
    {
      "type": "Feature",
      "properties": {
        "@id": "node/2777385353",
        "addr:city": "Zamboanga City",
        "addr:street": "N. S. Valderosa Street",
        "amenity": "restaurant",
        "cuisine": "regional"
      },
      "geometry": {
        "type": "Point",
        "coordinates": [
          122.076854,
          6.9040136
        ]
      },
      "id": "node/2777385353"
    },
    {
      "type": "Feature",
      "properties": {
        "@id": "node/2778276479",
        "amenity": "restaurant",
        "name": "Village Zamboanga"
      },
      "geometry": {
        "type": "Point",
        "coordinates": [
          122.0633828,
          6.918032
        ]
      },
      "id": "node/2778276479"
    },
    {
      "type": "Feature",
      "properties": {
        "@id": "node/2778808506",
        "addr:city": "Zamboanga City",
        "addr:street": "N. S. Valderosa Street",
        "amenity": "atm",
        "brand": "EastWest Unibank",
        "brand:wikidata": "Q5327595",
        "name": "EastWest Unibank",
        "operator": "EastWest Unibank",
        "operator:wikidata": "Q5327595"
      },
      "geometry": {
        "type": "Point",
        "coordinates": [
          122.0772078,
          6.9038649
        ]
      },
      "id": "node/2778808506"
    },
    {
      "type": "Feature",
      "properties": {
        "@id": "node/2778840408",
        "amenity": "atm"
      },
      "geometry": {
        "type": "Point",
        "coordinates": [
          122.0773462,
          6.9066793
        ]
      },
      "id": "node/2778840408"
    },
    {
      "type": "Feature",
      "properties": {
        "@id": "node/2778840415",
        "amenity": "atm"
      },
      "geometry": {
        "type": "Point",
        "coordinates": [
          122.077902,
          6.9068291
        ]
      },
      "id": "node/2778840415"
    },
    {
      "type": "Feature",
      "properties": {
        "@id": "node/2778840422",
        "amenity": "bank",
        "atm": "yes",
        "brand": "RCBC",
        "brand:wikidata": "Q7339070",
        "brand:wikipedia": "en:Rizal Commercial Banking Corporation",
        "name": "RCBC",
        "official_name": "Rizal Commercial Banking Corporation"
      },
      "geometry": {
        "type": "Point",
        "coordinates": [
          122.0778336,
          6.9066397
        ]
      },
      "id": "node/2778840422"
    },
    {
      "type": "Feature",
      "properties": {
        "@id": "node/2779096188",
        "amenity": "atm",
        "brand": "Metrobank",
        "brand:wikidata": "Q1925799",
        "name": "Metrobank",
        "network": "Megalink",
        "operator": "Metrobank",
        "operator:wikidata": "Q1925799"
      },
      "geometry": {
        "type": "Point",
        "coordinates": [
          122.0771131,
          6.9065721
        ]
      },
      "id": "node/2779096188"
    },
    {
      "type": "Feature",
      "properties": {
        "@id": "node/2779096190",
        "shop": "supermarket"
      },
      "geometry": {
        "type": "Point",
        "coordinates": [
          122.0768697,
          6.9065584
        ]
      },
      "id": "node/2779096190"
    },
    {
      "type": "Feature",
      "properties": {
        "@id": "node/2779096204",
        "amenity": "atm"
      },
      "geometry": {
        "type": "Point",
        "coordinates": [
          122.0765795,
          6.9062969
        ]
      },
      "id": "node/2779096204"
    },
    {
      "type": "Feature",
      "properties": {
        "@id": "node/2779096216",
        "addr:city": "Zamboanga",
        "addr:postcode": "7000",
        "addr:street": "La Purisima Street",
        "amenity": "bank",
        "name": "Zamboanga City Rural Bank"
      },
      "geometry": {
        "type": "Point",
        "coordinates": [
          122.0761853,
          6.906582
        ]
      },
      "id": "node/2779096216"
    },
    {
      "type": "Feature",
      "properties": {
        "@id": "node/2779096218",
        "name": "El Turismo Travel Agency",
        "shop": "travel_agency"
      },
      "geometry": {
        "type": "Point",
        "coordinates": [
          122.0762097,
          6.9064528
        ]
      },
      "id": "node/2779096218"
    },
    {
      "type": "Feature",
      "properties": {
        "@id": "node/2779121769",
        "amenity": "pharmacy",
        "healthcare": "pharmacy",
        "name": "Cecile's Pharmacy and Grocery"
      },
      "geometry": {
        "type": "Point",
        "coordinates": [
          122.0773683,
          6.906448
        ]
      },
      "id": "node/2779121769"
    },
    {
      "type": "Feature",
      "properties": {
        "@id": "node/2779405612",
        "amenity": "fast_food",
        "capacity": "50",
        "cuisine": "pizza",
        "name": "Speedy Pizza",
        "smoking": "outside"
      },
      "geometry": {
        "type": "Point",
        "coordinates": [
          122.0775424,
          6.9061992
        ]
      },
      "id": "node/2779405612"
    },
    {
      "type": "Feature",
      "properties": {
        "@id": "node/2779405621",
        "level": "2",
        "name": "Penhaus",
        "shop": "stationery"
      },
      "geometry": {
        "type": "Point",
        "coordinates": [
          122.0780601,
          6.9059721
        ]
      },
      "id": "node/2779405621"
    },
    {
      "type": "Feature",
      "properties": {
        "@id": "node/2779582863",
        "amenity": "pharmacy",
        "healthcare": "pharmacy"
      },
      "geometry": {
        "type": "Point",
        "coordinates": [
          122.0755064,
          6.9065154
        ]
      },
      "id": "node/2779582863"
    },
    {
      "type": "Feature",
      "properties": {
        "@id": "node/2779685894",
        "amenity": "atm"
      },
      "geometry": {
        "type": "Point",
        "coordinates": [
          122.0739607,
          6.905394
        ]
      },
      "id": "node/2779685894"
    },
    {
      "type": "Feature",
      "properties": {
        "@id": "node/2779704704",
        "addr:floor": "0",
        "name": "Octagon Computer Super Store",
        "shop": "computer"
      },
      "geometry": {
        "type": "Point",
        "coordinates": [
          122.0734206,
          6.9096766
        ]
      },
      "id": "node/2779704704"
    },
    {
      "type": "Feature",
      "properties": {
        "@id": "node/2779704705",
        "addr:floor": "0",
        "name": "Gaisano Interface Computer System",
        "shop": "computer"
      },
      "geometry": {
        "type": "Point",
        "coordinates": [
          122.0734028,
          6.9097136
        ]
      },
      "id": "node/2779704705"
    },
    {
      "type": "Feature",
      "properties": {
        "@id": "node/2779733321",
        "amenity": "fast_food",
        "brand": "Jollibee",
        "brand:wikidata": "Q37614",
        "cuisine": "burger",
        "name": "Jollibee",
        "takeaway": "yes"
      },
      "geometry": {
        "type": "Point",
        "coordinates": [
          122.0750531,
          6.9057457
        ]
      },
      "id": "node/2779733321"
    },
    {
      "type": "Feature",
      "properties": {
        "@id": "node/2783281506",
        "amenity": "atm"
      },
      "geometry": {
        "type": "Point",
        "coordinates": [
          122.0741314,
          6.9079779
        ]
      },
      "id": "node/2783281506"
    },
    {
      "type": "Feature",
      "properties": {
        "@id": "node/2783370977",
        "amenity": "atm",
        "operator": "Banco de Oro"
      },
      "geometry": {
        "type": "Point",
        "coordinates": [
          122.0736026,
          6.9093778
        ]
      },
      "id": "node/2783370977"
    },
    {
      "type": "Feature",
      "properties": {
        "@id": "node/2783370978",
        "addr:floor": "0",
        "name": "Paceb-Air",
        "opening_hours": "08:00-17:00",
        "shop": "travel_agency"
      },
      "geometry": {
        "type": "Point",
        "coordinates": [
          122.0733339,
          6.9096197
        ]
      },
      "id": "node/2783370978"
    },
    {
      "type": "Feature",
      "properties": {
        "@id": "node/2783370979",
        "addr:floor": "0",
        "name": "Jasmine Jewelry",
        "shop": "jewelry"
      },
      "geometry": {
        "type": "Point",
        "coordinates": [
          122.073382,
          6.9096456
        ]
      },
      "id": "node/2783370979"
    },
    {
      "type": "Feature",
      "properties": {
        "@id": "node/2783408761",
        "addr:floor": "G",
        "addr:street": "Governor Alvarez Avenue",
        "amenity": "bank",
        "atm": "yes",
        "brand": "UnionBank",
        "brand:wikidata": "Q7885403",
        "name": "UnionBank"
      },
      "geometry": {
        "type": "Point",
        "coordinates": [
          122.0733643,
          6.910213
        ]
      },
      "id": "node/2783408761"
    },
    {
      "type": "Feature",
      "properties": {
        "@id": "node/2783408762",
        "amenity": "atm",
        "brand": "UnionBank",
        "brand:wikidata": "Q7885403",
        "network": "Megalink",
        "operator": "UnionBank",
        "operator:wikidata": "Q7885403"
      },
      "geometry": {
        "type": "Point",
        "coordinates": [
          122.0733109,
          6.9102289
        ]
      },
      "id": "node/2783408762"
    },
    {
      "type": "Feature",
      "properties": {
        "@id": "node/2783408763",
        "addr:floor": "G",
        "addr:street": "Governor Alvarez Avenue",
        "name": "Myrna's Bakeshop",
        "shop": "bakery"
      },
      "geometry": {
        "type": "Point",
        "coordinates": [
          122.0734461,
          6.9102469
        ]
      },
      "id": "node/2783408763"
    },
    {
      "type": "Feature",
      "properties": {
        "@id": "node/2783444491",
        "name": "Yamaha Motors",
        "shop": "motorcycle"
      },
      "geometry": {
        "type": "Point",
        "coordinates": [
          122.076418,
          6.9126687
        ]
      },
      "id": "node/2783444491"
    },
    {
      "type": "Feature",
      "properties": {
        "@id": "node/2784737055",
        "addr:floor": "G",
        "amenity": "pharmacy",
        "healthcare": "pharmacy",
        "name": "Ciudad Medical Pharmacy"
      },
      "geometry": {
        "type": "Point",
        "coordinates": [
          122.0762841,
          6.9149018
        ]
      },
      "id": "node/2784737055"
    },
    {
      "type": "Feature",
      "properties": {
        "@id": "node/2784737056",
        "addr:floor": "G",
        "amenity": "bank",
        "atm": "yes",
        "brand": "PNB",
        "brand:wikidata": "Q1657971",
        "brand:wikipedia": "en:Philippine National Bank",
        "name": "PNB",
        "official_name": "Philippine National Bank"
      },
      "geometry": {
        "type": "Point",
        "coordinates": [
          122.0763344,
          6.9147864
        ]
      },
      "id": "node/2784737056"
    },
    {
      "type": "Feature",
      "properties": {
        "@id": "node/2784822654",
        "addr:floor": "G",
        "addr:street": "La Purisima Street",
        "name": "Phone Patch Marketing",
        "shop": "computer"
      },
      "geometry": {
        "type": "Point",
        "coordinates": [
          122.0756314,
          6.9082362
        ]
      },
      "id": "node/2784822654"
    },
    {
      "type": "Feature",
      "properties": {
        "@id": "node/2784866755",
        "amenity": "atm",
        "network": "Megalink",
        "operator": "Philippine National Bank"
      },
      "geometry": {
        "type": "Point",
        "coordinates": [
          122.0726013,
          6.9098521
        ]
      },
      "id": "node/2784866755"
    },
    {
      "type": "Feature",
      "properties": {
        "@id": "node/2784866766",
        "amenity": "restaurant"
      },
      "geometry": {
        "type": "Point",
        "coordinates": [
          122.0736941,
          6.9104246
        ]
      },
      "id": "node/2784866766"
    },
    {
      "type": "Feature",
      "properties": {
        "@id": "node/2784866769",
        "name": "Jardin Laviña Hotel and Restaurant",
        "tourism": "hotel"
      },
      "geometry": {
        "type": "Point",
        "coordinates": [
          122.0736617,
          6.9103339
        ]
      },
      "id": "node/2784866769"
    },
    {
      "type": "Feature",
      "properties": {
        "@id": "node/2784886495",
        "shop": "convenience"
      },
      "geometry": {
        "type": "Point",
        "coordinates": [
          122.0760014,
          6.9161182
        ]
      },
      "id": "node/2784886495"
    },
    {
      "type": "Feature",
      "properties": {
        "@id": "node/2784886497",
        "access": "customers",
        "amenity": "toilets",
        "fee": "no",
        "toilets:disposal": "flush"
      },
      "geometry": {
        "type": "Point",
        "coordinates": [
          122.0761492,
          6.9161507
        ]
      },
      "id": "node/2784886497"
    },
    {
      "type": "Feature",
      "properties": {
        "@id": "node/2785225738",
        "addr:floor": "0",
        "amenity": "pharmacy",
        "brand": "Mercury Drug",
        "brand:wikidata": "Q6818610",
        "brand:wikipedia": "en:Mercury Drug",
        "healthcare": "pharmacy",
        "name": "Mercury Drug"
      },
      "geometry": {
        "type": "Point",
        "coordinates": [
          122.0796234,
          6.9150849
        ]
      },
      "id": "node/2785225738"
    },
    {
      "type": "Feature",
      "properties": {
        "@id": "node/2786721780",
        "amenity": "atm",
        "operator": "Metrobank"
      },
      "geometry": {
        "type": "Point",
        "coordinates": [
          122.0912759,
          6.9314862
        ]
      },
      "id": "node/2786721780"
    },
    {
      "type": "Feature",
      "properties": {
        "@id": "node/2786756579",
        "amenity": "bank",
        "atm": "yes",
        "name": "Bank of the Philippine Island"
      },
      "geometry": {
        "type": "Point",
        "coordinates": [
          122.0897809,
          6.9311623
        ]
      },
      "id": "node/2786756579"
    },
    {
      "type": "Feature",
      "properties": {
        "@id": "node/2786756580",
        "amenity": "atm",
        "network": "ExpressNet",
        "operator": "Bank of the Philippine Islands"
      },
      "geometry": {
        "type": "Point",
        "coordinates": [
          122.089764,
          6.9311333
        ]
      },
      "id": "node/2786756580"
    },
    {
      "type": "Feature",
      "properties": {
        "@id": "node/2786756582",
        "amenity": "atm",
        "network": "ExpressNet",
        "operator": "Bank of the Philippine Islands"
      },
      "geometry": {
        "type": "Point",
        "coordinates": [
          122.0897494,
          6.9311281
        ]
      },
      "id": "node/2786756582"
    },
    {
      "type": "Feature",
      "properties": {
        "@id": "node/2786756583",
        "name": "Emcor",
        "shop": "appliance"
      },
      "geometry": {
        "type": "Point",
        "coordinates": [
          122.0894599,
          6.9309873
        ]
      },
      "id": "node/2786756583"
    },
    {
      "type": "Feature",
      "properties": {
        "@id": "node/2786789733",
        "amenity": "atm"
      },
      "geometry": {
        "type": "Point",
        "coordinates": [
          122.0898644,
          6.9308957
        ]
      },
      "id": "node/2786789733"
    },
    {
      "type": "Feature",
      "properties": {
        "@id": "node/2786818645",
        "amenity": "atm"
      },
      "geometry": {
        "type": "Point",
        "coordinates": [
          122.0906994,
          6.9315899
        ]
      },
      "id": "node/2786818645"
    },
    {
      "type": "Feature",
      "properties": {
        "@id": "node/2786945471",
        "leisure": "garden"
      },
      "geometry": {
        "type": "Point",
        "coordinates": [
          122.1044897,
          6.948602
        ]
      },
      "id": "node/2786945471"
    },
    {
      "type": "Feature",
      "properties": {
        "@id": "node/2787012793",
        "addr:street": "Governor Camins Avenue",
        "alt_name": "Kentucky Fried Chicken",
        "amenity": "fast_food",
        "brand": "KFC",
        "brand:wikidata": "Q524757",
        "brand:wikipedia": "en:KFC",
        "check_date": "2024-09-21",
        "cuisine": "chicken",
        "delivery": "yes",
        "level": "2",
        "name": "KFC",
        "takeaway": "yes"
      },
      "geometry": {
        "type": "Point",
        "coordinates": [
          122.0749297,
          6.9211807
        ]
      },
      "id": "node/2787012793"
    },
    {
      "type": "Feature",
      "properties": {
        "@id": "node/2787037663",
        "amenity": "atm",
        "cash_in": "yes",
        "operator": "PS Bank"
      },
      "geometry": {
        "type": "Point",
        "coordinates": [
          122.0753828,
          6.9175865
        ]
      },
      "id": "node/2787037663"
    },
    {
      "type": "Feature",
      "properties": {
        "@id": "node/2787040311",
        "amenity": "atm",
        "operator": "Asia-united Bank"
      },
      "geometry": {
        "type": "Point",
        "coordinates": [
          122.0766007,
          6.9131074
        ]
      },
      "id": "node/2787040311"
    },
    {
      "type": "Feature",
      "properties": {
        "@id": "node/2787081856",
        "addr:city": "Zamboanga",
        "addr:postcode": "7000",
        "amenity": "restaurant",
        "cuisine": "regional",
        "name": "Chinito's"
      },
      "geometry": {
        "type": "Point",
        "coordinates": [
          122.077281,
          6.9108174
        ]
      },
      "id": "node/2787081856"
    },
    {
      "type": "Feature",
      "properties": {
        "@id": "node/2787081876",
        "amenity": "atm",
        "brand": "BDO Network Bank",
        "brand:wikidata": "Q7093019",
        "operator": "BDO Network Bank",
        "operator:wikidata": "Q7093019"
      },
      "geometry": {
        "type": "Point",
        "coordinates": [
          122.0773231,
          6.9069085
        ]
      },
      "id": "node/2787081876"
    },
    {
      "type": "Feature",
      "properties": {
        "@id": "node/2787425435",
        "addr:city": "Zamboanga City",
        "addr:postcode": "7000",
        "addr:street": "Maria Clara L. Lobregat Highway",
        "addr:suburb": "Mercedes",
        "name": "Ric & Remy's Bakeshop",
        "shop": "bakery"
      },
      "geometry": {
        "type": "Point",
        "coordinates": [
          122.1353811,
          6.9623657
        ]
      },
      "id": "node/2787425435"
    },
    {
      "type": "Feature",
      "properties": {
        "@id": "node/2787512514",
        "addr:floor": "1",
        "name": "Mercedes Shell Mini-Mart",
        "shop": "convenience"
      },
      "geometry": {
        "type": "Point",
        "coordinates": [
          122.133441,
          6.9628491
        ]
      },
      "id": "node/2787512514"
    },
    {
      "type": "Feature",
      "properties": {
        "@id": "node/2787512516",
        "addr:floor": "2",
        "amenity": "pharmacy",
        "name": "Mercedes Shell Drug Store"
      },
      "geometry": {
        "type": "Point",
        "coordinates": [
          122.1334756,
          6.962843
        ]
      },
      "id": "node/2787512516"
    },
    {
      "type": "Feature",
      "properties": {
        "@id": "node/2787988926",
        "addr:city": "Zamboanga City",
        "addr:housenumber": "807-2",
        "addr:postcode": "7000",
        "addr:street": "Aurora Drive",
        "contact:facebook": "@puffstopzc",
        "name": "Puffstop",
        "shop": "e-cigarette"
      },
      "geometry": {
        "type": "Point",
        "coordinates": [
          122.0847304,
          6.9284524
        ]
      },
      "id": "node/2787988926"
    },
    {
      "type": "Feature",
      "properties": {
        "@id": "node/2791868830",
        "shop": "yes"
      },
      "geometry": {
        "type": "Point",
        "coordinates": [
          122.0748619,
          6.9104891
        ]
      },
      "id": "node/2791868830"
    },
    {
      "type": "Feature",
      "properties": {
        "@id": "node/2791890260",
        "shop": "hardware"
      },
      "geometry": {
        "type": "Point",
        "coordinates": [
          122.0847307,
          6.926431
        ]
      },
      "id": "node/2791890260"
    },
    {
      "type": "Feature",
      "properties": {
        "@id": "node/2791893143",
        "addr:city": "Zamboanga City",
        "addr:housename": "R. B. S. Building",
        "addr:postcode": "7000",
        "addr:quarter": "Tumaga",
        "addr:street": "Maria Clara L. Lobregat Highway",
        "amenity": "bank",
        "name": "Rural Bank of Siocon Inc."
      },
      "geometry": {
        "type": "Point",
        "coordinates": [
          122.0857789,
          6.9289898
        ]
      },
      "id": "node/2791893143"
    },
    {
      "type": "Feature",
      "properties": {
        "@id": "node/2793839692",
        "amenity": "library",
        "name": "MNHS Library",
        "roof:shape": "gabled"
      },
      "geometry": {
        "type": "Point",
        "coordinates": [
          122.1865936,
          7.0233268
        ]
      },
      "id": "node/2793839692"
    },
    {
      "type": "Feature",
      "properties": {
        "@id": "node/2795894313",
        "amenity": "courier",
        "name": "LBC"
      },
      "geometry": {
        "type": "Point",
        "coordinates": [
          122.0778793,
          6.9066558
        ]
      },
      "id": "node/2795894313"
    },
    {
      "type": "Feature",
      "properties": {
        "@id": "node/2795894314",
        "addr:city": "Zamboanga",
        "addr:postcode": "7000",
        "addr:street": "Governor Lim Avenue",
        "name": "Jesons Auto Supply",
        "shop": "car_parts"
      },
      "geometry": {
        "type": "Point",
        "coordinates": [
          122.0779941,
          6.9066992
        ]
      },
      "id": "node/2795894314"
    },
    {
      "type": "Feature",
      "properties": {
        "@id": "node/2795894315",
        "amenity": "money_transfer",
        "name": "LBC"
      },
      "geometry": {
        "type": "Point",
        "coordinates": [
          122.0779027,
          6.9066649
        ]
      },
      "id": "node/2795894315"
    },
    {
      "type": "Feature",
      "properties": {
        "@id": "node/2795894316",
        "name": "Ticket 1",
        "shop": "travel_agency"
      },
      "geometry": {
        "type": "Point",
        "coordinates": [
          122.0779443,
          6.906679
        ]
      },
      "id": "node/2795894316"
    },
    {
      "type": "Feature",
      "properties": {
        "@id": "node/2795902877",
        "addr:street": "Pilar Street",
        "amenity": "fast_food",
        "brand": "Jollibee",
        "brand:wikidata": "Q37614",
        "brand:wikipedia": "en:Jollibee",
        "cuisine": "burger",
        "name": "Jollibee",
        "takeaway": "yes"
      },
      "geometry": {
        "type": "Point",
        "coordinates": [
          122.0769304,
          6.9062441
        ]
      },
      "id": "node/2795902877"
    },
    {
      "type": "Feature",
      "properties": {
        "@id": "node/2795902878",
        "addr:street": "Pilar Street",
        "amenity": "fast_food",
        "brand": "Chowking",
        "brand:wikidata": "Q1076816",
        "brand:wikipedia": "en:Chowking",
        "cuisine": "asian",
        "name": "Chowking",
        "takeaway": "yes"
      },
      "geometry": {
        "type": "Point",
        "coordinates": [
          122.0769854,
          6.9062268
        ]
      },
      "id": "node/2795902878"
    },
    {
      "type": "Feature",
      "properties": {
        "@id": "node/2795902879",
        "addr:street": "Pilar Street",
        "amenity": "fast_food",
        "brand": "Greenwich",
        "brand:wikidata": "Q2691308",
        "brand:wikipedia": "en:Greenwich Pizza",
        "cuisine": "pizza",
        "name": "Greenwich",
        "takeaway": "yes"
      },
      "geometry": {
        "type": "Point",
        "coordinates": [
          122.0770041,
          6.9061695
        ]
      },
      "id": "node/2795902879"
    },
    {
      "type": "Feature",
      "properties": {
        "@id": "node/2795902880",
        "amenity": "atm",
        "brand": "Metrobank",
        "brand:wikidata": "Q1925799",
        "operator": "Metrobank",
        "operator:wikidata": "Q1925799"
      },
      "geometry": {
        "type": "Point",
        "coordinates": [
          122.0769585,
          6.9060963
        ]
      },
      "id": "node/2795902880"
    },
    {
      "type": "Feature",
      "properties": {
        "@id": "node/2795902881",
        "amenity": "atm",
        "brand": "Chinabank",
        "brand:wikidata": "Q5100080",
        "operator": "Chinabank",
        "operator:wikidata": "Q5100080"
      },
      "geometry": {
        "type": "Point",
        "coordinates": [
          122.0769424,
          6.9060683
        ]
      },
      "id": "node/2795902881"
    },
    {
      "type": "Feature",
      "properties": {
        "@id": "node/2795902882",
        "amenity": "atm",
        "brand": "PBCom",
        "brand:wikidata": "Q7184974",
        "operator": "PBCom",
        "operator:wikidata": "Q7184974"
      },
      "geometry": {
        "type": "Point",
        "coordinates": [
          122.0769277,
          6.9060417
        ]
      },
      "id": "node/2795902882"
    },
    {
      "type": "Feature",
      "properties": {
        "@id": "node/2795906974",
        "amenity": "parking",
        "layer": "-1",
        "parking": "underground",
        "supervised": "yes"
      },
      "geometry": {
        "type": "Point",
        "coordinates": [
          122.0766531,
          6.9058046
        ]
      },
      "id": "node/2795906974"
    },
    {
      "type": "Feature",
      "properties": {
        "@id": "node/2796115404",
        "access": "yes",
        "amenity": "toilets",
        "fee": "yes",
        "toilets:disposal": "flush"
      },
      "geometry": {
        "type": "Point",
        "coordinates": [
          122.075877,
          6.9052427
        ]
      },
      "id": "node/2796115404"
    },
    {
      "type": "Feature",
      "properties": {
        "@id": "node/2796255293",
        "amenity": "veterinary",
        "name": "Waltac Bio-Ventures"
      },
      "geometry": {
        "type": "Point",
        "coordinates": [
          122.0774985,
          6.9083186
        ]
      },
      "id": "node/2796255293"
    },
    {
      "type": "Feature",
      "properties": {
        "@id": "node/2796255294",
        "amenity": "pharmacy",
        "dispensing": "yes",
        "healthcare": "pharmacy",
        "name": "Chuan Giok Chinese Drugstore"
      },
      "geometry": {
        "type": "Point",
        "coordinates": [
          122.0775188,
          6.9082317
        ]
      },
      "id": "node/2796255294"
    },
    {
      "type": "Feature",
      "properties": {
        "@id": "node/2796255295",
        "name": "Sky Cable",
        "shop": "electrical"
      },
      "geometry": {
        "type": "Point",
        "coordinates": [
          122.0775091,
          6.9082879
        ]
      },
      "id": "node/2796255295"
    },
    {
      "type": "Feature",
      "properties": {
        "@id": "node/2796293814",
        "name": "PC Topia Computers Super Store",
        "note": "Distributor of Acer.",
        "shop": "computer"
      },
      "geometry": {
        "type": "Point",
        "coordinates": [
          122.077109,
          6.9108959
        ]
      },
      "id": "node/2796293814"
    },
    {
      "type": "Feature",
      "properties": {
        "@id": "node/2796429688",
        "amenity": "pharmacy",
        "healthcare": "pharmacy",
        "name": "Axis Pharma"
      },
      "geometry": {
        "type": "Point",
        "coordinates": [
          122.0753487,
          6.9177351
        ]
      },
      "id": "node/2796429688"
    },
    {
      "type": "Feature",
      "properties": {
        "@id": "node/2796429689",
        "name": "Thai Spa",
        "shop": "beauty"
      },
      "geometry": {
        "type": "Point",
        "coordinates": [
          122.0753379,
          6.9178043
        ]
      },
      "id": "node/2796429689"
    },
    {
      "type": "Feature",
      "properties": {
        "@id": "node/2796429696",
        "amenity": "atm",
        "operator": "China Bank Saving"
      },
      "geometry": {
        "type": "Point",
        "coordinates": [
          122.0753143,
          6.9179616
        ]
      },
      "id": "node/2796429696"
    },
    {
      "type": "Feature",
      "properties": {
        "@id": "node/2796461808",
        "addr:city": "Zamboanga",
        "addr:postcode": "7000",
        "addr:street": "Mayor Vitaliano D. Agan Avenue",
        "shop": "car_repair"
      },
      "geometry": {
        "type": "Point",
        "coordinates": [
          122.0750836,
          6.9202768
        ]
      },
      "id": "node/2796461808"
    },
    {
      "type": "Feature",
      "properties": {
        "@id": "node/2796515124",
        "name": "Lock-N-Load Firearms and Sporting Goods",
        "shop": "weapons"
      },
      "geometry": {
        "type": "Point",
        "coordinates": [
          122.0750273,
          6.9207006
        ]
      },
      "id": "node/2796515124"
    },
    {
      "type": "Feature",
      "properties": {
        "@id": "node/2796515125",
        "name": "Oh My Kha",
        "note": "Nail, Spa, Salon",
        "shop": "beauty"
      },
      "geometry": {
        "type": "Point",
        "coordinates": [
          122.0749866,
          6.9208938
        ]
      },
      "id": "node/2796515125"
    },
    {
      "type": "Feature",
      "properties": {
        "@id": "node/2796515126",
        "name": "HF Bioaquatics",
        "shop": "pet"
      },
      "geometry": {
        "type": "Point",
        "coordinates": [
          122.0749566,
          6.921015
        ]
      },
      "id": "node/2796515126"
    },
    {
      "type": "Feature",
      "properties": {
        "@id": "node/2796609181",
        "access": "private",
        "amenity": "toilets",
        "toilets:disposal": "flush"
      },
      "geometry": {
        "type": "Point",
        "coordinates": [
          122.1093291,
          6.9482878
        ]
      },
      "id": "node/2796609181"
    },
    {
      "type": "Feature",
      "properties": {
        "@id": "node/2796609182",
        "name": "Quickstop Convenience Store",
        "shop": "convenience"
      },
      "geometry": {
        "type": "Point",
        "coordinates": [
          122.1093127,
          6.9482542
        ]
      },
      "id": "node/2796609182"
    },
    {
      "type": "Feature",
      "properties": {
        "@id": "node/2796609183",
        "amenity": "pharmacy",
        "dispensing": "yes",
        "name": "A2Z Pharmacy"
      },
      "geometry": {
        "type": "Point",
        "coordinates": [
          122.1092968,
          6.948198
        ]
      },
      "id": "node/2796609183"
    },
    {
      "type": "Feature",
      "properties": {
        "@id": "node/2796609184",
        "name": "Norminring Motorbikes",
        "note": "Deals in Ducati and KTM Motorbikes.",
        "shop": "motorcycle"
      },
      "geometry": {
        "type": "Point",
        "coordinates": [
          122.1092924,
          6.9480987
        ]
      },
      "id": "node/2796609184"
    },
    {
      "type": "Feature",
      "properties": {
        "@id": "node/2796710066",
        "leisure": "park",
        "name": "Pasonanca Natural Park"
      },
      "geometry": {
        "type": "Point",
        "coordinates": [
          122.0728251,
          6.9533452
        ]
      },
      "id": "node/2796710066"
    },
    {
      "type": "Feature",
      "properties": {
        "@id": "node/2796710124",
        "historic": "memorial",
        "memorial": "statue",
        "name": "Maria Clara L. Lobregat",
        "subject:wikidata": "Q2473986"
      },
      "geometry": {
        "type": "Point",
        "coordinates": [
          122.0720256,
          6.9538554
        ]
      },
      "id": "node/2796710124"
    },
    {
      "type": "Feature",
      "properties": {
        "@id": "node/2796735230",
        "alt_name": "Boy Scout Grounds",
        "name": "Camp Scout Antonio Limbaga",
        "operator": "Zamboanga City Council - Boy Scouts of the Philippines",
        "tourism": "camp_site"
      },
      "geometry": {
        "type": "Point",
        "coordinates": [
          122.0748478,
          6.952878
        ]
      },
      "id": "node/2796735230"
    },
    {
      "type": "Feature",
      "properties": {
        "@id": "node/2798072250",
        "access": "customers",
        "amenity": "toilets",
        "toilets:disposal": "flush"
      },
      "geometry": {
        "type": "Point",
        "coordinates": [
          122.0732752,
          6.950055
        ]
      },
      "id": "node/2798072250"
    },
    {
      "type": "Feature",
      "properties": {
        "@id": "node/2798087791",
        "amenity": "community_centre",
        "name": "Cathecism Center",
        "operator": "Pasonanca Parish"
      },
      "geometry": {
        "type": "Point",
        "coordinates": [
          122.0732548,
          6.9476277
        ]
      },
      "id": "node/2798087791"
    },
    {
      "type": "Feature",
      "properties": {
        "@id": "node/2798088630",
        "access": "customers",
        "amenity": "toilets",
        "drinking_water": "no",
        "toilets:disposal": "flush"
      },
      "geometry": {
        "type": "Point",
        "coordinates": [
          122.0732632,
          6.9478077
        ]
      },
      "id": "node/2798088630"
    },
    {
      "type": "Feature",
      "properties": {
        "@id": "node/2798088655",
        "description": "Statue of Jose Rizal",
        "historic": "monument"
      },
      "geometry": {
        "type": "Point",
        "coordinates": [
          122.0727641,
          6.9480334
        ]
      },
      "id": "node/2798088655"
    },
    {
      "type": "Feature",
      "properties": {
        "@id": "node/2798094625",
        "addr:barangay": "Pasonanca",
        "addr:city": "Zamboanga City",
        "addr:postcode": "7000",
        "addr:province": "Zamboanga del Sur",
        "amenity": "restaurant",
        "cuisine": "steak_house",
        "name": "Antonio's Steakhouse"
      },
      "geometry": {
        "type": "Point",
        "coordinates": [
          122.0714697,
          6.9547993
        ]
      },
      "id": "node/2798094625"
    },
    {
      "type": "Feature",
      "properties": {
        "@id": "node/2798094626",
        "addr:barangay": "Pasonanca",
        "addr:city": "Zamboanga City",
        "amenity": "restaurant",
        "name": "Park 88 Grill and Restaurant"
      },
      "geometry": {
        "type": "Point",
        "coordinates": [
          122.071669,
          6.9506092
        ]
      },
      "id": "node/2798094626"
    },
    {
      "type": "Feature",
      "properties": {
        "@id": "node/2799463015",
        "amenity": "marketplace"
      },
      "geometry": {
        "type": "Point",
        "coordinates": [
          122.1364837,
          6.9623034
        ]
      },
      "id": "node/2799463015"
    },
    {
      "type": "Feature",
      "properties": {
        "@id": "node/2802969739",
        "shop": "musical_instrument"
      },
      "geometry": {
        "type": "Point",
        "coordinates": [
          122.075642,
          6.9213028
        ]
      },
      "id": "node/2802969739"
    },
    {
      "type": "Feature",
      "properties": {
        "@id": "node/2803063509",
        "amenity": "police",
        "name": "Police Station № 10",
        "operator": "Zamboanga City Police Office"
      },
      "geometry": {
        "type": "Point",
        "coordinates": [
          122.0929168,
          6.9391419
        ]
      },
      "id": "node/2803063509"
    },
    {
      "type": "Feature",
      "properties": {
        "@id": "node/2803579258",
        "addr:city": "Zamboanga",
        "addr:postcode": "7000",
        "addr:street": "Veterans Avenue",
        "amenity": "bank",
        "atm": "yes",
        "brand": "Maybank",
        "brand:wikidata": "Q1364018",
        "brand:wikipedia": "en:Maybank",
        "name": "Maybank"
      },
      "geometry": {
        "type": "Point",
        "coordinates": [
          122.0794152,
          6.9171983
        ]
      },
      "id": "node/2803579258"
    },
    {
      "type": "Feature",
      "properties": {
        "@id": "node/2803579259",
        "amenity": "atm",
        "dispensing": "yes",
        "operator": "Maybank"
      },
      "geometry": {
        "type": "Point",
        "coordinates": [
          122.079423,
          6.9171178
        ]
      },
      "id": "node/2803579259"
    },
    {
      "type": "Feature",
      "properties": {
        "@id": "node/2803728984",
        "addr:floor": "G",
        "addr:street": "La Purisima Street",
        "amenity": "fast_food",
        "brand": "Greenwich",
        "brand:wikidata": "Q2691308",
        "brand:wikipedia": "en:Greenwich Pizza",
        "cuisine": "pizza",
        "level": "2",
        "name": "Greenwich",
        "takeaway": "yes"
      },
      "geometry": {
        "type": "Point",
        "coordinates": [
          122.0758469,
          6.9079918
        ]
      },
      "id": "node/2803728984"
    },
    {
      "type": "Feature",
      "properties": {
        "@id": "node/2803728986",
        "amenity": "pharmacy",
        "branch": "Pharmacy",
        "brand": "Watsons",
        "brand:wikidata": "Q7974785",
        "healthcare": "pharmacy",
        "name": "Watsons",
        "shop": "chemist"
      },
      "geometry": {
        "type": "Point",
        "coordinates": [
          122.0762041,
          6.9079593
        ]
      },
      "id": "node/2803728986"
    },
    {
      "type": "Feature",
      "properties": {
        "@id": "node/2803728990",
        "amenity": "cinema",
        "name": "SM Cinema"
      },
      "geometry": {
        "type": "Point",
        "coordinates": [
          122.0758582,
          6.9079759
        ]
      },
      "id": "node/2803728990"
    },
    {
      "type": "Feature",
      "properties": {
        "@id": "node/2803728995",
        "amenity": "atm",
        "currency:PHP": "yes"
      },
      "geometry": {
        "type": "Point",
        "coordinates": [
          122.0764788,
          6.9077613
        ]
      },
      "id": "node/2803728995"
    },
    {
      "type": "Feature",
      "properties": {
        "@id": "node/2805235702",
        "amenity": "atm",
        "operator": "Bank of Commerce"
      },
      "geometry": {
        "type": "Point",
        "coordinates": [
          122.0798409,
          6.9105454
        ]
      },
      "id": "node/2805235702"
    },
    {
      "type": "Feature",
      "properties": {
        "@id": "node/2805267414",
        "amenity": "bar",
        "name": "GC Hotel"
      },
      "geometry": {
        "type": "Point",
        "coordinates": [
          122.0784862,
          6.9076201
        ]
      },
      "id": "node/2805267414"
    },
    {
      "type": "Feature",
      "properties": {
        "@id": "node/2806173905",
        "amenity": "ferry_terminal"
      },
      "geometry": {
        "type": "Point",
        "coordinates": [
          122.0700118,
          6.867535
        ]
      },
      "id": "node/2806173905"
    },
    {
      "type": "Feature",
      "properties": {
        "@id": "node/2806232719",
        "addr:city": "Zamboanga",
        "addr:postcode": "7000",
        "addr:street": "Mayor Cesar C. Climaco Avenue",
        "name": "Manila Bazaar, Incorporated",
        "shop": "hardware"
      },
      "geometry": {
        "type": "Point",
        "coordinates": [
          122.0750505,
          6.9063972
        ]
      },
      "id": "node/2806232719"
    },
    {
      "type": "Feature",
      "properties": {
        "@id": "node/2806243599",
        "addr:city": "Zamboanga",
        "addr:postcode": "7000",
        "addr:street": "P. Reyes Street",
        "amenity": "bank",
        "atm": "yes",
        "name": "Metrobank"
      },
      "geometry": {
        "type": "Point",
        "coordinates": [
          122.0749871,
          6.906996
        ]
      },
      "id": "node/2806243599"
    },
    {
      "type": "Feature",
      "properties": {
        "@id": "node/2806243600",
        "amenity": "atm",
        "operator": "Metrobank"
      },
      "geometry": {
        "type": "Point",
        "coordinates": [
          122.0750189,
          6.9070022
        ]
      },
      "id": "node/2806243600"
    },
    {
      "type": "Feature",
      "properties": {
        "@id": "node/2808795996",
        "amenity": "atm",
        "operator": "Metrobank"
      },
      "geometry": {
        "type": "Point",
        "coordinates": [
          122.0795271,
          6.9137269
        ]
      },
      "id": "node/2808795996"
    },
    {
      "type": "Feature",
      "properties": {
        "@id": "node/2810932031",
        "historic": "memorial"
      },
      "geometry": {
        "type": "Point",
        "coordinates": [
          122.0587375,
          6.9127712
        ]
      },
      "id": "node/2810932031"
    },
    {
      "type": "Feature",
      "properties": {
        "@id": "node/2811191345",
        "addr:city": "Zamboanga City",
        "addr:postcode": "7000",
        "addr:street": "Maria Clara L. Lobregat Highway",
        "addr:suburb": "Divisoria",
        "amenity": "pharmacy",
        "name": "Cecile's Pharmacy and Convenience Store"
      },
      "geometry": {
        "type": "Point",
        "coordinates": [
          122.1062987,
          6.9485048
        ]
      },
      "id": "node/2811191345"
    },
    {
      "type": "Feature",
      "properties": {
        "@id": "node/2812566926",
        "historic": "memorial"
      },
      "geometry": {
        "type": "Point",
        "coordinates": [
          122.0608012,
          6.9117497
        ]
      },
      "id": "node/2812566926"
    },
    {
      "type": "Feature",
      "properties": {
        "@id": "node/2814383573",
        "amenity": "atm",
        "operator": "Security Bank"
      },
      "geometry": {
        "type": "Point",
        "coordinates": [
          122.0792619,
          6.915588
        ]
      },
      "id": "node/2814383573"
    },
    {
      "type": "Feature",
      "properties": {
        "@id": "node/2814393587",
        "amenity": "atm",
        "operator": "Bank of the Philippine Island"
      },
      "geometry": {
        "type": "Point",
        "coordinates": [
          122.079215,
          6.9154096
        ]
      },
      "id": "node/2814393587"
    },
    {
      "type": "Feature",
      "properties": {
        "@id": "node/2814414523",
        "amenity": "pharmacy",
        "dispensing": "yes",
        "healthcare": "pharmacy",
        "name": "Daily Dose Pharmacy"
      },
      "geometry": {
        "type": "Point",
        "coordinates": [
          122.0793292,
          6.9153227
        ]
      },
      "id": "node/2814414523"
    },
    {
      "type": "Feature",
      "properties": {
        "@id": "node/2814414524",
        "amenity": "bank",
        "atm": "yes",
        "name": "Philippine Business Bank"
      },
      "geometry": {
        "type": "Point",
        "coordinates": [
          122.0793316,
          6.9152758
        ]
      },
      "id": "node/2814414524"
    },
    {
      "type": "Feature",
      "properties": {
        "@id": "node/2814414525",
        "amenity": "atm",
        "operator": "Philippine Business Bank"
      },
      "geometry": {
        "type": "Point",
        "coordinates": [
          122.0793365,
          6.9152443
        ]
      },
      "id": "node/2814414525"
    },
    {
      "type": "Feature",
      "properties": {
        "@id": "node/2814414526",
        "amenity": "pharmacy",
        "dispensing": "yes",
        "healthcare": "pharmacy",
        "name": "Joan's Pharmacy and Convenience Store"
      },
      "geometry": {
        "type": "Point",
        "coordinates": [
          122.0793536,
          6.915073
        ]
      },
      "id": "node/2814414526"
    },
    {
      "type": "Feature",
      "properties": {
        "@id": "node/2814445344",
        "amenity": "atm",
        "operator": "Philippine National Bank"
      },
      "geometry": {
        "type": "Point",
        "coordinates": [
          122.0795861,
          6.915453
        ]
      },
      "id": "node/2814445344"
    },
    {
      "type": "Feature",
      "properties": {
        "@id": "node/2814445345",
        "addr:city": "Zamboanga",
        "addr:postcode": "7000",
        "addr:street": "Veterans Avenue",
        "amenity": "bank",
        "atm": "yes",
        "brand": "PNB",
        "brand:wikidata": "Q1657971",
        "brand:wikipedia": "en:Philippine National Bank",
        "name": "PNB",
        "official_name": "Philippine National Bank"
      },
      "geometry": {
        "type": "Point",
        "coordinates": [
          122.0795881,
          6.9154318
        ]
      },
      "id": "node/2814445345"
    },
    {
      "type": "Feature",
      "properties": {
        "@id": "node/2814445346",
        "amenity": "fast_food",
        "cuisine": "regional",
        "smoking": "no"
      },
      "geometry": {
        "type": "Point",
        "coordinates": [
          122.079835,
          6.915492
        ]
      },
      "id": "node/2814445346"
    },
    {
      "type": "Feature",
      "properties": {
        "@id": "node/2814651765",
        "addr:city": "Zamboanga",
        "addr:postcode": "7000",
        "addr:street": "Veterans Avenue",
        "amenity": "bank",
        "atm": "yes",
        "name": "Philippine Bank of Communication"
      },
      "geometry": {
        "type": "Point",
        "coordinates": [
          122.0791637,
          6.9157216
        ]
      },
      "id": "node/2814651765"
    },
    {
      "type": "Feature",
      "properties": {
        "@id": "node/2814651766",
        "amenity": "atm",
        "operator": "Philippine Bank of Communication"
      },
      "geometry": {
        "type": "Point",
        "coordinates": [
          122.0791942,
          6.9156943
        ]
      },
      "id": "node/2814651766"
    },
    {
      "type": "Feature",
      "properties": {
        "@id": "node/2814661618",
        "addr:city": "Zamboanga City",
        "addr:postcode": "7000",
        "addr:street": "Veterans Avenue",
        "alt_name": "Banco de Oro",
        "amenity": "bank",
        "atm": "yes",
        "brand": "BDO",
        "brand:wikidata": "Q4854129",
        "brand:wikipedia": "en:Banco de Oro",
        "name": "BDO",
        "operator": "BDO Unibank"
      },
      "geometry": {
        "type": "Point",
        "coordinates": [
          122.079199,
          6.9159116
        ]
      },
      "id": "node/2814661618"
    },
    {
      "type": "Feature",
      "properties": {
        "@id": "node/2814661634",
        "amenity": "college",
        "name": "AMA Computer College"
      },
      "geometry": {
        "type": "Point",
        "coordinates": [
          122.0791398,
          6.9162675
        ]
      },
      "id": "node/2814661634"
    },
    {
      "type": "Feature",
      "properties": {
        "@id": "node/2814752721",
        "addr:city": "Zamboanga",
        "addr:postcode": "7000",
        "addr:street": "Veterans Avenue",
        "name": "Sunny Land Garden",
        "shop": "garden_centre"
      },
      "geometry": {
        "type": "Point",
        "coordinates": [
          122.078909,
          6.9156655
        ]
      },
      "id": "node/2814752721"
    },
    {
      "type": "Feature",
      "properties": {
        "@id": "node/2815342478",
        "addr:city": "Zamboanga City",
        "addr:postcode": "7000",
        "addr:street": "Veterans Avenue",
        "brand": "Motortrade",
        "brand:wikidata": "Q48803162",
        "brand:wikipedia": "en:Motortrade",
        "name": "Motortrade",
        "operator": "Motorjoy Depot, Incorporated",
        "shop": "motorcycle"
      },
      "geometry": {
        "type": "Point",
        "coordinates": [
          122.0792179,
          6.9161703
        ]
      },
      "id": "node/2815342478"
    },
    {
      "type": "Feature",
      "properties": {
        "@id": "node/2815364649",
        "addr:city": "Zamboanga City",
        "addr:floor": "G",
        "addr:postcode": "7000",
        "addr:street": "Veterans Avenue",
        "name": "Expo Home Decor",
        "note": "Sells Tiles and Bathroom Furnishing",
        "shop": "trade",
        "trade": "building_materials"
      },
      "geometry": {
        "type": "Point",
        "coordinates": [
          122.0792099,
          6.91624
        ]
      },
      "id": "node/2815364649"
    },
    {
      "type": "Feature",
      "properties": {
        "@id": "node/2815364650",
        "addr:city": "Zamboanga City",
        "addr:floor": "G",
        "addr:postcode": "7000",
        "addr:street": "Veterans Avenue",
        "level": "0",
        "name": "Emcor",
        "shop": "appliance"
      },
      "geometry": {
        "type": "Point",
        "coordinates": [
          122.0791991,
          6.9163116
        ]
      },
      "id": "node/2815364650"
    },
    {
      "type": "Feature",
      "properties": {
        "@id": "node/2815364651",
        "addr:city": "Zamboanga City",
        "addr:postcode": "7000",
        "addr:street": "Veterans Avenue",
        "amenity": "bank",
        "name": "Amanah Islamic Bank"
      },
      "geometry": {
        "type": "Point",
        "coordinates": [
          122.0791852,
          6.9164039
        ]
      },
      "id": "node/2815364651"
    },
    {
      "type": "Feature",
      "properties": {
        "@id": "node/2815420706",
        "name": "People's Micro Finance Cooperative",
        "phone": "+062 955-1413",
        "shop": "money_lender"
      },
      "geometry": {
        "type": "Point",
        "coordinates": [
          122.0791577,
          6.9165575
        ]
      },
      "id": "node/2815420706"
    },
    {
      "type": "Feature",
      "properties": {
        "@id": "node/2815420707",
        "name": "Aurora Integrated Multi-purpose Cooperative",
        "phone": "+63 62 991 8893",
        "shop": "money_lender"
      },
      "geometry": {
        "type": "Point",
        "coordinates": [
          122.0791493,
          6.9166306
        ]
      },
      "id": "node/2815420707"
    },
    {
      "type": "Feature",
      "properties": {
        "@id": "node/2815435773",
        "name": "Millenium Cash Finance Company, Incorporated",
        "shop": "money_lender"
      },
      "geometry": {
        "type": "Point",
        "coordinates": [
          122.0791711,
          6.9158245
        ]
      },
      "id": "node/2815435773"
    },
    {
      "type": "Feature",
      "properties": {
        "@id": "node/2815435774",
        "addr:street": "Veterans Avenue",
        "brand": "RD Pawnshop",
        "brand:wikidata": "Q118556221",
        "money_transfer": "rd_cash_padala;moneygram",
        "name": "RD",
        "shop": "pawnbroker"
      },
      "geometry": {
        "type": "Point",
        "coordinates": [
          122.0792013,
          6.9157912
        ]
      },
      "id": "node/2815435774"
    },
    {
      "type": "Feature",
      "properties": {
        "@id": "node/2815440164",
        "addr:city": "Zamboanga City",
        "addr:postcode": "7000",
        "addr:quarter": "Tetuan",
        "addr:street": "Veterans Avenue",
        "amenity": "fast_food",
        "name": "SLQ Lechon Manok",
        "note": "Lechon Manok"
      },
      "geometry": {
        "type": "Point",
        "coordinates": [
          122.0793996,
          6.9165791
        ]
      },
      "id": "node/2815440164"
    },
    {
      "type": "Feature",
      "properties": {
        "@id": "node/2815499812",
        "addr:city": "Zamboanga City",
        "addr:postcode": "7000",
        "addr:quarter": "Tetuan",
        "addr:street": "Veterans Avenue",
        "name": "Izah Financing Corporation",
        "shop": "money_lender"
      },
      "geometry": {
        "type": "Point",
        "coordinates": [
          122.0798114,
          6.916879
        ]
      },
      "id": "node/2815499812"
    },
    {
      "type": "Feature",
      "properties": {
        "@id": "node/2816897297",
        "addr:street": "Veterans Avenue",
        "name": "Dennis Hardware Enterprises, Incorporated",
        "shop": "trade",
        "trade": "building_materials"
      },
      "geometry": {
        "type": "Point",
        "coordinates": [
          122.0795474,
          6.9159708
        ]
      },
      "id": "node/2816897297"
    },
    {
      "type": "Feature",
      "properties": {
        "@id": "node/2816897298",
        "name": "RA Gapuz Review Center",
        "office": "educational_institution",
        "shop": "trade",
        "trade": "building_materials"
      },
      "geometry": {
        "type": "Point",
        "coordinates": [
          122.0795322,
          6.9160414
        ]
      },
      "id": "node/2816897298"
    },
    {
      "type": "Feature",
      "properties": {
        "@id": "node/2816897299",
        "name": "The PJH Group",
        "shop": "money_lender"
      },
      "geometry": {
        "type": "Point",
        "coordinates": [
          122.0795393,
          6.9160137
        ]
      },
      "id": "node/2816897299"
    },
    {
      "type": "Feature",
      "properties": {
        "@id": "node/2816940002",
        "addr:city": "Zamboanga City",
        "addr:postcode": "7000",
        "addr:street": "Veterans Avenue",
        "shop": "lottery"
      },
      "geometry": {
        "type": "Point",
        "coordinates": [
          122.0795362,
          6.9156994
        ]
      },
      "id": "node/2816940002"
    },
    {
      "type": "Feature",
      "properties": {
        "@id": "node/2816973639",
        "addr:city": "Zamboanga",
        "addr:postcode": "7000",
        "addr:street": "Veterans Avenue",
        "name": "Micro Entrepreneurs' Multi-Purpose Cooperative",
        "phone": "+62 992 6847",
        "shop": "money_lender"
      },
      "geometry": {
        "type": "Point",
        "coordinates": [
          122.0798579,
          6.9160298
        ]
      },
      "id": "node/2816973639"
    },
    {
      "type": "Feature",
      "properties": {
        "@id": "node/2816973640",
        "addr:city": "Zamboanga",
        "addr:postcode": "7000",
        "addr:street": "Veterans Avenue",
        "massage": "thai",
        "name": "Joto Health Palace",
        "shop": "massage"
      },
      "geometry": {
        "type": "Point",
        "coordinates": [
          122.0800089,
          6.9159355
        ]
      },
      "id": "node/2816973640"
    },
    {
      "type": "Feature",
      "properties": {
        "@id": "node/2816973642",
        "name": "Mcjjers Copy Center",
        "shop": "copyshop"
      },
      "geometry": {
        "type": "Point",
        "coordinates": [
          122.0795915,
          6.9153985
        ]
      },
      "id": "node/2816973642"
    },
    {
      "type": "Feature",
      "properties": {
        "@id": "node/2817028010",
        "amenity": "bank",
        "brand": "RCBC",
        "brand:wikidata": "Q7339070",
        "brand:wikipedia": "en:Rizal Commercial Banking Corporation",
        "name": "RCBC",
        "official_name": "Rizal Commercial Banking Corporation"
      },
      "geometry": {
        "type": "Point",
        "coordinates": [
          122.0789305,
          6.9189859
        ]
      },
      "id": "node/2817028010"
    },
    {
      "type": "Feature",
      "properties": {
        "@id": "node/2817102832",
        "name": "Ultra Phi Water",
        "phone": "+062 992 0797",
        "shop": "water"
      },
      "geometry": {
        "type": "Point",
        "coordinates": [
          122.0789363,
          6.9147493
        ]
      },
      "id": "node/2817102832"
    },
    {
      "type": "Feature",
      "properties": {
        "@id": "node/2817102833",
        "name": "Berovan Medical Supplies",
        "shop": "medical_supply"
      },
      "geometry": {
        "type": "Point",
        "coordinates": [
          122.0787995,
          6.9147184
        ]
      },
      "id": "node/2817102833"
    },
    {
      "type": "Feature",
      "properties": {
        "@id": "node/2817322665",
        "amenity": "police",
        "name": "Park Police",
        "operator": "Zamboanga City Police Office"
      },
      "geometry": {
        "type": "Point",
        "coordinates": [
          122.0812091,
          6.9014593
        ]
      },
      "id": "node/2817322665"
    },
    {
      "type": "Feature",
      "properties": {
        "@id": "node/2817361041",
        "historic": "memorial"
      },
      "geometry": {
        "type": "Point",
        "coordinates": [
          122.0808004,
          6.9075197
        ]
      },
      "id": "node/2817361041"
    },
    {
      "type": "Feature",
      "properties": {
        "@id": "node/2819495863",
        "leisure": "fitness_centre",
        "name": "Sweat It Out"
      },
      "geometry": {
        "type": "Point",
        "coordinates": [
          122.0793563,
          6.9145095
        ]
      },
      "id": "node/2819495863"
    },
    {
      "type": "Feature",
      "properties": {
        "@id": "node/2819495864",
        "amenity": "money_transfer",
        "name": "MLuillier"
      },
      "geometry": {
        "type": "Point",
        "coordinates": [
          122.0793477,
          6.914678
        ]
      },
      "id": "node/2819495864"
    },
    {
      "type": "Feature",
      "properties": {
        "@id": "node/2819495865",
        "amenity": "courier",
        "name": "Air21"
      },
      "geometry": {
        "type": "Point",
        "coordinates": [
          122.0793241,
          6.9148018
        ]
      },
      "id": "node/2819495865"
    },
    {
      "type": "Feature",
      "properties": {
        "@id": "node/2819549508",
        "addr:city": "Zamboanga City",
        "addr:postcode": "7000",
        "addr:street": "Cadena De Amor Street",
        "name": "Lucky Star Motel",
        "tourism": "motel"
      },
      "geometry": {
        "type": "Point",
        "coordinates": [
          122.0889751,
          6.9273595
        ]
      },
      "id": "node/2819549508"
    },
    {
      "type": "Feature",
      "properties": {
        "@id": "node/2822832732",
        "name": "MSL Builders and Home Depot",
        "shop": "doityourself"
      },
      "geometry": {
        "type": "Point",
        "coordinates": [
          122.0790776,
          6.9172336
        ]
      },
      "id": "node/2822832732"
    },
    {
      "type": "Feature",
      "properties": {
        "@id": "node/2822832733",
        "leisure": "fitness_centre",
        "name": "Blue Gym and Fitness Center"
      },
      "geometry": {
        "type": "Point",
        "coordinates": [
          122.0790827,
          6.9171894
        ]
      },
      "id": "node/2822832733"
    },
    {
      "type": "Feature",
      "properties": {
        "@id": "node/2822832734",
        "amenity": "courier",
        "name": "LBC"
      },
      "geometry": {
        "type": "Point",
        "coordinates": [
          122.0793303,
          6.9151761
        ]
      },
      "id": "node/2822832734"
    },
    {
      "type": "Feature",
      "properties": {
        "@id": "node/2823928057",
        "amenity": "police",
        "name": "Police Outpost",
        "operator": "Zamboanga City Police Office"
      },
      "geometry": {
        "type": "Point",
        "coordinates": [
          122.0740281,
          6.9565168
        ]
      },
      "id": "node/2823928057"
    },
    {
      "type": "Feature",
      "properties": {
        "@id": "node/2823928058",
        "addr:barangay": "Pasonanca",
        "addr:city": "Zamboanga City",
        "addr:postcode": "7000",
        "addr:province": "Zamboanga del Sur",
        "amenity": "bar",
        "name": "Outpost"
      },
      "geometry": {
        "type": "Point",
        "coordinates": [
          122.0717886,
          6.954489
        ]
      },
      "id": "node/2823928058"
    },
    {
      "type": "Feature",
      "properties": {
        "@id": "node/2823951323",
        "leisure": "swimming_pool",
        "name": "Swimming Pool 2"
      },
      "geometry": {
        "type": "Point",
        "coordinates": [
          122.0736962,
          6.9544629
        ]
      },
      "id": "node/2823951323"
    },
    {
      "type": "Feature",
      "properties": {
        "@id": "node/2823951324",
        "leisure": "swimming_pool",
        "name": "Swimming Pool 1"
      },
      "geometry": {
        "type": "Point",
        "coordinates": [
          122.0736661,
          6.9542986
        ]
      },
      "id": "node/2823951324"
    },
    {
      "type": "Feature",
      "properties": {
        "@id": "node/2825663617",
        "name": "Magnolia Shipping Agency",
        "shop": "travel_agency"
      },
      "geometry": {
        "type": "Point",
        "coordinates": [
          122.0773647,
          6.9039454
        ]
      },
      "id": "node/2825663617"
    },
    {
      "type": "Feature",
      "properties": {
        "@id": "node/2825663618",
        "name": "George and Peter Lines Incorporated",
        "shop": "travel_agency"
      },
      "geometry": {
        "type": "Point",
        "coordinates": [
          122.077305,
          6.9039839
        ]
      },
      "id": "node/2825663618"
    },
    {
      "type": "Feature",
      "properties": {
        "@id": "node/2825907545",
        "name": "City Mart",
        "shop": "department_store"
      },
      "geometry": {
        "type": "Point",
        "coordinates": [
          122.0760459,
          6.9057549
        ]
      },
      "id": "node/2825907545"
    },
    {
      "type": "Feature",
      "properties": {
        "@id": "node/2825907546",
        "amenity": "restaurant",
        "cuisine": "regional",
        "name": "Bojol Grill"
      },
      "geometry": {
        "type": "Point",
        "coordinates": [
          122.0760007,
          6.9058792
        ]
      },
      "id": "node/2825907546"
    },
    {
      "type": "Feature",
      "properties": {
        "@id": "node/2825907547",
        "addr:city": "Zamboanga",
        "addr:street": "Governor Lim Avenue",
        "addr:village": "Zone III",
        "alt_name": "Dunkin' Donuts",
        "amenity": "fast_food",
        "brand": "Dunkin'",
        "brand:wikidata": "Q847743",
        "brand:wikipedia": "en:Dunkin' Donuts",
        "cuisine": "donut;coffee_shop",
        "name": "Dunkin'",
        "takeaway": "yes"
      },
      "geometry": {
        "type": "Point",
        "coordinates": [
          122.0759015,
          6.9058977
        ]
      },
      "id": "node/2825907547"
    },
    {
      "type": "Feature",
      "properties": {
        "@id": "node/2825907573",
        "name": "Yang's Hotel",
        "tourism": "hotel"
      },
      "geometry": {
        "type": "Point",
        "coordinates": [
          122.0746923,
          6.9061243
        ]
      },
      "id": "node/2825907573"
    },
    {
      "type": "Feature",
      "properties": {
        "@id": "node/2828083531",
        "addr:city": "Zamboanga",
        "addr:housenumber": "29-31",
        "addr:postcode": "7000",
        "addr:street": "Barcelona Street",
        "name": "Electron Comtronics and Service Center",
        "shop": "doityourself"
      },
      "geometry": {
        "type": "Point",
        "coordinates": [
          122.0761038,
          6.9063183
        ]
      },
      "id": "node/2828083531"
    },
    {
      "type": "Feature",
      "properties": {
        "@id": "node/2828083547",
        "addr:city": "Zamboanga City",
        "addr:postcode": "7000",
        "addr:street": "N. S. Valderosa Street",
        "amenity": "bank",
        "atm": "yes",
        "brand": "EastWest Unibank",
        "brand:wikidata": "Q5327595",
        "brand:wikipedia": "en:EastWest Bank",
        "name": "EastWest Unibank"
      },
      "geometry": {
        "type": "Point",
        "coordinates": [
          122.0772343,
          6.9038035
        ]
      },
      "id": "node/2828083547"
    },
    {
      "type": "Feature",
      "properties": {
        "@id": "node/2828189032",
        "addr2:street": "San Jose Road",
        "addr:city": "Zamboanga",
        "addr:postcode": "7000",
        "addr:street": "Baliwasan Chico Road",
        "amenity": "police",
        "name": "Police Outpost",
        "operator": "Zamboanga City Police Office"
      },
      "geometry": {
        "type": "Point",
        "coordinates": [
          122.0599372,
          6.9157292
        ]
      },
      "id": "node/2828189032"
    },
    {
      "type": "Feature",
      "properties": {
        "@id": "node/2829033634",
        "name": "Hotel Residencia",
        "tourism": "hotel"
      },
      "geometry": {
        "type": "Point",
        "coordinates": [
          122.0847079,
          6.9263788
        ]
      },
      "id": "node/2829033634"
    },
    {
      "type": "Feature",
      "properties": {
        "@id": "node/2829054716",
        "addr:barangay": "Culianan",
        "addr:city": "Zamboanga City",
        "addr:postcode": "7000",
        "addr:street": "Maria Clara L. Lobregat Highway",
        "amenity": "dentist"
      },
      "geometry": {
        "type": "Point",
        "coordinates": [
          122.1392409,
          6.9644976
        ]
      },
      "id": "node/2829054716"
    },
    {
      "type": "Feature",
      "properties": {
        "@id": "node/2833873672",
        "amenity": "fast_food"
      },
      "geometry": {
        "type": "Point",
        "coordinates": [
          122.0758036,
          6.9074307
        ]
      },
      "id": "node/2833873672"
    },
    {
      "type": "Feature",
      "properties": {
        "@id": "node/2833873681",
        "landuse": "retail",
        "name": "HTF Fancy House",
        "shop": "convenience"
      },
      "geometry": {
        "type": "Point",
        "coordinates": [
          122.0753543,
          6.9073297
        ]
      },
      "id": "node/2833873681"
    },
    {
      "type": "Feature",
      "properties": {
        "@id": "node/2833873683",
        "amenity": "pharmacy",
        "healthcare": "pharmacy",
        "name": "United Pharmacy"
      },
      "geometry": {
        "type": "Point",
        "coordinates": [
          122.0756831,
          6.9064612
        ]
      },
      "id": "node/2833873683"
    },
    {
      "type": "Feature",
      "properties": {
        "@id": "node/2835023519",
        "name": "Century Light Center",
        "shop": "yes"
      },
      "geometry": {
        "type": "Point",
        "coordinates": [
          122.0775261,
          6.9066885
        ]
      },
      "id": "node/2835023519"
    },
    {
      "type": "Feature",
      "properties": {
        "@id": "node/2836117121",
        "name": "Mini Box",
        "not:brand:wikidata": "Q116232",
        "shop": "yes"
      },
      "geometry": {
        "type": "Point",
        "coordinates": [
          122.0769249,
          6.9054145
        ]
      },
      "id": "node/2836117121"
    },
    {
      "type": "Feature",
      "properties": {
        "@id": "node/2836117122",
        "addr:street": "Governor Lim Avenue",
        "amenity": "fast_food",
        "brand": "ミスタードーナツ",
        "brand:en": "Mister Donut",
        "brand:ja": "ミスタードーナツ",
        "brand:wikidata": "Q1065819",
        "brand:wikipedia": "en:Mister Donut",
        "cuisine": "donut",
        "name": "ミスタードーナツ",
        "name:en": "Mister Donut",
        "name:ja": "ミスタードーナツ",
        "takeaway": "yes"
      },
      "geometry": {
        "type": "Point",
        "coordinates": [
          122.0760523,
          6.9059499
        ]
      },
      "id": "node/2836117122"
    },
    {
      "type": "Feature",
      "properties": {
        "@id": "node/2836158272",
        "amenity": "pharmacy",
        "healthcare": "pharmacy",
        "name": "Joan's Pharmacy and Convenience Store"
      },
      "geometry": {
        "type": "Point",
        "coordinates": [
          122.0759673,
          6.9060863
        ]
      },
      "id": "node/2836158272"
    },
    {
      "type": "Feature",
      "properties": {
        "@id": "node/2836158273",
        "name": "Suma Trading",
        "shop": "animal_supply"
      },
      "geometry": {
        "type": "Point",
        "coordinates": [
          122.0759787,
          6.9062281
        ]
      },
      "id": "node/2836158273"
    },
    {
      "type": "Feature",
      "properties": {
        "@id": "node/2838748395",
        "abbr": "RCBC",
        "addr:city": "Zamboanga",
        "addr:postcode": "7000",
        "addr:street": "Tomas Claudio Street",
        "addr:village": "Zone IV",
        "amenity": "bank",
        "atm": "yes",
        "brand": "RCBC",
        "brand:wikidata": "Q7339070",
        "brand:wikipedia": "en:Rizal Commercial Banking Corporation",
        "name": "RCBC",
        "official_name": "Rizal Commercial Banking Corporation"
      },
      "geometry": {
        "type": "Point",
        "coordinates": [
          122.0770596,
          6.9070823
        ]
      },
      "id": "node/2838748395"
    },
    {
      "type": "Feature",
      "properties": {
        "@id": "node/2838748396",
        "amenity": "atm",
        "brand": "RCBC",
        "brand:wikidata": "Q7339070",
        "operator": "RCBC",
        "operator:wikidata": "Q7339070"
      },
      "geometry": {
        "type": "Point",
        "coordinates": [
          122.077021,
          6.907067
        ]
      },
      "id": "node/2838748396"
    },
    {
      "type": "Feature",
      "properties": {
        "@id": "node/2838749211",
        "name": "Z.C. Unicon Enterprises, Incorporated",
        "shop": "hardware"
      },
      "geometry": {
        "type": "Point",
        "coordinates": [
          122.0786167,
          6.9071822
        ]
      },
      "id": "node/2838749211"
    },
    {
      "type": "Feature",
      "properties": {
        "@id": "node/2838921800",
        "addr:street": "La Purisima Street",
        "amenity": "fast_food",
        "brand": "Chowking",
        "brand:wikidata": "Q1076816",
        "brand:wikipedia": "en:Chowking",
        "cuisine": "asian",
        "name": "Chowking",
        "takeaway": "yes"
      },
      "geometry": {
        "type": "Point",
        "coordinates": [
          122.0761099,
          6.9072017
        ]
      },
      "id": "node/2838921800"
    },
    {
      "type": "Feature",
      "properties": {
        "@id": "node/2838924105",
        "addr:street": "La Purisima Street",
        "amenity": "fast_food",
        "brand": "Mang Inasal",
        "brand:wikidata": "Q6748573",
        "brand:wikipedia": "en:Mang Inasal",
        "cuisine": "barbecue",
        "name": "Mang Inasal",
        "takeaway": "yes"
      },
      "geometry": {
        "type": "Point",
        "coordinates": [
          122.0760955,
          6.906794
        ]
      },
      "id": "node/2838924105"
    },
    {
      "type": "Feature",
      "properties": {
        "@id": "node/2839138397",
        "shop": "supermarket"
      },
      "geometry": {
        "type": "Point",
        "coordinates": [
          122.0761048,
          6.9056061
        ]
      },
      "id": "node/2839138397"
    },
    {
      "type": "Feature",
      "properties": {
        "@id": "node/2841340351",
        "name": "Smart",
        "shop": "mobile_phone"
      },
      "geometry": {
        "type": "Point",
        "coordinates": [
          122.0733487,
          6.9095215
        ]
      },
      "id": "node/2841340351"
    },
    {
      "type": "Feature",
      "properties": {
        "@id": "node/2841340356",
        "name": "Globe",
        "shop": "mobile_phone"
      },
      "geometry": {
        "type": "Point",
        "coordinates": [
          122.0701512,
          6.9088633
        ]
      },
      "id": "node/2841340356"
    },
    {
      "type": "Feature",
      "properties": {
        "@id": "node/2841891530",
        "artwork_type": "painting",
        "name": "Gallery of the Peninsula and the Archipelago",
        "operator": "Ateneo de Zamboanga University",
        "tourism": "gallery"
      },
      "geometry": {
        "type": "Point",
        "coordinates": [
          122.0754264,
          6.9095958
        ]
      },
      "id": "node/2841891530"
    },
    {
      "type": "Feature",
      "properties": {
        "@id": "node/2843681667",
        "amenity": "cinema",
        "name": "New Viva Cinerama"
      },
      "geometry": {
        "type": "Point",
        "coordinates": [
          122.074793,
          6.90749
        ]
      },
      "id": "node/2843681667"
    },
    {
      "type": "Feature",
      "properties": {
        "@id": "node/2843681672",
        "name": "Imperial Hotel",
        "tourism": "hotel"
      },
      "geometry": {
        "type": "Point",
        "coordinates": [
          122.0751975,
          6.907243
        ]
      },
      "id": "node/2843681672"
    },
    {
      "type": "Feature",
      "properties": {
        "@id": "node/2843697069",
        "name": "Benanth Graphics",
        "shop": "printing_shop"
      },
      "geometry": {
        "type": "Point",
        "coordinates": [
          122.0754474,
          6.9086608
        ]
      },
      "id": "node/2843697069"
    },
    {
      "type": "Feature",
      "properties": {
        "@id": "node/2844212847",
        "amenity": "restaurant",
        "name": "Bojol Grill"
      },
      "geometry": {
        "type": "Point",
        "coordinates": [
          122.0915469,
          6.9357118
        ]
      },
      "id": "node/2844212847"
    },
    {
      "type": "Feature",
      "properties": {
        "@id": "node/2844212848",
        "amenity": "restaurant",
        "cuisine": "chicken",
        "name": "Mang Inasal"
      },
      "geometry": {
        "type": "Point",
        "coordinates": [
          122.0921249,
          6.9357797
        ]
      },
      "id": "node/2844212848"
    },
    {
      "type": "Feature",
      "properties": {
        "@id": "node/2844432021",
        "amenity": "pharmacy",
        "name": "Oro Wonder Drug"
      },
      "geometry": {
        "type": "Point",
        "coordinates": [
          122.0924676,
          6.9350004
        ]
      },
      "id": "node/2844432021"
    },
    {
      "type": "Feature",
      "properties": {
        "@id": "node/2844432026",
        "amenity": "restaurant"
      },
      "geometry": {
        "type": "Point",
        "coordinates": [
          122.091243,
          6.9355235
        ]
      },
      "id": "node/2844432026"
    },
    {
      "type": "Feature",
      "properties": {
        "@id": "node/2844432038",
        "name": "National Bakery",
        "shop": "bakery"
      },
      "geometry": {
        "type": "Point",
        "coordinates": [
          122.0895178,
          6.930643
        ]
      },
      "id": "node/2844432038"
    },
    {
      "type": "Feature",
      "properties": {
        "@id": "node/2844432039",
        "amenity": "pharmacy",
        "name": "Cecile's Pharmacy"
      },
      "geometry": {
        "type": "Point",
        "coordinates": [
          122.0894635,
          6.9306111
        ]
      },
      "id": "node/2844432039"
    },
    {
      "type": "Feature",
      "properties": {
        "@id": "node/2844432040",
        "addr:street": "Maria Clara L. Lobregat Highway",
        "amenity": "pharmacy",
        "brand": "The Generics Pharmacy",
        "brand:wikidata": "Q61948677",
        "check_date": "2024-09-20",
        "dispensing": "yes",
        "healthcare": "pharmacy",
        "name": "TGP",
        "official_name": "The Generics Pharmacy"
      },
      "geometry": {
        "type": "Point",
        "coordinates": [
          122.0892586,
          6.9305425
        ]
      },
      "id": "node/2844432040"
    },
    {
      "type": "Feature",
      "properties": {
        "@id": "node/2844432062",
        "shop": "bakery"
      },
      "geometry": {
        "type": "Point",
        "coordinates": [
          122.0904213,
          6.9310662
        ]
      },
      "id": "node/2844432062"
    },
    {
      "type": "Feature",
      "properties": {
        "@id": "node/2844432071",
        "amenity": "bank",
        "atm": "yes",
        "name": "Chinabank"
      },
      "geometry": {
        "type": "Point",
        "coordinates": [
          122.088152,
          6.9300342
        ]
      },
      "id": "node/2844432071"
    },
    {
      "type": "Feature",
      "properties": {
        "@id": "node/2845313813",
        "name": "J & J Laundry World",
        "shop": "laundry"
      },
      "geometry": {
        "type": "Point",
        "coordinates": [
          122.0895358,
          6.9307521
        ]
      },
      "id": "node/2845313813"
    },
    {
      "type": "Feature",
      "properties": {
        "@id": "node/2845548339",
        "addr:street": "Mayor Cesar C. Climaco Avenue",
        "amenity": "bank",
        "atm": "yes",
        "brand": "Asia United Bank",
        "brand:wikidata": "Q4806482",
        "brand:wikipedia": "tl:Asia United Bank",
        "name": "Asia United Bank",
        "short_name": "AUB"
      },
      "geometry": {
        "type": "Point",
        "coordinates": [
          122.0752664,
          6.9057936
        ]
      },
      "id": "node/2845548339"
    },
    {
      "type": "Feature",
      "properties": {
        "@id": "node/2845548340",
        "amenity": "fast_food",
        "cuisine": "regional",
        "name": "Whopee"
      },
      "geometry": {
        "type": "Point",
        "coordinates": [
          122.0752003,
          6.9059621
        ]
      },
      "id": "node/2845548340"
    },
    {
      "type": "Feature",
      "properties": {
        "@id": "node/2845548349",
        "amenity": "atm",
        "operator": "AUB"
      },
      "geometry": {
        "type": "Point",
        "coordinates": [
          122.0752376,
          6.905796
        ]
      },
      "id": "node/2845548349"
    },
    {
      "type": "Feature",
      "properties": {
        "@id": "node/2847440767",
        "name": "R.S Alfaro Enterprises",
        "shop": "hardware"
      },
      "geometry": {
        "type": "Point",
        "coordinates": [
          122.1460051,
          6.9688938
        ]
      },
      "id": "node/2847440767"
    },
    {
      "type": "Feature",
      "properties": {
        "@id": "node/2847440768",
        "shop": "convenience"
      },
      "geometry": {
        "type": "Point",
        "coordinates": [
          122.1459841,
          6.9689958
        ]
      },
      "id": "node/2847440768"
    },
    {
      "type": "Feature",
      "properties": {
        "@id": "node/2848507871",
        "amenity": "pharmacy",
        "name": "Joan's Pharmacy and Convenience Store"
      },
      "geometry": {
        "type": "Point",
        "coordinates": [
          122.0909466,
          6.9313448
        ]
      },
      "id": "node/2848507871"
    },
    {
      "type": "Feature",
      "properties": {
        "@id": "node/2849921508",
        "addr:city": "Zamboanga City",
        "addr:housenumber": "16",
        "addr:postcode": "7000",
        "addr:street": "Maria Clara L. Lobregat Highway",
        "name": "Madeloise",
        "opening_hours": "Mo-Sa 08:00-19:00",
        "shop": "clothes"
      },
      "geometry": {
        "type": "Point",
        "coordinates": [
          122.0920818,
          6.9335682
        ]
      },
      "id": "node/2849921508"
    },
    {
      "type": "Feature",
      "properties": {
        "@id": "node/2849936067",
        "addr:city": "Zamboanga City",
        "addr:postcode": "7000",
        "addr:street": "Maria Clara L. Lobregat Highway",
        "amenity": "fast_food",
        "name": "SLQ Lechon Manok",
        "opening_hours": "Mo-Sa 09:00-21:00"
      },
      "geometry": {
        "type": "Point",
        "coordinates": [
          122.0920959,
          6.9336121
        ]
      },
      "id": "node/2849936067"
    },
    {
      "type": "Feature",
      "properties": {
        "@id": "node/2852362518",
        "addr:city": "Zamboanga City",
        "addr:postcode": "7000",
        "addr:street": "Governor Ramos Avenue",
        "amenity": "restaurant",
        "name": "Mano Mano na Greenfields"
      },
      "geometry": {
        "type": "Point",
        "coordinates": [
          122.0724878,
          6.9311941
        ]
      },
      "id": "node/2852362518"
    },
    {
      "type": "Feature",
      "properties": {
        "@id": "node/2859332989",
        "shop": "supermarket"
      },
      "geometry": {
        "type": "Point",
        "coordinates": [
          122.0753782,
          6.9066929
        ]
      },
      "id": "node/2859332989"
    },
    {
      "type": "Feature",
      "properties": {
        "@id": "node/2859332998",
        "name": "Big V's Super Store",
        "shop": "department_store"
      },
      "geometry": {
        "type": "Point",
        "coordinates": [
          122.0749327,
          6.90706
        ]
      },
      "id": "node/2859332998"
    },
    {
      "type": "Feature",
      "properties": {
        "@id": "node/2865874064",
        "name": "Duraply Hardware Supply",
        "shop": "hardware"
      },
      "geometry": {
        "type": "Point",
        "coordinates": [
          122.0858371,
          6.9290505
        ]
      },
      "id": "node/2865874064"
    },
    {
      "type": "Feature",
      "properties": {
        "@id": "node/2866269579",
        "name": "Expression",
        "shop": "mobile_phone"
      },
      "geometry": {
        "type": "Point",
        "coordinates": [
          122.0756569,
          6.9058136
        ]
      },
      "id": "node/2866269579"
    },
    {
      "type": "Feature",
      "properties": {
        "@id": "node/2866295737",
        "amenity": "pharmacy",
        "healthcare": "pharmacy",
        "name": "United Pharmacy"
      },
      "geometry": {
        "type": "Point",
        "coordinates": [
          122.0745248,
          6.9078225
        ]
      },
      "id": "node/2866295737"
    },
    {
      "type": "Feature",
      "properties": {
        "@id": "node/2871827200",
        "amenity": "post_office",
        "brand": "LBC",
        "brand:wikidata": "Q17075584",
        "brand:wikipedia": "en:LBC Express",
        "name": "LBC",
        "operator": "LBC",
        "operator:wikidata": "Q17075584"
      },
      "geometry": {
        "type": "Point",
        "coordinates": [
          122.0777329,
          6.9037309
        ]
      },
      "id": "node/2871827200"
    },
    {
      "type": "Feature",
      "properties": {
        "@id": "node/2873936873",
        "amenity": "fast_food",
        "brand": "Dunkin' Donut",
        "cuisine": "coffee_shop"
      },
      "geometry": {
        "type": "Point",
        "coordinates": [
          122.0751192,
          6.9056132
        ]
      },
      "id": "node/2873936873"
    },
    {
      "type": "Feature",
      "properties": {
        "@id": "node/2877758777",
        "addr:barangay": "Guiwan",
        "addr:city": "Zamboanga City",
        "addr:postcode": "7000",
        "addr:street": "Maria Clara L. Lobregat Highway",
        "amenity": "restaurant",
        "cuisine": "regional",
        "name": "Grand Fiesta Restaurant"
      },
      "geometry": {
        "type": "Point",
        "coordinates": [
          122.0879879,
          6.9299163
        ]
      },
      "id": "node/2877758777"
    },
    {
      "type": "Feature",
      "properties": {
        "@id": "node/2877796874",
        "amenity": "atm"
      },
      "geometry": {
        "type": "Point",
        "coordinates": [
          122.0881295,
          6.9300217
        ]
      },
      "id": "node/2877796874"
    },
    {
      "type": "Feature",
      "properties": {
        "@id": "node/2879175803",
        "amenity": "car_wash"
      },
      "geometry": {
        "type": "Point",
        "coordinates": [
          122.0929702,
          6.9421991
        ]
      },
      "id": "node/2879175803"
    },
    {
      "type": "Feature",
      "properties": {
        "@id": "node/2879175816",
        "amenity": "pharmacy"
      },
      "geometry": {
        "type": "Point",
        "coordinates": [
          122.092973,
          6.9424347
        ]
      },
      "id": "node/2879175816"
    },
    {
      "type": "Feature",
      "properties": {
        "@id": "node/2879177287",
        "shop": "hardware"
      },
      "geometry": {
        "type": "Point",
        "coordinates": [
          122.0953087,
          6.9436298
        ]
      },
      "id": "node/2879177287"
    },
    {
      "type": "Feature",
      "properties": {
        "@id": "node/2879179162",
        "name": "Lifestyle Pension House",
        "tourism": "guest_house"
      },
      "geometry": {
        "type": "Point",
        "coordinates": [
          122.101142,
          6.9468943
        ]
      },
      "id": "node/2879179162"
    },
    {
      "type": "Feature",
      "properties": {
        "@id": "node/2879181849",
        "amenity": "pharmacy"
      },
      "geometry": {
        "type": "Point",
        "coordinates": [
          122.1164496,
          6.9471793
        ]
      },
      "id": "node/2879181849"
    },
    {
      "type": "Feature",
      "properties": {
        "@id": "node/2881568863",
        "amenity": "toilets"
      },
      "geometry": {
        "type": "Point",
        "coordinates": [
          122.1264114,
          6.9551188
        ]
      },
      "id": "node/2881568863"
    },
    {
      "type": "Feature",
      "properties": {
        "@id": "node/2881569005",
        "amenity": "police"
      },
      "geometry": {
        "type": "Point",
        "coordinates": [
          122.1321008,
          6.9617892
        ]
      },
      "id": "node/2881569005"
    },
    {
      "type": "Feature",
      "properties": {
        "@id": "node/2883454514",
        "name": "Print & Paper Specialist",
        "shop": "copyshop"
      },
      "geometry": {
        "type": "Point",
        "coordinates": [
          122.0790181,
          6.9053212
        ]
      },
      "id": "node/2883454514"
    },
    {
      "type": "Feature",
      "properties": {
        "@id": "node/2886729565",
        "name": "Auto Jack",
        "shop": "car_parts"
      },
      "geometry": {
        "type": "Point",
        "coordinates": [
          122.0958136,
          6.9434269
        ]
      },
      "id": "node/2886729565"
    },
    {
      "type": "Feature",
      "properties": {
        "@id": "node/2893380723",
        "abbr": "PS Bank",
        "addr:floor": "G",
        "addr:street": "Pilar Street",
        "amenity": "bank",
        "atm": "yes",
        "name": "Philippine Savings Bank"
      },
      "geometry": {
        "type": "Point",
        "coordinates": [
          122.0775793,
          6.9059493
        ]
      },
      "id": "node/2893380723"
    },
    {
      "type": "Feature",
      "properties": {
        "@id": "node/2893380724",
        "amenity": "atm"
      },
      "geometry": {
        "type": "Point",
        "coordinates": [
          122.0775515,
          6.9059615
        ]
      },
      "id": "node/2893380724"
    },
    {
      "type": "Feature",
      "properties": {
        "@id": "node/2893380741",
        "addr:street": "Pilar Street",
        "brand": "M Lhuillier",
        "brand:wikidata": "Q83434356",
        "money_transfer": "ml_kwarta_padala",
        "name": "M Lhuillier",
        "shop": "pawnbroker"
      },
      "geometry": {
        "type": "Point",
        "coordinates": [
          122.0775073,
          6.905994
        ]
      },
      "id": "node/2893380741"
    },
    {
      "type": "Feature",
      "properties": {
        "@id": "node/2893458367",
        "addr:city": "Zamboanga",
        "addr:postcode": "7000",
        "addr:street": "Rizal Street",
        "alt_name": "Banco de Oro",
        "amenity": "bank",
        "atm": "yes",
        "branch": "Rizal Street, Zamboanga",
        "brand": "BDO",
        "brand:wikidata": "Q4854129",
        "brand:wikipedia": "en:Banco de Oro",
        "name": "BDO",
        "operator": "BDO Unibank"
      },
      "geometry": {
        "type": "Point",
        "coordinates": [
          122.0771248,
          6.9044145
        ]
      },
      "id": "node/2893458367"
    },
    {
      "type": "Feature",
      "properties": {
        "@id": "node/2893458368",
        "amenity": "atm",
        "operator": "BDO"
      },
      "geometry": {
        "type": "Point",
        "coordinates": [
          122.0771691,
          6.9043977
        ]
      },
      "id": "node/2893458368"
    },
    {
      "type": "Feature",
      "properties": {
        "@id": "node/2893590238",
        "name": "Cityinn Hotel",
        "tourism": "hotel"
      },
      "geometry": {
        "type": "Point",
        "coordinates": [
          122.0747087,
          6.9104778
        ]
      },
      "id": "node/2893590238"
    },
    {
      "type": "Feature",
      "properties": {
        "@id": "node/2894908701",
        "amenity": "pharmacy",
        "name": "Cecile's Pharmacy and Convenience Store"
      },
      "geometry": {
        "type": "Point",
        "coordinates": [
          122.0819074,
          6.9233952
        ]
      },
      "id": "node/2894908701"
    },
    {
      "type": "Feature",
      "properties": {
        "@id": "node/2894908702",
        "amenity": "dentist",
        "name": "Dental Clinic"
      },
      "geometry": {
        "type": "Point",
        "coordinates": [
          122.0792378,
          6.9221519
        ]
      },
      "id": "node/2894908702"
    },
    {
      "type": "Feature",
      "properties": {
        "@id": "node/2895265031",
        "name": "National Commercial",
        "shop": "appliance"
      },
      "geometry": {
        "type": "Point",
        "coordinates": [
          122.0777673,
          6.912687
        ]
      },
      "id": "node/2895265031"
    },
    {
      "type": "Feature",
      "properties": {
        "@id": "node/2896514603",
        "amenity": "atm",
        "operator": "Chinabank"
      },
      "geometry": {
        "type": "Point",
        "coordinates": [
          122.0786762,
          6.9279589
        ]
      },
      "id": "node/2896514603"
    },
    {
      "type": "Feature",
      "properties": {
        "@id": "node/2896514604",
        "amenity": "atm",
        "operator": "Metrobank"
      },
      "geometry": {
        "type": "Point",
        "coordinates": [
          122.0786768,
          6.9279319
        ]
      },
      "id": "node/2896514604"
    },
    {
      "type": "Feature",
      "properties": {
        "@id": "node/2896514608",
        "name": "Kikos's Topping & Bakeshop IV",
        "shop": "bakery"
      },
      "geometry": {
        "type": "Point",
        "coordinates": [
          122.0786621,
          6.9284151
        ]
      },
      "id": "node/2896514608"
    },
    {
      "type": "Feature",
      "properties": {
        "@id": "node/2896514613",
        "name": "Mobile Myx, Gadgets and Accessories Center",
        "shop": "mobile_phone"
      },
      "geometry": {
        "type": "Point",
        "coordinates": [
          122.078449,
          6.9280773
        ]
      },
      "id": "node/2896514613"
    },
    {
      "type": "Feature",
      "properties": {
        "@id": "node/2896514614",
        "name": "Hermosa Travel and Tours",
        "shop": "travel_agency"
      },
      "geometry": {
        "type": "Point",
        "coordinates": [
          122.0783662,
          6.9280499
        ]
      },
      "id": "node/2896514614"
    },
    {
      "type": "Feature",
      "properties": {
        "@id": "node/2896514617",
        "amenity": "fast_food",
        "cuisine": "regional",
        "name": "Komedor Filipino Cuisine"
      },
      "geometry": {
        "type": "Point",
        "coordinates": [
          122.0783077,
          6.9285054
        ]
      },
      "id": "node/2896514617"
    },
    {
      "type": "Feature",
      "properties": {
        "@id": "node/2896530736",
        "shop": "convenience"
      },
      "geometry": {
        "type": "Point",
        "coordinates": [
          122.06734,
          6.919855
        ]
      },
      "id": "node/2896530736"
    },
    {
      "type": "Feature",
      "properties": {
        "@id": "node/2900193265",
        "amenity": "pharmacy",
        "name": "United Pharmacy"
      },
      "geometry": {
        "type": "Point",
        "coordinates": [
          122.0788294,
          6.923193
        ]
      },
      "id": "node/2900193265"
    },
    {
      "type": "Feature",
      "properties": {
        "@id": "node/2900193266",
        "amenity": "restaurant",
        "name": "ATOA Restaurant"
      },
      "geometry": {
        "type": "Point",
        "coordinates": [
          122.0788186,
          6.9230483
        ]
      },
      "id": "node/2900193266"
    },
    {
      "type": "Feature",
      "properties": {
        "@id": "node/2900193279",
        "amenity": "pub",
        "name": "Pare Daan Muna Coctail Lounge & Disco Club"
      },
      "geometry": {
        "type": "Point",
        "coordinates": [
          122.0790388,
          6.9240048
        ]
      },
      "id": "node/2900193279"
    },
    {
      "type": "Feature",
      "properties": {
        "@id": "node/2900193284",
        "name": "Oceanic Hardware",
        "shop": "hardware"
      },
      "geometry": {
        "type": "Point",
        "coordinates": [
          122.0816778,
          6.9232854
        ]
      },
      "id": "node/2900193284"
    },
    {
      "type": "Feature",
      "properties": {
        "@id": "node/2903779619",
        "leisure": "resort",
        "name": "Virnell Farm Mountain Park"
      },
      "geometry": {
        "type": "Point",
        "coordinates": [
          122.1593817,
          7.0204943
        ]
      },
      "id": "node/2903779619"
    },
    {
      "type": "Feature",
      "properties": {
        "@id": "node/3082356833",
        "amenity": "fast_food",
        "name": "Elmaga Fast Food",
        "source": "survey"
      },
      "geometry": {
        "type": "Point",
        "coordinates": [
          122.0758388,
          6.9073272
        ]
      },
      "id": "node/3082356833"
    },
    {
      "type": "Feature",
      "properties": {
        "@id": "node/3238174638",
        "addr:barangay": "Landang Gua",
        "addr:city": "Zamboanga City",
        "addr:neighbourhood": "Sacol Island",
        "addr:postcode": "7000",
        "addr:province": "Zamboanga del Sur",
        "amenity": "school",
        "fixme": "Improve feature when better imagery becomes available",
        "isced:level": "2",
        "name": "Arena Blanco National High School – Landang Gua Annex",
        "operator": "Tetuan District of Zamboanga City Schools Division, DepEd",
        "operator:type": "government",
        "operator:wikidata": "Q3550346",
        "population:pupils": "426",
        "population:pupils:date": "2015",
        "ref": "314803",
        "start_date": "2007"
      },
      "geometry": {
        "type": "Point",
        "coordinates": [
          122.256904,
          6.9563859
        ]
      },
      "id": "node/3238174638"
    },
    {
      "type": "Feature",
      "properties": {
        "@id": "node/3239079140",
        "name": "Red Cross Youth Hostel",
        "operator": "Philippine National Red Cross",
        "tourism": "hostel"
      },
      "geometry": {
        "type": "Point",
        "coordinates": [
          122.078935,
          6.9028156
        ]
      },
      "id": "node/3239079140"
    },
    {
      "type": "Feature",
      "properties": {
        "@id": "node/3331275824",
        "addr:city": "Zamboanga City",
        "addr:postcode": "7000",
        "addr:street": "Don Alfaro Street",
        "amenity": "pharmacy",
        "name": "Cecile's Pharmacy",
        "opening_hours": "07:00-21:00"
      },
      "geometry": {
        "type": "Point",
        "coordinates": [
          122.0895019,
          6.9161294
        ]
      },
      "id": "node/3331275824"
    },
    {
      "type": "Feature",
      "properties": {
        "@id": "node/3458774513",
        "amenity": "clinic",
        "name": "Divisoria Health Center"
      },
      "geometry": {
        "type": "Point",
        "coordinates": [
          122.1009579,
          6.9453279
        ]
      },
      "id": "node/3458774513"
    },
    {
      "type": "Feature",
      "properties": {
        "@id": "node/3458783363",
        "name": "UniMakerSales",
        "shop": "supermarket"
      },
      "geometry": {
        "type": "Point",
        "coordinates": [
          122.1002875,
          6.9470838
        ]
      },
      "id": "node/3458783363"
    },
    {
      "type": "Feature",
      "properties": {
        "@id": "node/3458783364",
        "amenity": "pharmacy",
        "name": "Right Choice Pharmay"
      },
      "geometry": {
        "type": "Point",
        "coordinates": [
          122.1005182,
          6.9470519
        ]
      },
      "id": "node/3458783364"
    },
    {
      "type": "Feature",
      "properties": {
        "@id": "node/3458783365",
        "name": "JD Store",
        "shop": "hardware"
      },
      "geometry": {
        "type": "Point",
        "coordinates": [
          122.100655,
          6.9466818
        ]
      },
      "id": "node/3458783365"
    },
    {
      "type": "Feature",
      "properties": {
        "@id": "node/3572215797",
        "addr:city": "Zamboanga City",
        "addr:postcode": "7000",
        "addr:street": "N. S. Valderosa Street",
        "addr:village": "Zone IV",
        "amenity": "fast_food",
        "branch": "Cityhall",
        "brand": "McDonald's",
        "brand:wikidata": "Q38076",
        "brand:wikipedia": "en:McDonald's",
        "brand:wikipedia:es": "McDonald's",
        "cuisine": "burger",
        "delivery": "yes",
        "name": "McDonald's",
        "name:ar": "مكدونالدز",
        "name:en": "McDonald's",
        "name:es": "McDonald's",
        "name:ko": "디몰 맥도날드",
        "name:ru": "Макдональдс",
        "smoking": "no",
        "takeaway": "yes"
      },
      "geometry": {
        "type": "Point",
        "coordinates": [
          122.0764312,
          6.9042645
        ]
      },
      "id": "node/3572215797"
    },
    {
      "type": "Feature",
      "properties": {
        "@id": "node/3645616793",
        "amenity": "doctors",
        "name": "MediSpa Clinic and Dermatology Services"
      },
      "geometry": {
        "type": "Point",
        "coordinates": [
          122.0787369,
          6.9231739
        ]
      },
      "id": "node/3645616793"
    },
    {
      "type": "Feature",
      "properties": {
        "@id": "node/3772816847",
        "addr:city": "Zamboanga City",
        "addr:postcode": "7000",
        "addr:street": "Mars Street",
        "addr:suburb": "Tumaga",
        "amenity": "bar",
        "name": "FHM Garden Grill and Inn"
      },
      "geometry": {
        "type": "Point",
        "coordinates": [
          122.0828922,
          6.9327128
        ]
      },
      "id": "node/3772816847"
    },
    {
      "type": "Feature",
      "properties": {
        "@id": "node/3772845743",
        "addr:barangay": "Tetuan",
        "addr:city": "Zamboanga City",
        "addr:postcode": "7000",
        "addr:street": "Crispin Atilano Street",
        "name": "Casa Pension Bed and Dine",
        "phone": "+63 062 926 3443",
        "tourism": "hostel"
      },
      "geometry": {
        "type": "Point",
        "coordinates": [
          122.0877136,
          6.9227327
        ]
      },
      "id": "node/3772845743"
    },
    {
      "type": "Feature",
      "properties": {
        "@id": "node/3772920258",
        "addr:barangay": "Santa Maria",
        "addr:city": "Zamboanga City",
        "addr:postcode": "7000",
        "addr:street": "Santa Maria Road",
        "name": "La Casa Maria Hotel",
        "tourism": "hostel"
      },
      "geometry": {
        "type": "Point",
        "coordinates": [
          122.0716357,
          6.926203
        ]
      },
      "id": "node/3772920258"
    },
    {
      "type": "Feature",
      "properties": {
        "@id": "node/3778068795",
        "addr:city": "Zamboanga City",
        "addr:floor": "3",
        "addr:postcode": "7000",
        "addr:street": "La Purisima Street",
        "amenity": "place_of_worship",
        "denomination": "pentecostal",
        "name": "C3 Praise Zamboanga - ZCOPI",
        "note": "Full Gospel Church",
        "phone": "+62 9914882",
        "religion": "christian"
      },
      "geometry": {
        "type": "Point",
        "coordinates": [
          122.0756628,
          6.908118
        ]
      },
      "id": "node/3778068795"
    },
    {
      "type": "Feature",
      "properties": {
        "@id": "node/3865164674",
        "addr:city": "Zamboanga",
        "addr:postcode": "7000",
        "addr:quarter": "Canelar",
        "addr:street": "Governor Camins Avenue",
        "name": "Zalo's Boutique Hotel",
        "phone": "+63 062 992 1446",
        "tourism": "hotel"
      },
      "geometry": {
        "type": "Point",
        "coordinates": [
          122.0717024,
          6.9206882
        ]
      },
      "id": "node/3865164674"
    },
    {
      "type": "Feature",
      "properties": {
        "@id": "node/3908275573",
        "addr:building": "Sultana Building",
        "addr:city": "Zamboanga",
        "addr:postcode": "7000",
        "addr:street": "Pilar Street",
        "addr:village": "Zone IV",
        "amenity": "fast_food",
        "branch": "Pilar",
        "brand": "Jollibee",
        "brand:wikidata": "Q37614",
        "cuisine": "burger",
        "delivery": "yes",
        "drive_through": "no",
        "name": "Jollibee",
        "takeaway": "yes"
      },
      "geometry": {
        "type": "Point",
        "coordinates": [
          122.0773356,
          6.9063212
        ]
      },
      "id": "node/3908275573"
    },
    {
      "type": "Feature",
      "properties": {
        "@id": "node/3908278505",
        "addr:city": "Zamboanga",
        "addr:postcode": "7000",
        "addr:street": "Tomas Claudio Street",
        "addr:village": "Zone III",
        "name": "Winzelle Suites",
        "tourism": "hotel"
      },
      "geometry": {
        "type": "Point",
        "coordinates": [
          122.0767455,
          6.9067499
        ]
      },
      "id": "node/3908278505"
    },
    {
      "type": "Feature",
      "properties": {
        "@id": "node/3919446293",
        "amenity": "cafe",
        "brand": "Mister Donut"
      },
      "geometry": {
        "type": "Point",
        "coordinates": [
          122.0772317,
          6.9033707
        ]
      },
      "id": "node/3919446293"
    },
    {
      "type": "Feature",
      "properties": {
        "@id": "node/3920346138",
        "addr:barangay": "Tetuan",
        "addr:city": "Zamboanga City",
        "addr:postcode": "7000",
        "addr:street": "M. Natividad Street",
        "amenity": "police",
        "name": "Tetuan Police Station",
        "operator": "Philippine National Police"
      },
      "geometry": {
        "type": "Point",
        "coordinates": [
          122.0908739,
          6.917514
        ]
      },
      "id": "node/3920346138"
    },
    {
      "type": "Feature",
      "properties": {
        "@id": "node/3920347607",
        "amenity": "car_wash"
      },
      "geometry": {
        "type": "Point",
        "coordinates": [
          122.0899418,
          6.9294583
        ]
      },
      "id": "node/3920347607"
    },
    {
      "type": "Feature",
      "properties": {
        "@id": "node/3921313146",
        "addr:barangay": "Tetuan",
        "addr:city": "Zamboanga City",
        "addr:postcode": "7000",
        "addr:street": "Veterans Avenue Extension",
        "amenity": "pharmacy",
        "drive_through": "no",
        "name": "Cecile's Pharmacy and Convenience Store"
      },
      "geometry": {
        "type": "Point",
        "coordinates": [
          122.0791141,
          6.9227019
        ]
      },
      "id": "node/3921313146"
    },
    {
      "type": "Feature",
      "properties": {
        "@id": "node/3921319759",
        "addr:barangay": "Tetuan",
        "addr:city": "Zamboanga City",
        "addr:postcode": "7000",
        "addr:street": "Veterans Avenue Extension",
        "amenity": "pharmacy",
        "name": "Botica Ng Bayan"
      },
      "geometry": {
        "type": "Point",
        "coordinates": [
          122.0788861,
          6.9236778
        ]
      },
      "id": "node/3921319759"
    },
    {
      "type": "Feature",
      "properties": {
        "@id": "node/3921530338",
        "addr:barangay": "Putik",
        "addr:city": "Zamboanga City",
        "addr:postcode": "7000",
        "addr:street": "Maria Clara L. Lobregat Highway",
        "amenity": "pharmacy",
        "name": "Oro Wonder Drug"
      },
      "geometry": {
        "type": "Point",
        "coordinates": [
          122.0926566,
          6.9396938
        ]
      },
      "id": "node/3921530338"
    },
    {
      "type": "Feature",
      "properties": {
        "@id": "node/3921530843",
        "addr:barangay": "Putik",
        "addr:city": "Zamboanga City",
        "addr:postcode": "7000",
        "addr:street": "Maria Clara L. Lobregat Highway",
        "amenity": "pharmacy",
        "check_date": "2024-09-21",
        "name": "Joan's Pharmacy"
      },
      "geometry": {
        "type": "Point",
        "coordinates": [
          122.0926006,
          6.9402501
        ]
      },
      "id": "node/3921530843"
    },
    {
      "type": "Feature",
      "properties": {
        "@id": "node/3921534551",
        "addr:barangay": "Putik",
        "addr:city": "Zamboanga City",
        "addr:postcode": "7000",
        "addr:street": "Maria Clara L. Lobregat Highway",
        "name": "Grandmega Supermarket",
        "shop": "supermarket"
      },
      "geometry": {
        "type": "Point",
        "coordinates": [
          122.0917833,
          6.9352504
        ]
      },
      "id": "node/3921534551"
    },
    {
      "type": "Feature",
      "properties": {
        "@id": "node/3921539302",
        "addr:barangay": "Putik",
        "addr:city": "Zamboanga City",
        "addr:housenumber": "Yubengo Starmall",
        "addr:postcode": "7000",
        "addr:street": "Maria Clara L. Lobregat Highway",
        "name": "Oro Megaworld Pawnshop and Jewelry",
        "shop": "pawnbroker"
      },
      "geometry": {
        "type": "Point",
        "coordinates": [
          122.0923601,
          6.9350441
        ]
      },
      "id": "node/3921539302"
    },
    {
      "type": "Feature",
      "properties": {
        "@id": "node/3921790075",
        "addr:barangay": "Putik",
        "addr:city": "Zamboanga City",
        "addr:housenumber": "Yubengco Starmall",
        "addr:postcode": "7000",
        "addr:street": "Maria Clara L. Lobregat Highway",
        "name": "JBC Shoppers Plaza-Zamboanga City Branch",
        "shop": "appliance"
      },
      "geometry": {
        "type": "Point",
        "coordinates": [
          122.0924208,
          6.9352759
        ]
      },
      "id": "node/3921790075"
    },
    {
      "type": "Feature",
      "properties": {
        "@id": "node/3921817338",
        "addr:city": "Zamboanga City",
        "addr:postcode": "7000",
        "addr:street": "Maria Clara L. Lobregat Highway",
        "amenity": "money_transfer",
        "name": "LBC Express, Incorporated",
        "phone": "+63 62 9910750"
      },
      "geometry": {
        "type": "Point",
        "coordinates": [
          122.0924255,
          6.9353686
        ]
      },
      "id": "node/3921817338"
    },
    {
      "type": "Feature",
      "properties": {
        "@id": "node/3921821590",
        "name": "Cellsite Mobile Center",
        "shop": "electronics"
      },
      "geometry": {
        "type": "Point",
        "coordinates": [
          122.0922352,
          6.9352937
        ]
      },
      "id": "node/3921821590"
    },
    {
      "type": "Feature",
      "properties": {
        "@id": "node/3921846709",
        "leisure": "fitness_centre",
        "name": "Yogaworks"
      },
      "geometry": {
        "type": "Point",
        "coordinates": [
          122.088095,
          6.9299272
        ]
      },
      "id": "node/3921846709"
    },
    {
      "type": "Feature",
      "properties": {
        "@id": "node/3921862279",
        "amenity": "pharmacy",
        "healthcare": "pharmacy",
        "name": "Oro Wonder Drug"
      },
      "geometry": {
        "type": "Point",
        "coordinates": [
          122.0768445,
          6.906475
        ]
      },
      "id": "node/3921862279"
    },
    {
      "type": "Feature",
      "properties": {
        "@id": "node/3925131693",
        "addr:barangay": "Putik",
        "addr:city": "Zamboanga City",
        "addr:postcode": "7000",
        "addr:street": "Maria Clara L. Lobregat Highway",
        "level": "3",
        "name": "Feliz Hotel",
        "tourism": "hotel"
      },
      "geometry": {
        "type": "Point",
        "coordinates": [
          122.0923537,
          6.9346555
        ]
      },
      "id": "node/3925131693"
    },
    {
      "type": "Feature",
      "properties": {
        "@id": "node/3925290903",
        "name": "Uni City",
        "shop": "department_store"
      },
      "geometry": {
        "type": "Point",
        "coordinates": [
          122.0762833,
          6.9068491
        ]
      },
      "id": "node/3925290903"
    },
    {
      "type": "Feature",
      "properties": {
        "@id": "node/3925290904",
        "addr:city": "Zamboanga City",
        "addr:postcode": "7000",
        "addr:street": "La Purisima Street",
        "addr:village": "Zone IV",
        "name": "SKK Mobile Center",
        "shop": "mobile_phone"
      },
      "geometry": {
        "type": "Point",
        "coordinates": [
          122.0761843,
          6.9070451
        ]
      },
      "id": "node/3925290904"
    },
    {
      "type": "Feature",
      "properties": {
        "@id": "node/3925290905",
        "addr:city": "Zamboanga",
        "addr:postcode": "7000",
        "addr:street": "La Purisima Street",
        "addr:village": "Zone IV",
        "name": "3G Telecom Plaza",
        "shop": "mobile_phone"
      },
      "geometry": {
        "type": "Point",
        "coordinates": [
          122.0762089,
          6.9069878
        ]
      },
      "id": "node/3925290905"
    },
    {
      "type": "Feature",
      "properties": {
        "@id": "node/3925477861",
        "addr:street": "Don Pablo Lorenzo Street",
        "brand": "Cebuana Lhuillier",
        "brand:wikidata": "Q17064661",
        "brand:wikipedia": "en:Cebuana Lhuillier",
        "money_transfer": "cebuana_pera_padala",
        "name": "Cebuana Lhuillier",
        "shop": "pawnbroker",
        "short_name": "Cebuana"
      },
      "geometry": {
        "type": "Point",
        "coordinates": [
          122.0762397,
          6.904792
        ]
      },
      "id": "node/3925477861"
    },
    {
      "type": "Feature",
      "properties": {
        "@id": "node/3925477862",
        "addr:street": "Don Pablo Lorenzo Street",
        "brand": "M Lhuillier",
        "brand:wikidata": "Q83434356",
        "money_transfer": "ml_kwarta_padala",
        "name": "M Lhuillier",
        "shop": "pawnbroker"
      },
      "geometry": {
        "type": "Point",
        "coordinates": [
          122.0762112,
          6.9047415
        ]
      },
      "id": "node/3925477862"
    },
    {
      "type": "Feature",
      "properties": {
        "@id": "node/3925477863",
        "addr:street": "Don Pablo Lorenzo Street",
        "name": "Ciuded de Zamboanga Pawnshop",
        "shop": "pawnbroker"
      },
      "geometry": {
        "type": "Point",
        "coordinates": [
          122.076136,
          6.9045882
        ]
      },
      "id": "node/3925477863"
    },
    {
      "type": "Feature",
      "properties": {
        "@id": "node/3928939375",
        "alt_name": "Cafe Zambo",
        "amenity": "restaurant",
        "cuisine": "regional",
        "name": "Kapé Zambo"
      },
      "geometry": {
        "type": "Point",
        "coordinates": [
          122.0817705,
          6.8996516
        ]
      },
      "id": "node/3928939375"
    },
    {
      "type": "Feature",
      "properties": {
        "@id": "node/3928956506",
        "addr:village": "Putik",
        "amenity": "bureau_de_change",
        "brand": "Western Union"
      },
      "geometry": {
        "type": "Point",
        "coordinates": [
          122.092658,
          6.94263
        ]
      },
      "id": "node/3928956506"
    },
    {
      "type": "Feature",
      "properties": {
        "@id": "node/3928961506",
        "addr:barangay": "Putik",
        "amenity": "money_transfer",
        "name": "MLhuiller",
        "shop": "pawnbroker"
      },
      "geometry": {
        "type": "Point",
        "coordinates": [
          122.0929809,
          6.9423854
        ]
      },
      "id": "node/3928961506"
    },
    {
      "type": "Feature",
      "properties": {
        "@id": "node/3933871156",
        "addr:barangay": "Guiwan",
        "addr:city": "Zamboanga City",
        "addr:postcode": "7000",
        "addr:street": "Maria Clara L. Lobregat Highway",
        "amenity": "bank",
        "name": "1st Valley Bank"
      },
      "geometry": {
        "type": "Point",
        "coordinates": [
          122.0909871,
          6.9317615
        ]
      },
      "id": "node/3933871156"
    },
    {
      "type": "Feature",
      "properties": {
        "@id": "node/3934027759",
        "addr:village": "Mercedes",
        "amenity": "pharmacy",
        "name": "Mike Pharmacy and Grocery"
      },
      "geometry": {
        "type": "Point",
        "coordinates": [
          122.1363745,
          6.9625839
        ]
      },
      "id": "node/3934027759"
    },
    {
      "type": "Feature",
      "properties": {
        "@id": "node/3934054226",
        "amenity": "restaurant",
        "name": "Papito's Restaurant"
      },
      "geometry": {
        "type": "Point",
        "coordinates": [
          122.0828573,
          6.9432074
        ]
      },
      "id": "node/3934054226"
    },
    {
      "type": "Feature",
      "properties": {
        "@id": "node/3939088410",
        "addr:city": "Zamboanga",
        "addr:postcode": "7000",
        "addr:street": "La Purisima Street",
        "addr:village": "Zone IV",
        "brand": "Cebuana Lhuillier",
        "brand:wikidata": "Q17064661",
        "brand:wikipedia": "en:Cebuana Lhuillier",
        "money_transfer": "cebuana_pera_padala",
        "name": "Cebuana Lhuillier",
        "shop": "pawnbroker",
        "short_name": "Cebuana"
      },
      "geometry": {
        "type": "Point",
        "coordinates": [
          122.076379,
          6.9064262
        ]
      },
      "id": "node/3939088410"
    },
    {
      "type": "Feature",
      "properties": {
        "@id": "node/3939128003",
        "amenity": "pharmacy",
        "healthcare": "pharmacy",
        "name": "ABC Pharmacy"
      },
      "geometry": {
        "type": "Point",
        "coordinates": [
          122.0757539,
          6.9065818
        ]
      },
      "id": "node/3939128003"
    },
    {
      "type": "Feature",
      "properties": {
        "@id": "node/3939279064",
        "addr:city": "Zamboanga",
        "addr:postcode": "7000",
        "addr:street": "Tomas Claudio Street",
        "alt_name": "The Generics Pharmacy",
        "amenity": "pharmacy",
        "brand": "The Generics Pharmacy",
        "brand:wikidata": "Q61948677",
        "dispensing": "yes",
        "healthcare": "pharmacy",
        "name": "TGP",
        "name:abbr": "TGP",
        "official_name": "The Generics Pharmacy"
      },
      "geometry": {
        "type": "Point",
        "coordinates": [
          122.0753659,
          6.9064774
        ]
      },
      "id": "node/3939279064"
    },
    {
      "type": "Feature",
      "properties": {
        "@id": "node/3939279065",
        "amenity": "money_transfer",
        "brand": "Western Union",
        "brand:wikidata": "Q861042",
        "brand:wikipedia": "en:Western Union",
        "money_transfer": "western_union",
        "name": "Western Union"
      },
      "geometry": {
        "type": "Point",
        "coordinates": [
          122.0754695,
          6.9065147
        ]
      },
      "id": "node/3939279065"
    },
    {
      "type": "Feature",
      "properties": {
        "@id": "node/3939286992",
        "addr:city": "Zamboanga",
        "addr:postcode": "7000",
        "addr:street": "Barcelona Street",
        "addr:village": "Zone II",
        "name": "Platinum 21 Pension House",
        "phone": "+63 62 991 2514",
        "tourism": "hostel"
      },
      "geometry": {
        "type": "Point",
        "coordinates": [
          122.0760396,
          6.9064318
        ]
      },
      "id": "node/3939286992"
    },
    {
      "type": "Feature",
      "properties": {
        "@id": "node/3977937702",
        "addr:barangay": "Putik",
        "addr:city": "Zamboanga City",
        "addr:postcode": "7000",
        "addr:street": "Maria Clara L. Lobregat Highway",
        "name": "Mang Tinapay",
        "shop": "bakery"
      },
      "geometry": {
        "type": "Point",
        "coordinates": [
          122.0925972,
          6.9419321
        ]
      },
      "id": "node/3977937702"
    },
    {
      "type": "Feature",
      "properties": {
        "@id": "node/3977943419",
        "addr:barangay": "Guiwan",
        "addr:city": "Zamboanga City",
        "addr:postcode": "7000",
        "addr:street": "Sampaguita Road",
        "name": "Sun Gate Pawnshop",
        "shop": "pawnbroker"
      },
      "geometry": {
        "type": "Point",
        "coordinates": [
          122.0903123,
          6.9313902
        ]
      },
      "id": "node/3977943419"
    },
    {
      "type": "Feature",
      "properties": {
        "@id": "node/3977955840",
        "addr:barangay": "Guiwan",
        "addr:city": "Zamboanga City",
        "addr:postcode": "7000",
        "addr:street": "Maria Clara L. Lobregat Highway",
        "amenity": "fast_food",
        "cuisine": "pizza",
        "name": "Dexter's Pizza",
        "phone": "+63 62 927582735"
      },
      "geometry": {
        "type": "Point",
        "coordinates": [
          122.086757,
          6.9292259
        ]
      },
      "id": "node/3977955840"
    },
    {
      "type": "Feature",
      "properties": {
        "@id": "node/3977960819",
        "amenity": "car_wash"
      },
      "geometry": {
        "type": "Point",
        "coordinates": [
          122.0865912,
          6.9296061
        ]
      },
      "id": "node/3977960819"
    },
    {
      "type": "Feature",
      "properties": {
        "@id": "node/3977969962",
        "name": "Sasa",
        "shop": "cosmetics"
      },
      "geometry": {
        "type": "Point",
        "coordinates": [
          122.0744983,
          6.907912
        ]
      },
      "id": "node/3977969962"
    },
    {
      "type": "Feature",
      "properties": {
        "@id": "node/4001704662",
        "addr:street": "Maria Clara L. Lobregat Highway",
        "amenity": "fuel",
        "brand": "Petron",
        "brand:wikidata": "Q7179011",
        "brand:wikipedia": "en:Petron Corporation",
        "name": "Petron",
        "operator": "Emmylou Manalo"
      },
      "geometry": {
        "type": "Point",
        "coordinates": [
          122.2282515,
          7.2063634
        ]
      },
      "id": "node/4001704662"
    },
    {
      "type": "Feature",
      "properties": {
        "@id": "node/4001965594",
        "addr:housenumber": "1",
        "name": "Gonzales Boarding House",
        "tourism": "hostel"
      },
      "geometry": {
        "type": "Point",
        "coordinates": [
          122.0855556,
          6.9291164
        ]
      },
      "id": "node/4001965594"
    },
    {
      "type": "Feature",
      "properties": {
        "@id": "node/4119289989",
        "addr:street": "Pilar Street",
        "name": "Stamina Body Massage",
        "opening_hours": "24/7",
        "phone": "+63 916 511 9902",
        "shop": "massage"
      },
      "geometry": {
        "type": "Point",
        "coordinates": [
          122.0796373,
          6.9050417
        ]
      },
      "id": "node/4119289989"
    },
    {
      "type": "Feature",
      "properties": {
        "@id": "node/4120618898",
        "addr:street": "Pilar Street",
        "amenity": "car_wash",
        "name": "Krystal Carwash"
      },
      "geometry": {
        "type": "Point",
        "coordinates": [
          122.0796087,
          6.9049689
        ]
      },
      "id": "node/4120618898"
    },
    {
      "type": "Feature",
      "properties": {
        "@id": "node/4131792792",
        "addr:street": "Pilar Street",
        "amenity": "fast_food",
        "cuisine": "filipino",
        "name": "Audy's Carenderia",
        "opening_hours": "24/7"
      },
      "geometry": {
        "type": "Point",
        "coordinates": [
          122.0796904,
          6.9052924
        ]
      },
      "id": "node/4131792792"
    },
    {
      "type": "Feature",
      "properties": {
        "@id": "node/4163003489",
        "addr:barangay": "Pasonanca",
        "addr:city": "Zamboanga City",
        "addr:postcode": "7000",
        "addr:province": "Zamboanga del Sur",
        "addr:street": "Pasonanca Road",
        "amenity": "bar",
        "name": "Tapa Bar",
        "opening_hours": "Mo-Sa 19:00-04:00"
      },
      "geometry": {
        "type": "Point",
        "coordinates": [
          122.0716955,
          6.954356
        ]
      },
      "id": "node/4163003489"
    },
    {
      "type": "Feature",
      "properties": {
        "@id": "node/4191802593",
        "leisure": "pitch",
        "name": "Mercedez Recreational Cockpit Inc.",
        "sport": "cockfighting"
      },
      "geometry": {
        "type": "Point",
        "coordinates": [
          122.1371293,
          6.9628343
        ]
      },
      "id": "node/4191802593"
    },
    {
      "type": "Feature",
      "properties": {
        "@id": "node/4191803790",
        "amenity": "atm",
        "opening_hours": "24/7"
      },
      "geometry": {
        "type": "Point",
        "coordinates": [
          122.1755332,
          7.0347028
        ]
      },
      "id": "node/4191803790"
    },
    {
      "type": "Feature",
      "properties": {
        "@id": "node/4218593390",
        "addr:street": "Veterans Avenue",
        "amenity": "place_of_worship",
        "fixme": "religion",
        "name": "Miracle Life Fellowship International"
      },
      "geometry": {
        "type": "Point",
        "coordinates": [
          122.0790807,
          6.9163829
        ]
      },
      "id": "node/4218593390"
    },
    {
      "type": "Feature",
      "properties": {
        "@id": "node/4221451189",
        "addr:housenumber": "69",
        "addr:postcode": "7000",
        "addr:street": "Doctor J. Estrada Street",
        "name": "CWorks Photography",
        "opening_hours": "Mo-Sa 10:00-19:00",
        "shop": "photo"
      },
      "geometry": {
        "type": "Point",
        "coordinates": [
          122.0841441,
          6.9208084
        ]
      },
      "id": "node/4221451189"
    },
    {
      "type": "Feature",
      "properties": {
        "@id": "node/4243549543",
        "addr:barangay": "Divisoria",
        "addr:city": "Zamboanga City",
        "addr:postcode": "7000",
        "amenity": "police",
        "name": "Police Station 5",
        "operator": "Philippine National Police"
      },
      "geometry": {
        "type": "Point",
        "coordinates": [
          122.0993399,
          6.9439231
        ]
      },
      "id": "node/4243549543"
    },
    {
      "type": "Feature",
      "properties": {
        "@id": "node/4245904649",
        "addr:barangay": "Pasonanca",
        "addr:city": "Zamboanga City",
        "addr:postcode": "7000",
        "amenity": "police",
        "name": "Community Police Assistance Center",
        "operator": "Philippine National Police"
      },
      "geometry": {
        "type": "Point",
        "coordinates": [
          122.0722936,
          6.9527036
        ]
      },
      "id": "node/4245904649"
    },
    {
      "type": "Feature",
      "properties": {
        "@id": "node/4258169993",
        "addr:housenumber": "15",
        "addr:postcode": "7000",
        "addr:street": "Maria Clara L. Lobregat Highway",
        "tourism": "guest_house"
      },
      "geometry": {
        "type": "Point",
        "coordinates": [
          122.1076477,
          6.9482628
        ]
      },
      "id": "node/4258169993"
    },
    {
      "type": "Feature",
      "properties": {
        "@id": "node/4258210289",
        "addr:housenumber": "3",
        "addr:postcode": "7000",
        "addr:street": "Lumiyap Road",
        "name": "kdl hardware",
        "opening_hours": "Mo-Sa 08:00-17:00",
        "shop": "hardware"
      },
      "geometry": {
        "type": "Point",
        "coordinates": [
          122.1063262,
          6.9482056
        ]
      },
      "id": "node/4258210289"
    },
    {
      "type": "Feature",
      "properties": {
        "@id": "node/4279681425",
        "addr:barangay": "Zone I",
        "addr:city": "Zamboanga City",
        "addr:postcode": "7000",
        "addr:street": "Varela Street",
        "admin_level": "10",
        "amenity": "townhall",
        "building": "public",
        "name": "Zone I Barangay Hall",
        "opening_hours": "24/7",
        "townhall:type": "barangay"
      },
      "geometry": {
        "type": "Point",
        "coordinates": [
          122.071607,
          6.9059919
        ]
      },
      "id": "node/4279681425"
    },
    {
      "type": "Feature",
      "properties": {
        "@id": "node/4279789684",
        "artwork_type": "sculpture",
        "name": "Eagle",
        "tourism": "artwork"
      },
      "geometry": {
        "type": "Point",
        "coordinates": [
          122.0564733,
          6.9383276
        ]
      },
      "id": "node/4279789684"
    },
    {
      "type": "Feature",
      "properties": {
        "@id": "node/4280290761",
        "addr:postcode": "7000",
        "addr:street": "R.T. Lim Boulevard",
        "amenity": "school",
        "name": "Caldwell Adventist Academy"
      },
      "geometry": {
        "type": "Point",
        "coordinates": [
          122.0690378,
          6.9071245
        ]
      },
      "id": "node/4280290761"
    },
    {
      "type": "Feature",
      "properties": {
        "@id": "node/13208468931",
        "alt_name": "Vista del Mar Restaurant",
        "amenity": "restaurant",
        "check_date": "2025-10-11",
        "name": "Tita Caling's",
        "opening_hours": "Mo-Fr 08:00-14:00,17:00-20:00; Sa,Su,PH 07:00-22:00",
        "toilets": "yes"
      },
      "geometry": {
        "type": "Point",
        "coordinates": [
          122.0200742,
          6.9237598
        ]
      },
      "id": "node/13208468931"
    },
    {
      "type": "Feature",
      "properties": {
        "@id": "node/6512448885",
        "addr:street": "Ebenezer Campus, Upper Calarian, Zamboanga City",
        "amenity": "library",
        "name": "Ebenezer Library"
      },
      "geometry": {
        "type": "Point",
        "coordinates": [
          122.0238909,
          6.9234729
        ]
      },
      "id": "node/6512448885"
    },
    {
      "type": "Feature",
      "properties": {
        "@id": "node/6512448985",
        "addr:city": "Zambaonga",
        "addr:place": "Ebenezer Campus",
        "addr:quarter": "Upper Calarian",
        "leisure": "beach_resort",
        "name": "Ebenezer Beach Cottages and Amphitheater",
        "name:en": "Ebenezer Beach Cottages and Amphitheater"
      },
      "geometry": {
        "type": "Point",
        "coordinates": [
          122.0231124,
          6.9219142
        ]
      },
      "id": "node/6512448985"
    },
    {
      "type": "Feature",
      "properties": {
        "@id": "node/6512452818",
        "addr:street": "Upper Calarian, Zamboanga City",
        "amenity": "school",
        "name": "Ebenezer School - Highschool and Elementary"
      },
      "geometry": {
        "type": "Point",
        "coordinates": [
          122.0235849,
          6.9232678
        ]
      },
      "id": "node/6512452818"
    },
    {
      "type": "Feature",
      "properties": {
        "@id": "node/6512452819",
        "addr:street": "Upper Calarian, Zambaonga City",
        "amenity": "water_point",
        "name": "Ebenezer Lake"
      },
      "geometry": {
        "type": "Point",
        "coordinates": [
          122.0256568,
          6.9232848
        ]
      },
      "id": "node/6512452819"
    },
    {
      "type": "Feature",
      "properties": {
        "@id": "node/6512452820",
        "addr:street": "Upper Calarian, Zambaonga City",
        "amenity": "place_of_worship",
        "name": "Ebenezer Community Alliance Church"
      },
      "geometry": {
        "type": "Point",
        "coordinates": [
          122.0241414,
          6.9227652
        ]
      },
      "id": "node/6512452820"
    },
    {
      "type": "Feature",
      "properties": {
        "@id": "node/5047140765",
        "addr:city": "Zamboanga City",
        "historic": "memorial",
        "inscription": "Here on the 10th of March, 1945 the 41st Division, U.S. Army under the command of Maj. Gen. Jens A. Doe landed in order to liberate the City of Zamboanga from the Japanese Forces. Liberation completed on the 12th of March, 1945.",
        "memorial": "plaque",
        "name": "Zamboanga Beach",
        "start_date": "1952",
        "wikidata": "Q28927638"
      },
      "geometry": {
        "type": "Point",
        "coordinates": [
          122.0136748,
          6.9274768
        ]
      },
      "id": "node/5047140765"
    },
    {
      "type": "Feature",
      "properties": {
        "@id": "node/12195885776",
        "addr:street": "San Jose Street",
        "amenity": "fuel",
        "check_date": "2024-09-24",
        "name": "Powergas"
      },
      "geometry": {
        "type": "Point",
        "coordinates": [
          122.0146453,
          6.9268878
        ]
      },
      "id": "node/12195885776"
    },
    {
      "type": "Feature",
      "properties": {
        "@id": "node/5436725728",
        "name": "M'lhuillier",
        "shop": "pawnbroker"
      },
      "geometry": {
        "type": "Point",
        "coordinates": [
          122.0062887,
          6.9309111
        ]
      },
      "id": "node/5436725728"
    },
    {
      "type": "Feature",
      "properties": {
        "@id": "node/12195826864",
        "amenity": "pharmacy",
        "check_date": "2024-09-24",
        "healthcare": "pharmacy",
        "name": "Cecille's"
      },
      "geometry": {
        "type": "Point",
        "coordinates": [
          122.0031824,
          6.9335241
        ]
      },
      "id": "node/12195826864"
    },
    {
      "type": "Feature",
      "properties": {
        "@id": "node/12195885777",
        "addr:street": "San Jose Street",
        "check_date": "2024-09-24",
        "name": "Citi Hardware",
        "shop": "hardware"
      },
      "geometry": {
        "type": "Point",
        "coordinates": [
          122.0080701,
          6.9305479
        ]
      },
      "id": "node/12195885777"
    },
    {
      "type": "Feature",
      "properties": {
        "@id": "node/13208468957",
        "amenity": "toilets"
      },
      "geometry": {
        "type": "Point",
        "coordinates": [
          122.0194348,
          6.9248161
        ]
      },
      "id": "node/13208468957"
    },
    {
      "type": "Feature",
      "properties": {
        "@id": "node/4908335722",
        "name": "Yakan Weaving and Display Center",
        "shop": "gift"
      },
      "geometry": {
        "type": "Point",
        "coordinates": [
          122.022197,
          6.9249101
        ]
      },
      "id": "node/4908335722"
    },
    {
      "type": "Feature",
      "properties": {
        "@id": "node/4437476889",
        "name": "Mods place",
        "name:en": "Mods place",
        "tourism": "guest_house"
      },
      "geometry": {
        "type": "Point",
        "coordinates": [
          122.0392966,
          6.9223264
        ]
      },
      "id": "node/4437476889"
    },
    {
      "type": "Feature",
      "properties": {
        "@id": "node/6512453791",
        "name": "Upper Calarian Marketplace",
        "shop": "seafood"
      },
      "geometry": {
        "type": "Point",
        "coordinates": [
          122.0381324,
          6.9210892
        ]
      },
      "id": "node/6512453791"
    },
    {
      "type": "Feature",
      "properties": {
        "@id": "node/12732590781",
        "amenity": "security_booth",
        "building": "guardhouse",
        "building:levels": "1"
      },
      "geometry": {
        "type": "Point",
        "coordinates": [
          122.0528068,
          6.9154713
        ]
      },
      "id": "node/12732590781"
    },
    {
      "type": "Feature",
      "properties": {
        "@id": "node/4770646723",
        "addr:street": "San Jose Street",
        "amenity": "pharmacy",
        "brand": "Mercury Drug",
        "brand:wikidata": "Q6818610",
        "brand:wikipedia": "en:Mercury Drug",
        "check_date": "2024-09-21",
        "healthcare": "pharmacy",
        "name": "Mercury Drug",
        "name:en": "Mercury Drug"
      },
      "geometry": {
        "type": "Point",
        "coordinates": [
          122.0475499,
          6.9202749
        ]
      },
      "id": "node/4770646723"
    },
    {
      "type": "Feature",
      "properties": {
        "@id": "node/4831458821",
        "addr:neighbourhood": "Suterville",
        "addr:postcode": "7000",
        "addr:street": "Azucena Street",
        "amenity": "place_of_worship",
        "denomination": "pentecostal",
        "name": "United Pentecostal Church",
        "religion": "christian"
      },
      "geometry": {
        "type": "Point",
        "coordinates": [
          122.0445795,
          6.9199611
        ]
      },
      "id": "node/4831458821"
    },
    {
      "type": "Feature",
      "properties": {
        "@id": "node/5146471228",
        "amenity": "pharmacy",
        "name": "Cecille pharmacy"
      },
      "geometry": {
        "type": "Point",
        "coordinates": [
          122.0476567,
          6.92063
        ]
      },
      "id": "node/5146471228"
    },
    {
      "type": "Feature",
      "properties": {
        "@id": "node/6512471586",
        "addr:street": "San Jose Street",
        "amenity": "post_office",
        "brand": "LBC",
        "brand:wikidata": "Q17075584",
        "brand:wikipedia": "en:LBC Express",
        "money_transfer": "instant_cash_padala;palawan_express",
        "name": "LBC"
      },
      "geometry": {
        "type": "Point",
        "coordinates": [
          122.0462781,
          6.920807
        ]
      },
      "id": "node/6512471586"
    },
    {
      "type": "Feature",
      "properties": {
        "@id": "node/6512473585",
        "name": "Built Rite",
        "shop": "hardware"
      },
      "geometry": {
        "type": "Point",
        "coordinates": [
          122.0463622,
          6.9208138
        ]
      },
      "id": "node/6512473585"
    },
    {
      "type": "Feature",
      "properties": {
        "@id": "node/7062688686",
        "addr:street": "San Jose Street",
        "name": "Budgetwise",
        "shop": "supermarket"
      },
      "geometry": {
        "type": "Point",
        "coordinates": [
          122.0457514,
          6.9204977
        ]
      },
      "id": "node/7062688686"
    },
    {
      "type": "Feature",
      "properties": {
        "@id": "node/7062688687",
        "addr:street": "Azucena Street",
        "name": "AA",
        "shop": "convenience"
      },
      "geometry": {
        "type": "Point",
        "coordinates": [
          122.0446428,
          6.9196912
        ]
      },
      "id": "node/7062688687"
    },
    {
      "type": "Feature",
      "properties": {
        "@id": "node/7062692485",
        "addr:street": "Azucena Street",
        "name": "Bong-bong Store",
        "shop": "convenience"
      },
      "geometry": {
        "type": "Point",
        "coordinates": [
          122.0447786,
          6.9202203
        ]
      },
      "id": "node/7062692485"
    },
    {
      "type": "Feature",
      "properties": {
        "@id": "node/7132406785",
        "amenity": "community_centre",
        "name": "WestMinCom Gym"
      },
      "geometry": {
        "type": "Point",
        "coordinates": [
          122.0422253,
          6.9200803
        ]
      },
      "id": "node/7132406785"
    },
    {
      "type": "Feature",
      "properties": {
        "@id": "node/9322398072",
        "addr:city": "Zamboanga",
        "addr:housenumber": "183",
        "addr:postcode": "7000",
        "addr:street": "San Jose Street",
        "contact:facebook": "MasajeZamboanga",
        "name": "Masaje Body and Foot Massage",
        "opening_hours": "Mo-Su 14:00-23:00",
        "payment:cash": "yes",
        "phone": "+639164129045",
        "shop": "massage"
      },
      "geometry": {
        "type": "Point",
        "coordinates": [
          122.0467882,
          6.9204624
        ]
      },
      "id": "node/9322398072"
    },
    {
      "type": "Feature",
      "properties": {
        "@id": "node/5146471226",
        "addr:housenumber": "183",
        "addr:street": "San Jose Street",
        "amenity": "fast_food",
        "brand": "Jollibee",
        "brand:wikidata": "Q37614",
        "check_date": "2024-09-21",
        "cuisine": "burger",
        "name": "Jollibee",
        "takeaway": "yes"
      },
      "geometry": {
        "type": "Point",
        "coordinates": [
          122.0479211,
          6.9206183
        ]
      },
      "id": "node/5146471226"
    },
    {
      "type": "Feature",
      "properties": {
        "@id": "node/5146509325",
        "amenity": "pharmacy",
        "name": "Joan pharmacy"
      },
      "geometry": {
        "type": "Point",
        "coordinates": [
          122.0482414,
          6.9202312
        ]
      },
      "id": "node/5146509325"
    },
    {
      "type": "Feature",
      "properties": {
        "@id": "node/5146509326",
        "amenity": "fast_food",
        "cuisine": "burger",
        "name": "McDonald"
      },
      "geometry": {
        "type": "Point",
        "coordinates": [
          122.0478917,
          6.9203373
        ]
      },
      "id": "node/5146509326"
    },
    {
      "type": "Feature",
      "properties": {
        "@id": "node/5146509327",
        "name": "Yubenco",
        "shop": "convenience"
      },
      "geometry": {
        "type": "Point",
        "coordinates": [
          122.0479092,
          6.9209438
        ]
      },
      "id": "node/5146509327"
    },
    {
      "type": "Feature",
      "properties": {
        "@id": "node/9521334150",
        "addr:city": "Zamboanga City",
        "addr:postcode": "7000",
        "addr:street": "J. S. Johnston Road",
        "name": "Digitech Computer Repair",
        "repair": "yes",
        "shop": "computer"
      },
      "geometry": {
        "type": "Point",
        "coordinates": [
          122.0499673,
          6.9177002
        ]
      },
      "id": "node/9521334150"
    },
    {
      "type": "Feature",
      "properties": {
        "@id": "node/12189566029",
        "amenity": "fuel",
        "brand": "Phoenix Pulse",
        "check_date": "2024-09-21",
        "name": "Phoenix Pulse"
      },
      "geometry": {
        "type": "Point",
        "coordinates": [
          122.0495348,
          6.9204402
        ]
      },
      "id": "node/12189566029"
    },
    {
      "type": "Feature",
      "properties": {
        "@id": "node/12626643602",
        "name": "5",
        "tourism": "viewpoint"
      },
      "geometry": {
        "type": "Point",
        "coordinates": [
          122.0413731,
          6.9298691
        ]
      },
      "id": "node/12626643602"
    },
    {
      "type": "Feature",
      "properties": {
        "@id": "node/12626643603",
        "name": "8",
        "tourism": "viewpoint"
      },
      "geometry": {
        "type": "Point",
        "coordinates": [
          122.0412961,
          6.9298491
        ]
      },
      "id": "node/12626643603"
    },
    {
      "type": "Feature",
      "properties": {
        "@id": "node/12626643604",
        "name": "8",
        "tourism": "viewpoint"
      },
      "geometry": {
        "type": "Point",
        "coordinates": [
          122.0412816,
          6.9298578
        ]
      },
      "id": "node/12626643604"
    },
    {
      "type": "Feature",
      "properties": {
        "@id": "node/12626643605",
        "name": "10",
        "tourism": "viewpoint"
      },
      "geometry": {
        "type": "Point",
        "coordinates": [
          122.041224,
          6.9298665
        ]
      },
      "id": "node/12626643605"
    },
    {
      "type": "Feature",
      "properties": {
        "@id": "node/12626649601",
        "name": "1",
        "tourism": "viewpoint"
      },
      "geometry": {
        "type": "Point",
        "coordinates": [
          122.0414313,
          6.9298941
        ]
      },
      "id": "node/12626649601"
    },
    {
      "type": "Feature",
      "properties": {
        "@id": "node/12626649701",
        "name": "2",
        "tourism": "viewpoint"
      },
      "geometry": {
        "type": "Point",
        "coordinates": [
          122.0413957,
          6.9298627
        ]
      },
      "id": "node/12626649701"
    },
    {
      "type": "Feature",
      "properties": {
        "@id": "node/12626649801",
        "name": "3",
        "tourism": "viewpoint"
      },
      "geometry": {
        "type": "Point",
        "coordinates": [
          122.0414435,
          6.9298548
        ]
      },
      "id": "node/12626649801"
    },
    {
      "type": "Feature",
      "properties": {
        "@id": "node/12626649802",
        "name": "4",
        "tourism": "viewpoint"
      },
      "geometry": {
        "type": "Point",
        "coordinates": [
          122.0414562,
          6.9298874
        ]
      },
      "id": "node/12626649802"
    },
    {
      "type": "Feature",
      "properties": {
        "@id": "node/12626649803",
        "name": "6",
        "tourism": "viewpoint"
      },
      "geometry": {
        "type": "Point",
        "coordinates": [
          122.0413434,
          6.9298625
        ]
      },
      "id": "node/12626649803"
    },
    {
      "type": "Feature",
      "properties": {
        "@id": "node/12626649804",
        "name": "9",
        "tourism": "viewpoint"
      },
      "geometry": {
        "type": "Point",
        "coordinates": [
          122.0412505,
          6.9298642
        ]
      },
      "id": "node/12626649804"
    },
    {
      "type": "Feature",
      "properties": {
        "@id": "node/12626649901",
        "name": "4",
        "tourism": "viewpoint"
      },
      "geometry": {
        "type": "Point",
        "coordinates": [
          122.0414096,
          6.9298962
        ]
      },
      "id": "node/12626649901"
    },
    {
      "type": "Feature",
      "properties": {
        "@id": "node/12626649902",
        "name": "7",
        "tourism": "viewpoint"
      },
      "geometry": {
        "type": "Point",
        "coordinates": [
          122.041319,
          6.9298518
        ]
      },
      "id": "node/12626649902"
    },
    {
      "type": "Feature",
      "properties": {
        "@id": "node/12626650001",
        "name": "1",
        "tourism": "viewpoint"
      },
      "geometry": {
        "type": "Point",
        "coordinates": [
          122.0414226,
          6.9298873
        ]
      },
      "id": "node/12626650001"
    },
    {
      "type": "Feature",
      "properties": {
        "@id": "node/12626650101",
        "name": "1",
        "tourism": "viewpoint"
      },
      "geometry": {
        "type": "Point",
        "coordinates": [
          122.0414001,
          6.9298838
        ]
      },
      "id": "node/12626650101"
    },
    {
      "type": "Feature",
      "properties": {
        "@id": "node/12626650102",
        "name": "2",
        "tourism": "viewpoint"
      },
      "geometry": {
        "type": "Point",
        "coordinates": [
          122.0414071,
          6.9298742
        ]
      },
      "id": "node/12626650102"
    },
    {
      "type": "Feature",
      "properties": {
        "@id": "node/5146528921",
        "name": "B Mart",
        "shop": "greengrocer"
      },
      "geometry": {
        "type": "Point",
        "coordinates": [
          122.0418611,
          6.935802
        ]
      },
      "id": "node/5146528921"
    },
    {
      "type": "Feature",
      "properties": {
        "@id": "node/5184936324",
        "name": "B Mark",
        "shop": "convenience"
      },
      "geometry": {
        "type": "Point",
        "coordinates": [
          122.0418449,
          6.9358336
        ]
      },
      "id": "node/5184936324"
    },
    {
      "type": "Feature",
      "properties": {
        "@id": "node/5184943621",
        "name": "Yuscom Warehouse",
        "shop": "hardware"
      },
      "geometry": {
        "type": "Point",
        "coordinates": [
          122.041558,
          6.9359766
        ]
      },
      "id": "node/5184943621"
    },
    {
      "type": "Feature",
      "properties": {
        "@id": "node/5184944921",
        "amenity": "place_of_worship",
        "name": "7 Adventist church"
      },
      "geometry": {
        "type": "Point",
        "coordinates": [
          122.0416925,
          6.9332623
        ]
      },
      "id": "node/5184944921"
    },
    {
      "type": "Feature",
      "properties": {
        "@id": "node/7144156386",
        "amenity": "fast_food",
        "name": "Gabmar canteen"
      },
      "geometry": {
        "type": "Point",
        "coordinates": [
          121.9349557,
          6.9756426
        ]
      },
      "id": "node/7144156386"
    },
    {
      "type": "Feature",
      "properties": {
        "@id": "node/10591118905",
        "addr:street": "Zamboanga City-Labuan-Limpapa Road",
        "amenity": "pharmacy"
      },
      "geometry": {
        "type": "Point",
        "coordinates": [
          121.9475362,
          6.9672022
        ]
      },
      "id": "node/10591118905"
    },
    {
      "type": "Feature",
      "properties": {
        "@id": "node/12195841675",
        "amenity": "place_of_worship",
        "check_date": "2024-09-24",
        "denomination": "jehovahs_witness",
        "religion": "christian"
      },
      "geometry": {
        "type": "Point",
        "coordinates": [
          121.948691,
          6.9636841
        ]
      },
      "id": "node/12195841675"
    },
    {
      "type": "Feature",
      "properties": {
        "@id": "node/12196304427",
        "amenity": "fast_food",
        "brand": "Jollibee",
        "brand:wikidata": "Q37614",
        "check_date": "2024-09-24",
        "cuisine": "burger",
        "name": "Jollibee",
        "opening_hours": "24/7",
        "takeaway": "yes"
      },
      "geometry": {
        "type": "Point",
        "coordinates": [
          121.9480686,
          6.9642914
        ]
      },
      "id": "node/12196304427"
    },
    {
      "type": "Feature",
      "properties": {
        "@id": "node/12888576401",
        "amenity": "restaurant",
        "name": "Patrick"
      },
      "geometry": {
        "type": "Point",
        "coordinates": [
          121.9420927,
          6.9743832
        ]
      },
      "id": "node/12888576401"
    },
    {
      "type": "Feature",
      "properties": {
        "@id": "node/12900823701",
        "amenity": "fuel",
        "name": "Minsu Oil Incorprated Fuel Depot"
      },
      "geometry": {
        "type": "Point",
        "coordinates": [
          121.937073,
          6.9701277
        ]
      },
      "id": "node/12900823701"
    },
    {
      "type": "Feature",
      "properties": {
        "@id": "node/12195885779",
        "amenity": "fuel",
        "brand": "SEAOIL",
        "brand:wikidata": "Q7389549",
        "check_date": "2024-09-24",
        "name": "Seaoil"
      },
      "geometry": {
        "type": "Point",
        "coordinates": [
          121.9461407,
          6.9699318
        ]
      },
      "id": "node/12195885779"
    },
    {
      "type": "Feature",
      "properties": {
        "@id": "node/12195917552",
        "amenity": "fuel",
        "check_date": "2024-09-24",
        "name": "Petro Gazz",
        "short_name": "Gazz"
      },
      "geometry": {
        "type": "Point",
        "coordinates": [
          121.9444015,
          6.9722283
        ]
      },
      "id": "node/12195917552"
    },
    {
      "type": "Feature",
      "properties": {
        "@id": "node/7083408383",
        "leisure": "swimming_pool"
      },
      "geometry": {
        "type": "Point",
        "coordinates": [
          121.9288619,
          6.9822803
        ]
      },
      "id": "node/7083408383"
    },
    {
      "type": "Feature",
      "properties": {
        "@id": "node/6065421685",
        "name": "Macrohon's Apartment",
        "tourism": "apartment"
      },
      "geometry": {
        "type": "Point",
        "coordinates": [
          121.9289142,
          6.9885129
        ]
      },
      "id": "node/6065421685"
    },
    {
      "type": "Feature",
      "properties": {
        "@id": "node/12196267633",
        "amenity": "place_of_worship",
        "check_date": "2024-09-24",
        "name": "Talisayan Parish Church",
        "religion": "christian"
      },
      "geometry": {
        "type": "Point",
        "coordinates": [
          121.9307126,
          6.98486
        ]
      },
      "id": "node/12196267633"
    },
    {
      "type": "Feature",
      "properties": {
        "@id": "node/7083392464",
        "leisure": "swimming_pool"
      },
      "geometry": {
        "type": "Point",
        "coordinates": [
          121.9275717,
          7.0039936
        ]
      },
      "id": "node/7083392464"
    },
    {
      "type": "Feature",
      "properties": {
        "@id": "node/8260889121",
        "name": "RSTU9-Zambo Ecozone",
        "tourism": "camp_site"
      },
      "geometry": {
        "type": "Point",
        "coordinates": [
          121.9391757,
          7.0115416
        ]
      },
      "id": "node/8260889121"
    },
    {
      "type": "Feature",
      "properties": {
        "@id": "node/12195893388",
        "brand": "Red Ribbon",
        "brand:wikidata": "Q7304789",
        "check_date": "2024-09-24",
        "name": "Red Ribbon",
        "shop": "pastry"
      },
      "geometry": {
        "type": "Point",
        "coordinates": [
          121.9535783,
          6.9561961
        ]
      },
      "id": "node/12195893388"
    },
    {
      "type": "Feature",
      "properties": {
        "@id": "node/12195893389",
        "check_date": "2024-09-24",
        "name": "Mang Tinapay",
        "shop": "bakery"
      },
      "geometry": {
        "type": "Point",
        "coordinates": [
          121.9537639,
          6.9561318
        ]
      },
      "id": "node/12195893389"
    },
    {
      "type": "Feature",
      "properties": {
        "@id": "node/12195888547",
        "check_date": "2024-09-24",
        "name": "Budgetwise",
        "shop": "supermarket"
      },
      "geometry": {
        "type": "Point",
        "coordinates": [
          121.9502855,
          6.9591087
        ]
      },
      "id": "node/12195888547"
    },
    {
      "type": "Feature",
      "properties": {
        "@id": "node/4561070189",
        "amenity": "fuel",
        "name": "Mega Gasoline Station",
        "name:en": "Mega Gasoline Station"
      },
      "geometry": {
        "type": "Point",
        "coordinates": [
          121.9717085,
          6.9552534
        ]
      },
      "id": "node/4561070189"
    },
    {
      "type": "Feature",
      "properties": {
        "@id": "node/9405221918",
        "addr:city": "Zamboanga City",
        "addr:housename": "Cawit Elementary School",
        "historic": "memorial",
        "material": "iron",
        "memorial": "plaque",
        "name": "Cawit",
        "start_date": "2021-12-27",
        "wikidata": "Q110491889"
      },
      "geometry": {
        "type": "Point",
        "coordinates": [
          121.973696,
          6.9567624
        ]
      },
      "id": "node/9405221918"
    },
    {
      "type": "Feature",
      "properties": {
        "@id": "node/12196365448",
        "amenity": "fuel",
        "brand": "Caltex",
        "brand:wikidata": "Q277470",
        "check_date": "2024-09-24",
        "name": "Caltex"
      },
      "geometry": {
        "type": "Point",
        "coordinates": [
          121.9834285,
          6.9474479
        ]
      },
      "id": "node/12196365448"
    },
    {
      "type": "Feature",
      "properties": {
        "@id": "node/12195890226",
        "amenity": "fuel",
        "brand": "SEAOIL",
        "brand:wikidata": "Q7389549",
        "check_date": "2024-09-24",
        "name": "Seaoil"
      },
      "geometry": {
        "type": "Point",
        "coordinates": [
          121.9775838,
          6.952442
        ]
      },
      "id": "node/12195890226"
    },
    {
      "type": "Feature",
      "properties": {
        "@id": "node/4552514189",
        "amenity": "restaurant",
        "name": "Skyview Restaurant and Resort",
        "name:en": "Skyview Restaurant and Resort"
      },
      "geometry": {
        "type": "Point",
        "coordinates": [
          122.033772,
          6.9391214
        ]
      },
      "id": "node/4552514189"
    },
    {
      "type": "Feature",
      "properties": {
        "@id": "node/4770622323",
        "addr:street": "San Roque Road",
        "amenity": "place_of_worship",
        "name": "San Roque Parish Church"
      },
      "geometry": {
        "type": "Point",
        "coordinates": [
          122.0440062,
          6.93915
        ]
      },
      "id": "node/4770622323"
    },
    {
      "type": "Feature",
      "properties": {
        "@id": "node/5152959822",
        "tourism": "picnic_site"
      },
      "geometry": {
        "type": "Point",
        "coordinates": [
          121.9083785,
          7.0553222
        ]
      },
      "id": "node/5152959822"
    },
    {
      "type": "Feature",
      "properties": {
        "@id": "node/9197834034",
        "addr:street": "Zamboanga City - Labuan - Limpapa Road",
        "amenity": "fast_food",
        "cuisine": "regional",
        "description": "Serves Pata and Chicken BBQ with Unli Rice with option of Mango Shake",
        "name": "Mariz Pata House and BBQ Zone",
        "opening_hours": "Mo-Sa 09:00-16:00"
      },
      "geometry": {
        "type": "Point",
        "coordinates": [
          121.9023553,
          7.0822474
        ]
      },
      "id": "node/9197834034"
    },
    {
      "type": "Feature",
      "properties": {
        "@id": "node/11524392969",
        "shop": "beverages"
      },
      "geometry": {
        "type": "Point",
        "coordinates": [
          121.9051785,
          7.1319867
        ]
      },
      "id": "node/11524392969"
    },
    {
      "type": "Feature",
      "properties": {
        "@id": "node/13227091348",
        "check_date": "2025-10-12",
        "historic": "memorial",
        "inscription": "HISTORICAL JOURNEY\nIn SOLIDARITY with\nSama Bangingi Ancestral Domain ICCs/Indigenous Peoples Community at Sta. Cruz Island\nZamboanga City\nDuring the\nMindanao Week of Peace 2023 Theme: \"A Call of the Mindanao Week of Peace 2023: SOLIDARITY for a World with",
        "inscription_1": "out Violence\" By the Interreligious Solidarity for Peace, Peace Advocates Zamboanga Zamboanga-Basilan Integrated Development Alliance Inc. and ASMAE Philippines Held on December 05, 2023 at Sta. Cruz Island, Zamboanga City, Philippines.",
        "memorial": "plaque"
      },
      "geometry": {
        "type": "Point",
        "coordinates": [
          122.0676152,
          6.8676274
        ]
      },
      "id": "node/13227091348"
    },
    {
      "type": "Feature",
      "properties": {
        "@id": "node/13227091346",
        "check_date": "2025-10-12",
        "shop": "gift"
      },
      "geometry": {
        "type": "Point",
        "coordinates": [
          122.0590978,
          6.871944
        ]
      },
      "id": "node/13227091346"
    },
    {
      "type": "Feature",
      "properties": {
        "@id": "node/13232308057",
        "artwork_type": "sculpture",
        "name": "Scouts in Motion",
        "tourism": "artwork"
      },
      "geometry": {
        "type": "Point",
        "coordinates": [
          122.0672316,
          6.9078612
        ]
      },
      "id": "node/13232308057"
    },
    {
      "type": "Feature",
      "properties": {
        "@id": "node/4730172817",
        "amenity": "atm",
        "currency:PHP": "yes",
        "name": "Development Bank of the Philippines"
      },
      "geometry": {
        "type": "Point",
        "coordinates": [
          122.0760878,
          6.9039151
        ]
      },
      "id": "node/4730172817"
    },
    {
      "type": "Feature",
      "properties": {
        "@id": "node/4730173418",
        "addr:city": "Zamboanga City",
        "addr:street": "N. S. Valderosa Street",
        "amenity": "atm",
        "name": "Land Bank of the Philippines"
      },
      "geometry": {
        "type": "Point",
        "coordinates": [
          122.0765187,
          6.9039178
        ]
      },
      "id": "node/4730173418"
    },
    {
      "type": "Feature",
      "properties": {
        "@id": "node/5184936321",
        "amenity": "fast_food",
        "name": "Palmeras isaw area",
        "takeaway": "only"
      },
      "geometry": {
        "type": "Point",
        "coordinates": [
          122.0804096,
          6.9000256
        ]
      },
      "id": "node/5184936321"
    },
    {
      "type": "Feature",
      "properties": {
        "@id": "node/5583783048",
        "amenity": "payment_terminal",
        "operator": "Alleson"
      },
      "geometry": {
        "type": "Point",
        "coordinates": [
          122.0762996,
          6.9030429
        ]
      },
      "id": "node/5583783048"
    },
    {
      "type": "Feature",
      "properties": {
        "@id": "node/9322405287",
        "amenity": "ferry_terminal",
        "ferry": "yes",
        "mooring": "ferry",
        "public_transport": "stop_position"
      },
      "geometry": {
        "type": "Point",
        "coordinates": [
          122.0777313,
          6.9016842
        ]
      },
      "id": "node/9322405287"
    },
    {
      "type": "Feature",
      "properties": {
        "@id": "node/9322405288",
        "amenity": "ferry_terminal",
        "ferry": "yes",
        "mooring": "ferry",
        "public_transport": "stop_position"
      },
      "geometry": {
        "type": "Point",
        "coordinates": [
          122.0776214,
          6.9014904
        ]
      },
      "id": "node/9322405288"
    },
    {
      "type": "Feature",
      "properties": {
        "@id": "node/13227091358",
        "name": "BPI Museum Zamboanga",
        "tourism": "museum"
      },
      "geometry": {
        "type": "Point",
        "coordinates": [
          122.0770757,
          6.9036358
        ]
      },
      "id": "node/13227091358"
    },
    {
      "type": "Feature",
      "properties": {
        "@id": "node/13227091364",
        "amenity": "cafe",
        "check_date": "2025-10-12",
        "name": "Dwntwn Café"
      },
      "geometry": {
        "type": "Point",
        "coordinates": [
          122.0785779,
          6.9027396
        ]
      },
      "id": "node/13227091364"
    },
    {
      "type": "Feature",
      "properties": {
        "@id": "node/13227798932",
        "amenity": "cafe",
        "check_date": "2025-10-12",
        "name": "IyaCoffee"
      },
      "geometry": {
        "type": "Point",
        "coordinates": [
          122.0791144,
          6.9023448
        ]
      },
      "id": "node/13227798932"
    },
    {
      "type": "Feature",
      "properties": {
        "@id": "node/13227798935",
        "amenity": "clinic",
        "fixme": "Tagging, is this a clinic? I'm not sure about the POI type",
        "healthcare": "clinic",
        "name": "J.A.R Medical Networkers & Mobile Diagnostic Services"
      },
      "geometry": {
        "type": "Point",
        "coordinates": [
          122.0781852,
          6.9029781
        ]
      },
      "id": "node/13227798935"
    },
    {
      "type": "Feature",
      "properties": {
        "@id": "node/13227798938",
        "check_date": "2025-10-12",
        "name": "Tyra Reese Lovely Jewelry Shop",
        "shop": "jewelry"
      },
      "geometry": {
        "type": "Point",
        "coordinates": [
          122.0784838,
          6.9027969
        ]
      },
      "id": "node/13227798938"
    },
    {
      "type": "Feature",
      "properties": {
        "@id": "node/4427090436",
        "addr:city": "Zamboanga",
        "addr:postcode": "7000",
        "addr:street": "Buenavista Street",
        "building:levels": "3",
        "name": "Boulevard Hotel",
        "tourism": "hotel"
      },
      "geometry": {
        "type": "Point",
        "coordinates": [
          122.07139,
          6.9089704
        ]
      },
      "id": "node/4427090436"
    },
    {
      "type": "Feature",
      "properties": {
        "@id": "node/6543866785",
        "addr:housenumber": "47 San Jose Rd",
        "addr:postcode": "7000",
        "addr:street": "Ledesma Road",
        "name": "Super Motor Center",
        "name:en": "Super Motor Center",
        "shop": "motorcycle"
      },
      "geometry": {
        "type": "Point",
        "coordinates": [
          122.0735299,
          6.9074233
        ]
      },
      "id": "node/6543866785"
    },
    {
      "type": "Feature",
      "properties": {
        "@id": "node/13207878401",
        "name": "Zamboanga Specialized Bolt Center",
        "shop": "hardware"
      },
      "geometry": {
        "type": "Point",
        "coordinates": [
          122.0709722,
          6.9048707
        ]
      },
      "id": "node/13207878401"
    },
    {
      "type": "Feature",
      "properties": {
        "@id": "node/13207878502",
        "name": "168 Uni Shop",
        "shop": "appliance"
      },
      "geometry": {
        "type": "Point",
        "coordinates": [
          122.0722521,
          6.9060084
        ]
      },
      "id": "node/13207878502"
    },
    {
      "type": "Feature",
      "properties": {
        "@id": "node/4414874903",
        "name": "SG Bike Stop",
        "name:en": "SG Bike Stop",
        "shop": "bicycle"
      },
      "geometry": {
        "type": "Point",
        "coordinates": [
          122.0794139,
          6.9100402
        ]
      },
      "id": "node/4414874903"
    },
    {
      "type": "Feature",
      "properties": {
        "@id": "node/4439917389",
        "amenity": "post_office",
        "name": "Paramount",
        "name:en": "Paramount"
      },
      "geometry": {
        "type": "Point",
        "coordinates": [
          122.0761417,
          6.9066316
        ]
      },
      "id": "node/4439917389"
    },
    {
      "type": "Feature",
      "properties": {
        "@id": "node/4441386889",
        "addr:street": "J. S. Alano Street",
        "name": "Oro supermarket",
        "name:en": "Oro supermarket",
        "shop": "supermarket"
      },
      "geometry": {
        "type": "Point",
        "coordinates": [
          122.0741365,
          6.9050595
        ]
      },
      "id": "node/4441386889"
    },
    {
      "type": "Feature",
      "properties": {
        "@id": "node/4441387189",
        "amenity": "police",
        "name": "Mercedez sakayan ng jeep",
        "name:en": "Mercedez sakayan ng jeep"
      },
      "geometry": {
        "type": "Point",
        "coordinates": [
          122.0771982,
          6.9054127
        ]
      },
      "id": "node/4441387189"
    },
    {
      "type": "Feature",
      "properties": {
        "@id": "node/4476199089",
        "addr:street": "Tomas Claudio Street",
        "amenity": "dentist",
        "healthcare": "dentist",
        "name": "Maria Melanie Lim Chua, D.M.D",
        "opening_hours": "Mo-Sa 20:00-00:00",
        "phone": "+63 62 926 2030"
      },
      "geometry": {
        "type": "Point",
        "coordinates": [
          122.0747228,
          6.9061058
        ]
      },
      "id": "node/4476199089"
    },
    {
      "type": "Feature",
      "properties": {
        "@id": "node/4476286390",
        "name": "Gun store",
        "name:en": "Gun store",
        "shop": "gift"
      },
      "geometry": {
        "type": "Point",
        "coordinates": [
          122.0776423,
          6.9084894
        ]
      },
      "id": "node/4476286390"
    },
    {
      "type": "Feature",
      "properties": {
        "@id": "node/4730168256",
        "addr:city": "Zamboanga",
        "addr:postcode": "7000",
        "addr:street": "Don Pablo Lorenzo Street",
        "amenity": "fast_food",
        "brand": "Chowking",
        "brand:wikidata": "Q1076816",
        "brand:wikipedia": "en:Chowking",
        "cuisine": "asian",
        "delivery": "yes",
        "name": "Chowking",
        "smoking": "no",
        "takeaway": "yes"
      },
      "geometry": {
        "type": "Point",
        "coordinates": [
          122.0762718,
          6.9048605
        ]
      },
      "id": "node/4730168256"
    },
    {
      "type": "Feature",
      "properties": {
        "@id": "node/4730170235",
        "addr:street": "Zaragoza Street",
        "amenity": "fast_food",
        "name": "Sunflower Food Center"
      },
      "geometry": {
        "type": "Point",
        "coordinates": [
          122.0760055,
          6.905029
        ]
      },
      "id": "node/4730170235"
    },
    {
      "type": "Feature",
      "properties": {
        "@id": "node/4908860221",
        "addr:street": "La Purisima Street",
        "amenity": "pharmacy",
        "brand": "Mercury Drug",
        "brand:wikidata": "Q6818610",
        "brand:wikipedia": "en:Mercury Drug",
        "healthcare": "pharmacy",
        "name": "Mercury Drug",
        "name:en": "Mercury Drug"
      },
      "geometry": {
        "type": "Point",
        "coordinates": [
          122.0754779,
          6.9086054
        ]
      },
      "id": "node/4908860221"
    },
    {
      "type": "Feature",
      "properties": {
        "@id": "node/4910707524",
        "addr:street": "Governor Lim Avenue",
        "name": "Master Bakers",
        "name:en": "Master Bakers",
        "shop": "bakery"
      },
      "geometry": {
        "type": "Point",
        "coordinates": [
          122.0747039,
          6.9056113
        ]
      },
      "id": "node/4910707524"
    },
    {
      "type": "Feature",
      "properties": {
        "@id": "node/4910731921",
        "amenity": "fast_food",
        "cuisine": "chinese",
        "name": "Mongkok City",
        "name:en": "Mongkok City"
      },
      "geometry": {
        "type": "Point",
        "coordinates": [
          122.0762814,
          6.9066701
        ]
      },
      "id": "node/4910731921"
    },
    {
      "type": "Feature",
      "properties": {
        "@id": "node/4911913321",
        "name": "Mang Tinapay",
        "name:en": "Mang Tinapay",
        "shop": "bakery"
      },
      "geometry": {
        "type": "Point",
        "coordinates": [
          122.077042,
          6.9058398
        ]
      },
      "id": "node/4911913321"
    },
    {
      "type": "Feature",
      "properties": {
        "@id": "node/4916156422",
        "amenity": "restaurant",
        "cuisine": "grill",
        "name": "Bojol Grill",
        "name:en": "Bojol Grill"
      },
      "geometry": {
        "type": "Point",
        "coordinates": [
          122.0763057,
          6.9066658
        ]
      },
      "id": "node/4916156422"
    },
    {
      "type": "Feature",
      "properties": {
        "@id": "node/4916163222",
        "amenity": "cafe",
        "name": "Villagio Cafe",
        "name:en": "Villagio Cafe"
      },
      "geometry": {
        "type": "Point",
        "coordinates": [
          122.0762909,
          6.9066352
        ]
      },
      "id": "node/4916163222"
    },
    {
      "type": "Feature",
      "properties": {
        "@id": "node/4916163322",
        "amenity": "restaurant",
        "name": "Food Paradise",
        "name:en": "Food Paradise"
      },
      "geometry": {
        "type": "Point",
        "coordinates": [
          122.0760384,
          6.9070365
        ]
      },
      "id": "node/4916163322"
    },
    {
      "type": "Feature",
      "properties": {
        "@id": "node/4916246721",
        "addr:street": "Pilar Street",
        "amenity": "fast_food",
        "cuisine": "regional",
        "food:satti": "yes",
        "name": "Jun's Satti at Eat's a Treat",
        "name:en": "Jun's Satti at Eat's a Treat"
      },
      "geometry": {
        "type": "Point",
        "coordinates": [
          122.0774813,
          6.9061373
        ]
      },
      "id": "node/4916246721"
    },
    {
      "type": "Feature",
      "properties": {
        "@id": "node/4916337022",
        "addr:street": "Zaragoza Street",
        "brand": "Red Ribbon",
        "brand:wikidata": "Q7304789",
        "name": "Red Ribbon",
        "shop": "bakery"
      },
      "geometry": {
        "type": "Point",
        "coordinates": [
          122.0762124,
          6.9049253
        ]
      },
      "id": "node/4916337022"
    },
    {
      "type": "Feature",
      "properties": {
        "@id": "node/4916372121",
        "amenity": "fast_food",
        "name": "Jepoy's",
        "name:en": "Jepoy's"
      },
      "geometry": {
        "type": "Point",
        "coordinates": [
          122.0761925,
          6.9055596
        ]
      },
      "id": "node/4916372121"
    },
    {
      "type": "Feature",
      "properties": {
        "@id": "node/4918690622",
        "name": "D'Master Bakery",
        "name:en": "D'Master Bakery",
        "shop": "bakery"
      },
      "geometry": {
        "type": "Point",
        "coordinates": [
          122.0748208,
          6.9062443
        ]
      },
      "id": "node/4918690622"
    },
    {
      "type": "Feature",
      "properties": {
        "@id": "node/4939659521",
        "name": "Winzelle Suites",
        "name:en": "Winzelle Suites",
        "tourism": "hotel"
      },
      "geometry": {
        "type": "Point",
        "coordinates": [
          122.0775804,
          6.906505
        ]
      },
      "id": "node/4939659521"
    },
    {
      "type": "Feature",
      "properties": {
        "@id": "node/5152959821",
        "addr:street": "Corcuerra Street",
        "name": "Gutz computer centre",
        "name:en": "Gutz computer centre",
        "shop": "computer"
      },
      "geometry": {
        "type": "Point",
        "coordinates": [
          122.0779757,
          6.9051008
        ]
      },
      "id": "node/5152959821"
    },
    {
      "type": "Feature",
      "properties": {
        "@id": "node/5217517623",
        "amenity": "bus_station",
        "bus": "yes",
        "name": "Sta.Maria Terminal",
        "public_transport": "station"
      },
      "geometry": {
        "type": "Point",
        "coordinates": [
          122.0753954,
          6.9070711
        ]
      },
      "id": "node/5217517623"
    },
    {
      "type": "Feature",
      "properties": {
        "@id": "node/5217517624",
        "amenity": "bus_station",
        "bus": "yes",
        "name": "Sta.Maria and Pasonanca Terminal",
        "public_transport": "station"
      },
      "geometry": {
        "type": "Point",
        "coordinates": [
          122.0753602,
          6.9070949
        ]
      },
      "id": "node/5217517624"
    },
    {
      "type": "Feature",
      "properties": {
        "@id": "node/5301707322",
        "addr:postcode": "7000",
        "addr:street": "Campaner Street",
        "amenity": "doctors",
        "healthcare": "doctor",
        "name": "Dr. Lucio Wee Pediatrics",
        "name:en": "Dr. Lucio Wee Pediatrics"
      },
      "geometry": {
        "type": "Point",
        "coordinates": [
          122.0753285,
          6.9074983
        ]
      },
      "id": "node/5301707322"
    },
    {
      "type": "Feature",
      "properties": {
        "@id": "node/5301707425",
        "amenity": "restaurant",
        "name": "Flavorite",
        "name:en": "Flavorite"
      },
      "geometry": {
        "type": "Point",
        "coordinates": [
          122.0773334,
          6.9106514
        ]
      },
      "id": "node/5301707425"
    },
    {
      "type": "Feature",
      "properties": {
        "@id": "node/5576405726",
        "addr:street": "Corcuerra Street",
        "amenity": "internet_cafe",
        "name": "Gutz Computer center"
      },
      "geometry": {
        "type": "Point",
        "coordinates": [
          122.0782325,
          6.9052085
        ]
      },
      "id": "node/5576405726"
    },
    {
      "type": "Feature",
      "properties": {
        "@id": "node/5576406032",
        "name": "Lenin",
        "shop": "hardware"
      },
      "geometry": {
        "type": "Point",
        "coordinates": [
          122.074589,
          6.9062392
        ]
      },
      "id": "node/5576406032"
    },
    {
      "type": "Feature",
      "properties": {
        "@id": "node/5917917085",
        "name": "New Power Radio Supply & Services",
        "shop": "electronics"
      },
      "geometry": {
        "type": "Point",
        "coordinates": [
          122.0786671,
          6.9095222
        ]
      },
      "id": "node/5917917085"
    },
    {
      "type": "Feature",
      "properties": {
        "@id": "node/6281024303",
        "amenity": "motorcycle_parking",
        "operator": "Gateway"
      },
      "geometry": {
        "type": "Point",
        "coordinates": [
          122.0769372,
          6.907011
        ]
      },
      "id": "node/6281024303"
    },
    {
      "type": "Feature",
      "properties": {
        "@id": "node/6284164587",
        "addr:street": "Pilar Street",
        "amenity": "fast_food",
        "cuisine": "regional",
        "food:satti": "yes",
        "name": "Jimmy’s Satti Haus"
      },
      "geometry": {
        "type": "Point",
        "coordinates": [
          122.0790344,
          6.9054798
        ]
      },
      "id": "node/6284164587"
    },
    {
      "type": "Feature",
      "properties": {
        "@id": "node/6543866685",
        "addr:housenumber": "3316",
        "addr:postcode": "7000",
        "addr:street": "Governor Lim Avenue",
        "name": "Top-Taste Bakeshop",
        "opening_hours": "24/7",
        "phone": "9912238",
        "shop": "bakery"
      },
      "geometry": {
        "type": "Point",
        "coordinates": [
          122.074735,
          6.9055775
        ]
      },
      "id": "node/6543866685"
    },
    {
      "type": "Feature",
      "properties": {
        "@id": "node/6961717489",
        "addr:postcode": "7000",
        "addr:street": "Corcuerra Street",
        "name": "Threefold Cord",
        "operator": "M. Luy",
        "tourism": "guest_house"
      },
      "geometry": {
        "type": "Point",
        "coordinates": [
          122.0778399,
          6.904938
        ]
      },
      "id": "node/6961717489"
    },
    {
      "type": "Feature",
      "properties": {
        "@id": "node/7371827285",
        "addr:postcode": "7000",
        "addr:street": "Pilar Street",
        "contact:phone": "+63 917 115 1856",
        "internet_access": "wlan",
        "name": "Krystal Oil Body Massage",
        "opening_hours": "24/7",
        "shop": "massage"
      },
      "geometry": {
        "type": "Point",
        "coordinates": [
          122.0797527,
          6.9052378
        ]
      },
      "id": "node/7371827285"
    },
    {
      "type": "Feature",
      "properties": {
        "@id": "node/8344517356",
        "amenity": "doctors",
        "contact:phone": "+6362 9912934",
        "description": "DOH HIV Treatment Hub",
        "infection:hiv": "yes",
        "operator": "Zamboanga City Medical Center",
        "operator:type": "government"
      },
      "geometry": {
        "type": "Point",
        "coordinates": [
          122.0804166,
          6.9065803
        ]
      },
      "id": "node/8344517356"
    },
    {
      "type": "Feature",
      "properties": {
        "@id": "node/10608742212",
        "name": "Mindpro Supermarket",
        "operator": "Mindpro Retail Inc.",
        "shop": "supermarket"
      },
      "geometry": {
        "type": "Point",
        "coordinates": [
          122.0762569,
          6.9078441
        ]
      },
      "id": "node/10608742212"
    },
    {
      "type": "Feature",
      "properties": {
        "@id": "node/10608742213",
        "amenity": "fast_food",
        "brand": "Chowking",
        "brand:wikidata": "Q1076816",
        "cuisine": "asian",
        "level": "2",
        "name": "Chowking",
        "takeaway": "yes"
      },
      "geometry": {
        "type": "Point",
        "coordinates": [
          122.0758638,
          6.9079445
        ]
      },
      "id": "node/10608742213"
    },
    {
      "type": "Feature",
      "properties": {
        "@id": "node/10608742215",
        "alt_name": "Banco de Oro",
        "amenity": "bank",
        "brand": "BDO",
        "brand:wikidata": "Q4854129",
        "name": "BDO"
      },
      "geometry": {
        "type": "Point",
        "coordinates": [
          122.0764285,
          6.9081974
        ]
      },
      "id": "node/10608742215"
    },
    {
      "type": "Feature",
      "properties": {
        "@id": "node/10608742216",
        "brand": "Uniqlo",
        "brand:wikidata": "Q26070",
        "name": "Uniqlo",
        "shop": "clothes"
      },
      "geometry": {
        "type": "Point",
        "coordinates": [
          122.0757988,
          6.9081026
        ]
      },
      "id": "node/10608742216"
    },
    {
      "type": "Feature",
      "properties": {
        "@id": "node/10608742289",
        "addr:city": "Zamboanga City",
        "addr:postcode": "7000",
        "addr:street": "La Purisima Street",
        "amenity": "bank",
        "atm": "yes",
        "brand": "Metrobank",
        "brand:wikidata": "Q1925799",
        "drive_through": "no",
        "name": "Metrobank"
      },
      "geometry": {
        "type": "Point",
        "coordinates": [
          122.0754197,
          6.9092353
        ]
      },
      "id": "node/10608742289"
    },
    {
      "type": "Feature",
      "properties": {
        "@id": "node/10608742290",
        "addr:city": "Zamboanga City",
        "addr:postcode": "7000",
        "addr:street": "La Purisima Street",
        "amenity": "restaurant",
        "cuisine": "pizza",
        "name": "Lanz Pizza"
      },
      "geometry": {
        "type": "Point",
        "coordinates": [
          122.0754518,
          6.9091485
        ]
      },
      "id": "node/10608742290"
    },
    {
      "type": "Feature",
      "properties": {
        "@id": "node/10887432576",
        "artwork_type": "statue",
        "material": "stone",
        "name": "Ignacio de Loyola Statue",
        "tourism": "artwork"
      },
      "geometry": {
        "type": "Point",
        "coordinates": [
          122.0754992,
          6.9098939
        ]
      },
      "id": "node/10887432576"
    },
    {
      "type": "Feature",
      "properties": {
        "@id": "node/10887449032",
        "historic": "memorial",
        "inscription": "Brebeuf Gym, 1949",
        "material": "concrete",
        "memorial": "stone",
        "name": "Brebeuf Gym Memorial"
      },
      "geometry": {
        "type": "Point",
        "coordinates": [
          122.0758182,
          6.909926
        ]
      },
      "id": "node/10887449032"
    },
    {
      "type": "Feature",
      "properties": {
        "@id": "node/10887449157",
        "artwork_type": "statue",
        "name": "Sacred Heart of Jesus Fountain",
        "tourism": "artwork"
      },
      "geometry": {
        "type": "Point",
        "coordinates": [
          122.0754874,
          6.9103464
        ]
      },
      "id": "node/10887449157"
    },
    {
      "type": "Feature",
      "properties": {
        "@id": "node/10887449167",
        "amenity": "atm",
        "brand": "BPI",
        "brand:wikidata": "Q2501256",
        "official_name": "Bank of the Philippine Islands",
        "operator": "BPI",
        "operator:wikidata": "Q2501256"
      },
      "geometry": {
        "type": "Point",
        "coordinates": [
          122.0753878,
          6.9093786
        ]
      },
      "id": "node/10887449167"
    },
    {
      "type": "Feature",
      "properties": {
        "@id": "node/10887449168",
        "amenity": "atm",
        "brand": "PNB",
        "brand:wikidata": "Q1657971",
        "name": "WDL - Ateneo Zam",
        "official_name": "Philippine National Bank",
        "operator": "PNB",
        "operator:wikidata": "Q1657971"
      },
      "geometry": {
        "type": "Point",
        "coordinates": [
          122.075385,
          6.9093881
        ]
      },
      "id": "node/10887449168"
    },
    {
      "type": "Feature",
      "properties": {
        "@id": "node/10887449189",
        "amenity": "waste_basket"
      },
      "geometry": {
        "type": "Point",
        "coordinates": [
          122.0764938,
          6.9100508
        ]
      },
      "id": "node/10887449189"
    },
    {
      "type": "Feature",
      "properties": {
        "@id": "node/10887449197",
        "amenity": "bench",
        "backrest": "yes",
        "material": "metal"
      },
      "geometry": {
        "type": "Point",
        "coordinates": [
          122.0763232,
          6.9100337
        ]
      },
      "id": "node/10887449197"
    },
    {
      "type": "Feature",
      "properties": {
        "@id": "node/10887449198",
        "amenity": "bench",
        "backrest": "yes",
        "material": "metal"
      },
      "geometry": {
        "type": "Point",
        "coordinates": [
          122.0763049,
          6.9100444
        ]
      },
      "id": "node/10887449198"
    },
    {
      "type": "Feature",
      "properties": {
        "@id": "node/10887449199",
        "amenity": "bench",
        "backrest": "yes",
        "material": "metal"
      },
      "geometry": {
        "type": "Point",
        "coordinates": [
          122.0756186,
          6.9100368
        ]
      },
      "id": "node/10887449199"
    },
    {
      "type": "Feature",
      "properties": {
        "@id": "node/10887449200",
        "amenity": "bench",
        "backrest": "yes",
        "material": "metal"
      },
      "geometry": {
        "type": "Point",
        "coordinates": [
          122.0755865,
          6.9101293
        ]
      },
      "id": "node/10887449200"
    },
    {
      "type": "Feature",
      "properties": {
        "@id": "node/10887449201",
        "amenity": "bench",
        "backrest": "yes",
        "material": "metal"
      },
      "geometry": {
        "type": "Point",
        "coordinates": [
          122.0757029,
          6.9097452
        ]
      },
      "id": "node/10887449201"
    },
    {
      "type": "Feature",
      "properties": {
        "@id": "node/10887449202",
        "amenity": "bench",
        "backrest": "yes",
        "material": "metal"
      },
      "geometry": {
        "type": "Point",
        "coordinates": [
          122.0756616,
          6.9098682
        ]
      },
      "id": "node/10887449202"
    },
    {
      "type": "Feature",
      "properties": {
        "@id": "node/10887449203",
        "amenity": "bench",
        "backrest": "yes",
        "material": "metal"
      },
      "geometry": {
        "type": "Point",
        "coordinates": [
          122.0754552,
          6.9105466
        ]
      },
      "id": "node/10887449203"
    },
    {
      "type": "Feature",
      "properties": {
        "@id": "node/10887449204",
        "amenity": "bench",
        "backrest": "yes",
        "material": "metal"
      },
      "geometry": {
        "type": "Point",
        "coordinates": [
          122.0757412,
          6.9103695
        ]
      },
      "id": "node/10887449204"
    },
    {
      "type": "Feature",
      "properties": {
        "@id": "node/10887449205",
        "amenity": "bench",
        "backrest": "yes",
        "material": "metal"
      },
      "geometry": {
        "type": "Point",
        "coordinates": [
          122.0758214,
          6.9103983
        ]
      },
      "id": "node/10887449205"
    },
    {
      "type": "Feature",
      "properties": {
        "@id": "node/10887449206",
        "amenity": "bench",
        "backrest": "yes",
        "material": "metal"
      },
      "geometry": {
        "type": "Point",
        "coordinates": [
          122.0759026,
          6.9104272
        ]
      },
      "id": "node/10887449206"
    },
    {
      "type": "Feature",
      "properties": {
        "@id": "node/10887449207",
        "amenity": "bench",
        "backrest": "yes",
        "material": "metal"
      },
      "geometry": {
        "type": "Point",
        "coordinates": [
          122.0759778,
          6.9104546
        ]
      },
      "id": "node/10887449207"
    },
    {
      "type": "Feature",
      "properties": {
        "@id": "node/10887449208",
        "amenity": "bench",
        "backrest": "yes",
        "material": "metal"
      },
      "geometry": {
        "type": "Point",
        "coordinates": [
          122.0760948,
          6.9105139
        ]
      },
      "id": "node/10887449208"
    },
    {
      "type": "Feature",
      "properties": {
        "@id": "node/10887449209",
        "amenity": "bench",
        "backrest": "yes",
        "material": "metal"
      },
      "geometry": {
        "type": "Point",
        "coordinates": [
          122.0765502,
          6.9099392
        ]
      },
      "id": "node/10887449209"
    },
    {
      "type": "Feature",
      "properties": {
        "@id": "node/11049232805",
        "name": "Winzelle Suite",
        "tourism": "hotel"
      },
      "geometry": {
        "type": "Point",
        "coordinates": [
          122.0766668,
          6.9062128
        ]
      },
      "id": "node/11049232805"
    },
    {
      "type": "Feature",
      "properties": {
        "@id": "node/12735744810",
        "addr:city": "Zamboanga",
        "addr:postcode": "7000",
        "addr:street": "Veterans Avenue",
        "amenity": "pharmacy",
        "healthcare": "pharmacy",
        "name": "ORO Wonder Drug",
        "opening_hours": "07:00 - 23:00"
      },
      "geometry": {
        "type": "Point",
        "coordinates": [
          122.0802887,
          6.9077608
        ]
      },
      "id": "node/12735744810"
    },
    {
      "type": "Feature",
      "properties": {
        "@id": "node/13205216229",
        "check_date": "2025-10-09",
        "name": "Novo",
        "shop": "supermarket"
      },
      "geometry": {
        "type": "Point",
        "coordinates": [
          122.074393,
          6.9076812
        ]
      },
      "id": "node/13205216229"
    },
    {
      "type": "Feature",
      "properties": {
        "@id": "node/13205216230",
        "amenity": "pharmacy",
        "check_date": "2025-10-09",
        "healthcare": "pharmacy",
        "name": "Bionice Pharma"
      },
      "geometry": {
        "type": "Point",
        "coordinates": [
          122.0742485,
          6.9085878
        ]
      },
      "id": "node/13205216230"
    },
    {
      "type": "Feature",
      "properties": {
        "@id": "node/13205216231",
        "amenity": "fast_food",
        "check_date": "2025-10-09",
        "name": "Haro-Haro!"
      },
      "geometry": {
        "type": "Point",
        "coordinates": [
          122.07423,
          6.9086324
        ]
      },
      "id": "node/13205216231"
    },
    {
      "type": "Feature",
      "properties": {
        "@id": "node/13205216232",
        "amenity": "fast_food",
        "check_date": "2025-10-09",
        "diet:halal": "yes",
        "name": "Rosalita's Carenderia"
      },
      "geometry": {
        "type": "Point",
        "coordinates": [
          122.0742022,
          6.9087017
        ]
      },
      "id": "node/13205216232"
    },
    {
      "type": "Feature",
      "properties": {
        "@id": "node/13206000703",
        "amenity": "taxi"
      },
      "geometry": {
        "type": "Point",
        "coordinates": [
          122.076958,
          6.9062757
        ]
      },
      "id": "node/13206000703"
    },
    {
      "type": "Feature",
      "properties": {
        "@id": "node/13206635766",
        "check_date": "2025-10-10",
        "name": "Julie's",
        "shop": "bakery"
      },
      "geometry": {
        "type": "Point",
        "coordinates": [
          122.076869,
          6.9055072
        ]
      },
      "id": "node/13206635766"
    },
    {
      "type": "Feature",
      "properties": {
        "@id": "node/13207878501",
        "addr:street": "P. Reyes Street",
        "amenity": "fast_food",
        "brand:website": "https://24chicken.com",
        "brand:wikidata": "Q136481351",
        "cuisine": "fried_chicken",
        "name": "24 Chicken",
        "opening_hours": "09:00-21:30",
        "website:orders": "https://24chickendelivery.com"
      },
      "geometry": {
        "type": "Point",
        "coordinates": [
          122.0752617,
          6.9063247
        ]
      },
      "id": "node/13207878501"
    },
    {
      "type": "Feature",
      "properties": {
        "@id": "node/13226942317",
        "amenity": "fountain"
      },
      "geometry": {
        "type": "Point",
        "coordinates": [
          122.0754942,
          6.9103323
        ]
      },
      "id": "node/13226942317"
    },
    {
      "type": "Feature",
      "properties": {
        "@id": "node/13227798937",
        "historic": "memorial",
        "memorial": "plaque",
        "name": "Memorial Fallen Heroes of the Zamboanga siege"
      },
      "geometry": {
        "type": "Point",
        "coordinates": [
          122.076645,
          6.9044597
        ]
      },
      "id": "node/13227798937"
    },
    {
      "type": "Feature",
      "properties": {
        "@id": "node/13245259562",
        "historic": "cannon"
      },
      "geometry": {
        "type": "Point",
        "coordinates": [
          122.0763386,
          6.904581
        ]
      },
      "id": "node/13245259562"
    },
    {
      "type": "Feature",
      "properties": {
        "@id": "node/5146471225",
        "amenity": "fast_food",
        "name": "Pinoy Patio"
      },
      "geometry": {
        "type": "Point",
        "coordinates": [
          122.0804856,
          6.9002192
        ]
      },
      "id": "node/5146471225"
    },
    {
      "type": "Feature",
      "properties": {
        "@id": "node/5184934722",
        "amenity": "fast_food",
        "name": "Palmeras"
      },
      "geometry": {
        "type": "Point",
        "coordinates": [
          122.0804663,
          6.9001656
        ]
      },
      "id": "node/5184934722"
    },
    {
      "type": "Feature",
      "properties": {
        "@id": "node/5217517621",
        "amenity": "restaurant",
        "name": "Mano Mano"
      },
      "geometry": {
        "type": "Point",
        "coordinates": [
          122.080755,
          6.9000932
        ]
      },
      "id": "node/5217517621"
    },
    {
      "type": "Feature",
      "properties": {
        "@id": "node/6981875088",
        "amenity": "school",
        "name": "Zamboanga State College and Marine Sciences and Technology - Campus B"
      },
      "geometry": {
        "type": "Point",
        "coordinates": [
          122.0833092,
          6.9013765
        ]
      },
      "id": "node/6981875088"
    },
    {
      "type": "Feature",
      "properties": {
        "@id": "node/6981879785",
        "name": "Fisheries State College Guest House",
        "operator": "Zamboanga State College of Marine Sciences and Technology",
        "tourism": "guest_house"
      },
      "geometry": {
        "type": "Point",
        "coordinates": [
          122.084108,
          6.898997
        ]
      },
      "id": "node/6981879785"
    },
    {
      "type": "Feature",
      "properties": {
        "@id": "node/7111061986",
        "addr:street": "Lustre Street",
        "amenity": "restaurant",
        "cuisine": "pizza",
        "name": "Maryam's Pizza"
      },
      "geometry": {
        "type": "Point",
        "coordinates": [
          122.0820686,
          6.9040461
        ]
      },
      "id": "node/7111061986"
    },
    {
      "type": "Feature",
      "properties": {
        "@id": "node/13206617101",
        "amenity": "police",
        "name": "Tourist Police Unit"
      },
      "geometry": {
        "type": "Point",
        "coordinates": [
          122.0827576,
          6.902076
        ]
      },
      "id": "node/13206617101"
    },
    {
      "type": "Feature",
      "properties": {
        "@id": "node/13227091360",
        "amenity": "restaurant",
        "check_date": "2025-10-12",
        "name": "Tony's"
      },
      "geometry": {
        "type": "Point",
        "coordinates": [
          122.0817036,
          6.8995265
        ]
      },
      "id": "node/13227091360"
    },
    {
      "type": "Feature",
      "properties": {
        "@id": "node/6281024402",
        "addr:postcode": "7000",
        "addr:street": "Lustre Street",
        "name": "Al Motorcycle Parts",
        "shop": "motorcycle_parts"
      },
      "geometry": {
        "type": "Point",
        "coordinates": [
          122.0806051,
          6.9052046
        ]
      },
      "id": "node/6281024402"
    },
    {
      "type": "Feature",
      "properties": {
        "@id": "node/13208468950",
        "check_date": "2025-10-11",
        "name": "Manolo Halo-Halo",
        "shop": "confectionery"
      },
      "geometry": {
        "type": "Point",
        "coordinates": [
          122.0805568,
          6.9053271
        ]
      },
      "id": "node/13208468950"
    },
    {
      "type": "Feature",
      "properties": {
        "@id": "node/4450570527",
        "addr:city": "Zamboanga City",
        "addr:place": "Santa Catalina",
        "amenity": "internet_cafe",
        "name": "Baraaks Internet Cafe"
      },
      "geometry": {
        "type": "Point",
        "coordinates": [
          122.0870308,
          6.9084236
        ]
      },
      "id": "node/4450570527"
    },
    {
      "type": "Feature",
      "properties": {
        "@id": "node/5217517823",
        "addr:city": "Zamboanga City",
        "addr:postcode": "7000",
        "addr:street": "Evangelista Street",
        "amenity": "fire_station",
        "name": "Santa Catalina Fire Station"
      },
      "geometry": {
        "type": "Point",
        "coordinates": [
          122.0870197,
          6.9090955
        ]
      },
      "id": "node/5217517823"
    },
    {
      "type": "Feature",
      "properties": {
        "@id": "node/4561070089",
        "addr:postcode": "7000",
        "addr:street": "Talon-talon Loop",
        "amenity": "fuel",
        "name": "Vicente Wee"
      },
      "geometry": {
        "type": "Point",
        "coordinates": [
          122.1010758,
          6.9094445
        ]
      },
      "id": "node/4561070089"
    },
    {
      "type": "Feature",
      "properties": {
        "@id": "node/6632746288",
        "amenity": "cafe",
        "name": "Dennis Coffee Garden"
      },
      "geometry": {
        "type": "Point",
        "coordinates": [
          122.0598491,
          6.9164633
        ]
      },
      "id": "node/6632746288"
    },
    {
      "type": "Feature",
      "properties": {
        "@id": "node/10561613117",
        "addr:city": "Zamboanga",
        "addr:street": "Baliwasan Seaside Road",
        "amenity": "police",
        "name": "PNP Maritime Group Unit 9"
      },
      "geometry": {
        "type": "Point",
        "coordinates": [
          122.0578466,
          6.9113867
        ]
      },
      "id": "node/10561613117"
    },
    {
      "type": "Feature",
      "properties": {
        "@id": "node/12735463990",
        "brand": "Petron Gasul",
        "brand:wikidata": "Q7179011",
        "name": "Petron Gasul",
        "shop": "gas"
      },
      "geometry": {
        "type": "Point",
        "coordinates": [
          122.0602663,
          6.9160278
        ]
      },
      "id": "node/12735463990"
    },
    {
      "type": "Feature",
      "properties": {
        "@id": "node/13208468945",
        "amenity": "restaurant",
        "check_date": "2025-10-11",
        "name": "Craft Kitchen",
        "toilets": "yes"
      },
      "geometry": {
        "type": "Point",
        "coordinates": [
          122.0597087,
          6.9159046
        ]
      },
      "id": "node/13208468945"
    },
    {
      "type": "Feature",
      "properties": {
        "@id": "node/4457765094",
        "addr:street": "San Jose Road",
        "brand": "Palawan Pawnshop",
        "brand:website": "https://palawanpawnshop.com",
        "brand:wikidata": "Q62391488",
        "money_transfer": "palawan_express;moneygram;palawan_pay",
        "name": "Palawan Pawnshop",
        "name:en": "Palawan Pawnshop",
        "shop": "pawnbroker"
      },
      "geometry": {
        "type": "Point",
        "coordinates": [
          122.0621481,
          6.9145571
        ]
      },
      "id": "node/4457765094"
    },
    {
      "type": "Feature",
      "properties": {
        "@id": "node/7062740485",
        "addr:city": "Zamboanga",
        "amenity": "fast_food",
        "cuisine": "chicken",
        "name": "Hello Fried Chicken",
        "opening_hours": "Mo-Sa 09:00-20:00"
      },
      "geometry": {
        "type": "Point",
        "coordinates": [
          122.0622054,
          6.9144401
        ]
      },
      "id": "node/7062740485"
    },
    {
      "type": "Feature",
      "properties": {
        "@id": "node/11620270975",
        "addr:barangay": "San Jose Cawa-Cawa",
        "addr:city": "Zamboanga",
        "addr:postcode": "7000",
        "addr:province": "Zamboanga del Sur",
        "addr:street": "Ruste Drive",
        "amenity": "place_of_worship",
        "denomination": "roman_catholic",
        "name": "San Antonio Maria Claret Parish",
        "religion": "christian"
      },
      "geometry": {
        "type": "Point",
        "coordinates": [
          122.0665259,
          6.9140131
        ]
      },
      "id": "node/11620270975"
    },
    {
      "type": "Feature",
      "properties": {
        "@id": "node/12772108992",
        "addr:city": "Zamboanga City",
        "addr:housename": "8 Grill Haus",
        "addr:neighbourhood": "Canelar",
        "addr:postcode": "7000",
        "addr:province": "Zamboanga del Sur",
        "addr:street": "Moret Road",
        "amenity": "restaurant",
        "contact:facebook": "https://www.facebook.com/8grillhaus",
        "cuisine": "barbecue",
        "diet:chicken": "yes",
        "diet:halal": "yes",
        "name": "8 Grill Haus",
        "opening_hours": "Mo-Sa 04:00-21:00",
        "phone": "09054956275",
        "website": "https://www.facebook.com/8grillhaus",
        "website:menu": "https://www.facebook.com/share/p/18kwvDG1sH/"
      },
      "geometry": {
        "type": "Point",
        "coordinates": [
          122.0671161,
          6.9167326
        ]
      },
      "id": "node/12772108992"
    },
    {
      "type": "Feature",
      "properties": {
        "@id": "node/8493925317",
        "addr:city": "Zamboanga City",
        "addr:postcode": "7000",
        "addr:province": "Zamboanga del Sur",
        "addr:street": "Lemon Drive",
        "amenity": "school",
        "isced:level": "0;1;2",
        "name": "Escuela Dominicana",
        "ref": "404929"
      },
      "geometry": {
        "type": "Point",
        "coordinates": [
          122.0560502,
          6.9205894
        ]
      },
      "id": "node/8493925317"
    },
    {
      "type": "Feature",
      "properties": {
        "@id": "node/5044934322",
        "addr:postcode": "7000",
        "addr:street": "Governor Camins Avenue",
        "amenity": "place_of_worship",
        "name": "Assembly of God",
        "name:en": "Assembly of God"
      },
      "geometry": {
        "type": "Point",
        "coordinates": [
          122.0661257,
          6.9200926
        ]
      },
      "id": "node/5044934322"
    },
    {
      "type": "Feature",
      "properties": {
        "@id": "node/6284163593",
        "amenity": "restaurant",
        "name": "Chinito’s Cafe"
      },
      "geometry": {
        "type": "Point",
        "coordinates": [
          122.0633491,
          6.9179008
        ]
      },
      "id": "node/6284163593"
    },
    {
      "type": "Feature",
      "properties": {
        "@id": "node/12198046035",
        "check_date": "2024-09-25",
        "name": "Travelmax",
        "shop": "travel_agency"
      },
      "geometry": {
        "type": "Point",
        "coordinates": [
          122.063025,
          6.9190863
        ]
      },
      "id": "node/12198046035"
    },
    {
      "type": "Feature",
      "properties": {
        "@id": "node/12198069472",
        "addr:floor": "2/F",
        "amenity": "place_of_worship",
        "check_date": "2024-09-25",
        "level": "1",
        "name": "Prayer Room",
        "religion": "multifaith",
        "wheelchair": "no"
      },
      "geometry": {
        "type": "Point",
        "coordinates": [
          122.0620636,
          6.9197161
        ]
      },
      "id": "node/12198069472"
    },
    {
      "type": "Feature",
      "properties": {
        "@id": "node/12198069473",
        "addr:floor": "G/F",
        "amenity": "toilets",
        "changing_table": "no",
        "check_date": "2024-09-25",
        "fee": "no",
        "level": "0",
        "wheelchair": "yes"
      },
      "geometry": {
        "type": "Point",
        "coordinates": [
          122.0621302,
          6.919883
        ]
      },
      "id": "node/12198069473"
    },
    {
      "type": "Feature",
      "properties": {
        "@id": "node/13228653074",
        "amenity": "atm",
        "brand": "Landbank",
        "brand:wikidata": "Q6483872",
        "check_date": "2025-10-13",
        "operator": "Landbank",
        "operator:wikidata": "Q6483872"
      },
      "geometry": {
        "type": "Point",
        "coordinates": [
          122.0626026,
          6.9195015
        ]
      },
      "id": "node/13228653074"
    },
    {
      "type": "Feature",
      "properties": {
        "@id": "node/13228653077",
        "amenity": "toilets"
      },
      "geometry": {
        "type": "Point",
        "coordinates": [
          122.0626789,
          6.9196668
        ]
      },
      "id": "node/13228653077"
    },
    {
      "type": "Feature",
      "properties": {
        "@id": "node/4405425389",
        "leisure": "fitness_centre",
        "name": "Chrisshell Fitness Gym",
        "name:en": "Chrisshell Fitness Gym"
      },
      "geometry": {
        "type": "Point",
        "coordinates": [
          122.0725603,
          6.9158317
        ]
      },
      "id": "node/4405425389"
    },
    {
      "type": "Feature",
      "properties": {
        "@id": "node/4919989324",
        "name": "Motortrade",
        "name:en": "Motortrade",
        "shop": "car"
      },
      "geometry": {
        "type": "Point",
        "coordinates": [
          122.0728036,
          6.9116566
        ]
      },
      "id": "node/4919989324"
    },
    {
      "type": "Feature",
      "properties": {
        "@id": "node/4919989325",
        "name": "Foton",
        "name:en": "Foton",
        "shop": "car"
      },
      "geometry": {
        "type": "Point",
        "coordinates": [
          122.0727797,
          6.9139648
        ]
      },
      "id": "node/4919989325"
    },
    {
      "type": "Feature",
      "properties": {
        "@id": "node/4919989326",
        "name": "Japan Surplus",
        "name:en": "Japan Surplus",
        "shop": "department_store"
      },
      "geometry": {
        "type": "Point",
        "coordinates": [
          122.0726992,
          6.9153531
        ]
      },
      "id": "node/4919989326"
    },
    {
      "type": "Feature",
      "properties": {
        "@id": "node/5217517824",
        "name": "AVON",
        "shop": "cosmetics"
      },
      "geometry": {
        "type": "Point",
        "coordinates": [
          122.0722244,
          6.9136913
        ]
      },
      "id": "node/5217517824"
    },
    {
      "type": "Feature",
      "properties": {
        "@id": "node/5301707321",
        "addr:housenumber": "C-1013",
        "addr:postcode": "7000",
        "addr:street": "Mayor M. S. Jaldon Street",
        "name": "Nightingale Store",
        "name:en": "Nightingale Store",
        "shop": "convenience"
      },
      "geometry": {
        "type": "Point",
        "coordinates": [
          122.0725177,
          6.9169692
        ]
      },
      "id": "node/5301707321"
    },
    {
      "type": "Feature",
      "properties": {
        "@id": "node/5301707421",
        "addr:postcode": "7000",
        "addr:street": "Mayor M. S. Jaldon Street",
        "amenity": "pharmacy",
        "healthcare": "pharmacy",
        "name": "Medika",
        "name:en": "Medika"
      },
      "geometry": {
        "type": "Point",
        "coordinates": [
          122.0725396,
          6.9167258
        ]
      },
      "id": "node/5301707421"
    },
    {
      "type": "Feature",
      "properties": {
        "@id": "node/5301707422",
        "addr:postcode": "7000",
        "addr:street": "Mayor M. S. Jaldon Street",
        "amenity": "pharmacy",
        "name": "TGP Generic",
        "name:en": "TGP Generic"
      },
      "geometry": {
        "type": "Point",
        "coordinates": [
          122.0725272,
          6.9168806
        ]
      },
      "id": "node/5301707422"
    },
    {
      "type": "Feature",
      "properties": {
        "@id": "node/6543866786",
        "addr:postcode": "7000",
        "name": "SureBEST",
        "shop": "motorcycle"
      },
      "geometry": {
        "type": "Point",
        "coordinates": [
          122.0727274,
          6.9144937
        ]
      },
      "id": "node/6543866786"
    },
    {
      "type": "Feature",
      "properties": {
        "@id": "node/7141950985",
        "name": "Casa Canelar",
        "tourism": "hotel"
      },
      "geometry": {
        "type": "Point",
        "coordinates": [
          122.072203,
          6.9159029
        ]
      },
      "id": "node/7141950985"
    },
    {
      "type": "Feature",
      "properties": {
        "@id": "node/7141950986",
        "amenity": "restaurant",
        "name": "Gerry’s Grill"
      },
      "geometry": {
        "type": "Point",
        "coordinates": [
          122.0724476,
          6.9159142
        ]
      },
      "id": "node/7141950986"
    },
    {
      "type": "Feature",
      "properties": {
        "@id": "node/9773250038",
        "addr:city": "Zamboanga City",
        "addr:housenumber": "466",
        "addr:postcode": "7000",
        "addr:street": "Mayor M.S. Jaldon Street",
        "amenity": "cafe",
        "cuisine": "coffee_shop",
        "name": "Cafe Corner",
        "opening_hours": "Mo-Su 10:00-21:30",
        "outdoor_seating": "yes",
        "phone": "09155689847"
      },
      "geometry": {
        "type": "Point",
        "coordinates": [
          122.0719364,
          6.915796
        ]
      },
      "id": "node/9773250038"
    },
    {
      "type": "Feature",
      "properties": {
        "@id": "node/10683368805",
        "name": "Hotel Primera",
        "tourism": "hotel"
      },
      "geometry": {
        "type": "Point",
        "coordinates": [
          122.0703946,
          6.9168919
        ]
      },
      "id": "node/10683368805"
    },
    {
      "type": "Feature",
      "properties": {
        "@id": "node/12654246401",
        "name": "cielo store - Dspe Eizer Smart - 500 (1 week) Globe - 500 globe one & Gcash",
        "phone": "09287932792",
        "shop": "convenience"
      },
      "geometry": {
        "type": "Point",
        "coordinates": [
          122.0719202,
          6.9129489
        ]
      },
      "id": "node/12654246401"
    },
    {
      "type": "Feature",
      "properties": {
        "@id": "node/12654265001",
        "name": "Tang",
        "shop": "convenience"
      },
      "geometry": {
        "type": "Point",
        "coordinates": [
          122.073014,
          6.9130544
        ]
      },
      "id": "node/12654265001"
    },
    {
      "type": "Feature",
      "properties": {
        "@id": "node/4760505829",
        "addr:postcode": "7000",
        "addr:street": "Veterans Avenue",
        "name": "Royale Business Club ZAMBOANGA BRANCH",
        "opening_hours": "Mo-Sa 09:00-21:00",
        "shop": "cosmetics"
      },
      "geometry": {
        "type": "Point",
        "coordinates": [
          122.0796525,
          6.9150582
        ]
      },
      "id": "node/4760505829"
    },
    {
      "type": "Feature",
      "properties": {
        "@id": "node/5211409322",
        "amenity": "clinic",
        "healthcare": "clinic",
        "name": "Zamboanga Dialysis Center",
        "name:en": "Zamboanga Dialysis Center"
      },
      "geometry": {
        "type": "Point",
        "coordinates": [
          122.0797311,
          6.912628
        ]
      },
      "id": "node/5211409322"
    },
    {
      "type": "Feature",
      "properties": {
        "@id": "node/6209746214",
        "amenity": "college",
        "name": "Universidad de Zamboanga Institute of Human Kinetics"
      },
      "geometry": {
        "type": "Point",
        "coordinates": [
          122.0799724,
          6.9134716
        ]
      },
      "id": "node/6209746214"
    },
    {
      "type": "Feature",
      "properties": {
        "@id": "node/6209746215",
        "amenity": "pharmacy",
        "healthcare": "pharmacy",
        "name": "Cecile's Pharmacy"
      },
      "geometry": {
        "type": "Point",
        "coordinates": [
          122.0796013,
          6.9156133
        ]
      },
      "id": "node/6209746215"
    },
    {
      "type": "Feature",
      "properties": {
        "@id": "node/6209746216",
        "addr:street": "Veterans Avenue",
        "amenity": "school",
        "isced:level": "0;1;2;3",
        "name": "Ferndale International School",
        "ref": "459013"
      },
      "geometry": {
        "type": "Point",
        "coordinates": [
          122.0803324,
          6.9159282
        ]
      },
      "id": "node/6209746216"
    },
    {
      "type": "Feature",
      "properties": {
        "@id": "node/7371827185",
        "addr:housenumber": "47",
        "addr:postcode": "7000",
        "addr:street": "Mayor Vitaliano D. Agan Avenue",
        "amenity": "car_wash",
        "name": "Krystal Carwash"
      },
      "geometry": {
        "type": "Point",
        "coordinates": [
          122.0759584,
          6.9148567
        ]
      },
      "id": "node/7371827185"
    },
    {
      "type": "Feature",
      "properties": {
        "@id": "node/10684700505",
        "amenity": "school",
        "name": "Universidad de Zamboanga HS"
      },
      "geometry": {
        "type": "Point",
        "coordinates": [
          122.0791546,
          6.9131303
        ]
      },
      "id": "node/10684700505"
    },
    {
      "type": "Feature",
      "properties": {
        "@id": "node/13206000709",
        "amenity": "cafe",
        "check_date": "2025-10-09",
        "name": "Tom n Toms Coffee",
        "opening_hours": "24/7",
        "toilets": "yes"
      },
      "geometry": {
        "type": "Point",
        "coordinates": [
          122.076484,
          6.9137618
        ]
      },
      "id": "node/13206000709"
    },
    {
      "type": "Feature",
      "properties": {
        "@id": "node/4295503690",
        "addr:street": "Mayor M. S. Jaldon Street",
        "name": "National Bakery",
        "shop": "bakery"
      },
      "geometry": {
        "type": "Point",
        "coordinates": [
          122.0723298,
          6.9205802
        ]
      },
      "id": "node/4295503690"
    },
    {
      "type": "Feature",
      "properties": {
        "@id": "node/4510176991",
        "addr:postcode": "7000",
        "addr:street": "Mayor M. S. Jaldon Street",
        "amenity": "cafe",
        "cuisine": "coffee_shop;tea",
        "name": "Jelly Citea"
      },
      "geometry": {
        "type": "Point",
        "coordinates": [
          122.0723706,
          6.9175329
        ]
      },
      "id": "node/4510176991"
    },
    {
      "type": "Feature",
      "properties": {
        "@id": "node/4510192691",
        "addr:postcode": "7000",
        "addr:street": "Mayor M. S. Jaldon Street",
        "amenity": "fast_food",
        "cuisine": "pizza",
        "name": "Speedy Pizza",
        "phone": "+63 62 955 5312"
      },
      "geometry": {
        "type": "Point",
        "coordinates": [
          122.0723716,
          6.9175031
        ]
      },
      "id": "node/4510192691"
    },
    {
      "type": "Feature",
      "properties": {
        "@id": "node/4919996121",
        "amenity": "restaurant",
        "name": "Bay Tal Mal Restaurant",
        "name:en": "Bay Tal Mal Restaurant"
      },
      "geometry": {
        "type": "Point",
        "coordinates": [
          122.072054,
          6.9193714
        ]
      },
      "id": "node/4919996121"
    },
    {
      "type": "Feature",
      "properties": {
        "@id": "node/5110233726",
        "name": "Aunt Vina's",
        "name:en": "Aunt Vina's",
        "tourism": "guest_house"
      },
      "geometry": {
        "type": "Point",
        "coordinates": [
          122.0705049,
          6.919515
        ]
      },
      "id": "node/5110233726"
    },
    {
      "type": "Feature",
      "properties": {
        "@id": "node/5205725822",
        "amenity": "place_of_worship",
        "name": "City Baptist Church"
      },
      "geometry": {
        "type": "Point",
        "coordinates": [
          122.0719176,
          6.9192928
        ]
      },
      "id": "node/5205725822"
    },
    {
      "type": "Feature",
      "properties": {
        "@id": "node/5325444021",
        "name": "Yong'z Place",
        "tourism": "apartment"
      },
      "geometry": {
        "type": "Point",
        "coordinates": [
          122.0721369,
          6.9197648
        ]
      },
      "id": "node/5325444021"
    },
    {
      "type": "Feature",
      "properties": {
        "@id": "node/5521331225",
        "amenity": "post_depot",
        "name": "Edwin Andrews Airbase Operations"
      },
      "geometry": {
        "type": "Point",
        "coordinates": [
          122.0713136,
          6.9231829
        ]
      },
      "id": "node/5521331225"
    },
    {
      "type": "Feature",
      "properties": {
        "@id": "node/8994781817",
        "addr:street": "Governor Camins Avenue",
        "amenity": "fuel",
        "name": "Mercedes Shell  Mini-Mart"
      },
      "geometry": {
        "type": "Point",
        "coordinates": [
          122.0690221,
          6.9200592
        ]
      },
      "id": "node/8994781817"
    },
    {
      "type": "Feature",
      "properties": {
        "@id": "node/12189658979",
        "amenity": "cafe",
        "brand": "Chatime",
        "brand:wikidata": "Q16829306",
        "check_date": "2024-09-21",
        "cuisine": "bubble_tea",
        "name": "Chatime",
        "takeaway": "yes"
      },
      "geometry": {
        "type": "Point",
        "coordinates": [
          122.0734417,
          6.9208655
        ]
      },
      "id": "node/12189658979"
    },
    {
      "type": "Feature",
      "properties": {
        "@id": "node/12189658980",
        "amenity": "fast_food",
        "brand": "Burger King",
        "brand:wikidata": "Q177054",
        "check_date": "2024-09-21",
        "cuisine": "burger",
        "name": "Burger King",
        "takeaway": "yes"
      },
      "geometry": {
        "type": "Point",
        "coordinates": [
          122.0734372,
          6.9207942
        ]
      },
      "id": "node/12189658980"
    },
    {
      "type": "Feature",
      "properties": {
        "@id": "node/12189658981",
        "brand": "Red Ribbon",
        "brand:wikidata": "Q7304789",
        "check_date": "2024-09-21",
        "name": "Red Ribbon",
        "shop": "pastry"
      },
      "geometry": {
        "type": "Point",
        "coordinates": [
          122.0735315,
          6.9208987
        ]
      },
      "id": "node/12189658981"
    },
    {
      "type": "Feature",
      "properties": {
        "@id": "node/12189713931",
        "amenity": "fast_food",
        "brand": "Jollibee",
        "brand:wikidata": "Q37614",
        "check_date": "2024-09-21",
        "cuisine": "burger",
        "name": "Jollibee",
        "takeaway": "yes"
      },
      "geometry": {
        "type": "Point",
        "coordinates": [
          122.0731706,
          6.9209052
        ]
      },
      "id": "node/12189713931"
    },
    {
      "type": "Feature",
      "properties": {
        "@id": "node/12189713932",
        "alt_name": "Banco de Oro",
        "amenity": "atm",
        "brand": "BDO",
        "brand:wikidata": "Q4854129",
        "check_date": "2024-09-21",
        "currency:PHP": "yes",
        "drive_through": "no",
        "operator": "BDO",
        "operator:wikidata": "Q4854129"
      },
      "geometry": {
        "type": "Point",
        "coordinates": [
          122.0730809,
          6.9208993
        ]
      },
      "id": "node/12189713932"
    },
    {
      "type": "Feature",
      "properties": {
        "@id": "node/4469488589",
        "amenity": "car_wash",
        "name": "Carwash",
        "name:en": "Carwash"
      },
      "geometry": {
        "type": "Point",
        "coordinates": [
          122.0769349,
          6.9217825
        ]
      },
      "id": "node/4469488589"
    },
    {
      "type": "Feature",
      "properties": {
        "@id": "node/4469497789",
        "name": "Zamboanga Tires Incorporated",
        "shop": "car_repair"
      },
      "geometry": {
        "type": "Point",
        "coordinates": [
          122.079912,
          6.9191545
        ]
      },
      "id": "node/4469497789"
    },
    {
      "type": "Feature",
      "properties": {
        "@id": "node/4700168389",
        "addr:street": "Governor Camins Avenue",
        "name": "Millers residents",
        "name:en": "Millers residents",
        "shop": "bicycle"
      },
      "geometry": {
        "type": "Point",
        "coordinates": [
          122.0757304,
          6.9207583
        ]
      },
      "id": "node/4700168389"
    },
    {
      "type": "Feature",
      "properties": {
        "@id": "node/4729230906",
        "addr:barangay": "Tetuan",
        "addr:city": "Zamboanga City",
        "addr:postcode": "7000",
        "addr:street": "Maria Clara L. Lobregat Highway",
        "brand": "Isuzu",
        "name": "Isuzu Zamboanga",
        "service:vehicle:tyres": "yes",
        "shop": "car"
      },
      "geometry": {
        "type": "Point",
        "coordinates": [
          122.0799911,
          6.9220111
        ]
      },
      "id": "node/4729230906"
    },
    {
      "type": "Feature",
      "properties": {
        "@id": "node/4920030321",
        "name": "5.11",
        "name:en": "5.11",
        "shop": "department_store"
      },
      "geometry": {
        "type": "Point",
        "coordinates": [
          122.0749896,
          6.9208091
        ]
      },
      "id": "node/4920030321"
    },
    {
      "type": "Feature",
      "properties": {
        "@id": "node/6209745928",
        "amenity": "conference_centre",
        "name": "Centro Pastoral"
      },
      "geometry": {
        "type": "Point",
        "coordinates": [
          122.0753308,
          6.9227257
        ]
      },
      "id": "node/6209745928"
    },
    {
      "type": "Feature",
      "properties": {
        "@id": "node/6209746225",
        "amenity": "pharmacy",
        "name": "Generika Drugstore"
      },
      "geometry": {
        "type": "Point",
        "coordinates": [
          122.0790548,
          6.9238658
        ]
      },
      "id": "node/6209746225"
    },
    {
      "type": "Feature",
      "properties": {
        "@id": "node/12189713753",
        "brand": "Yamaha",
        "check_date": "2024-09-21",
        "motorcycle:repair": "yes",
        "name": "RevZone",
        "shop": "motorcycle"
      },
      "geometry": {
        "type": "Point",
        "coordinates": [
          122.0742945,
          6.9211339
        ]
      },
      "id": "node/12189713753"
    },
    {
      "type": "Feature",
      "properties": {
        "@id": "node/12189713754",
        "amenity": "fast_food",
        "check_date": "2024-09-21",
        "cuisine": "regional",
        "name": "Tapa King"
      },
      "geometry": {
        "type": "Point",
        "coordinates": [
          122.0797215,
          6.9223604
        ]
      },
      "id": "node/12189713754"
    },
    {
      "type": "Feature",
      "properties": {
        "@id": "node/12189713755",
        "amenity": "restaurant",
        "check_date": "2024-09-21",
        "cuisine": "chinese",
        "name": "Hap Chan"
      },
      "geometry": {
        "type": "Point",
        "coordinates": [
          122.0799951,
          6.9221289
        ]
      },
      "id": "node/12189713755"
    },
    {
      "type": "Feature",
      "properties": {
        "@id": "node/12189713756",
        "amenity": "fast_food",
        "brand": "Yoshinoya",
        "brand:en": "Yoshinoya",
        "brand:wikidata": "Q776272",
        "check_date": "2024-09-21",
        "cuisine": "beef_bowl",
        "name": "Yoshinoya",
        "name:en": "Yoshinoya",
        "name:ja": "吉野家",
        "takeaway": "yes"
      },
      "geometry": {
        "type": "Point",
        "coordinates": [
          122.0800428,
          6.9221843
        ]
      },
      "id": "node/12189713756"
    },
    {
      "type": "Feature",
      "properties": {
        "@id": "node/5352138324",
        "amenity": "fuel",
        "name": "Shell"
      },
      "geometry": {
        "type": "Point",
        "coordinates": [
          122.0571869,
          6.928628
        ]
      },
      "id": "node/5352138324"
    },
    {
      "type": "Feature",
      "properties": {
        "@id": "node/11505246105",
        "addr:city": "Zamboanga",
        "addr:housenumber": "2nd Floor",
        "addr:postcode": "7000",
        "addr:province": "Zamboanga del Sur",
        "addr:street": "Governor Ramos Avenue",
        "addr:unit": "JL Building",
        "amenity": "clinic",
        "healthcare": "clinic",
        "healthcare:speciality": "dentist",
        "name": "JM Dental",
        "opening_hours": "Mo-Sa 08:00-15:00",
        "operator": "Dra. Jennifer Figueroa",
        "operator:type": "private"
      },
      "geometry": {
        "type": "Point",
        "coordinates": [
          122.0653147,
          6.9302221
        ]
      },
      "id": "node/11505246105"
    },
    {
      "type": "Feature",
      "properties": {
        "@id": "node/4828228428",
        "amenity": "fast_food",
        "cuisine": "pork",
        "name": "Ducs Lechon Belly"
      },
      "geometry": {
        "type": "Point",
        "coordinates": [
          122.0714658,
          6.9296739
        ]
      },
      "id": "node/4828228428"
    },
    {
      "type": "Feature",
      "properties": {
        "@id": "node/4919996221",
        "name": "Butterbun Bakeshop",
        "name:en": "Butterbun Bakeshop",
        "shop": "bakery"
      },
      "geometry": {
        "type": "Point",
        "coordinates": [
          122.0717837,
          6.924597
        ]
      },
      "id": "node/4919996221"
    },
    {
      "type": "Feature",
      "properties": {
        "@id": "node/4919996222",
        "amenity": "pharmacy",
        "name": "Mercury Drug",
        "name:en": "Mercury Drug"
      },
      "geometry": {
        "type": "Point",
        "coordinates": [
          122.0718324,
          6.9250383
        ]
      },
      "id": "node/4919996222"
    },
    {
      "type": "Feature",
      "properties": {
        "@id": "node/4919999221",
        "amenity": "restaurant",
        "name": "Kings' Balbakwa",
        "name:en": "Kings' Balbakwa"
      },
      "geometry": {
        "type": "Point",
        "coordinates": [
          122.0716977,
          6.9268593
        ]
      },
      "id": "node/4919999221"
    },
    {
      "type": "Feature",
      "properties": {
        "@id": "node/4920030221",
        "amenity": "pharmacy",
        "name": "Cecile's Pharmacy",
        "name:en": "Cecile's Pharmacy"
      },
      "geometry": {
        "type": "Point",
        "coordinates": [
          122.0719686,
          6.9261517
        ]
      },
      "id": "node/4920030221"
    },
    {
      "type": "Feature",
      "properties": {
        "@id": "node/6209745935",
        "name": "La Casa Maria Hotel",
        "name:es": "Hotel La Casa María",
        "tourism": "hotel"
      },
      "geometry": {
        "type": "Point",
        "coordinates": [
          122.0711784,
          6.9302137
        ]
      },
      "id": "node/6209745935"
    },
    {
      "type": "Feature",
      "properties": {
        "@id": "node/6209745936",
        "amenity": "kindergarten",
        "isced:level": "0",
        "name": "Our Lady of Mercy Kindergarten"
      },
      "geometry": {
        "type": "Point",
        "coordinates": [
          122.070829,
          6.9250274
        ]
      },
      "id": "node/6209745936"
    },
    {
      "type": "Feature",
      "properties": {
        "@id": "node/6209745938",
        "name": "La Merced Memorial Homes",
        "shop": "funeral_directors"
      },
      "geometry": {
        "type": "Point",
        "coordinates": [
          122.0678244,
          6.9302979
        ]
      },
      "id": "node/6209745938"
    },
    {
      "type": "Feature",
      "properties": {
        "@id": "node/7625088798",
        "addr:city": "Zamboanga City",
        "addr:housenumber": "Eladio Fabian Compound",
        "addr:postcode": "7000",
        "addr:street": "Santa Maria Road",
        "name": "Athesa's Shoppe",
        "shop": "supermarket"
      },
      "geometry": {
        "type": "Point",
        "coordinates": [
          122.0713308,
          6.9291849
        ]
      },
      "id": "node/7625088798"
    },
    {
      "type": "Feature",
      "properties": {
        "@id": "node/12198041904",
        "amenity": "fuel",
        "brand": "SEAOIL",
        "brand:wikidata": "Q7389549",
        "check_date": "2024-09-25",
        "name": "Seaoil"
      },
      "geometry": {
        "type": "Point",
        "coordinates": [
          122.0731601,
          6.9290604
        ]
      },
      "id": "node/12198041904"
    },
    {
      "type": "Feature",
      "properties": {
        "@id": "node/5507219021",
        "name": "Krishatel Leisure Inn",
        "tourism": "hostel"
      },
      "geometry": {
        "type": "Point",
        "coordinates": [
          122.0788706,
          6.9239004
        ]
      },
      "id": "node/5507219021"
    },
    {
      "type": "Feature",
      "properties": {
        "@id": "node/6209745932",
        "amenity": "veterinary",
        "name": "Zamboanga Veterinary Services and Animal Clinic"
      },
      "geometry": {
        "type": "Point",
        "coordinates": [
          122.0789325,
          6.9296477
        ]
      },
      "id": "node/6209745932"
    },
    {
      "type": "Feature",
      "properties": {
        "@id": "node/7114316685",
        "addr:street": "Veterans Avenue Extension",
        "name": "Morebites pizza",
        "shop": "bakery"
      },
      "geometry": {
        "type": "Point",
        "coordinates": [
          122.0790865,
          6.9256302
        ]
      },
      "id": "node/7114316685"
    },
    {
      "type": "Feature",
      "properties": {
        "@id": "node/7114316885",
        "addr:street": "Veterans Avenue Extension",
        "amenity": "bank",
        "brand": "RD Pawnshop",
        "brand:wikidata": "Q118556221",
        "money_transfer": "rd_cash_padala;moneygram",
        "name": "RD",
        "shop": "pawnbroker"
      },
      "geometry": {
        "type": "Point",
        "coordinates": [
          122.0790919,
          6.9256805
        ]
      },
      "id": "node/7114316885"
    },
    {
      "type": "Feature",
      "properties": {
        "@id": "node/11613759745",
        "addr:city": "Zamboanga City",
        "addr:district": "1",
        "addr:postcode": "7000",
        "addr:province": "zamboanga del sur",
        "addr:street": "walk drive",
        "name": "Souvie",
        "operator": "Souvie",
        "shop": "yes"
      },
      "geometry": {
        "type": "Point",
        "coordinates": [
          122.0799817,
          6.9304257
        ]
      },
      "id": "node/11613759745"
    },
    {
      "type": "Feature",
      "properties": {
        "@id": "node/12198041905",
        "amenity": "fuel",
        "brand": "Caltex",
        "brand:wikidata": "Q277470",
        "check_date": "2024-09-25",
        "name": "Caltex"
      },
      "geometry": {
        "type": "Point",
        "coordinates": [
          122.0748047,
          6.924716
        ]
      },
      "id": "node/12198041905"
    },
    {
      "type": "Feature",
      "properties": {
        "@id": "node/12198049391",
        "amenity": "fuel",
        "name": "Z Oil"
      },
      "geometry": {
        "type": "Point",
        "coordinates": [
          122.0749571,
          6.9239375
        ]
      },
      "id": "node/12198049391"
    },
    {
      "type": "Feature",
      "properties": {
        "@id": "node/5146598721",
        "addr:city": "Zamboanga City",
        "addr:district": "Santa Maria District",
        "addr:postcode": "7000",
        "addr:province": "Zamboanga del Sur",
        "amenity": "restaurant",
        "name": "Hacienda de Palmeras"
      },
      "geometry": {
        "type": "Point",
        "coordinates": [
          122.0707093,
          6.9355508
        ]
      },
      "id": "node/5146598721"
    },
    {
      "type": "Feature",
      "properties": {
        "@id": "node/5184936322",
        "addr:city": "Zamboanga",
        "addr:district": "Santa Maria District",
        "addr:postcode": "7000",
        "addr:province": "Zamboanga del Sur",
        "name": "Hacienda de Palmeras Hotel",
        "name:es": "Hotel Hacienda de Palmeras",
        "tourism": "hotel"
      },
      "geometry": {
        "type": "Point",
        "coordinates": [
          122.071063,
          6.9354002
        ]
      },
      "id": "node/5184936322"
    },
    {
      "type": "Feature",
      "properties": {
        "@id": "node/5352138221",
        "addr:city": "Zamboanga City",
        "addr:district": "Santa Maria District",
        "addr:postcode": "7000",
        "addr:province": "Zamboanga del Sur",
        "amenity": "restaurant",
        "name": "Sigay"
      },
      "geometry": {
        "type": "Point",
        "coordinates": [
          122.0705562,
          6.9358985
        ]
      },
      "id": "node/5352138221"
    },
    {
      "type": "Feature",
      "properties": {
        "@id": "node/5352138321",
        "addr:city": "Zamboanga City",
        "addr:district": "Santa Maria District",
        "addr:postcode": "7000",
        "addr:province": "Zamboanga del Sur",
        "amenity": "restaurant",
        "name": "Capiz"
      },
      "geometry": {
        "type": "Point",
        "coordinates": [
          122.0705792,
          6.9357724
        ]
      },
      "id": "node/5352138321"
    },
    {
      "type": "Feature",
      "properties": {
        "@id": "node/5352138421",
        "addr:city": "Zamboanga",
        "addr:district": "Santa Maria District",
        "addr:postcode": "7000",
        "addr:province": "Zamboanga del Sur",
        "amenity": "restaurant",
        "name": "Eureka",
        "name:es": "Eureka"
      },
      "geometry": {
        "type": "Point",
        "coordinates": [
          122.0706989,
          6.9356478
        ]
      },
      "id": "node/5352138421"
    },
    {
      "type": "Feature",
      "properties": {
        "@id": "node/6209745942",
        "amenity": "clinic",
        "name": "Sta. Maria Health Center"
      },
      "geometry": {
        "type": "Point",
        "coordinates": [
          122.0691313,
          6.9310382
        ]
      },
      "id": "node/6209745942"
    },
    {
      "type": "Feature",
      "properties": {
        "@id": "node/6209745943",
        "amenity": "community_centre",
        "name": "Sta. Maria Elderly Center"
      },
      "geometry": {
        "type": "Point",
        "coordinates": [
          122.0694363,
          6.9311542
        ]
      },
      "id": "node/6209745943"
    },
    {
      "type": "Feature",
      "properties": {
        "@id": "node/6209745944",
        "amenity": "police",
        "name": "Sta. Maria Community Police Action Center"
      },
      "geometry": {
        "type": "Point",
        "coordinates": [
          122.0693036,
          6.9311129
        ]
      },
      "id": "node/6209745944"
    },
    {
      "type": "Feature",
      "properties": {
        "@id": "node/6209745945",
        "amenity": "pharmacy",
        "name": "Cecile's Pharmacy"
      },
      "geometry": {
        "type": "Point",
        "coordinates": [
          122.0706825,
          6.9314708
        ]
      },
      "id": "node/6209745945"
    },
    {
      "type": "Feature",
      "properties": {
        "@id": "node/6209745946",
        "amenity": "marketplace",
        "name": "Flea Market"
      },
      "geometry": {
        "type": "Point",
        "coordinates": [
          122.071108,
          6.931453
        ]
      },
      "id": "node/6209745946"
    },
    {
      "type": "Feature",
      "properties": {
        "@id": "node/7135689786",
        "addr:street": "Santa Maria Road",
        "name": "Creamy creation",
        "shop": "bakery"
      },
      "geometry": {
        "type": "Point",
        "coordinates": [
          122.0706911,
          6.9344622
        ]
      },
      "id": "node/7135689786"
    },
    {
      "type": "Feature",
      "properties": {
        "@id": "node/7624918752",
        "addr:city": "Zamboanga City",
        "addr:postcode": "7000",
        "addr:street": "D-Way Drive, Governor Ramos Extension",
        "fixme": "shop",
        "name": "LJ Products for UR Needs",
        "shop": "yes"
      },
      "geometry": {
        "type": "Point",
        "coordinates": [
          122.0733338,
          6.9314785
        ]
      },
      "id": "node/7624918752"
    },
    {
      "type": "Feature",
      "properties": {
        "@id": "node/9269522828",
        "amenity": "parking"
      },
      "geometry": {
        "type": "Point",
        "coordinates": [
          122.0707145,
          6.9353972
        ]
      },
      "id": "node/9269522828"
    },
    {
      "type": "Feature",
      "properties": {
        "@id": "node/9269522829",
        "amenity": "parking"
      },
      "geometry": {
        "type": "Point",
        "coordinates": [
          122.070622,
          6.9360961
        ]
      },
      "id": "node/9269522829"
    },
    {
      "type": "Feature",
      "properties": {
        "@id": "node/12198013921",
        "amenity": "fuel",
        "brand": "Petron",
        "brand:wikidata": "Q7179011",
        "check_date": "2024-09-25",
        "name": "Petron"
      },
      "geometry": {
        "type": "Point",
        "coordinates": [
          122.0734187,
          6.9312346
        ]
      },
      "id": "node/12198013921"
    },
    {
      "type": "Feature",
      "properties": {
        "@id": "node/12198041903",
        "amenity": "fuel",
        "brand": "Petron",
        "brand:wikidata": "Q7179011",
        "check_date": "2024-09-25",
        "name": "Petron"
      },
      "geometry": {
        "type": "Point",
        "coordinates": [
          122.0734187,
          6.9312346
        ]
      },
      "id": "node/12198041903"
    },
    {
      "type": "Feature",
      "properties": {
        "@id": "node/4381504914",
        "addr:city": "Zamboanga City",
        "addr:postcode": "7000",
        "addr:street": "Veterans Avenue Extension",
        "name": "Solane LPG - El Numero Uno Marketing",
        "opening_hours": "08:00-17:00",
        "operator": "El Numero Uno Marketing",
        "shop": "gas"
      },
      "geometry": {
        "type": "Point",
        "coordinates": [
          122.0781101,
          6.9317837
        ]
      },
      "id": "node/4381504914"
    },
    {
      "type": "Feature",
      "properties": {
        "@id": "node/5044943221",
        "addr:postcode": "7000",
        "addr:street": "Doctor G. Brillantes Drive",
        "amenity": "school",
        "isced:level": "0;1;2;3",
        "name": "Bethany Child Development Center",
        "name:en": "Bethany Child Development Center",
        "ref": "1404926"
      },
      "geometry": {
        "type": "Point",
        "coordinates": [
          122.0747202,
          6.9323857
        ]
      },
      "id": "node/5044943221"
    },
    {
      "type": "Feature",
      "properties": {
        "@id": "node/6209745933",
        "amenity": "school",
        "name": "Montessori de Zamboanga - Main Campus"
      },
      "geometry": {
        "type": "Point",
        "coordinates": [
          122.0775924,
          6.9311494
        ]
      },
      "id": "node/6209745933"
    },
    {
      "type": "Feature",
      "properties": {
        "@id": "node/6209745934",
        "addr:street": "Governor Ramos Avenue",
        "name": "Idol Motel",
        "tourism": "motel"
      },
      "geometry": {
        "type": "Point",
        "coordinates": [
          122.0739283,
          6.9312001
        ]
      },
      "id": "node/6209745934"
    },
    {
      "type": "Feature",
      "properties": {
        "@id": "node/6209745952",
        "addr:city": "Zamboanga",
        "addr:postcode": "7000",
        "addr:street": "Governor Ramos Avenue",
        "amenity": "fire_station",
        "name": "Santa Maria Fire Station",
        "name:es": "Estación de Bomberos de Santa María"
      },
      "geometry": {
        "type": "Point",
        "coordinates": [
          122.0747057,
          6.9310613
        ]
      },
      "id": "node/6209745952"
    },
    {
      "type": "Feature",
      "properties": {
        "@id": "node/6209746226",
        "amenity": "veterinary",
        "name": "City Veterinarian",
        "name:es": "Veterinario de la Ciudad"
      },
      "geometry": {
        "type": "Point",
        "coordinates": [
          122.0780715,
          6.9322003
        ]
      },
      "id": "node/6209746226"
    },
    {
      "type": "Feature",
      "properties": {
        "@id": "node/7114316185",
        "addr:city": "Zamboanga",
        "addr:street": "Tumaga-Putik Road",
        "brand": "Palawan Pawnshop",
        "brand:wikidata": "Q62391488",
        "money_transfer": "palawan_express;moneygram",
        "name": "Palawan Pawnshop",
        "shop": "pawnbroker"
      },
      "geometry": {
        "type": "Point",
        "coordinates": [
          122.0792886,
          6.9357797
        ]
      },
      "id": "node/7114316185"
    },
    {
      "type": "Feature",
      "properties": {
        "@id": "node/10563685758",
        "addr:city": "Zamboanga",
        "addr:postcode": "7000",
        "addr:quarter": "Tumaga",
        "addr:street": "Hector Suarez Avenue",
        "noname": "yes",
        "service:vehicle:oil_change": "yes",
        "shop": "car_repair"
      },
      "geometry": {
        "type": "Point",
        "coordinates": [
          122.0789342,
          6.9340705
        ]
      },
      "id": "node/10563685758"
    },
    {
      "type": "Feature",
      "properties": {
        "@id": "node/10563789872",
        "addr:city": "Zamboanga",
        "addr:postcode": "7000",
        "addr:quarter": "Tumaga",
        "addr:street": "Hector Suarez Avenue",
        "amenity": "pharmacy",
        "name": "Cecile's Pharmacy"
      },
      "geometry": {
        "type": "Point",
        "coordinates": [
          122.0785855,
          6.9354997
        ]
      },
      "id": "node/10563789872"
    },
    {
      "type": "Feature",
      "properties": {
        "@id": "node/10563805478",
        "addr:city": "Zamboanga",
        "addr:street": "Tumaga-Putik Road",
        "brand": "Cebuana Lhuillier",
        "brand:wikidata": "Q17064661",
        "brand:wikipedia": "en:Cebuana Lhuillier",
        "money_transfer": "cebuana_pera_padala;moneygram",
        "name": "Cebuana Lhuillier",
        "shop": "pawnbroker",
        "short_name": "Cebuana"
      },
      "geometry": {
        "type": "Point",
        "coordinates": [
          122.0795108,
          6.9359417
        ]
      },
      "id": "node/10563805478"
    },
    {
      "type": "Feature",
      "properties": {
        "@id": "node/4295519589",
        "addr:postcode": "7000",
        "addr:street": "Don Alfaro Street",
        "name": "National Bakery",
        "shop": "bakery"
      },
      "geometry": {
        "type": "Point",
        "coordinates": [
          122.0812304,
          6.9141726
        ]
      },
      "id": "node/4295519589"
    },
    {
      "type": "Feature",
      "properties": {
        "@id": "node/6209745954",
        "amenity": "school",
        "name": "Asia Academic School"
      },
      "geometry": {
        "type": "Point",
        "coordinates": [
          122.08653,
          6.9120638
        ]
      },
      "id": "node/6209745954"
    },
    {
      "type": "Feature",
      "properties": {
        "@id": "node/13206664587",
        "amenity": "bank",
        "branch": "Tetuan Zamboanga",
        "brand": "China Bank Savings",
        "brand:wikidata": "Q18387359",
        "check_date": "2025-10-10",
        "name": "China Bank Savings"
      },
      "geometry": {
        "type": "Point",
        "coordinates": [
          122.0847418,
          6.9153612
        ]
      },
      "id": "node/13206664587"
    },
    {
      "type": "Feature",
      "properties": {
        "@id": "node/13206664595",
        "amenity": "dentist",
        "check_date": "2025-10-10",
        "healthcare": "dentist"
      },
      "geometry": {
        "type": "Point",
        "coordinates": [
          122.0845801,
          6.9153312
        ]
      },
      "id": "node/13206664595"
    },
    {
      "type": "Feature",
      "properties": {
        "@id": "node/13206664598",
        "check_date": "2025-10-10",
        "shop": "massage"
      },
      "geometry": {
        "type": "Point",
        "coordinates": [
          122.08453,
          6.9153202
        ]
      },
      "id": "node/13206664598"
    },
    {
      "type": "Feature",
      "properties": {
        "@id": "node/13206664599",
        "check_date": "2025-10-10",
        "name": "Maricor",
        "shop": "motorcycle_repair"
      },
      "geometry": {
        "type": "Point",
        "coordinates": [
          122.0853266,
          6.9154612
        ]
      },
      "id": "node/13206664599"
    },
    {
      "type": "Feature",
      "properties": {
        "@id": "node/13206670402",
        "check_date": "2025-10-10",
        "shop": "lottery"
      },
      "geometry": {
        "type": "Point",
        "coordinates": [
          122.0863751,
          6.9156328
        ]
      },
      "id": "node/13206670402"
    },
    {
      "type": "Feature",
      "properties": {
        "@id": "node/13206670409",
        "amenity": "fast_food",
        "check_date": "2025-10-10"
      },
      "geometry": {
        "type": "Point",
        "coordinates": [
          122.0864283,
          6.9156418
        ]
      },
      "id": "node/13206670409"
    },
    {
      "type": "Feature",
      "properties": {
        "@id": "node/13206670414",
        "check_date": "2025-10-10",
        "name": "Maria's",
        "shop": "bakery"
      },
      "geometry": {
        "type": "Point",
        "coordinates": [
          122.0828908,
          6.91502
        ]
      },
      "id": "node/13206670414"
    },
    {
      "type": "Feature",
      "properties": {
        "@id": "node/13206670415",
        "check_date": "2025-10-10",
        "name": "Rapidé",
        "shop": "car_repair"
      },
      "geometry": {
        "type": "Point",
        "coordinates": [
          122.0858698,
          6.9156
        ]
      },
      "id": "node/13206670415"
    },
    {
      "type": "Feature",
      "properties": {
        "@id": "node/13206670417",
        "amenity": "fast_food",
        "check_date": "2025-10-10",
        "cuisine": "chicken",
        "name": "Crispy King"
      },
      "geometry": {
        "type": "Point",
        "coordinates": [
          122.0854568,
          6.915454
        ]
      },
      "id": "node/13206670417"
    },
    {
      "type": "Feature",
      "properties": {
        "@id": "node/13206670427",
        "check_date": "2025-10-10",
        "name": "Beauteous",
        "shop": "beauty"
      },
      "geometry": {
        "type": "Point",
        "coordinates": [
          122.0846854,
          6.9153521
        ]
      },
      "id": "node/13206670427"
    },
    {
      "type": "Feature",
      "properties": {
        "@id": "node/13206670428",
        "check_date": "2025-10-10",
        "name": "Queen's Laundry",
        "shop": "laundry"
      },
      "geometry": {
        "type": "Point",
        "coordinates": [
          122.0846303,
          6.915342
        ]
      },
      "id": "node/13206670428"
    },
    {
      "type": "Feature",
      "properties": {
        "@id": "node/4912445822",
        "amenity": "cafe",
        "name": "Tsokolate",
        "name:en": "Tsokolate"
      },
      "geometry": {
        "type": "Point",
        "coordinates": [
          122.0896495,
          6.9161196
        ]
      },
      "id": "node/4912445822"
    },
    {
      "type": "Feature",
      "properties": {
        "@id": "node/6209746219",
        "amenity": "kindergarten",
        "isced:level": "0",
        "name": "Tetuan Alliance Kindergarten School, Inc."
      },
      "geometry": {
        "type": "Point",
        "coordinates": [
          122.0890168,
          6.916311
        ]
      },
      "id": "node/6209746219"
    },
    {
      "type": "Feature",
      "properties": {
        "@id": "node/7079844087",
        "addr:postcode": "7000",
        "addr:street": "M. Natividad Street",
        "name": "The Continentale Vape Lounge",
        "opening_hours": "Mo-Su 09:00-18:00",
        "phone": "09053223667",
        "shop": "e-cigarette"
      },
      "geometry": {
        "type": "Point",
        "coordinates": [
          122.0908511,
          6.9170386
        ]
      },
      "id": "node/7079844087"
    },
    {
      "type": "Feature",
      "properties": {
        "@id": "node/7143844285",
        "amenity": "restaurant",
        "name": "Kogi Q Tetuan"
      },
      "geometry": {
        "type": "Point",
        "coordinates": [
          122.0903557,
          6.916039
        ]
      },
      "id": "node/7143844285"
    },
    {
      "type": "Feature",
      "properties": {
        "@id": "node/12240482416",
        "amenity": "fountain"
      },
      "geometry": {
        "type": "Point",
        "coordinates": [
          122.090068,
          6.9173126
        ]
      },
      "id": "node/12240482416"
    },
    {
      "type": "Feature",
      "properties": {
        "@id": "node/13206670408",
        "amenity": "fast_food",
        "name": "SLQ Lechon Manok"
      },
      "geometry": {
        "type": "Point",
        "coordinates": [
          122.0887171,
          6.9161158
        ]
      },
      "id": "node/13206670408"
    },
    {
      "type": "Feature",
      "properties": {
        "@id": "node/4450008990",
        "amenity": "atm",
        "operator": "land bank"
      },
      "geometry": {
        "type": "Point",
        "coordinates": [
          122.0864021,
          6.9196029
        ]
      },
      "id": "node/4450008990"
    },
    {
      "type": "Feature",
      "properties": {
        "@id": "node/6209746217",
        "amenity": "kindergarten",
        "isced:level": "0",
        "name": "Sunnyvale Learning Center"
      },
      "geometry": {
        "type": "Point",
        "coordinates": [
          122.0813552,
          6.9193005
        ]
      },
      "id": "node/6209746217"
    },
    {
      "type": "Feature",
      "properties": {
        "@id": "node/6209746223",
        "amenity": "community_centre",
        "name": "Centro Puericultura de Zamboanga"
      },
      "geometry": {
        "type": "Point",
        "coordinates": [
          122.0842135,
          6.920319
        ]
      },
      "id": "node/6209746223"
    },
    {
      "type": "Feature",
      "properties": {
        "@id": "node/4736355258",
        "name": "Dagalea Hardware",
        "shop": "hardware"
      },
      "geometry": {
        "type": "Point",
        "coordinates": [
          122.0885744,
          6.9197253
        ]
      },
      "id": "node/4736355258"
    },
    {
      "type": "Feature",
      "properties": {
        "@id": "node/5532119921",
        "addr:street": "Crispin Atilano Street",
        "amenity": "fast_food",
        "cuisine": "regional",
        "food:satti": "yes",
        "name": "Andy’s Delicious Satti"
      },
      "geometry": {
        "type": "Point",
        "coordinates": [
          122.0879671,
          6.9192588
        ]
      },
      "id": "node/5532119921"
    },
    {
      "type": "Feature",
      "properties": {
        "@id": "node/6209746218",
        "amenity": "kindergarten",
        "isced:level": "0",
        "name": "Spinola Child Learning Center"
      },
      "geometry": {
        "type": "Point",
        "coordinates": [
          122.0874656,
          6.9230721
        ]
      },
      "id": "node/6209746218"
    },
    {
      "type": "Feature",
      "properties": {
        "@id": "node/6209746222",
        "name": "CJ Pension House",
        "tourism": "hostel"
      },
      "geometry": {
        "type": "Point",
        "coordinates": [
          122.0886736,
          6.9197671
        ]
      },
      "id": "node/6209746222"
    },
    {
      "type": "Feature",
      "properties": {
        "@id": "node/12240206566",
        "addr:street": "Father Ramon Barua Street",
        "amenity": "school",
        "isced:level": "2",
        "name": "Immaculate Concepcion Archdiocesan School Night",
        "ref": "459033"
      },
      "geometry": {
        "type": "Point",
        "coordinates": [
          122.0902383,
          6.9177559
        ]
      },
      "id": "node/12240206566"
    },
    {
      "type": "Feature",
      "properties": {
        "@id": "node/13206670410",
        "amenity": "fuel",
        "name": "Sr Fuel"
      },
      "geometry": {
        "type": "Point",
        "coordinates": [
          122.0897295,
          6.9195143
        ]
      },
      "id": "node/13206670410"
    },
    {
      "type": "Feature",
      "properties": {
        "@id": "node/13228659251",
        "historic": "memorial",
        "memorial": "statue"
      },
      "geometry": {
        "type": "Point",
        "coordinates": [
          122.0872812,
          6.9191738
        ]
      },
      "id": "node/13228659251"
    },
    {
      "type": "Feature",
      "properties": {
        "@id": "node/13228659252",
        "historic": "memorial",
        "memorial": "statue"
      },
      "geometry": {
        "type": "Point",
        "coordinates": [
          122.087245,
          6.9191398
        ]
      },
      "id": "node/13228659252"
    },
    {
      "type": "Feature",
      "properties": {
        "@id": "node/4708427590",
        "amenity": "pharmacy",
        "name": "Farmacia ni Dok",
        "name:en": "Farmacia ni Dok"
      },
      "geometry": {
        "type": "Point",
        "coordinates": [
          122.1025231,
          6.918758
        ]
      },
      "id": "node/4708427590"
    },
    {
      "type": "Feature",
      "properties": {
        "@id": "node/8757760317",
        "addr:postcode": "7000",
        "addr:street": "Tugbungan Road",
        "email": "dhens_1972@yahoo.com",
        "internet_access": "wlan",
        "name": "TUGBUNGAN ROAD",
        "name:en": "Dhens Ali",
        "phone": "9571154",
        "tourism": "guest_house"
      },
      "geometry": {
        "type": "Point",
        "coordinates": [
          122.1021786,
          6.9190966
        ]
      },
      "id": "node/8757760317"
    },
    {
      "type": "Feature",
      "properties": {
        "@id": "node/8757769417",
        "addr:postcode": "7000",
        "addr:street": "Tugbungan Road",
        "name": "Home",
        "phone": "9571154",
        "tourism": "guest_house"
      },
      "geometry": {
        "type": "Point",
        "coordinates": [
          122.1022389,
          6.9193574
        ]
      },
      "id": "node/8757769417"
    },
    {
      "type": "Feature",
      "properties": {
        "@id": "node/6031732186",
        "amenity": "place_of_worship",
        "name": "MCGI Local of Guiwan"
      },
      "geometry": {
        "type": "Point",
        "coordinates": [
          122.0856368,
          6.9290287
        ]
      },
      "id": "node/6031732186"
    },
    {
      "type": "Feature",
      "properties": {
        "@id": "node/10608742217",
        "addr:city": "Zamboanga City",
        "addr:housenumber": "168",
        "addr:postcode": "7000",
        "addr:street": "Cabato Road",
        "air_conditioning": "yes",
        "amenity": "restaurant",
        "cuisine": "korean;barbecue",
        "diet:meat": "yes",
        "diet:non-vegetarian": "yes",
        "name": "Holy Smokes: Korean Grill & Resto",
        "payment:cash": "yes",
        "payment:gcash": "yes",
        "phone": "+63 977 476 0178",
        "toilets": "yes",
        "website": "https://facebook.com/holysmokeszc"
      },
      "geometry": {
        "type": "Point",
        "coordinates": [
          122.0835032,
          6.9261994
        ]
      },
      "id": "node/10608742217"
    },
    {
      "type": "Feature",
      "properties": {
        "@id": "node/12189505256",
        "addr:street": "Maria Clara L. Lobregat Highway",
        "amenity": "fuel",
        "brand": "Phoenix",
        "brand:wikidata": "Q7186949",
        "check_date": "2024-09-24",
        "name": "Phoenix"
      },
      "geometry": {
        "type": "Point",
        "coordinates": [
          122.0839849,
          6.9256371
        ]
      },
      "id": "node/12189505256"
    },
    {
      "type": "Feature",
      "properties": {
        "@id": "node/4573169204",
        "amenity": "fuel",
        "name": "Julio Jerino Macrohon Petron Station",
        "name:en": "Julio Jerino Macrohon Petron Station"
      },
      "geometry": {
        "type": "Point",
        "coordinates": [
          122.0900262,
          6.9283663
        ]
      },
      "id": "node/4573169204"
    },
    {
      "type": "Feature",
      "properties": {
        "@id": "node/8575079517",
        "tourism": "guest_house"
      },
      "geometry": {
        "type": "Point",
        "coordinates": [
          122.0898403,
          6.9251996
        ]
      },
      "id": "node/8575079517"
    },
    {
      "type": "Feature",
      "properties": {
        "@id": "node/9735533407",
        "addr:city": "Zamboanga City",
        "addr:housenumber": "193",
        "addr:postcode": "7000",
        "addr:street": "Cadena De Amor Street",
        "name": "Sing Store",
        "operator": "Esing",
        "shop": "convenience"
      },
      "geometry": {
        "type": "Point",
        "coordinates": [
          122.0896164,
          6.9268277
        ]
      },
      "id": "node/9735533407"
    },
    {
      "type": "Feature",
      "properties": {
        "@id": "node/12189718972",
        "check_date": "2024-09-21",
        "name": "Ms. Quickie",
        "self_service": "no",
        "shop": "laundry"
      },
      "geometry": {
        "type": "Point",
        "coordinates": [
          122.0899686,
          6.9293858
        ]
      },
      "id": "node/12189718972"
    },
    {
      "type": "Feature",
      "properties": {
        "@id": "node/4586166891",
        "addr:postcode": "7000",
        "addr:street": "Maria Clara L. Lobregat Highway",
        "name": "Otto Auto Supply",
        "opening_hours": "Mo-Sa 07:00-17:00; Su 07:00-18:00",
        "shop": "car_parts"
      },
      "geometry": {
        "type": "Point",
        "coordinates": [
          122.0923532,
          6.934241
        ]
      },
      "id": "node/4586166891"
    },
    {
      "type": "Feature",
      "properties": {
        "@id": "node/6631512693",
        "addr:city": "Zamboanga",
        "addr:street": "Maria Clara L. Lobregat Highway",
        "branch": "Zamboanga City",
        "contact:website": "https://tski.com.ph",
        "name": "Taytay sa Kauswagan",
        "name:abbr": "TSKI",
        "operator:type": "ngo",
        "shop": "money_lender"
      },
      "geometry": {
        "type": "Point",
        "coordinates": [
          122.0910713,
          6.9317904
        ]
      },
      "id": "node/6631512693"
    },
    {
      "type": "Feature",
      "properties": {
        "@id": "node/7074334185",
        "name": "Tata Body Building Shop",
        "shop": "car_repair"
      },
      "geometry": {
        "type": "Point",
        "coordinates": [
          122.0929333,
          6.9346427
        ]
      },
      "id": "node/7074334185"
    },
    {
      "type": "Feature",
      "properties": {
        "@id": "node/9735659126",
        "addr:city": "Zamboanga City",
        "addr:postcode": "7000",
        "addr:street": "Apolinario Loop",
        "name": "WELS Tailoring Shop",
        "payment:cash": "yes",
        "shop": "tailor"
      },
      "geometry": {
        "type": "Point",
        "coordinates": [
          122.0902092,
          6.9307137
        ]
      },
      "id": "node/9735659126"
    },
    {
      "type": "Feature",
      "properties": {
        "@id": "node/12187626681",
        "addr:street": "Mari Clara L. Lobregat Highway",
        "check_date": "2024-09-20",
        "name": "J&M Agrivet Supply",
        "shop": "agrarian"
      },
      "geometry": {
        "type": "Point",
        "coordinates": [
          122.0896467,
          6.9308094
        ]
      },
      "id": "node/12187626681"
    },
    {
      "type": "Feature",
      "properties": {
        "@id": "node/12187626682",
        "addr:street": "Maria Clara L. Lobregat Highway",
        "brand": "Palawan Pawnshop",
        "brand:wikidata": "Q62391488",
        "check_date": "2024-09-20",
        "name": "Palawan Pawnshop",
        "shop": "pawnbroker"
      },
      "geometry": {
        "type": "Point",
        "coordinates": [
          122.0896135,
          6.9307893
        ]
      },
      "id": "node/12187626682"
    },
    {
      "type": "Feature",
      "properties": {
        "@id": "node/12187626683",
        "addr:street": "Maria Clara L. Lobregat Highway",
        "check_date": "2024-09-20",
        "name": "H. Lhuillier",
        "shop": "pawnbroker"
      },
      "geometry": {
        "type": "Point",
        "coordinates": [
          122.0894879,
          6.9306278
        ]
      },
      "id": "node/12187626683"
    },
    {
      "type": "Feature",
      "properties": {
        "@id": "node/12187626684",
        "addr:street": "Maria Clara L. Lobregat Highway",
        "check_date": "2024-09-20",
        "name": "Pacifica",
        "shop": "agrarian"
      },
      "geometry": {
        "type": "Point",
        "coordinates": [
          122.089218,
          6.9305491
        ]
      },
      "id": "node/12187626684"
    },
    {
      "type": "Feature",
      "properties": {
        "@id": "node/12187626685",
        "addr:street": "Maria Clara L. Lobregat Highway",
        "amenity": "post_office",
        "check_date": "2024-09-20",
        "operator": "LBC",
        "operator:wikidata": "Q17075584"
      },
      "geometry": {
        "type": "Point",
        "coordinates": [
          122.0891554,
          6.9305478
        ]
      },
      "id": "node/12187626685"
    },
    {
      "type": "Feature",
      "properties": {
        "@id": "node/12189478559",
        "addr:floor": "G/F",
        "addr:housenumber": "Yubengco Starmall",
        "addr:street": "Maria Clara L. Lobregat Highway",
        "amenity": "fast_food",
        "brand": "Mang Inasal",
        "brand:wikidata": "Q6748573",
        "check_date": "2024-09-21",
        "cuisine": "barbecue",
        "level": "0",
        "name": "Mang Inasal",
        "takeaway": "yes"
      },
      "geometry": {
        "type": "Point",
        "coordinates": [
          122.0924763,
          6.9354877
        ]
      },
      "id": "node/12189478559"
    },
    {
      "type": "Feature",
      "properties": {
        "@id": "node/12189505255",
        "addr:floor": "G/F",
        "addr:street": "Maria Clara L. Lobregat Highway",
        "check_date": "2024-09-21",
        "level": "0",
        "name": "Geneson Marketing",
        "payment:cards": "no",
        "payment:cash": "yes",
        "payment:credit_cards": "no",
        "payment:debit_cards": "no",
        "shop": "bicycle",
        "wheelchair": "no"
      },
      "geometry": {
        "type": "Point",
        "coordinates": [
          122.0899104,
          6.9309484
        ]
      },
      "id": "node/12189505255"
    },
    {
      "type": "Feature",
      "properties": {
        "@id": "node/9735611247",
        "name": "JM Store",
        "shop": "convenience"
      },
      "geometry": {
        "type": "Point",
        "coordinates": [
          122.0993472,
          6.9354638
        ]
      },
      "id": "node/9735611247"
    },
    {
      "type": "Feature",
      "properties": {
        "@id": "node/9735621032",
        "leisure": "playground",
        "name": "Joem's Playground",
        "operator": "Joem, Ana and Liam"
      },
      "geometry": {
        "type": "Point",
        "coordinates": [
          122.0979846,
          6.9353094
        ]
      },
      "id": "node/9735621032"
    },
    {
      "type": "Feature",
      "properties": {
        "@id": "node/9735638507",
        "amenity": "marketplace",
        "building": "commercial",
        "name": "Caputatan Market",
        "opening_hours": "Mo-Su 08:00-21:00"
      },
      "geometry": {
        "type": "Point",
        "coordinates": [
          122.0991487,
          6.9368856
        ]
      },
      "id": "node/9735638507"
    },
    {
      "type": "Feature",
      "properties": {
        "@id": "node/11762748815",
        "addr:city": "Zamboanga",
        "addr:district": "Talon-Talon",
        "addr:housenumber": "165",
        "addr:postcode": "7000",
        "addr:street": "L. Alvarez Drive",
        "amenity": "cafe",
        "name": "Bigbrew Talon-Talon",
        "opening_hours": "11:00-23:00"
      },
      "geometry": {
        "type": "Point",
        "coordinates": [
          122.1092879,
          6.9096593
        ]
      },
      "id": "node/11762748815"
    },
    {
      "type": "Feature",
      "properties": {
        "@id": "node/6281024296",
        "addr:city": "Zamboanga City",
        "addr:postcode": "7000",
        "addr:province": "Zamboanga del Sur",
        "addr:street": "Morning Breeze Road",
        "name": "LB Supermarket",
        "operational_status": "closed",
        "shop": "supermarket"
      },
      "geometry": {
        "type": "Point",
        "coordinates": [
          122.1074319,
          6.9196087
        ]
      },
      "id": "node/6281024296"
    },
    {
      "type": "Feature",
      "properties": {
        "@id": "node/4778113882",
        "amenity": "place_of_worship",
        "name": "Ma'had Atta'seel",
        "name:en": "Ma'had Atta'seel"
      },
      "geometry": {
        "type": "Point",
        "coordinates": [
          122.1292383,
          6.9171012
        ]
      },
      "id": "node/4778113882"
    },
    {
      "type": "Feature",
      "properties": {
        "@id": "node/4797366926",
        "name": "Sali Residence",
        "name:en": "Sali Residence",
        "tourism": "guest_house"
      },
      "geometry": {
        "type": "Point",
        "coordinates": [
          122.1293581,
          6.9177783
        ]
      },
      "id": "node/4797366926"
    },
    {
      "type": "Feature",
      "properties": {
        "@id": "node/6577820685",
        "addr:street": "Pasonanca Road",
        "name": "Atillanos Pension House",
        "tourism": "guest_house"
      },
      "geometry": {
        "type": "Point",
        "coordinates": [
          122.0728187,
          6.942543
        ]
      },
      "id": "node/6577820685"
    },
    {
      "type": "Feature",
      "properties": {
        "@id": "node/9751199917",
        "addr:milestone": "Km. 4",
        "addr:postcode": "7000",
        "addr:street": "Pasonanca Road",
        "addr:suburb": "Pasonanca",
        "internet_access": "wlan",
        "name": "Autobot",
        "name:en": "TDZ Autobot",
        "opening_hours": "Mo-Sa 08:00-17:00",
        "phone": "09177735025",
        "shop": "car"
      },
      "geometry": {
        "type": "Point",
        "coordinates": [
          122.0722298,
          6.9422885
        ]
      },
      "id": "node/9751199917"
    },
    {
      "type": "Feature",
      "properties": {
        "@id": "node/12646724701",
        "amenity": "atm"
      },
      "geometry": {
        "type": "Point",
        "coordinates": [
          122.0702653,
          6.9489176
        ]
      },
      "id": "node/12646724701"
    },
    {
      "type": "Feature",
      "properties": {
        "@id": "node/12646814601",
        "amenity": "atm"
      },
      "geometry": {
        "type": "Point",
        "coordinates": [
          122.0699672,
          6.9488559
        ]
      },
      "id": "node/12646814601"
    },
    {
      "type": "Feature",
      "properties": {
        "@id": "node/6899222585",
        "addr:postcode": "7000",
        "addr:street": "Villa Rio Drive",
        "email": "carl.perezsr@yahoo.com",
        "internet_access": "wlan",
        "name": "my residence",
        "tourism": "apartment"
      },
      "geometry": {
        "type": "Point",
        "coordinates": [
          122.0752445,
          6.9452041
        ]
      },
      "id": "node/6899222585"
    },
    {
      "type": "Feature",
      "properties": {
        "@id": "node/4405699197",
        "addr:barangay": "Pasonanca",
        "addr:city": "Zamboanga City",
        "addr:postcode": "7000",
        "addr:province": "Zamboanga del Sur",
        "amenity": "bar",
        "name": "Bigdawgs Bar"
      },
      "geometry": {
        "type": "Point",
        "coordinates": [
          122.0715976,
          6.953518
        ]
      },
      "id": "node/4405699197"
    },
    {
      "type": "Feature",
      "properties": {
        "@id": "node/7114316086",
        "addr:street": "Tumaga-Putik Road",
        "amenity": "cafe",
        "name": "I love ice cream"
      },
      "geometry": {
        "type": "Point",
        "coordinates": [
          122.0810092,
          6.9370458
        ]
      },
      "id": "node/7114316086"
    },
    {
      "type": "Feature",
      "properties": {
        "@id": "node/12189240258",
        "amenity": "taxi",
        "taxi_vehicle": "auto_rickshaw"
      },
      "geometry": {
        "type": "Point",
        "coordinates": [
          122.0926336,
          6.942203
        ]
      },
      "id": "node/12189240258"
    },
    {
      "type": "Feature",
      "properties": {
        "@id": "node/12189250899",
        "name": "Ultrazz",
        "shop": "convenience"
      },
      "geometry": {
        "type": "Point",
        "coordinates": [
          122.092698,
          6.9426524
        ]
      },
      "id": "node/12189250899"
    },
    {
      "type": "Feature",
      "properties": {
        "@id": "node/12189252451",
        "amenity": "shelter",
        "bench": "yes",
        "shelter_type": "public_transport"
      },
      "geometry": {
        "type": "Point",
        "coordinates": [
          122.0928658,
          6.9420511
        ]
      },
      "id": "node/12189252451"
    },
    {
      "type": "Feature",
      "properties": {
        "@id": "node/12189531588",
        "addr:street": "Maria Clara L. Lobregat Highway",
        "check_date": "2024-09-21",
        "name": "Manna",
        "shop": "bakery",
        "wheelchair": "limited"
      },
      "geometry": {
        "type": "Point",
        "coordinates": [
          122.0928494,
          6.9399691
        ]
      },
      "id": "node/12189531588"
    },
    {
      "type": "Feature",
      "properties": {
        "@id": "node/12189535461",
        "addr:street": "Maria Clara L. Lobregat Highway",
        "check_date": "2024-09-21",
        "name": "JCL Enterprise",
        "payment:cash": "yes",
        "shop": "trade",
        "trade": "building_supplies"
      },
      "geometry": {
        "type": "Point",
        "coordinates": [
          122.0927378,
          6.9425728
        ]
      },
      "id": "node/12189535461"
    },
    {
      "type": "Feature",
      "properties": {
        "@id": "node/12198027596",
        "amenity": "cafe",
        "check_date": "2024-09-25",
        "name": "Inkafé"
      },
      "geometry": {
        "type": "Point",
        "coordinates": [
          122.0895866,
          6.9412443
        ]
      },
      "id": "node/12198027596"
    },
    {
      "type": "Feature",
      "properties": {
        "@id": "node/4427096682",
        "addr:barangay": "Putik",
        "addr:city": "Zamboanga City",
        "addr:postcode": "7000",
        "addr:street": "Maria Clara L. Lobregat Highway",
        "name": "Serenity Pension Inn",
        "tourism": "hostel"
      },
      "geometry": {
        "type": "Point",
        "coordinates": [
          122.0959362,
          6.9432228
        ]
      },
      "id": "node/4427096682"
    },
    {
      "type": "Feature",
      "properties": {
        "@id": "node/5649083721",
        "addr:street": "Maria Clara L. Lobregat Highway",
        "amenity": "fuel",
        "check_date": "2024-09-21",
        "name": "Pryce Gas",
        "payment:cards": "no",
        "payment:cash": "yes",
        "payment:credit_cards": "no",
        "payment:debit_cards": "no"
      },
      "geometry": {
        "type": "Point",
        "coordinates": [
          122.0943841,
          6.9434481
        ]
      },
      "id": "node/5649083721"
    },
    {
      "type": "Feature",
      "properties": {
        "@id": "node/12187564444",
        "leisure": "pitch",
        "lit": "yes",
        "operator": "Morning Glory Subdivision",
        "sport": "multi"
      },
      "geometry": {
        "type": "Point",
        "coordinates": [
          122.0961374,
          6.9417352
        ]
      },
      "id": "node/12187564444"
    },
    {
      "type": "Feature",
      "properties": {
        "@id": "node/12189162196",
        "addr:place": "Morning Glory",
        "amenity": "place_of_worship",
        "check_date": "2024-09-21",
        "name": "Masjid Al-jul",
        "religion": "muslim"
      },
      "geometry": {
        "type": "Point",
        "coordinates": [
          122.0960957,
          6.9420406
        ]
      },
      "id": "node/12189162196"
    },
    {
      "type": "Feature",
      "properties": {
        "@id": "node/12189535459",
        "addr:floor": "G/F",
        "addr:street": "Maria Clara L. Lobregat Highway",
        "check_date": "2024-09-21",
        "level": "0",
        "name": "Sir J Salon",
        "shop": "hairdresser"
      },
      "geometry": {
        "type": "Point",
        "coordinates": [
          122.094568,
          6.9434781
        ]
      },
      "id": "node/12189535459"
    },
    {
      "type": "Feature",
      "properties": {
        "@id": "node/12189535460",
        "addr:street": "Maria Clara L. Lobregat Highway",
        "check_date": "2024-09-21",
        "name": "Master",
        "shop": "bakery"
      },
      "geometry": {
        "type": "Point",
        "coordinates": [
          122.0945864,
          6.9431758
        ]
      },
      "id": "node/12189535460"
    },
    {
      "type": "Feature",
      "properties": {
        "@id": "node/12189537995",
        "addr:street": "Morning Glory Drive",
        "amenity": "fire_station",
        "check_date": "2024-09-21",
        "name": "Putik Fire Substation"
      },
      "geometry": {
        "type": "Point",
        "coordinates": [
          122.0957449,
          6.9412266
        ]
      },
      "id": "node/12189537995"
    },
    {
      "type": "Feature",
      "properties": {
        "@id": "node/12189537996",
        "amenity": "taxi",
        "taxi_vehicle": "cycle_rickshaw"
      },
      "geometry": {
        "type": "Point",
        "coordinates": [
          122.0951095,
          6.9432918
        ]
      },
      "id": "node/12189537996"
    },
    {
      "type": "Feature",
      "properties": {
        "@id": "node/12192699573",
        "access": "private",
        "leisure": "pitch",
        "lit": "yes",
        "sport": "multi",
        "surface": "concrete"
      },
      "geometry": {
        "type": "Point",
        "coordinates": [
          122.0965154,
          6.9381853
        ]
      },
      "id": "node/12192699573"
    },
    {
      "type": "Feature",
      "properties": {
        "@id": "node/11266129256",
        "leisure": "swimming_pool"
      },
      "geometry": {
        "type": "Point",
        "coordinates": [
          122.0887068,
          6.9520267
        ]
      },
      "id": "node/11266129256"
    },
    {
      "type": "Feature",
      "properties": {
        "@id": "node/12432121204",
        "admin_level": "10",
        "amenity": "townhall",
        "name": "Lunzuran Barangay Hall",
        "townhall:type": "barangay"
      },
      "geometry": {
        "type": "Point",
        "coordinates": [
          122.0907007,
          6.9519708
        ]
      },
      "id": "node/12432121204"
    },
    {
      "type": "Feature",
      "properties": {
        "@id": "node/12432121205",
        "access": "yes",
        "leisure": "pitch",
        "lit": "yes",
        "name": "Lunzuran Barangay Covered Court",
        "sport": "basketball"
      },
      "geometry": {
        "type": "Point",
        "coordinates": [
          122.0904973,
          6.9518587
        ]
      },
      "id": "node/12432121205"
    },
    {
      "type": "Feature",
      "properties": {
        "@id": "node/12432121206",
        "amenity": "fire_station"
      },
      "geometry": {
        "type": "Point",
        "coordinates": [
          122.0906534,
          6.9520789
        ]
      },
      "id": "node/12432121206"
    },
    {
      "type": "Feature",
      "properties": {
        "@id": "node/9813890818",
        "tourism": "apartment"
      },
      "geometry": {
        "type": "Point",
        "coordinates": [
          122.0900725,
          6.9614853
        ]
      },
      "id": "node/9813890818"
    },
    {
      "type": "Feature",
      "properties": {
        "@id": "node/5211409221",
        "name": "lading",
        "name:en": "lading",
        "tourism": "motel"
      },
      "geometry": {
        "type": "Point",
        "coordinates": [
          122.1023888,
          6.9540809
        ]
      },
      "id": "node/5211409221"
    },
    {
      "type": "Feature",
      "properties": {
        "@id": "node/6284153792",
        "name": "Lantawan Grassland",
        "tourism": "viewpoint"
      },
      "geometry": {
        "type": "Point",
        "coordinates": [
          122.0625512,
          6.9647371
        ]
      },
      "id": "node/6284153792"
    },
    {
      "type": "Feature",
      "properties": {
        "@id": "node/5184895822",
        "fixme": "verify",
        "historic": "memorial",
        "name": "Cesar Climaco Memorial Park"
      },
      "geometry": {
        "type": "Point",
        "coordinates": [
          122.0760118,
          6.9644324
        ]
      },
      "id": "node/5184895822"
    },
    {
      "type": "Feature",
      "properties": {
        "@id": "node/5352138322",
        "fixme": "verify",
        "historic": "memorial",
        "name": "Mayor Cruz"
      },
      "geometry": {
        "type": "Point",
        "coordinates": [
          122.0735898,
          6.9709903
        ]
      },
      "id": "node/5352138322"
    },
    {
      "type": "Feature",
      "properties": {
        "@id": "node/7792954686",
        "amenity": "water_point",
        "name": "valve"
      },
      "geometry": {
        "type": "Point",
        "coordinates": [
          122.0958691,
          6.9741676
        ]
      },
      "id": "node/7792954686"
    },
    {
      "type": "Feature",
      "properties": {
        "@id": "node/7792955286",
        "name": "capt. residence..ferdinand",
        "tourism": "guest_house"
      },
      "geometry": {
        "type": "Point",
        "coordinates": [
          122.1019416,
          6.9704009
        ]
      },
      "id": "node/7792955286"
    },
    {
      "type": "Feature",
      "properties": {
        "@id": "node/7792954588",
        "amenity": "water_point",
        "name": "3rd valve fronting old barangay hall and a stand pipe"
      },
      "geometry": {
        "type": "Point",
        "coordinates": [
          122.0967918,
          6.9887794
        ]
      },
      "id": "node/7792954588"
    },
    {
      "type": "Feature",
      "properties": {
        "@id": "node/4583441694",
        "addr:city": "Zamboanga",
        "addr:street": "Maria Clara L. Lobregat Highway",
        "amenity": "pharmacy",
        "brand": "Mercury Drug",
        "brand:wikidata": "Q6818610",
        "healthcare": "pharmacy",
        "name": "Mercury Drug",
        "name:en": "Mercury Drug"
      },
      "geometry": {
        "type": "Point",
        "coordinates": [
          122.1067066,
          6.9486468
        ]
      },
      "id": "node/4583441694"
    },
    {
      "type": "Feature",
      "properties": {
        "@id": "node/8498474524",
        "amenity": "atm",
        "brand": "RCBC",
        "brand:wikidata": "Q7339070",
        "name": "RCBC ATM",
        "official_name": "Rizal Commercial Banking Corporation",
        "operator": "RCBC",
        "operator:wikidata": "Q7339070"
      },
      "geometry": {
        "type": "Point",
        "coordinates": [
          122.1088093,
          6.9482918
        ]
      },
      "id": "node/8498474524"
    },
    {
      "type": "Feature",
      "properties": {
        "@id": "node/12109737586",
        "amenity": "toilets"
      },
      "geometry": {
        "type": "Point",
        "coordinates": [
          122.1082276,
          6.9488776
        ]
      },
      "id": "node/12109737586"
    },
    {
      "type": "Feature",
      "properties": {
        "@id": "node/12109754953",
        "amenity": "smoking_area",
        "bench": "yes",
        "bin": "yes",
        "shelter": "no"
      },
      "geometry": {
        "type": "Point",
        "coordinates": [
          122.1083743,
          6.9502231
        ]
      },
      "id": "node/12109754953"
    },
    {
      "type": "Feature",
      "properties": {
        "@id": "node/4804178522",
        "name": "Fields of dream",
        "name:en": "Fields of dream",
        "tourism": "motel"
      },
      "geometry": {
        "type": "Point",
        "coordinates": [
          122.1135741,
          6.9516213
        ]
      },
      "id": "node/4804178522"
    },
    {
      "type": "Feature",
      "properties": {
        "@id": "node/4432537889",
        "amenity": "police",
        "name": "H5SAB, PNP-SAF",
        "name:en": "H5SAB, PNP-SAF"
      },
      "geometry": {
        "type": "Point",
        "coordinates": [
          122.1290972,
          6.9548222
        ]
      },
      "id": "node/4432537889"
    },
    {
      "type": "Feature",
      "properties": {
        "@id": "node/13206664596",
        "name": "Budgetwise",
        "shop": "supermarket"
      },
      "geometry": {
        "type": "Point",
        "coordinates": [
          122.1305994,
          6.9611132
        ]
      },
      "id": "node/13206664596"
    },
    {
      "type": "Feature",
      "properties": {
        "@id": "node/12735973104",
        "addr:postcode": "7000",
        "name": "Cielo Store",
        "phone": "09287932792",
        "shop": "convenience"
      },
      "geometry": {
        "type": "Point",
        "coordinates": [
          122.1168423,
          6.965069
        ]
      },
      "id": "node/12735973104"
    },
    {
      "type": "Feature",
      "properties": {
        "@id": "node/7541114085",
        "addr:full": "Culianan Rural Complex, Zamboanga City",
        "amenity": "social_facility",
        "contact:email": "lornabato_@yahoo.com",
        "contact:phone": "+62 9550035;+63 9262725386",
        "name": "Center for Children in Conflict with the Law",
        "operator": "Department of Interior and Local Government",
        "operator:type": "government",
        "social_facility": "shelter",
        "social_facility:for": "child;woman"
      },
      "geometry": {
        "type": "Point",
        "coordinates": [
          122.146569,
          6.9713816
        ]
      },
      "id": "node/7541114085"
    },
    {
      "type": "Feature",
      "properties": {
        "@id": "node/7859453785",
        "name": "Cabiles resthouse",
        "tourism": "camp_site"
      },
      "geometry": {
        "type": "Point",
        "coordinates": [
          122.1338614,
          6.9831593
        ]
      },
      "id": "node/7859453785"
    },
    {
      "type": "Feature",
      "properties": {
        "@id": "node/7792954587",
        "amenity": "water_point",
        "name": "2nd valve, 100mm"
      },
      "geometry": {
        "type": "Point",
        "coordinates": [
          122.0954007,
          6.9958722
        ]
      },
      "id": "node/7792954587"
    },
    {
      "type": "Feature",
      "properties": {
        "@id": "node/7792955285",
        "amenity": "water_point",
        "name": "first valve, 100mm 23turns"
      },
      "geometry": {
        "type": "Point",
        "coordinates": [
          122.0941948,
          7.0010082
        ]
      },
      "id": "node/7792955285"
    },
    {
      "type": "Feature",
      "properties": {
        "@id": "node/7792954585",
        "amenity": "water_point"
      },
      "geometry": {
        "type": "Point",
        "coordinates": [
          122.0942213,
          7.0168213
        ]
      },
      "id": "node/7792954585"
    },
    {
      "type": "Feature",
      "properties": {
        "@id": "node/7062425164",
        "addr:city": "Zamboanga City",
        "addr:place": "Landang Laum",
        "addr:postcode": "7000",
        "addr:province": "Zamboanga del Sur",
        "amenity": "school",
        "isced:level": "0;1",
        "name": "Landang Laum Elementary School",
        "operator": "Mercedes District of Zamboanga City Schools Division, DepEd",
        "operator:type": "government",
        "operator:wikidata": "Q3550346",
        "population:pupils": "360",
        "population:pupils:date": "2015",
        "ref": "126160",
        "start_date": "1967"
      },
      "geometry": {
        "type": "Point",
        "coordinates": [
          122.2468391,
          6.9692374
        ]
      },
      "id": "node/7062425164"
    },
    {
      "type": "Feature",
      "properties": {
        "@id": "node/13206139958",
        "access": "customers",
        "amenity": "shower",
        "unisex": "yes"
      },
      "geometry": {
        "type": "Point",
        "coordinates": [
          122.1679017,
          7.0024189
        ]
      },
      "id": "node/13206139958"
    },
    {
      "type": "Feature",
      "properties": {
        "@id": "node/13206139959",
        "addr:housename": "MnM Pines Resort & Country Club",
        "noname": "yes",
        "shop": "convenience"
      },
      "geometry": {
        "type": "Point",
        "coordinates": [
          122.1680063,
          7.0023231
        ]
      },
      "id": "node/13206139959"
    },
    {
      "type": "Feature",
      "properties": {
        "@id": "node/13206139965",
        "amenity": "place_of_worship",
        "indoor": "room",
        "name": "Prayer Room",
        "religion": "multifaith"
      },
      "geometry": {
        "type": "Point",
        "coordinates": [
          122.1685441,
          7.0024336
        ]
      },
      "id": "node/13206139965"
    },
    {
      "type": "Feature",
      "properties": {
        "@id": "node/13206139966",
        "leisure": "playground"
      },
      "geometry": {
        "type": "Point",
        "coordinates": [
          122.1683952,
          7.002399
        ]
      },
      "id": "node/13206139966"
    },
    {
      "type": "Feature",
      "properties": {
        "@id": "node/13206139967",
        "amenity": "fountain"
      },
      "geometry": {
        "type": "Point",
        "coordinates": [
          122.1680345,
          7.0024682
        ]
      },
      "id": "node/13206139967"
    },
    {
      "type": "Feature",
      "properties": {
        "@id": "node/13206139970",
        "access": "customers",
        "addr:housename": "MnM Pines Resort & Country Club",
        "leisure": "swimming_pool"
      },
      "geometry": {
        "type": "Point",
        "coordinates": [
          122.167726,
          7.0024456
        ]
      },
      "id": "node/13206139970"
    },
    {
      "type": "Feature",
      "properties": {
        "@id": "node/13206139971",
        "access": "customers",
        "addr:housename": "MnM Pines Resort & Country Club",
        "leisure": "swimming_pool"
      },
      "geometry": {
        "type": "Point",
        "coordinates": [
          122.1681022,
          7.0024422
        ]
      },
      "id": "node/13206139971"
    },
    {
      "type": "Feature",
      "properties": {
        "@id": "node/13206139972",
        "access": "customers",
        "addr:housename": "MnM Pines Resort & Country Club",
        "leisure": "swimming_pool"
      },
      "geometry": {
        "type": "Point",
        "coordinates": [
          122.168298,
          7.002371
        ]
      },
      "id": "node/13206139972"
    },
    {
      "type": "Feature",
      "properties": {
        "@id": "node/13206139950",
        "access": "customers",
        "amenity": "parking"
      },
      "geometry": {
        "type": "Point",
        "coordinates": [
          122.1678333,
          7.00258
        ]
      },
      "id": "node/13206139950"
    },
    {
      "type": "Feature",
      "properties": {
        "@id": "node/13206139957",
        "access": "customers",
        "addr:housename": "MnM Pines Resort & Country Club",
        "leisure": "swimming_pool"
      },
      "geometry": {
        "type": "Point",
        "coordinates": [
          122.1682343,
          7.0026119
        ]
      },
      "id": "node/13206139957"
    },
    {
      "type": "Feature",
      "properties": {
        "@id": "node/11277108120",
        "addr:barangay": "Manicahan",
        "addr:city": "Zamboanga City",
        "addr:neighbourhood": "Purok Green Valley",
        "addr:postcode": "7000",
        "addr:province": "Zamboanga del Sur",
        "addr:street": "Maria Clara L. Lobregat Highway",
        "amenity": "cafe",
        "contact:facebook": "@𝐤𝐨𝐟𝐞̄𝐧𝐚𝐭𝐞𝐝-100094204494043",
        "drive_through": "yes",
        "internet_access": "no",
        "name": "Kofenated",
        "opening_hours": "Mo-Sa 08:30-18:30, Su off",
        "takeaway": "yes"
      },
      "geometry": {
        "type": "Point",
        "coordinates": [
          122.1874945,
          7.0208875
        ]
      },
      "id": "node/11277108120"
    },
    {
      "type": "Feature",
      "properties": {
        "@id": "node/7809141192",
        "leisure": "sports_centre"
      },
      "geometry": {
        "type": "Point",
        "coordinates": [
          122.1262807,
          7.0436092
        ]
      },
      "id": "node/7809141192"
    },
    {
      "type": "Feature",
      "properties": {
        "@id": "node/13206142198",
        "access": "private",
        "leisure": "swimming_pool"
      },
      "geometry": {
        "type": "Point",
        "coordinates": [
          122.1268451,
          7.0577296
        ]
      },
      "id": "node/13206142198"
    },
    {
      "type": "Feature",
      "properties": {
        "@id": "node/13206670419",
        "name": "Budgetwise",
        "shop": "supermarket"
      },
      "geometry": {
        "type": "Point",
        "coordinates": [
          122.2085516,
          7.0740258
        ]
      },
      "id": "node/13206670419"
    },
    {
      "type": "Feature",
      "properties": {
        "@id": "node/4417080891",
        "amenity": "post_office",
        "name": "Bravo Company Command Post",
        "name:en": "Bravo Company Command Post"
      },
      "geometry": {
        "type": "Point",
        "coordinates": [
          122.2141941,
          7.0775605
        ]
      },
      "id": "node/4417080891"
    },
    {
      "type": "Feature",
      "properties": {
        "@id": "node/4561048491",
        "addr:street": "Maria Clara L. Lobregat Highway",
        "name": "Jacquelyn Magasa Station",
        "name:en": "Jacquelyn Magasa Station",
        "shop": "fuel"
      },
      "geometry": {
        "type": "Point",
        "coordinates": [
          122.2131057,
          7.0766787
        ]
      },
      "id": "node/4561048491"
    },
    {
      "type": "Feature",
      "properties": {
        "@id": "node/13240129943",
        "addr:street": "Celia P. Manuel Street",
        "amenity": "fire_station",
        "fire_station:type": "local_station",
        "name": "Sangali Fire Station",
        "official_name": "Sangali Fire Substation"
      },
      "geometry": {
        "type": "Point",
        "coordinates": [
          122.2132726,
          7.0792624
        ]
      },
      "id": "node/13240129943"
    },
    {
      "type": "Feature",
      "properties": {
        "@id": "node/5436782723",
        "addr:street": "Maria Clara L. Lobregat Highway",
        "name": "Marky's Bakery",
        "shop": "bakery"
      },
      "geometry": {
        "type": "Point",
        "coordinates": [
          122.2316244,
          7.091373
        ]
      },
      "id": "node/5436782723"
    },
    {
      "type": "Feature",
      "properties": {
        "@id": "node/5436793621",
        "name": "Maria Luz Store",
        "shop": "convenience"
      },
      "geometry": {
        "type": "Point",
        "coordinates": [
          122.2317718,
          7.0913898
        ]
      },
      "id": "node/5436793621"
    },
    {
      "type": "Feature",
      "properties": {
        "@id": "node/5436781521",
        "name": "Maya Store",
        "shop": "convenience"
      },
      "geometry": {
        "type": "Point",
        "coordinates": [
          122.2355527,
          7.0976264
        ]
      },
      "id": "node/5436781521"
    },
    {
      "type": "Feature",
      "properties": {
        "@id": "node/5436781721",
        "addr:street": "Maria Clara L. Lobregat Highway",
        "name": "Enriquez Store",
        "shop": "convenience"
      },
      "geometry": {
        "type": "Point",
        "coordinates": [
          122.2335787,
          7.0948473
        ]
      },
      "id": "node/5436781721"
    },
    {
      "type": "Feature",
      "properties": {
        "@id": "node/13206670407",
        "historic": "monument"
      },
      "geometry": {
        "type": "Point",
        "coordinates": [
          122.2385773,
          7.0979592
        ]
      },
      "id": "node/13206670407"
    },
    {
      "type": "Feature",
      "properties": {
        "@id": "node/4918020922",
        "amenity": "restaurant",
        "name": "Kyla Meal Place and Pension House",
        "name:en": "Kyla Meal Place and Pension House"
      },
      "geometry": {
        "type": "Point",
        "coordinates": [
          122.2827302,
          7.3535951
        ]
      },
      "id": "node/4918020922"
    },
    {
      "type": "Feature",
      "properties": {
        "@id": "node/5377295122",
        "addr:postcode": "7000",
        "addr:street": "Maria Clara L. Lobregat Highway",
        "email": "jungjung1975@gmail.com",
        "name": "Abella's agrivet",
        "shop": "agrarian"
      },
      "geometry": {
        "type": "Point",
        "coordinates": [
          122.2854662,
          7.3633818
        ]
      },
      "id": "node/5377295122"
    },
    {
      "type": "Feature",
      "properties": {
        "@id": "node/4918373121",
        "name": "Mia Lim Store",
        "name:en": "Mia Lim Store",
        "shop": "convenience"
      },
      "geometry": {
        "type": "Point",
        "coordinates": [
          122.288257,
          7.370685
        ]
      },
      "id": "node/4918373121"
    },
    {
      "type": "Feature",
      "properties": {
        "@id": "node/4918373421",
        "amenity": "restaurant",
        "name": "Shien Mark Eatery",
        "name:en": "Shien Mark Eatery"
      },
      "geometry": {
        "type": "Point",
        "coordinates": [
          122.2881159,
          7.3706043
        ]
      },
      "id": "node/4918373421"
    },
    {
      "type": "Feature",
      "properties": {
        "@id": "node/5234905721",
        "amenity": "fast_food"
      },
      "geometry": {
        "type": "Point",
        "coordinates": [
          122.2880265,
          7.3708295
        ]
      },
      "id": "node/5234905721"
    },
    {
      "type": "Feature",
      "properties": {
        "@id": "node/5398334223",
        "amenity": "post_office",
        "name": "STL SITE"
      },
      "geometry": {
        "type": "Point",
        "coordinates": [
          122.2872829,
          7.3697195
        ]
      },
      "id": "node/5398334223"
    },
    {
      "type": "Feature",
      "properties": {
        "@id": "node/5398338322",
        "addr:street": "Maria Clara L. Lobregat Highway",
        "name": "Lotto outlet",
        "shop": "lottery"
      },
      "geometry": {
        "type": "Point",
        "coordinates": [
          122.2880029,
          7.3705492
        ]
      },
      "id": "node/5398338322"
    },
    {
      "type": "Feature",
      "properties": {
        "@id": "node/5466061822",
        "shop": "lottery"
      },
      "geometry": {
        "type": "Point",
        "coordinates": [
          122.2874274,
          7.3699586
        ]
      },
      "id": "node/5466061822"
    },
    {
      "type": "Feature",
      "properties": {
        "@id": "node/9046350367",
        "amenity": "police",
        "name": "PNP Checkpoint (Border of Licomo)",
        "operator": "Philippine National Police",
        "operator:short": "PNP",
        "operator:wikidata": "Q963772",
        "operator:wikipedia": "tl:Pambansang Pulisya ng Pilipinas"
      },
      "geometry": {
        "type": "Point",
        "coordinates": [
          122.3320971,
          7.466986
        ]
      },
      "id": "node/9046350367"
    }
  ]
}