{
"type": "FeatureCollection",
"name": "POIs-simple",
"crs": { "type": "name", "properties": { "name": "urn:ogc:def:crs:OGC:1.3:CRS84" } },
"features": [
{ "type": "Feature", "properties": { "amenity": "school", "name": "Bolong National High School" }, "geometry": { "type": "Point", "coordinates": [ 122.2380584, 7.1000576 ] } },
{ "type": "Feature", "properties": { "amenity": "school", "name": "Bolong Elementary School" }, "geometry": { "type": "Point", "coordinates": [ 122.2371711, 7.099314 ] } },
{ "type": "Feature", "properties": { "amenity": null, "name": "Fort Pilar" }, "geometry": { "type": "Point", "coordinates": [ 122.0821964, 6.9011314 ] } },
{ "type": "Feature", "properties": { "amenity": "school", "name": "Mangga Elementary School" }, "geometry": { "type": "Point", "coordinates": [ 122.2254594, 7.1090094 ] } },
{ "type": "Feature", "properties": { "amenity": "school", "name": "Don Pablo A. Lorenzo Memorial High School" }, "geometry": { "type": "Point", "coordinates": [ 122.058823, 6.9272474 ] } },
{ "type": "Feature", "properties": { "amenity": "place_of_worship", "name": "Masjid Santa Barbara" }, "geometry": { "type": "Point", "coordinates": [ 122.081469, 6.9035564 ] } },
{ "type": "Feature", "properties": { "amenity": "university", "name": "Zamboanga Peninsula Polytechnic State University" }, "geometry": { "type": "Point", "coordinates": [ 122.0592944, 6.9131185 ] } },
{ "type": "Feature", "properties": { "amenity": "school", "name": "Zamboanga National High School – West" }, "geometry": { "type": "Point", "coordinates": [ 122.0616917, 6.9109437 ] } },
{ "type": "Feature", "properties": { "amenity": null, "name": "Joaquin F. Enriquez Memorial Sports Complex" }, "geometry": { "type": "Point", "coordinates": [ 122.0624338, 6.9113935 ] } },
{ "type": "Feature", "properties": { "amenity": null, "name": "Track and Athletics Field" }, "geometry": { "type": "Point", "coordinates": [ 122.062472, 6.9116705 ] } },
{ "type": "Feature", "properties": { "amenity": "hospital", "name": "Zamboanga City Medical Center" }, "geometry": { "type": "Point", "coordinates": [ 122.0813157, 6.9068262 ] } },
{ "type": "Feature", "properties": { "amenity": null, "name": "Plaza del Pilar" }, "geometry": { "type": "Point", "coordinates": [ 122.0820413, 6.9020344 ] } },
{ "type": "Feature", "properties": { "amenity": null, "name": "Shop-O-Rama" }, "geometry": { "type": "Point", "coordinates": [ 122.0756654, 6.9061183 ] } },
{ "type": "Feature", "properties": { "amenity": "ferry_terminal", "name": "Port of Zamboanga" }, "geometry": { "type": "Point", "coordinates": [ 122.0733024, 6.903188 ] } },
{ "type": "Feature", "properties": { "amenity": "school", "name": "Ayala National High School" }, "geometry": { "type": "Point", "coordinates": [ 121.949345, 6.9625677 ] } },
{ "type": "Feature", "properties": { "amenity": "school", "name": "Southern Support Command Elementary School" }, "geometry": { "type": "Point", "coordinates": [ 122.0196308, 6.9285935 ] } },
{ "type": "Feature", "properties": { "amenity": null, "name": "Citi Hardware Gensan, Inc." }, "geometry": { "type": "Point", "coordinates": [ 122.1230767, 6.9527784 ] } },
{ "type": "Feature", "properties": { "amenity": "parking", "name": null }, "geometry": { "type": "Point", "coordinates": [ 122.0698251, 6.9049935 ] } },
{ "type": "Feature", "properties": { "amenity": null, "name": null }, "geometry": { "type": "Point", "coordinates": [ 122.0648712, 6.9086654 ] } },
{ "type": "Feature", "properties": { "amenity": "college", "name": "Brent Colleges" }, "geometry": { "type": "Point", "coordinates": [ 122.0682878, 6.9088372 ] } },
{ "type": "Feature", "properties": { "amenity": "hospital", "name": "Brent Hospital" }, "geometry": { "type": "Point", "coordinates": [ 122.0683241, 6.9079298 ] } },
{ "type": "Feature", "properties": { "amenity": "school", "name": "Claret School of Zamboanga City" }, "geometry": { "type": "Point", "coordinates": [ 122.0669667, 6.9148386 ] } },
{ "type": "Feature", "properties": { "amenity": "school", "name": "Ayala Central School" }, "geometry": { "type": "Point", "coordinates": [ 121.9500061, 6.9610123 ] } },
{ "type": "Feature", "properties": { "amenity": "school", "name": "Ayala Central School SpEd Center" }, "geometry": { "type": "Point", "coordinates": [ 121.9498989, 6.9620733 ] } },
{ "type": "Feature", "properties": { "amenity": "parking", "name": null }, "geometry": { "type": "Point", "coordinates": [ 122.080416, 6.9215814 ] } },
{ "type": "Feature", "properties": { "amenity": "school", "name": "Ateneo de Zamboanga High School" }, "geometry": { "type": "Point", "coordinates": [ 122.0849357, 6.9458258 ] } },
{ "type": "Feature", "properties": { "amenity": "school", "name": "Zamboanga Chong Hua High School" }, "geometry": { "type": "Point", "coordinates": [ 122.0783012, 6.9043884 ] } },
{ "type": "Feature", "properties": { "amenity": "university", "name": "Ateneo de Zamboanga University" }, "geometry": { "type": "Point", "coordinates": [ 122.0761074, 6.9102997 ] } },
{ "type": "Feature", "properties": { "amenity": "school", "name": "Immaculate Conception Archdiocesan School" }, "geometry": { "type": "Point", "coordinates": [ 122.090613, 6.9181919 ] } },
{ "type": "Feature", "properties": { "amenity": "college", "name": "ICAS College" }, "geometry": { "type": "Point", "coordinates": [ 122.0904561, 6.9178657 ] } },
{ "type": "Feature", "properties": { "amenity": "college", "name": "Pastor Bonus Seminary" }, "geometry": { "type": "Point", "coordinates": [ 122.0899553, 6.9167374 ] } },
{ "type": "Feature", "properties": { "amenity": "school", "name": "Zamboanga City High School" }, "geometry": { "type": "Point", "coordinates": [ 122.0930491, 6.9127315 ] } },
{ "type": "Feature", "properties": { "amenity": "hospital", "name": "Premier Medical Center Zamboanga" }, "geometry": { "type": "Point", "coordinates": [ 122.0924679, 6.9159283 ] } },
{ "type": "Feature", "properties": { "amenity": null, "name": "Once Islas" }, "geometry": { "type": "Point", "coordinates": [ 122.2684027, 7.1490459 ] } },
{ "type": "Feature", "properties": { "amenity": "school", "name": "Don G. Evangelista Memorial Elementary School" }, "geometry": { "type": "Point", "coordinates": [ 122.0877493, 6.9085373 ] } },
{ "type": "Feature", "properties": { "amenity": "school", "name": "Sangali Elementary School" }, "geometry": { "type": "Point", "coordinates": [ 122.2125593, 7.0759246 ] } },
{ "type": "Feature", "properties": { "amenity": null, "name": "Pasonanca Natural Park" }, "geometry": { "type": "Point", "coordinates": [ 122.0755, 7.0710832 ] } },
{ "type": "Feature", "properties": { "amenity": "place_of_worship", "name": "Nuestra Señora La Virgen del Pilar Shrine" }, "geometry": { "type": "Point", "coordinates": [ 122.0824434, 6.9012344 ] } },
{ "type": "Feature", "properties": { "amenity": null, "name": "Plaza Pershing" }, "geometry": { "type": "Point", "coordinates": [ 122.076272, 6.905329 ] } },
{ "type": "Feature", "properties": { "amenity": "college", "name": "Colegio de Moderno Technico Y Informatico" }, "geometry": { "type": "Point", "coordinates": [ 122.0774796, 6.9042902 ] } },
{ "type": "Feature", "properties": { "amenity": null, "name": null }, "geometry": { "type": "Point", "coordinates": [ 122.0587376, 6.9139236 ] } },
{ "type": "Feature", "properties": { "amenity": "bank", "name": "HSBC" }, "geometry": { "type": "Point", "coordinates": [ 122.0743041, 6.9056002 ] } },
{ "type": "Feature", "properties": { "amenity": "bank", "name": "Landbank" }, "geometry": { "type": "Point", "coordinates": [ 122.0797291, 6.9024952 ] } },
{ "type": "Feature", "properties": { "amenity": "university", "name": "Ateneo de Zamboanga University - Lantaka Campus" }, "geometry": { "type": "Point", "coordinates": [ 122.0784862, 6.902663 ] } },
{ "type": "Feature", "properties": { "amenity": "college", "name": "Pilar College" }, "geometry": { "type": "Point", "coordinates": [ 122.0655917, 6.9091126 ] } },
{ "type": "Feature", "properties": { "amenity": null, "name": "Plaza Alvarez" }, "geometry": { "type": "Point", "coordinates": [ 122.0766268, 6.904947 ] } },
{ "type": "Feature", "properties": { "amenity": null, "name": "Rizal Park" }, "geometry": { "type": "Point", "coordinates": [ 122.0763795, 6.9045537 ] } },
{ "type": "Feature", "properties": { "amenity": "fuel", "name": "Shell" }, "geometry": { "type": "Point", "coordinates": [ 122.0715896, 6.9049916 ] } },
{ "type": "Feature", "properties": { "amenity": "university", "name": "Western Mindanao State University" }, "geometry": { "type": "Point", "coordinates": [ 122.0611967, 6.9133887 ] } },
{ "type": "Feature", "properties": { "amenity": "hospital", "name": "Zamboanga Arturo Eustaquio Fondation Community Medical Center" }, "geometry": { "type": "Point", "coordinates": [ 122.0675743, 6.9092667 ] } },
{ "type": "Feature", "properties": { "amenity": "school", "name": "Zamboanga West Central School" }, "geometry": { "type": "Point", "coordinates": [ 122.0724049, 6.9073795 ] } },
{ "type": "Feature", "properties": { "amenity": null, "name": "Multi-Purpose Covered Court 2" }, "geometry": { "type": "Point", "coordinates": [ 122.0761447, 6.9097524 ] } },
{ "type": "Feature", "properties": { "amenity": "place_of_worship", "name": "Metropolitan Cathedral of the Immaculate Conception" }, "geometry": { "type": "Point", "coordinates": [ 122.0760273, 6.9089267 ] } },
{ "type": "Feature", "properties": { "amenity": null, "name": null }, "geometry": { "type": "Point", "coordinates": [ 122.0619945, 6.9111073 ] } },
{ "type": "Feature", "properties": { "amenity": "marketplace", "name": "Zamboanga Night Market" }, "geometry": { "type": "Point", "coordinates": [ 122.0794932, 6.9094223 ] } },
{ "type": "Feature", "properties": { "amenity": "place_of_worship", "name": "University Church of the Sacred Heart of Jesus" }, "geometry": { "type": "Point", "coordinates": [ 122.0752534, 6.9104508 ] } },
{ "type": "Feature", "properties": { "amenity": null, "name": null }, "geometry": { "type": "Point", "coordinates": [ 122.0623497, 6.9109373 ] } },
{ "type": "Feature", "properties": { "amenity": null, "name": null }, "geometry": { "type": "Point", "coordinates": [ 122.0620601, 6.9125349 ] } },
{ "type": "Feature", "properties": { "amenity": null, "name": null }, "geometry": { "type": "Point", "coordinates": [ 122.0625456, 6.9124608 ] } },
{ "type": "Feature", "properties": { "amenity": null, "name": null }, "geometry": { "type": "Point", "coordinates": [ 122.0622954, 6.9126767 ] } },
{ "type": "Feature", "properties": { "amenity": "parking", "name": null }, "geometry": { "type": "Point", "coordinates": [ 122.0619512, 6.9109082 ] } },
{ "type": "Feature", "properties": { "amenity": null, "name": null }, "geometry": { "type": "Point", "coordinates": [ 122.061739, 6.9117544 ] } },
{ "type": "Feature", "properties": { "amenity": null, "name": null }, "geometry": { "type": "Point", "coordinates": [ 122.0619239, 6.9115059 ] } },
{ "type": "Feature", "properties": { "amenity": null, "name": null }, "geometry": { "type": "Point", "coordinates": [ 122.0784833, 6.9044978 ] } },
{ "type": "Feature", "properties": { "amenity": null, "name": null }, "geometry": { "type": "Point", "coordinates": [ 122.0625955, 6.9100667 ] } },
{ "type": "Feature", "properties": { "amenity": null, "name": null }, "geometry": { "type": "Point", "coordinates": [ 122.0783372, 6.9025686 ] } },
{ "type": "Feature", "properties": { "amenity": null, "name": null }, "geometry": { "type": "Point", "coordinates": [ 122.0618177, 6.9122902 ] } },
{ "type": "Feature", "properties": { "amenity": "parking", "name": "SM Parking" }, "geometry": { "type": "Point", "coordinates": [ 122.0765352, 6.9078797 ] } },
{ "type": "Feature", "properties": { "amenity": "marketplace", "name": "Zamboanga City Public Market" }, "geometry": { "type": "Point", "coordinates": [ 122.0739121, 6.9039956 ] } },
{ "type": "Feature", "properties": { "amenity": "fast_food", "name": "McDonald's" }, "geometry": { "type": "Point", "coordinates": [ 122.0755134, 6.9084688 ] } },
{ "type": "Feature", "properties": { "amenity": "bank", "name": "DBP" }, "geometry": { "type": "Point", "coordinates": [ 122.0754989, 6.9037741 ] } },
{ "type": "Feature", "properties": { "amenity": null, "name": "SM City Mindpro" }, "geometry": { "type": "Point", "coordinates": [ 122.0762162, 6.9080093 ] } },
{ "type": "Feature", "properties": { "amenity": null, "name": "Pada's Park" }, "geometry": { "type": "Point", "coordinates": [ 122.0238635, 6.922859 ] } },
{ "type": "Feature", "properties": { "amenity": null, "name": "Zamboanga City Golf Club and Beach Resort" }, "geometry": { "type": "Point", "coordinates": [ 122.0324883, 6.9233243 ] } },
{ "type": "Feature", "properties": { "amenity": "school", "name": "Sinunuc Elementary School" }, "geometry": { "type": "Point", "coordinates": [ 122.001483, 6.9341966 ] } },
{ "type": "Feature", "properties": { "amenity": "cockfighting", "name": "Zamboanga Square Garden Cockfighting Arena" }, "geometry": { "type": "Point", "coordinates": [ 122.0091668, 6.9301592 ] } },
{ "type": "Feature", "properties": { "amenity": "place_of_worship", "name": null }, "geometry": { "type": "Point", "coordinates": [ 122.0415551, 6.91576 ] } },
{ "type": "Feature", "properties": { "amenity": "hospital", "name": "Camp Navarro General Hospital" }, "geometry": { "type": "Point", "coordinates": [ 122.0378088, 6.917782 ] } },
{ "type": "Feature", "properties": { "amenity": "townhall", "name": "Bolong Barangay Hall" }, "geometry": { "type": "Point", "coordinates": [ 122.2403838, 7.0976477 ] } },
{ "type": "Feature", "properties": { "amenity": null, "name": "Rojas Store" }, "geometry": { "type": "Point", "coordinates": [ 122.2403777, 7.0981022 ] } },
{ "type": "Feature", "properties": { "amenity": "health_post", "name": "Bolong Wellness Center" }, "geometry": { "type": "Point", "coordinates": [ 122.2404841, 7.0977755 ] } },
{ "type": "Feature", "properties": { "amenity": "childcare", "name": "Bolong Daycare Center" }, "geometry": { "type": "Point", "coordinates": [ 122.2403234, 7.097747 ] } },
{ "type": "Feature", "properties": { "amenity": null, "name": "Sharali Store" }, "geometry": { "type": "Point", "coordinates": [ 122.2399609, 7.098397 ] } },
{ "type": "Feature", "properties": { "amenity": "fuel", "name": "Shell" }, "geometry": { "type": "Point", "coordinates": [ 122.2104547, 7.0739337 ] } },
{ "type": "Feature", "properties": { "amenity": "recycling", "name": "Material Recovery Facility" }, "geometry": { "type": "Point", "coordinates": [ 122.0779736, 6.9225694 ] } },
{ "type": "Feature", "properties": { "amenity": "toilets", "name": null }, "geometry": { "type": "Point", "coordinates": [ 122.0782932, 6.9199636 ] } },
{ "type": "Feature", "properties": { "amenity": "parking", "name": null }, "geometry": { "type": "Point", "coordinates": [ 122.0788012, 6.9198896 ] } },
{ "type": "Feature", "properties": { "amenity": "townhall", "name": "Sangali Barangay Hall" }, "geometry": { "type": "Point", "coordinates": [ 122.213758, 7.0786557 ] } },
{ "type": "Feature", "properties": { "amenity": null, "name": null }, "geometry": { "type": "Point", "coordinates": [ 122.2406779, 7.0977088 ] } },
{ "type": "Feature", "properties": { "amenity": null, "name": null }, "geometry": { "type": "Point", "coordinates": [ 122.2390458, 7.097536 ] } },
{ "type": "Feature", "properties": { "amenity": "fast_food", "name": null }, "geometry": { "type": "Point", "coordinates": [ 122.2389959, 7.0975675 ] } },
{ "type": "Feature", "properties": { "amenity": null, "name": "Gregorio Store" }, "geometry": { "type": "Point", "coordinates": [ 122.2392028, 7.0977808 ] } },
{ "type": "Feature", "properties": { "amenity": null, "name": null }, "geometry": { "type": "Point", "coordinates": [ 122.2402475, 7.0975303 ] } },
{ "type": "Feature", "properties": { "amenity": "kindergarten", "name": "Immaculate Conception Archdiocesan Schools" }, "geometry": { "type": "Point", "coordinates": [ 122.2063334, 7.0719214 ] } },
{ "type": "Feature", "properties": { "amenity": null, "name": "Sangali Covered Court" }, "geometry": { "type": "Point", "coordinates": [ 122.2073913, 7.0727716 ] } },
{ "type": "Feature", "properties": { "amenity": "place_of_worship", "name": "St. Joseph the Worker Parish Church" }, "geometry": { "type": "Point", "coordinates": [ 122.2062093, 7.0721264 ] } },
{ "type": "Feature", "properties": { "amenity": "police", "name": "ZCPO Station 3 (Sangali)" }, "geometry": { "type": "Point", "coordinates": [ 122.2046031, 7.0716046 ] } },
{ "type": "Feature", "properties": { "amenity": null, "name": "St, Peter Chapel" }, "geometry": { "type": "Point", "coordinates": [ 122.1097423, 6.9477448 ] } },
{ "type": "Feature", "properties": { "amenity": "fuel", "name": "Shell" }, "geometry": { "type": "Point", "coordinates": [ 122.1091203, 6.9481836 ] } },
{ "type": "Feature", "properties": { "amenity": "parking", "name": null }, "geometry": { "type": "Point", "coordinates": [ 122.109694, 6.9481419 ] } },
{ "type": "Feature", "properties": { "amenity": "fuel", "name": "Z Oil Gasoline Station" }, "geometry": { "type": "Point", "coordinates": [ 122.096894, 6.9444378 ] } },
{ "type": "Feature", "properties": { "amenity": "fast_food", "name": "Greenwich" }, "geometry": { "type": "Point", "coordinates": [ 122.0725408, 6.9207326 ] } },
{ "type": "Feature", "properties": { "amenity": "fast_food", "name": "Jollibee" }, "geometry": { "type": "Point", "coordinates": [ 122.0726944, 6.9208002 ] } },
{ "type": "Feature", "properties": { "amenity": "parking", "name": null }, "geometry": { "type": "Point", "coordinates": [ 122.0725397, 6.9208348 ] } },
{ "type": "Feature", "properties": { "amenity": null, "name": "City Museum" }, "geometry": { "type": "Point", "coordinates": [ 122.0722804, 6.9541644 ] } },
{ "type": "Feature", "properties": { "amenity": "parking", "name": null }, "geometry": { "type": "Point", "coordinates": [ 122.0867444, 6.9157085 ] } },
{ "type": "Feature", "properties": { "amenity": "parking", "name": null }, "geometry": { "type": "Point", "coordinates": [ 122.0715625, 6.9531681 ] } },
{ "type": "Feature", "properties": { "amenity": "parking", "name": null }, "geometry": { "type": "Point", "coordinates": [ 122.071645, 6.9530205 ] } },
{ "type": "Feature", "properties": { "amenity": null, "name": "PCA-ZRC Guest House" }, "geometry": { "type": "Point", "coordinates": [ 121.9231733, 6.9902393 ] } },
{ "type": "Feature", "properties": { "amenity": "prison", "name": "San Ramon Prison Farm and Penal Colony" }, "geometry": { "type": "Point", "coordinates": [ 121.9227361, 6.9941503 ] } },
{ "type": "Feature", "properties": { "amenity": null, "name": null }, "geometry": { "type": "Point", "coordinates": [ 121.9218431, 6.9936818 ] } },
{ "type": "Feature", "properties": { "amenity": null, "name": null }, "geometry": { "type": "Point", "coordinates": [ 121.9230107, 6.9941173 ] } },
{ "type": "Feature", "properties": { "amenity": null, "name": null }, "geometry": { "type": "Point", "coordinates": [ 121.9221919, 6.9950592 ] } },
{ "type": "Feature", "properties": { "amenity": null, "name": null }, "geometry": { "type": "Point", "coordinates": [ 121.922045, 6.9950149 ] } },
{ "type": "Feature", "properties": { "amenity": "place_of_worship", "name": "Tugbungan Church" }, "geometry": { "type": "Point", "coordinates": [ 122.1060461, 6.9198252 ] } },
{ "type": "Feature", "properties": { "amenity": "place_of_worship", "name": "Masjid Zambagura" }, "geometry": { "type": "Point", "coordinates": [ 122.0755911, 6.9030936 ] } },
{ "type": "Feature", "properties": { "amenity": "place_of_worship", "name": "Saint Ignatius of Loyola Church" }, "geometry": { "type": "Point", "coordinates": [ 122.089545, 6.9175577 ] } },
{ "type": "Feature", "properties": { "amenity": "university", "name": "Universidad de Zamboanga Main Campus" }, "geometry": { "type": "Point", "coordinates": [ 122.0869554, 6.9190861 ] } },
{ "type": "Feature", "properties": { "amenity": "events_venue", "name": "Summit Centre" }, "geometry": { "type": "Point", "coordinates": [ 122.0866765, 6.9191679 ] } },
{ "type": "Feature", "properties": { "amenity": "bank", "name": "Metrobank" }, "geometry": { "type": "Point", "coordinates": [ 122.0794025, 6.9136523 ] } },
{ "type": "Feature", "properties": { "amenity": "fast_food", "name": "Jollibee" }, "geometry": { "type": "Point", "coordinates": [ 122.0798862, 6.9139198 ] } },
{ "type": "Feature", "properties": { "amenity": "fuel", "name": "Shell" }, "geometry": { "type": "Point", "coordinates": [ 122.0798083, 6.9146608 ] } },
{ "type": "Feature", "properties": { "amenity": "pharmacy", "name": "Oro Wonder Drug" }, "geometry": { "type": "Point", "coordinates": [ 122.0797046, 6.9148989 ] } },
{ "type": "Feature", "properties": { "amenity": "school", "name": "Immaculate Conception Elementary School" }, "geometry": { "type": "Point", "coordinates": [ 122.0910425, 6.9241964 ] } },
{ "type": "Feature", "properties": { "amenity": "place_of_worship", "name": "Our Lady of Manaoag Parish Church" }, "geometry": { "type": "Point", "coordinates": [ 122.0788431, 6.9334877 ] } },
{ "type": "Feature", "properties": { "amenity": "school", "name": "Catalina viuda de Jalon Memorial School" }, "geometry": { "type": "Point", "coordinates": [ 122.0800048, 6.9366556 ] } },
{ "type": "Feature", "properties": { "amenity": "parking_space", "name": null }, "geometry": { "type": "Point", "coordinates": [ 122.0791022, 6.9092774 ] } },
{ "type": "Feature", "properties": { "amenity": "parking", "name": null }, "geometry": { "type": "Point", "coordinates": [ 122.0795215, 6.9096136 ] } },
{ "type": "Feature", "properties": { "amenity": null, "name": "The Gateway Mall" }, "geometry": { "type": "Point", "coordinates": [ 122.0769732, 6.9066836 ] } },
{ "type": "Feature", "properties": { "amenity": null, "name": "The Southway Square" }, "geometry": { "type": "Point", "coordinates": [ 122.0767381, 6.9060178 ] } },
{ "type": "Feature", "properties": { "amenity": null, "name": null }, "geometry": { "type": "Point", "coordinates": [ 122.0796028, 6.9362971 ] } },
{ "type": "Feature", "properties": { "amenity": "marketplace", "name": "LB Wet Market" }, "geometry": { "type": "Point", "coordinates": [ 122.0784151, 6.9284518 ] } },
{ "type": "Feature", "properties": { "amenity": null, "name": "Budgetwise Sta. Maria" }, "geometry": { "type": "Point", "coordinates": [ 122.0782926, 6.9279904 ] } },
{ "type": "Feature", "properties": { "amenity": "fuel", "name": "Petron" }, "geometry": { "type": "Point", "coordinates": [ 122.0788288, 6.9340918 ] } },
{ "type": "Feature", "properties": { "amenity": "parking", "name": null }, "geometry": { "type": "Point", "coordinates": [ 122.0798731, 6.913829 ] } },
{ "type": "Feature", "properties": { "amenity": "place_of_worship", "name": "Our Lady of the Holy Rosary Parish Church" }, "geometry": { "type": "Point", "coordinates": [ 122.2399424, 7.0979484 ] } },
{ "type": "Feature", "properties": { "amenity": "place_of_worship", "name": null }, "geometry": { "type": "Point", "coordinates": [ 122.0826404, 6.9012129 ] } },
{ "type": "Feature", "properties": { "amenity": null, "name": "La Merced Funeral Home" }, "geometry": { "type": "Point", "coordinates": [ 122.0789293, 6.913483 ] } },
{ "type": "Feature", "properties": { "amenity": null, "name": "Fruits Section" }, "geometry": { "type": "Point", "coordinates": [ 122.078579, 6.9213731 ] } },
{ "type": "Feature", "properties": { "amenity": "school", "name": "Vitali Central School" }, "geometry": { "type": "Point", "coordinates": [ 122.289, 7.3725304 ] } },
{ "type": "Feature", "properties": { "amenity": "school", "name": "Vitali National High School" }, "geometry": { "type": "Point", "coordinates": [ 122.2916589, 7.3748902 ] } },
{ "type": "Feature", "properties": { "amenity": "place_of_worship", "name": "Our Lady of the Pillar Parish Church" }, "geometry": { "type": "Point", "coordinates": [ 122.2889111, 7.3710675 ] } },
{ "type": "Feature", "properties": { "amenity": "fuel", "name": null }, "geometry": { "type": "Point", "coordinates": [ 122.0794317, 6.9132824 ] } },
{ "type": "Feature", "properties": { "amenity": null, "name": "Dreamville Supermarket" }, "geometry": { "type": "Point", "coordinates": [ 121.9469474, 6.9704451 ] } },
{ "type": "Feature", "properties": { "amenity": "place_of_worship", "name": "Iglesia ni Cristo" }, "geometry": { "type": "Point", "coordinates": [ 122.0863834, 6.9323853 ] } },
{ "type": "Feature", "properties": { "amenity": "marketplace", "name": "Aderes Flea Market" }, "geometry": { "type": "Point", "coordinates": [ 122.0918272, 6.9325163 ] } },
{ "type": "Feature", "properties": { "amenity": "fuel", "name": "Caltex" }, "geometry": { "type": "Point", "coordinates": [ 121.947299, 6.9696151 ] } },
{ "type": "Feature", "properties": { "amenity": "hospital", "name": "Zamboanga Doctors' Hospital" }, "geometry": { "type": "Point", "coordinates": [ 122.0801587, 6.9152269 ] } },
{ "type": "Feature", "properties": { "amenity": "college", "name": "Institute of Human Kinetics" }, "geometry": { "type": "Point", "coordinates": [ 122.0801168, 6.9134076 ] } },
{ "type": "Feature", "properties": { "amenity": "place_of_worship", "name": null }, "geometry": { "type": "Point", "coordinates": [ 122.0905733, 6.9293756 ] } },
{ "type": "Feature", "properties": { "amenity": null, "name": "Covered Court" }, "geometry": { "type": "Point", "coordinates": [ 122.0802182, 6.9132893 ] } },
{ "type": "Feature", "properties": { "amenity": null, "name": "Stargate Hardware, Incorporated" }, "geometry": { "type": "Point", "coordinates": [ 122.0909495, 6.9345719 ] } },
{ "type": "Feature", "properties": { "amenity": null, "name": "Nationwide Sales Corporation" }, "geometry": { "type": "Point", "coordinates": [ 122.0794779, 6.9168436 ] } },
{ "type": "Feature", "properties": { "amenity": null, "name": "Ayala Gymnasium" }, "geometry": { "type": "Point", "coordinates": [ 121.9479807, 6.963081 ] } },
{ "type": "Feature", "properties": { "amenity": "bank", "name": "Bank of the Philippine Islands" }, "geometry": { "type": "Point", "coordinates": [ 122.0770828, 6.9035658 ] } },
{ "type": "Feature", "properties": { "amenity": null, "name": "New Young Mart Enterprises, Incorporated" }, "geometry": { "type": "Point", "coordinates": [ 122.075503, 6.9053351 ] } },
{ "type": "Feature", "properties": { "amenity": null, "name": "Veterans' Freedom Park" }, "geometry": { "type": "Point", "coordinates": [ 122.0769865, 6.9043003 ] } },
{ "type": "Feature", "properties": { "amenity": "place_of_worship", "name": null }, "geometry": { "type": "Point", "coordinates": [ 122.2500039, 7.1052673 ] } },
{ "type": "Feature", "properties": { "amenity": "shelter", "name": null }, "geometry": { "type": "Point", "coordinates": [ 122.2305299, 7.1121676 ] } },
{ "type": "Feature", "properties": { "amenity": null, "name": null }, "geometry": { "type": "Point", "coordinates": [ 122.0588152, 6.9272908 ] } },
{ "type": "Feature", "properties": { "amenity": "parking", "name": null }, "geometry": { "type": "Point", "coordinates": [ 122.0757127, 6.9091003 ] } },
{ "type": "Feature", "properties": { "amenity": "parking", "name": null }, "geometry": { "type": "Point", "coordinates": [ 122.0759415, 6.908608 ] } },
{ "type": "Feature", "properties": { "amenity": "bank", "name": "BPI" }, "geometry": { "type": "Point", "coordinates": [ 122.0740009, 6.9095126 ] } },
{ "type": "Feature", "properties": { "amenity": "parking", "name": null }, "geometry": { "type": "Point", "coordinates": [ 122.0739416, 6.9093799 ] } },
{ "type": "Feature", "properties": { "amenity": "townhall", "name": "Zamboanga City Hall" }, "geometry": { "type": "Point", "coordinates": [ 122.0762797, 6.9039081 ] } },
{ "type": "Feature", "properties": { "amenity": "college", "name": "Seminary Institute" }, "geometry": { "type": "Point", "coordinates": [ 122.0786361, 6.9080049 ] } },
{ "type": "Feature", "properties": { "amenity": "place_of_worship", "name": null }, "geometry": { "type": "Point", "coordinates": [ 122.0646878, 6.9136587 ] } },
{ "type": "Feature", "properties": { "amenity": "parking", "name": null }, "geometry": { "type": "Point", "coordinates": [ 122.0647268, 6.9139329 ] } },
{ "type": "Feature", "properties": { "amenity": "place_of_worship", "name": "The Church of Jesus Christ of Latter-day Saints" }, "geometry": { "type": "Point", "coordinates": [ 122.0915667, 6.9235175 ] } },
{ "type": "Feature", "properties": { "amenity": "post_office", "name": "PhlPost Zamboanga City" }, "geometry": { "type": "Point", "coordinates": [ 122.0768798, 6.9032074 ] } },
{ "type": "Feature", "properties": { "amenity": null, "name": "Sunken Garden" }, "geometry": { "type": "Point", "coordinates": [ 122.0755503, 6.9042451 ] } },
{ "type": "Feature", "properties": { "amenity": "bank", "name": "PNB" }, "geometry": { "type": "Point", "coordinates": [ 122.0758177, 6.9043161 ] } },
{ "type": "Feature", "properties": { "amenity": "police", "name": "Patrol 117" }, "geometry": { "type": "Point", "coordinates": [ 122.0754565, 6.9045082 ] } },
{ "type": "Feature", "properties": { "amenity": "police", "name": "Community Police Assistance Center" }, "geometry": { "type": "Point", "coordinates": [ 122.0756329, 6.9039133 ] } },
{ "type": "Feature", "properties": { "amenity": "restaurant", "name": "Sunflower Restaurant" }, "geometry": { "type": "Point", "coordinates": [ 122.0765711, 6.9043645 ] } },
{ "type": "Feature", "properties": { "amenity": "townhall", "name": "Zone III Barangay Hall" }, "geometry": { "type": "Point", "coordinates": [ 122.0795165, 6.9077644 ] } },
{ "type": "Feature", "properties": { "amenity": "nightclub", "name": "Barkadahan" }, "geometry": { "type": "Point", "coordinates": [ 122.078896, 6.9129593 ] } },
{ "type": "Feature", "properties": { "amenity": "school", "name": "Maria Clara L. Lobregat National High School" }, "geometry": { "type": "Point", "coordinates": [ 122.1003125, 6.9436751 ] } },
{ "type": "Feature", "properties": { "amenity": "bank", "name": "BDO Network Bank" }, "geometry": { "type": "Point", "coordinates": [ 122.0772721, 6.9069353 ] } },
{ "type": "Feature", "properties": { "amenity": null, "name": "Skypark Hotel" }, "geometry": { "type": "Point", "coordinates": [ 122.0757421, 6.9064396 ] } },
{ "type": "Feature", "properties": { "amenity": "bank", "name": "Bank of Commerce" }, "geometry": { "type": "Point", "coordinates": [ 122.0797793, 6.9105587 ] } },
{ "type": "Feature", "properties": { "amenity": "parking", "name": null }, "geometry": { "type": "Point", "coordinates": [ 122.0795055, 6.9129698 ] } },
{ "type": "Feature", "properties": { "amenity": null, "name": null }, "geometry": { "type": "Point", "coordinates": [ 122.0800779, 6.904503 ] } },
{ "type": "Feature", "properties": { "amenity": "pharmacy", "name": null }, "geometry": { "type": "Point", "coordinates": [ 122.0805893, 6.9075647 ] } },
{ "type": "Feature", "properties": { "amenity": "fuel", "name": "Caltex" }, "geometry": { "type": "Point", "coordinates": [ 122.0772011, 6.9060425 ] } },
{ "type": "Feature", "properties": { "amenity": "hospital", "name": "Ciudad Medical de Zamboanga" }, "geometry": { "type": "Point", "coordinates": [ 122.0768816, 6.9150644 ] } },
{ "type": "Feature", "properties": { "amenity": "parking", "name": null }, "geometry": { "type": "Point", "coordinates": [ 122.0767996, 6.9146291 ] } },
{ "type": "Feature", "properties": { "amenity": "pharmacy", "name": "Oro Wonder Drug" }, "geometry": { "type": "Point", "coordinates": [ 122.076305, 6.914538 ] } },
{ "type": "Feature", "properties": { "amenity": "pharmacy", "name": "Joan's Pharmacy" }, "geometry": { "type": "Point", "coordinates": [ 122.0763494, 6.9143986 ] } },
{ "type": "Feature", "properties": { "amenity": "bank", "name": "Metrobank" }, "geometry": { "type": "Point", "coordinates": [ 122.0754461, 6.9169034 ] } },
{ "type": "Feature", "properties": { "amenity": "restaurant", "name": "John's Grill" }, "geometry": { "type": "Point", "coordinates": [ 122.0753879, 6.9170651 ] } },
{ "type": "Feature", "properties": { "amenity": "restaurant", "name": null }, "geometry": { "type": "Point", "coordinates": [ 122.0752356, 6.9173439 ] } },
{ "type": "Feature", "properties": { "amenity": "restaurant", "name": null }, "geometry": { "type": "Point", "coordinates": [ 122.0752644, 6.9173909 ] } },
{ "type": "Feature", "properties": { "amenity": "cafe", "name": null }, "geometry": { "type": "Point", "coordinates": [ 122.0790475, 6.9036287 ] } },
{ "type": "Feature", "properties": { "amenity": "cafe", "name": "Tsokolate by Linfood" }, "geometry": { "type": "Point", "coordinates": [ 122.077562, 6.9033504 ] } },
{ "type": "Feature", "properties": { "amenity": "school", "name": "Immaculate Conception Elementary School" }, "geometry": { "type": "Point", "coordinates": [ 122.0453084, 6.9211856 ] } },
{ "type": "Feature", "properties": { "amenity": "place_of_worship", "name": "Iglesia ni Cristo, Lokal ng Suterville" }, "geometry": { "type": "Point", "coordinates": [ 122.0461054, 6.9210447 ] } },
{ "type": "Feature", "properties": { "amenity": null, "name": null }, "geometry": { "type": "Point", "coordinates": [ 122.0455104, 6.9211502 ] } },
{ "type": "Feature", "properties": { "amenity": "restaurant", "name": "Barcode Restaurant" }, "geometry": { "type": "Point", "coordinates": [ 122.0778152, 6.9039282 ] } },
{ "type": "Feature", "properties": { "amenity": null, "name": "Mega Sales Merchandise" }, "geometry": { "type": "Point", "coordinates": [ 122.0768919, 6.9048487 ] } },
{ "type": "Feature", "properties": { "amenity": "bank", "name": "Philippine Veterans Bank" }, "geometry": { "type": "Point", "coordinates": [ 122.0772767, 6.9067132 ] } },
{ "type": "Feature", "properties": { "amenity": "bank", "name": "Chinabank" }, "geometry": { "type": "Point", "coordinates": [ 122.0778233, 6.9068722 ] } },
{ "type": "Feature", "properties": { "amenity": null, "name": "Villa-Arcega Funeral Homes" }, "geometry": { "type": "Point", "coordinates": [ 122.0803179, 6.9085101 ] } },
{ "type": "Feature", "properties": { "amenity": null, "name": "Shop-O-Rama" }, "geometry": { "type": "Point", "coordinates": [ 122.0758748, 6.9064147 ] } },
{ "type": "Feature", "properties": { "amenity": "fast_food", "name": "KFC" }, "geometry": { "type": "Point", "coordinates": [ 122.0764585, 6.9063156 ] } },
{ "type": "Feature", "properties": { "amenity": "bank", "name": "Metrobank" }, "geometry": { "type": "Point", "coordinates": [ 122.0765684, 6.906348 ] } },
{ "type": "Feature", "properties": { "amenity": null, "name": null }, "geometry": { "type": "Point", "coordinates": [ 122.0754197, 6.9042204 ] } },
{ "type": "Feature", "properties": { "amenity": "fountain", "name": "Fish Fountain" }, "geometry": { "type": "Point", "coordinates": [ 122.0762357, 6.9038811 ] } },
{ "type": "Feature", "properties": { "amenity": "fountain", "name": "Fish Fountain" }, "geometry": { "type": "Point", "coordinates": [ 122.0760179, 6.9036721 ] } },
{ "type": "Feature", "properties": { "amenity": null, "name": "Asiatic Hardware" }, "geometry": { "type": "Point", "coordinates": [ 122.0781467, 6.9060586 ] } },
{ "type": "Feature", "properties": { "amenity": null, "name": "Ceejay's Enterprises" }, "geometry": { "type": "Point", "coordinates": [ 122.0756799, 6.9068278 ] } },
{ "type": "Feature", "properties": { "amenity": null, "name": "Shopper's Central" }, "geometry": { "type": "Point", "coordinates": [ 122.0753941, 6.9066373 ] } },
{ "type": "Feature", "properties": { "amenity": null, "name": "Lim Shi" }, "geometry": { "type": "Point", "coordinates": [ 122.0751254, 6.9053715 ] } },
{ "type": "Feature", "properties": { "amenity": null, "name": "Shopper's Plaza" }, "geometry": { "type": "Point", "coordinates": [ 122.0751919, 6.9051858 ] } },
{ "type": "Feature", "properties": { "amenity": "parking", "name": null }, "geometry": { "type": "Point", "coordinates": [ 122.0752347, 6.9049843 ] } },
{ "type": "Feature", "properties": { "amenity": "bank", "name": "Metrobank" }, "geometry": { "type": "Point", "coordinates": [ 122.073921, 6.9054438 ] } },
{ "type": "Feature", "properties": { "amenity": null, "name": "Perlita Hotel" }, "geometry": { "type": "Point", "coordinates": [ 122.0739159, 6.9087935 ] } },
{ "type": "Feature", "properties": { "amenity": null, "name": "OK Department Store" }, "geometry": { "type": "Point", "coordinates": [ 122.074996, 6.9059674 ] } },
{ "type": "Feature", "properties": { "amenity": null, "name": "El Barato Commercial" }, "geometry": { "type": "Point", "coordinates": [ 122.0750918, 6.9055192 ] } },
{ "type": "Feature", "properties": { "amenity": "fountain", "name": null }, "geometry": { "type": "Point", "coordinates": [ 122.0766172, 6.9055757 ] } },
{ "type": "Feature", "properties": { "amenity": "fire_station", "name": "Zamboanga Fire District Central Fire Station" }, "geometry": { "type": "Point", "coordinates": [ 122.0749041, 6.9072752 ] } },
{ "type": "Feature", "properties": { "amenity": "marketplace", "name": "Canelar Barter Trade" }, "geometry": { "type": "Point", "coordinates": [ 122.0742305, 6.9139321 ] } },
{ "type": "Feature", "properties": { "amenity": "bank", "name": "PNB" }, "geometry": { "type": "Point", "coordinates": [ 122.0740208, 6.9079037 ] } },
{ "type": "Feature", "properties": { "amenity": "parking", "name": null }, "geometry": { "type": "Point", "coordinates": [ 122.074213, 6.9079924 ] } },
{ "type": "Feature", "properties": { "amenity": "townhall", "name": "San Jose Barangay Hall" }, "geometry": { "type": "Point", "coordinates": [ 122.074123, 6.9078274 ] } },
{ "type": "Feature", "properties": { "amenity": "bank", "name": "BDO" }, "geometry": { "type": "Point", "coordinates": [ 122.0735916, 6.9093377 ] } },
{ "type": "Feature", "properties": { "amenity": "fuel", "name": "Petron" }, "geometry": { "type": "Point", "coordinates": [ 122.0764324, 6.9124509 ] } },
{ "type": "Feature", "properties": { "amenity": "bank", "name": "PNB" }, "geometry": { "type": "Point", "coordinates": [ 122.0725436, 6.9099022 ] } },
{ "type": "Feature", "properties": { "amenity": "fuel", "name": "Shell" }, "geometry": { "type": "Point", "coordinates": [ 122.0761144, 6.9159406 ] } },
{ "type": "Feature", "properties": { "amenity": "place_of_worship", "name": "Immaculate Conception Chapel" }, "geometry": { "type": "Point", "coordinates": [ 122.1421005, 6.9681693 ] } },
{ "type": "Feature", "properties": { "amenity": "social_facility", "name": "Center for Children in Conflict with the Law" }, "geometry": { "type": "Point", "coordinates": [ 122.1465563, 6.9712039 ] } },
{ "type": "Feature", "properties": { "amenity": "townhall", "name": "Culianan Barangay Hall" }, "geometry": { "type": "Point", "coordinates": [ 122.1464281, 6.9720222 ] } },
{ "type": "Feature", "properties": { "amenity": null, "name": "Culianan Multi-Purpose Covered Court" }, "geometry": { "type": "Point", "coordinates": [ 122.1456241, 6.9718693 ] } },
{ "type": "Feature", "properties": { "amenity": "police", "name": "Culianan Police Station" }, "geometry": { "type": "Point", "coordinates": [ 122.1458286, 6.9716516 ] } },
{ "type": "Feature", "properties": { "amenity": "post_office", "name": "Culianan Post Office" }, "geometry": { "type": "Point", "coordinates": [ 122.1454178, 6.972064 ] } },
{ "type": "Feature", "properties": { "amenity": null, "name": null }, "geometry": { "type": "Point", "coordinates": [ 122.1460101, 6.9719363 ] } },
{ "type": "Feature", "properties": { "amenity": "school", "name": "Culianan National High School" }, "geometry": { "type": "Point", "coordinates": [ 122.1461469, 6.9723769 ] } },
{ "type": "Feature", "properties": { "amenity": "school", "name": "Culianan Learning Center" }, "geometry": { "type": "Point", "coordinates": [ 122.1483643, 6.9797575 ] } },
{ "type": "Feature", "properties": { "amenity": "place_of_worship", "name": "Our Lady of Ransom" }, "geometry": { "type": "Point", "coordinates": [ 122.1424033, 6.9580466 ] } },
{ "type": "Feature", "properties": { "amenity": "school", "name": "Mercedes National High School" }, "geometry": { "type": "Point", "coordinates": [ 122.1451462, 6.9598563 ] } },
{ "type": "Feature", "properties": { "amenity": null, "name": "Ice Plant" }, "geometry": { "type": "Point", "coordinates": [ 122.1475466, 6.9633807 ] } },
{ "type": "Feature", "properties": { "amenity": "place_of_worship", "name": "Divine Mercy Parish Church" }, "geometry": { "type": "Point", "coordinates": [ 122.1028515, 6.9488863 ] } },
{ "type": "Feature", "properties": { "amenity": "bank", "name": "Metrobank" }, "geometry": { "type": "Point", "coordinates": [ 122.0912303, 6.9315035 ] } },
{ "type": "Feature", "properties": { "amenity": "parking", "name": null }, "geometry": { "type": "Point", "coordinates": [ 122.0912803, 6.9315677 ] } },
{ "type": "Feature", "properties": { "amenity": "bank", "name": null }, "geometry": { "type": "Point", "coordinates": [ 122.0898734, 6.9308468 ] } },
{ "type": "Feature", "properties": { "amenity": "pharmacy", "name": "Mercury Drug" }, "geometry": { "type": "Point", "coordinates": [ 122.0897602, 6.9308253 ] } },
{ "type": "Feature", "properties": { "amenity": "bank", "name": "One Network Bank" }, "geometry": { "type": "Point", "coordinates": [ 122.0906921, 6.9316459 ] } },
{ "type": "Feature", "properties": { "amenity": "restaurant", "name": "Chowtime Cuisine" }, "geometry": { "type": "Point", "coordinates": [ 122.1045, 6.9484615 ] } },
{ "type": "Feature", "properties": { "amenity": null, "name": null }, "geometry": { "type": "Point", "coordinates": [ 122.1045513, 6.9486297 ] } },
{ "type": "Feature", "properties": { "amenity": "parking", "name": "Chowtime Cuisine Parking Area" }, "geometry": { "type": "Point", "coordinates": [ 122.1043703, 6.9484669 ] } },
{ "type": "Feature", "properties": { "amenity": null, "name": "Emcor" }, "geometry": { "type": "Point", "coordinates": [ 122.0745567, 6.9209378 ] } },
{ "type": "Feature", "properties": { "amenity": "bank", "name": "Philippine Savings Bank" }, "geometry": { "type": "Point", "coordinates": [ 122.0753216, 6.9176222 ] } },
{ "type": "Feature", "properties": { "amenity": null, "name": null }, "geometry": { "type": "Point", "coordinates": [ 122.0752858, 6.9175196 ] } },
{ "type": "Feature", "properties": { "amenity": "bank", "name": "Asia United Bank" }, "geometry": { "type": "Point", "coordinates": [ 122.0766233, 6.9131649 ] } },
{ "type": "Feature", "properties": { "amenity": "car_wash", "name": null }, "geometry": { "type": "Point", "coordinates": [ 122.0762706, 6.9127398 ] } },
{ "type": "Feature", "properties": { "amenity": "fast_food", "name": null }, "geometry": { "type": "Point", "coordinates": [ 122.0763498, 6.9128281 ] } },
{ "type": "Feature", "properties": { "amenity": null, "name": "Golden Boyz" }, "geometry": { "type": "Point", "coordinates": [ 122.0761739, 6.9129474 ] } },
{ "type": "Feature", "properties": { "amenity": "restaurant", "name": null }, "geometry": { "type": "Point", "coordinates": [ 122.0762889, 6.9130338 ] } },
{ "type": "Feature", "properties": { "amenity": "fire_station", "name": "Filipino-Chinese Volunteer Fire Brigade" }, "geometry": { "type": "Point", "coordinates": [ 122.0776224, 6.9091995 ] } },
{ "type": "Feature", "properties": { "amenity": "place_of_worship", "name": "East-Coast Adventist Church" }, "geometry": { "type": "Point", "coordinates": [ 122.1352627, 6.9613803 ] } },
{ "type": "Feature", "properties": { "amenity": "place_of_worship", "name": "Kingdom Hall of Jehovah's Witnesses" }, "geometry": { "type": "Point", "coordinates": [ 122.1357609, 6.963366 ] } },
{ "type": "Feature", "properties": { "amenity": "fuel", "name": null }, "geometry": { "type": "Point", "coordinates": [ 122.1335859, 6.9627048 ] } },
{ "type": "Feature", "properties": { "amenity": "fuel", "name": "Shell" }, "geometry": { "type": "Point", "coordinates": [ 122.085346, 6.9282531 ] } },
{ "type": "Feature", "properties": { "amenity": "police", "name": "Camp Colonel Romeo A. Abendan" }, "geometry": { "type": "Point", "coordinates": [ 122.1303334, 6.9536833 ] } },
{ "type": "Feature", "properties": { "amenity": "fuel", "name": "Petron" }, "geometry": { "type": "Point", "coordinates": [ 122.0851631, 6.9272485 ] } },
{ "type": "Feature", "properties": { "amenity": null, "name": "Vitaliano D. Agan Colliseum" }, "geometry": { "type": "Point", "coordinates": [ 122.0923346, 6.9131607 ] } },
{ "type": "Feature", "properties": { "amenity": "prison", "name": "Zamboanga City Reformatory Center" }, "geometry": { "type": "Point", "coordinates": [ 122.071306, 6.9056808 ] } },
{ "type": "Feature", "properties": { "amenity": "fast_food", "name": "Jollibee" }, "geometry": { "type": "Point", "coordinates": [ 122.0924732, 6.9357907 ] } },
{ "type": "Feature", "properties": { "amenity": null, "name": "Guiwan Cockfit Arena" }, "geometry": { "type": "Point", "coordinates": [ 122.0940442, 6.9325692 ] } },
{ "type": "Feature", "properties": { "amenity": "place_of_worship", "name": "Our Lady of Mount Carmel Parish Church" }, "geometry": { "type": "Point", "coordinates": [ 121.9518295, 6.9583876 ] } },
{ "type": "Feature", "properties": { "amenity": "school", "name": "San Ramon Elementary School" }, "geometry": { "type": "Point", "coordinates": [ 121.926862, 6.9926733 ] } },
{ "type": "Feature", "properties": { "amenity": "school", "name": "Mercedes Central School" }, "geometry": { "type": "Point", "coordinates": [ 122.1489265, 6.9574583 ] } },
{ "type": "Feature", "properties": { "amenity": "school", "name": "IX Regional Science High School" }, "geometry": { "type": "Point", "coordinates": [ 122.0526513, 6.9325881 ] } },
{ "type": "Feature", "properties": { "amenity": null, "name": null }, "geometry": { "type": "Point", "coordinates": [ 122.0531205, 6.9327616 ] } },
{ "type": "Feature", "properties": { "amenity": "fuel", "name": null }, "geometry": { "type": "Point", "coordinates": [ 122.0477125, 6.9291737 ] } },
{ "type": "Feature", "properties": { "amenity": null, "name": "Master's Bakery" }, "geometry": { "type": "Point", "coordinates": [ 122.0915131, 6.9324563 ] } },
{ "type": "Feature", "properties": { "amenity": null, "name": "Dennis Hardware Enterprises" }, "geometry": { "type": "Point", "coordinates": [ 122.0910083, 6.9314454 ] } },
{ "type": "Feature", "properties": { "amenity": "fuel", "name": "Shell" }, "geometry": { "type": "Point", "coordinates": [ 122.0704698, 6.909022 ] } },
{ "type": "Feature", "properties": { "amenity": "fuel", "name": "Petron" }, "geometry": { "type": "Point", "coordinates": [ 122.0708606, 6.9087073 ] } },
{ "type": "Feature", "properties": { "amenity": "restaurant", "name": "Chowking" }, "geometry": { "type": "Point", "coordinates": [ 122.0718054, 6.9207634 ] } },
{ "type": "Feature", "properties": { "amenity": "restaurant", "name": "Aristocrat Restaurant" }, "geometry": { "type": "Point", "coordinates": [ 122.0723551, 6.9205294 ] } },
{ "type": "Feature", "properties": { "amenity": null, "name": "Santa Maria Park" }, "geometry": { "type": "Point", "coordinates": [ 122.0726363, 6.9219008 ] } },
{ "type": "Feature", "properties": { "amenity": "hospital", "name": "West Metro Medical Center" }, "geometry": { "type": "Point", "coordinates": [ 122.0793781, 6.9234768 ] } },
{ "type": "Feature", "properties": { "amenity": "parking", "name": null }, "geometry": { "type": "Point", "coordinates": [ 122.0796335, 6.9235338 ] } },
{ "type": "Feature", "properties": { "amenity": "pharmacy", "name": "Oro Wonder Drug" }, "geometry": { "type": "Point", "coordinates": [ 122.0791312, 6.923718 ] } },
{ "type": "Feature", "properties": { "amenity": null, "name": "A.L. Gonzales and Sons" }, "geometry": { "type": "Point", "coordinates": [ 122.080806, 6.9231632 ] } },
{ "type": "Feature", "properties": { "amenity": "pharmacy", "name": "Joan's Pharmacy & Convinience Store" }, "geometry": { "type": "Point", "coordinates": [ 122.0790974, 6.9230384 ] } },
{ "type": "Feature", "properties": { "amenity": "school", "name": "Cabaluay National High School" }, "geometry": { "type": "Point", "coordinates": [ 122.1778437, 6.99443 ] } },
{ "type": "Feature", "properties": { "amenity": "townhall", "name": "Cabaluay Barangay Hall" }, "geometry": { "type": "Point", "coordinates": [ 122.1772844, 6.9950825 ] } },
{ "type": "Feature", "properties": { "amenity": null, "name": "Cabaluay Gymnasium" }, "geometry": { "type": "Point", "coordinates": [ 122.1774458, 6.9953067 ] } },
{ "type": "Feature", "properties": { "amenity": "school", "name": "Cabaluay Elementary School" }, "geometry": { "type": "Point", "coordinates": [ 122.1718177, 6.9928987 ] } },
{ "type": "Feature", "properties": { "amenity": "school", "name": "Manicahan National High School" }, "geometry": { "type": "Point", "coordinates": [ 122.1863489, 7.0224325 ] } },
{ "type": "Feature", "properties": { "amenity": null, "name": "Audience Hall" }, "geometry": { "type": "Point", "coordinates": [ 122.1863266, 7.0223809 ] } },
{ "type": "Feature", "properties": { "amenity": null, "name": null }, "geometry": { "type": "Point", "coordinates": [ 122.186569, 7.021816 ] } },
{ "type": "Feature", "properties": { "amenity": "school", "name": "Manicahan Central School" }, "geometry": { "type": "Point", "coordinates": [ 122.1911367, 7.0233553 ] } },
{ "type": "Feature", "properties": { "amenity": "school", "name": "Sangali National High School" }, "geometry": { "type": "Point", "coordinates": [ 122.2056123, 7.075318 ] } },
{ "type": "Feature", "properties": { "amenity": null, "name": "Multi-Purpose Covered Court" }, "geometry": { "type": "Point", "coordinates": [ 122.2055859, 7.0752402 ] } },
{ "type": "Feature", "properties": { "amenity": "toilets", "name": null }, "geometry": { "type": "Point", "coordinates": [ 122.205832, 7.0756883 ] } },
{ "type": "Feature", "properties": { "amenity": null, "name": "Jinbei Auto" }, "geometry": { "type": "Point", "coordinates": [ 122.0848262, 6.927297 ] } },
{ "type": "Feature", "properties": { "amenity": "school", "name": "Putik Central School" }, "geometry": { "type": "Point", "coordinates": [ 122.0934946, 6.9382465 ] } },
{ "type": "Feature", "properties": { "amenity": "place_of_worship", "name": "Saint Joseph Parish Church" }, "geometry": { "type": "Point", "coordinates": [ 122.078025, 6.9077788 ] } },
{ "type": "Feature", "properties": { "amenity": "parking", "name": null }, "geometry": { "type": "Point", "coordinates": [ 122.0780101, 6.9075343 ] } },
{ "type": "Feature", "properties": { "amenity": "events_venue", "name": "Multi-Purpose Covered Court 1" }, "geometry": { "type": "Point", "coordinates": [ 122.0767675, 6.9097725 ] } },
{ "type": "Feature", "properties": { "amenity": null, "name": "AdZU Back Field" }, "geometry": { "type": "Point", "coordinates": [ 122.0766706, 6.9104078 ] } },
{ "type": "Feature", "properties": { "amenity": "place_of_worship", "name": "Saint Anthony de Padua Parish Church" }, "geometry": { "type": "Point", "coordinates": [ 122.0930507, 6.9393753 ] } },
{ "type": "Feature", "properties": { "amenity": "restaurant", "name": null }, "geometry": { "type": "Point", "coordinates": [ 122.0934367, 6.9369472 ] } },
{ "type": "Feature", "properties": { "amenity": null, "name": "New Country Living Motel" }, "geometry": { "type": "Point", "coordinates": [ 122.0878907, 6.9331311 ] } },
{ "type": "Feature", "properties": { "amenity": null, "name": "New Country Living Motel" }, "geometry": { "type": "Point", "coordinates": [ 122.0786096, 6.936268 ] } },
{ "type": "Feature", "properties": { "amenity": null, "name": null }, "geometry": { "type": "Point", "coordinates": [ 122.0802033, 6.9031704 ] } },
{ "type": "Feature", "properties": { "amenity": "clinic", "name": "Ramirez Skin Clinic" }, "geometry": { "type": "Point", "coordinates": [ 122.0774503, 6.908246 ] } },
{ "type": "Feature", "properties": { "amenity": "restaurant", "name": "Grill Plus Restaurant" }, "geometry": { "type": "Point", "coordinates": [ 122.0751278, 6.9182492 ] } },
{ "type": "Feature", "properties": { "amenity": "bank", "name": "China Bank Saving" }, "geometry": { "type": "Point", "coordinates": [ 122.0752373, 6.917981 ] } },
{ "type": "Feature", "properties": { "amenity": null, "name": "RMG & Sons Motor Corporation" }, "geometry": { "type": "Point", "coordinates": [ 122.0751551, 6.9185437 ] } },
{ "type": "Feature", "properties": { "amenity": "restaurant", "name": "Sugba Tula Kilaw Food Haus" }, "geometry": { "type": "Point", "coordinates": [ 122.0751659, 6.9204383 ] } },
{ "type": "Feature", "properties": { "amenity": "events_venue", "name": "Zamboanga Convention Center" }, "geometry": { "type": "Point", "coordinates": [ 122.0738693, 6.9520824 ] } },
{ "type": "Feature", "properties": { "amenity": "place_of_worship", "name": "Holy Trinity Parish Church" }, "geometry": { "type": "Point", "coordinates": [ 122.0731167, 6.9476906 ] } },
{ "type": "Feature", "properties": { "amenity": "convention_centre", "name": "Astoria Regency Convention Center" }, "geometry": { "type": "Point", "coordinates": [ 122.0736697, 6.9497546 ] } },
{ "type": "Feature", "properties": { "amenity": "parking", "name": null }, "geometry": { "type": "Point", "coordinates": [ 122.0741707, 6.9496225 ] } },
{ "type": "Feature", "properties": { "amenity": "school", "name": "Pasonanca Elementary School" }, "geometry": { "type": "Point", "coordinates": [ 122.0729595, 6.9483551 ] } },
{ "type": "Feature", "properties": { "amenity": "toilets", "name": null }, "geometry": { "type": "Point", "coordinates": [ 122.0731802, 6.9478579 ] } },
{ "type": "Feature", "properties": { "amenity": "parking", "name": null }, "geometry": { "type": "Point", "coordinates": [ 122.0730616, 6.9475156 ] } },
{ "type": "Feature", "properties": { "amenity": null, "name": null }, "geometry": { "type": "Point", "coordinates": [ 122.0735078, 6.9499823 ] } },
{ "type": "Feature", "properties": { "amenity": "parking", "name": null }, "geometry": { "type": "Point", "coordinates": [ 122.073653, 6.9494513 ] } },
{ "type": "Feature", "properties": { "amenity": "place_of_worship", "name": "Kingdom Hall of Jehovah's Witnesses" }, "geometry": { "type": "Point", "coordinates": [ 122.0733991, 6.9441774 ] } },
{ "type": "Feature", "properties": { "amenity": "restaurant", "name": "Ñor Alberto" }, "geometry": { "type": "Point", "coordinates": [ 122.0728095, 6.9439109 ] } },
{ "type": "Feature", "properties": { "amenity": "events_venue", "name": null }, "geometry": { "type": "Point", "coordinates": [ 122.0710727, 6.9359663 ] } },
{ "type": "Feature", "properties": { "amenity": null, "name": "Rigodon" }, "geometry": { "type": "Point", "coordinates": [ 122.0710466, 6.935634 ] } },
{ "type": "Feature", "properties": { "amenity": "school", "name": "Santa Maria Central School" }, "geometry": { "type": "Point", "coordinates": [ 122.0699337, 6.9302632 ] } },
{ "type": "Feature", "properties": { "amenity": "place_of_worship", "name": "Al Zahra Mosque" }, "geometry": { "type": "Point", "coordinates": [ 122.0785502, 6.9303385 ] } },
{ "type": "Feature", "properties": { "amenity": "school", "name": "Arena Blanco West Elementary School" }, "geometry": { "type": "Point", "coordinates": [ 122.1508596, 6.9200225 ] } },
{ "type": "Feature", "properties": { "amenity": "school", "name": "Mampang Elementary School" }, "geometry": { "type": "Point", "coordinates": [ 122.1345766, 6.9162295 ] } },
{ "type": "Feature", "properties": { "amenity": null, "name": null }, "geometry": { "type": "Point", "coordinates": [ 122.1473439, 6.9876443 ] } },
{ "type": "Feature", "properties": { "amenity": "community_centre", "name": null }, "geometry": { "type": "Point", "coordinates": [ 122.1476763, 6.9884477 ] } },
{ "type": "Feature", "properties": { "amenity": "hospital", "name": "Mindanao Sanitarium Hospital" }, "geometry": { "type": "Point", "coordinates": [ 122.1329274, 6.9665154 ] } },
{ "type": "Feature", "properties": { "amenity": null, "name": "Jeers Resort" }, "geometry": { "type": "Point", "coordinates": [ 122.1227918, 6.9539392 ] } },
{ "type": "Feature", "properties": { "amenity": null, "name": null }, "geometry": { "type": "Point", "coordinates": [ 122.1225084, 6.9539926 ] } },
{ "type": "Feature", "properties": { "amenity": null, "name": null }, "geometry": { "type": "Point", "coordinates": [ 122.122621, 6.9541876 ] } },
{ "type": "Feature", "properties": { "amenity": null, "name": null }, "geometry": { "type": "Point", "coordinates": [ 122.1229414, 6.9539349 ] } },
{ "type": "Feature", "properties": { "amenity": null, "name": null }, "geometry": { "type": "Point", "coordinates": [ 122.123869, 6.953299 ] } },
{ "type": "Feature", "properties": { "amenity": null, "name": "Jeers Motel" }, "geometry": { "type": "Point", "coordinates": [ 122.1236984, 6.9533471 ] } },
{ "type": "Feature", "properties": { "amenity": "school", "name": "Boalan Elementary School" }, "geometry": { "type": "Point", "coordinates": [ 122.1192723, 6.9482998 ] } },
{ "type": "Feature", "properties": { "amenity": "community_centre", "name": "Multi-Purpose Hall" }, "geometry": { "type": "Point", "coordinates": [ 122.1190492, 6.9478011 ] } },
{ "type": "Feature", "properties": { "amenity": null, "name": null }, "geometry": { "type": "Point", "coordinates": [ 122.1201983, 6.9481733 ] } },
{ "type": "Feature", "properties": { "amenity": "fuel", "name": "Phoenix" }, "geometry": { "type": "Point", "coordinates": [ 122.1162971, 6.9470843 ] } },
{ "type": "Feature", "properties": { "amenity": "recreational_ground", "name": "Woodland Resort" }, "geometry": { "type": "Point", "coordinates": [ 122.1339941, 6.9432965 ] } },
{ "type": "Feature", "properties": { "amenity": null, "name": null }, "geometry": { "type": "Point", "coordinates": [ 122.1347969, 6.9430243 ] } },
{ "type": "Feature", "properties": { "amenity": null, "name": null }, "geometry": { "type": "Point", "coordinates": [ 122.1337278, 6.9433218 ] } },
{ "type": "Feature", "properties": { "amenity": null, "name": null }, "geometry": { "type": "Point", "coordinates": [ 122.1337036, 6.9433893 ] } },
{ "type": "Feature", "properties": { "amenity": "place_of_worship", "name": "Iglesia ni Cristo" }, "geometry": { "type": "Point", "coordinates": [ 122.1228952, 6.9476293 ] } },
{ "type": "Feature", "properties": { "amenity": "place_of_worship", "name": "Bell Church" }, "geometry": { "type": "Point", "coordinates": [ 122.0773124, 6.9124094 ] } },
{ "type": "Feature", "properties": { "amenity": null, "name": "Maker Sales Center" }, "geometry": { "type": "Point", "coordinates": [ 122.0769519, 6.9212064 ] } },
{ "type": "Feature", "properties": { "amenity": null, "name": "Unisales Center" }, "geometry": { "type": "Point", "coordinates": [ 122.0767103, 6.9212613 ] } },
{ "type": "Feature", "properties": { "amenity": null, "name": "Makers Shop N' Save Center" }, "geometry": { "type": "Point", "coordinates": [ 122.0764138, 6.9209427 ] } },
{ "type": "Feature", "properties": { "amenity": "townhall", "name": "Putik Barangay Hall" }, "geometry": { "type": "Point", "coordinates": [ 122.0957135, 6.9411804 ] } },
{ "type": "Feature", "properties": { "amenity": "health_post", "name": "Putik Health Center" }, "geometry": { "type": "Point", "coordinates": [ 122.0929314, 6.9378045 ] } },
{ "type": "Feature", "properties": { "amenity": "recycling", "name": "Material Recovery Facility" }, "geometry": { "type": "Point", "coordinates": [ 122.078008, 6.9224086 ] } },
{ "type": "Feature", "properties": { "amenity": "recycling", "name": "Material Recovery Facility" }, "geometry": { "type": "Point", "coordinates": [ 122.0776701, 6.9224277 ] } },
{ "type": "Feature", "properties": { "amenity": "fuel", "name": null }, "geometry": { "type": "Point", "coordinates": [ 122.0771795, 6.9213359 ] } },
{ "type": "Feature", "properties": { "amenity": "parking", "name": null }, "geometry": { "type": "Point", "coordinates": [ 122.0516357, 6.9333113 ] } },
{ "type": "Feature", "properties": { "amenity": null, "name": "San Roque Abattoir" }, "geometry": { "type": "Point", "coordinates": [ 122.0523768, 6.9342269 ] } },
{ "type": "Feature", "properties": { "amenity": "restaurant", "name": "TS Auto Grill Barbecue and Restaurant" }, "geometry": { "type": "Point", "coordinates": [ 122.0771624, 6.9110901 ] } },
{ "type": "Feature", "properties": { "amenity": null, "name": null }, "geometry": { "type": "Point", "coordinates": [ 122.0787371, 6.9077602 ] } },
{ "type": "Feature", "properties": { "amenity": "townhall", "name": "Taluksangay Barangay Hall" }, "geometry": { "type": "Point", "coordinates": [ 122.1819916, 6.9511119 ] } },
{ "type": "Feature", "properties": { "amenity": "place_of_worship", "name": "Taluksangay Mosque" }, "geometry": { "type": "Point", "coordinates": [ 122.1815294, 6.9507245 ] } },
{ "type": "Feature", "properties": { "amenity": null, "name": "Biocare Skin, Slimming & Spa Center, Incorporated" }, "geometry": { "type": "Point", "coordinates": [ 122.0772324, 6.9093662 ] } },
{ "type": "Feature", "properties": { "amenity": null, "name": "Nielson Enterprises" }, "geometry": { "type": "Point", "coordinates": [ 122.0754165, 6.9081981 ] } },
{ "type": "Feature", "properties": { "amenity": null, "name": "Dennis Hardware Enterprises Incorporated" }, "geometry": { "type": "Point", "coordinates": [ 122.0755902, 6.9078504 ] } },
{ "type": "Feature", "properties": { "amenity": null, "name": "Tickl's" }, "geometry": { "type": "Point", "coordinates": [ 122.0758558, 6.9083075 ] } },
{ "type": "Feature", "properties": { "amenity": "school", "name": "Taluksangay Elementary School" }, "geometry": { "type": "Point", "coordinates": [ 122.1824601, 6.9514876 ] } },
{ "type": "Feature", "properties": { "amenity": "clinic", "name": "Taluksangay Wellness Center" }, "geometry": { "type": "Point", "coordinates": [ 122.1818601, 6.9510236 ] } },
{ "type": "Feature", "properties": { "amenity": "school", "name": "Tuan Datu Hajji Abdulla Nuno Memorial High School" }, "geometry": { "type": "Point", "coordinates": [ 122.1836179, 6.9542249 ] } },
{ "type": "Feature", "properties": { "amenity": "hospital", "name": "Hospital de Zamboanga" }, "geometry": { "type": "Point", "coordinates": [ 122.0798381, 6.9049075 ] } },
{ "type": "Feature", "properties": { "amenity": "school", "name": null }, "geometry": { "type": "Point", "coordinates": [ 122.2487014, 6.9850225 ] } },
{ "type": "Feature", "properties": { "amenity": null, "name": "Embassy Hotel" }, "geometry": { "type": "Point", "coordinates": [ 122.0714588, 6.9062171 ] } },
{ "type": "Feature", "properties": { "amenity": "school", "name": "Talon-Talon Elementary School" }, "geometry": { "type": "Point", "coordinates": [ 122.1144518, 6.9097759 ] } },
{ "type": "Feature", "properties": { "amenity": "school", "name": "Talon-talon National High School" }, "geometry": { "type": "Point", "coordinates": [ 122.1114252, 6.9089077 ] } },
{ "type": "Feature", "properties": { "amenity": "place_of_worship", "name": "San Isidro Labrador Church" }, "geometry": { "type": "Point", "coordinates": [ 122.113084, 6.9118366 ] } },
{ "type": "Feature", "properties": { "amenity": "place_of_worship", "name": "Masjid Jamiat" }, "geometry": { "type": "Point", "coordinates": [ 122.1043302, 6.9099297 ] } },
{ "type": "Feature", "properties": { "amenity": "school", "name": "Arena Blanco East Elementary School" }, "geometry": { "type": "Point", "coordinates": [ 122.1528589, 6.9195928 ] } },
{ "type": "Feature", "properties": { "amenity": "school", "name": "Arena Blanco National High School" }, "geometry": { "type": "Point", "coordinates": [ 122.1526559, 6.9201606 ] } },
{ "type": "Feature", "properties": { "amenity": "parking", "name": null }, "geometry": { "type": "Point", "coordinates": [ 122.0790475, 6.9135438 ] } },
{ "type": "Feature", "properties": { "amenity": "place_of_worship", "name": "Emmanuel Christian Fellowship" }, "geometry": { "type": "Point", "coordinates": [ 122.080876, 6.9149492 ] } },
{ "type": "Feature", "properties": { "amenity": "fuel", "name": null }, "geometry": { "type": "Point", "coordinates": [ 122.0634087, 6.9093155 ] } },
{ "type": "Feature", "properties": { "amenity": "school", "name": "Baliwasan Central School" }, "geometry": { "type": "Point", "coordinates": [ 122.0603447, 6.9149048 ] } },
{ "type": "Feature", "properties": { "amenity": null, "name": null }, "geometry": { "type": "Point", "coordinates": [ 122.0600082, 6.9152683 ] } },
{ "type": "Feature", "properties": { "amenity": "toilets", "name": null }, "geometry": { "type": "Point", "coordinates": [ 122.0612657, 6.914723 ] } },
{ "type": "Feature", "properties": { "amenity": "townhall", "name": "Baliwasan Barangay Hall" }, "geometry": { "type": "Point", "coordinates": [ 122.0600521, 6.9156503 ] } },
{ "type": "Feature", "properties": { "amenity": "hospital", "name": "Edwin Andrews Air Base Hospital" }, "geometry": { "type": "Point", "coordinates": [ 122.0688631, 6.9234647 ] } },
{ "type": "Feature", "properties": { "amenity": "place_of_worship", "name": "Our Lady of the Holy Rosary Chapel" }, "geometry": { "type": "Point", "coordinates": [ 122.0703482, 6.9234232 ] } },
{ "type": "Feature", "properties": { "amenity": "school", "name": "Sibulao Elementary School" }, "geometry": { "type": "Point", "coordinates": [ 122.2425958, 7.3263519 ] } },
{ "type": "Feature", "properties": { "amenity": "school", "name": "Sibulao National High School" }, "geometry": { "type": "Point", "coordinates": [ 122.2392072, 7.3254148 ] } },
{ "type": "Feature", "properties": { "amenity": "bank", "name": "Land Bank of the Philippines" }, "geometry": { "type": "Point", "coordinates": [ 122.0620212, 6.914234 ] } },
{ "type": "Feature", "properties": { "amenity": "library", "name": "University Library" }, "geometry": { "type": "Point", "coordinates": [ 122.0604233, 6.9126423 ] } },
{ "type": "Feature", "properties": { "amenity": null, "name": "Juanito A. Bruno Gymnasium" }, "geometry": { "type": "Point", "coordinates": [ 122.0599782, 6.9125784 ] } },
{ "type": "Feature", "properties": { "amenity": "clinic", "name": "University Clinic" }, "geometry": { "type": "Point", "coordinates": [ 122.0610639, 6.9137335 ] } },
{ "type": "Feature", "properties": { "amenity": null, "name": null }, "geometry": { "type": "Point", "coordinates": [ 122.0621673, 6.9111782 ] } },
{ "type": "Feature", "properties": { "amenity": null, "name": null }, "geometry": { "type": "Point", "coordinates": [ 122.0625654, 6.9106326 ] } },
{ "type": "Feature", "properties": { "amenity": null, "name": null }, "geometry": { "type": "Point", "coordinates": [ 122.0624706, 6.9107696 ] } },
{ "type": "Feature", "properties": { "amenity": null, "name": null }, "geometry": { "type": "Point", "coordinates": [ 122.063226, 6.9105428 ] } },
{ "type": "Feature", "properties": { "amenity": "place_of_worship", "name": null }, "geometry": { "type": "Point", "coordinates": [ 122.1877506, 7.0234891 ] } },
{ "type": "Feature", "properties": { "amenity": "fire_station", "name": "Manicahan Fire Station" }, "geometry": { "type": "Point", "coordinates": [ 122.1882803, 7.0228702 ] } },
{ "type": "Feature", "properties": { "amenity": "townhall", "name": "Manicahan Barangay Hall" }, "geometry": { "type": "Point", "coordinates": [ 122.1882119, 7.0233285 ] } },
{ "type": "Feature", "properties": { "amenity": "police", "name": "Manicahan Police Outpost" }, "geometry": { "type": "Point", "coordinates": [ 122.1884721, 7.0234838 ] } },
{ "type": "Feature", "properties": { "amenity": "hospital", "name": "Manicahan Lying-in Hospital" }, "geometry": { "type": "Point", "coordinates": [ 122.188249, 7.0230331 ] } },
{ "type": "Feature", "properties": { "amenity": "school", "name": "Lapakan Elementary School" }, "geometry": { "type": "Point", "coordinates": [ 122.1578983, 7.029317 ] } },
{ "type": "Feature", "properties": { "amenity": "bank", "name": "Security Bank" }, "geometry": { "type": "Point", "coordinates": [ 122.0791981, 6.9155507 ] } },
{ "type": "Feature", "properties": { "amenity": "bank", "name": "Bank of the Philippine Islands" }, "geometry": { "type": "Point", "coordinates": [ 122.0791253, 6.9153514 ] } },
{ "type": "Feature", "properties": { "amenity": "place_of_worship", "name": "Light of Life Ministries International" }, "geometry": { "type": "Point", "coordinates": [ 122.0796622, 6.9156324 ] } },
{ "type": "Feature", "properties": { "amenity": null, "name": "Nationwide Appliance Center" }, "geometry": { "type": "Point", "coordinates": [ 122.0796321, 6.9157629 ] } },
{ "type": "Feature", "properties": { "amenity": "fuel", "name": "PRB Checkpoint Caltex Station" }, "geometry": { "type": "Point", "coordinates": [ 122.0788394, 6.9180129 ] } },
{ "type": "Feature", "properties": { "amenity": "fuel", "name": null }, "geometry": { "type": "Point", "coordinates": [ 122.0789271, 6.9180765 ] } },
{ "type": "Feature", "properties": { "amenity": "parking", "name": null }, "geometry": { "type": "Point", "coordinates": [ 122.0786964, 6.9153073 ] } },
{ "type": "Feature", "properties": { "amenity": "post_office", "name": "Veterans Post Office" }, "geometry": { "type": "Point", "coordinates": [ 122.079958, 6.9171189 ] } },
{ "type": "Feature", "properties": { "amenity": null, "name": "Wally's Hardware" }, "geometry": { "type": "Point", "coordinates": [ 122.0794796, 6.9165209 ] } },
{ "type": "Feature", "properties": { "amenity": "place_of_worship", "name": "Zamboanga Christ-Centered Family Church" }, "geometry": { "type": "Point", "coordinates": [ 122.0787945, 6.9146491 ] } },
{ "type": "Feature", "properties": { "amenity": null, "name": "Hansly Merchandising" }, "geometry": { "type": "Point", "coordinates": [ 122.0791363, 6.9150049 ] } },
{ "type": "Feature", "properties": { "amenity": "fast_food", "name": "DOLE Canteen" }, "geometry": { "type": "Point", "coordinates": [ 122.0791344, 6.9152618 ] } },
{ "type": "Feature", "properties": { "amenity": "toilets", "name": "Public Toilet" }, "geometry": { "type": "Point", "coordinates": [ 122.0812549, 6.9014175 ] } },
{ "type": "Feature", "properties": { "amenity": "toilets", "name": null }, "geometry": { "type": "Point", "coordinates": [ 122.0808227, 6.9002697 ] } },
{ "type": "Feature", "properties": { "amenity": "parking", "name": null }, "geometry": { "type": "Point", "coordinates": [ 122.0813285, 6.8997278 ] } },
{ "type": "Feature", "properties": { "amenity": "college", "name": "Zamboanga State College of Marine Sciences and Technology" }, "geometry": { "type": "Point", "coordinates": [ 122.083569, 6.8998536 ] } },
{ "type": "Feature", "properties": { "amenity": null, "name": null }, "geometry": { "type": "Point", "coordinates": [ 122.0847381, 6.8997821 ] } },
{ "type": "Feature", "properties": { "amenity": "marketplace", "name": "Guiwan Flea Market" }, "geometry": { "type": "Point", "coordinates": [ 122.0901353, 6.9290072 ] } },
{ "type": "Feature", "properties": { "amenity": null, "name": "Food Paradise Bakeshops" }, "geometry": { "type": "Point", "coordinates": [ 122.0897992, 6.9287662 ] } },
{ "type": "Feature", "properties": { "amenity": "school", "name": "Avalokitesvara School" }, "geometry": { "type": "Point", "coordinates": [ 122.0848952, 6.917556 ] } },
{ "type": "Feature", "properties": { "amenity": null, "name": "Zamboanga Motors, Incorporated" }, "geometry": { "type": "Point", "coordinates": [ 122.0799274, 6.90866 ] } },
{ "type": "Feature", "properties": { "amenity": "marketplace", "name": null }, "geometry": { "type": "Point", "coordinates": [ 122.0807486, 6.9093135 ] } },
{ "type": "Feature", "properties": { "amenity": "clinic", "name": "Tzu Chi Great Love Eye Center" }, "geometry": { "type": "Point", "coordinates": [ 122.081192, 6.9061776 ] } },
{ "type": "Feature", "properties": { "amenity": null, "name": null }, "geometry": { "type": "Point", "coordinates": [ 122.0808323, 6.9074459 ] } },
{ "type": "Feature", "properties": { "amenity": "parking", "name": null }, "geometry": { "type": "Point", "coordinates": [ 122.0815848, 6.9075299 ] } },
{ "type": "Feature", "properties": { "amenity": "restaurant", "name": "John's Place" }, "geometry": { "type": "Point", "coordinates": [ 122.0805988, 6.9052121 ] } },
{ "type": "Feature", "properties": { "amenity": "parking", "name": null }, "geometry": { "type": "Point", "coordinates": [ 122.081953, 6.9019878 ] } },
{ "type": "Feature", "properties": { "amenity": "school", "name": "Santa Barbara Central School" }, "geometry": { "type": "Point", "coordinates": [ 122.0827599, 6.9027956 ] } },
{ "type": "Feature", "properties": { "amenity": null, "name": null }, "geometry": { "type": "Point", "coordinates": [ 122.0877706, 6.908779 ] } },
{ "type": "Feature", "properties": { "amenity": "parking", "name": "Motorcycles Only" }, "geometry": { "type": "Point", "coordinates": [ 122.0815615, 6.9009035 ] } },
{ "type": "Feature", "properties": { "amenity": null, "name": "Hermosa Hotel and Restaurant" }, "geometry": { "type": "Point", "coordinates": [ 122.0738553, 6.9096468 ] } },
{ "type": "Feature", "properties": { "amenity": "college", "name": "Southern City Colleges" }, "geometry": { "type": "Point", "coordinates": [ 122.0801742, 6.9046322 ] } },
{ "type": "Feature", "properties": { "amenity": null, "name": null }, "geometry": { "type": "Point", "coordinates": [ 122.0809435, 6.9014453 ] } },
{ "type": "Feature", "properties": { "amenity": null, "name": null }, "geometry": { "type": "Point", "coordinates": [ 122.0616366, 6.9139834 ] } },
{ "type": "Feature", "properties": { "amenity": "restaurant", "name": "Flavorite Cuisine" }, "geometry": { "type": "Point", "coordinates": [ 122.0769054, 6.9041165 ] } },
{ "type": "Feature", "properties": { "amenity": null, "name": "Shopper's Plaza" }, "geometry": { "type": "Point", "coordinates": [ 122.0751833, 6.906259 ] } },
{ "type": "Feature", "properties": { "amenity": "fuel", "name": "Petron" }, "geometry": { "type": "Point", "coordinates": [ 122.060152, 6.9159352 ] } },
{ "type": "Feature", "properties": { "amenity": "shelter", "name": null }, "geometry": { "type": "Point", "coordinates": [ 122.0629063, 6.9137325 ] } },
{ "type": "Feature", "properties": { "amenity": "library", "name": "DOST Library" }, "geometry": { "type": "Point", "coordinates": [ 122.0797095, 6.9033259 ] } },
{ "type": "Feature", "properties": { "amenity": "school", "name": "Divisoria Elementary School" }, "geometry": { "type": "Point", "coordinates": [ 122.1029854, 6.9471214 ] } },
{ "type": "Feature", "properties": { "amenity": "townhall", "name": "Guiwan Barangay Hall" }, "geometry": { "type": "Point", "coordinates": [ 122.0921646, 6.9286075 ] } },
{ "type": "Feature", "properties": { "amenity": null, "name": "Happiness Motel" }, "geometry": { "type": "Point", "coordinates": [ 122.0827568, 6.9343047 ] } },
{ "type": "Feature", "properties": { "amenity": "school", "name": "Tetuan Central School" }, "geometry": { "type": "Point", "coordinates": [ 122.0849282, 6.9189707 ] } },
{ "type": "Feature", "properties": { "amenity": null, "name": "Multi-Pupose Covered Court" }, "geometry": { "type": "Point", "coordinates": [ 122.0847466, 6.9188276 ] } },
{ "type": "Feature", "properties": { "amenity": "toilets", "name": null }, "geometry": { "type": "Point", "coordinates": [ 122.0857494, 6.9187298 ] } },
{ "type": "Feature", "properties": { "amenity": null, "name": "Wewang Merchandise" }, "geometry": { "type": "Point", "coordinates": [ 122.0775243, 6.9038108 ] } },
{ "type": "Feature", "properties": { "amenity": "parking", "name": null }, "geometry": { "type": "Point", "coordinates": [ 122.0773312, 6.9066216 ] } },
{ "type": "Feature", "properties": { "amenity": "restaurant", "name": "Alavar's" }, "geometry": { "type": "Point", "coordinates": [ 122.0806511, 6.900632 ] } },
{ "type": "Feature", "properties": { "amenity": "bar", "name": "Barcode" }, "geometry": { "type": "Point", "coordinates": [ 122.0806818, 6.9007129 ] } },
{ "type": "Feature", "properties": { "amenity": null, "name": "Metro Glenn" }, "geometry": { "type": "Point", "coordinates": [ 122.075947, 6.9067977 ] } },
{ "type": "Feature", "properties": { "amenity": null, "name": "Glenn's Enterprises" }, "geometry": { "type": "Point", "coordinates": [ 122.0757115, 6.9067353 ] } },
{ "type": "Feature", "properties": { "amenity": null, "name": null }, "geometry": { "type": "Point", "coordinates": [ 122.0775017, 6.9045628 ] } },
{ "type": "Feature", "properties": { "amenity": null, "name": "Mang Tinapay" }, "geometry": { "type": "Point", "coordinates": [ 122.077454, 6.9037299 ] } },
{ "type": "Feature", "properties": { "amenity": null, "name": "Blue Pearl Pension House" }, "geometry": { "type": "Point", "coordinates": [ 122.0800649, 6.9069333 ] } },
{ "type": "Feature", "properties": { "amenity": null, "name": null }, "geometry": { "type": "Point", "coordinates": [ 122.0774665, 6.9098596 ] } },
{ "type": "Feature", "properties": { "amenity": null, "name": null }, "geometry": { "type": "Point", "coordinates": [ 122.0731667, 6.9074417 ] } },
{ "type": "Feature", "properties": { "amenity": null, "name": null }, "geometry": { "type": "Point", "coordinates": [ 122.0724785, 6.9076996 ] } },
{ "type": "Feature", "properties": { "amenity": "clinic", "name": "Children's Clinic" }, "geometry": { "type": "Point", "coordinates": [ 122.072408, 6.9079158 ] } },
{ "type": "Feature", "properties": { "amenity": null, "name": null }, "geometry": { "type": "Point", "coordinates": [ 122.0789515, 6.9174053 ] } },
{ "type": "Feature", "properties": { "amenity": "parking", "name": null }, "geometry": { "type": "Point", "coordinates": [ 122.0778423, 6.9220301 ] } },
{ "type": "Feature", "properties": { "amenity": null, "name": "Yubengco Star Mall" }, "geometry": { "type": "Point", "coordinates": [ 122.0919862, 6.9352386 ] } },
{ "type": "Feature", "properties": { "amenity": null, "name": "Greencars Mindanao Corporation" }, "geometry": { "type": "Point", "coordinates": [ 122.0925074, 6.9360076 ] } },
{ "type": "Feature", "properties": { "amenity": "fuel", "name": "Petron" }, "geometry": { "type": "Point", "coordinates": [ 122.0921067, 6.9338503 ] } },
{ "type": "Feature", "properties": { "amenity": null, "name": null }, "geometry": { "type": "Point", "coordinates": [ 122.0920231, 6.9341131 ] } },
{ "type": "Feature", "properties": { "amenity": null, "name": "DES Appliance Plaza, Incorporated" }, "geometry": { "type": "Point", "coordinates": [ 122.092838, 6.9347717 ] } },
{ "type": "Feature", "properties": { "amenity": null, "name": "Safety Enterprises" }, "geometry": { "type": "Point", "coordinates": [ 122.0927756, 6.9349835 ] } },
{ "type": "Feature", "properties": { "amenity": "fast_food", "name": "Uling Roaster" }, "geometry": { "type": "Point", "coordinates": [ 122.089007, 6.9305084 ] } },
{ "type": "Feature", "properties": { "amenity": null, "name": "Red Palm Inn" }, "geometry": { "type": "Point", "coordinates": [ 122.0887505, 6.9306907 ] } },
{ "type": "Feature", "properties": { "amenity": null, "name": "Greencars Philippines, Incorporated" }, "geometry": { "type": "Point", "coordinates": [ 122.0923539, 6.9362645 ] } },
{ "type": "Feature", "properties": { "amenity": "restaurant", "name": "Hai San Restaurant" }, "geometry": { "type": "Point", "coordinates": [ 122.0715809, 6.9080164 ] } },
{ "type": "Feature", "properties": { "amenity": null, "name": "Friendship Emporium" }, "geometry": { "type": "Point", "coordinates": [ 122.0754448, 6.9054987 ] } },
{ "type": "Feature", "properties": { "amenity": null, "name": "Casa Latino Court" }, "geometry": { "type": "Point", "coordinates": [ 122.090831, 6.9419732 ] } },
{ "type": "Feature", "properties": { "amenity": "toilets", "name": null }, "geometry": { "type": "Point", "coordinates": [ 122.1189993, 6.9488079 ] } },
{ "type": "Feature", "properties": { "amenity": null, "name": "Tmothy Motors, Incorporated" }, "geometry": { "type": "Point", "coordinates": [ 122.0884998, 6.9322208 ] } },
{ "type": "Feature", "properties": { "amenity": "recycling", "name": "Material Recovery Facility" }, "geometry": { "type": "Point", "coordinates": [ 122.0717772, 6.9044142 ] } },
{ "type": "Feature", "properties": { "amenity": "police", "name": "Zamboanga City Police Office" }, "geometry": { "type": "Point", "coordinates": [ 122.0745081, 6.9052555 ] } },
{ "type": "Feature", "properties": { "amenity": null, "name": null }, "geometry": { "type": "Point", "coordinates": [ 122.0825709, 6.9017228 ] } },
{ "type": "Feature", "properties": { "amenity": null, "name": null }, "geometry": { "type": "Point", "coordinates": [ 122.0825097, 6.9016846 ] } },
{ "type": "Feature", "properties": { "amenity": "bank", "name": "Bangko Sentral ng Pilipinas" }, "geometry": { "type": "Point", "coordinates": [ 122.080789, 6.9023538 ] } },
{ "type": "Feature", "properties": { "amenity": null, "name": null }, "geometry": { "type": "Point", "coordinates": [ 122.0720792, 6.9207895 ] } },
{ "type": "Feature", "properties": { "amenity": "restaurant", "name": null }, "geometry": { "type": "Point", "coordinates": [ 122.0626418, 6.9188774 ] } },
{ "type": "Feature", "properties": { "amenity": null, "name": "Royale Pension Motel" }, "geometry": { "type": "Point", "coordinates": [ 122.0645928, 6.9179118 ] } },
{ "type": "Feature", "properties": { "amenity": null, "name": null }, "geometry": { "type": "Point", "coordinates": [ 122.066763, 6.9156857 ] } },
{ "type": "Feature", "properties": { "amenity": null, "name": "Astoria Hotel" }, "geometry": { "type": "Point", "coordinates": [ 122.0733404, 6.9089743 ] } },
{ "type": "Feature", "properties": { "amenity": "conference_centre", "name": "Royce Convention Center" }, "geometry": { "type": "Point", "coordinates": [ 122.0730344, 6.9090112 ] } },
{ "type": "Feature", "properties": { "amenity": "parking", "name": null }, "geometry": { "type": "Point", "coordinates": [ 122.0733159, 6.9090739 ] } },
{ "type": "Feature", "properties": { "amenity": null, "name": null }, "geometry": { "type": "Point", "coordinates": [ 122.0765313, 6.9029559 ] } },
{ "type": "Feature", "properties": { "amenity": null, "name": "Atomic Bazaar" }, "geometry": { "type": "Point", "coordinates": [ 122.0754089, 6.9056047 ] } },
{ "type": "Feature", "properties": { "amenity": "police", "name": "Zamboanga City Police Central Office" }, "geometry": { "type": "Point", "coordinates": [ 122.0758005, 6.903247 ] } },
{ "type": "Feature", "properties": { "amenity": null, "name": "Remedios Memorial Homes and Funeral Services" }, "geometry": { "type": "Point", "coordinates": [ 122.0768383, 6.9134237 ] } },
{ "type": "Feature", "properties": { "amenity": "pub", "name": "Fantacy Disco Pub Haus" }, "geometry": { "type": "Point", "coordinates": [ 122.0890221, 6.9303623 ] } },
{ "type": "Feature", "properties": { "amenity": "place_of_worship", "name": "Word for the World Christian Fellowship" }, "geometry": { "type": "Point", "coordinates": [ 122.0847104, 6.9287325 ] } },
{ "type": "Feature", "properties": { "amenity": null, "name": "Unisales Metro Zamboanga" }, "geometry": { "type": "Point", "coordinates": [ 122.0747307, 6.9076777 ] } },
{ "type": "Feature", "properties": { "amenity": null, "name": "Allied Motors Enterprises" }, "geometry": { "type": "Point", "coordinates": [ 122.0787776, 6.9095618 ] } },
{ "type": "Feature", "properties": { "amenity": "place_of_worship", "name": "Four Square Gospel Church" }, "geometry": { "type": "Point", "coordinates": [ 122.0772537, 6.9158811 ] } },
{ "type": "Feature", "properties": { "amenity": null, "name": "Marcian Garden Hotel" }, "geometry": { "type": "Point", "coordinates": [ 122.065687, 6.9187819 ] } },
{ "type": "Feature", "properties": { "amenity": "events_venue", "name": "Marcian Convention center" }, "geometry": { "type": "Point", "coordinates": [ 122.0658122, 6.9187058 ] } },
{ "type": "Feature", "properties": { "amenity": null, "name": null }, "geometry": { "type": "Point", "coordinates": [ 122.0658707, 6.9188565 ] } },
{ "type": "Feature", "properties": { "amenity": "place_of_worship", "name": "Viva Señora La Virgen del Pilar" }, "geometry": { "type": "Point", "coordinates": [ 122.0575826, 6.912216 ] } },
{ "type": "Feature", "properties": { "amenity": null, "name": null }, "geometry": { "type": "Point", "coordinates": [ 122.088301, 6.9304486 ] } },
{ "type": "Feature", "properties": { "amenity": null, "name": null }, "geometry": { "type": "Point", "coordinates": [ 122.118717, 6.9522058 ] } },
{ "type": "Feature", "properties": { "amenity": null, "name": null }, "geometry": { "type": "Point", "coordinates": [ 122.1372803, 6.9568921 ] } },
{ "type": "Feature", "properties": { "amenity": "marketplace", "name": null }, "geometry": { "type": "Point", "coordinates": [ 122.0710444, 6.931278 ] } },
{ "type": "Feature", "properties": { "amenity": null, "name": "Amil's Hotel" }, "geometry": { "type": "Point", "coordinates": [ 122.0789502, 6.9057494 ] } },
{ "type": "Feature", "properties": { "amenity": null, "name": "Viva Pension House" }, "geometry": { "type": "Point", "coordinates": [ 122.0755468, 6.9063688 ] } },
{ "type": "Feature", "properties": { "amenity": "parking", "name": "ZCWD Employee's Parking Aea" }, "geometry": { "type": "Point", "coordinates": [ 122.0779845, 6.9052752 ] } },
{ "type": "Feature", "properties": { "amenity": "restaurant", "name": null }, "geometry": { "type": "Point", "coordinates": [ 122.078287, 6.905448 ] } },
{ "type": "Feature", "properties": { "amenity": "fuel", "name": "Petron" }, "geometry": { "type": "Point", "coordinates": [ 122.0795277, 6.9075119 ] } },
{ "type": "Feature", "properties": { "amenity": "school", "name": "A.B. Simpson Alliance School" }, "geometry": { "type": "Point", "coordinates": [ 122.0883059, 6.9164026 ] } },
{ "type": "Feature", "properties": { "amenity": "school", "name": "Zambowood Elementary School" }, "geometry": { "type": "Point", "coordinates": [ 122.1326245, 6.9415608 ] } },
{ "type": "Feature", "properties": { "amenity": null, "name": "Budgetwise Appliance & Furniture Center" }, "geometry": { "type": "Point", "coordinates": [ 122.0785059, 6.9288725 ] } },
{ "type": "Feature", "properties": { "amenity": "fuel", "name": "Seaoil" }, "geometry": { "type": "Point", "coordinates": [ 122.0791009, 6.9291304 ] } },
{ "type": "Feature", "properties": { "amenity": "parking", "name": null }, "geometry": { "type": "Point", "coordinates": [ 122.0648053, 6.9185316 ] } },
{ "type": "Feature", "properties": { "amenity": "fuel", "name": null }, "geometry": { "type": "Point", "coordinates": [ 122.0690687, 6.9200579 ] } },
{ "type": "Feature", "properties": { "amenity": "fuel", "name": "Land oil Gasoline Station" }, "geometry": { "type": "Point", "coordinates": [ 122.0675411, 6.9194895 ] } },
{ "type": "Feature", "properties": { "amenity": "fuel", "name": "Petron Centenaria N Gas Station" }, "geometry": { "type": "Point", "coordinates": [ 122.0671354, 6.9200919 ] } },
{ "type": "Feature", "properties": { "amenity": "restaurant", "name": "Shamba Grill" }, "geometry": { "type": "Point", "coordinates": [ 122.067588, 6.9201296 ] } },
{ "type": "Feature", "properties": { "amenity": "events_venue", "name": null }, "geometry": { "type": "Point", "coordinates": [ 122.0639642, 6.9173464 ] } },
{ "type": "Feature", "properties": { "amenity": null, "name": "Garden Orchid Hotel and Resort Corporation" }, "geometry": { "type": "Point", "coordinates": [ 122.0642908, 6.9180063 ] } },
{ "type": "Feature", "properties": { "amenity": null, "name": null }, "geometry": { "type": "Point", "coordinates": [ 122.0638745, 6.9179355 ] } },
{ "type": "Feature", "properties": { "amenity": "restaurant", "name": "Ram's Beer Garden and Restaurant" }, "geometry": { "type": "Point", "coordinates": [ 122.0761262, 6.920923 ] } },
{ "type": "Feature", "properties": { "amenity": null, "name": "Bulls Eye Motel" }, "geometry": { "type": "Point", "coordinates": [ 122.0711361, 6.9171582 ] } },
{ "type": "Feature", "properties": { "amenity": "school", "name": "Zion Evangelical School" }, "geometry": { "type": "Point", "coordinates": [ 122.0728415, 6.9171193 ] } },
{ "type": "Feature", "properties": { "amenity": "restaurant", "name": "Family Fried Chicken" }, "geometry": { "type": "Point", "coordinates": [ 122.0726929, 6.9176685 ] } },
{ "type": "Feature", "properties": { "amenity": "animal_shelter", "name": "City Pound" }, "geometry": { "type": "Point", "coordinates": [ 122.0517282, 6.9345208 ] } },
{ "type": "Feature", "properties": { "amenity": null, "name": null }, "geometry": { "type": "Point", "coordinates": [ 122.1594661, 7.0205109 ] } },
{ "type": "Feature", "properties": { "amenity": null, "name": null }, "geometry": { "type": "Point", "coordinates": [ 122.1593844, 7.020434 ] } },
{ "type": "Feature", "properties": { "amenity": null, "name": "Edwin Andrews Air Base Golf Club" }, "geometry": { "type": "Point", "coordinates": [ 122.0606618, 6.9253606 ] } },
{ "type": "Feature", "properties": { "amenity": "parking", "name": "Zamboanga Airport Carpark" }, "geometry": { "type": "Point", "coordinates": [ 122.0619732, 6.9192754 ] } },
{ "type": "Feature", "properties": { "amenity": null, "name": null }, "geometry": { "type": "Point", "coordinates": [ 122.0613815, 6.9243696 ] } },
{ "type": "Feature", "properties": { "amenity": null, "name": null }, "geometry": { "type": "Point", "coordinates": [ 122.056515, 6.9238972 ] } },
{ "type": "Feature", "properties": { "amenity": null, "name": null }, "geometry": { "type": "Point", "coordinates": [ 122.0567397, 6.9244872 ] } },
{ "type": "Feature", "properties": { "amenity": null, "name": null }, "geometry": { "type": "Point", "coordinates": [ 122.0588664, 6.9248819 ] } },
{ "type": "Feature", "properties": { "amenity": null, "name": null }, "geometry": { "type": "Point", "coordinates": [ 122.0615575, 6.9249819 ] } },
{ "type": "Feature", "properties": { "amenity": null, "name": null }, "geometry": { "type": "Point", "coordinates": [ 122.0602904, 6.9259761 ] } },
{ "type": "Feature", "properties": { "amenity": null, "name": null }, "geometry": { "type": "Point", "coordinates": [ 122.0602966, 6.9275705 ] } },
{ "type": "Feature", "properties": { "amenity": null, "name": "Edwin Andrews Driving Range" }, "geometry": { "type": "Point", "coordinates": [ 122.0641347, 6.927548 ] } },
{ "type": "Feature", "properties": { "amenity": null, "name": null }, "geometry": { "type": "Point", "coordinates": [ 122.0628995, 6.9271606 ] } },
{ "type": "Feature", "properties": { "amenity": null, "name": null }, "geometry": { "type": "Point", "coordinates": [ 122.0630182, 6.9266888 ] } },
{ "type": "Feature", "properties": { "amenity": null, "name": null }, "geometry": { "type": "Point", "coordinates": [ 122.0625129, 6.9257395 ] } },
{ "type": "Feature", "properties": { "amenity": null, "name": null }, "geometry": { "type": "Point", "coordinates": [ 122.0652126, 6.9255968 ] } },
{ "type": "Feature", "properties": { "amenity": null, "name": null }, "geometry": { "type": "Point", "coordinates": [ 122.0634583, 6.9253937 ] } },
{ "type": "Feature", "properties": { "amenity": null, "name": null }, "geometry": { "type": "Point", "coordinates": [ 122.0651987, 6.9245938 ] } },
{ "type": "Feature", "properties": { "amenity": null, "name": null }, "geometry": { "type": "Point", "coordinates": [ 122.0638945, 6.9245779 ] } },
{ "type": "Feature", "properties": { "amenity": null, "name": null }, "geometry": { "type": "Point", "coordinates": [ 122.0651948, 6.9237923 ] } },
{ "type": "Feature", "properties": { "amenity": null, "name": null }, "geometry": { "type": "Point", "coordinates": [ 122.0629668, 6.9246167 ] } },
{ "type": "Feature", "properties": { "amenity": null, "name": null }, "geometry": { "type": "Point", "coordinates": [ 122.0622382, 6.9238096 ] } },
{ "type": "Feature", "properties": { "amenity": null, "name": null }, "geometry": { "type": "Point", "coordinates": [ 122.0603428, 6.925385 ] } },
{ "type": "Feature", "properties": { "amenity": null, "name": null }, "geometry": { "type": "Point", "coordinates": [ 122.0579814, 6.9249316 ] } },
{ "type": "Feature", "properties": { "amenity": "marketplace", "name": "Tumaga Flea Market" }, "geometry": { "type": "Point", "coordinates": [ 122.078883, 6.9358564 ] } },
{ "type": "Feature", "properties": { "amenity": "marketplace", "name": "Divisoria Flea Market" }, "geometry": { "type": "Point", "coordinates": [ 122.1051947, 6.9485852 ] } },
{ "type": "Feature", "properties": { "amenity": "place_of_worship", "name": "San Antonio Maria Claret Church" }, "geometry": { "type": "Point", "coordinates": [ 122.0664404, 6.9139996 ] } },
{ "type": "Feature", "properties": { "amenity": "fuel", "name": "Gazz" }, "geometry": { "type": "Point", "coordinates": [ 122.0926328, 6.9424964 ] } },
{ "type": "Feature", "properties": { "amenity": "fuel", "name": "Zambo Staroil Veterans" }, "geometry": { "type": "Point", "coordinates": [ 122.0789288, 6.9184635 ] } },
{ "type": "Feature", "properties": { "amenity": "townhall", "name": "Pasonanca Barangay Hall" }, "geometry": { "type": "Point", "coordinates": [ 122.0720346, 6.9522767 ] } },
{ "type": "Feature", "properties": { "amenity": "clinic", "name": "Mancao Medical Clinic" }, "geometry": { "type": "Point", "coordinates": [ 122.1354135, 6.9623514 ] } },
{ "type": "Feature", "properties": { "amenity": "place_of_worship", "name": "Mampang Chapel" }, "geometry": { "type": "Point", "coordinates": [ 122.1483301, 6.9187289 ] } },
{ "type": "Feature", "properties": { "amenity": null, "name": "Pasonanca Natural Swimming Pools" }, "geometry": { "type": "Point", "coordinates": [ 122.0736593, 6.9543702 ] } },
{ "type": "Feature", "properties": { "amenity": "hospital", "name": "Zamboanga City Puericulture Hospital" }, "geometry": { "type": "Point", "coordinates": [ 122.0758108, 6.9073273 ] } },
{ "type": "Feature", "properties": { "amenity": "school", "name": "Tigtabon Elementary School" }, "geometry": { "type": "Point", "coordinates": [ 122.1655032, 6.8959617 ] } },
{ "type": "Feature", "properties": { "amenity": "school", "name": "Pasilmanta Elementary School" }, "geometry": { "type": "Point", "coordinates": [ 122.2772106, 6.9893792 ] } },
{ "type": "Feature", "properties": { "amenity": "place_of_worship", "name": null }, "geometry": { "type": "Point", "coordinates": [ 122.2807916, 6.9781356 ] } },
{ "type": "Feature", "properties": { "amenity": "school", "name": "Tumalutab Elementary School" }, "geometry": { "type": "Point", "coordinates": [ 122.3534548, 6.9838708 ] } },
{ "type": "Feature", "properties": { "amenity": "school", "name": "Tugbungan Elementary School" }, "geometry": { "type": "Point", "coordinates": [ 122.1041762, 6.9188465 ] } },
{ "type": "Feature", "properties": { "amenity": null, "name": null }, "geometry": { "type": "Point", "coordinates": [ 122.1040073, 6.9185049 ] } },
{ "type": "Feature", "properties": { "amenity": "school", "name": "Mulu-Muluan Elementary School" }, "geometry": { "type": "Point", "coordinates": [ 122.154167, 6.9345224 ] } },
{ "type": "Feature", "properties": { "amenity": "place_of_worship", "name": "HB Homes Masjid" }, "geometry": { "type": "Point", "coordinates": [ 122.0839211, 6.9357672 ] } },
{ "type": "Feature", "properties": { "amenity": null, "name": "Multi-Purpose Hall" }, "geometry": { "type": "Point", "coordinates": [ 122.0825753, 6.9027295 ] } },
{ "type": "Feature", "properties": { "amenity": "school", "name": "Guiwan Elementary School" }, "geometry": { "type": "Point", "coordinates": [ 122.0937799, 6.9294766 ] } },
{ "type": "Feature", "properties": { "amenity": "school", "name": "Lunzuran Elementary School" }, "geometry": { "type": "Point", "coordinates": [ 122.0909735, 6.959395 ] } },
{ "type": "Feature", "properties": { "amenity": "school", "name": "Luyahan Elementary School" }, "geometry": { "type": "Point", "coordinates": [ 122.0798555, 6.9510527 ] } },
{ "type": "Feature", "properties": { "amenity": null, "name": "Multi-Purpose Covered Court" }, "geometry": { "type": "Point", "coordinates": [ 122.1453473, 6.9600175 ] } },
{ "type": "Feature", "properties": { "amenity": null, "name": null }, "geometry": { "type": "Point", "coordinates": [ 122.1306589, 6.9735767 ] } },
{ "type": "Feature", "properties": { "amenity": "school", "name": "Cabatangan Elementary School" }, "geometry": { "type": "Point", "coordinates": [ 122.0544696, 6.9507813 ] } },
{ "type": "Feature", "properties": { "amenity": null, "name": null }, "geometry": { "type": "Point", "coordinates": [ 122.0998144, 6.9438258 ] } },
{ "type": "Feature", "properties": { "amenity": "school", "name": "San Jose Gusu Elementary School" }, "geometry": { "type": "Point", "coordinates": [ 122.0526392, 6.9202114 ] } },
{ "type": "Feature", "properties": { "amenity": "school", "name": "Talabaan Elementary School" }, "geometry": { "type": "Point", "coordinates": [ 122.1758831, 6.956794 ] } },
{ "type": "Feature", "properties": { "amenity": "school", "name": "John Spirig, Sr. Memorial Elementary School" }, "geometry": { "type": "Point", "coordinates": [ 122.0474062, 6.9153487 ] } },
{ "type": "Feature", "properties": { "amenity": "school", "name": "Recodo Elementary School" }, "geometry": { "type": "Point", "coordinates": [ 121.9575692, 6.9554672 ] } },
{ "type": "Feature", "properties": { "amenity": "school", "name": "Canelar Elementary School" }, "geometry": { "type": "Point", "coordinates": [ 122.0691112, 6.9155084 ] } },
{ "type": "Feature", "properties": { "amenity": "school", "name": "Talisayan Elementary School" }, "geometry": { "type": "Point", "coordinates": [ 121.9297949, 6.9852665 ] } },
{ "type": "Feature", "properties": { "amenity": "school", "name": "Talisayan National High School" }, "geometry": { "type": "Point", "coordinates": [ 121.9319481, 6.9858249 ] } },
{ "type": "Feature", "properties": { "amenity": "school", "name": "Patalon Elementary School" }, "geometry": { "type": "Point", "coordinates": [ 121.9106072, 7.0512781 ] } },
{ "type": "Feature", "properties": { "amenity": "school", "name": "Sinubong National High School" }, "geometry": { "type": "Point", "coordinates": [ 121.9211509, 7.023202 ] } },
{ "type": "Feature", "properties": { "amenity": "school", "name": "Recodo National High School" }, "geometry": { "type": "Point", "coordinates": [ 121.9653503, 6.9558476 ] } },
{ "type": "Feature", "properties": { "amenity": "townhall", "name": "Recodo Barangay Hall" }, "geometry": { "type": "Point", "coordinates": [ 121.9646645, 6.9549703 ] } },
{ "type": "Feature", "properties": { "amenity": "school", "name": "Cristino Paragas Memorial Elementary School" }, "geometry": { "type": "Point", "coordinates": [ 122.2185398, 7.1832787 ] } },
{ "type": "Feature", "properties": { "amenity": "school", "name": "Curuan Central School" }, "geometry": { "type": "Point", "coordinates": [ 122.2336696, 7.2062786 ] } },
{ "type": "Feature", "properties": { "amenity": null, "name": null }, "geometry": { "type": "Point", "coordinates": [ 122.2342515, 7.2063088 ] } },
{ "type": "Feature", "properties": { "amenity": null, "name": null }, "geometry": { "type": "Point", "coordinates": [ 122.233524, 7.2064889 ] } },
{ "type": "Feature", "properties": { "amenity": "school", "name": "Curuan National High School" }, "geometry": { "type": "Point", "coordinates": [ 122.2341957, 7.2056197 ] } },
{ "type": "Feature", "properties": { "amenity": "place_of_worship", "name": "San Estanislao de Kostka Parish Church" }, "geometry": { "type": "Point", "coordinates": [ 122.2322886, 7.205125 ] } },
{ "type": "Feature", "properties": { "amenity": "townhall", "name": "Bahay Pamahalaan ng Barangay Talisayan" }, "geometry": { "type": "Point", "coordinates": [ 121.9297893, 6.9876403 ] } },
{ "type": "Feature", "properties": { "amenity": "place_of_worship", "name": "Talisayan Alliance Church" }, "geometry": { "type": "Point", "coordinates": [ 121.9295702, 6.9869126 ] } },
{ "type": "Feature", "properties": { "amenity": null, "name": null }, "geometry": { "type": "Point", "coordinates": [ 121.927747, 6.9900015 ] } },
{ "type": "Feature", "properties": { "amenity": null, "name": null }, "geometry": { "type": "Point", "coordinates": [ 121.92768, 6.9902057 ] } },
{ "type": "Feature", "properties": { "amenity": null, "name": null }, "geometry": { "type": "Point", "coordinates": [ 121.9278606, 6.989914 ] } },
{ "type": "Feature", "properties": { "amenity": null, "name": null }, "geometry": { "type": "Point", "coordinates": [ 121.9276127, 6.9895752 ] } },
{ "type": "Feature", "properties": { "amenity": null, "name": "La Vista del Mar Beach Resort" }, "geometry": { "type": "Point", "coordinates": [ 122.0193796, 6.924518 ] } },
{ "type": "Feature", "properties": { "amenity": "college", "name": "Ebenezer Bible College and Seminary" }, "geometry": { "type": "Point", "coordinates": [ 122.02408, 6.9231847 ] } },
{ "type": "Feature", "properties": { "amenity": "fast_food", "name": "Jollibee" }, "geometry": { "type": "Point", "coordinates": [ 122.0653922, 6.9125386 ] } },
{ "type": "Feature", "properties": { "amenity": "hospital", "name": "Zamboanga Peninsula Medical Center" }, "geometry": { "type": "Point", "coordinates": [ 122.0919803, 6.939976 ] } },
{ "type": "Feature", "properties": { "amenity": "parking", "name": null }, "geometry": { "type": "Point", "coordinates": [ 122.0915478, 6.9398905 ] } },
{ "type": "Feature", "properties": { "amenity": "parking", "name": "LM Metro Parking Area" }, "geometry": { "type": "Point", "coordinates": [ 122.0931784, 6.9194705 ] } },
{ "type": "Feature", "properties": { "amenity": null, "name": "Zamboanga Motors. Inc. (Mitsubishi)" }, "geometry": { "type": "Point", "coordinates": [ 122.0774473, 6.9211082 ] } },
{ "type": "Feature", "properties": { "amenity": null, "name": "Ever O Business Hotel" }, "geometry": { "type": "Point", "coordinates": [ 122.0764273, 6.9070155 ] } },
{ "type": "Feature", "properties": { "amenity": null, "name": "Mini Box" }, "geometry": { "type": "Point", "coordinates": [ 122.0769078, 6.9053949 ] } },
{ "type": "Feature", "properties": { "amenity": null, "name": "SGS868 Marketing" }, "geometry": { "type": "Point", "coordinates": [ 122.0771642, 6.9050273 ] } },
{ "type": "Feature", "properties": { "amenity": "fast_food", "name": "McDonald's" }, "geometry": { "type": "Point", "coordinates": [ 122.0844081, 6.9255605 ] } },
{ "type": "Feature", "properties": { "amenity": "pharmacy", "name": "Cecile's" }, "geometry": { "type": "Point", "coordinates": [ 122.0900997, 6.9287812 ] } },
{ "type": "Feature", "properties": { "amenity": "parking", "name": null }, "geometry": { "type": "Point", "coordinates": [ 122.0784462, 6.9234826 ] } },
{ "type": "Feature", "properties": { "amenity": null, "name": null }, "geometry": { "type": "Point", "coordinates": [ 122.0773976, 6.9050524 ] } },
{ "type": "Feature", "properties": { "amenity": "place_of_worship", "name": "United Evangelical Church of Zamboanga" }, "geometry": { "type": "Point", "coordinates": [ 122.0776127, 6.9079114 ] } },
{ "type": "Feature", "properties": { "amenity": "community_centre", "name": "Centro Latino" }, "geometry": { "type": "Point", "coordinates": [ 122.0818894, 6.9001236 ] } },
{ "type": "Feature", "properties": { "amenity": null, "name": "Hamilton Business Hotel" }, "geometry": { "type": "Point", "coordinates": [ 122.0706913, 6.9203013 ] } },
{ "type": "Feature", "properties": { "amenity": null, "name": "LaTerraza Pension House & Cafe" }, "geometry": { "type": "Point", "coordinates": [ 122.0713107, 6.9203901 ] } },
{ "type": "Feature", "properties": { "amenity": "place_of_worship", "name": "Dar Al-Heedaya Heider \"Green\" Mosque" }, "geometry": { "type": "Point", "coordinates": [ 122.0937661, 6.9407017 ] } },
{ "type": "Feature", "properties": { "amenity": "place_of_worship", "name": "Masjid Hidaya" }, "geometry": { "type": "Point", "coordinates": [ 122.0681111, 6.8679927 ] } },
{ "type": "Feature", "properties": { "amenity": "school", "name": "Silsilah Elementary School" }, "geometry": { "type": "Point", "coordinates": [ 122.0677189, 6.8677249 ] } },
{ "type": "Feature", "properties": { "amenity": null, "name": null }, "geometry": { "type": "Point", "coordinates": [ 122.2401216, 7.0973171 ] } },
{ "type": "Feature", "properties": { "amenity": null, "name": "Parque de Cencia de Zamboanga" }, "geometry": { "type": "Point", "coordinates": [ 122.0718653, 6.9543222 ] } },
{ "type": "Feature", "properties": { "amenity": "toilets", "name": null }, "geometry": { "type": "Point", "coordinates": [ 122.0716066, 6.9536843 ] } },
{ "type": "Feature", "properties": { "amenity": "bar", "name": null }, "geometry": { "type": "Point", "coordinates": [ 122.0716284, 6.9538587 ] } },
{ "type": "Feature", "properties": { "amenity": "bar", "name": null }, "geometry": { "type": "Point", "coordinates": [ 122.0716372, 6.9540185 ] } },
{ "type": "Feature", "properties": { "amenity": "bar", "name": null }, "geometry": { "type": "Point", "coordinates": [ 122.0716586, 6.9542053 ] } },
{ "type": "Feature", "properties": { "amenity": "bar", "name": null }, "geometry": { "type": "Point", "coordinates": [ 122.0716972, 6.9543599 ] } },
{ "type": "Feature", "properties": { "amenity": "bar", "name": null }, "geometry": { "type": "Point", "coordinates": [ 122.0717872, 6.9544889 ] } },
{ "type": "Feature", "properties": { "amenity": "bar", "name": null }, "geometry": { "type": "Point", "coordinates": [ 122.0719096, 6.9546085 ] } },
{ "type": "Feature", "properties": { "amenity": null, "name": null }, "geometry": { "type": "Point", "coordinates": [ 122.0767545, 6.931207 ] } },
{ "type": "Feature", "properties": { "amenity": "police", "name": "Community Police Assistance Center" }, "geometry": { "type": "Point", "coordinates": [ 122.0694276, 6.9311554 ] } },
{ "type": "Feature", "properties": { "amenity": "townhall", "name": "Zone IV Barangay Hall" }, "geometry": { "type": "Point", "coordinates": [ 122.0805506, 6.9033035 ] } },
{ "type": "Feature", "properties": { "amenity": "place_of_worship", "name": "Kingdom Hall of Jehovah's Witnesses" }, "geometry": { "type": "Point", "coordinates": [ 122.0580416, 6.9168868 ] } },
{ "type": "Feature", "properties": { "amenity": "fast_food", "name": "Amigos and Amigas" }, "geometry": { "type": "Point", "coordinates": [ 122.0722295, 6.9198941 ] } },
{ "type": "Feature", "properties": { "amenity": "place_of_worship", "name": "Dominican Sisters Chapel" }, "geometry": { "type": "Point", "coordinates": [ 122.0557518, 6.9194329 ] } },
{ "type": "Feature", "properties": { "amenity": "monastery", "name": null }, "geometry": { "type": "Point", "coordinates": [ 122.0556414, 6.9194035 ] } },
{ "type": "Feature", "properties": { "amenity": "pharmacy", "name": "TGP" }, "geometry": { "type": "Point", "coordinates": [ 122.0800845, 6.9076462 ] } },
{ "type": "Feature", "properties": { "amenity": "fuel", "name": "LPG" }, "geometry": { "type": "Point", "coordinates": [ 122.0781004, 6.9316722 ] } },
{ "type": "Feature", "properties": { "amenity": "place_of_worship", "name": "Grace Gospel of Christ" }, "geometry": { "type": "Point", "coordinates": [ 122.0969566, 6.9332882 ] } },
{ "type": "Feature", "properties": { "amenity": "place_of_worship", "name": "Holy Place International Ministry Inc." }, "geometry": { "type": "Point", "coordinates": [ 122.0972201, 6.9328078 ] } },
{ "type": "Feature", "properties": { "amenity": "fast_food", "name": "McDonald's" }, "geometry": { "type": "Point", "coordinates": [ 122.0900664, 6.9309849 ] } },
{ "type": "Feature", "properties": { "amenity": "place_of_worship", "name": "Peñafrancia Church" }, "geometry": { "type": "Point", "coordinates": [ 122.0426135, 6.9231104 ] } },
{ "type": "Feature", "properties": { "amenity": null, "name": "Unitop" }, "geometry": { "type": "Point", "coordinates": [ 122.0751145, 6.9085837 ] } },
{ "type": "Feature", "properties": { "amenity": "place_of_worship", "name": "Zamboanga City Alliance Evangelical Church" }, "geometry": { "type": "Point", "coordinates": [ 122.0731057, 6.9126873 ] } },
{ "type": "Feature", "properties": { "amenity": "place_of_worship", "name": "Iglesia ni Cristo" }, "geometry": { "type": "Point", "coordinates": [ 122.0730376, 6.9122757 ] } },
{ "type": "Feature", "properties": { "amenity": null, "name": null }, "geometry": { "type": "Point", "coordinates": [ 122.0432397, 6.9333756 ] } },
{ "type": "Feature", "properties": { "amenity": null, "name": null }, "geometry": { "type": "Point", "coordinates": [ 122.0495679, 6.924784 ] } },
{ "type": "Feature", "properties": { "amenity": null, "name": "Alexandra cockpit" }, "geometry": { "type": "Point", "coordinates": [ 122.0792809, 6.945731 ] } },
{ "type": "Feature", "properties": { "amenity": null, "name": null }, "geometry": { "type": "Point", "coordinates": [ 122.0850626, 6.9465639 ] } },
{ "type": "Feature", "properties": { "amenity": "school", "name": "Special Education Center" }, "geometry": { "type": "Point", "coordinates": [ 122.0792235, 6.9362048 ] } },
{ "type": "Feature", "properties": { "amenity": null, "name": null }, "geometry": { "type": "Point", "coordinates": [ 122.0748938, 6.9323093 ] } },
{ "type": "Feature", "properties": { "amenity": "place_of_worship", "name": null }, "geometry": { "type": "Point", "coordinates": [ 121.922525, 6.9952356 ] } },
{ "type": "Feature", "properties": { "amenity": "restaurant", "name": "Ester Pata House" }, "geometry": { "type": "Point", "coordinates": [ 122.1443216, 6.9676807 ] } },
{ "type": "Feature", "properties": { "amenity": null, "name": null }, "geometry": { "type": "Point", "coordinates": [ 122.0136746, 6.9274771 ] } },
{ "type": "Feature", "properties": { "amenity": "grave_yard", "name": null }, "geometry": { "type": "Point", "coordinates": [ 121.9287278, 6.9858944 ] } },
{ "type": "Feature", "properties": { "amenity": null, "name": null }, "geometry": { "type": "Point", "coordinates": [ 121.9222309, 6.9929626 ] } },
{ "type": "Feature", "properties": { "amenity": null, "name": null }, "geometry": { "type": "Point", "coordinates": [ 121.921833, 6.9943438 ] } },
{ "type": "Feature", "properties": { "amenity": null, "name": null }, "geometry": { "type": "Point", "coordinates": [ 121.9218928, 6.9939649 ] } },
{ "type": "Feature", "properties": { "amenity": null, "name": null }, "geometry": { "type": "Point", "coordinates": [ 121.9316883, 6.9851936 ] } },
{ "type": "Feature", "properties": { "amenity": "place_of_worship", "name": "San Vicente Ferrer Chapel" }, "geometry": { "type": "Point", "coordinates": [ 121.9306071, 6.9828452 ] } },
{ "type": "Feature", "properties": { "amenity": null, "name": null }, "geometry": { "type": "Point", "coordinates": [ 122.13494, 6.9367492 ] } },
{ "type": "Feature", "properties": { "amenity": null, "name": null }, "geometry": { "type": "Point", "coordinates": [ 122.1298561, 6.9536463 ] } },
{ "type": "Feature", "properties": { "amenity": "school", "name": "Tulungatung Elementary School" }, "geometry": { "type": "Point", "coordinates": [ 121.9595437, 6.9723499 ] } },
{ "type": "Feature", "properties": { "amenity": null, "name": "Citimall" }, "geometry": { "type": "Point", "coordinates": [ 122.0827857, 6.9139535 ] } },
{ "type": "Feature", "properties": { "amenity": null, "name": "Yubengco Starmall" }, "geometry": { "type": "Point", "coordinates": [ 122.0906058, 6.9153003 ] } },
{ "type": "Feature", "properties": { "amenity": "toilets", "name": null }, "geometry": { "type": "Point", "coordinates": [ 122.1075019, 6.9511806 ] } },
{ "type": "Feature", "properties": { "amenity": null, "name": null }, "geometry": { "type": "Point", "coordinates": [ 122.0702036, 6.9058698 ] } },
{ "type": "Feature", "properties": { "amenity": "townhall", "name": "Santa Catalina Barangay Hall" }, "geometry": { "type": "Point", "coordinates": [ 122.0868919, 6.9090607 ] } },
{ "type": "Feature", "properties": { "amenity": null, "name": null }, "geometry": { "type": "Point", "coordinates": [ 122.1276234, 6.9712937 ] } },
{ "type": "Feature", "properties": { "amenity": "toilets", "name": null }, "geometry": { "type": "Point", "coordinates": [ 122.0584998, 6.8720938 ] } },
{ "type": "Feature", "properties": { "amenity": null, "name": "Residence Inn (Birthday_Venue)" }, "geometry": { "type": "Point", "coordinates": [ 122.0812671, 6.9044956 ] } },
{ "type": "Feature", "properties": { "amenity": null, "name": "7-Eleven" }, "geometry": { "type": "Point", "coordinates": [ 122.0813362, 6.9045164 ] } },
{ "type": "Feature", "properties": { "amenity": "fuel", "name": "SEAOIL - Don Alfaro" }, "geometry": { "type": "Point", "coordinates": [ 122.0836466, 6.9148851 ] } },
{ "type": "Feature", "properties": { "amenity": null, "name": "Galvez Fruitstand" }, "geometry": { "type": "Point", "coordinates": [ 122.0828161, 6.9147526 ] } },
{ "type": "Feature", "properties": { "amenity": "school", "name": "Panganak Elementary School" }, "geometry": { "type": "Point", "coordinates": [ 122.2915745, 6.8818961 ] } },
{ "type": "Feature", "properties": { "amenity": null, "name": null }, "geometry": { "type": "Point", "coordinates": [ 122.2733072, 6.8910692 ] } },
{ "type": "Feature", "properties": { "amenity": "school", "name": "Taloptap Elementary School" }, "geometry": { "type": "Point", "coordinates": [ 122.3042865, 7.3900656 ] } },
{ "type": "Feature", "properties": { "amenity": "school", "name": "Mangusu Integrated School" }, "geometry": { "type": "Point", "coordinates": [ 122.2835099, 7.3516444 ] } },
{ "type": "Feature", "properties": { "amenity": null, "name": null }, "geometry": { "type": "Point", "coordinates": [ 122.0804166, 6.9031321 ] } },
{ "type": "Feature", "properties": { "amenity": null, "name": null }, "geometry": { "type": "Point", "coordinates": [ 122.0802965, 6.9031942 ] } },
{ "type": "Feature", "properties": { "amenity": null, "name": null }, "geometry": { "type": "Point", "coordinates": [ 122.0801668, 6.9032473 ] } },
{ "type": "Feature", "properties": { "amenity": null, "name": null }, "geometry": { "type": "Point", "coordinates": [ 122.0800491, 6.903321 ] } },
{ "type": "Feature", "properties": { "amenity": "parking", "name": null }, "geometry": { "type": "Point", "coordinates": [ 122.2030352, 7.0668044 ] } },
{ "type": "Feature", "properties": { "amenity": "place_of_worship", "name": "Masjid Al Janna" }, "geometry": { "type": "Point", "coordinates": [ 122.0740186, 6.9350167 ] } },
{ "type": "Feature", "properties": { "amenity": null, "name": null }, "geometry": { "type": "Point", "coordinates": [ 122.071467, 6.9387846 ] } },
{ "type": "Feature", "properties": { "amenity": "place_of_worship", "name": "Villa Santa Maria Chapel" }, "geometry": { "type": "Point", "coordinates": [ 122.0740717, 6.9365379 ] } },
{ "type": "Feature", "properties": { "amenity": null, "name": null }, "geometry": { "type": "Point", "coordinates": [ 122.0739227, 6.9363069 ] } },
{ "type": "Feature", "properties": { "amenity": "parking", "name": null }, "geometry": { "type": "Point", "coordinates": [ 122.0733952, 6.9206203 ] } },
{ "type": "Feature", "properties": { "amenity": "parking", "name": "KCC Mall de Zamboanga Parking Lot" }, "geometry": { "type": "Point", "coordinates": [ 122.0736189, 6.9222923 ] } },
{ "type": "Feature", "properties": { "amenity": null, "name": null }, "geometry": { "type": "Point", "coordinates": [ 122.0849663, 6.9455944 ] } },
{ "type": "Feature", "properties": { "amenity": "school", "name": "Landang Gua Elementary School" }, "geometry": { "type": "Point", "coordinates": [ 122.2569135, 6.9562746 ] } },
{ "type": "Feature", "properties": { "amenity": "school", "name": "Cawit Elementary School" }, "geometry": { "type": "Point", "coordinates": [ 121.9739838, 6.9569533 ] } },
{ "type": "Feature", "properties": { "amenity": "school", "name": "Lanzones Elementary School" }, "geometry": { "type": "Point", "coordinates": [ 122.1317155, 7.004303 ] } },
{ "type": "Feature", "properties": { "amenity": "school", "name": "Dita Elementary School" }, "geometry": { "type": "Point", "coordinates": [ 122.2347116, 7.1631915 ] } },
{ "type": "Feature", "properties": { "amenity": "school", "name": "Lima Elementary School" }, "geometry": { "type": "Point", "coordinates": [ 122.0159269, 6.9969621 ] } },
{ "type": "Feature", "properties": { "amenity": "school", "name": "Natividad M. Medalle-Presa Elementary School" }, "geometry": { "type": "Point", "coordinates": [ 122.2277316, 7.2040765 ] } },
{ "type": "Feature", "properties": { "amenity": null, "name": null }, "geometry": { "type": "Point", "coordinates": [ 121.9292782, 6.9823561 ] } },
{ "type": "Feature", "properties": { "amenity": "townhall", "name": "Ayala Barangay Hall" }, "geometry": { "type": "Point", "coordinates": [ 121.9482049, 6.9635425 ] } },
{ "type": "Feature", "properties": { "amenity": null, "name": null }, "geometry": { "type": "Point", "coordinates": [ 121.9498765, 6.9614193 ] } },
{ "type": "Feature", "properties": { "amenity": null, "name": null }, "geometry": { "type": "Point", "coordinates": [ 121.9590554, 6.9881976 ] } },
{ "type": "Feature", "properties": { "amenity": "school", "name": "Cadalagan Elementary School" }, "geometry": { "type": "Point", "coordinates": [ 121.9587455, 6.9882126 ] } },
{ "type": "Feature", "properties": { "amenity": null, "name": null }, "geometry": { "type": "Point", "coordinates": [ 121.9648768, 6.9549401 ] } },
{ "type": "Feature", "properties": { "amenity": "place_of_worship", "name": null }, "geometry": { "type": "Point", "coordinates": [ 121.9616037, 6.9528019 ] } },
{ "type": "Feature", "properties": { "amenity": "fuel", "name": "Petron" }, "geometry": { "type": "Point", "coordinates": [ 122.0468549, 6.9207878 ] } },
{ "type": "Feature", "properties": { "amenity": "school", "name": "Southcom National High School" }, "geometry": { "type": "Point", "coordinates": [ 122.0424504, 6.921607 ] } },
{ "type": "Feature", "properties": { "amenity": "school", "name": "Southcom Elementary School" }, "geometry": { "type": "Point", "coordinates": [ 122.0439113, 6.9222604 ] } },
{ "type": "Feature", "properties": { "amenity": "place_of_worship", "name": "Masjid Al-Imam Al-Mahdi" }, "geometry": { "type": "Point", "coordinates": [ 122.0466768, 6.915584 ] } },
{ "type": "Feature", "properties": { "amenity": "place_of_worship", "name": "Masjid Kasalamatan" }, "geometry": { "type": "Point", "coordinates": [ 122.0477477, 6.9146476 ] } },
{ "type": "Feature", "properties": { "amenity": null, "name": null }, "geometry": { "type": "Point", "coordinates": [ 122.0697992, 6.9152452 ] } },
{ "type": "Feature", "properties": { "amenity": "fuel", "name": "Seaoil" }, "geometry": { "type": "Point", "coordinates": [ 122.0499408, 6.9203373 ] } },
{ "type": "Feature", "properties": { "amenity": null, "name": null }, "geometry": { "type": "Point", "coordinates": [ 122.0526676, 6.9201455 ] } },
{ "type": "Feature", "properties": { "amenity": "fuel", "name": "Seaoil" }, "geometry": { "type": "Point", "coordinates": [ 122.0582407, 6.917387 ] } },
{ "type": "Feature", "properties": { "amenity": "school", "name": "Cadalagan Elementary School" }, "geometry": { "type": "Point", "coordinates": [ 121.9276637, 7.0306316 ] } },
{ "type": "Feature", "properties": { "amenity": "school", "name": "Victoria Elementary School" }, "geometry": { "type": "Point", "coordinates": [ 122.1940601, 7.0489382 ] } },
{ "type": "Feature", "properties": { "amenity": null, "name": null }, "geometry": { "type": "Point", "coordinates": [ 122.0934823, 6.9380746 ] } },
{ "type": "Feature", "properties": { "amenity": "school", "name": "Upper Pasonanca Elementary School" }, "geometry": { "type": "Point", "coordinates": [ 122.0719194, 6.9618902 ] } },
{ "type": "Feature", "properties": { "amenity": "school", "name": null }, "geometry": { "type": "Point", "coordinates": [ 121.9653467, 6.998001 ] } },
{ "type": "Feature", "properties": { "amenity": "school", "name": "Capisan National High School" }, "geometry": { "type": "Point", "coordinates": [ 122.0277169, 6.9533396 ] } },
{ "type": "Feature", "properties": { "amenity": "school", "name": "Pasobolong Elementary School" }, "geometry": { "type": "Point", "coordinates": [ 122.1308495, 6.9732882 ] } },
{ "type": "Feature", "properties": { "amenity": "school", "name": "Pangapuyan Elementary School" }, "geometry": { "type": "Point", "coordinates": [ 122.181652, 6.9178949 ] } },
{ "type": "Feature", "properties": { "amenity": "school", "name": "Cansilayan Elementary School" }, "geometry": { "type": "Point", "coordinates": [ 122.2019772, 7.1603365 ] } },
{ "type": "Feature", "properties": { "amenity": "school", "name": "Edwin Andrews Air Base Elementary School" }, "geometry": { "type": "Point", "coordinates": [ 122.0657912, 6.9290868 ] } },
{ "type": "Feature", "properties": { "amenity": "school", "name": "San Roque Elementary School" }, "geometry": { "type": "Point", "coordinates": [ 122.0434056, 6.9338963 ] } },
{ "type": "Feature", "properties": { "amenity": "school", "name": "Malagutay Elementary School" }, "geometry": { "type": "Point", "coordinates": [ 122.0168408, 6.9385865 ] } },
{ "type": "Feature", "properties": { "amenity": "school", "name": "Sinubong Elementary School" }, "geometry": { "type": "Point", "coordinates": [ 121.9244736, 7.026976 ] } },
{ "type": "Feature", "properties": { "amenity": "school", "name": "Eligna Elementary School" }, "geometry": { "type": "Point", "coordinates": [ 122.1692771, 7.1384828 ] } },
{ "type": "Feature", "properties": { "amenity": "school", "name": "Zamboanga East Central School" }, "geometry": { "type": "Point", "coordinates": [ 122.0726489, 6.9068509 ] } },
{ "type": "Feature", "properties": { "amenity": "school", "name": "Busay Elementary School" }, "geometry": { "type": "Point", "coordinates": [ 122.2464281, 6.9859054 ] } },
{ "type": "Feature", "properties": { "amenity": "school", "name": "Rio Hondo Elementary School" }, "geometry": { "type": "Point", "coordinates": [ 122.0856606, 6.8990241 ] } },
{ "type": "Feature", "properties": { "amenity": "school", "name": "Sinunuc National High School" }, "geometry": { "type": "Point", "coordinates": [ 122.0017319, 6.93543 ] } },
{ "type": "Feature", "properties": { "amenity": "school", "name": "Maasin Learning Center" }, "geometry": { "type": "Point", "coordinates": [ 121.9811242, 6.9509679 ] } },
{ "type": "Feature", "properties": { "amenity": "school", "name": "Baluno Elementary School" }, "geometry": { "type": "Point", "coordinates": [ 121.9883574, 6.9765504 ] } },
{ "type": "Feature", "properties": { "amenity": "school", "name": "Baluno National High School" }, "geometry": { "type": "Point", "coordinates": [ 121.9904793, 6.9766012 ] } },
{ "type": "Feature", "properties": { "amenity": "school", "name": "Muruk Elementary School" }, "geometry": { "type": "Point", "coordinates": [ 122.0275108, 6.9490676 ] } },
{ "type": "Feature", "properties": { "amenity": "school", "name": "Cabigan Elementary School" }, "geometry": { "type": "Point", "coordinates": [ 121.9984127, 6.9604947 ] } },
{ "type": "Feature", "properties": { "amenity": "school", "name": "Santo Niño Elementary School" }, "geometry": { "type": "Point", "coordinates": [ 122.0165537, 6.9644692 ] } },
{ "type": "Feature", "properties": { "amenity": "school", "name": "Pole Diutay Elementary School" }, "geometry": { "type": "Point", "coordinates": [ 121.9775187, 7.0028266 ] } },
{ "type": "Feature", "properties": { "amenity": "school", "name": "Mariki Elementary School" }, "geometry": { "type": "Point", "coordinates": [ 122.0909061, 6.8968057 ] } },
{ "type": "Feature", "properties": { "amenity": "fuel", "name": "Z Oil" }, "geometry": { "type": "Point", "coordinates": [ 122.1129238, 6.9477295 ] } },
{ "type": "Feature", "properties": { "amenity": null, "name": "Toyota Zamboanga City" }, "geometry": { "type": "Point", "coordinates": [ 122.1148918, 6.9483372 ] } },
{ "type": "Feature", "properties": { "amenity": "school", "name": "Anuling Elementary School" }, "geometry": { "type": "Point", "coordinates": [ 121.9595195, 7.0294143 ] } },
{ "type": "Feature", "properties": { "amenity": "school", "name": "Mountain View Elementary School" }, "geometry": { "type": "Point", "coordinates": [ 121.9496654, 7.0283104 ] } },
{ "type": "Feature", "properties": { "amenity": "school", "name": "Labuan Central School" }, "geometry": { "type": "Point", "coordinates": [ 121.902181, 7.0898412 ] } },
{ "type": "Feature", "properties": { "amenity": "school", "name": "Ramon Enriquez High School" }, "geometry": { "type": "Point", "coordinates": [ 121.9012706, 7.0898131 ] } },
{ "type": "Feature", "properties": { "amenity": "school", "name": "Pamucutan Elementary School" }, "geometry": { "type": "Point", "coordinates": [ 121.952519, 6.9979111 ] } },
{ "type": "Feature", "properties": { "amenity": "school", "name": "Pasilmanta Elementary School" }, "geometry": { "type": "Point", "coordinates": [ 122.2732391, 6.9921571 ] } },
{ "type": "Feature", "properties": { "amenity": "school", "name": "Manalipa Elementary School" }, "geometry": { "type": "Point", "coordinates": [ 122.2734906, 6.891163 ] } },
{ "type": "Feature", "properties": { "amenity": "school", "name": "Islamia Elementary School" }, "geometry": { "type": "Point", "coordinates": [ 122.181191, 7.0049437 ] } },
{ "type": "Feature", "properties": { "amenity": "school", "name": "Nangka Elementary School" }, "geometry": { "type": "Point", "coordinates": [ 122.1701113, 7.0835025 ] } },
{ "type": "Feature", "properties": { "amenity": "school", "name": "Poso Elementary School" }, "geometry": { "type": "Point", "coordinates": [ 122.1785404, 7.0336722 ] } },
{ "type": "Feature", "properties": { "amenity": "school", "name": "Magsaysay Elementary School" }, "geometry": { "type": "Point", "coordinates": [ 122.1734848, 7.062168 ] } },
{ "type": "Feature", "properties": { "amenity": "school", "name": "Guisao Elementary School" }, "geometry": { "type": "Point", "coordinates": [ 122.1531711, 7.0036498 ] } },
{ "type": "Feature", "properties": { "amenity": "school", "name": "Lumbayao Elementary School" }, "geometry": { "type": "Point", "coordinates": [ 122.1470117, 6.9399678 ] } },
{ "type": "Feature", "properties": { "amenity": "school", "name": "Buenakapok Elementary School" }, "geometry": { "type": "Point", "coordinates": [ 122.1305952, 6.9861929 ] } },
{ "type": "Feature", "properties": { "amenity": "school", "name": "Nangka Elementary School" }, "geometry": { "type": "Point", "coordinates": [ 122.1521704, 7.0586893 ] } },
{ "type": "Feature", "properties": { "amenity": "school", "name": "Sapa Seco Elementary School" }, "geometry": { "type": "Point", "coordinates": [ 122.1436212, 7.1080228 ] } },
{ "type": "Feature", "properties": { "amenity": "school", "name": "Udjung Elementary School" }, "geometry": { "type": "Point", "coordinates": [ 122.1678931, 7.1126491 ] } },
{ "type": "Feature", "properties": { "amenity": "school", "name": "Camp Socorro Elementary School" }, "geometry": { "type": "Point", "coordinates": [ 122.1295242, 7.1380978 ] } },
{ "type": "Feature", "properties": { "amenity": "school", "name": "Shigeru Memorial Elementary Schoo" }, "geometry": { "type": "Point", "coordinates": [ 122.1798365, 7.1200712 ] } },
{ "type": "Feature", "properties": { "amenity": "school", "name": "Siguinan Elementary School" }, "geometry": { "type": "Point", "coordinates": [ 122.1914939, 7.0827837 ] } },
{ "type": "Feature", "properties": { "amenity": "school", "name": "Bandera Elementary School" }, "geometry": { "type": "Point", "coordinates": [ 122.0283007, 7.0011727 ] } },
{ "type": "Feature", "properties": { "amenity": "school", "name": "Dulian Elementary School" }, "geometry": { "type": "Point", "coordinates": [ 122.0501475, 6.9812875 ] } },
{ "type": "Feature", "properties": { "amenity": "school", "name": "Lumbangan Elementary School" }, "geometry": { "type": "Point", "coordinates": [ 122.1031953, 6.9660177 ] } },
{ "type": "Feature", "properties": { "amenity": "school", "name": "Baluno Elementary School" }, "geometry": { "type": "Point", "coordinates": [ 122.1918334, 7.1238982 ] } },
{ "type": "Feature", "properties": { "amenity": "school", "name": "Lumayang Elementary School" }, "geometry": { "type": "Point", "coordinates": [ 122.0958262, 6.9892548 ] } },
{ "type": "Feature", "properties": { "amenity": "school", "name": "Latap Elementary School – Cabonegro Annex" }, "geometry": { "type": "Point", "coordinates": [ 121.9388689, 7.135477 ] } },
{ "type": "Feature", "properties": { "amenity": "school", "name": "Latap Elementary School" }, "geometry": { "type": "Point", "coordinates": [ 121.917533, 7.1273792 ] } },
{ "type": "Feature", "properties": { "amenity": "school", "name": "Baluno Elementary School" }, "geometry": { "type": "Point", "coordinates": [ 122.1081469, 7.045175 ] } },
{ "type": "Feature", "properties": { "amenity": "school", "name": "Salaan Elementary School" }, "geometry": { "type": "Point", "coordinates": [ 122.1197358, 6.9859426 ] } },
{ "type": "Feature", "properties": { "amenity": "school", "name": "Lanote Elementary School" }, "geometry": { "type": "Point", "coordinates": [ 122.1177003, 7.0491582 ] } },
{ "type": "Feature", "properties": { "amenity": "school", "name": "Lugakit Elementary School" }, "geometry": { "type": "Point", "coordinates": [ 122.1066898, 7.012245 ] } },
{ "type": "Feature", "properties": { "amenity": "school", "name": "Tolosa National High School" }, "geometry": { "type": "Point", "coordinates": [ 122.126233, 7.0435179 ] } },
{ "type": "Feature", "properties": { "amenity": "school", "name": "Tolosa Elementary School" }, "geometry": { "type": "Point", "coordinates": [ 122.1224787, 7.0310147 ] } },
{ "type": "Feature", "properties": { "amenity": "school", "name": "Pangulayan Elementary School" }, "geometry": { "type": "Point", "coordinates": [ 122.1278781, 7.0463319 ] } },
{ "type": "Feature", "properties": { "amenity": null, "name": null }, "geometry": { "type": "Point", "coordinates": [ 122.1279442, 7.04561 ] } },
{ "type": "Feature", "properties": { "amenity": "school", "name": "Imelda Elementary School" }, "geometry": { "type": "Point", "coordinates": [ 122.1236832, 7.087565 ] } },
{ "type": "Feature", "properties": { "amenity": "school", "name": "Bunguiao National High School" }, "geometry": { "type": "Point", "coordinates": [ 122.1918613, 7.104109 ] } },
{ "type": "Feature", "properties": { "amenity": "school", "name": "Bunguiao Elementary School" }, "geometry": { "type": "Point", "coordinates": [ 122.1957904, 7.1040136 ] } },
{ "type": "Feature", "properties": { "amenity": "school", "name": "Dulian Elementary School" }, "geometry": { "type": "Point", "coordinates": [ 122.1812317, 7.1499715 ] } },
{ "type": "Feature", "properties": { "amenity": "school", "name": "Bermuda Elementary School" }, "geometry": { "type": "Point", "coordinates": [ 122.2729137, 7.4679409 ] } },
{ "type": "Feature", "properties": { "amenity": "school", "name": "Sinoropan Elementary School" }, "geometry": { "type": "Point", "coordinates": [ 122.2962744, 7.4431358 ] } },
{ "type": "Feature", "properties": { "amenity": "school", "name": "Tictapul Elementary School" }, "geometry": { "type": "Point", "coordinates": [ 122.3272258, 7.4164346 ] } },
{ "type": "Feature", "properties": { "amenity": null, "name": null }, "geometry": { "type": "Point", "coordinates": [ 122.3257114, 7.4173465 ] } },
{ "type": "Feature", "properties": { "amenity": "townhall", "name": null }, "geometry": { "type": "Point", "coordinates": [ 122.3255023, 7.4171368 ] } },
{ "type": "Feature", "properties": { "amenity": "school", "name": "Tictapul National High School" }, "geometry": { "type": "Point", "coordinates": [ 122.3232125, 7.4162004 ] } },
{ "type": "Feature", "properties": { "amenity": "school", "name": "Talaga Elementary School" }, "geometry": { "type": "Point", "coordinates": [ 122.3443495, 7.4341564 ] } },
{ "type": "Feature", "properties": { "amenity": "school", "name": "Tarlago Elementary School" }, "geometry": { "type": "Point", "coordinates": [ 122.3151594, 7.4046335 ] } },
{ "type": "Feature", "properties": { "amenity": "school", "name": "Linduman Elementary School" }, "geometry": { "type": "Point", "coordinates": [ 122.2871131, 7.40918 ] } },
{ "type": "Feature", "properties": { "amenity": "school", "name": "Sibuktok Elementary School" }, "geometry": { "type": "Point", "coordinates": [ 122.317919, 7.322653 ] } },
{ "type": "Feature", "properties": { "amenity": "school", "name": "Malanta Elementary School" }, "geometry": { "type": "Point", "coordinates": [ 122.3487413, 7.3307859 ] } },
{ "type": "Feature", "properties": { "amenity": "school", "name": "Tigui Elementary School" }, "geometry": { "type": "Point", "coordinates": [ 122.3672202, 7.3504208 ] } },
{ "type": "Feature", "properties": { "amenity": "school", "name": "Tumitus Elementary School" }, "geometry": { "type": "Point", "coordinates": [ 122.3777379, 7.3904545 ] } },
{ "type": "Feature", "properties": { "amenity": "school", "name": "Limaong Elementary School" }, "geometry": { "type": "Point", "coordinates": [ 122.3535969, 7.3636117 ] } },
{ "type": "Feature", "properties": { "amenity": "school", "name": "Limaong National High School" }, "geometry": { "type": "Point", "coordinates": [ 122.3532966, 7.3710463 ] } },
{ "type": "Feature", "properties": { "amenity": "school", "name": "Matarling Elementary School" }, "geometry": { "type": "Point", "coordinates": [ 122.3450103, 7.3472715 ] } },
{ "type": "Feature", "properties": { "amenity": "school", "name": "Dr. Manuel Diaz Memorial Elementary School" }, "geometry": { "type": "Point", "coordinates": [ 122.3033507, 7.3470238 ] } },
{ "type": "Feature", "properties": { "amenity": null, "name": null }, "geometry": { "type": "Point", "coordinates": [ 122.3034772, 7.348273 ] } },
{ "type": "Feature", "properties": { "amenity": "school", "name": "Tindalo Elementary School" }, "geometry": { "type": "Point", "coordinates": [ 122.3028782, 7.368141 ] } },
{ "type": "Feature", "properties": { "amenity": "school", "name": "Tamion Elementary School" }, "geometry": { "type": "Point", "coordinates": [ 122.2731291, 7.3875332 ] } },
{ "type": "Feature", "properties": { "amenity": "school", "name": "Bincul Elementary School" }, "geometry": { "type": "Point", "coordinates": [ 122.2726469, 7.3553002 ] } },
{ "type": "Feature", "properties": { "amenity": "school", "name": "Buenavista Elementary School" }, "geometry": { "type": "Point", "coordinates": [ 122.2578729, 7.2387369 ] } },
{ "type": "Feature", "properties": { "amenity": "school", "name": "Mulawin Elementary School" }, "geometry": { "type": "Point", "coordinates": [ 122.2847857, 7.3403862 ] } },
{ "type": "Feature", "properties": { "amenity": "school", "name": "Tagpangi Elementary School" }, "geometry": { "type": "Point", "coordinates": [ 122.2638352, 7.380183 ] } },
{ "type": "Feature", "properties": { "amenity": "school", "name": "Tigbalabag Elementary School" }, "geometry": { "type": "Point", "coordinates": [ 122.2762473, 7.3280214 ] } },
{ "type": "Feature", "properties": { "amenity": "school", "name": "Taguiti Elementary School" }, "geometry": { "type": "Point", "coordinates": [ 122.2820118, 7.3062677 ] } },
{ "type": "Feature", "properties": { "amenity": "school", "name": "Lubigan Elementary School" }, "geometry": { "type": "Point", "coordinates": [ 122.2338793, 7.1462358 ] } },
{ "type": "Feature", "properties": { "amenity": "school", "name": "Lubigan National High School - Curuan Annex" }, "geometry": { "type": "Point", "coordinates": [ 122.2326086, 7.1412571 ] } },
{ "type": "Feature", "properties": { "amenity": "hospital", "name": "Cristino Paragas Memorial Hospital" }, "geometry": { "type": "Point", "coordinates": [ 122.2197302, 7.1831435 ] } },
{ "type": "Feature", "properties": { "amenity": "school", "name": "Mina Elementary School" }, "geometry": { "type": "Point", "coordinates": [ 122.1961453, 7.1935408 ] } },
{ "type": "Feature", "properties": { "amenity": "school", "name": "Bagacay Elementary School" }, "geometry": { "type": "Point", "coordinates": [ 122.1724378, 7.191391 ] } },
{ "type": "Feature", "properties": { "amenity": "school", "name": "Sapa Manok Elementary School" }, "geometry": { "type": "Point", "coordinates": [ 122.1882141, 7.2095963 ] } },
{ "type": "Feature", "properties": { "amenity": null, "name": null }, "geometry": { "type": "Point", "coordinates": [ 122.2143282, 7.2206701 ] } },
{ "type": "Feature", "properties": { "amenity": "school", "name": "Sapa Moro Elementary School" }, "geometry": { "type": "Point", "coordinates": [ 122.2140155, 7.2204553 ] } },
{ "type": "Feature", "properties": { "amenity": "school", "name": "Camp Pilar Elementary School" }, "geometry": { "type": "Point", "coordinates": [ 122.1632221, 7.2209289 ] } },
{ "type": "Feature", "properties": { "amenity": "school", "name": "Calabasa Elementary School" }, "geometry": { "type": "Point", "coordinates": [ 122.2337361, 7.2463483 ] } },
{ "type": "Feature", "properties": { "amenity": "school", "name": "Sapa Dulian Elementary School" }, "geometry": { "type": "Point", "coordinates": [ 122.2142395, 7.2789855 ] } },
{ "type": "Feature", "properties": { "amenity": "school", "name": "Latuan Elementary School" }, "geometry": { "type": "Point", "coordinates": [ 122.206145, 7.2318744 ] } },
{ "type": "Feature", "properties": { "amenity": "school", "name": "Muti Elementary School" }, "geometry": { "type": "Point", "coordinates": [ 122.2798074, 7.2727465 ] } },
{ "type": "Feature", "properties": { "amenity": "school", "name": "Niyog-niyog Elementary School" }, "geometry": { "type": "Point", "coordinates": [ 122.2784394, 7.2549567 ] } },
{ "type": "Feature", "properties": { "amenity": "school", "name": "Marangan Elementary School" }, "geometry": { "type": "Point", "coordinates": [ 122.2685606, 7.2785474 ] } },
{ "type": "Feature", "properties": { "amenity": "school", "name": "Tagasilay National High School" }, "geometry": { "type": "Point", "coordinates": [ 122.2583657, 7.3042785 ] } },
{ "type": "Feature", "properties": { "amenity": "school", "name": "Tagasilay Elementary School" }, "geometry": { "type": "Point", "coordinates": [ 122.2588758, 7.3044058 ] } },
{ "type": "Feature", "properties": { "amenity": "school", "name": "Merloquet Elementary School" }, "geometry": { "type": "Point", "coordinates": [ 122.21385, 7.3211867 ] } },
{ "type": "Feature", "properties": { "amenity": "school", "name": "Davuy Elementary School" }, "geometry": { "type": "Point", "coordinates": [ 122.2004161, 7.3290818 ] } },
{ "type": "Feature", "properties": { "amenity": "school", "name": "Pole Grande Elementary School" }, "geometry": { "type": "Point", "coordinates": [ 121.9961878, 7.000399 ] } },
{ "type": "Feature", "properties": { "amenity": "school", "name": "Camp Susana Elementary School" }, "geometry": { "type": "Point", "coordinates": [ 121.9883075, 7.0227852 ] } },
{ "type": "Feature", "properties": { "amenity": "school", "name": "Zambales Elementary School" }, "geometry": { "type": "Point", "coordinates": [ 122.0296864, 7.0391544 ] } },
{ "type": "Feature", "properties": { "amenity": null, "name": "Paseo del Mar" }, "geometry": { "type": "Point", "coordinates": [ 122.0812149, 6.9003767 ] } },
{ "type": "Feature", "properties": { "amenity": "parking", "name": null }, "geometry": { "type": "Point", "coordinates": [ 122.0607246, 6.9128985 ] } },
{ "type": "Feature", "properties": { "amenity": "parking", "name": null }, "geometry": { "type": "Point", "coordinates": [ 122.0772664, 6.9105044 ] } },
{ "type": "Feature", "properties": { "amenity": "parking", "name": null }, "geometry": { "type": "Point", "coordinates": [ 122.0627825, 6.9192919 ] } },
{ "type": "Feature", "properties": { "amenity": "school", "name": "Datu Panguluhan Elementary School" }, "geometry": { "type": "Point", "coordinates": [ 122.0114391, 7.0872017 ] } },
{ "type": "Feature", "properties": { "amenity": "school", "name": "St. Joseph High School of Zamboanga" }, "geometry": { "type": "Point", "coordinates": [ 122.0627893, 6.9169864 ] } },
{ "type": "Feature", "properties": { "amenity": "parking", "name": null }, "geometry": { "type": "Point", "coordinates": [ 122.0754151, 6.9035753 ] } },
{ "type": "Feature", "properties": { "amenity": "school", "name": "Licomo Elementary School" }, "geometry": { "type": "Point", "coordinates": [ 122.330174, 7.4544062 ] } },
{ "type": "Feature", "properties": { "amenity": "school", "name": "Simanta Elementary School" }, "geometry": { "type": "Point", "coordinates": [ 122.2420283, 7.2690654 ] } },
{ "type": "Feature", "properties": { "amenity": "school", "name": "Manicahan Poblacion Elementary School" }, "geometry": { "type": "Point", "coordinates": [ 122.2011497, 7.0193336 ] } },
{ "type": "Feature", "properties": { "amenity": "parking", "name": null }, "geometry": { "type": "Point", "coordinates": [ 122.0605185, 6.9122511 ] } },
{ "type": "Feature", "properties": { "amenity": "parking", "name": null }, "geometry": { "type": "Point", "coordinates": [ 122.0610475, 6.9134677 ] } },
{ "type": "Feature", "properties": { "amenity": null, "name": "KCC Mall de Zamboanga" }, "geometry": { "type": "Point", "coordinates": [ 122.0738386, 6.9193073 ] } },
{ "type": "Feature", "properties": { "amenity": "parking", "name": null }, "geometry": { "type": "Point", "coordinates": [ 122.0757862, 6.9097189 ] } },
{ "type": "Feature", "properties": { "amenity": null, "name": "Rizal Monument" }, "geometry": { "type": "Point", "coordinates": [ 122.0764079, 6.9046011 ] } },
{ "type": "Feature", "properties": { "amenity": "fuel", "name": "A U Gas Station" }, "geometry": { "type": "Point", "coordinates": [ 122.1351482, 6.9621849 ] } },
{ "type": "Feature", "properties": { "amenity": null, "name": null }, "geometry": { "type": "Point", "coordinates": [ 122.0415593, 6.9213602 ] } },
{ "type": "Feature", "properties": { "amenity": "place_of_worship", "name": null }, "geometry": { "type": "Point", "coordinates": [ 122.0905853, 6.9095944 ] } },
{ "type": "Feature", "properties": { "amenity": null, "name": null }, "geometry": { "type": "Point", "coordinates": [ 122.0692908, 6.9162284 ] } },
{ "type": "Feature", "properties": { "amenity": null, "name": null }, "geometry": { "type": "Point", "coordinates": [ 122.0513984, 6.9279872 ] } },
{ "type": "Feature", "properties": { "amenity": null, "name": null }, "geometry": { "type": "Point", "coordinates": [ 122.0517169, 6.927937 ] } },
{ "type": "Feature", "properties": { "amenity": "fuel", "name": null }, "geometry": { "type": "Point", "coordinates": [ 122.107036, 6.9098492 ] } },
{ "type": "Feature", "properties": { "amenity": "fuel", "name": null }, "geometry": { "type": "Point", "coordinates": [ 122.1512204, 6.9857124 ] } },
{ "type": "Feature", "properties": { "amenity": "university", "name": "Universidad de Zamboanga" }, "geometry": { "type": "Point", "coordinates": [ 122.0759388, 6.9048552 ] } },
{ "type": "Feature", "properties": { "amenity": "townhall", "name": "Camino Nuevo Barangay Hall" }, "geometry": { "type": "Point", "coordinates": [ 122.0731739, 6.91425 ] } },
{ "type": "Feature", "properties": { "amenity": "place_of_worship", "name": null }, "geometry": { "type": "Point", "coordinates": [ 122.0452423, 6.9155049 ] } },
{ "type": "Feature", "properties": { "amenity": "place_of_worship", "name": null }, "geometry": { "type": "Point", "coordinates": [ 122.0477733, 6.9128831 ] } },
{ "type": "Feature", "properties": { "amenity": "school", "name": "Cacao Elementary School" }, "geometry": { "type": "Point", "coordinates": [ 122.1475558, 7.0252594 ] } },
{ "type": "Feature", "properties": { "amenity": null, "name": null }, "geometry": { "type": "Point", "coordinates": [ 122.1465933, 7.0268113 ] } },
{ "type": "Feature", "properties": { "amenity": "school", "name": "Don Francisco Ong C. Seng Memorial Elementary School" }, "geometry": { "type": "Point", "coordinates": [ 122.229282, 7.1262819 ] } },
{ "type": "Feature", "properties": { "amenity": "school", "name": "Don Francisco Ong C. Seng Memorial Elementary School" }, "geometry": { "type": "Point", "coordinates": [ 122.2298312, 7.1267337 ] } },
{ "type": "Feature", "properties": { "amenity": null, "name": "Lubigan Gym" }, "geometry": { "type": "Point", "coordinates": [ 122.2329575, 7.1422701 ] } },
{ "type": "Feature", "properties": { "amenity": null, "name": null }, "geometry": { "type": "Point", "coordinates": [ 122.3691836, 7.3831268 ] } },
{ "type": "Feature", "properties": { "amenity": "school", "name": "Tulungatung National High School" }, "geometry": { "type": "Point", "coordinates": [ 121.9607382, 6.9721201 ] } },
{ "type": "Feature", "properties": { "amenity": null, "name": "Tulungatung Gym" }, "geometry": { "type": "Point", "coordinates": [ 121.9595765, 6.9736328 ] } },
{ "type": "Feature", "properties": { "amenity": "school", "name": "Pasonanca National High School" }, "geometry": { "type": "Point", "coordinates": [ 122.0694089, 6.948415 ] } },
{ "type": "Feature", "properties": { "amenity": "social_facility", "name": "Saint Francis of Assisi Halfway House" }, "geometry": { "type": "Point", "coordinates": [ 122.0725231, 6.9506256 ] } },
{ "type": "Feature", "properties": { "amenity": "school", "name": "Salum Elementary School" }, "geometry": { "type": "Point", "coordinates": [ 122.0426468, 6.9410759 ] } },
{ "type": "Feature", "properties": { "amenity": "school", "name": "San Roque National High School" }, "geometry": { "type": "Point", "coordinates": [ 122.0389646, 6.9422596 ] } },
{ "type": "Feature", "properties": { "amenity": "townhall", "name": "San Roque Barangay Hall" }, "geometry": { "type": "Point", "coordinates": [ 122.0462818, 6.9305012 ] } },
{ "type": "Feature", "properties": { "amenity": null, "name": null }, "geometry": { "type": "Point", "coordinates": [ 122.0386964, 6.9423899 ] } },
{ "type": "Feature", "properties": { "amenity": "school", "name": "Upper Masaba Elementary School" }, "geometry": { "type": "Point", "coordinates": [ 122.1724972, 7.1795509 ] } },
{ "type": "Feature", "properties": { "amenity": "townhall", "name": "Bulwagang Pambarangay ng Canelar" }, "geometry": { "type": "Point", "coordinates": [ 122.0706378, 6.9163414 ] } },
{ "type": "Feature", "properties": { "amenity": null, "name": "Atillano Pensionne House" }, "geometry": { "type": "Point", "coordinates": [ 122.0718739, 6.915874 ] } },
{ "type": "Feature", "properties": { "amenity": null, "name": null }, "geometry": { "type": "Point", "coordinates": [ 122.0166847, 6.9389269 ] } },
{ "type": "Feature", "properties": { "amenity": "school", "name": null }, "geometry": { "type": "Point", "coordinates": [ 122.0251263, 6.9258497 ] } },
{ "type": "Feature", "properties": { "amenity": null, "name": null }, "geometry": { "type": "Point", "coordinates": [ 122.0347465, 6.9728097 ] } },
{ "type": "Feature", "properties": { "amenity": "school", "name": "Capisan Elementary School" }, "geometry": { "type": "Point", "coordinates": [ 122.03496, 6.97304 ] } },
{ "type": "Feature", "properties": { "amenity": "school", "name": "Sinunuk Elementary School" }, "geometry": { "type": "Point", "coordinates": [ 122.3277191, 6.9541141 ] } },
{ "type": "Feature", "properties": { "amenity": "restaurant", "name": "Green Thrive Bistro" }, "geometry": { "type": "Point", "coordinates": [ 122.1307891, 6.9703123 ] } },
{ "type": "Feature", "properties": { "amenity": "shelter", "name": null }, "geometry": { "type": "Point", "coordinates": [ 122.0654492, 6.9080026 ] } },
{ "type": "Feature", "properties": { "amenity": null, "name": "Maria Antonia Paris Dormitory" }, "geometry": { "type": "Point", "coordinates": [ 122.0672374, 6.9159273 ] } },
{ "type": "Feature", "properties": { "amenity": "townhall", "name": "Bulwagang Pambarangay ng San Jose Cawa-cawa" }, "geometry": { "type": "Point", "coordinates": [ 122.0652768, 6.911385 ] } },
{ "type": "Feature", "properties": { "amenity": "fuel", "name": null }, "geometry": { "type": "Point", "coordinates": [ 122.0674019, 6.9112593 ] } },
{ "type": "Feature", "properties": { "amenity": "fuel", "name": null }, "geometry": { "type": "Point", "coordinates": [ 122.0562086, 6.9189589 ] } },
{ "type": "Feature", "properties": { "amenity": "fuel", "name": "Caltex" }, "geometry": { "type": "Point", "coordinates": [ 122.0546682, 6.9194859 ] } },
{ "type": "Feature", "properties": { "amenity": "townhall", "name": "Bulwagang Pambarangay ng Santa Maria" }, "geometry": { "type": "Point", "coordinates": [ 122.0748364, 6.9310181 ] } },
{ "type": "Feature", "properties": { "amenity": "townhall", "name": "Bulwagang Pambarangay ng Tumaga" }, "geometry": { "type": "Point", "coordinates": [ 122.0794872, 6.9393429 ] } },
{ "type": "Feature", "properties": { "amenity": null, "name": null }, "geometry": { "type": "Point", "coordinates": [ 122.0836728, 6.936683 ] } },
{ "type": "Feature", "properties": { "amenity": null, "name": null }, "geometry": { "type": "Point", "coordinates": [ 122.0843101, 6.9279976 ] } },
{ "type": "Feature", "properties": { "amenity": "place_of_worship", "name": null }, "geometry": { "type": "Point", "coordinates": [ 122.0872547, 6.9292576 ] } },
{ "type": "Feature", "properties": { "amenity": null, "name": null }, "geometry": { "type": "Point", "coordinates": [ 122.0981528, 6.9437473 ] } },
{ "type": "Feature", "properties": { "amenity": "townhall", "name": "Bulwagang Pambarangay ng Divisoria" }, "geometry": { "type": "Point", "coordinates": [ 122.1027272, 6.9459909 ] } },
{ "type": "Feature", "properties": { "amenity": null, "name": null }, "geometry": { "type": "Point", "coordinates": [ 122.1026497, 6.9461597 ] } },
{ "type": "Feature", "properties": { "amenity": null, "name": null }, "geometry": { "type": "Point", "coordinates": [ 122.0935582, 6.9383962 ] } },
{ "type": "Feature", "properties": { "amenity": "parking", "name": null }, "geometry": { "type": "Point", "coordinates": [ 122.0920119, 6.939606 ] } },
{ "type": "Feature", "properties": { "amenity": "fast_food", "name": "Jollibee" }, "geometry": { "type": "Point", "coordinates": [ 122.107954, 6.9483192 ] } },
{ "type": "Feature", "properties": { "amenity": "parking", "name": null }, "geometry": { "type": "Point", "coordinates": [ 122.083141, 6.9263466 ] } },
{ "type": "Feature", "properties": { "amenity": "parking", "name": null }, "geometry": { "type": "Point", "coordinates": [ 122.0826583, 6.9264389 ] } },
{ "type": "Feature", "properties": { "amenity": "parking", "name": null }, "geometry": { "type": "Point", "coordinates": [ 122.0781274, 6.9283554 ] } },
{ "type": "Feature", "properties": { "amenity": "parking", "name": null }, "geometry": { "type": "Point", "coordinates": [ 122.0760483, 6.9107316 ] } },
{ "type": "Feature", "properties": { "amenity": null, "name": null }, "geometry": { "type": "Point", "coordinates": [ 121.9493093, 6.9623877 ] } },
{ "type": "Feature", "properties": { "amenity": "motorcycle_parking", "name": null }, "geometry": { "type": "Point", "coordinates": [ 122.0753842, 6.9107073 ] } },
{ "type": "Feature", "properties": { "amenity": null, "name": null }, "geometry": { "type": "Point", "coordinates": [ 122.0764045, 6.9102289 ] } },
{ "type": "Feature", "properties": { "amenity": null, "name": null }, "geometry": { "type": "Point", "coordinates": [ 122.0763733, 6.9103158 ] } },
{ "type": "Feature", "properties": { "amenity": null, "name": null }, "geometry": { "type": "Point", "coordinates": [ 122.0763241, 6.9104638 ] } },
{ "type": "Feature", "properties": { "amenity": null, "name": null }, "geometry": { "type": "Point", "coordinates": [ 122.0769614, 6.9107451 ] } },
{ "type": "Feature", "properties": { "amenity": null, "name": null }, "geometry": { "type": "Point", "coordinates": [ 122.0769854, 6.9106345 ] } },
{ "type": "Feature", "properties": { "amenity": null, "name": null }, "geometry": { "type": "Point", "coordinates": [ 122.0770407, 6.9103941 ] } },
{ "type": "Feature", "properties": { "amenity": null, "name": null }, "geometry": { "type": "Point", "coordinates": [ 122.0770174, 6.9104994 ] } },
{ "type": "Feature", "properties": { "amenity": "parking", "name": null }, "geometry": { "type": "Point", "coordinates": [ 122.0754504, 6.9105201 ] } },
{ "type": "Feature", "properties": { "amenity": null, "name": null }, "geometry": { "type": "Point", "coordinates": [ 122.0764623, 6.9100033 ] } },
{ "type": "Feature", "properties": { "amenity": null, "name": null }, "geometry": { "type": "Point", "coordinates": [ 122.0764793, 6.9099579 ] } },
{ "type": "Feature", "properties": { "amenity": null, "name": null }, "geometry": { "type": "Point", "coordinates": [ 122.0765044, 6.9100177 ] } },
{ "type": "Feature", "properties": { "amenity": null, "name": null }, "geometry": { "type": "Point", "coordinates": [ 122.076521, 6.9099727 ] } },
{ "type": "Feature", "properties": { "amenity": "parking", "name": null }, "geometry": { "type": "Point", "coordinates": [ 122.0727826, 6.9126149 ] } },
{ "type": "Feature", "properties": { "amenity": null, "name": null }, "geometry": { "type": "Point", "coordinates": [ 122.1098525, 6.9771237 ] } },
{ "type": "Feature", "properties": { "amenity": null, "name": null }, "geometry": { "type": "Point", "coordinates": [ 122.1101959, 6.9771134 ] } },
{ "type": "Feature", "properties": { "amenity": null, "name": null }, "geometry": { "type": "Point", "coordinates": [ 122.321776, 7.4015976 ] } },
{ "type": "Feature", "properties": { "amenity": "parking", "name": null }, "geometry": { "type": "Point", "coordinates": [ 122.0933993, 6.9362748 ] } },
{ "type": "Feature", "properties": { "amenity": "fast_food", "name": "Jollibee" }, "geometry": { "type": "Point", "coordinates": [ 122.0797658, 6.9218498 ] } },
{ "type": "Feature", "properties": { "amenity": "place_of_worship", "name": "Baitul Ahad Mosque" }, "geometry": { "type": "Point", "coordinates": [ 121.9982743, 6.9356135 ] } },
{ "type": "Feature", "properties": { "amenity": null, "name": null }, "geometry": { "type": "Point", "coordinates": [ 121.9093448, 7.0527523 ] } },
{ "type": "Feature", "properties": { "amenity": "townhall", "name": "Bahay Pamahalaan ng Barangay Patalon" }, "geometry": { "type": "Point", "coordinates": [ 121.9095547, 7.0528174 ] } },
{ "type": "Feature", "properties": { "amenity": null, "name": null }, "geometry": { "type": "Point", "coordinates": [ 122.0888083, 6.9523445 ] } },
{ "type": "Feature", "properties": { "amenity": "fuel", "name": null }, "geometry": { "type": "Point", "coordinates": [ 121.9220063, 7.0051094 ] } },
{ "type": "Feature", "properties": { "amenity": "townhall", "name": "Bahay Pamahalaan ng Barangay Pamucutan" }, "geometry": { "type": "Point", "coordinates": [ 121.9505837, 6.9975125 ] } },
{ "type": "Feature", "properties": { "amenity": "cafe", "name": "Viandas Refreshment" }, "geometry": { "type": "Point", "coordinates": [ 122.0838988, 6.9195399 ] } },
{ "type": "Feature", "properties": { "amenity": "cafe", "name": "Moms Cheesecake" }, "geometry": { "type": "Point", "coordinates": [ 122.0747127, 6.9205226 ] } },
{ "type": "Feature", "properties": { "amenity": "veterinary", "name": "4A Veterinary Clinic & Supplies" }, "geometry": { "type": "Point", "coordinates": [ 122.0763121, 6.9287368 ] } },
{ "type": "Feature", "properties": { "amenity": null, "name": "Expo Home Depot" }, "geometry": { "type": "Point", "coordinates": [ 122.0811406, 6.9151896 ] } },
{ "type": "Feature", "properties": { "amenity": "fuel", "name": "Petro Gazz" }, "geometry": { "type": "Point", "coordinates": [ 122.0760941, 6.9168944 ] } },
{ "type": "Feature", "properties": { "amenity": "fast_food", "name": "Mang Inasal" }, "geometry": { "type": "Point", "coordinates": [ 122.0798178, 6.914177 ] } },
{ "type": "Feature", "properties": { "amenity": "parking", "name": null }, "geometry": { "type": "Point", "coordinates": [ 122.0797072, 6.9141436 ] } },
{ "type": "Feature", "properties": { "amenity": "food_court", "name": null }, "geometry": { "type": "Point", "coordinates": [ 122.0870356, 6.9187564 ] } },
{ "type": "Feature", "properties": { "amenity": null, "name": null }, "geometry": { "type": "Point", "coordinates": [ 122.0856241, 6.9179549 ] } },
{ "type": "Feature", "properties": { "amenity": "parking", "name": null }, "geometry": { "type": "Point", "coordinates": [ 122.0724489, 6.9548008 ] } },
{ "type": "Feature", "properties": { "amenity": null, "name": null }, "geometry": { "type": "Point", "coordinates": [ 122.0716685, 6.958518 ] } },
{ "type": "Feature", "properties": { "amenity": null, "name": "Sebastián Hurtado de Corcuera Museum" }, "geometry": { "type": "Point", "coordinates": [ 122.07277, 6.9528566 ] } },
{ "type": "Feature", "properties": { "amenity": "language_school", "name": null }, "geometry": { "type": "Point", "coordinates": [ 122.0734811, 6.9530319 ] } },
{ "type": "Feature", "properties": { "amenity": null, "name": null }, "geometry": { "type": "Point", "coordinates": [ 122.1084776, 6.95066 ] } },
{ "type": "Feature", "properties": { "amenity": "parking_space", "name": null }, "geometry": { "type": "Point", "coordinates": [ 122.1081194, 6.9512101 ] } },
{ "type": "Feature", "properties": { "amenity": "parking_space", "name": null }, "geometry": { "type": "Point", "coordinates": [ 122.1076062, 6.9505662 ] } },
{ "type": "Feature", "properties": { "amenity": null, "name": null }, "geometry": { "type": "Point", "coordinates": [ 122.1083527, 6.9501516 ] } },
{ "type": "Feature", "properties": { "amenity": "dog_toilet", "name": null }, "geometry": { "type": "Point", "coordinates": [ 122.1075766, 6.9512001 ] } },
{ "type": "Feature", "properties": { "amenity": "parking", "name": null }, "geometry": { "type": "Point", "coordinates": [ 122.1079685, 6.9488982 ] } },
{ "type": "Feature", "properties": { "amenity": "shelter", "name": null }, "geometry": { "type": "Point", "coordinates": [ 122.1081091, 6.9489052 ] } },
{ "type": "Feature", "properties": { "amenity": null, "name": null }, "geometry": { "type": "Point", "coordinates": [ 122.1084375, 6.9484439 ] } },
{ "type": "Feature", "properties": { "amenity": "marketplace", "name": null }, "geometry": { "type": "Point", "coordinates": [ 122.1078609, 6.9494115 ] } },
{ "type": "Feature", "properties": { "amenity": null, "name": null }, "geometry": { "type": "Point", "coordinates": [ 122.0917365, 6.9180631 ] } },
{ "type": "Feature", "properties": { "amenity": "health_post", "name": "Tetuan Barangay Health Center" }, "geometry": { "type": "Point", "coordinates": [ 122.0903305, 6.9181091 ] } },
{ "type": "Feature", "properties": { "amenity": null, "name": null }, "geometry": { "type": "Point", "coordinates": [ 122.0899698, 6.9170508 ] } },
{ "type": "Feature", "properties": { "amenity": "townhall", "name": "Oficina de Barangay de Tetuan" }, "geometry": { "type": "Point", "coordinates": [ 122.0909369, 6.9175351 ] } },
{ "type": "Feature", "properties": { "amenity": null, "name": null }, "geometry": { "type": "Point", "coordinates": [ 122.0958648, 6.9121884 ] } },
{ "type": "Feature", "properties": { "amenity": "parking", "name": null }, "geometry": { "type": "Point", "coordinates": [ 122.0928676, 6.9161018 ] } },
{ "type": "Feature", "properties": { "amenity": "parking", "name": null }, "geometry": { "type": "Point", "coordinates": [ 122.0926536, 6.9163447 ] } },
{ "type": "Feature", "properties": { "amenity": null, "name": null }, "geometry": { "type": "Point", "coordinates": [ 122.0923145, 6.9203944 ] } },
{ "type": "Feature", "properties": { "amenity": "events_venue", "name": null }, "geometry": { "type": "Point", "coordinates": [ 122.0925137, 6.9206789 ] } },
{ "type": "Feature", "properties": { "amenity": null, "name": "LM Metro Hotel" }, "geometry": { "type": "Point", "coordinates": [ 122.0924491, 6.9202988 ] } },
{ "type": "Feature", "properties": { "amenity": "school", "name": "Panubigan Elementary School" }, "geometry": { "type": "Point", "coordinates": [ 122.2489158, 7.132424 ] } },
{ "type": "Feature", "properties": { "amenity": "stage", "name": null }, "geometry": { "type": "Point", "coordinates": [ 122.2486962, 7.1321468 ] } },
{ "type": "Feature", "properties": { "amenity": null, "name": null }, "geometry": { "type": "Point", "coordinates": [ 122.2488581, 7.1322325 ] } },
{ "type": "Feature", "properties": { "amenity": "townhall", "name": "Bahay Pamahalaan ng Barangay Panubigan" }, "geometry": { "type": "Point", "coordinates": [ 122.2493965, 7.1326645 ] } },
{ "type": "Feature", "properties": { "amenity": "fuel", "name": "Phoenix" }, "geometry": { "type": "Point", "coordinates": [ 122.0695437, 6.9279177 ] } },
{ "type": "Feature", "properties": { "amenity": "fast_food", "name": "Dunkin'" }, "geometry": { "type": "Point", "coordinates": [ 122.0751819, 6.9201577 ] } },
{ "type": "Feature", "properties": { "amenity": null, "name": null }, "geometry": { "type": "Point", "coordinates": [ 122.0082019, 6.9308458 ] } },
{ "type": "Feature", "properties": { "amenity": null, "name": null }, "geometry": { "type": "Point", "coordinates": [ 121.9692879, 7.005041 ] } },
{ "type": "Feature", "properties": { "amenity": null, "name": null }, "geometry": { "type": "Point", "coordinates": [ 121.9594596, 6.9924691 ] } },
{ "type": "Feature", "properties": { "amenity": null, "name": null }, "geometry": { "type": "Point", "coordinates": [ 121.927485, 7.0038313 ] } },
{ "type": "Feature", "properties": { "amenity": null, "name": null }, "geometry": { "type": "Point", "coordinates": [ 121.9273655, 7.004015 ] } },
{ "type": "Feature", "properties": { "amenity": null, "name": null }, "geometry": { "type": "Point", "coordinates": [ 121.9276893, 7.0039996 ] } },
{ "type": "Feature", "properties": { "amenity": null, "name": null }, "geometry": { "type": "Point", "coordinates": [ 121.9285036, 7.0043069 ] } },
{ "type": "Feature", "properties": { "amenity": null, "name": null }, "geometry": { "type": "Point", "coordinates": [ 121.9284958, 7.0041489 ] } },
{ "type": "Feature", "properties": { "amenity": null, "name": null }, "geometry": { "type": "Point", "coordinates": [ 121.9503596, 6.9590989 ] } },
{ "type": "Feature", "properties": { "amenity": null, "name": null }, "geometry": { "type": "Point", "coordinates": [ 121.9536325, 6.9554806 ] } },
{ "type": "Feature", "properties": { "amenity": null, "name": null }, "geometry": { "type": "Point", "coordinates": [ 122.1491199, 6.9574815 ] } },
{ "type": "Feature", "properties": { "amenity": null, "name": null }, "geometry": { "type": "Point", "coordinates": [ 122.0736243, 6.9709206 ] } },
{ "type": "Feature", "properties": { "amenity": "place_of_worship", "name": null }, "geometry": { "type": "Point", "coordinates": [ 122.0539457, 6.9173289 ] } },
{ "type": "Feature", "properties": { "amenity": null, "name": "David's Inn" }, "geometry": { "type": "Point", "coordinates": [ 122.0762064, 6.9072042 ] } },
{ "type": "Feature", "properties": { "amenity": "townhall", "name": "Tugbungan Barangay Hall" }, "geometry": { "type": "Point", "coordinates": [ 122.104557, 6.9194508 ] } },
{ "type": "Feature", "properties": { "amenity": null, "name": null }, "geometry": { "type": "Point", "coordinates": [ 122.0617027, 6.9139502 ] } },
{ "type": "Feature", "properties": { "amenity": null, "name": null }, "geometry": { "type": "Point", "coordinates": [ 122.1012383, 6.9511978 ] } },
{ "type": "Feature", "properties": { "amenity": "fuel", "name": "Shell" }, "geometry": { "type": "Point", "coordinates": [ 121.9479704, 6.9651045 ] } },
{ "type": "Feature", "properties": { "amenity": "place_of_worship", "name": "Lokal ng Vitali, Iglesia ni Cristo" }, "geometry": { "type": "Point", "coordinates": [ 122.2848242, 7.3622103 ] } },
{ "type": "Feature", "properties": { "amenity": "fuel", "name": null }, "geometry": { "type": "Point", "coordinates": [ 122.1309793, 6.9153004 ] } },
{ "type": "Feature", "properties": { "amenity": null, "name": "Lutong Pinoy Resort" }, "geometry": { "type": "Point", "coordinates": [ 122.104297, 6.9155623 ] } },
{ "type": "Feature", "properties": { "amenity": null, "name": "Galvez Fitness Gym" }, "geometry": { "type": "Point", "coordinates": [ 122.0828781, 6.9145489 ] } },
{ "type": "Feature", "properties": { "amenity": "parking", "name": null }, "geometry": { "type": "Point", "coordinates": [ 122.0828118, 6.9134502 ] } },
{ "type": "Feature", "properties": { "amenity": "fuel", "name": null }, "geometry": { "type": "Point", "coordinates": [ 122.0716437, 6.9292091 ] } },
{ "type": "Feature", "properties": { "amenity": "bench", "name": null }, "geometry": { "type": "Point", "coordinates": [ 122.0811346, 6.9007063 ] } },
{ "type": "Feature", "properties": { "amenity": "bench", "name": null }, "geometry": { "type": "Point", "coordinates": [ 122.0811145, 6.9006976 ] } },
{ "type": "Feature", "properties": { "amenity": "animal_breeding", "name": null }, "geometry": { "type": "Point", "coordinates": [ 122.1746716, 7.0014911 ] } },
{ "type": "Feature", "properties": { "amenity": "events_venue", "name": null }, "geometry": { "type": "Point", "coordinates": [ 122.1684942, 7.0022579 ] } },
{ "type": "Feature", "properties": { "amenity": null, "name": null }, "geometry": { "type": "Point", "coordinates": [ 122.1675584, 7.0025413 ] } },
{ "type": "Feature", "properties": { "amenity": null, "name": null }, "geometry": { "type": "Point", "coordinates": [ 122.1677805, 7.0026619 ] } },
{ "type": "Feature", "properties": { "amenity": null, "name": "MnM Pines Resort & Country Club" }, "geometry": { "type": "Point", "coordinates": [ 122.1679979, 7.002568 ] } },
{ "type": "Feature", "properties": { "amenity": null, "name": null }, "geometry": { "type": "Point", "coordinates": [ 122.1684319, 7.002864 ] } },
{ "type": "Feature", "properties": { "amenity": "fountain", "name": "Dancing Fountain" }, "geometry": { "type": "Point", "coordinates": [ 122.0813735, 6.9004184 ] } },
{ "type": "Feature", "properties": { "amenity": null, "name": null }, "geometry": { "type": "Point", "coordinates": [ 122.0190377, 6.9246338 ] } },
{ "type": "Feature", "properties": { "amenity": null, "name": null }, "geometry": { "type": "Point", "coordinates": [ 122.0866319, 6.8982989 ] } },
{ "type": "Feature", "properties": { "amenity": "coast_guard", "name": "Coast Guard Sub-station Rio Hondo" }, "geometry": { "type": "Point", "coordinates": [ 122.0867075, 6.8974364 ] } },
{ "type": "Feature", "properties": { "amenity": "school", "name": "Islamic Institute of the Phillippines" }, "geometry": { "type": "Point", "coordinates": [ 122.0849457, 6.9001332 ] } },
{ "type": "Feature", "properties": { "amenity": "place_of_worship", "name": "Masjid Campo Muslim" }, "geometry": { "type": "Point", "coordinates": [ 122.0850277, 6.9004684 ] } },
{ "type": "Feature", "properties": { "amenity": null, "name": null }, "geometry": { "type": "Point", "coordinates": [ 122.083742, 6.9001261 ] } },
{ "type": "Feature", "properties": { "amenity": null, "name": null }, "geometry": { "type": "Point", "coordinates": [ 122.0861384, 6.8986901 ] } },
{ "type": "Feature", "properties": { "amenity": "place_of_worship", "name": "Our Lady of Guadalupe Chapel" }, "geometry": { "type": "Point", "coordinates": [ 122.0868262, 6.9186804 ] } },
{ "type": "Feature", "properties": { "amenity": "stage", "name": null }, "geometry": { "type": "Point", "coordinates": [ 122.0813251, 6.900778 ] } },
{ "type": "Feature", "properties": { "amenity": "fuel", "name": "Land Oil" }, "geometry": { "type": "Point", "coordinates": [ 122.2132703, 7.0777899 ] } },
{ "type": "Feature", "properties": { "amenity": "fuel", "name": "Petron" }, "geometry": { "type": "Point", "coordinates": [ 122.2116282, 7.0751903 ] } },
{ "type": "Feature", "properties": { "amenity": null, "name": null }, "geometry": { "type": "Point", "coordinates": [ 122.213907, 7.0789804 ] } },
{ "type": "Feature", "properties": { "amenity": "place_of_worship", "name": "Our Lady of Lourdes Parish Church" }, "geometry": { "type": "Point", "coordinates": [ 122.1986257, 7.1033417 ] } },
{ "type": "Feature", "properties": { "amenity": "ferry_terminal", "name": "Zamboanga" }, "geometry": { "type": "Point", "coordinates": [ 122.0766393, 6.9006133 ] } },
{ "type": "Feature", "properties": { "amenity": "bank", "name": "RCBC" }, "geometry": { "type": "Point", "coordinates": [ 122.0758458, 6.9066269 ] } },
{ "type": "Feature", "properties": { "amenity": null, "name": "ABC Bakery" }, "geometry": { "type": "Point", "coordinates": [ 122.0756672, 6.906609 ] } },
{ "type": "Feature", "properties": { "amenity": "fire_station", "name": "Tetuan Fire Station" }, "geometry": { "type": "Point", "coordinates": [ 122.0908912, 6.9174383 ] } },
{ "type": "Feature", "properties": { "amenity": "fire_station", "name": "Guiwan Fire Station" }, "geometry": { "type": "Point", "coordinates": [ 122.0919932, 6.9287677 ] } },
{ "type": "Feature", "properties": { "amenity": null, "name": "Marcian Business Hotel" }, "geometry": { "type": "Point", "coordinates": [ 122.0748655, 6.9070675 ] } },
{ "type": "Feature", "properties": { "amenity": "fuel", "name": null }, "geometry": { "type": "Point", "coordinates": [ 122.0722267, 6.9093377 ] } },
{ "type": "Feature", "properties": { "amenity": "bus_station", "name": "Baliwasan Terminal" }, "geometry": { "type": "Point", "coordinates": [ 122.0748328, 6.9054437 ] } },
{ "type": "Feature", "properties": { "amenity": "fast_food", "name": "Jollibee" }, "geometry": { "type": "Point", "coordinates": [ 122.076681, 6.9046765 ] } },
{ "type": "Feature", "properties": { "amenity": "bus_station", "name": "Labuan Limpapa" }, "geometry": { "type": "Point", "coordinates": [ 122.0735836, 6.9057138 ] } },
{ "type": "Feature", "properties": { "amenity": "bus_station", "name": "San Roque Terminal" }, "geometry": { "type": "Point", "coordinates": [ 122.0723098, 6.9045936 ] } },
{ "type": "Feature", "properties": { "amenity": "ferry_terminal", "name": "Santa Cruz Island Ferry Terminal" }, "geometry": { "type": "Point", "coordinates": [ 122.0819232, 6.8997671 ] } },
{ "type": "Feature", "properties": { "amenity": "bus_station", "name": "Southcom Terminal" }, "geometry": { "type": "Point", "coordinates": [ 122.0723472, 6.9049621 ] } },
{ "type": "Feature", "properties": { "amenity": "atm", "name": "DBP" }, "geometry": { "type": "Point", "coordinates": [ 122.0756172, 6.9038012 ] } },
{ "type": "Feature", "properties": { "amenity": null, "name": null }, "geometry": { "type": "Point", "coordinates": [ 122.2364593, 7.0990764 ] } },
{ "type": "Feature", "properties": { "amenity": "mortuary", "name": null }, "geometry": { "type": "Point", "coordinates": [ 122.1096863, 6.9475133 ] } },
{ "type": "Feature", "properties": { "amenity": null, "name": null }, "geometry": { "type": "Point", "coordinates": [ 122.2402001, 7.0982353 ] } },
{ "type": "Feature", "properties": { "amenity": null, "name": "Enriquez Store" }, "geometry": { "type": "Point", "coordinates": [ 122.2401588, 7.0983048 ] } },
{ "type": "Feature", "properties": { "amenity": "restaurant", "name": "Alavar" }, "geometry": { "type": "Point", "coordinates": [ 122.0866863, 6.9158142 ] } },
{ "type": "Feature", "properties": { "amenity": "fountain", "name": null }, "geometry": { "type": "Point", "coordinates": [ 121.9218407, 6.9939653 ] } },
{ "type": "Feature", "properties": { "amenity": "restaurant", "name": null }, "geometry": { "type": "Point", "coordinates": [ 122.0860171, 6.9194136 ] } },
{ "type": "Feature", "properties": { "amenity": "restaurant", "name": "Distrito" }, "geometry": { "type": "Point", "coordinates": [ 122.0806059, 6.899877 ] } },
{ "type": "Feature", "properties": { "amenity": null, "name": "A.L. Gonzales and Sons" }, "geometry": { "type": "Point", "coordinates": [ 122.0794413, 6.914298 ] } },
{ "type": "Feature", "properties": { "amenity": "bank", "name": "PNB" }, "geometry": { "type": "Point", "coordinates": [ 122.0794587, 6.9142022 ] } },
{ "type": "Feature", "properties": { "amenity": "fx_station", "name": "Sangali-Bolong Terminal" }, "geometry": { "type": "Point", "coordinates": [ 122.076657, 6.9064946 ] } },
{ "type": "Feature", "properties": { "amenity": "toilets", "name": null }, "geometry": { "type": "Point", "coordinates": [ 122.2407078, 7.0980656 ] } },
{ "type": "Feature", "properties": { "amenity": "toilets", "name": null }, "geometry": { "type": "Point", "coordinates": [ 122.2401376, 7.0981186 ] } },
{ "type": "Feature", "properties": { "amenity": "toilets", "name": null }, "geometry": { "type": "Point", "coordinates": [ 122.2253195, 7.1091963 ] } },
{ "type": "Feature", "properties": { "amenity": "fast_food", "name": null }, "geometry": { "type": "Point", "coordinates": [ 122.0786012, 6.9281013 ] } },
{ "type": "Feature", "properties": { "amenity": "school", "name": "Fermdale International School" }, "geometry": { "type": "Point", "coordinates": [ 122.079284, 6.9130849 ] } },
{ "type": "Feature", "properties": { "amenity": null, "name": null }, "geometry": { "type": "Point", "coordinates": [ 122.0827429, 6.9009809 ] } },
{ "type": "Feature", "properties": { "amenity": "fountain", "name": null }, "geometry": { "type": "Point", "coordinates": [ 122.0828995, 6.9011942 ] } },
{ "type": "Feature", "properties": { "amenity": "school", "name": "ELearning Centre" }, "geometry": { "type": "Point", "coordinates": [ 122.0790983, 6.9131208 ] } },
{ "type": "Feature", "properties": { "amenity": "cafe", "name": null }, "geometry": { "type": "Point", "coordinates": [ 122.079357, 6.9064254 ] } },
{ "type": "Feature", "properties": { "amenity": "bank", "name": "Banco Cooperativa de Zamboanga" }, "geometry": { "type": "Point", "coordinates": [ 122.0782076, 6.9214786 ] } },
{ "type": "Feature", "properties": { "amenity": "police", "name": "Vitali Police Station" }, "geometry": { "type": "Point", "coordinates": [ 122.288702, 7.3714823 ] } },
{ "type": "Feature", "properties": { "amenity": "atm", "name": null }, "geometry": { "type": "Point", "coordinates": [ 122.211177, 7.0719638 ] } },
{ "type": "Feature", "properties": { "amenity": "atm", "name": null }, "geometry": { "type": "Point", "coordinates": [ 122.0771641, 6.9036139 ] } },
{ "type": "Feature", "properties": { "amenity": "atm", "name": null }, "geometry": { "type": "Point", "coordinates": [ 122.0771776, 6.9036084 ] } },
{ "type": "Feature", "properties": { "amenity": "atm", "name": null }, "geometry": { "type": "Point", "coordinates": [ 122.077151, 6.9036223 ] } },
{ "type": "Feature", "properties": { "amenity": null, "name": null }, "geometry": { "type": "Point", "coordinates": [ 122.0770037, 6.9042968 ] } },
{ "type": "Feature", "properties": { "amenity": null, "name": null }, "geometry": { "type": "Point", "coordinates": [ 122.2262251, 7.1085035 ] } },
{ "type": "Feature", "properties": { "amenity": null, "name": null }, "geometry": { "type": "Point", "coordinates": [ 122.2283946, 7.1099639 ] } },
{ "type": "Feature", "properties": { "amenity": null, "name": null }, "geometry": { "type": "Point", "coordinates": [ 122.228927, 7.1107344 ] } },
{ "type": "Feature", "properties": { "amenity": "atm", "name": null }, "geometry": { "type": "Point", "coordinates": [ 122.0738905, 6.9095376 ] } },
{ "type": "Feature", "properties": { "amenity": "atm", "name": null }, "geometry": { "type": "Point", "coordinates": [ 122.0738888, 6.9095512 ] } },
{ "type": "Feature", "properties": { "amenity": null, "name": "Anzey Salon and Spa" }, "geometry": { "type": "Point", "coordinates": [ 122.0798525, 6.9124548 ] } },
{ "type": "Feature", "properties": { "amenity": null, "name": "Auntie Nitz's" }, "geometry": { "type": "Point", "coordinates": [ 122.0798084, 6.9129567 ] } },
{ "type": "Feature", "properties": { "amenity": null, "name": "Freedom Commercial Printers" }, "geometry": { "type": "Point", "coordinates": [ 122.0798368, 6.9126156 ] } },
{ "type": "Feature", "properties": { "amenity": "bank", "name": "Landbank" }, "geometry": { "type": "Point", "coordinates": [ 122.0796508, 6.9123195 ] } },
{ "type": "Feature", "properties": { "amenity": "restaurant", "name": "Mandarin Gate 10th High" }, "geometry": { "type": "Point", "coordinates": [ 122.0757299, 6.9064684 ] } },
{ "type": "Feature", "properties": { "amenity": null, "name": "Ocho Marketing and Parts Supply" }, "geometry": { "type": "Point", "coordinates": [ 122.0798155, 6.9127946 ] } },
{ "type": "Feature", "properties": { "amenity": null, "name": "Ozamis A+ Credit Corporation" }, "geometry": { "type": "Point", "coordinates": [ 122.0798099, 6.9129243 ] } },
{ "type": "Feature", "properties": { "amenity": "social_facility", "name": "UNA Bulk Depot" }, "geometry": { "type": "Point", "coordinates": [ 122.0798439, 6.9125253 ] } },
{ "type": "Feature", "properties": { "amenity": "atm", "name": "PNB" }, "geometry": { "type": "Point", "coordinates": [ 122.0758392, 6.9043841 ] } },
{ "type": "Feature", "properties": { "amenity": "fast_food", "name": "McDonald's" }, "geometry": { "type": "Point", "coordinates": [ 122.0769359, 6.9064681 ] } },
{ "type": "Feature", "properties": { "amenity": null, "name": "Red Ribbon" }, "geometry": { "type": "Point", "coordinates": [ 122.0767341, 6.9065553 ] } },
{ "type": "Feature", "properties": { "amenity": "restaurant", "name": "VG Queen Health Food Center" }, "geometry": { "type": "Point", "coordinates": [ 122.0749894, 6.9083491 ] } },
{ "type": "Feature", "properties": { "amenity": "atm", "name": null }, "geometry": { "type": "Point", "coordinates": [ 122.0796465, 6.9123533 ] } },
{ "type": "Feature", "properties": { "amenity": "atm", "name": null }, "geometry": { "type": "Point", "coordinates": [ 122.0915473, 6.9319857 ] } },
{ "type": "Feature", "properties": { "amenity": null, "name": "Sony Service Center" }, "geometry": { "type": "Point", "coordinates": [ 122.0795903, 6.9127775 ] } },
{ "type": "Feature", "properties": { "amenity": "atm", "name": null }, "geometry": { "type": "Point", "coordinates": [ 122.0725987, 6.9208239 ] } },
{ "type": "Feature", "properties": { "amenity": "bank", "name": "Philippine Bank of Commerce" }, "geometry": { "type": "Point", "coordinates": [ 122.0766748, 6.9041154 ] } },
{ "type": "Feature", "properties": { "amenity": "restaurant", "name": null }, "geometry": { "type": "Point", "coordinates": [ 122.0763562, 6.914867 ] } },
{ "type": "Feature", "properties": { "amenity": "atm", "name": "Metrobank" }, "geometry": { "type": "Point", "coordinates": [ 122.075545, 6.9169231 ] } },
{ "type": "Feature", "properties": { "amenity": "payment_centre", "name": "U Super Service Center" }, "geometry": { "type": "Point", "coordinates": [ 122.0765001, 6.9042203 ] } },
{ "type": "Feature", "properties": { "amenity": null, "name": "Manesco Pawnshop" }, "geometry": { "type": "Point", "coordinates": [ 122.076557, 6.904188 ] } },
{ "type": "Feature", "properties": { "amenity": "restaurant", "name": null }, "geometry": { "type": "Point", "coordinates": [ 122.076854, 6.9040136 ] } },
{ "type": "Feature", "properties": { "amenity": "restaurant", "name": "Village Zamboanga" }, "geometry": { "type": "Point", "coordinates": [ 122.0633828, 6.918032 ] } },
{ "type": "Feature", "properties": { "amenity": "atm", "name": "EastWest Unibank" }, "geometry": { "type": "Point", "coordinates": [ 122.0772078, 6.9038649 ] } },
{ "type": "Feature", "properties": { "amenity": "atm", "name": null }, "geometry": { "type": "Point", "coordinates": [ 122.0773462, 6.9066793 ] } },
{ "type": "Feature", "properties": { "amenity": "atm", "name": null }, "geometry": { "type": "Point", "coordinates": [ 122.077902, 6.9068291 ] } },
{ "type": "Feature", "properties": { "amenity": "bank", "name": "RCBC" }, "geometry": { "type": "Point", "coordinates": [ 122.0778336, 6.9066397 ] } },
{ "type": "Feature", "properties": { "amenity": "atm", "name": "Metrobank" }, "geometry": { "type": "Point", "coordinates": [ 122.0771131, 6.9065721 ] } },
{ "type": "Feature", "properties": { "amenity": null, "name": null }, "geometry": { "type": "Point", "coordinates": [ 122.0768697, 6.9065584 ] } },
{ "type": "Feature", "properties": { "amenity": "atm", "name": null }, "geometry": { "type": "Point", "coordinates": [ 122.0765795, 6.9062969 ] } },
{ "type": "Feature", "properties": { "amenity": "bank", "name": "Zamboanga City Rural Bank" }, "geometry": { "type": "Point", "coordinates": [ 122.0761853, 6.906582 ] } },
{ "type": "Feature", "properties": { "amenity": null, "name": "El Turismo Travel Agency" }, "geometry": { "type": "Point", "coordinates": [ 122.0762097, 6.9064528 ] } },
{ "type": "Feature", "properties": { "amenity": "pharmacy", "name": "Cecile's Pharmacy and Grocery" }, "geometry": { "type": "Point", "coordinates": [ 122.0773683, 6.906448 ] } },
{ "type": "Feature", "properties": { "amenity": "fast_food", "name": "Speedy Pizza" }, "geometry": { "type": "Point", "coordinates": [ 122.0775424, 6.9061992 ] } },
{ "type": "Feature", "properties": { "amenity": null, "name": "Penhaus" }, "geometry": { "type": "Point", "coordinates": [ 122.0780601, 6.9059721 ] } },
{ "type": "Feature", "properties": { "amenity": "pharmacy", "name": null }, "geometry": { "type": "Point", "coordinates": [ 122.0755064, 6.9065154 ] } },
{ "type": "Feature", "properties": { "amenity": "atm", "name": null }, "geometry": { "type": "Point", "coordinates": [ 122.0739607, 6.905394 ] } },
{ "type": "Feature", "properties": { "amenity": null, "name": "Octagon Computer Super Store" }, "geometry": { "type": "Point", "coordinates": [ 122.0734206, 6.9096766 ] } },
{ "type": "Feature", "properties": { "amenity": null, "name": "Gaisano Interface Computer System" }, "geometry": { "type": "Point", "coordinates": [ 122.0734028, 6.9097136 ] } },
{ "type": "Feature", "properties": { "amenity": "fast_food", "name": "Jollibee" }, "geometry": { "type": "Point", "coordinates": [ 122.0750531, 6.9057457 ] } },
{ "type": "Feature", "properties": { "amenity": "atm", "name": null }, "geometry": { "type": "Point", "coordinates": [ 122.0741314, 6.9079779 ] } },
{ "type": "Feature", "properties": { "amenity": "atm", "name": null }, "geometry": { "type": "Point", "coordinates": [ 122.0736026, 6.9093778 ] } },
{ "type": "Feature", "properties": { "amenity": null, "name": "Paceb-Air" }, "geometry": { "type": "Point", "coordinates": [ 122.0733339, 6.9096197 ] } },
{ "type": "Feature", "properties": { "amenity": null, "name": "Jasmine Jewelry" }, "geometry": { "type": "Point", "coordinates": [ 122.073382, 6.9096456 ] } },
{ "type": "Feature", "properties": { "amenity": "bank", "name": "UnionBank" }, "geometry": { "type": "Point", "coordinates": [ 122.0733643, 6.910213 ] } },
{ "type": "Feature", "properties": { "amenity": "atm", "name": null }, "geometry": { "type": "Point", "coordinates": [ 122.0733109, 6.9102289 ] } },
{ "type": "Feature", "properties": { "amenity": null, "name": "Myrna's Bakeshop" }, "geometry": { "type": "Point", "coordinates": [ 122.0734461, 6.9102469 ] } },
{ "type": "Feature", "properties": { "amenity": null, "name": "Yamaha Motors" }, "geometry": { "type": "Point", "coordinates": [ 122.076418, 6.9126687 ] } },
{ "type": "Feature", "properties": { "amenity": "pharmacy", "name": "Ciudad Medical Pharmacy" }, "geometry": { "type": "Point", "coordinates": [ 122.0762841, 6.9149018 ] } },
{ "type": "Feature", "properties": { "amenity": "bank", "name": "PNB" }, "geometry": { "type": "Point", "coordinates": [ 122.0763344, 6.9147864 ] } },
{ "type": "Feature", "properties": { "amenity": null, "name": "Phone Patch Marketing" }, "geometry": { "type": "Point", "coordinates": [ 122.0756314, 6.9082362 ] } },
{ "type": "Feature", "properties": { "amenity": "atm", "name": null }, "geometry": { "type": "Point", "coordinates": [ 122.0726013, 6.9098521 ] } },
{ "type": "Feature", "properties": { "amenity": "restaurant", "name": null }, "geometry": { "type": "Point", "coordinates": [ 122.0736941, 6.9104246 ] } },
{ "type": "Feature", "properties": { "amenity": null, "name": "Jardin Laviña Hotel and Restaurant" }, "geometry": { "type": "Point", "coordinates": [ 122.0736617, 6.9103339 ] } },
{ "type": "Feature", "properties": { "amenity": null, "name": null }, "geometry": { "type": "Point", "coordinates": [ 122.0760014, 6.9161182 ] } },
{ "type": "Feature", "properties": { "amenity": "toilets", "name": null }, "geometry": { "type": "Point", "coordinates": [ 122.0761492, 6.9161507 ] } },
{ "type": "Feature", "properties": { "amenity": "pharmacy", "name": "Mercury Drug" }, "geometry": { "type": "Point", "coordinates": [ 122.0796234, 6.9150849 ] } },
{ "type": "Feature", "properties": { "amenity": "atm", "name": null }, "geometry": { "type": "Point", "coordinates": [ 122.0912759, 6.9314862 ] } },
{ "type": "Feature", "properties": { "amenity": "bank", "name": "Bank of the Philippine Island" }, "geometry": { "type": "Point", "coordinates": [ 122.0897809, 6.9311623 ] } },
{ "type": "Feature", "properties": { "amenity": "atm", "name": null }, "geometry": { "type": "Point", "coordinates": [ 122.089764, 6.9311333 ] } },
{ "type": "Feature", "properties": { "amenity": "atm", "name": null }, "geometry": { "type": "Point", "coordinates": [ 122.0897494, 6.9311281 ] } },
{ "type": "Feature", "properties": { "amenity": null, "name": "Emcor" }, "geometry": { "type": "Point", "coordinates": [ 122.0894599, 6.9309873 ] } },
{ "type": "Feature", "properties": { "amenity": "atm", "name": null }, "geometry": { "type": "Point", "coordinates": [ 122.0898644, 6.9308957 ] } },
{ "type": "Feature", "properties": { "amenity": "atm", "name": null }, "geometry": { "type": "Point", "coordinates": [ 122.0906994, 6.9315899 ] } },
{ "type": "Feature", "properties": { "amenity": null, "name": null }, "geometry": { "type": "Point", "coordinates": [ 122.1044897, 6.948602 ] } },
{ "type": "Feature", "properties": { "amenity": "fast_food", "name": "KFC" }, "geometry": { "type": "Point", "coordinates": [ 122.0749297, 6.9211807 ] } },
{ "type": "Feature", "properties": { "amenity": "atm", "name": null }, "geometry": { "type": "Point", "coordinates": [ 122.0753828, 6.9175865 ] } },
{ "type": "Feature", "properties": { "amenity": "atm", "name": null }, "geometry": { "type": "Point", "coordinates": [ 122.0766007, 6.9131074 ] } },
{ "type": "Feature", "properties": { "amenity": "restaurant", "name": "Chinito's" }, "geometry": { "type": "Point", "coordinates": [ 122.077281, 6.9108174 ] } },
{ "type": "Feature", "properties": { "amenity": "atm", "name": null }, "geometry": { "type": "Point", "coordinates": [ 122.0773231, 6.9069085 ] } },
{ "type": "Feature", "properties": { "amenity": null, "name": "Ric & Remy's Bakeshop" }, "geometry": { "type": "Point", "coordinates": [ 122.1353811, 6.9623657 ] } },
{ "type": "Feature", "properties": { "amenity": null, "name": "Mercedes Shell Mini-Mart" }, "geometry": { "type": "Point", "coordinates": [ 122.133441, 6.9628491 ] } },
{ "type": "Feature", "properties": { "amenity": "pharmacy", "name": "Mercedes Shell Drug Store" }, "geometry": { "type": "Point", "coordinates": [ 122.1334756, 6.962843 ] } },
{ "type": "Feature", "properties": { "amenity": null, "name": "Puffstop" }, "geometry": { "type": "Point", "coordinates": [ 122.0847304, 6.9284524 ] } },
{ "type": "Feature", "properties": { "amenity": null, "name": null }, "geometry": { "type": "Point", "coordinates": [ 122.0748619, 6.9104891 ] } },
{ "type": "Feature", "properties": { "amenity": null, "name": null }, "geometry": { "type": "Point", "coordinates": [ 122.0847307, 6.926431 ] } },
{ "type": "Feature", "properties": { "amenity": "bank", "name": "Rural Bank of Siocon Inc." }, "geometry": { "type": "Point", "coordinates": [ 122.0857789, 6.9289898 ] } },
{ "type": "Feature", "properties": { "amenity": "library", "name": "MNHS Library" }, "geometry": { "type": "Point", "coordinates": [ 122.1865936, 7.0233268 ] } },
{ "type": "Feature", "properties": { "amenity": "courier", "name": "LBC" }, "geometry": { "type": "Point", "coordinates": [ 122.0778793, 6.9066558 ] } },
{ "type": "Feature", "properties": { "amenity": null, "name": "Jesons Auto Supply" }, "geometry": { "type": "Point", "coordinates": [ 122.0779941, 6.9066992 ] } },
{ "type": "Feature", "properties": { "amenity": "money_transfer", "name": "LBC" }, "geometry": { "type": "Point", "coordinates": [ 122.0779027, 6.9066649 ] } },
{ "type": "Feature", "properties": { "amenity": null, "name": "Ticket 1" }, "geometry": { "type": "Point", "coordinates": [ 122.0779443, 6.906679 ] } },
{ "type": "Feature", "properties": { "amenity": "fast_food", "name": "Jollibee" }, "geometry": { "type": "Point", "coordinates": [ 122.0769304, 6.9062441 ] } },
{ "type": "Feature", "properties": { "amenity": "fast_food", "name": "Chowking" }, "geometry": { "type": "Point", "coordinates": [ 122.0769854, 6.9062268 ] } },
{ "type": "Feature", "properties": { "amenity": "fast_food", "name": "Greenwich" }, "geometry": { "type": "Point", "coordinates": [ 122.0770041, 6.9061695 ] } },
{ "type": "Feature", "properties": { "amenity": "atm", "name": null }, "geometry": { "type": "Point", "coordinates": [ 122.0769585, 6.9060963 ] } },
{ "type": "Feature", "properties": { "amenity": "atm", "name": null }, "geometry": { "type": "Point", "coordinates": [ 122.0769424, 6.9060683 ] } },
{ "type": "Feature", "properties": { "amenity": "atm", "name": null }, "geometry": { "type": "Point", "coordinates": [ 122.0769277, 6.9060417 ] } },
{ "type": "Feature", "properties": { "amenity": "parking", "name": null }, "geometry": { "type": "Point", "coordinates": [ 122.0766531, 6.9058046 ] } },
{ "type": "Feature", "properties": { "amenity": "toilets", "name": null }, "geometry": { "type": "Point", "coordinates": [ 122.075877, 6.9052427 ] } },
{ "type": "Feature", "properties": { "amenity": "veterinary", "name": "Waltac Bio-Ventures" }, "geometry": { "type": "Point", "coordinates": [ 122.0774985, 6.9083186 ] } },
{ "type": "Feature", "properties": { "amenity": "pharmacy", "name": "Chuan Giok Chinese Drugstore" }, "geometry": { "type": "Point", "coordinates": [ 122.0775188, 6.9082317 ] } },
{ "type": "Feature", "properties": { "amenity": null, "name": "Sky Cable" }, "geometry": { "type": "Point", "coordinates": [ 122.0775091, 6.9082879 ] } },
{ "type": "Feature", "properties": { "amenity": null, "name": "PC Topia Computers Super Store" }, "geometry": { "type": "Point", "coordinates": [ 122.077109, 6.9108959 ] } },
{ "type": "Feature", "properties": { "amenity": "pharmacy", "name": "Axis Pharma" }, "geometry": { "type": "Point", "coordinates": [ 122.0753487, 6.9177351 ] } },
{ "type": "Feature", "properties": { "amenity": null, "name": "Thai Spa" }, "geometry": { "type": "Point", "coordinates": [ 122.0753379, 6.9178043 ] } },
{ "type": "Feature", "properties": { "amenity": "atm", "name": null }, "geometry": { "type": "Point", "coordinates": [ 122.0753143, 6.9179616 ] } },
{ "type": "Feature", "properties": { "amenity": null, "name": null }, "geometry": { "type": "Point", "coordinates": [ 122.0750836, 6.9202768 ] } },
{ "type": "Feature", "properties": { "amenity": null, "name": "Lock-N-Load Firearms and Sporting Goods" }, "geometry": { "type": "Point", "coordinates": [ 122.0750273, 6.9207006 ] } },
{ "type": "Feature", "properties": { "amenity": null, "name": "Oh My Kha" }, "geometry": { "type": "Point", "coordinates": [ 122.0749866, 6.9208938 ] } },
{ "type": "Feature", "properties": { "amenity": null, "name": "HF Bioaquatics" }, "geometry": { "type": "Point", "coordinates": [ 122.0749566, 6.921015 ] } },
{ "type": "Feature", "properties": { "amenity": "toilets", "name": null }, "geometry": { "type": "Point", "coordinates": [ 122.1093291, 6.9482878 ] } },
{ "type": "Feature", "properties": { "amenity": null, "name": "Quickstop Convenience Store" }, "geometry": { "type": "Point", "coordinates": [ 122.1093127, 6.9482542 ] } },
{ "type": "Feature", "properties": { "amenity": "pharmacy", "name": "A2Z Pharmacy" }, "geometry": { "type": "Point", "coordinates": [ 122.1092968, 6.948198 ] } },
{ "type": "Feature", "properties": { "amenity": null, "name": "Norminring Motorbikes" }, "geometry": { "type": "Point", "coordinates": [ 122.1092924, 6.9480987 ] } },
{ "type": "Feature", "properties": { "amenity": null, "name": "Pasonanca Natural Park" }, "geometry": { "type": "Point", "coordinates": [ 122.0728251, 6.9533452 ] } },
{ "type": "Feature", "properties": { "amenity": null, "name": "Maria Clara L. Lobregat" }, "geometry": { "type": "Point", "coordinates": [ 122.0720256, 6.9538554 ] } },
{ "type": "Feature", "properties": { "amenity": null, "name": "Camp Scout Antonio Limbaga" }, "geometry": { "type": "Point", "coordinates": [ 122.0748478, 6.952878 ] } },
{ "type": "Feature", "properties": { "amenity": "toilets", "name": null }, "geometry": { "type": "Point", "coordinates": [ 122.0732752, 6.950055 ] } },
{ "type": "Feature", "properties": { "amenity": "community_centre", "name": "Cathecism Center" }, "geometry": { "type": "Point", "coordinates": [ 122.0732548, 6.9476277 ] } },
{ "type": "Feature", "properties": { "amenity": "toilets", "name": null }, "geometry": { "type": "Point", "coordinates": [ 122.0732632, 6.9478077 ] } },
{ "type": "Feature", "properties": { "amenity": null, "name": null }, "geometry": { "type": "Point", "coordinates": [ 122.0727641, 6.9480334 ] } },
{ "type": "Feature", "properties": { "amenity": "restaurant", "name": "Antonio's Steakhouse" }, "geometry": { "type": "Point", "coordinates": [ 122.0714697, 6.9547993 ] } },
{ "type": "Feature", "properties": { "amenity": "restaurant", "name": "Park 88 Grill and Restaurant" }, "geometry": { "type": "Point", "coordinates": [ 122.071669, 6.9506092 ] } },
{ "type": "Feature", "properties": { "amenity": "marketplace", "name": null }, "geometry": { "type": "Point", "coordinates": [ 122.1364837, 6.9623034 ] } },
{ "type": "Feature", "properties": { "amenity": null, "name": null }, "geometry": { "type": "Point", "coordinates": [ 122.075642, 6.9213028 ] } },
{ "type": "Feature", "properties": { "amenity": "police", "name": "Police Station № 10" }, "geometry": { "type": "Point", "coordinates": [ 122.0929168, 6.9391419 ] } },
{ "type": "Feature", "properties": { "amenity": "bank", "name": "Maybank" }, "geometry": { "type": "Point", "coordinates": [ 122.0794152, 6.9171983 ] } },
{ "type": "Feature", "properties": { "amenity": "atm", "name": null }, "geometry": { "type": "Point", "coordinates": [ 122.079423, 6.9171178 ] } },
{ "type": "Feature", "properties": { "amenity": "fast_food", "name": "Greenwich" }, "geometry": { "type": "Point", "coordinates": [ 122.0758469, 6.9079918 ] } },
{ "type": "Feature", "properties": { "amenity": "pharmacy", "name": "Watsons" }, "geometry": { "type": "Point", "coordinates": [ 122.0762041, 6.9079593 ] } },
{ "type": "Feature", "properties": { "amenity": "cinema", "name": "SM Cinema" }, "geometry": { "type": "Point", "coordinates": [ 122.0758582, 6.9079759 ] } },
{ "type": "Feature", "properties": { "amenity": "atm", "name": null }, "geometry": { "type": "Point", "coordinates": [ 122.0764788, 6.9077613 ] } },
{ "type": "Feature", "properties": { "amenity": "atm", "name": null }, "geometry": { "type": "Point", "coordinates": [ 122.0798409, 6.9105454 ] } },
{ "type": "Feature", "properties": { "amenity": "bar", "name": "GC Hotel" }, "geometry": { "type": "Point", "coordinates": [ 122.0784862, 6.9076201 ] } },
{ "type": "Feature", "properties": { "amenity": "ferry_terminal", "name": null }, "geometry": { "type": "Point", "coordinates": [ 122.0700118, 6.867535 ] } },
{ "type": "Feature", "properties": { "amenity": null, "name": "Manila Bazaar, Incorporated" }, "geometry": { "type": "Point", "coordinates": [ 122.0750505, 6.9063972 ] } },
{ "type": "Feature", "properties": { "amenity": "bank", "name": "Metrobank" }, "geometry": { "type": "Point", "coordinates": [ 122.0749871, 6.906996 ] } },
{ "type": "Feature", "properties": { "amenity": "atm", "name": null }, "geometry": { "type": "Point", "coordinates": [ 122.0750189, 6.9070022 ] } },
{ "type": "Feature", "properties": { "amenity": "atm", "name": null }, "geometry": { "type": "Point", "coordinates": [ 122.0795271, 6.9137269 ] } },
{ "type": "Feature", "properties": { "amenity": null, "name": null }, "geometry": { "type": "Point", "coordinates": [ 122.0587375, 6.9127712 ] } },
{ "type": "Feature", "properties": { "amenity": "pharmacy", "name": "Cecile's Pharmacy and Convenience Store" }, "geometry": { "type": "Point", "coordinates": [ 122.1062987, 6.9485048 ] } },
{ "type": "Feature", "properties": { "amenity": null, "name": null }, "geometry": { "type": "Point", "coordinates": [ 122.0608012, 6.9117497 ] } },
{ "type": "Feature", "properties": { "amenity": "atm", "name": null }, "geometry": { "type": "Point", "coordinates": [ 122.0792619, 6.915588 ] } },
{ "type": "Feature", "properties": { "amenity": "atm", "name": null }, "geometry": { "type": "Point", "coordinates": [ 122.079215, 6.9154096 ] } },
{ "type": "Feature", "properties": { "amenity": "pharmacy", "name": "Daily Dose Pharmacy" }, "geometry": { "type": "Point", "coordinates": [ 122.0793292, 6.9153227 ] } },
{ "type": "Feature", "properties": { "amenity": "bank", "name": "Philippine Business Bank" }, "geometry": { "type": "Point", "coordinates": [ 122.0793316, 6.9152758 ] } },
{ "type": "Feature", "properties": { "amenity": "atm", "name": null }, "geometry": { "type": "Point", "coordinates": [ 122.0793365, 6.9152443 ] } },
{ "type": "Feature", "properties": { "amenity": "pharmacy", "name": "Joan's Pharmacy and Convenience Store" }, "geometry": { "type": "Point", "coordinates": [ 122.0793536, 6.915073 ] } },
{ "type": "Feature", "properties": { "amenity": "atm", "name": null }, "geometry": { "type": "Point", "coordinates": [ 122.0795861, 6.915453 ] } },
{ "type": "Feature", "properties": { "amenity": "bank", "name": "PNB" }, "geometry": { "type": "Point", "coordinates": [ 122.0795881, 6.9154318 ] } },
{ "type": "Feature", "properties": { "amenity": "fast_food", "name": null }, "geometry": { "type": "Point", "coordinates": [ 122.079835, 6.915492 ] } },
{ "type": "Feature", "properties": { "amenity": "bank", "name": "Philippine Bank of Communication" }, "geometry": { "type": "Point", "coordinates": [ 122.0791637, 6.9157216 ] } },
{ "type": "Feature", "properties": { "amenity": "atm", "name": null }, "geometry": { "type": "Point", "coordinates": [ 122.0791942, 6.9156943 ] } },
{ "type": "Feature", "properties": { "amenity": "bank", "name": "BDO" }, "geometry": { "type": "Point", "coordinates": [ 122.079199, 6.9159116 ] } },
{ "type": "Feature", "properties": { "amenity": "college", "name": "AMA Computer College" }, "geometry": { "type": "Point", "coordinates": [ 122.0791398, 6.9162675 ] } },
{ "type": "Feature", "properties": { "amenity": null, "name": "Sunny Land Garden" }, "geometry": { "type": "Point", "coordinates": [ 122.078909, 6.9156655 ] } },
{ "type": "Feature", "properties": { "amenity": null, "name": "Motortrade" }, "geometry": { "type": "Point", "coordinates": [ 122.0792179, 6.9161703 ] } },
{ "type": "Feature", "properties": { "amenity": null, "name": "Expo Home Decor" }, "geometry": { "type": "Point", "coordinates": [ 122.0792099, 6.91624 ] } },
{ "type": "Feature", "properties": { "amenity": null, "name": "Emcor" }, "geometry": { "type": "Point", "coordinates": [ 122.0791991, 6.9163116 ] } },
{ "type": "Feature", "properties": { "amenity": "bank", "name": "Amanah Islamic Bank" }, "geometry": { "type": "Point", "coordinates": [ 122.0791852, 6.9164039 ] } },
{ "type": "Feature", "properties": { "amenity": null, "name": "People's Micro Finance Cooperative" }, "geometry": { "type": "Point", "coordinates": [ 122.0791577, 6.9165575 ] } },
{ "type": "Feature", "properties": { "amenity": null, "name": "Aurora Integrated Multi-purpose Cooperative" }, "geometry": { "type": "Point", "coordinates": [ 122.0791493, 6.9166306 ] } },
{ "type": "Feature", "properties": { "amenity": null, "name": "Millenium Cash Finance Company, Incorporated" }, "geometry": { "type": "Point", "coordinates": [ 122.0791711, 6.9158245 ] } },
{ "type": "Feature", "properties": { "amenity": null, "name": "RD" }, "geometry": { "type": "Point", "coordinates": [ 122.0792013, 6.9157912 ] } },
{ "type": "Feature", "properties": { "amenity": "fast_food", "name": "SLQ Lechon Manok" }, "geometry": { "type": "Point", "coordinates": [ 122.0793996, 6.9165791 ] } },
{ "type": "Feature", "properties": { "amenity": null, "name": "Izah Financing Corporation" }, "geometry": { "type": "Point", "coordinates": [ 122.0798114, 6.916879 ] } },
{ "type": "Feature", "properties": { "amenity": null, "name": "Dennis Hardware Enterprises, Incorporated" }, "geometry": { "type": "Point", "coordinates": [ 122.0795474, 6.9159708 ] } },
{ "type": "Feature", "properties": { "amenity": null, "name": "RA Gapuz Review Center" }, "geometry": { "type": "Point", "coordinates": [ 122.0795322, 6.9160414 ] } },
{ "type": "Feature", "properties": { "amenity": null, "name": "The PJH Group" }, "geometry": { "type": "Point", "coordinates": [ 122.0795393, 6.9160137 ] } },
{ "type": "Feature", "properties": { "amenity": null, "name": null }, "geometry": { "type": "Point", "coordinates": [ 122.0795362, 6.9156994 ] } },
{ "type": "Feature", "properties": { "amenity": null, "name": "Micro Entrepreneurs' Multi-Purpose Cooperative" }, "geometry": { "type": "Point", "coordinates": [ 122.0798579, 6.9160298 ] } },
{ "type": "Feature", "properties": { "amenity": null, "name": "Joto Health Palace" }, "geometry": { "type": "Point", "coordinates": [ 122.0800089, 6.9159355 ] } },
{ "type": "Feature", "properties": { "amenity": null, "name": "Mcjjers Copy Center" }, "geometry": { "type": "Point", "coordinates": [ 122.0795915, 6.9153985 ] } },
{ "type": "Feature", "properties": { "amenity": "bank", "name": "RCBC" }, "geometry": { "type": "Point", "coordinates": [ 122.0789305, 6.9189859 ] } },
{ "type": "Feature", "properties": { "amenity": null, "name": "Ultra Phi Water" }, "geometry": { "type": "Point", "coordinates": [ 122.0789363, 6.9147493 ] } },
{ "type": "Feature", "properties": { "amenity": null, "name": "Berovan Medical Supplies" }, "geometry": { "type": "Point", "coordinates": [ 122.0787995, 6.9147184 ] } },
{ "type": "Feature", "properties": { "amenity": "police", "name": "Park Police" }, "geometry": { "type": "Point", "coordinates": [ 122.0812091, 6.9014593 ] } },
{ "type": "Feature", "properties": { "amenity": null, "name": null }, "geometry": { "type": "Point", "coordinates": [ 122.0808004, 6.9075197 ] } },
{ "type": "Feature", "properties": { "amenity": null, "name": "Sweat It Out" }, "geometry": { "type": "Point", "coordinates": [ 122.0793563, 6.9145095 ] } },
{ "type": "Feature", "properties": { "amenity": "money_transfer", "name": "MLuillier" }, "geometry": { "type": "Point", "coordinates": [ 122.0793477, 6.914678 ] } },
{ "type": "Feature", "properties": { "amenity": "courier", "name": "Air21" }, "geometry": { "type": "Point", "coordinates": [ 122.0793241, 6.9148018 ] } },
{ "type": "Feature", "properties": { "amenity": null, "name": "Lucky Star Motel" }, "geometry": { "type": "Point", "coordinates": [ 122.0889751, 6.9273595 ] } },
{ "type": "Feature", "properties": { "amenity": null, "name": "MSL Builders and Home Depot" }, "geometry": { "type": "Point", "coordinates": [ 122.0790776, 6.9172336 ] } },
{ "type": "Feature", "properties": { "amenity": null, "name": "Blue Gym and Fitness Center" }, "geometry": { "type": "Point", "coordinates": [ 122.0790827, 6.9171894 ] } },
{ "type": "Feature", "properties": { "amenity": "courier", "name": "LBC" }, "geometry": { "type": "Point", "coordinates": [ 122.0793303, 6.9151761 ] } },
{ "type": "Feature", "properties": { "amenity": "police", "name": "Police Outpost" }, "geometry": { "type": "Point", "coordinates": [ 122.0740281, 6.9565168 ] } },
{ "type": "Feature", "properties": { "amenity": "bar", "name": "Outpost" }, "geometry": { "type": "Point", "coordinates": [ 122.0717886, 6.954489 ] } },
{ "type": "Feature", "properties": { "amenity": null, "name": "Swimming Pool 2" }, "geometry": { "type": "Point", "coordinates": [ 122.0736962, 6.9544629 ] } },
{ "type": "Feature", "properties": { "amenity": null, "name": "Swimming Pool 1" }, "geometry": { "type": "Point", "coordinates": [ 122.0736661, 6.9542986 ] } },
{ "type": "Feature", "properties": { "amenity": null, "name": "Magnolia Shipping Agency" }, "geometry": { "type": "Point", "coordinates": [ 122.0773647, 6.9039454 ] } },
{ "type": "Feature", "properties": { "amenity": null, "name": "George and Peter Lines Incorporated" }, "geometry": { "type": "Point", "coordinates": [ 122.077305, 6.9039839 ] } },
{ "type": "Feature", "properties": { "amenity": null, "name": "City Mart" }, "geometry": { "type": "Point", "coordinates": [ 122.0760459, 6.9057549 ] } },
{ "type": "Feature", "properties": { "amenity": "restaurant", "name": "Bojol Grill" }, "geometry": { "type": "Point", "coordinates": [ 122.0760007, 6.9058792 ] } },
{ "type": "Feature", "properties": { "amenity": "fast_food", "name": "Dunkin'" }, "geometry": { "type": "Point", "coordinates": [ 122.0759015, 6.9058977 ] } },
{ "type": "Feature", "properties": { "amenity": null, "name": "Yang's Hotel" }, "geometry": { "type": "Point", "coordinates": [ 122.0746923, 6.9061243 ] } },
{ "type": "Feature", "properties": { "amenity": null, "name": "Electron Comtronics and Service Center" }, "geometry": { "type": "Point", "coordinates": [ 122.0761038, 6.9063183 ] } },
{ "type": "Feature", "properties": { "amenity": "bank", "name": "EastWest Unibank" }, "geometry": { "type": "Point", "coordinates": [ 122.0772343, 6.9038035 ] } },
{ "type": "Feature", "properties": { "amenity": "police", "name": "Police Outpost" }, "geometry": { "type": "Point", "coordinates": [ 122.0599372, 6.9157292 ] } },
{ "type": "Feature", "properties": { "amenity": null, "name": "Hotel Residencia" }, "geometry": { "type": "Point", "coordinates": [ 122.0847079, 6.9263788 ] } },
{ "type": "Feature", "properties": { "amenity": "dentist", "name": null }, "geometry": { "type": "Point", "coordinates": [ 122.1392409, 6.9644976 ] } },
{ "type": "Feature", "properties": { "amenity": "fast_food", "name": null }, "geometry": { "type": "Point", "coordinates": [ 122.0758036, 6.9074307 ] } },
{ "type": "Feature", "properties": { "amenity": null, "name": "HTF Fancy House" }, "geometry": { "type": "Point", "coordinates": [ 122.0753543, 6.9073297 ] } },
{ "type": "Feature", "properties": { "amenity": "pharmacy", "name": "United Pharmacy" }, "geometry": { "type": "Point", "coordinates": [ 122.0756831, 6.9064612 ] } },
{ "type": "Feature", "properties": { "amenity": null, "name": "Century Light Center" }, "geometry": { "type": "Point", "coordinates": [ 122.0775261, 6.9066885 ] } },
{ "type": "Feature", "properties": { "amenity": null, "name": "Mini Box" }, "geometry": { "type": "Point", "coordinates": [ 122.0769249, 6.9054145 ] } },
{ "type": "Feature", "properties": { "amenity": "fast_food", "name": "ミスタードーナツ" }, "geometry": { "type": "Point", "coordinates": [ 122.0760523, 6.9059499 ] } },
{ "type": "Feature", "properties": { "amenity": "pharmacy", "name": "Joan's Pharmacy and Convenience Store" }, "geometry": { "type": "Point", "coordinates": [ 122.0759673, 6.9060863 ] } },
{ "type": "Feature", "properties": { "amenity": null, "name": "Suma Trading" }, "geometry": { "type": "Point", "coordinates": [ 122.0759787, 6.9062281 ] } },
{ "type": "Feature", "properties": { "amenity": "bank", "name": "RCBC" }, "geometry": { "type": "Point", "coordinates": [ 122.0770596, 6.9070823 ] } },
{ "type": "Feature", "properties": { "amenity": "atm", "name": null }, "geometry": { "type": "Point", "coordinates": [ 122.077021, 6.907067 ] } },
{ "type": "Feature", "properties": { "amenity": null, "name": "Z.C. Unicon Enterprises, Incorporated" }, "geometry": { "type": "Point", "coordinates": [ 122.0786167, 6.9071822 ] } },
{ "type": "Feature", "properties": { "amenity": "fast_food", "name": "Chowking" }, "geometry": { "type": "Point", "coordinates": [ 122.0761099, 6.9072017 ] } },
{ "type": "Feature", "properties": { "amenity": "fast_food", "name": "Mang Inasal" }, "geometry": { "type": "Point", "coordinates": [ 122.0760955, 6.906794 ] } },
{ "type": "Feature", "properties": { "amenity": null, "name": null }, "geometry": { "type": "Point", "coordinates": [ 122.0761048, 6.9056061 ] } },
{ "type": "Feature", "properties": { "amenity": null, "name": "Smart" }, "geometry": { "type": "Point", "coordinates": [ 122.0733487, 6.9095215 ] } },
{ "type": "Feature", "properties": { "amenity": null, "name": "Globe" }, "geometry": { "type": "Point", "coordinates": [ 122.0701512, 6.9088633 ] } },
{ "type": "Feature", "properties": { "amenity": null, "name": "Gallery of the Peninsula and the Archipelago" }, "geometry": { "type": "Point", "coordinates": [ 122.0754264, 6.9095958 ] } },
{ "type": "Feature", "properties": { "amenity": "cinema", "name": "New Viva Cinerama" }, "geometry": { "type": "Point", "coordinates": [ 122.074793, 6.90749 ] } },
{ "type": "Feature", "properties": { "amenity": null, "name": "Imperial Hotel" }, "geometry": { "type": "Point", "coordinates": [ 122.0751975, 6.907243 ] } },
{ "type": "Feature", "properties": { "amenity": null, "name": "Benanth Graphics" }, "geometry": { "type": "Point", "coordinates": [ 122.0754474, 6.9086608 ] } },
{ "type": "Feature", "properties": { "amenity": "restaurant", "name": "Bojol Grill" }, "geometry": { "type": "Point", "coordinates": [ 122.0915469, 6.9357118 ] } },
{ "type": "Feature", "properties": { "amenity": "restaurant", "name": "Mang Inasal" }, "geometry": { "type": "Point", "coordinates": [ 122.0921249, 6.9357797 ] } },
{ "type": "Feature", "properties": { "amenity": "pharmacy", "name": "Oro Wonder Drug" }, "geometry": { "type": "Point", "coordinates": [ 122.0924676, 6.9350004 ] } },
{ "type": "Feature", "properties": { "amenity": "restaurant", "name": null }, "geometry": { "type": "Point", "coordinates": [ 122.091243, 6.9355235 ] } },
{ "type": "Feature", "properties": { "amenity": null, "name": "National Bakery" }, "geometry": { "type": "Point", "coordinates": [ 122.0895178, 6.930643 ] } },
{ "type": "Feature", "properties": { "amenity": "pharmacy", "name": "Cecile's Pharmacy" }, "geometry": { "type": "Point", "coordinates": [ 122.0894635, 6.9306111 ] } },
{ "type": "Feature", "properties": { "amenity": "pharmacy", "name": "TGP" }, "geometry": { "type": "Point", "coordinates": [ 122.0892586, 6.9305425 ] } },
{ "type": "Feature", "properties": { "amenity": null, "name": null }, "geometry": { "type": "Point", "coordinates": [ 122.0904213, 6.9310662 ] } },
{ "type": "Feature", "properties": { "amenity": "bank", "name": "Chinabank" }, "geometry": { "type": "Point", "coordinates": [ 122.088152, 6.9300342 ] } },
{ "type": "Feature", "properties": { "amenity": null, "name": "J & J Laundry World" }, "geometry": { "type": "Point", "coordinates": [ 122.0895358, 6.9307521 ] } },
{ "type": "Feature", "properties": { "amenity": "bank", "name": "Asia United Bank" }, "geometry": { "type": "Point", "coordinates": [ 122.0752664, 6.9057936 ] } },
{ "type": "Feature", "properties": { "amenity": "fast_food", "name": "Whopee" }, "geometry": { "type": "Point", "coordinates": [ 122.0752003, 6.9059621 ] } },
{ "type": "Feature", "properties": { "amenity": "atm", "name": null }, "geometry": { "type": "Point", "coordinates": [ 122.0752376, 6.905796 ] } },
{ "type": "Feature", "properties": { "amenity": null, "name": "R.S Alfaro Enterprises" }, "geometry": { "type": "Point", "coordinates": [ 122.1460051, 6.9688938 ] } },
{ "type": "Feature", "properties": { "amenity": null, "name": null }, "geometry": { "type": "Point", "coordinates": [ 122.1459841, 6.9689958 ] } },
{ "type": "Feature", "properties": { "amenity": "pharmacy", "name": "Joan's Pharmacy and Convenience Store" }, "geometry": { "type": "Point", "coordinates": [ 122.0909466, 6.9313448 ] } },
{ "type": "Feature", "properties": { "amenity": null, "name": "Madeloise" }, "geometry": { "type": "Point", "coordinates": [ 122.0920818, 6.9335682 ] } },
{ "type": "Feature", "properties": { "amenity": "fast_food", "name": "SLQ Lechon Manok" }, "geometry": { "type": "Point", "coordinates": [ 122.0920959, 6.9336121 ] } },
{ "type": "Feature", "properties": { "amenity": "restaurant", "name": "Mano Mano na Greenfields" }, "geometry": { "type": "Point", "coordinates": [ 122.0724878, 6.9311941 ] } },
{ "type": "Feature", "properties": { "amenity": null, "name": null }, "geometry": { "type": "Point", "coordinates": [ 122.0753782, 6.9066929 ] } },
{ "type": "Feature", "properties": { "amenity": null, "name": "Big V's Super Store" }, "geometry": { "type": "Point", "coordinates": [ 122.0749327, 6.90706 ] } },
{ "type": "Feature", "properties": { "amenity": null, "name": "Duraply Hardware Supply" }, "geometry": { "type": "Point", "coordinates": [ 122.0858371, 6.9290505 ] } },
{ "type": "Feature", "properties": { "amenity": null, "name": "Expression" }, "geometry": { "type": "Point", "coordinates": [ 122.0756569, 6.9058136 ] } },
{ "type": "Feature", "properties": { "amenity": "pharmacy", "name": "United Pharmacy" }, "geometry": { "type": "Point", "coordinates": [ 122.0745248, 6.9078225 ] } },
{ "type": "Feature", "properties": { "amenity": "post_office", "name": "LBC" }, "geometry": { "type": "Point", "coordinates": [ 122.0777329, 6.9037309 ] } },
{ "type": "Feature", "properties": { "amenity": "fast_food", "name": null }, "geometry": { "type": "Point", "coordinates": [ 122.0751192, 6.9056132 ] } },
{ "type": "Feature", "properties": { "amenity": "restaurant", "name": "Grand Fiesta Restaurant" }, "geometry": { "type": "Point", "coordinates": [ 122.0879879, 6.9299163 ] } },
{ "type": "Feature", "properties": { "amenity": "atm", "name": null }, "geometry": { "type": "Point", "coordinates": [ 122.0881295, 6.9300217 ] } },
{ "type": "Feature", "properties": { "amenity": "car_wash", "name": null }, "geometry": { "type": "Point", "coordinates": [ 122.0929702, 6.9421991 ] } },
{ "type": "Feature", "properties": { "amenity": "pharmacy", "name": null }, "geometry": { "type": "Point", "coordinates": [ 122.092973, 6.9424347 ] } },
{ "type": "Feature", "properties": { "amenity": null, "name": null }, "geometry": { "type": "Point", "coordinates": [ 122.0953087, 6.9436298 ] } },
{ "type": "Feature", "properties": { "amenity": null, "name": "Lifestyle Pension House" }, "geometry": { "type": "Point", "coordinates": [ 122.101142, 6.9468943 ] } },
{ "type": "Feature", "properties": { "amenity": "pharmacy", "name": null }, "geometry": { "type": "Point", "coordinates": [ 122.1164496, 6.9471793 ] } },
{ "type": "Feature", "properties": { "amenity": "toilets", "name": null }, "geometry": { "type": "Point", "coordinates": [ 122.1264114, 6.9551188 ] } },
{ "type": "Feature", "properties": { "amenity": "police", "name": null }, "geometry": { "type": "Point", "coordinates": [ 122.1321008, 6.9617892 ] } },
{ "type": "Feature", "properties": { "amenity": null, "name": "Print & Paper Specialist" }, "geometry": { "type": "Point", "coordinates": [ 122.0790181, 6.9053212 ] } },
{ "type": "Feature", "properties": { "amenity": null, "name": "Auto Jack" }, "geometry": { "type": "Point", "coordinates": [ 122.0958136, 6.9434269 ] } },
{ "type": "Feature", "properties": { "amenity": "bank", "name": "Philippine Savings Bank" }, "geometry": { "type": "Point", "coordinates": [ 122.0775793, 6.9059493 ] } },
{ "type": "Feature", "properties": { "amenity": "atm", "name": null }, "geometry": { "type": "Point", "coordinates": [ 122.0775515, 6.9059615 ] } },
{ "type": "Feature", "properties": { "amenity": null, "name": "M Lhuillier" }, "geometry": { "type": "Point", "coordinates": [ 122.0775073, 6.905994 ] } },
{ "type": "Feature", "properties": { "amenity": "bank", "name": "BDO" }, "geometry": { "type": "Point", "coordinates": [ 122.0771248, 6.9044145 ] } },
{ "type": "Feature", "properties": { "amenity": "atm", "name": null }, "geometry": { "type": "Point", "coordinates": [ 122.0771691, 6.9043977 ] } },
{ "type": "Feature", "properties": { "amenity": null, "name": "Cityinn Hotel" }, "geometry": { "type": "Point", "coordinates": [ 122.0747087, 6.9104778 ] } },
{ "type": "Feature", "properties": { "amenity": "pharmacy", "name": "Cecile's Pharmacy and Convenience Store" }, "geometry": { "type": "Point", "coordinates": [ 122.0819074, 6.9233952 ] } },
{ "type": "Feature", "properties": { "amenity": "dentist", "name": "Dental Clinic" }, "geometry": { "type": "Point", "coordinates": [ 122.0792378, 6.9221519 ] } },
{ "type": "Feature", "properties": { "amenity": null, "name": "National Commercial" }, "geometry": { "type": "Point", "coordinates": [ 122.0777673, 6.912687 ] } },
{ "type": "Feature", "properties": { "amenity": "atm", "name": null }, "geometry": { "type": "Point", "coordinates": [ 122.0786762, 6.9279589 ] } },
{ "type": "Feature", "properties": { "amenity": "atm", "name": null }, "geometry": { "type": "Point", "coordinates": [ 122.0786768, 6.9279319 ] } },
{ "type": "Feature", "properties": { "amenity": null, "name": "Kikos's Topping & Bakeshop IV" }, "geometry": { "type": "Point", "coordinates": [ 122.0786621, 6.9284151 ] } },
{ "type": "Feature", "properties": { "amenity": null, "name": "Mobile Myx, Gadgets and Accessories Center" }, "geometry": { "type": "Point", "coordinates": [ 122.078449, 6.9280773 ] } },
{ "type": "Feature", "properties": { "amenity": null, "name": "Hermosa Travel and Tours" }, "geometry": { "type": "Point", "coordinates": [ 122.0783662, 6.9280499 ] } },
{ "type": "Feature", "properties": { "amenity": "fast_food", "name": "Komedor Filipino Cuisine" }, "geometry": { "type": "Point", "coordinates": [ 122.0783077, 6.9285054 ] } },
{ "type": "Feature", "properties": { "amenity": null, "name": null }, "geometry": { "type": "Point", "coordinates": [ 122.06734, 6.919855 ] } },
{ "type": "Feature", "properties": { "amenity": "pharmacy", "name": "United Pharmacy" }, "geometry": { "type": "Point", "coordinates": [ 122.0788294, 6.923193 ] } },
{ "type": "Feature", "properties": { "amenity": "restaurant", "name": "ATOA Restaurant" }, "geometry": { "type": "Point", "coordinates": [ 122.0788186, 6.9230483 ] } },
{ "type": "Feature", "properties": { "amenity": "pub", "name": "Pare Daan Muna Coctail Lounge & Disco Club" }, "geometry": { "type": "Point", "coordinates": [ 122.0790388, 6.9240048 ] } },
{ "type": "Feature", "properties": { "amenity": null, "name": "Oceanic Hardware" }, "geometry": { "type": "Point", "coordinates": [ 122.0816778, 6.9232854 ] } },
{ "type": "Feature", "properties": { "amenity": null, "name": "Virnell Farm Mountain Park" }, "geometry": { "type": "Point", "coordinates": [ 122.1593817, 7.0204943 ] } },
{ "type": "Feature", "properties": { "amenity": "fast_food", "name": "Elmaga Fast Food" }, "geometry": { "type": "Point", "coordinates": [ 122.0758388, 6.9073272 ] } },
{ "type": "Feature", "properties": { "amenity": "school", "name": "Arena Blanco National High School – Landang Gua Annex" }, "geometry": { "type": "Point", "coordinates": [ 122.256904, 6.9563859 ] } },
{ "type": "Feature", "properties": { "amenity": null, "name": "Red Cross Youth Hostel" }, "geometry": { "type": "Point", "coordinates": [ 122.078935, 6.9028156 ] } },
{ "type": "Feature", "properties": { "amenity": "pharmacy", "name": "Cecile's Pharmacy" }, "geometry": { "type": "Point", "coordinates": [ 122.0895019, 6.9161294 ] } },
{ "type": "Feature", "properties": { "amenity": "clinic", "name": "Divisoria Health Center" }, "geometry": { "type": "Point", "coordinates": [ 122.1009579, 6.9453279 ] } },
{ "type": "Feature", "properties": { "amenity": null, "name": "UniMakerSales" }, "geometry": { "type": "Point", "coordinates": [ 122.1002875, 6.9470838 ] } },
{ "type": "Feature", "properties": { "amenity": "pharmacy", "name": "Right Choice Pharmay" }, "geometry": { "type": "Point", "coordinates": [ 122.1005182, 6.9470519 ] } },
{ "type": "Feature", "properties": { "amenity": null, "name": "JD Store" }, "geometry": { "type": "Point", "coordinates": [ 122.100655, 6.9466818 ] } },
{ "type": "Feature", "properties": { "amenity": "fast_food", "name": "McDonald's" }, "geometry": { "type": "Point", "coordinates": [ 122.0764312, 6.9042645 ] } },
{ "type": "Feature", "properties": { "amenity": "doctors", "name": "MediSpa Clinic and Dermatology Services" }, "geometry": { "type": "Point", "coordinates": [ 122.0787369, 6.9231739 ] } },
{ "type": "Feature", "properties": { "amenity": "bar", "name": "FHM Garden Grill and Inn" }, "geometry": { "type": "Point", "coordinates": [ 122.0828922, 6.9327128 ] } },
{ "type": "Feature", "properties": { "amenity": null, "name": "Casa Pension Bed and Dine" }, "geometry": { "type": "Point", "coordinates": [ 122.0877136, 6.9227327 ] } },
{ "type": "Feature", "properties": { "amenity": null, "name": "La Casa Maria Hotel" }, "geometry": { "type": "Point", "coordinates": [ 122.0716357, 6.926203 ] } },
{ "type": "Feature", "properties": { "amenity": "place_of_worship", "name": "C3 Praise Zamboanga - ZCOPI" }, "geometry": { "type": "Point", "coordinates": [ 122.0756628, 6.908118 ] } },
{ "type": "Feature", "properties": { "amenity": null, "name": "Zalo's Boutique Hotel" }, "geometry": { "type": "Point", "coordinates": [ 122.0717024, 6.9206882 ] } },
{ "type": "Feature", "properties": { "amenity": "fast_food", "name": "Jollibee" }, "geometry": { "type": "Point", "coordinates": [ 122.0773356, 6.9063212 ] } },
{ "type": "Feature", "properties": { "amenity": null, "name": "Winzelle Suites" }, "geometry": { "type": "Point", "coordinates": [ 122.0767455, 6.9067499 ] } },
{ "type": "Feature", "properties": { "amenity": "cafe", "name": null }, "geometry": { "type": "Point", "coordinates": [ 122.0772317, 6.9033707 ] } },
{ "type": "Feature", "properties": { "amenity": "police", "name": "Tetuan Police Station" }, "geometry": { "type": "Point", "coordinates": [ 122.0908739, 6.917514 ] } },
{ "type": "Feature", "properties": { "amenity": "car_wash", "name": null }, "geometry": { "type": "Point", "coordinates": [ 122.0899418, 6.9294583 ] } },
{ "type": "Feature", "properties": { "amenity": "pharmacy", "name": "Cecile's Pharmacy and Convenience Store" }, "geometry": { "type": "Point", "coordinates": [ 122.0791141, 6.9227019 ] } },
{ "type": "Feature", "properties": { "amenity": "pharmacy", "name": "Botica Ng Bayan" }, "geometry": { "type": "Point", "coordinates": [ 122.0788861, 6.9236778 ] } },
{ "type": "Feature", "properties": { "amenity": "pharmacy", "name": "Oro Wonder Drug" }, "geometry": { "type": "Point", "coordinates": [ 122.0926566, 6.9396938 ] } },
{ "type": "Feature", "properties": { "amenity": "pharmacy", "name": "Joan's Pharmacy" }, "geometry": { "type": "Point", "coordinates": [ 122.0926006, 6.9402501 ] } },
{ "type": "Feature", "properties": { "amenity": null, "name": "Grandmega Supermarket" }, "geometry": { "type": "Point", "coordinates": [ 122.0917833, 6.9352504 ] } },
{ "type": "Feature", "properties": { "amenity": null, "name": "Oro Megaworld Pawnshop and Jewelry" }, "geometry": { "type": "Point", "coordinates": [ 122.0923601, 6.9350441 ] } },
{ "type": "Feature", "properties": { "amenity": null, "name": "JBC Shoppers Plaza-Zamboanga City Branch" }, "geometry": { "type": "Point", "coordinates": [ 122.0924208, 6.9352759 ] } },
{ "type": "Feature", "properties": { "amenity": "money_transfer", "name": "LBC Express, Incorporated" }, "geometry": { "type": "Point", "coordinates": [ 122.0924255, 6.9353686 ] } },
{ "type": "Feature", "properties": { "amenity": null, "name": "Cellsite Mobile Center" }, "geometry": { "type": "Point", "coordinates": [ 122.0922352, 6.9352937 ] } },
{ "type": "Feature", "properties": { "amenity": null, "name": "Yogaworks" }, "geometry": { "type": "Point", "coordinates": [ 122.088095, 6.9299272 ] } },
{ "type": "Feature", "properties": { "amenity": "pharmacy", "name": "Oro Wonder Drug" }, "geometry": { "type": "Point", "coordinates": [ 122.0768445, 6.906475 ] } },
{ "type": "Feature", "properties": { "amenity": null, "name": "Feliz Hotel" }, "geometry": { "type": "Point", "coordinates": [ 122.0923537, 6.9346555 ] } },
{ "type": "Feature", "properties": { "amenity": null, "name": "Uni City" }, "geometry": { "type": "Point", "coordinates": [ 122.0762833, 6.9068491 ] } },
{ "type": "Feature", "properties": { "amenity": null, "name": "SKK Mobile Center" }, "geometry": { "type": "Point", "coordinates": [ 122.0761843, 6.9070451 ] } },
{ "type": "Feature", "properties": { "amenity": null, "name": "3G Telecom Plaza" }, "geometry": { "type": "Point", "coordinates": [ 122.0762089, 6.9069878 ] } },
{ "type": "Feature", "properties": { "amenity": null, "name": "Cebuana Lhuillier" }, "geometry": { "type": "Point", "coordinates": [ 122.0762397, 6.904792 ] } },
{ "type": "Feature", "properties": { "amenity": null, "name": "M Lhuillier" }, "geometry": { "type": "Point", "coordinates": [ 122.0762112, 6.9047415 ] } },
{ "type": "Feature", "properties": { "amenity": null, "name": "Ciuded de Zamboanga Pawnshop" }, "geometry": { "type": "Point", "coordinates": [ 122.076136, 6.9045882 ] } },
{ "type": "Feature", "properties": { "amenity": "restaurant", "name": "Kapé Zambo" }, "geometry": { "type": "Point", "coordinates": [ 122.0817705, 6.8996516 ] } },
{ "type": "Feature", "properties": { "amenity": "bureau_de_change", "name": null }, "geometry": { "type": "Point", "coordinates": [ 122.092658, 6.94263 ] } },
{ "type": "Feature", "properties": { "amenity": "money_transfer", "name": "MLhuiller" }, "geometry": { "type": "Point", "coordinates": [ 122.0929809, 6.9423854 ] } },
{ "type": "Feature", "properties": { "amenity": "bank", "name": "1st Valley Bank" }, "geometry": { "type": "Point", "coordinates": [ 122.0909871, 6.9317615 ] } },
{ "type": "Feature", "properties": { "amenity": "pharmacy", "name": "Mike Pharmacy and Grocery" }, "geometry": { "type": "Point", "coordinates": [ 122.1363745, 6.9625839 ] } },
{ "type": "Feature", "properties": { "amenity": "restaurant", "name": "Papito's Restaurant" }, "geometry": { "type": "Point", "coordinates": [ 122.0828573, 6.9432074 ] } },
{ "type": "Feature", "properties": { "amenity": null, "name": "Cebuana Lhuillier" }, "geometry": { "type": "Point", "coordinates": [ 122.076379, 6.9064262 ] } },
{ "type": "Feature", "properties": { "amenity": "pharmacy", "name": "ABC Pharmacy" }, "geometry": { "type": "Point", "coordinates": [ 122.0757539, 6.9065818 ] } },
{ "type": "Feature", "properties": { "amenity": "pharmacy", "name": "TGP" }, "geometry": { "type": "Point", "coordinates": [ 122.0753659, 6.9064774 ] } },
{ "type": "Feature", "properties": { "amenity": "money_transfer", "name": "Western Union" }, "geometry": { "type": "Point", "coordinates": [ 122.0754695, 6.9065147 ] } },
{ "type": "Feature", "properties": { "amenity": null, "name": "Platinum 21 Pension House" }, "geometry": { "type": "Point", "coordinates": [ 122.0760396, 6.9064318 ] } },
{ "type": "Feature", "properties": { "amenity": null, "name": "Mang Tinapay" }, "geometry": { "type": "Point", "coordinates": [ 122.0925972, 6.9419321 ] } },
{ "type": "Feature", "properties": { "amenity": null, "name": "Sun Gate Pawnshop" }, "geometry": { "type": "Point", "coordinates": [ 122.0903123, 6.9313902 ] } },
{ "type": "Feature", "properties": { "amenity": "fast_food", "name": "Dexter's Pizza" }, "geometry": { "type": "Point", "coordinates": [ 122.086757, 6.9292259 ] } },
{ "type": "Feature", "properties": { "amenity": "car_wash", "name": null }, "geometry": { "type": "Point", "coordinates": [ 122.0865912, 6.9296061 ] } },
{ "type": "Feature", "properties": { "amenity": null, "name": "Sasa" }, "geometry": { "type": "Point", "coordinates": [ 122.0744983, 6.907912 ] } },
{ "type": "Feature", "properties": { "amenity": "fuel", "name": "Petron" }, "geometry": { "type": "Point", "coordinates": [ 122.2282515, 7.2063634 ] } },
{ "type": "Feature", "properties": { "amenity": null, "name": "Gonzales Boarding House" }, "geometry": { "type": "Point", "coordinates": [ 122.0855556, 6.9291164 ] } },
{ "type": "Feature", "properties": { "amenity": null, "name": "Stamina Body Massage" }, "geometry": { "type": "Point", "coordinates": [ 122.0796373, 6.9050417 ] } },
{ "type": "Feature", "properties": { "amenity": "car_wash", "name": "Krystal Carwash" }, "geometry": { "type": "Point", "coordinates": [ 122.0796087, 6.9049689 ] } },
{ "type": "Feature", "properties": { "amenity": "fast_food", "name": "Audy's Carenderia" }, "geometry": { "type": "Point", "coordinates": [ 122.0796904, 6.9052924 ] } },
{ "type": "Feature", "properties": { "amenity": "bar", "name": "Tapa Bar" }, "geometry": { "type": "Point", "coordinates": [ 122.0716955, 6.954356 ] } },
{ "type": "Feature", "properties": { "amenity": null, "name": "Mercedez Recreational Cockpit Inc." }, "geometry": { "type": "Point", "coordinates": [ 122.1371293, 6.9628343 ] } },
{ "type": "Feature", "properties": { "amenity": "atm", "name": null }, "geometry": { "type": "Point", "coordinates": [ 122.1755332, 7.0347028 ] } },
{ "type": "Feature", "properties": { "amenity": "place_of_worship", "name": "Miracle Life Fellowship International" }, "geometry": { "type": "Point", "coordinates": [ 122.0790807, 6.9163829 ] } },
{ "type": "Feature", "properties": { "amenity": null, "name": "CWorks Photography" }, "geometry": { "type": "Point", "coordinates": [ 122.0841441, 6.9208084 ] } },
{ "type": "Feature", "properties": { "amenity": "police", "name": "Police Station 5" }, "geometry": { "type": "Point", "coordinates": [ 122.0993399, 6.9439231 ] } },
{ "type": "Feature", "properties": { "amenity": "police", "name": "Community Police Assistance Center" }, "geometry": { "type": "Point", "coordinates": [ 122.0722936, 6.9527036 ] } },
{ "type": "Feature", "properties": { "amenity": null, "name": null }, "geometry": { "type": "Point", "coordinates": [ 122.1076477, 6.9482628 ] } },
{ "type": "Feature", "properties": { "amenity": null, "name": "kdl hardware" }, "geometry": { "type": "Point", "coordinates": [ 122.1063262, 6.9482056 ] } },
{ "type": "Feature", "properties": { "amenity": "townhall", "name": "Zone I Barangay Hall" }, "geometry": { "type": "Point", "coordinates": [ 122.071607, 6.9059919 ] } },
{ "type": "Feature", "properties": { "amenity": null, "name": "Eagle" }, "geometry": { "type": "Point", "coordinates": [ 122.0564733, 6.9383276 ] } },
{ "type": "Feature", "properties": { "amenity": "school", "name": "Caldwell Adventist Academy" }, "geometry": { "type": "Point", "coordinates": [ 122.0690378, 6.9071245 ] } },
{ "type": "Feature", "properties": { "amenity": "restaurant", "name": "Tita Caling's" }, "geometry": { "type": "Point", "coordinates": [ 122.0200742, 6.9237598 ] } },
{ "type": "Feature", "properties": { "amenity": "library", "name": "Ebenezer Library" }, "geometry": { "type": "Point", "coordinates": [ 122.0238909, 6.9234729 ] } },
{ "type": "Feature", "properties": { "amenity": null, "name": "Ebenezer Beach Cottages and Amphitheater" }, "geometry": { "type": "Point", "coordinates": [ 122.0231124, 6.9219142 ] } },
{ "type": "Feature", "properties": { "amenity": "school", "name": "Ebenezer School - Highschool and Elementary" }, "geometry": { "type": "Point", "coordinates": [ 122.0235849, 6.9232678 ] } },
{ "type": "Feature", "properties": { "amenity": "water_point", "name": "Ebenezer Lake" }, "geometry": { "type": "Point", "coordinates": [ 122.0256568, 6.9232848 ] } },
{ "type": "Feature", "properties": { "amenity": "place_of_worship", "name": "Ebenezer Community Alliance Church" }, "geometry": { "type": "Point", "coordinates": [ 122.0241414, 6.9227652 ] } },
{ "type": "Feature", "properties": { "amenity": null, "name": "Zamboanga Beach" }, "geometry": { "type": "Point", "coordinates": [ 122.0136748, 6.9274768 ] } },
{ "type": "Feature", "properties": { "amenity": "fuel", "name": "Powergas" }, "geometry": { "type": "Point", "coordinates": [ 122.0146453, 6.9268878 ] } },
{ "type": "Feature", "properties": { "amenity": null, "name": "M'lhuillier" }, "geometry": { "type": "Point", "coordinates": [ 122.0062887, 6.9309111 ] } },
{ "type": "Feature", "properties": { "amenity": "pharmacy", "name": "Cecille's" }, "geometry": { "type": "Point", "coordinates": [ 122.0031824, 6.9335241 ] } },
{ "type": "Feature", "properties": { "amenity": null, "name": "Citi Hardware" }, "geometry": { "type": "Point", "coordinates": [ 122.0080701, 6.9305479 ] } },
{ "type": "Feature", "properties": { "amenity": "toilets", "name": null }, "geometry": { "type": "Point", "coordinates": [ 122.0194348, 6.9248161 ] } },
{ "type": "Feature", "properties": { "amenity": null, "name": "Yakan Weaving and Display Center" }, "geometry": { "type": "Point", "coordinates": [ 122.022197, 6.9249101 ] } },
{ "type": "Feature", "properties": { "amenity": null, "name": "Mods place" }, "geometry": { "type": "Point", "coordinates": [ 122.0392966, 6.9223264 ] } },
{ "type": "Feature", "properties": { "amenity": null, "name": "Upper Calarian Marketplace" }, "geometry": { "type": "Point", "coordinates": [ 122.0381324, 6.9210892 ] } },
{ "type": "Feature", "properties": { "amenity": "security_booth", "name": null }, "geometry": { "type": "Point", "coordinates": [ 122.0528068, 6.9154713 ] } },
{ "type": "Feature", "properties": { "amenity": "pharmacy", "name": "Mercury Drug" }, "geometry": { "type": "Point", "coordinates": [ 122.0475499, 6.9202749 ] } },
{ "type": "Feature", "properties": { "amenity": "place_of_worship", "name": "United Pentecostal Church" }, "geometry": { "type": "Point", "coordinates": [ 122.0445795, 6.9199611 ] } },
{ "type": "Feature", "properties": { "amenity": "pharmacy", "name": "Cecille pharmacy" }, "geometry": { "type": "Point", "coordinates": [ 122.0476567, 6.92063 ] } },
{ "type": "Feature", "properties": { "amenity": "post_office", "name": "LBC" }, "geometry": { "type": "Point", "coordinates": [ 122.0462781, 6.920807 ] } },
{ "type": "Feature", "properties": { "amenity": null, "name": "Built Rite" }, "geometry": { "type": "Point", "coordinates": [ 122.0463622, 6.9208138 ] } },
{ "type": "Feature", "properties": { "amenity": null, "name": "Budgetwise" }, "geometry": { "type": "Point", "coordinates": [ 122.0457514, 6.9204977 ] } },
{ "type": "Feature", "properties": { "amenity": null, "name": "AA" }, "geometry": { "type": "Point", "coordinates": [ 122.0446428, 6.9196912 ] } },
{ "type": "Feature", "properties": { "amenity": null, "name": "Bong-bong Store" }, "geometry": { "type": "Point", "coordinates": [ 122.0447786, 6.9202203 ] } },
{ "type": "Feature", "properties": { "amenity": "community_centre", "name": "WestMinCom Gym" }, "geometry": { "type": "Point", "coordinates": [ 122.0422253, 6.9200803 ] } },
{ "type": "Feature", "properties": { "amenity": null, "name": "Masaje Body and Foot Massage" }, "geometry": { "type": "Point", "coordinates": [ 122.0467882, 6.9204624 ] } },
{ "type": "Feature", "properties": { "amenity": "fast_food", "name": "Jollibee" }, "geometry": { "type": "Point", "coordinates": [ 122.0479211, 6.9206183 ] } },
{ "type": "Feature", "properties": { "amenity": "pharmacy", "name": "Joan pharmacy" }, "geometry": { "type": "Point", "coordinates": [ 122.0482414, 6.9202312 ] } },
{ "type": "Feature", "properties": { "amenity": "fast_food", "name": "McDonald" }, "geometry": { "type": "Point", "coordinates": [ 122.0478917, 6.9203373 ] } },
{ "type": "Feature", "properties": { "amenity": null, "name": "Yubenco" }, "geometry": { "type": "Point", "coordinates": [ 122.0479092, 6.9209438 ] } },
{ "type": "Feature", "properties": { "amenity": null, "name": "Digitech Computer Repair" }, "geometry": { "type": "Point", "coordinates": [ 122.0499673, 6.9177002 ] } },
{ "type": "Feature", "properties": { "amenity": "fuel", "name": "Phoenix Pulse" }, "geometry": { "type": "Point", "coordinates": [ 122.0495348, 6.9204402 ] } },
{ "type": "Feature", "properties": { "amenity": null, "name": "5" }, "geometry": { "type": "Point", "coordinates": [ 122.0413731, 6.9298691 ] } },
{ "type": "Feature", "properties": { "amenity": null, "name": "8" }, "geometry": { "type": "Point", "coordinates": [ 122.0412961, 6.9298491 ] } },
{ "type": "Feature", "properties": { "amenity": null, "name": "8" }, "geometry": { "type": "Point", "coordinates": [ 122.0412816, 6.9298578 ] } },
{ "type": "Feature", "properties": { "amenity": null, "name": "10" }, "geometry": { "type": "Point", "coordinates": [ 122.041224, 6.9298665 ] } },
{ "type": "Feature", "properties": { "amenity": null, "name": "1" }, "geometry": { "type": "Point", "coordinates": [ 122.0414313, 6.9298941 ] } },
{ "type": "Feature", "properties": { "amenity": null, "name": "2" }, "geometry": { "type": "Point", "coordinates": [ 122.0413957, 6.9298627 ] } },
{ "type": "Feature", "properties": { "amenity": null, "name": "3" }, "geometry": { "type": "Point", "coordinates": [ 122.0414435, 6.9298548 ] } },
{ "type": "Feature", "properties": { "amenity": null, "name": "4" }, "geometry": { "type": "Point", "coordinates": [ 122.0414562, 6.9298874 ] } },
{ "type": "Feature", "properties": { "amenity": null, "name": "6" }, "geometry": { "type": "Point", "coordinates": [ 122.0413434, 6.9298625 ] } },
{ "type": "Feature", "properties": { "amenity": null, "name": "9" }, "geometry": { "type": "Point", "coordinates": [ 122.0412505, 6.9298642 ] } },
{ "type": "Feature", "properties": { "amenity": null, "name": "4" }, "geometry": { "type": "Point", "coordinates": [ 122.0414096, 6.9298962 ] } },
{ "type": "Feature", "properties": { "amenity": null, "name": "7" }, "geometry": { "type": "Point", "coordinates": [ 122.041319, 6.9298518 ] } },
{ "type": "Feature", "properties": { "amenity": null, "name": "1" }, "geometry": { "type": "Point", "coordinates": [ 122.0414226, 6.9298873 ] } },
{ "type": "Feature", "properties": { "amenity": null, "name": "1" }, "geometry": { "type": "Point", "coordinates": [ 122.0414001, 6.9298838 ] } },
{ "type": "Feature", "properties": { "amenity": null, "name": "2" }, "geometry": { "type": "Point", "coordinates": [ 122.0414071, 6.9298742 ] } },
{ "type": "Feature", "properties": { "amenity": null, "name": "B Mart" }, "geometry": { "type": "Point", "coordinates": [ 122.0418611, 6.935802 ] } },
{ "type": "Feature", "properties": { "amenity": null, "name": "B Mark" }, "geometry": { "type": "Point", "coordinates": [ 122.0418449, 6.9358336 ] } },
{ "type": "Feature", "properties": { "amenity": null, "name": "Yuscom Warehouse" }, "geometry": { "type": "Point", "coordinates": [ 122.041558, 6.9359766 ] } },
{ "type": "Feature", "properties": { "amenity": "place_of_worship", "name": "7 Adventist church" }, "geometry": { "type": "Point", "coordinates": [ 122.0416925, 6.9332623 ] } },
{ "type": "Feature", "properties": { "amenity": "fast_food", "name": "Gabmar canteen" }, "geometry": { "type": "Point", "coordinates": [ 121.9349557, 6.9756426 ] } },
{ "type": "Feature", "properties": { "amenity": "pharmacy", "name": null }, "geometry": { "type": "Point", "coordinates": [ 121.9475362, 6.9672022 ] } },
{ "type": "Feature", "properties": { "amenity": "place_of_worship", "name": null }, "geometry": { "type": "Point", "coordinates": [ 121.948691, 6.9636841 ] } },
{ "type": "Feature", "properties": { "amenity": "fast_food", "name": "Jollibee" }, "geometry": { "type": "Point", "coordinates": [ 121.9480686, 6.9642914 ] } },
{ "type": "Feature", "properties": { "amenity": "restaurant", "name": "Patrick" }, "geometry": { "type": "Point", "coordinates": [ 121.9420927, 6.9743832 ] } },
{ "type": "Feature", "properties": { "amenity": "fuel", "name": "Minsu Oil Incorprated Fuel Depot" }, "geometry": { "type": "Point", "coordinates": [ 121.937073, 6.9701277 ] } },
{ "type": "Feature", "properties": { "amenity": "fuel", "name": "Seaoil" }, "geometry": { "type": "Point", "coordinates": [ 121.9461407, 6.9699318 ] } },
{ "type": "Feature", "properties": { "amenity": "fuel", "name": "Petro Gazz" }, "geometry": { "type": "Point", "coordinates": [ 121.9444015, 6.9722283 ] } },
{ "type": "Feature", "properties": { "amenity": null, "name": null }, "geometry": { "type": "Point", "coordinates": [ 121.9288619, 6.9822803 ] } },
{ "type": "Feature", "properties": { "amenity": null, "name": "Macrohon's Apartment" }, "geometry": { "type": "Point", "coordinates": [ 121.9289142, 6.9885129 ] } },
{ "type": "Feature", "properties": { "amenity": "place_of_worship", "name": "Talisayan Parish Church" }, "geometry": { "type": "Point", "coordinates": [ 121.9307126, 6.98486 ] } },
{ "type": "Feature", "properties": { "amenity": null, "name": null }, "geometry": { "type": "Point", "coordinates": [ 121.9275717, 7.0039936 ] } },
{ "type": "Feature", "properties": { "amenity": null, "name": "RSTU9-Zambo Ecozone" }, "geometry": { "type": "Point", "coordinates": [ 121.9391757, 7.0115416 ] } },
{ "type": "Feature", "properties": { "amenity": null, "name": "Red Ribbon" }, "geometry": { "type": "Point", "coordinates": [ 121.9535783, 6.9561961 ] } },
{ "type": "Feature", "properties": { "amenity": null, "name": "Mang Tinapay" }, "geometry": { "type": "Point", "coordinates": [ 121.9537639, 6.9561318 ] } },
{ "type": "Feature", "properties": { "amenity": null, "name": "Budgetwise" }, "geometry": { "type": "Point", "coordinates": [ 121.9502855, 6.9591087 ] } },
{ "type": "Feature", "properties": { "amenity": "fuel", "name": "Mega Gasoline Station" }, "geometry": { "type": "Point", "coordinates": [ 121.9717085, 6.9552534 ] } },
{ "type": "Feature", "properties": { "amenity": null, "name": "Cawit" }, "geometry": { "type": "Point", "coordinates": [ 121.973696, 6.9567624 ] } },
{ "type": "Feature", "properties": { "amenity": "fuel", "name": "Caltex" }, "geometry": { "type": "Point", "coordinates": [ 121.9834285, 6.9474479 ] } },
{ "type": "Feature", "properties": { "amenity": "fuel", "name": "Seaoil" }, "geometry": { "type": "Point", "coordinates": [ 121.9775838, 6.952442 ] } },
{ "type": "Feature", "properties": { "amenity": "restaurant", "name": "Skyview Restaurant and Resort" }, "geometry": { "type": "Point", "coordinates": [ 122.033772, 6.9391214 ] } },
{ "type": "Feature", "properties": { "amenity": "place_of_worship", "name": "San Roque Parish Church" }, "geometry": { "type": "Point", "coordinates": [ 122.0440062, 6.93915 ] } },
{ "type": "Feature", "properties": { "amenity": null, "name": null }, "geometry": { "type": "Point", "coordinates": [ 121.9083785, 7.0553222 ] } },
{ "type": "Feature", "properties": { "amenity": "fast_food", "name": "Mariz Pata House and BBQ Zone" }, "geometry": { "type": "Point", "coordinates": [ 121.9023553, 7.0822474 ] } },
{ "type": "Feature", "properties": { "amenity": null, "name": null }, "geometry": { "type": "Point", "coordinates": [ 121.9051785, 7.1319867 ] } },
{ "type": "Feature", "properties": { "amenity": null, "name": null }, "geometry": { "type": "Point", "coordinates": [ 122.0676152, 6.8676274 ] } },
{ "type": "Feature", "properties": { "amenity": null, "name": null }, "geometry": { "type": "Point", "coordinates": [ 122.0590978, 6.871944 ] } },
{ "type": "Feature", "properties": { "amenity": null, "name": "Scouts in Motion" }, "geometry": { "type": "Point", "coordinates": [ 122.0672316, 6.9078612 ] } },
{ "type": "Feature", "properties": { "amenity": "atm", "name": "Development Bank of the Philippines" }, "geometry": { "type": "Point", "coordinates": [ 122.0760878, 6.9039151 ] } },
{ "type": "Feature", "properties": { "amenity": "atm", "name": "Land Bank of the Philippines" }, "geometry": { "type": "Point", "coordinates": [ 122.0765187, 6.9039178 ] } },
{ "type": "Feature", "properties": { "amenity": "fast_food", "name": "Palmeras isaw area" }, "geometry": { "type": "Point", "coordinates": [ 122.0804096, 6.9000256 ] } },
{ "type": "Feature", "properties": { "amenity": "payment_terminal", "name": null }, "geometry": { "type": "Point", "coordinates": [ 122.0762996, 6.9030429 ] } },
{ "type": "Feature", "properties": { "amenity": "ferry_terminal", "name": null }, "geometry": { "type": "Point", "coordinates": [ 122.0777313, 6.9016842 ] } },
{ "type": "Feature", "properties": { "amenity": "ferry_terminal", "name": null }, "geometry": { "type": "Point", "coordinates": [ 122.0776214, 6.9014904 ] } },
{ "type": "Feature", "properties": { "amenity": null, "name": "BPI Museum Zamboanga" }, "geometry": { "type": "Point", "coordinates": [ 122.0770757, 6.9036358 ] } },
{ "type": "Feature", "properties": { "amenity": "cafe", "name": "Dwntwn Café" }, "geometry": { "type": "Point", "coordinates": [ 122.0785779, 6.9027396 ] } },
{ "type": "Feature", "properties": { "amenity": "cafe", "name": "IyaCoffee" }, "geometry": { "type": "Point", "coordinates": [ 122.0791144, 6.9023448 ] } },
{ "type": "Feature", "properties": { "amenity": "clinic", "name": "J.A.R Medical Networkers & Mobile Diagnostic Services" }, "geometry": { "type": "Point", "coordinates": [ 122.0781852, 6.9029781 ] } },
{ "type": "Feature", "properties": { "amenity": null, "name": "Tyra Reese Lovely Jewelry Shop" }, "geometry": { "type": "Point", "coordinates": [ 122.0784838, 6.9027969 ] } },
{ "type": "Feature", "properties": { "amenity": null, "name": "Boulevard Hotel" }, "geometry": { "type": "Point", "coordinates": [ 122.07139, 6.9089704 ] } },
{ "type": "Feature", "properties": { "amenity": null, "name": "Super Motor Center" }, "geometry": { "type": "Point", "coordinates": [ 122.0735299, 6.9074233 ] } },
{ "type": "Feature", "properties": { "amenity": null, "name": "Zamboanga Specialized Bolt Center" }, "geometry": { "type": "Point", "coordinates": [ 122.0709722, 6.9048707 ] } },
{ "type": "Feature", "properties": { "amenity": null, "name": "168 Uni Shop" }, "geometry": { "type": "Point", "coordinates": [ 122.0722521, 6.9060084 ] } },
{ "type": "Feature", "properties": { "amenity": null, "name": "SG Bike Stop" }, "geometry": { "type": "Point", "coordinates": [ 122.0794139, 6.9100402 ] } },
{ "type": "Feature", "properties": { "amenity": "post_office", "name": "Paramount" }, "geometry": { "type": "Point", "coordinates": [ 122.0761417, 6.9066316 ] } },
{ "type": "Feature", "properties": { "amenity": null, "name": "Oro supermarket" }, "geometry": { "type": "Point", "coordinates": [ 122.0741365, 6.9050595 ] } },
{ "type": "Feature", "properties": { "amenity": "police", "name": "Mercedez sakayan ng jeep" }, "geometry": { "type": "Point", "coordinates": [ 122.0771982, 6.9054127 ] } },
{ "type": "Feature", "properties": { "amenity": "dentist", "name": "Maria Melanie Lim Chua, D.M.D" }, "geometry": { "type": "Point", "coordinates": [ 122.0747228, 6.9061058 ] } },
{ "type": "Feature", "properties": { "amenity": null, "name": "Gun store" }, "geometry": { "type": "Point", "coordinates": [ 122.0776423, 6.9084894 ] } },
{ "type": "Feature", "properties": { "amenity": "fast_food", "name": "Chowking" }, "geometry": { "type": "Point", "coordinates": [ 122.0762718, 6.9048605 ] } },
{ "type": "Feature", "properties": { "amenity": "fast_food", "name": "Sunflower Food Center" }, "geometry": { "type": "Point", "coordinates": [ 122.0760055, 6.905029 ] } },
{ "type": "Feature", "properties": { "amenity": "pharmacy", "name": "Mercury Drug" }, "geometry": { "type": "Point", "coordinates": [ 122.0754779, 6.9086054 ] } },
{ "type": "Feature", "properties": { "amenity": null, "name": "Master Bakers" }, "geometry": { "type": "Point", "coordinates": [ 122.0747039, 6.9056113 ] } },
{ "type": "Feature", "properties": { "amenity": "fast_food", "name": "Mongkok City" }, "geometry": { "type": "Point", "coordinates": [ 122.0762814, 6.9066701 ] } },
{ "type": "Feature", "properties": { "amenity": null, "name": "Mang Tinapay" }, "geometry": { "type": "Point", "coordinates": [ 122.077042, 6.9058398 ] } },
{ "type": "Feature", "properties": { "amenity": "restaurant", "name": "Bojol Grill" }, "geometry": { "type": "Point", "coordinates": [ 122.0763057, 6.9066658 ] } },
{ "type": "Feature", "properties": { "amenity": "cafe", "name": "Villagio Cafe" }, "geometry": { "type": "Point", "coordinates": [ 122.0762909, 6.9066352 ] } },
{ "type": "Feature", "properties": { "amenity": "restaurant", "name": "Food Paradise" }, "geometry": { "type": "Point", "coordinates": [ 122.0760384, 6.9070365 ] } },
{ "type": "Feature", "properties": { "amenity": "fast_food", "name": "Jun's Satti at Eat's a Treat" }, "geometry": { "type": "Point", "coordinates": [ 122.0774813, 6.9061373 ] } },
{ "type": "Feature", "properties": { "amenity": null, "name": "Red Ribbon" }, "geometry": { "type": "Point", "coordinates": [ 122.0762124, 6.9049253 ] } },
{ "type": "Feature", "properties": { "amenity": "fast_food", "name": "Jepoy's" }, "geometry": { "type": "Point", "coordinates": [ 122.0761925, 6.9055596 ] } },
{ "type": "Feature", "properties": { "amenity": null, "name": "D'Master Bakery" }, "geometry": { "type": "Point", "coordinates": [ 122.0748208, 6.9062443 ] } },
{ "type": "Feature", "properties": { "amenity": null, "name": "Winzelle Suites" }, "geometry": { "type": "Point", "coordinates": [ 122.0775804, 6.906505 ] } },
{ "type": "Feature", "properties": { "amenity": null, "name": "Gutz computer centre" }, "geometry": { "type": "Point", "coordinates": [ 122.0779757, 6.9051008 ] } },
{ "type": "Feature", "properties": { "amenity": "bus_station", "name": "Sta.Maria Terminal" }, "geometry": { "type": "Point", "coordinates": [ 122.0753954, 6.9070711 ] } },
{ "type": "Feature", "properties": { "amenity": "bus_station", "name": "Sta.Maria and Pasonanca Terminal" }, "geometry": { "type": "Point", "coordinates": [ 122.0753602, 6.9070949 ] } },
{ "type": "Feature", "properties": { "amenity": "doctors", "name": "Dr. Lucio Wee Pediatrics" }, "geometry": { "type": "Point", "coordinates": [ 122.0753285, 6.9074983 ] } },
{ "type": "Feature", "properties": { "amenity": "restaurant", "name": "Flavorite" }, "geometry": { "type": "Point", "coordinates": [ 122.0773334, 6.9106514 ] } },
{ "type": "Feature", "properties": { "amenity": "internet_cafe", "name": "Gutz Computer center" }, "geometry": { "type": "Point", "coordinates": [ 122.0782325, 6.9052085 ] } },
{ "type": "Feature", "properties": { "amenity": null, "name": "Lenin" }, "geometry": { "type": "Point", "coordinates": [ 122.074589, 6.9062392 ] } },
{ "type": "Feature", "properties": { "amenity": null, "name": "New Power Radio Supply & Services" }, "geometry": { "type": "Point", "coordinates": [ 122.0786671, 6.9095222 ] } },
{ "type": "Feature", "properties": { "amenity": "motorcycle_parking", "name": null }, "geometry": { "type": "Point", "coordinates": [ 122.0769372, 6.907011 ] } },
{ "type": "Feature", "properties": { "amenity": "fast_food", "name": "Jimmy’s Satti Haus" }, "geometry": { "type": "Point", "coordinates": [ 122.0790344, 6.9054798 ] } },
{ "type": "Feature", "properties": { "amenity": null, "name": "Top-Taste Bakeshop" }, "geometry": { "type": "Point", "coordinates": [ 122.074735, 6.9055775 ] } },
{ "type": "Feature", "properties": { "amenity": null, "name": "Threefold Cord" }, "geometry": { "type": "Point", "coordinates": [ 122.0778399, 6.904938 ] } },
{ "type": "Feature", "properties": { "amenity": null, "name": "Krystal Oil Body Massage" }, "geometry": { "type": "Point", "coordinates": [ 122.0797527, 6.9052378 ] } },
{ "type": "Feature", "properties": { "amenity": "doctors", "name": null }, "geometry": { "type": "Point", "coordinates": [ 122.0804166, 6.9065803 ] } },
{ "type": "Feature", "properties": { "amenity": null, "name": "Mindpro Supermarket" }, "geometry": { "type": "Point", "coordinates": [ 122.0762569, 6.9078441 ] } },
{ "type": "Feature", "properties": { "amenity": "fast_food", "name": "Chowking" }, "geometry": { "type": "Point", "coordinates": [ 122.0758638, 6.9079445 ] } },
{ "type": "Feature", "properties": { "amenity": "bank", "name": "BDO" }, "geometry": { "type": "Point", "coordinates": [ 122.0764285, 6.9081974 ] } },
{ "type": "Feature", "properties": { "amenity": null, "name": "Uniqlo" }, "geometry": { "type": "Point", "coordinates": [ 122.0757988, 6.9081026 ] } },
{ "type": "Feature", "properties": { "amenity": "bank", "name": "Metrobank" }, "geometry": { "type": "Point", "coordinates": [ 122.0754197, 6.9092353 ] } },
{ "type": "Feature", "properties": { "amenity": "restaurant", "name": "Lanz Pizza" }, "geometry": { "type": "Point", "coordinates": [ 122.0754518, 6.9091485 ] } },
{ "type": "Feature", "properties": { "amenity": null, "name": "Ignacio de Loyola Statue" }, "geometry": { "type": "Point", "coordinates": [ 122.0754992, 6.9098939 ] } },
{ "type": "Feature", "properties": { "amenity": null, "name": "Brebeuf Gym Memorial" }, "geometry": { "type": "Point", "coordinates": [ 122.0758182, 6.909926 ] } },
{ "type": "Feature", "properties": { "amenity": null, "name": "Sacred Heart of Jesus Fountain" }, "geometry": { "type": "Point", "coordinates": [ 122.0754874, 6.9103464 ] } },
{ "type": "Feature", "properties": { "amenity": "atm", "name": null }, "geometry": { "type": "Point", "coordinates": [ 122.0753878, 6.9093786 ] } },
{ "type": "Feature", "properties": { "amenity": "atm", "name": "WDL - Ateneo Zam" }, "geometry": { "type": "Point", "coordinates": [ 122.075385, 6.9093881 ] } },
{ "type": "Feature", "properties": { "amenity": "waste_basket", "name": null }, "geometry": { "type": "Point", "coordinates": [ 122.0764938, 6.9100508 ] } },
{ "type": "Feature", "properties": { "amenity": "bench", "name": null }, "geometry": { "type": "Point", "coordinates": [ 122.0763232, 6.9100337 ] } },
{ "type": "Feature", "properties": { "amenity": "bench", "name": null }, "geometry": { "type": "Point", "coordinates": [ 122.0763049, 6.9100444 ] } },
{ "type": "Feature", "properties": { "amenity": "bench", "name": null }, "geometry": { "type": "Point", "coordinates": [ 122.0756186, 6.9100368 ] } },
{ "type": "Feature", "properties": { "amenity": "bench", "name": null }, "geometry": { "type": "Point", "coordinates": [ 122.0755865, 6.9101293 ] } },
{ "type": "Feature", "properties": { "amenity": "bench", "name": null }, "geometry": { "type": "Point", "coordinates": [ 122.0757029, 6.9097452 ] } },
{ "type": "Feature", "properties": { "amenity": "bench", "name": null }, "geometry": { "type": "Point", "coordinates": [ 122.0756616, 6.9098682 ] } },
{ "type": "Feature", "properties": { "amenity": "bench", "name": null }, "geometry": { "type": "Point", "coordinates": [ 122.0754552, 6.9105466 ] } },
{ "type": "Feature", "properties": { "amenity": "bench", "name": null }, "geometry": { "type": "Point", "coordinates": [ 122.0757412, 6.9103695 ] } },
{ "type": "Feature", "properties": { "amenity": "bench", "name": null }, "geometry": { "type": "Point", "coordinates": [ 122.0758214, 6.9103983 ] } },
{ "type": "Feature", "properties": { "amenity": "bench", "name": null }, "geometry": { "type": "Point", "coordinates": [ 122.0759026, 6.9104272 ] } },
{ "type": "Feature", "properties": { "amenity": "bench", "name": null }, "geometry": { "type": "Point", "coordinates": [ 122.0759778, 6.9104546 ] } },
{ "type": "Feature", "properties": { "amenity": "bench", "name": null }, "geometry": { "type": "Point", "coordinates": [ 122.0760948, 6.9105139 ] } },
{ "type": "Feature", "properties": { "amenity": "bench", "name": null }, "geometry": { "type": "Point", "coordinates": [ 122.0765502, 6.9099392 ] } },
{ "type": "Feature", "properties": { "amenity": null, "name": "Winzelle Suite" }, "geometry": { "type": "Point", "coordinates": [ 122.0766668, 6.9062128 ] } },
{ "type": "Feature", "properties": { "amenity": "pharmacy", "name": "ORO Wonder Drug" }, "geometry": { "type": "Point", "coordinates": [ 122.0802887, 6.9077608 ] } },
{ "type": "Feature", "properties": { "amenity": null, "name": "Novo" }, "geometry": { "type": "Point", "coordinates": [ 122.074393, 6.9076812 ] } },
{ "type": "Feature", "properties": { "amenity": "pharmacy", "name": "Bionice Pharma" }, "geometry": { "type": "Point", "coordinates": [ 122.0742485, 6.9085878 ] } },
{ "type": "Feature", "properties": { "amenity": "fast_food", "name": "Haro-Haro!" }, "geometry": { "type": "Point", "coordinates": [ 122.07423, 6.9086324 ] } },
{ "type": "Feature", "properties": { "amenity": "fast_food", "name": "Rosalita's Carenderia" }, "geometry": { "type": "Point", "coordinates": [ 122.0742022, 6.9087017 ] } },
{ "type": "Feature", "properties": { "amenity": "taxi", "name": null }, "geometry": { "type": "Point", "coordinates": [ 122.076958, 6.9062757 ] } },
{ "type": "Feature", "properties": { "amenity": null, "name": "Julie's" }, "geometry": { "type": "Point", "coordinates": [ 122.076869, 6.9055072 ] } },
{ "type": "Feature", "properties": { "amenity": "fast_food", "name": "24 Chicken" }, "geometry": { "type": "Point", "coordinates": [ 122.0752617, 6.9063247 ] } },
{ "type": "Feature", "properties": { "amenity": "fountain", "name": null }, "geometry": { "type": "Point", "coordinates": [ 122.0754942, 6.9103323 ] } },
{ "type": "Feature", "properties": { "amenity": null, "name": "Memorial Fallen Heroes of the Zamboanga siege" }, "geometry": { "type": "Point", "coordinates": [ 122.076645, 6.9044597 ] } },
{ "type": "Feature", "properties": { "amenity": null, "name": null }, "geometry": { "type": "Point", "coordinates": [ 122.0763386, 6.904581 ] } },
{ "type": "Feature", "properties": { "amenity": "fast_food", "name": "Pinoy Patio" }, "geometry": { "type": "Point", "coordinates": [ 122.0804856, 6.9002192 ] } },
{ "type": "Feature", "properties": { "amenity": "fast_food", "name": "Palmeras" }, "geometry": { "type": "Point", "coordinates": [ 122.0804663, 6.9001656 ] } },
{ "type": "Feature", "properties": { "amenity": "restaurant", "name": "Mano Mano" }, "geometry": { "type": "Point", "coordinates": [ 122.080755, 6.9000932 ] } },
{ "type": "Feature", "properties": { "amenity": "school", "name": "Zamboanga State College and Marine Sciences and Technology - Campus B" }, "geometry": { "type": "Point", "coordinates": [ 122.0833092, 6.9013765 ] } },
{ "type": "Feature", "properties": { "amenity": null, "name": "Fisheries State College Guest House" }, "geometry": { "type": "Point", "coordinates": [ 122.084108, 6.898997 ] } },
{ "type": "Feature", "properties": { "amenity": "restaurant", "name": "Maryam's Pizza" }, "geometry": { "type": "Point", "coordinates": [ 122.0820686, 6.9040461 ] } },
{ "type": "Feature", "properties": { "amenity": "police", "name": "Tourist Police Unit" }, "geometry": { "type": "Point", "coordinates": [ 122.0827576, 6.902076 ] } },
{ "type": "Feature", "properties": { "amenity": "restaurant", "name": "Tony's" }, "geometry": { "type": "Point", "coordinates": [ 122.0817036, 6.8995265 ] } },
{ "type": "Feature", "properties": { "amenity": null, "name": "Al Motorcycle Parts" }, "geometry": { "type": "Point", "coordinates": [ 122.0806051, 6.9052046 ] } },
{ "type": "Feature", "properties": { "amenity": null, "name": "Manolo Halo-Halo" }, "geometry": { "type": "Point", "coordinates": [ 122.0805568, 6.9053271 ] } },
{ "type": "Feature", "properties": { "amenity": "internet_cafe", "name": "Baraaks Internet Cafe" }, "geometry": { "type": "Point", "coordinates": [ 122.0870308, 6.9084236 ] } },
{ "type": "Feature", "properties": { "amenity": "fire_station", "name": "Santa Catalina Fire Station" }, "geometry": { "type": "Point", "coordinates": [ 122.0870197, 6.9090955 ] } },
{ "type": "Feature", "properties": { "amenity": "fuel", "name": "Vicente Wee" }, "geometry": { "type": "Point", "coordinates": [ 122.1010758, 6.9094445 ] } },
{ "type": "Feature", "properties": { "amenity": "cafe", "name": "Dennis Coffee Garden" }, "geometry": { "type": "Point", "coordinates": [ 122.0598491, 6.9164633 ] } },
{ "type": "Feature", "properties": { "amenity": "police", "name": "PNP Maritime Group Unit 9" }, "geometry": { "type": "Point", "coordinates": [ 122.0578466, 6.9113867 ] } },
{ "type": "Feature", "properties": { "amenity": null, "name": "Petron Gasul" }, "geometry": { "type": "Point", "coordinates": [ 122.0602663, 6.9160278 ] } },
{ "type": "Feature", "properties": { "amenity": "restaurant", "name": "Craft Kitchen" }, "geometry": { "type": "Point", "coordinates": [ 122.0597087, 6.9159046 ] } },
{ "type": "Feature", "properties": { "amenity": null, "name": "Palawan Pawnshop" }, "geometry": { "type": "Point", "coordinates": [ 122.0621481, 6.9145571 ] } },
{ "type": "Feature", "properties": { "amenity": "fast_food", "name": "Hello Fried Chicken" }, "geometry": { "type": "Point", "coordinates": [ 122.0622054, 6.9144401 ] } },
{ "type": "Feature", "properties": { "amenity": "place_of_worship", "name": "San Antonio Maria Claret Parish" }, "geometry": { "type": "Point", "coordinates": [ 122.0665259, 6.9140131 ] } },
{ "type": "Feature", "properties": { "amenity": "restaurant", "name": "8 Grill Haus" }, "geometry": { "type": "Point", "coordinates": [ 122.0671161, 6.9167326 ] } },
{ "type": "Feature", "properties": { "amenity": "school", "name": "Escuela Dominicana" }, "geometry": { "type": "Point", "coordinates": [ 122.0560502, 6.9205894 ] } },
{ "type": "Feature", "properties": { "amenity": "place_of_worship", "name": "Assembly of God" }, "geometry": { "type": "Point", "coordinates": [ 122.0661257, 6.9200926 ] } },
{ "type": "Feature", "properties": { "amenity": "restaurant", "name": "Chinito’s Cafe" }, "geometry": { "type": "Point", "coordinates": [ 122.0633491, 6.9179008 ] } },
{ "type": "Feature", "properties": { "amenity": null, "name": "Travelmax" }, "geometry": { "type": "Point", "coordinates": [ 122.063025, 6.9190863 ] } },
{ "type": "Feature", "properties": { "amenity": "place_of_worship", "name": "Prayer Room" }, "geometry": { "type": "Point", "coordinates": [ 122.0620636, 6.9197161 ] } },
{ "type": "Feature", "properties": { "amenity": "toilets", "name": null }, "geometry": { "type": "Point", "coordinates": [ 122.0621302, 6.919883 ] } },
{ "type": "Feature", "properties": { "amenity": "atm", "name": null }, "geometry": { "type": "Point", "coordinates": [ 122.0626026, 6.9195015 ] } },
{ "type": "Feature", "properties": { "amenity": "toilets", "name": null }, "geometry": { "type": "Point", "coordinates": [ 122.0626789, 6.9196668 ] } },
{ "type": "Feature", "properties": { "amenity": null, "name": "Chrisshell Fitness Gym" }, "geometry": { "type": "Point", "coordinates": [ 122.0725603, 6.9158317 ] } },
{ "type": "Feature", "properties": { "amenity": null, "name": "Motortrade" }, "geometry": { "type": "Point", "coordinates": [ 122.0728036, 6.9116566 ] } },
{ "type": "Feature", "properties": { "amenity": null, "name": "Foton" }, "geometry": { "type": "Point", "coordinates": [ 122.0727797, 6.9139648 ] } },
{ "type": "Feature", "properties": { "amenity": null, "name": "Japan Surplus" }, "geometry": { "type": "Point", "coordinates": [ 122.0726992, 6.9153531 ] } },
{ "type": "Feature", "properties": { "amenity": null, "name": "AVON" }, "geometry": { "type": "Point", "coordinates": [ 122.0722244, 6.9136913 ] } },
{ "type": "Feature", "properties": { "amenity": null, "name": "Nightingale Store" }, "geometry": { "type": "Point", "coordinates": [ 122.0725177, 6.9169692 ] } },
{ "type": "Feature", "properties": { "amenity": "pharmacy", "name": "Medika" }, "geometry": { "type": "Point", "coordinates": [ 122.0725396, 6.9167258 ] } },
{ "type": "Feature", "properties": { "amenity": "pharmacy", "name": "TGP Generic" }, "geometry": { "type": "Point", "coordinates": [ 122.0725272, 6.9168806 ] } },
{ "type": "Feature", "properties": { "amenity": null, "name": "SureBEST" }, "geometry": { "type": "Point", "coordinates": [ 122.0727274, 6.9144937 ] } },
{ "type": "Feature", "properties": { "amenity": null, "name": "Casa Canelar" }, "geometry": { "type": "Point", "coordinates": [ 122.072203, 6.9159029 ] } },
{ "type": "Feature", "properties": { "amenity": "restaurant", "name": "Gerry’s Grill" }, "geometry": { "type": "Point", "coordinates": [ 122.0724476, 6.9159142 ] } },
{ "type": "Feature", "properties": { "amenity": "cafe", "name": "Cafe Corner" }, "geometry": { "type": "Point", "coordinates": [ 122.0719364, 6.915796 ] } },
{ "type": "Feature", "properties": { "amenity": null, "name": "Hotel Primera" }, "geometry": { "type": "Point", "coordinates": [ 122.0703946, 6.9168919 ] } },
{ "type": "Feature", "properties": { "amenity": null, "name": "cielo store - Dspe Eizer Smart - 500 (1 week) Globe - 500 globe one & Gcash" }, "geometry": { "type": "Point", "coordinates": [ 122.0719202, 6.9129489 ] } },
{ "type": "Feature", "properties": { "amenity": null, "name": "Tang" }, "geometry": { "type": "Point", "coordinates": [ 122.073014, 6.9130544 ] } },
{ "type": "Feature", "properties": { "amenity": null, "name": "Royale Business Club ZAMBOANGA BRANCH" }, "geometry": { "type": "Point", "coordinates": [ 122.0796525, 6.9150582 ] } },
{ "type": "Feature", "properties": { "amenity": "clinic", "name": "Zamboanga Dialysis Center" }, "geometry": { "type": "Point", "coordinates": [ 122.0797311, 6.912628 ] } },
{ "type": "Feature", "properties": { "amenity": "college", "name": "Universidad de Zamboanga Institute of Human Kinetics" }, "geometry": { "type": "Point", "coordinates": [ 122.0799724, 6.9134716 ] } },
{ "type": "Feature", "properties": { "amenity": "pharmacy", "name": "Cecile's Pharmacy" }, "geometry": { "type": "Point", "coordinates": [ 122.0796013, 6.9156133 ] } },
{ "type": "Feature", "properties": { "amenity": "school", "name": "Ferndale International School" }, "geometry": { "type": "Point", "coordinates": [ 122.0803324, 6.9159282 ] } },
{ "type": "Feature", "properties": { "amenity": "car_wash", "name": "Krystal Carwash" }, "geometry": { "type": "Point", "coordinates": [ 122.0759584, 6.9148567 ] } },
{ "type": "Feature", "properties": { "amenity": "school", "name": "Universidad de Zamboanga HS" }, "geometry": { "type": "Point", "coordinates": [ 122.0791546, 6.9131303 ] } },
{ "type": "Feature", "properties": { "amenity": "cafe", "name": "Tom n Toms Coffee" }, "geometry": { "type": "Point", "coordinates": [ 122.076484, 6.9137618 ] } },
{ "type": "Feature", "properties": { "amenity": null, "name": "National Bakery" }, "geometry": { "type": "Point", "coordinates": [ 122.0723298, 6.9205802 ] } },
{ "type": "Feature", "properties": { "amenity": "cafe", "name": "Jelly Citea" }, "geometry": { "type": "Point", "coordinates": [ 122.0723706, 6.9175329 ] } },
{ "type": "Feature", "properties": { "amenity": "fast_food", "name": "Speedy Pizza" }, "geometry": { "type": "Point", "coordinates": [ 122.0723716, 6.9175031 ] } },
{ "type": "Feature", "properties": { "amenity": "restaurant", "name": "Bay Tal Mal Restaurant" }, "geometry": { "type": "Point", "coordinates": [ 122.072054, 6.9193714 ] } },
{ "type": "Feature", "properties": { "amenity": null, "name": "Aunt Vina's" }, "geometry": { "type": "Point", "coordinates": [ 122.0705049, 6.919515 ] } },
{ "type": "Feature", "properties": { "amenity": "place_of_worship", "name": "City Baptist Church" }, "geometry": { "type": "Point", "coordinates": [ 122.0719176, 6.9192928 ] } },
{ "type": "Feature", "properties": { "amenity": null, "name": "Yong'z Place" }, "geometry": { "type": "Point", "coordinates": [ 122.0721369, 6.9197648 ] } },
{ "type": "Feature", "properties": { "amenity": "post_depot", "name": "Edwin Andrews Airbase Operations" }, "geometry": { "type": "Point", "coordinates": [ 122.0713136, 6.9231829 ] } },
{ "type": "Feature", "properties": { "amenity": "fuel", "name": "Mercedes Shell  Mini-Mart" }, "geometry": { "type": "Point", "coordinates": [ 122.0690221, 6.9200592 ] } },
{ "type": "Feature", "properties": { "amenity": "cafe", "name": "Chatime" }, "geometry": { "type": "Point", "coordinates": [ 122.0734417, 6.9208655 ] } },
{ "type": "Feature", "properties": { "amenity": "fast_food", "name": "Burger King" }, "geometry": { "type": "Point", "coordinates": [ 122.0734372, 6.9207942 ] } },
{ "type": "Feature", "properties": { "amenity": null, "name": "Red Ribbon" }, "geometry": { "type": "Point", "coordinates": [ 122.0735315, 6.9208987 ] } },
{ "type": "Feature", "properties": { "amenity": "fast_food", "name": "Jollibee" }, "geometry": { "type": "Point", "coordinates": [ 122.0731706, 6.9209052 ] } },
{ "type": "Feature", "properties": { "amenity": "atm", "name": null }, "geometry": { "type": "Point", "coordinates": [ 122.0730809, 6.9208993 ] } },
{ "type": "Feature", "properties": { "amenity": "car_wash", "name": "Carwash" }, "geometry": { "type": "Point", "coordinates": [ 122.0769349, 6.9217825 ] } },
{ "type": "Feature", "properties": { "amenity": null, "name": "Zamboanga Tires Incorporated" }, "geometry": { "type": "Point", "coordinates": [ 122.079912, 6.9191545 ] } },
{ "type": "Feature", "properties": { "amenity": null, "name": "Millers residents" }, "geometry": { "type": "Point", "coordinates": [ 122.0757304, 6.9207583 ] } },
{ "type": "Feature", "properties": { "amenity": null, "name": "Isuzu Zamboanga" }, "geometry": { "type": "Point", "coordinates": [ 122.0799911, 6.9220111 ] } },
{ "type": "Feature", "properties": { "amenity": null, "name": "5.11" }, "geometry": { "type": "Point", "coordinates": [ 122.0749896, 6.9208091 ] } },
{ "type": "Feature", "properties": { "amenity": "conference_centre", "name": "Centro Pastoral" }, "geometry": { "type": "Point", "coordinates": [ 122.0753308, 6.9227257 ] } },
{ "type": "Feature", "properties": { "amenity": "pharmacy", "name": "Generika Drugstore" }, "geometry": { "type": "Point", "coordinates": [ 122.0790548, 6.9238658 ] } },
{ "type": "Feature", "properties": { "amenity": null, "name": "RevZone" }, "geometry": { "type": "Point", "coordinates": [ 122.0742945, 6.9211339 ] } },
{ "type": "Feature", "properties": { "amenity": "fast_food", "name": "Tapa King" }, "geometry": { "type": "Point", "coordinates": [ 122.0797215, 6.9223604 ] } },
{ "type": "Feature", "properties": { "amenity": "restaurant", "name": "Hap Chan" }, "geometry": { "type": "Point", "coordinates": [ 122.0799951, 6.9221289 ] } },
{ "type": "Feature", "properties": { "amenity": "fast_food", "name": "Yoshinoya" }, "geometry": { "type": "Point", "coordinates": [ 122.0800428, 6.9221843 ] } },
{ "type": "Feature", "properties": { "amenity": "fuel", "name": "Shell" }, "geometry": { "type": "Point", "coordinates": [ 122.0571869, 6.928628 ] } },
{ "type": "Feature", "properties": { "amenity": "clinic", "name": "JM Dental" }, "geometry": { "type": "Point", "coordinates": [ 122.0653147, 6.9302221 ] } },
{ "type": "Feature", "properties": { "amenity": "fast_food", "name": "Ducs Lechon Belly" }, "geometry": { "type": "Point", "coordinates": [ 122.0714658, 6.9296739 ] } },
{ "type": "Feature", "properties": { "amenity": null, "name": "Butterbun Bakeshop" }, "geometry": { "type": "Point", "coordinates": [ 122.0717837, 6.924597 ] } },
{ "type": "Feature", "properties": { "amenity": "pharmacy", "name": "Mercury Drug" }, "geometry": { "type": "Point", "coordinates": [ 122.0718324, 6.9250383 ] } },
{ "type": "Feature", "properties": { "amenity": "restaurant", "name": "Kings' Balbakwa" }, "geometry": { "type": "Point", "coordinates": [ 122.0716977, 6.9268593 ] } },
{ "type": "Feature", "properties": { "amenity": "pharmacy", "name": "Cecile's Pharmacy" }, "geometry": { "type": "Point", "coordinates": [ 122.0719686, 6.9261517 ] } },
{ "type": "Feature", "properties": { "amenity": null, "name": "La Casa Maria Hotel" }, "geometry": { "type": "Point", "coordinates": [ 122.0711784, 6.9302137 ] } },
{ "type": "Feature", "properties": { "amenity": "kindergarten", "name": "Our Lady of Mercy Kindergarten" }, "geometry": { "type": "Point", "coordinates": [ 122.070829, 6.9250274 ] } },
{ "type": "Feature", "properties": { "amenity": null, "name": "La Merced Memorial Homes" }, "geometry": { "type": "Point", "coordinates": [ 122.0678244, 6.9302979 ] } },
{ "type": "Feature", "properties": { "amenity": null, "name": "Athesa's Shoppe" }, "geometry": { "type": "Point", "coordinates": [ 122.0713308, 6.9291849 ] } },
{ "type": "Feature", "properties": { "amenity": "fuel", "name": "Seaoil" }, "geometry": { "type": "Point", "coordinates": [ 122.0731601, 6.9290604 ] } },
{ "type": "Feature", "properties": { "amenity": null, "name": "Krishatel Leisure Inn" }, "geometry": { "type": "Point", "coordinates": [ 122.0788706, 6.9239004 ] } },
{ "type": "Feature", "properties": { "amenity": "veterinary", "name": "Zamboanga Veterinary Services and Animal Clinic" }, "geometry": { "type": "Point", "coordinates": [ 122.0789325, 6.9296477 ] } },
{ "type": "Feature", "properties": { "amenity": null, "name": "Morebites pizza" }, "geometry": { "type": "Point", "coordinates": [ 122.0790865, 6.9256302 ] } },
{ "type": "Feature", "properties": { "amenity": "bank", "name": "RD" }, "geometry": { "type": "Point", "coordinates": [ 122.0790919, 6.9256805 ] } },
{ "type": "Feature", "properties": { "amenity": null, "name": "Souvie" }, "geometry": { "type": "Point", "coordinates": [ 122.0799817, 6.9304257 ] } },
{ "type": "Feature", "properties": { "amenity": "fuel", "name": "Caltex" }, "geometry": { "type": "Point", "coordinates": [ 122.0748047, 6.924716 ] } },
{ "type": "Feature", "properties": { "amenity": "fuel", "name": "Z Oil" }, "geometry": { "type": "Point", "coordinates": [ 122.0749571, 6.9239375 ] } },
{ "type": "Feature", "properties": { "amenity": "restaurant", "name": "Hacienda de Palmeras" }, "geometry": { "type": "Point", "coordinates": [ 122.0707093, 6.9355508 ] } },
{ "type": "Feature", "properties": { "amenity": null, "name": "Hacienda de Palmeras Hotel" }, "geometry": { "type": "Point", "coordinates": [ 122.071063, 6.9354002 ] } },
{ "type": "Feature", "properties": { "amenity": "restaurant", "name": "Sigay" }, "geometry": { "type": "Point", "coordinates": [ 122.0705562, 6.9358985 ] } },
{ "type": "Feature", "properties": { "amenity": "restaurant", "name": "Capiz" }, "geometry": { "type": "Point", "coordinates": [ 122.0705792, 6.9357724 ] } },
{ "type": "Feature", "properties": { "amenity": "restaurant", "name": "Eureka" }, "geometry": { "type": "Point", "coordinates": [ 122.0706989, 6.9356478 ] } },
{ "type": "Feature", "properties": { "amenity": "clinic", "name": "Sta. Maria Health Center" }, "geometry": { "type": "Point", "coordinates": [ 122.0691313, 6.9310382 ] } },
{ "type": "Feature", "properties": { "amenity": "community_centre", "name": "Sta. Maria Elderly Center" }, "geometry": { "type": "Point", "coordinates": [ 122.0694363, 6.9311542 ] } },
{ "type": "Feature", "properties": { "amenity": "police", "name": "Sta. Maria Community Police Action Center" }, "geometry": { "type": "Point", "coordinates": [ 122.0693036, 6.9311129 ] } },
{ "type": "Feature", "properties": { "amenity": "pharmacy", "name": "Cecile's Pharmacy" }, "geometry": { "type": "Point", "coordinates": [ 122.0706825, 6.9314708 ] } },
{ "type": "Feature", "properties": { "amenity": "marketplace", "name": "Flea Market" }, "geometry": { "type": "Point", "coordinates": [ 122.071108, 6.931453 ] } },
{ "type": "Feature", "properties": { "amenity": null, "name": "Creamy creation" }, "geometry": { "type": "Point", "coordinates": [ 122.0706911, 6.9344622 ] } },
{ "type": "Feature", "properties": { "amenity": null, "name": "LJ Products for UR Needs" }, "geometry": { "type": "Point", "coordinates": [ 122.0733338, 6.9314785 ] } },
{ "type": "Feature", "properties": { "amenity": "parking", "name": null }, "geometry": { "type": "Point", "coordinates": [ 122.0707145, 6.9353972 ] } },
{ "type": "Feature", "properties": { "amenity": "parking", "name": null }, "geometry": { "type": "Point", "coordinates": [ 122.070622, 6.9360961 ] } },
{ "type": "Feature", "properties": { "amenity": "fuel", "name": "Petron" }, "geometry": { "type": "Point", "coordinates": [ 122.0734187, 6.9312346 ] } },
{ "type": "Feature", "properties": { "amenity": "fuel", "name": "Petron" }, "geometry": { "type": "Point", "coordinates": [ 122.0734187, 6.9312346 ] } },
{ "type": "Feature", "properties": { "amenity": null, "name": "Solane LPG - El Numero Uno Marketing" }, "geometry": { "type": "Point", "coordinates": [ 122.0781101, 6.9317837 ] } },
{ "type": "Feature", "properties": { "amenity": "school", "name": "Bethany Child Development Center" }, "geometry": { "type": "Point", "coordinates": [ 122.0747202, 6.9323857 ] } },
{ "type": "Feature", "properties": { "amenity": "school", "name": "Montessori de Zamboanga - Main Campus" }, "geometry": { "type": "Point", "coordinates": [ 122.0775924, 6.9311494 ] } },
{ "type": "Feature", "properties": { "amenity": null, "name": "Idol Motel" }, "geometry": { "type": "Point", "coordinates": [ 122.0739283, 6.9312001 ] } },
{ "type": "Feature", "properties": { "amenity": "fire_station", "name": "Santa Maria Fire Station" }, "geometry": { "type": "Point", "coordinates": [ 122.0747057, 6.9310613 ] } },
{ "type": "Feature", "properties": { "amenity": "veterinary", "name": "City Veterinarian" }, "geometry": { "type": "Point", "coordinates": [ 122.0780715, 6.9322003 ] } },
{ "type": "Feature", "properties": { "amenity": null, "name": "Palawan Pawnshop" }, "geometry": { "type": "Point", "coordinates": [ 122.0792886, 6.9357797 ] } },
{ "type": "Feature", "properties": { "amenity": null, "name": null }, "geometry": { "type": "Point", "coordinates": [ 122.0789342, 6.9340705 ] } },
{ "type": "Feature", "properties": { "amenity": "pharmacy", "name": "Cecile's Pharmacy" }, "geometry": { "type": "Point", "coordinates": [ 122.0785855, 6.9354997 ] } },
{ "type": "Feature", "properties": { "amenity": null, "name": "Cebuana Lhuillier" }, "geometry": { "type": "Point", "coordinates": [ 122.0795108, 6.9359417 ] } },
{ "type": "Feature", "properties": { "amenity": null, "name": "National Bakery" }, "geometry": { "type": "Point", "coordinates": [ 122.0812304, 6.9141726 ] } },
{ "type": "Feature", "properties": { "amenity": "school", "name": "Asia Academic School" }, "geometry": { "type": "Point", "coordinates": [ 122.08653, 6.9120638 ] } },
{ "type": "Feature", "properties": { "amenity": "bank", "name": "China Bank Savings" }, "geometry": { "type": "Point", "coordinates": [ 122.0847418, 6.9153612 ] } },
{ "type": "Feature", "properties": { "amenity": "dentist", "name": null }, "geometry": { "type": "Point", "coordinates": [ 122.0845801, 6.9153312 ] } },
{ "type": "Feature", "properties": { "amenity": null, "name": null }, "geometry": { "type": "Point", "coordinates": [ 122.08453, 6.9153202 ] } },
{ "type": "Feature", "properties": { "amenity": null, "name": "Maricor" }, "geometry": { "type": "Point", "coordinates": [ 122.0853266, 6.9154612 ] } },
{ "type": "Feature", "properties": { "amenity": null, "name": null }, "geometry": { "type": "Point", "coordinates": [ 122.0863751, 6.9156328 ] } },
{ "type": "Feature", "properties": { "amenity": "fast_food", "name": null }, "geometry": { "type": "Point", "coordinates": [ 122.0864283, 6.9156418 ] } },
{ "type": "Feature", "properties": { "amenity": null, "name": "Maria's" }, "geometry": { "type": "Point", "coordinates": [ 122.0828908, 6.91502 ] } },
{ "type": "Feature", "properties": { "amenity": null, "name": "Rapidé" }, "geometry": { "type": "Point", "coordinates": [ 122.0858698, 6.9156 ] } },
{ "type": "Feature", "properties": { "amenity": "fast_food", "name": "Crispy King" }, "geometry": { "type": "Point", "coordinates": [ 122.0854568, 6.915454 ] } },
{ "type": "Feature", "properties": { "amenity": null, "name": "Beauteous" }, "geometry": { "type": "Point", "coordinates": [ 122.0846854, 6.9153521 ] } },
{ "type": "Feature", "properties": { "amenity": null, "name": "Queen's Laundry" }, "geometry": { "type": "Point", "coordinates": [ 122.0846303, 6.915342 ] } },
{ "type": "Feature", "properties": { "amenity": "cafe", "name": "Tsokolate" }, "geometry": { "type": "Point", "coordinates": [ 122.0896495, 6.9161196 ] } },
{ "type": "Feature", "properties": { "amenity": "kindergarten", "name": "Tetuan Alliance Kindergarten School, Inc." }, "geometry": { "type": "Point", "coordinates": [ 122.0890168, 6.916311 ] } },
{ "type": "Feature", "properties": { "amenity": null, "name": "The Continentale Vape Lounge" }, "geometry": { "type": "Point", "coordinates": [ 122.0908511, 6.9170386 ] } },
{ "type": "Feature", "properties": { "amenity": "restaurant", "name": "Kogi Q Tetuan" }, "geometry": { "type": "Point", "coordinates": [ 122.0903557, 6.916039 ] } },
{ "type": "Feature", "properties": { "amenity": "fountain", "name": null }, "geometry": { "type": "Point", "coordinates": [ 122.090068, 6.9173126 ] } },
{ "type": "Feature", "properties": { "amenity": "fast_food", "name": "SLQ Lechon Manok" }, "geometry": { "type": "Point", "coordinates": [ 122.0887171, 6.9161158 ] } },
{ "type": "Feature", "properties": { "amenity": "atm", "name": null }, "geometry": { "type": "Point", "coordinates": [ 122.0864021, 6.9196029 ] } },
{ "type": "Feature", "properties": { "amenity": "kindergarten", "name": "Sunnyvale Learning Center" }, "geometry": { "type": "Point", "coordinates": [ 122.0813552, 6.9193005 ] } },
{ "type": "Feature", "properties": { "amenity": "community_centre", "name": "Centro Puericultura de Zamboanga" }, "geometry": { "type": "Point", "coordinates": [ 122.0842135, 6.920319 ] } },
{ "type": "Feature", "properties": { "amenity": null, "name": "Dagalea Hardware" }, "geometry": { "type": "Point", "coordinates": [ 122.0885744, 6.9197253 ] } },
{ "type": "Feature", "properties": { "amenity": "fast_food", "name": "Andy’s Delicious Satti" }, "geometry": { "type": "Point", "coordinates": [ 122.0879671, 6.9192588 ] } },
{ "type": "Feature", "properties": { "amenity": "kindergarten", "name": "Spinola Child Learning Center" }, "geometry": { "type": "Point", "coordinates": [ 122.0874656, 6.9230721 ] } },
{ "type": "Feature", "properties": { "amenity": null, "name": "CJ Pension House" }, "geometry": { "type": "Point", "coordinates": [ 122.0886736, 6.9197671 ] } },
{ "type": "Feature", "properties": { "amenity": "school", "name": "Immaculate Concepcion Archdiocesan School Night" }, "geometry": { "type": "Point", "coordinates": [ 122.0902383, 6.9177559 ] } },
{ "type": "Feature", "properties": { "amenity": "fuel", "name": "Sr Fuel" }, "geometry": { "type": "Point", "coordinates": [ 122.0897295, 6.9195143 ] } },
{ "type": "Feature", "properties": { "amenity": null, "name": null }, "geometry": { "type": "Point", "coordinates": [ 122.0872812, 6.9191738 ] } },
{ "type": "Feature", "properties": { "amenity": null, "name": null }, "geometry": { "type": "Point", "coordinates": [ 122.087245, 6.9191398 ] } },
{ "type": "Feature", "properties": { "amenity": "pharmacy", "name": "Farmacia ni Dok" }, "geometry": { "type": "Point", "coordinates": [ 122.1025231, 6.918758 ] } },
{ "type": "Feature", "properties": { "amenity": null, "name": "TUGBUNGAN ROAD" }, "geometry": { "type": "Point", "coordinates": [ 122.1021786, 6.9190966 ] } },
{ "type": "Feature", "properties": { "amenity": null, "name": "Home" }, "geometry": { "type": "Point", "coordinates": [ 122.1022389, 6.9193574 ] } },
{ "type": "Feature", "properties": { "amenity": "place_of_worship", "name": "MCGI Local of Guiwan" }, "geometry": { "type": "Point", "coordinates": [ 122.0856368, 6.9290287 ] } },
{ "type": "Feature", "properties": { "amenity": "restaurant", "name": "Holy Smokes: Korean Grill & Resto" }, "geometry": { "type": "Point", "coordinates": [ 122.0835032, 6.9261994 ] } },
{ "type": "Feature", "properties": { "amenity": "fuel", "name": "Phoenix" }, "geometry": { "type": "Point", "coordinates": [ 122.0839849, 6.9256371 ] } },
{ "type": "Feature", "properties": { "amenity": "fuel", "name": "Julio Jerino Macrohon Petron Station" }, "geometry": { "type": "Point", "coordinates": [ 122.0900262, 6.9283663 ] } },
{ "type": "Feature", "properties": { "amenity": null, "name": null }, "geometry": { "type": "Point", "coordinates": [ 122.0898403, 6.9251996 ] } },
{ "type": "Feature", "properties": { "amenity": null, "name": "Sing Store" }, "geometry": { "type": "Point", "coordinates": [ 122.0896164, 6.9268277 ] } },
{ "type": "Feature", "properties": { "amenity": null, "name": "Ms. Quickie" }, "geometry": { "type": "Point", "coordinates": [ 122.0899686, 6.9293858 ] } },
{ "type": "Feature", "properties": { "amenity": null, "name": "Otto Auto Supply" }, "geometry": { "type": "Point", "coordinates": [ 122.0923532, 6.934241 ] } },
{ "type": "Feature", "properties": { "amenity": null, "name": "Taytay sa Kauswagan" }, "geometry": { "type": "Point", "coordinates": [ 122.0910713, 6.9317904 ] } },
{ "type": "Feature", "properties": { "amenity": null, "name": "Tata Body Building Shop" }, "geometry": { "type": "Point", "coordinates": [ 122.0929333, 6.9346427 ] } },
{ "type": "Feature", "properties": { "amenity": null, "name": "WELS Tailoring Shop" }, "geometry": { "type": "Point", "coordinates": [ 122.0902092, 6.9307137 ] } },
{ "type": "Feature", "properties": { "amenity": null, "name": "J&M Agrivet Supply" }, "geometry": { "type": "Point", "coordinates": [ 122.0896467, 6.9308094 ] } },
{ "type": "Feature", "properties": { "amenity": null, "name": "Palawan Pawnshop" }, "geometry": { "type": "Point", "coordinates": [ 122.0896135, 6.9307893 ] } },
{ "type": "Feature", "properties": { "amenity": null, "name": "H. Lhuillier" }, "geometry": { "type": "Point", "coordinates": [ 122.0894879, 6.9306278 ] } },
{ "type": "Feature", "properties": { "amenity": null, "name": "Pacifica" }, "geometry": { "type": "Point", "coordinates": [ 122.089218, 6.9305491 ] } },
{ "type": "Feature", "properties": { "amenity": "post_office", "name": null }, "geometry": { "type": "Point", "coordinates": [ 122.0891554, 6.9305478 ] } },
{ "type": "Feature", "properties": { "amenity": "fast_food", "name": "Mang Inasal" }, "geometry": { "type": "Point", "coordinates": [ 122.0924763, 6.9354877 ] } },
{ "type": "Feature", "properties": { "amenity": null, "name": "Geneson Marketing" }, "geometry": { "type": "Point", "coordinates": [ 122.0899104, 6.9309484 ] } },
{ "type": "Feature", "properties": { "amenity": null, "name": "JM Store" }, "geometry": { "type": "Point", "coordinates": [ 122.0993472, 6.9354638 ] } },
{ "type": "Feature", "properties": { "amenity": null, "name": "Joem's Playground" }, "geometry": { "type": "Point", "coordinates": [ 122.0979846, 6.9353094 ] } },
{ "type": "Feature", "properties": { "amenity": "marketplace", "name": "Caputatan Market" }, "geometry": { "type": "Point", "coordinates": [ 122.0991487, 6.9368856 ] } },
{ "type": "Feature", "properties": { "amenity": "cafe", "name": "Bigbrew Talon-Talon" }, "geometry": { "type": "Point", "coordinates": [ 122.1092879, 6.9096593 ] } },
{ "type": "Feature", "properties": { "amenity": null, "name": "LB Supermarket" }, "geometry": { "type": "Point", "coordinates": [ 122.1074319, 6.9196087 ] } },
{ "type": "Feature", "properties": { "amenity": "place_of_worship", "name": "Ma'had Atta'seel" }, "geometry": { "type": "Point", "coordinates": [ 122.1292383, 6.9171012 ] } },
{ "type": "Feature", "properties": { "amenity": null, "name": "Sali Residence" }, "geometry": { "type": "Point", "coordinates": [ 122.1293581, 6.9177783 ] } },
{ "type": "Feature", "properties": { "amenity": null, "name": "Atillanos Pension House" }, "geometry": { "type": "Point", "coordinates": [ 122.0728187, 6.942543 ] } },
{ "type": "Feature", "properties": { "amenity": null, "name": "Autobot" }, "geometry": { "type": "Point", "coordinates": [ 122.0722298, 6.9422885 ] } },
{ "type": "Feature", "properties": { "amenity": "atm", "name": null }, "geometry": { "type": "Point", "coordinates": [ 122.0702653, 6.9489176 ] } },
{ "type": "Feature", "properties": { "amenity": "atm", "name": null }, "geometry": { "type": "Point", "coordinates": [ 122.0699672, 6.9488559 ] } },
{ "type": "Feature", "properties": { "amenity": null, "name": "my residence" }, "geometry": { "type": "Point", "coordinates": [ 122.0752445, 6.9452041 ] } },
{ "type": "Feature", "properties": { "amenity": "bar", "name": "Bigdawgs Bar" }, "geometry": { "type": "Point", "coordinates": [ 122.0715976, 6.953518 ] } },
{ "type": "Feature", "properties": { "amenity": "cafe", "name": "I love ice cream" }, "geometry": { "type": "Point", "coordinates": [ 122.0810092, 6.9370458 ] } },
{ "type": "Feature", "properties": { "amenity": "taxi", "name": null }, "geometry": { "type": "Point", "coordinates": [ 122.0926336, 6.942203 ] } },
{ "type": "Feature", "properties": { "amenity": null, "name": "Ultrazz" }, "geometry": { "type": "Point", "coordinates": [ 122.092698, 6.9426524 ] } },
{ "type": "Feature", "properties": { "amenity": "shelter", "name": null }, "geometry": { "type": "Point", "coordinates": [ 122.0928658, 6.9420511 ] } },
{ "type": "Feature", "properties": { "amenity": null, "name": "Manna" }, "geometry": { "type": "Point", "coordinates": [ 122.0928494, 6.9399691 ] } },
{ "type": "Feature", "properties": { "amenity": null, "name": "JCL Enterprise" }, "geometry": { "type": "Point", "coordinates": [ 122.0927378, 6.9425728 ] } },
{ "type": "Feature", "properties": { "amenity": "cafe", "name": "Inkafé" }, "geometry": { "type": "Point", "coordinates": [ 122.0895866, 6.9412443 ] } },
{ "type": "Feature", "properties": { "amenity": null, "name": "Serenity Pension Inn" }, "geometry": { "type": "Point", "coordinates": [ 122.0959362, 6.9432228 ] } },
{ "type": "Feature", "properties": { "amenity": "fuel", "name": "Pryce Gas" }, "geometry": { "type": "Point", "coordinates": [ 122.0943841, 6.9434481 ] } },
{ "type": "Feature", "properties": { "amenity": null, "name": null }, "geometry": { "type": "Point", "coordinates": [ 122.0961374, 6.9417352 ] } },
{ "type": "Feature", "properties": { "amenity": "place_of_worship", "name": "Masjid Al-jul" }, "geometry": { "type": "Point", "coordinates": [ 122.0960957, 6.9420406 ] } },
{ "type": "Feature", "properties": { "amenity": null, "name": "Sir J Salon" }, "geometry": { "type": "Point", "coordinates": [ 122.094568, 6.9434781 ] } },
{ "type": "Feature", "properties": { "amenity": null, "name": "Master" }, "geometry": { "type": "Point", "coordinates": [ 122.0945864, 6.9431758 ] } },
{ "type": "Feature", "properties": { "amenity": "fire_station", "name": "Putik Fire Substation" }, "geometry": { "type": "Point", "coordinates": [ 122.0957449, 6.9412266 ] } },
{ "type": "Feature", "properties": { "amenity": "taxi", "name": null }, "geometry": { "type": "Point", "coordinates": [ 122.0951095, 6.9432918 ] } },
{ "type": "Feature", "properties": { "amenity": null, "name": null }, "geometry": { "type": "Point", "coordinates": [ 122.0965154, 6.9381853 ] } },
{ "type": "Feature", "properties": { "amenity": null, "name": null }, "geometry": { "type": "Point", "coordinates": [ 122.0887068, 6.9520267 ] } },
{ "type": "Feature", "properties": { "amenity": "townhall", "name": "Lunzuran Barangay Hall" }, "geometry": { "type": "Point", "coordinates": [ 122.0907007, 6.9519708 ] } },
{ "type": "Feature", "properties": { "amenity": null, "name": "Lunzuran Barangay Covered Court" }, "geometry": { "type": "Point", "coordinates": [ 122.0904973, 6.9518587 ] } },
{ "type": "Feature", "properties": { "amenity": "fire_station", "name": null }, "geometry": { "type": "Point", "coordinates": [ 122.0906534, 6.9520789 ] } },
{ "type": "Feature", "properties": { "amenity": null, "name": null }, "geometry": { "type": "Point", "coordinates": [ 122.0900725, 6.9614853 ] } },
{ "type": "Feature", "properties": { "amenity": null, "name": "lading" }, "geometry": { "type": "Point", "coordinates": [ 122.1023888, 6.9540809 ] } },
{ "type": "Feature", "properties": { "amenity": null, "name": "Lantawan Grassland" }, "geometry": { "type": "Point", "coordinates": [ 122.0625512, 6.9647371 ] } },
{ "type": "Feature", "properties": { "amenity": null, "name": "Cesar Climaco Memorial Park" }, "geometry": { "type": "Point", "coordinates": [ 122.0760118, 6.9644324 ] } },
{ "type": "Feature", "properties": { "amenity": null, "name": "Mayor Cruz" }, "geometry": { "type": "Point", "coordinates": [ 122.0735898, 6.9709903 ] } },
{ "type": "Feature", "properties": { "amenity": "water_point", "name": "valve" }, "geometry": { "type": "Point", "coordinates": [ 122.0958691, 6.9741676 ] } },
{ "type": "Feature", "properties": { "amenity": null, "name": "capt. residence..ferdinand" }, "geometry": { "type": "Point", "coordinates": [ 122.1019416, 6.9704009 ] } },
{ "type": "Feature", "properties": { "amenity": "water_point", "name": "3rd valve fronting old barangay hall and a stand pipe" }, "geometry": { "type": "Point", "coordinates": [ 122.0967918, 6.9887794 ] } },
{ "type": "Feature", "properties": { "amenity": "pharmacy", "name": "Mercury Drug" }, "geometry": { "type": "Point", "coordinates": [ 122.1067066, 6.9486468 ] } },
{ "type": "Feature", "properties": { "amenity": "atm", "name": "RCBC ATM" }, "geometry": { "type": "Point", "coordinates": [ 122.1088093, 6.9482918 ] } },
{ "type": "Feature", "properties": { "amenity": "toilets", "name": null }, "geometry": { "type": "Point", "coordinates": [ 122.1082276, 6.9488776 ] } },
{ "type": "Feature", "properties": { "amenity": "smoking_area", "name": null }, "geometry": { "type": "Point", "coordinates": [ 122.1083743, 6.9502231 ] } },
{ "type": "Feature", "properties": { "amenity": null, "name": "Fields of dream" }, "geometry": { "type": "Point", "coordinates": [ 122.1135741, 6.9516213 ] } },
{ "type": "Feature", "properties": { "amenity": "police", "name": "H5SAB, PNP-SAF" }, "geometry": { "type": "Point", "coordinates": [ 122.1290972, 6.9548222 ] } },
{ "type": "Feature", "properties": { "amenity": null, "name": "Budgetwise" }, "geometry": { "type": "Point", "coordinates": [ 122.1305994, 6.9611132 ] } },
{ "type": "Feature", "properties": { "amenity": null, "name": "Cielo Store" }, "geometry": { "type": "Point", "coordinates": [ 122.1168423, 6.965069 ] } },
{ "type": "Feature", "properties": { "amenity": "social_facility", "name": "Center for Children in Conflict with the Law" }, "geometry": { "type": "Point", "coordinates": [ 122.146569, 6.9713816 ] } },
{ "type": "Feature", "properties": { "amenity": null, "name": "Cabiles resthouse" }, "geometry": { "type": "Point", "coordinates": [ 122.1338614, 6.9831593 ] } },
{ "type": "Feature", "properties": { "amenity": "water_point", "name": "2nd valve, 100mm" }, "geometry": { "type": "Point", "coordinates": [ 122.0954007, 6.9958722 ] } },
{ "type": "Feature", "properties": { "amenity": "water_point", "name": "first valve, 100mm 23turns" }, "geometry": { "type": "Point", "coordinates": [ 122.0941948, 7.0010082 ] } },
{ "type": "Feature", "properties": { "amenity": "water_point", "name": null }, "geometry": { "type": "Point", "coordinates": [ 122.0942213, 7.0168213 ] } },
{ "type": "Feature", "properties": { "amenity": "school", "name": "Landang Laum Elementary School" }, "geometry": { "type": "Point", "coordinates": [ 122.2468391, 6.9692374 ] } },
{ "type": "Feature", "properties": { "amenity": "shower", "name": null }, "geometry": { "type": "Point", "coordinates": [ 122.1679017, 7.0024189 ] } },
{ "type": "Feature", "properties": { "amenity": null, "name": null }, "geometry": { "type": "Point", "coordinates": [ 122.1680063, 7.0023231 ] } },
{ "type": "Feature", "properties": { "amenity": "place_of_worship", "name": "Prayer Room" }, "geometry": { "type": "Point", "coordinates": [ 122.1685441, 7.0024336 ] } },
{ "type": "Feature", "properties": { "amenity": null, "name": null }, "geometry": { "type": "Point", "coordinates": [ 122.1683952, 7.002399 ] } },
{ "type": "Feature", "properties": { "amenity": "fountain", "name": null }, "geometry": { "type": "Point", "coordinates": [ 122.1680345, 7.0024682 ] } },
{ "type": "Feature", "properties": { "amenity": null, "name": null }, "geometry": { "type": "Point", "coordinates": [ 122.167726, 7.0024456 ] } },
{ "type": "Feature", "properties": { "amenity": null, "name": null }, "geometry": { "type": "Point", "coordinates": [ 122.1681022, 7.0024422 ] } },
{ "type": "Feature", "properties": { "amenity": null, "name": null }, "geometry": { "type": "Point", "coordinates": [ 122.168298, 7.002371 ] } },
{ "type": "Feature", "properties": { "amenity": "parking", "name": null }, "geometry": { "type": "Point", "coordinates": [ 122.1678333, 7.00258 ] } },
{ "type": "Feature", "properties": { "amenity": null, "name": null }, "geometry": { "type": "Point", "coordinates": [ 122.1682343, 7.0026119 ] } },
{ "type": "Feature", "properties": { "amenity": "cafe", "name": "Kofenated" }, "geometry": { "type": "Point", "coordinates": [ 122.1874945, 7.0208875 ] } },
{ "type": "Feature", "properties": { "amenity": null, "name": null }, "geometry": { "type": "Point", "coordinates": [ 122.1262807, 7.0436092 ] } },
{ "type": "Feature", "properties": { "amenity": null, "name": null }, "geometry": { "type": "Point", "coordinates": [ 122.1268451, 7.0577296 ] } },
{ "type": "Feature", "properties": { "amenity": null, "name": "Budgetwise" }, "geometry": { "type": "Point", "coordinates": [ 122.2085516, 7.0740258 ] } },
{ "type": "Feature", "properties": { "amenity": "post_office", "name": "Bravo Company Command Post" }, "geometry": { "type": "Point", "coordinates": [ 122.2141941, 7.0775605 ] } },
{ "type": "Feature", "properties": { "amenity": null, "name": "Jacquelyn Magasa Station" }, "geometry": { "type": "Point", "coordinates": [ 122.2131057, 7.0766787 ] } },
{ "type": "Feature", "properties": { "amenity": "fire_station", "name": "Sangali Fire Station" }, "geometry": { "type": "Point", "coordinates": [ 122.2132726, 7.0792624 ] } },
{ "type": "Feature", "properties": { "amenity": null, "name": "Marky's Bakery" }, "geometry": { "type": "Point", "coordinates": [ 122.2316244, 7.091373 ] } },
{ "type": "Feature", "properties": { "amenity": null, "name": "Maria Luz Store" }, "geometry": { "type": "Point", "coordinates": [ 122.2317718, 7.0913898 ] } },
{ "type": "Feature", "properties": { "amenity": null, "name": "Maya Store" }, "geometry": { "type": "Point", "coordinates": [ 122.2355527, 7.0976264 ] } },
{ "type": "Feature", "properties": { "amenity": null, "name": "Enriquez Store" }, "geometry": { "type": "Point", "coordinates": [ 122.2335787, 7.0948473 ] } },
{ "type": "Feature", "properties": { "amenity": null, "name": null }, "geometry": { "type": "Point", "coordinates": [ 122.2385773, 7.0979592 ] } },
{ "type": "Feature", "properties": { "amenity": "restaurant", "name": "Kyla Meal Place and Pension House" }, "geometry": { "type": "Point", "coordinates": [ 122.2827302, 7.3535951 ] } },
{ "type": "Feature", "properties": { "amenity": null, "name": "Abella's agrivet" }, "geometry": { "type": "Point", "coordinates": [ 122.2854662, 7.3633818 ] } },
{ "type": "Feature", "properties": { "amenity": null, "name": "Mia Lim Store" }, "geometry": { "type": "Point", "coordinates": [ 122.288257, 7.370685 ] } },
{ "type": "Feature", "properties": { "amenity": "restaurant", "name": "Shien Mark Eatery" }, "geometry": { "type": "Point", "coordinates": [ 122.2881159, 7.3706043 ] } },
{ "type": "Feature", "properties": { "amenity": "fast_food", "name": null }, "geometry": { "type": "Point", "coordinates": [ 122.2880265, 7.3708295 ] } },
{ "type": "Feature", "properties": { "amenity": "post_office", "name": "STL SITE" }, "geometry": { "type": "Point", "coordinates": [ 122.2872829, 7.3697195 ] } },
{ "type": "Feature", "properties": { "amenity": null, "name": "Lotto outlet" }, "geometry": { "type": "Point", "coordinates": [ 122.2880029, 7.3705492 ] } },
{ "type": "Feature", "properties": { "amenity": null, "name": null }, "geometry": { "type": "Point", "coordinates": [ 122.2874274, 7.3699586 ] } },
{ "type": "Feature", "properties": { "amenity": "police", "name": "PNP Checkpoint (Border of Licomo)" }, "geometry": { "type": "Point", "coordinates": [ 122.3320971, 7.466986 ] } }
]
}
