{"type": "FeatureCollection", "features": [{"type": "Feature", "geometry": {"type": "Polygon", "coordinates": [[[121.90663500010982, 7.047706823826293], [121.90661378690626, 7.056751110333982], [121.89756057566721, 7.056729816396706], [121.89758196442922, 7.0476855574468615], [121.90663500010982, 7.047706823826293]]]}, "properties": {"grid_id": "0_21", "pred_scaled_catboost": 0.3542819241964813, "pred_scaled_rf": 0.3167967082448691, "barangay_name_clean": NaN, "lon": 121.90209783400798, "lat": 7.052218341627173}}, {"type": "Feature", "geometry": {"type": "Polygon", "coordinates": [[[121.90661378690626, 7.056751110333982], [121.90659254581054, 7.0657953932820545], [121.89753915878218, 7.065774071785908], [121.89756057566721, 7.056729816396706], [121.90661378690626, 7.056751110333982]]]}, "properties": {"grid_id": "0_22", "pred_scaled_catboost": 0.3052496935692168, "pred_scaled_rf": 0.2884217833079797, "barangay_name_clean": "PATALON", "lon": 121.90207651902136, "lat": 7.061262612594819}}, {"type": "Feature", "geometry": {"type": "Polygon", "coordinates": [[[121.90659254581054, 7.0657953932820545], [121.90657127681996, 7.074839672666036], [121.89751771377146, 7.074818323609994], [121.89753915878218, 7.065774071785908], [121.90659254581054, 7.0657953932820545]]]}, "properties": {"grid_id": "0_23", "pred_scaled_catboost": 0.3306875390213954, "pred_scaled_rf": 0.2871931071997072, "barangay_name_clean": "PATALON", "lon": 121.90205517602581, "lat": 7.070306880000095}}, {"type": "Feature", "geometry": {"type": "Polygon", "coordinates": [[[121.90657127681996, 7.074839672666036], [121.90654997993187, 7.083883948481455], [121.89749624063236, 7.0838625718644925], [121.89751771377146, 7.074818323609994], [121.90657127681996, 7.074839672666036]]]}, "properties": {"grid_id": "0_24", "pred_scaled_catboost": 0.4048217453759939, "pred_scaled_rf": 0.4337791243960494, "barangay_name_clean": "LABUAN", "lon": 121.90203380501863, "lat": 7.079351143838532}}, {"type": "Feature", "geometry": {"type": "Polygon", "coordinates": [[[121.90654997993187, 7.083883948481455], [121.90652865514359, 7.0929282207238415], [121.89747473936218, 7.092906816544927], [121.89749624063236, 7.0838625718644925], [121.90654997993187, 7.083883948481455]]]}, "properties": {"grid_id": "0_25", "pred_scaled_catboost": 0.3602316628659759, "pred_scaled_rf": 0.3467986563238118, "barangay_name_clean": "LABUAN", "lon": 121.90201240599717, "lat": 7.088395404105661}}, {"type": "Feature", "geometry": {"type": "Polygon", "coordinates": [[[121.90652865514359, 7.0929282207238415], [121.90650730245245, 7.101972489388722], [121.89745320995824, 7.1019510576468265], [121.89747473936218, 7.092906816544927], [121.90652865514359, 7.0929282207238415]]]}, "properties": {"grid_id": "0_26", "pred_scaled_catboost": 0.3794789174765433, "pred_scaled_rf": 0.338835530934314, "barangay_name_clean": "LABUAN", "lon": 121.90199097895875, "lat": 7.097439660797003}}, {"type": "Feature", "geometry": {"type": "Polygon", "coordinates": [[[121.90650730245245, 7.101972489388722], [121.9064859218558, 7.111016754471627], [121.89743165241781, 7.1109952951657185], [121.89745320995824, 7.1019510576468265], [121.90650730245245, 7.101972489388722]]]}, "properties": {"grid_id": "0_27", "pred_scaled_catboost": 0.3914270354029822, "pred_scaled_rf": 0.4650957645029119, "barangay_name_clean": "LABUAN", "lon": 121.90196952390062, "lat": 7.106483913908094}}, {"type": "Feature", "geometry": {"type": "Polygon", "coordinates": [[[121.9064859218558, 7.111016754471627], [121.90646451335093, 7.120061015968085], [121.89741006673823, 7.1200395290971334], [121.89743165241781, 7.1109952951657185], [121.9064859218558, 7.111016754471627]]]}, "properties": {"grid_id": "0_28", "pred_scaled_catboost": 0.3906947503938773, "pred_scaled_rf": 0.3823814133093788, "barangay_name_clean": "LIMPAPA", "lon": 121.90194804082023, "lat": 7.115528163434453}}, {"type": "Feature", "geometry": {"type": "Polygon", "coordinates": [[[121.90646451335093, 7.120061015968085], [121.90644307693516, 7.129105273873626], [121.89738845291674, 7.129083759436596], [121.89741006673823, 7.1200395290971334], [121.90646451335093, 7.120061015968085]]]}, "properties": {"grid_id": "0_29", "pred_scaled_catboost": 0.431947277651015, "pred_scaled_rf": 0.3821185163651908, "barangay_name_clean": "LIMPAPA", "lon": 121.90192652971473, "lat": 7.1245724093716225}}, {"type": "Feature", "geometry": {"type": "Polygon", "coordinates": [[[121.90644307693516, 7.129105273873626], [121.90642161260577, 7.138149528183778], [121.89736681095067, 7.138127986179633], [121.89738845291674, 7.129083759436596], [121.90644307693516, 7.129105273873626]]]}, "properties": {"grid_id": "0_30", "pred_scaled_catboost": 0.41599492939557, "pred_scaled_rf": 0.3892992384211975, "barangay_name_clean": "LIMPAPA", "lon": 121.9019049905815, "lat": 7.133616651715114}}, {"type": "Feature", "geometry": {"type": "Polygon", "coordinates": [[[121.90642161260577, 7.138149528183778], [121.90640012036015, 7.147193778894074], [121.89734514083729, 7.147172209321777], [121.89736681095067, 7.138127986179633], [121.90642161260577, 7.138149528183778]]]}, "properties": {"grid_id": "0_31", "pred_scaled_catboost": 0.3862738507434137, "pred_scaled_rf": 0.4639108507898207, "barangay_name_clean": "LIMPAPA", "lon": 121.90188342341784, "lat": 7.142660890460473}}, {"type": "Feature", "geometry": {"type": "Polygon", "coordinates": [[[121.90640012036015, 7.147193778894074], [121.90637860019551, 7.156238026000044], [121.89732344257388, 7.15621642885856], [121.89734514083729, 7.147172209321777], [121.90640012036015, 7.147193778894074]]]}, "properties": {"grid_id": "0_32", "pred_scaled_catboost": 0.3771148018034848, "pred_scaled_rf": 0.4610376991790215, "barangay_name_clean": "LIMPAPA", "lon": 121.90186182822103, "lat": 7.151705125603216}}, {"type": "Feature", "geometry": {"type": "Polygon", "coordinates": [[[121.91575101066549, 7.02059495210804], [121.9157300559913, 7.029639276595422], [121.90667734285101, 7.029618240149954], [121.90669847239394, 7.020573942990252], [121.91575101066549, 7.02059495210804]]]}, "properties": {"grid_id": "1_18", "pred_scaled_catboost": 0.3093790349704302, "pred_scaled_rf": 0.3250927663442194, "barangay_name_clean": NaN, "lon": 121.91121422268708, "lat": 7.025106617530358}}, {"type": "Feature", "geometry": {"type": "Polygon", "coordinates": [[[121.9157300559913, 7.029639276595422], [121.91570907366366, 7.0386835975376165], [121.90665618542386, 7.0386625337634605], [121.90667734285101, 7.029618240149954], [121.9157300559913, 7.029639276595422]]]}, "properties": {"grid_id": "1_19", "pred_scaled_catboost": 0.3258747539140881, "pred_scaled_rf": 0.3335394936332886, "barangay_name_clean": "PATALON", "lon": 121.91119316669402, "lat": 7.034150926599993}}, {"type": "Feature", "geometry": {"type": "Polygon", "coordinates": [[[121.91570907366366, 7.0386835975376165], [121.91568806367994, 7.047727914930154], [121.90663500010982, 7.047706823826293], [121.90665618542386, 7.0386625337634605], [121.91570907366366, 7.0386835975376165]]]}, "properties": {"grid_id": "1_20", "pred_scaled_catboost": 0.3502846882990332, "pred_scaled_rf": 0.3760157194938717, "barangay_name_clean": "PATALON", "lon": 121.91117208293086, "lat": 7.0431952321217}}, {"type": "Feature", "geometry": {"type": "Polygon", "coordinates": [[[121.91568806367994, 7.047727914930154], [121.91566702603751, 7.05677222876856], [121.90661378690626, 7.056751110333982], [121.90663500010982, 7.047706823826293], [121.91568806367994, 7.047727914930154]]]}, "properties": {"grid_id": "1_21", "pred_scaled_catboost": 0.3586486983819041, "pred_scaled_rf": 0.2927979918576146, "barangay_name_clean": "PATALON", "lon": 121.91115097139487, "lat": 7.052239534091009}}, {"type": "Feature", "geometry": {"type": "Polygon", "coordinates": [[[121.91566702603751, 7.05677222876856], [121.91564596073374, 7.065816539048368], [121.90659254581054, 7.0657953932820545], [121.90661378690626, 7.056751110333982], [121.91566702603751, 7.05677222876856]]]}, "properties": {"grid_id": "1_22", "pred_scaled_catboost": 0.3131453523915871, "pred_scaled_rf": 0.2880543854468734, "barangay_name_clean": "PATALON", "lon": 121.91112983208345, "lat": 7.061283832503443}}, {"type": "Feature", "geometry": {"type": "Polygon", "coordinates": [[[121.91564596073374, 7.065816539048368], [121.91562486776597, 7.074860845765101], [121.90657127681996, 7.074839672666036], [121.90659254581054, 7.0657953932820545], [121.91564596073374, 7.065816539048368]]]}, "properties": {"grid_id": "1_23", "pred_scaled_catboost": 0.3034382591626587, "pred_scaled_rf": 0.2824015258323216, "barangay_name_clean": "PATALON", "lon": 121.91110866499396, "lat": 7.070328127354532}}, {"type": "Feature", "geometry": {"type": "Polygon", "coordinates": [[[121.91562486776597, 7.074860845765101], [121.91560374713154, 7.08390514891429], [121.90654997993187, 7.083883948481455], [121.90657127681996, 7.074839672666036], [121.91562486776597, 7.074860845765101]]]}, "properties": {"grid_id": "1_24", "pred_scaled_catboost": 0.3458856283703296, "pred_scaled_rf": 0.3312890700120646, "barangay_name_clean": "LABUAN", "lon": 121.91108747012366, "lat": 7.079372418639805}}, {"type": "Feature", "geometry": {"type": "Polygon", "coordinates": [[[121.91560374713154, 7.08390514891429], [121.91558259882785, 7.092949448491467], [121.90652865514359, 7.0929282207238415], [121.90654997993187, 7.083883948481455], [121.91560374713154, 7.08390514891429]]]}, "properties": {"grid_id": "1_25", "pred_scaled_catboost": 0.3640347869765854, "pred_scaled_rf": 0.3340023767109031, "barangay_name_clean": "LABUAN", "lon": 121.91106624747003, "lat": 7.088416706354793}}, {"type": "Feature", "geometry": {"type": "Polygon", "coordinates": [[[121.91558259882785, 7.092949448491467], [121.91556142285224, 7.101993744492158], [121.90650730245245, 7.101972489388722], [121.90652865514359, 7.0929282207238415], [121.91558259882785, 7.092949448491467]]]}, "properties": {"grid_id": "1_26", "pred_scaled_catboost": 0.3910347798710547, "pred_scaled_rf": 0.3392186325388835, "barangay_name_clean": "LABUAN", "lon": 121.91104499703029, "lat": 7.09746099049502}}, {"type": "Feature", "geometry": {"type": "Polygon", "coordinates": [[[121.91556142285224, 7.101993744492158], [121.915540219202, 7.111038036911897], [121.9064859218558, 7.111016754471627], [121.90650730245245, 7.101972489388722], [121.91556142285224, 7.101993744492158]]]}, "properties": {"grid_id": "1_27", "pred_scaled_catboost": 0.3447626588078007, "pred_scaled_rf": 0.3147715752822093, "barangay_name_clean": "LABUAN", "lon": 121.91102371880181, "lat": 7.106505271056015}}, {"type": "Feature", "geometry": {"type": "Polygon", "coordinates": [[[121.915540219202, 7.111038036911897], [121.91551898787452, 7.120082325746214], [121.90646451335093, 7.120061015968085], [121.9064859218558, 7.111016754471627], [121.915540219202, 7.111038036911897]]]}, "properties": {"grid_id": "1_28", "pred_scaled_catboost": 0.394425880606563, "pred_scaled_rf": 0.3808291523417566, "barangay_name_clean": "LIMPAPA", "lon": 121.91100241278195, "lat": 7.115549548033316}}, {"type": "Feature", "geometry": {"type": "Polygon", "coordinates": [[[121.91551898787452, 7.120082325746214], [121.91549772886714, 7.129126610990638], [121.90644307693516, 7.129105273873626], [121.90646451335093, 7.120061015968085], [121.91551898787452, 7.120082325746214]]]}, "properties": {"grid_id": "1_29", "pred_scaled_catboost": 0.4230644140719258, "pred_scaled_rf": 0.3782561968288931, "barangay_name_clean": "LIMPAPA", "lon": 121.91098107896804, "lat": 7.124593821422448}}, {"type": "Feature", "geometry": {"type": "Polygon", "coordinates": [[[121.91549772886714, 7.129126610990638], [121.91547644217717, 7.1381708926407015], [121.90642161260577, 7.138149528183778], [121.90644307693516, 7.129105273873626], [121.91549772886714, 7.129126610990638]]]}, "properties": {"grid_id": "1_30", "pred_scaled_catboost": 0.413372981856432, "pred_scaled_rf": 0.3832160767485528, "barangay_name_clean": "LIMPAPA", "lon": 121.91095971735734, "lat": 7.133638091218942}}, {"type": "Feature", "geometry": {"type": "Polygon", "coordinates": [[[121.91547644217717, 7.1381708926407015], [121.91545512780196, 7.147215170691937], [121.90640012036015, 7.147193778894074], [121.90642161260577, 7.138149528183778], [121.91547644217717, 7.1381708926407015]]]}, "properties": {"grid_id": "1_31", "pred_scaled_catboost": 0.3884639285833957, "pred_scaled_rf": 0.4706854985419234, "barangay_name_clean": "LIMPAPA", "lon": 121.91093832794725, "lat": 7.142682357418323}}, {"type": "Feature", "geometry": {"type": "Polygon", "coordinates": [[[121.91545512780196, 7.147215170691937], [121.91543378573881, 7.156259445139875], [121.90637860019551, 7.156238026000044], [121.90640012036015, 7.147193778894074], [121.91545512780196, 7.147215170691937]]]}, "properties": {"grid_id": "1_32", "pred_scaled_catboost": 0.4079356469026564, "pred_scaled_rf": 0.4665304405775177, "barangay_name_clean": "LIMPAPA", "lon": 121.91091691073504, "lat": 7.151726620016132}}, {"type": "Feature", "geometry": {"type": "Polygon", "coordinates": [[[121.92488642162428, 6.984438344924759], [121.9248657514862, 6.993482710644729], [121.91581370879356, 6.993461957419506], [121.91583455288018, 6.984417618796108], [121.92488642162428, 6.984438344924759]]]}, "properties": {"grid_id": "2_14", "pred_scaled_catboost": 0.2379277900115337, "pred_scaled_rf": 0.2392243340296565, "barangay_name_clean": "TALISAYAN", "lon": 121.92035011088949, "lat": 6.988950172440014}}, {"type": "Feature", "geometry": {"type": "Polygon", "coordinates": [[[121.9248657514862, 6.993482710644729], [121.92484505393581, 7.002527072838403], [121.915792837064, 7.0025062925156085], [121.91581370879356, 6.993461957419506], [121.9248657514862, 6.993482710644729]]]}, "properties": {"grid_id": "2_15", "pred_scaled_catboost": 0.2479218957676919, "pred_scaled_rf": 0.2240880471571147, "barangay_name_clean": "TALISAYAN", "lon": 121.9203293400133, "lat": 6.9979945228672324}}, {"type": "Feature", "geometry": {"type": "Polygon", "coordinates": [[[121.92484505393581, 7.002527072838403], [121.92482432897059, 7.011571431501309], [121.91577193768883, 7.011550624079946], [121.915792837064, 7.0025062925156085], [121.92484505393581, 7.002527072838403]]]}, "properties": {"grid_id": "2_16", "pred_scaled_catboost": 0.3747781881266016, "pred_scaled_rf": 0.3891844211383596, "barangay_name_clean": "SINUBUNG", "lon": 121.92030854160815, "lat": 7.00703886976543}}, {"type": "Feature", "geometry": {"type": "Polygon", "coordinates": [[[121.92482432897059, 7.011571431501309], [121.92480357658786, 7.0206157866289765], [121.91575101066549, 7.02059495210804], [121.91577193768883, 7.011550624079946], [121.92482432897059, 7.011571431501309]]]}, "properties": {"grid_id": "2_17", "pred_scaled_catboost": 0.3711982292097632, "pred_scaled_rf": 0.4146090425874461, "barangay_name_clean": "SINUBUNG", "lon": 121.92028771567148, "lat": 7.016083213130114}}, {"type": "Feature", "geometry": {"type": "Polygon", "coordinates": [[[121.92480357658786, 7.0206157866289765], [121.92478279678505, 7.029660138216931], [121.9157300559913, 7.029639276595422], [121.91575101066549, 7.02059495210804], [121.92480357658786, 7.0206157866289765]]]}, "properties": {"grid_id": "2_18", "pred_scaled_catboost": 0.3821780312769207, "pred_scaled_rf": 0.4558225662020232, "barangay_name_clean": "SINUBUNG", "lon": 121.92026686220069, "lat": 7.025127552956828}}, {"type": "Feature", "geometry": {"type": "Polygon", "coordinates": [[[121.92478279678505, 7.029660138216931], [121.92476198955956, 7.038704486260704], [121.91570907366366, 7.0386835975376165], [121.9157300559913, 7.029639276595422], [121.92478279678505, 7.029660138216931]]]}, "properties": {"grid_id": "2_19", "pred_scaled_catboost": 0.2962970423594873, "pred_scaled_rf": 0.3270982348995545, "barangay_name_clean": "PATALON", "lon": 121.92024598119308, "lat": 7.034171889241091}}, {"type": "Feature", "geometry": {"type": "Polygon", "coordinates": [[[121.92476198955956, 7.038704486260704], [121.9247411549088, 7.047748830755822], [121.91568806367994, 7.047727914930154], [121.91570907366366, 7.0386835975376165], [121.92476198955956, 7.038704486260704]]]}, "properties": {"grid_id": "2_20", "pred_scaled_catboost": 0.3377922230379916, "pred_scaled_rf": 0.3461393654955562, "barangay_name_clean": "PATALON", "lon": 121.92022507264615, "lat": 7.043216221978442}}, {"type": "Feature", "geometry": {"type": "Polygon", "coordinates": [[[121.9247411549088, 7.047748830755822], [121.92472029283012, 7.056793171697818], [121.91566702603751, 7.05677222876856], [121.91568806367994, 7.047727914930154], [121.9247411549088, 7.047748830755822]]]}, "properties": {"grid_id": "2_21", "pred_scaled_catboost": 0.3629723545222757, "pred_scaled_rf": 0.3594097886878163, "barangay_name_clean": "PATALON", "lon": 121.9202041365572, "lat": 7.052260551164392}}, {"type": "Feature", "geometry": {"type": "Polygon", "coordinates": [[[121.92472029283012, 7.056793171697818], [121.92469940332093, 7.065837509082219], [121.91564596073374, 7.065816539048368], [121.91566702603751, 7.05677222876856], [121.92472029283012, 7.056793171697818]]]}, "properties": {"grid_id": "2_22", "pred_scaled_catboost": 0.347057061284116, "pred_scaled_rf": 0.2849642496497686, "barangay_name_clean": "PATALON", "lon": 121.92018317292361, "lat": 7.061304876794486}}, {"type": "Feature", "geometry": {"type": "Polygon", "coordinates": [[[121.92469940332093, 7.065837509082219], [121.92467848637861, 7.074881842904556], [121.91562486776597, 7.074860845765101], [121.91564596073374, 7.065816539048368], [121.92469940332093, 7.065837509082219]]]}, "properties": {"grid_id": "2_23", "pred_scaled_catboost": 0.332091013603881, "pred_scaled_rf": 0.3015966717659487, "barangay_name_clean": "PATALON", "lon": 121.92016218174282, "lat": 7.070349198864248}}, {"type": "Feature", "geometry": {"type": "Polygon", "coordinates": [[[121.92467848637861, 7.074881842904556], [121.92465754200053, 7.083926173160361], [121.91560374713154, 7.08390514891429], [121.91562486776597, 7.074860845765101], [121.92467848637861, 7.074881842904556]]]}, "properties": {"grid_id": "2_24", "pred_scaled_catboost": 0.3569022796702085, "pred_scaled_rf": 0.3282371396216241, "barangay_name_clean": "LABUAN", "lon": 121.92014116301212, "lat": 7.079393517369208}}, {"type": "Feature", "geometry": {"type": "Polygon", "coordinates": [[[121.92465754200053, 7.083926173160361], [121.92463657018405, 7.092970499845164], [121.91558259882785, 7.092949448491467], [121.91560374713154, 7.08390514891429], [121.92465754200053, 7.083926173160361]]]}, "properties": {"grid_id": "2_25", "pred_scaled_catboost": 0.3578392828993813, "pred_scaled_rf": 0.3074243248887522, "barangay_name_clean": "LABUAN", "lon": 121.92012011672894, "lat": 7.088437832304892}}, {"type": "Feature", "geometry": {"type": "Polygon", "coordinates": [[[121.92463657018405, 7.092970499845164], [121.92461557092656, 7.102014822954495], [121.91556142285224, 7.101993744492158], [121.91558259882785, 7.092949448491467], [121.92463657018405, 7.092970499845164]]]}, "properties": {"grid_id": "2_26", "pred_scaled_catboost": 0.3517053689872303, "pred_scaled_rf": 0.3662332885744109, "barangay_name_clean": "LABUAN", "lon": 121.92009904289053, "lat": 7.097482143666837}}, {"type": "Feature", "geometry": {"type": "Polygon", "coordinates": [[[121.92461557092656, 7.102014822954495], [121.92459454422544, 7.111059142483887], [121.915540219202, 7.111038036911897], [121.91556142285224, 7.101993744492158], [121.92461557092656, 7.102014822954495]]]}, "properties": {"grid_id": "2_27", "pred_scaled_catboost": 0.3739814641173029, "pred_scaled_rf": 0.3769204784253167, "barangay_name_clean": "LABUAN", "lon": 121.92007794149436, "lat": 7.106526451450572}}, {"type": "Feature", "geometry": {"type": "Polygon", "coordinates": [[[121.92459454422544, 7.111059142483887], [121.92457349007805, 7.120103458428871], [121.91551898787452, 7.120082325746214], [121.915540219202, 7.111038036911897], [121.92459454422544, 7.111059142483887]]]}, "properties": {"grid_id": "2_28", "pred_scaled_catboost": 0.3988930135824867, "pred_scaled_rf": 0.3904062166181481, "barangay_name_clean": "LABUAN", "lon": 121.92005681253778, "lat": 7.115570755651625}}, {"type": "Feature", "geometry": {"type": "Polygon", "coordinates": [[[121.92457349007805, 7.120103458428871], [121.9245524084817, 7.129147770784982], [121.91549772886714, 7.129126610990638], [121.91551898787452, 7.120082325746214], [121.92457349007805, 7.120103458428871]]]}, "properties": {"grid_id": "2_29", "pred_scaled_catboost": 0.4163379156894115, "pred_scaled_rf": 0.3892241127279234, "barangay_name_clean": "LIMPAPA", "lon": 121.92003565601807, "lat": 7.124615056265528}}, {"type": "Feature", "geometry": {"type": "Polygon", "coordinates": [[[121.9245524084817, 7.129147770784982], [121.92453129943381, 7.13819207954775], [121.91547644217717, 7.1381708926407015], [121.91549772886714, 7.129126610990638], [121.9245524084817, 7.129147770784982]]]}, "properties": {"grid_id": "2_30", "pred_scaled_catboost": 0.3969303304389727, "pred_scaled_rf": 0.3913657513608067, "barangay_name_clean": "LIMPAPA", "lon": 121.92001447193262, "lat": 7.133659353287818}}, {"type": "Feature", "geometry": {"type": "Polygon", "coordinates": [[[121.92453129943381, 7.13819207954775], [121.9245101629317, 7.147236384712708], [121.91545512780196, 7.147215170691937], [121.91547644217717, 7.1381708926407015], [121.92453129943381, 7.13819207954775]]]}, "properties": {"grid_id": "2_31", "pred_scaled_catboost": 0.3633114537281813, "pred_scaled_rf": 0.3008631582140134, "barangay_name_clean": NaN, "lon": 121.91999326027877, "lat": 7.142703646714019}}, {"type": "Feature", "geometry": {"type": "Polygon", "coordinates": [[[121.93397922861749, 6.966370101625351], [121.93395878678602, 6.9754145012520175], [121.92490706435268, 6.975393975682966], [121.92492767967397, 6.966349602923822], [121.93397922861749, 6.966370101625351]]]}, "properties": {"grid_id": "3_12", "pred_scaled_catboost": 0.2465826977699246, "pred_scaled_rf": 0.2522257407758301, "barangay_name_clean": "TALISAYAN", "lon": 121.92944319203272, "lat": 6.9708820598269545}}, {"type": "Feature", "geometry": {"type": "Polygon", "coordinates": [[[121.93395878678602, 6.9754145012520175], [121.93393831777807, 6.984458897362321], [121.92488642162428, 6.984438344924759], [121.92490706435268, 6.975393975682966], [121.93395878678602, 6.9754145012520175]]]}, "properties": {"grid_id": "3_13", "pred_scaled_catboost": 0.2523510269366307, "pred_scaled_rf": 0.2554048463690177, "barangay_name_clean": "TALISAYAN", "lon": 121.92942264981038, "lat": 6.979926444280363}}, {"type": "Feature", "geometry": {"type": "Polygon", "coordinates": [[[121.93393831777807, 6.984458897362321], [121.93391782159111, 6.993503289951789], [121.9248657514862, 6.993482710644729], [121.92488642162428, 6.984438344924759], [121.93393831777807, 6.984458897362321]]]}, "properties": {"grid_id": "3_14", "pred_scaled_catboost": 0.2397052361655205, "pred_scaled_rf": 0.2374535283133085, "barangay_name_clean": "TALISAYAN", "lon": 121.92940208029499, "lat": 6.9889708252146825}}, {"type": "Feature", "geometry": {"type": "Polygon", "coordinates": [[[121.93391782159111, 6.993503289951789], [121.93389729822253, 7.002547679015951], [121.92484505393581, 7.002527072838403], [121.9248657514862, 6.993482710644729], [121.93391782159111, 6.993503289951789]]]}, "properties": {"grid_id": "3_15", "pred_scaled_catboost": 0.2402027496011347, "pred_scaled_rf": 0.2206637213437759, "barangay_name_clean": "TALISAYAN", "lon": 121.92938148348394, "lat": 6.998015202625437}}, {"type": "Feature", "geometry": {"type": "Polygon", "coordinates": [[[121.93389729822253, 7.002547679015951], [121.93387674766979, 7.011592064550336], [121.92482432897059, 7.011571431501309], [121.92484505393581, 7.002527072838403], [121.93389729822253, 7.002547679015951]]]}, "properties": {"grid_id": "3_16", "pred_scaled_catboost": 0.2311425795286773, "pred_scaled_rf": 0.2195369072770077, "barangay_name_clean": "TALISAYAN", "lon": 121.92936085937464, "lat": 7.007059576508153}}, {"type": "Feature", "geometry": {"type": "Polygon", "coordinates": [[[121.93387674766979, 7.011592064550336], [121.9338561699303, 7.020636446550474], [121.92480357658786, 7.0206157866289765], [121.92482432897059, 7.011571431501309], [121.93387674766979, 7.011592064550336]]]}, "properties": {"grid_id": "3_17", "pred_scaled_catboost": 0.3668080241845725, "pred_scaled_rf": 0.4143250891013537, "barangay_name_clean": "SINUBUNG", "lon": 121.92934020796454, "lat": 7.016103946858366}}, {"type": "Feature", "geometry": {"type": "Polygon", "coordinates": [[[121.9338561699303, 7.020636446550474], [121.93383556500149, 7.029680825011894], [121.92478279678505, 7.029660138216931], [121.92480357658786, 7.0206157866289765], [121.9338561699303, 7.020636446550474]]]}, "properties": {"grid_id": "3_18", "pred_scaled_catboost": 0.3539471707863268, "pred_scaled_rf": 0.4599602310524031, "barangay_name_clean": "SINUBUNG", "lon": 121.92931952925103, "lat": 7.025148313671601}}, {"type": "Feature", "geometry": {"type": "Polygon", "coordinates": [[[121.93383556500149, 7.029680825011894], [121.93381493288075, 7.038725199930125], [121.92476198955956, 7.038704486260704], [121.92478279678505, 7.029660138216931], [121.93383556500149, 7.029680825011894]]]}, "properties": {"grid_id": "3_19", "pred_scaled_catboost": 0.3265724445059853, "pred_scaled_rf": 0.3390618311277218, "barangay_name_clean": "SINUBUNG", "lon": 121.92929882323152, "lat": 7.034192676943385}}, {"type": "Feature", "geometry": {"type": "Polygon", "coordinates": [[[121.93381493288075, 7.038725199930125], [121.93379427356555, 7.047769571300702], [121.9247411549088, 7.047748830755822], [121.92476198955956, 7.038704486260704], [121.93381493288075, 7.038725199930125]]]}, "properties": {"grid_id": "3_20", "pred_scaled_catboost": 0.3193242099543428, "pred_scaled_rf": 0.3379877462233216, "barangay_name_clean": "PATALON", "lon": 121.92927808990345, "lat": 7.0432370366692485}}, {"type": "Feature", "geometry": {"type": "Polygon", "coordinates": [[[121.93379427356555, 7.047769571300702], [121.93377358705322, 7.056813939119151], [121.92472029283012, 7.056793171697818], [121.9247411549088, 7.047748830755822], [121.93379427356555, 7.047769571300702]]]}, "properties": {"grid_id": "3_21", "pred_scaled_catboost": 0.3540001477047849, "pred_scaled_rf": 0.3619286436768612, "barangay_name_clean": "PATALON", "lon": 121.92925732926415, "lat": 7.052281392844722}}, {"type": "Feature", "geometry": {"type": "Polygon", "coordinates": [[[121.93377358705322, 7.056813939119151], [121.93375287334126, 7.065858303381006], [121.92469940332093, 7.065837509082219], [121.92472029283012, 7.056793171697818], [121.93377358705322, 7.056813939119151]]]}, "properties": {"grid_id": "3_22", "pred_scaled_catboost": 0.3520416475493793, "pred_scaled_rf": 0.3796755895824539, "barangay_name_clean": "PATALON", "lon": 121.92923654131107, "lat": 7.061325745465341}}, {"type": "Feature", "geometry": {"type": "Polygon", "coordinates": [[[121.93375287334126, 7.065858303381006], [121.933732132427, 7.074902664081796], [121.92467848637861, 7.074881842904556], [121.92469940332093, 7.065837509082219], [121.93375287334126, 7.065858303381006]]]}, "properties": {"grid_id": "3_23", "pred_scaled_catboost": 0.3586862143648863, "pred_scaled_rf": 0.3694580498422353, "barangay_name_clean": "PATALON", "lon": 121.92921572604156, "lat": 7.070370094526626}}, {"type": "Feature", "geometry": {"type": "Polygon", "coordinates": [[[121.933732132427, 7.074902664081796], [121.93371136430787, 7.083947021217058], [121.92465754200053, 7.083926173160361], [121.92467848637861, 7.074881842904556], [121.933732132427, 7.074902664081796]]]}, "properties": {"grid_id": "3_24", "pred_scaled_catboost": 0.3839904025764876, "pred_scaled_rf": 0.3876856000647398, "barangay_name_clean": "LABUAN", "lon": 121.92919488345309, "lat": 7.079414440024118}}, {"type": "Feature", "geometry": {"type": "Polygon", "coordinates": [[[121.93371136430787, 7.083947021217058], [121.93369056898126, 7.092991374782317], [121.92463657018405, 7.092970499845164], [121.92465754200053, 7.083926173160361], [121.93371136430787, 7.083947021217058]]]}, "properties": {"grid_id": "3_25", "pred_scaled_catboost": 0.3889656227987523, "pred_scaled_rf": 0.3914606849634692, "barangay_name_clean": "LABUAN", "lon": 121.92917401354298, "lat": 7.088458781953345}}, {"type": "Feature", "geometry": {"type": "Polygon", "coordinates": [[[121.93369056898126, 7.092991374782317], [121.93366974644456, 7.1020357247731125], [121.92461557092656, 7.102014822954495], [121.92463657018405, 7.092970499845164], [121.93369056898126, 7.092991374782317]]]}, "properties": {"grid_id": "3_26", "pred_scaled_catboost": 0.415725489851658, "pred_scaled_rf": 0.3940172860850102, "barangay_name_clean": "LABUAN", "lon": 121.9291531163086, "lat": 7.097503120309835}}, {"type": "Feature", "geometry": {"type": "Polygon", "coordinates": [[[121.93366974644456, 7.1020357247731125], [121.93364889669517, 7.111080071184973], [121.92459454422544, 7.111059142483887], [121.92461557092656, 7.102014822954495], [121.93366974644456, 7.1020357247731125]]]}, "properties": {"grid_id": "3_27", "pred_scaled_catboost": 0.3965798357426434, "pred_scaled_rf": 0.3819518041369146, "barangay_name_clean": "LABUAN", "lon": 121.92913219174739, "lat": 7.1065474550891246}}, {"type": "Feature", "geometry": {"type": "Polygon", "coordinates": [[[121.93364889669517, 7.111080071184973], [121.93362801973048, 7.120124414013435], [121.92457349007805, 7.120103458428871], [121.92459454422544, 7.111059142483887], [121.93364889669517, 7.111080071184973]]]}, "properties": {"grid_id": "3_28", "pred_scaled_catboost": 0.3934828197113877, "pred_scaled_rf": 0.4030733745716138, "barangay_name_clean": "LIMPAPA", "lon": 121.92911123985667, "lat": 7.115591786286744}}, {"type": "Feature", "geometry": {"type": "Polygon", "coordinates": [[[121.93362801973048, 7.120124414013435], [121.93360711554783, 7.129168753254029], [121.9245524084817, 7.129147770784982], [121.92457349007805, 7.120103458428871], [121.93362801973048, 7.120124414013435]]]}, "properties": {"grid_id": "3_29", "pred_scaled_catboost": 0.3767958115267675, "pred_scaled_rf": 0.4043328078646931, "barangay_name_clean": "LIMPAPA", "lon": 121.92909026063387, "lat": 7.124636113898229}}, {"type": "Feature", "geometry": {"type": "Polygon", "coordinates": [[[121.93360711554783, 7.129168753254029], [121.93358618414466, 7.13821308890229], [121.92453129943381, 7.13819207954775], [121.9245524084817, 7.129147770784982], [121.93360711554783, 7.129168753254029]]]}, "properties": {"grid_id": "3_30", "pred_scaled_catboost": 0.4235860372343324, "pred_scaled_rf": 0.3970168895291667, "barangay_name_clean": "LIMPAPA", "lon": 121.92906925407628, "lat": 7.133680437919108}}, {"type": "Feature", "geometry": {"type": "Polygon", "coordinates": [[[121.93358618414466, 7.13821308890229], [121.9335652255183, 7.147257420953754], [121.9245101629317, 7.147236384712708], [121.92453129943381, 7.13819207954775], [121.93358618414466, 7.13821308890229]]]}, "properties": {"grid_id": "3_31", "pred_scaled_catboost": 0.4227550204439117, "pred_scaled_rf": 0.4121331708326891, "barangay_name_clean": NaN, "lon": 121.92904822018136, "lat": 7.142724758344918}}, {"type": "Feature", "geometry": {"type": "Polygon", "coordinates": [[[121.94305104613076, 6.957345997309331], [121.94303080473493, 6.966390427087371], [121.93397922861749, 6.966370101625351], [121.93399964327506, 6.957325698486794], [121.94305104613076, 6.957345997309331]]]}, "properties": {"grid_id": "4_11", "pred_scaled_catboost": 0.2371374128476487, "pred_scaled_rf": 0.2554723989723711, "barangay_name_clean": "AYALA", "lon": 121.93851518284639, "lat": 6.961858070564233}}, {"type": "Feature", "geometry": {"type": "Polygon", "coordinates": [[[121.94303080473493, 6.966390427087371], [121.94301053639583, 6.9754348533545], [121.93395878678602, 6.9754145012520175], [121.93397922861749, 6.966370101625351], [121.94303080473493, 6.966390427087371]]]}, "properties": {"grid_id": "4_12", "pred_scaled_catboost": 0.234286537731765, "pred_scaled_rf": 0.2490872768255529, "barangay_name_clean": "TALISAYAN", "lon": 121.93849484129035, "lat": 6.970902485285767}}, {"type": "Feature", "geometry": {"type": "Polygon", "coordinates": [[[121.94301053639583, 6.9754348533545], [121.94299024111089, 6.984479276106241], [121.93393831777807, 6.984458897362321], [121.93395878678602, 6.9754145012520175], [121.94301053639583, 6.9754348533545]]]}, "properties": {"grid_id": "4_13", "pred_scaled_catboost": 0.2431329923592241, "pred_scaled_rf": 0.2537080105963973, "barangay_name_clean": "TALISAYAN", "lon": 121.93847447267444, "lat": 6.9799468964936615}}, {"type": "Feature", "geometry": {"type": "Polygon", "coordinates": [[[121.94299024111089, 6.984479276106241], [121.9429699188776, 6.99352369533813], [121.93391782159111, 6.993503289951789], [121.93393831777807, 6.984458897362321], [121.94299024111089, 6.984479276106241]]]}, "properties": {"grid_id": "4_14", "pred_scaled_catboost": 0.2272306513432342, "pred_scaled_rf": 0.3442694310187518, "barangay_name_clean": "TALISAYAN", "lon": 121.93845407699608, "lat": 6.988991304183447}}, {"type": "Feature", "geometry": {"type": "Polygon", "coordinates": [[[121.9429699188776, 6.99352369533813], [121.9429495696934, 7.002568111045693], [121.93389729822253, 7.002547679015951], [121.93391782159111, 6.993503289951789], [121.9429699188776, 6.99352369533813]]]}, "properties": {"grid_id": "4_15", "pred_scaled_catboost": 0.2358292036783252, "pred_scaled_rf": 0.3176603571817032, "barangay_name_clean": "TALISAYAN", "lon": 121.9384336542528, "lat": 6.998035708350654}}, {"type": "Feature", "geometry": {"type": "Polygon", "coordinates": [[[121.9429495696934, 7.002568111045693], [121.94292919355574, 7.011612523224462], [121.93387674766979, 7.011592064550336], [121.93389729822253, 7.002547679015951], [121.9429495696934, 7.002568111045693]]]}, "properties": {"grid_id": "4_16", "pred_scaled_catboost": 0.3547672460369698, "pred_scaled_rf": 0.4445698292341162, "barangay_name_clean": "PAMUCUTAN", "lon": 121.93841320444196, "lat": 7.007080108990811}}, {"type": "Feature", "geometry": {"type": "Polygon", "coordinates": [[[121.94292919355574, 7.011612523224462], [121.94290879046208, 7.020656931869967], [121.9338561699303, 7.020636446550474], [121.93387674766979, 7.011592064550336], [121.94292919355574, 7.011612523224462]]]}, "properties": {"grid_id": "4_17", "pred_scaled_catboost": 0.2280353818612068, "pred_scaled_rf": 0.226898506957462, "barangay_name_clean": "TALISAYAN", "lon": 121.938392727561, "lat": 7.016124506099448}}, {"type": "Feature", "geometry": {"type": "Polygon", "coordinates": [[[121.94290879046208, 7.020656931869967], [121.94288836040981, 7.02970133697774], [121.93383556500149, 7.029680825011894], [121.9338561699303, 7.020636446550474], [121.94290879046208, 7.020656931869967]]]}, "properties": {"grid_id": "4_18", "pred_scaled_catboost": 0.3127921773807477, "pred_scaled_rf": 0.3331465280628128, "barangay_name_clean": "SINUBUNG", "lon": 121.9383722236074, "lat": 7.0251688996720905}}, {"type": "Feature", "geometry": {"type": "Polygon", "coordinates": [[[121.94288836040981, 7.02970133697774], [121.94286790339645, 7.0387457385433105], [121.93381493288075, 7.038725199930125], [121.93383556500149, 7.029680825011894], [121.94288836040981, 7.02970133697774]]]}, "properties": {"grid_id": "4_19", "pred_scaled_catboost": 0.3352474717419978, "pred_scaled_rf": 0.3600783238282689, "barangay_name_clean": "SINUBUNG", "lon": 121.93835169257856, "lat": 7.034213289704285}}, {"type": "Feature", "geometry": {"type": "Polygon", "coordinates": [[[121.94286790339645, 7.0387457385433105], [121.94284741941937, 7.047790136562214], [121.93379427356555, 7.047769571300702], [121.93381493288075, 7.038725199930125], [121.94286790339645, 7.0387457385433105]]]}, "properties": {"grid_id": "4_20", "pred_scaled_catboost": 0.3417157544109766, "pred_scaled_rf": 0.3800893107698279, "barangay_name_clean": "SINUBUNG", "lon": 121.93833113447191, "lat": 7.043257676191541}}, {"type": "Feature", "geometry": {"type": "Polygon", "coordinates": [[[121.94284741941937, 7.047790136562214], [121.94282690847604, 7.056834531029981], [121.93377358705322, 7.056813939119151], [121.93379427356555, 7.047769571300702], [121.94284741941937, 7.047790136562214]]]}, "properties": {"grid_id": "4_21", "pred_scaled_catboost": 0.376897672076501, "pred_scaled_rf": 0.4121963094921977, "barangay_name_clean": NaN, "lon": 121.93831054928488, "lat": 7.05230205912941}}, {"type": "Feature", "geometry": {"type": "Polygon", "coordinates": [[[121.94282690847604, 7.056834531029981], [121.94280637056386, 7.065878921942144], [121.93375287334126, 7.065858303381006], [121.93377358705322, 7.056813939119151], [121.94282690847604, 7.056834531029981]]]}, "properties": {"grid_id": "4_22", "pred_scaled_catboost": 0.3844172591312743, "pred_scaled_rf": 0.4168745218394166, "barangay_name_clean": NaN, "lon": 121.9382899370149, "lat": 7.061346438513405}}, {"type": "Feature", "geometry": {"type": "Polygon", "coordinates": [[[121.94280637056386, 7.065878921942144], [121.94278580568027, 7.074923309294235], [121.933732132427, 7.074902664081796], [121.93375287334126, 7.065858303381006], [121.94280637056386, 7.065878921942144]]]}, "properties": {"grid_id": "4_23", "pred_scaled_catboost": 0.3458413988343406, "pred_scaled_rf": 0.3650088687207971, "barangay_name_clean": "PATALON", "lon": 121.93826929765935, "lat": 7.070390814339075}}, {"type": "Feature", "geometry": {"type": "Polygon", "coordinates": [[[121.94278580568027, 7.074923309294235], [121.9427652138227, 7.083967693081788], [121.93371136430787, 7.083947021217058], [121.933732132427, 7.074902664081796], [121.94278580568027, 7.074923309294235]]]}, "properties": {"grid_id": "4_24", "pred_scaled_catboost": 0.3409099112076661, "pred_scaled_rf": 0.3620641105377783, "barangay_name_clean": "PATALON", "lon": 121.93824863121564, "lat": 7.0794351866019385}}, {"type": "Feature", "geometry": {"type": "Polygon", "coordinates": [[[121.9427652138227, 7.083967693081788], [121.94274459498855, 7.093012073300336], [121.93369056898126, 7.092991374782317], [121.93371136430787, 7.083947021217058], [121.9427652138227, 7.083967693081788]]]}, "properties": {"grid_id": "4_25", "pred_scaled_catboost": 0.3803889079280511, "pred_scaled_rf": 0.4208240713693333, "barangay_name_clean": NaN, "lon": 121.93822793768126, "lat": 7.088479555297538}}, {"type": "Feature", "geometry": {"type": "Polygon", "coordinates": [[[121.94274459498855, 7.093012073300336], [121.94272394917525, 7.102056449945414], [121.93366974644456, 7.1020357247731125], [121.93369056898126, 7.092991374782317], [121.94274459498855, 7.093012073300336]]]}, "properties": {"grid_id": "4_26", "pred_scaled_catboost": 0.4075218262315012, "pred_scaled_rf": 0.378813537319238, "barangay_name_clean": "LABUAN", "lon": 121.93820721705353, "lat": 7.097523920421403}}, {"type": "Feature", "geometry": {"type": "Polygon", "coordinates": [[[121.94272394917525, 7.102056449945414], [121.94270327638023, 7.111100823012556], [121.93364889669517, 7.111080071184973], [121.93366974644456, 7.1020357247731125], [121.94272394917525, 7.102056449945414]]]}, "properties": {"grid_id": "4_27", "pred_scaled_catboost": 0.415253271354196, "pred_scaled_rf": 0.3819517843915318, "barangay_name_clean": "LABUAN", "lon": 121.93818646932986, "lat": 7.10656828196907}}, {"type": "Feature", "geometry": {"type": "Polygon", "coordinates": [[[121.94270327638023, 7.111100823012556], [121.94268257660084, 7.120145192497298], [121.93362801973048, 7.120124414013435], [121.93364889669517, 7.111080071184973], [121.94270327638023, 7.111100823012556]]]}, "properties": {"grid_id": "4_28", "pred_scaled_catboost": 0.3992612434586422, "pred_scaled_rf": 0.3941497242345134, "barangay_name_clean": "LIMPAPA", "lon": 121.93816569450772, "lat": 7.115612639936064}}, {"type": "Feature", "geometry": {"type": "Polygon", "coordinates": [[[121.94268257660084, 7.120145192497298], [121.94266184983452, 7.129189558395171], [121.93360711554783, 7.129168753254029], [121.93362801973048, 7.120124414013435], [121.94268257660084, 7.120145192497298]]]}, "properties": {"grid_id": "4_29", "pred_scaled_catboost": 0.3657439335356076, "pred_scaled_rf": 0.4069239173937178, "barangay_name_clean": "LIMPAPA", "lon": 121.93814489258439, "lat": 7.124656994317928}}, {"type": "Feature", "geometry": {"type": "Polygon", "coordinates": [[[121.94266184983452, 7.129189558395171], [121.94264109607869, 7.138233920701713], [121.93358618414466, 7.13821308890229], [121.93360711554783, 7.129168753254029], [121.94266184983452, 7.129189558395171]]]}, "properties": {"grid_id": "4_30", "pred_scaled_catboost": 0.3756140272576718, "pred_scaled_rf": 0.3970476822403117, "barangay_name_clean": "LIMPAPA", "lon": 121.93812406355734, "lat": 7.133701345110191}}, {"type": "Feature", "geometry": {"type": "Polygon", "coordinates": [[[121.94264109607869, 7.138233920701713], [121.9426203153307, 7.147278279412462], [121.9335652255183, 7.147257420953754], [121.93358618414466, 7.13821308890229], [121.94264109607869, 7.138233920701713]]]}, "properties": {"grid_id": "4_31", "pred_scaled_catboost": 0.4042992580828337, "pred_scaled_rf": 0.4115924220425202, "barangay_name_clean": NaN, "lon": 121.93810320742395, "lat": 7.1427456923083925}}, {"type": "Feature", "geometry": {"type": "Polygon", "coordinates": [[[121.9426203153307, 7.147278279412462], [121.94259950758797, 7.156322634522949], [121.93354423966613, 7.156301749403955], [121.9335652255183, 7.147257420953754], [121.9426203153307, 7.147278279412462]]]}, "properties": {"grid_id": "4_32", "pred_scaled_catboost": 0.4086694585437591, "pred_scaled_rf": 0.4101920778642829, "barangay_name_clean": NaN, "lon": 121.93808232418161, "lat": 7.151790035908067}}, {"type": "Feature", "geometry": {"type": "Polygon", "coordinates": [[[121.95212251734858, 6.948321663420949], [121.9521024759272, 6.957366123116891], [121.94305104613076, 6.957345997309331], [121.94307126058582, 6.948301564024845], [121.95212251734858, 6.948321663420949]]]}, "properties": {"grid_id": "5_10", "pred_scaled_catboost": 0.2575781412268108, "pred_scaled_rf": 0.2637048364269667, "barangay_name_clean": "AYALA", "lon": 121.94758682713658, "lat": 6.952833851386138}}, {"type": "Feature", "geometry": {"type": "Polygon", "coordinates": [[[121.9521024759272, 6.957366123116891], [121.95208240779564, 6.966410579307359], [121.94303080473493, 6.966390427087371], [121.94305104613076, 6.957345997309331], [121.9521024759272, 6.957366123116891]]]}, "properties": {"grid_id": "5_11", "pred_scaled_catboost": 0.2503585718113835, "pred_scaled_rf": 0.2535523326307577, "barangay_name_clean": "AYALA", "lon": 121.94756668578556, "lat": 6.961878296142302}}, {"type": "Feature", "geometry": {"type": "Polygon", "coordinates": [[[121.95208240779564, 6.966410579307359], [121.95206231295145, 6.975455031987884], [121.94301053639583, 6.9754348533545], [121.94303080473493, 6.966390427087371], [121.95208240779564, 6.966410579307359]]]}, "properties": {"grid_id": "5_12", "pred_scaled_catboost": 0.2455150354663645, "pred_scaled_rf": 0.2527420636027917, "barangay_name_clean": "AYALA", "lon": 121.94754651760786, "lat": 6.9709227373902785}}, {"type": "Feature", "geometry": {"type": "Polygon", "coordinates": [[[121.95206231295145, 6.975455031987884], [121.95204219139207, 6.984499481153993], [121.94299024111089, 6.984479276106241], [121.94301053639583, 6.9754348533545], [121.95206231295145, 6.975455031987884]]]}, "properties": {"grid_id": "5_13", "pred_scaled_catboost": 0.2400473117516876, "pred_scaled_rf": 0.257453137703881, "barangay_name_clean": "AYALA", "lon": 121.9475263226009, "lat": 6.979967175125589}}, {"type": "Feature", "geometry": {"type": "Polygon", "coordinates": [[[121.95204219139207, 6.984499481153993], [121.95202204311502, 6.993543926801218], [121.9429699188776, 6.99352369533813], [121.94299024111089, 6.984479276106241], [121.95204219139207, 6.984499481153993]]]}, "properties": {"grid_id": "5_14", "pred_scaled_catboost": 0.3463126140035041, "pred_scaled_rf": 0.4548130295382963, "barangay_name_clean": "PAMUCUTAN", "lon": 121.9475061007622, "lat": 6.989011609343769}}, {"type": "Feature", "geometry": {"type": "Polygon", "coordinates": [[[121.95202204311502, 6.993543926801218], [121.95200186811773, 7.002588368925092], [121.9429495696934, 7.002568111045693], [121.9429699188776, 6.99352369533813], [121.95202204311502, 6.993543926801218]]]}, "properties": {"grid_id": "5_15", "pred_scaled_catboost": 0.3419583052044442, "pred_scaled_rf": 0.45383583085148, "barangay_name_clean": "PAMUCUTAN", "lon": 121.9474858520892, "lat": 6.998056040040339}}, {"type": "Feature", "geometry": {"type": "Polygon", "coordinates": [[[121.95200186811773, 7.002588368925092], [121.95198166639773, 7.011632807521145], [121.94292919355574, 7.011612523224462], [121.9429495696934, 7.002568111045693], [121.95200186811773, 7.002588368925092]]]}, "properties": {"grid_id": "5_16", "pred_scaled_catboost": 0.3052693199015129, "pred_scaled_rf": 0.3056970686395082, "barangay_name_clean": "PAMUCUTAN", "lon": 121.94746557657933, "lat": 7.007100467210842}}, {"type": "Feature", "geometry": {"type": "Polygon", "coordinates": [[[121.95198166639773, 7.011632807521145], [121.95196143795242, 7.020677242584911], [121.94290879046208, 7.020656931869967], [121.94292919355574, 7.011612523224462], [121.95198166639773, 7.011632807521145]]]}, "properties": {"grid_id": "5_17", "pred_scaled_catboost": 0.2228811017178184, "pred_scaled_rf": 0.2217748326914867, "barangay_name_clean": "TALISAYAN", "lon": 121.94744527423016, "lat": 7.016144890850801}}, {"type": "Feature", "geometry": {"type": "Polygon", "coordinates": [[[121.95196143795242, 7.020677242584911], [121.9519411827793, 7.029721674111921], [121.94288836040981, 7.02970133697774], [121.94290879046208, 7.020656931869967], [121.95196143795242, 7.020677242584911]]]}, "properties": {"grid_id": "5_18", "pred_scaled_catboost": 0.3241899629651011, "pred_scaled_rf": 0.2909794010816969, "barangay_name_clean": "SINUBUNG", "lon": 121.947424945039, "lat": 7.0251893109557555}}, {"type": "Feature", "geometry": {"type": "Polygon", "coordinates": [[[121.9519411827793, 7.029721674111921], [121.95192090087583, 7.03876610209771], [121.94286790339645, 7.0387457385433105], [121.94288836040981, 7.02970133697774], [121.9519411827793, 7.029721674111921]]]}, "properties": {"grid_id": "5_19", "pred_scaled_catboost": 0.3676359305652412, "pred_scaled_rf": 0.3621389994577627, "barangay_name_clean": "SINUBUNG", "lon": 121.9474045890034, "lat": 7.034233727521229}}, {"type": "Feature", "geometry": {"type": "Polygon", "coordinates": [[[121.95192090087583, 7.03876610209771], [121.95190059223947, 7.047810526537807], [121.94284741941937, 7.047790136562214], [121.94286790339645, 7.0387457385433105], [121.95192090087583, 7.03876610209771]]]}, "properties": {"grid_id": "5_20", "pred_scaled_catboost": 0.3287106405993601, "pred_scaled_rf": 0.2368630865154073, "barangay_name_clean": "SINUBUNG", "lon": 121.94738420612082, "lat": 7.0432781405427605}}, {"type": "Feature", "geometry": {"type": "Polygon", "coordinates": [[[121.95190059223947, 7.047810526537807], [121.95188025686765, 7.05685494742775], [121.94282690847604, 7.056834531029981], [121.94284741941937, 7.047790136562214], [121.95190059223947, 7.047810526537807]]]}, "properties": {"grid_id": "5_21", "pred_scaled_catboost": 0.3796555399830015, "pred_scaled_rf": 0.4029703050104505, "barangay_name_clean": NaN, "lon": 121.9473637963886, "lat": 7.052322550015877}}, {"type": "Feature", "geometry": {"type": "Polygon", "coordinates": [[[121.95188025686765, 7.05685494742775], [121.95185989475786, 7.065899364763074], [121.94280637056386, 7.065878921942144], [121.94282690847604, 7.056834531029981], [121.95188025686765, 7.05685494742775]]]}, "properties": {"grid_id": "5_22", "pred_scaled_catboost": 0.3857391480637672, "pred_scaled_rf": 0.4169333251339793, "barangay_name_clean": NaN, "lon": 121.94734335980426, "lat": 7.061366955936117}}, {"type": "Feature", "geometry": {"type": "Polygon", "coordinates": [[[121.95185989475786, 7.065899364763074], [121.95183950590754, 7.074943778539305], [121.94278580568027, 7.074923309294235], [121.94280637056386, 7.065878921942144], [121.95185989475786, 7.065899364763074]]]}, "properties": {"grid_id": "5_23", "pred_scaled_catboost": 0.3842210287194267, "pred_scaled_rf": 0.4182999253917883, "barangay_name_clean": NaN, "lon": 121.94732289636525, "lat": 7.070411358299014}}, {"type": "Feature", "geometry": {"type": "Polygon", "coordinates": [[[121.95183950590754, 7.074943778539305], [121.9518190903141, 7.083988188751986], [121.9427652138227, 7.083967693081788], [121.94278580568027, 7.074923309294235], [121.95183950590754, 7.074943778539305]]]}, "properties": {"grid_id": "5_24", "pred_scaled_catboost": 0.3753785858041385, "pred_scaled_rf": 0.4177138769579165, "barangay_name_clean": NaN, "lon": 121.947302406069, "lat": 7.079455757100095}}, {"type": "Feature", "geometry": {"type": "Polygon", "coordinates": [[[121.9518190903141, 7.083988188751986], [121.951798647975, 7.093032595396648], [121.94274459498855, 7.093012073300336], [121.9427652138227, 7.083967693081788], [121.9518190903141, 7.083988188751986]]]}, "properties": {"grid_id": "5_25", "pred_scaled_catboost": 0.3799550098879248, "pred_scaled_rf": 0.429635785050201, "barangay_name_clean": NaN, "lon": 121.94728188891287, "lat": 7.0885001523348965}}, {"type": "Feature", "geometry": {"type": "Polygon", "coordinates": [[[121.951798647975, 7.093032595396648], [121.95177817888768, 7.102076998468826], [121.94272394917525, 7.102056449945414], [121.94274459498855, 7.093012073300336], [121.951798647975, 7.093032595396648]]]}, "properties": {"grid_id": "5_26", "pred_scaled_catboost": 0.4374534127807209, "pred_scaled_rf": 0.4294494751015569, "barangay_name_clean": NaN, "lon": 121.94726134489436, "lat": 7.097544543998961}}, {"type": "Feature", "geometry": {"type": "Polygon", "coordinates": [[[121.95177817888768, 7.102076998468826], [121.95175768304958, 7.111121397964059], [121.94270327638023, 7.111100823012556], [121.94272394917525, 7.102056449945414], [121.95177817888768, 7.102076998468826]]]}, "properties": {"grid_id": "5_27", "pred_scaled_catboost": 0.4199772025034157, "pred_scaled_rf": 0.3938670087714468, "barangay_name_clean": "LIMPAPA", "lon": 121.94724077401087, "lat": 7.106588932087809}}, {"type": "Feature", "geometry": {"type": "Polygon", "coordinates": [[[121.95175768304958, 7.111121397964059], [121.95173716045814, 7.120165793877879], [121.94268257660084, 7.120145192497298], [121.94270327638023, 7.111100823012556], [121.95175768304958, 7.111121397964059]]]}, "properties": {"grid_id": "5_28", "pred_scaled_catboost": 0.4002736328857621, "pred_scaled_rf": 0.3940180874740536, "barangay_name_clean": "LIMPAPA", "lon": 121.94722017625985, "lat": 7.115633316596994}}, {"type": "Feature", "geometry": {"type": "Polygon", "coordinates": [[[121.95173716045814, 7.120165793877879], [121.95171661111074, 7.129210186205824], [121.94266184983452, 7.129189558395171], [121.94268257660084, 7.120145192497298], [121.95173716045814, 7.120165793877879]]]}, "properties": {"grid_id": "5_29", "pred_scaled_catboost": 0.362178629232167, "pred_scaled_rf": 0.3912870406720764, "barangay_name_clean": "LIMPAPA", "lon": 121.94719955163865, "lat": 7.124677697522031}}, {"type": "Feature", "geometry": {"type": "Polygon", "coordinates": [[[121.95171661111074, 7.129210186205824], [121.95169603500484, 7.138254574943431], [121.94264109607869, 7.138233920701713], [121.94266184983452, 7.129189558395171], [121.95171661111074, 7.129210186205824]]]}, "properties": {"grid_id": "5_30", "pred_scaled_catboost": 0.3581404263238143, "pred_scaled_rf": 0.4227393961610498, "barangay_name_clean": NaN, "lon": 121.94717890014473, "lat": 7.13372207485847}}, {"type": "Feature", "geometry": {"type": "Polygon", "coordinates": [[[121.95169603500484, 7.138254574943431], [121.95167543213785, 7.1472989600862356], [121.9426203153307, 7.147278279412462], [121.94264109607869, 7.138233920701713], [121.95169603500484, 7.138254574943431]]]}, "properties": {"grid_id": "5_31", "pred_scaled_catboost": 0.3570242401641327, "pred_scaled_rf": 0.4112791689554931, "barangay_name_clean": NaN, "lon": 121.94715822177551, "lat": 7.1427664486018445}}, {"type": "Feature", "geometry": {"type": "Polygon", "coordinates": [[[121.95167543213785, 7.1472989600862356], [121.95165480250719, 7.156343341629777], [121.94259950758797, 7.156322634522949], [121.9426203153307, 7.147278279412462], [121.95167543213785, 7.1472989600862356]]]}, "properties": {"grid_id": "5_32", "pred_scaled_catboost": 0.3998954880023084, "pred_scaled_rf": 0.4110095306891636, "barangay_name_clean": NaN, "lon": 121.9471375165284, "lat": 7.15181081874769}}, {"type": "Feature", "geometry": {"type": "Polygon", "coordinates": [[[121.96119364272715, 6.939297100646229], [121.96117380081897, 6.948341590026628], [121.95212251734858, 6.948321663420949], [121.95214253206237, 6.939277200223999], [121.96119364272715, 6.939297100646229]]]}, "properties": {"grid_id": "6_9", "pred_scaled_catboost": 0.2438206143455109, "pred_scaled_rf": 0.2317596419388632, "barangay_name_clean": NaN, "lon": 121.9566581253594, "lat": 6.943809402978693}}, {"type": "Feature", "geometry": {"type": "Polygon", "coordinates": [[[121.96117380081897, 6.948341590026628], [121.96115393243375, 6.957386075906977], [121.9521024759272, 6.957366123116891], [121.95212251734858, 6.948321663420949], [121.96117380081897, 6.948341590026628]]]}, "properties": {"grid_id": "6_10", "pred_scaled_catboost": 0.2213541024641294, "pred_scaled_rf": 0.2670898467826847, "barangay_name_clean": "AYALA", "lon": 121.95663818375222, "lat": 6.952853877536035}}, {"type": "Feature", "geometry": {"type": "Polygon", "coordinates": [[[121.96115393243375, 6.957386075906977], [121.96113403756902, 6.966430558282813], [121.95208240779564, 6.966410579307359], [121.9521024759272, 6.957366123116891], [121.96115393243375, 6.957386075906977]]]}, "properties": {"grid_id": "6_11", "pred_scaled_catboost": 0.2634325577079959, "pred_scaled_rf": 0.2639837411085186, "barangay_name_clean": "TULUNGATUNG", "lon": 121.95661821555147, "lat": 6.961898348590623}}, {"type": "Feature", "geometry": {"type": "Polygon", "coordinates": [[[121.96113403756902, 6.966430558282813], [121.96111411622225, 6.975475037149662], [121.95206231295145, 6.975455031987884], [121.95208240779564, 6.966410579307359], [121.96113403756902, 6.966430558282813]]]}, "properties": {"grid_id": "6_12", "pred_scaled_catboost": 0.2154453152408138, "pred_scaled_rf": 0.2506624998042751, "barangay_name_clean": "AYALA", "lon": 121.9565982207546, "lat": 6.970942816137971}}, {"type": "Feature", "geometry": {"type": "Polygon", "coordinates": [[[121.96111411622225, 6.975475037149662], [121.96109416839096, 6.98451951250306], [121.95204219139207, 6.984499481153993], [121.95206231295145, 6.975455031987884], [121.96111411622225, 6.975475037149662]]]}, "properties": {"grid_id": "6_13", "pred_scaled_catboost": 0.3557017606908412, "pred_scaled_rf": 0.4127252639710231, "barangay_name_clean": "LA PAZ", "lon": 121.95657819935913, "lat": 6.97998728017363}}, {"type": "Feature", "geometry": {"type": "Polygon", "coordinates": [[[121.96109416839096, 6.98451951250306], [121.96107419407264, 6.9935639843385395], [121.95202204311502, 6.993543926801218], [121.95204219139207, 6.984499481153993], [121.96109416839096, 6.98451951250306]]]}, "properties": {"grid_id": "6_14", "pred_scaled_catboost": 0.3537838089412344, "pred_scaled_rf": 0.4440924523654107, "barangay_name_clean": "PAMUCUTAN", "lon": 121.95655815136256, "lat": 6.989031740693113}}, {"type": "Feature", "geometry": {"type": "Polygon", "coordinates": [[[121.96107419407264, 6.9935639843385395], [121.96105419326481, 7.002608452651629], [121.95200186811773, 7.002588368925092], [121.95202204311502, 6.993543926801218], [121.96107419407264, 6.9935639843385395]]]}, "properties": {"grid_id": "6_15", "pred_scaled_catboost": 0.3635593689660434, "pred_scaled_rf": 0.4452847326464488, "barangay_name_clean": "PAMUCUTAN", "lon": 121.95653807676243, "lat": 6.998076197691971}}, {"type": "Feature", "geometry": {"type": "Polygon", "coordinates": [[[121.96105419326481, 7.002608452651629], [121.96103416596497, 7.011652917437868], [121.95198166639773, 7.011632807521145], [121.95200186811773, 7.002588368925092], [121.96105419326481, 7.002608452651629]]]}, "properties": {"grid_id": "6_16", "pred_scaled_catboost": 0.2929676407544384, "pred_scaled_rf": 0.3046300384374409, "barangay_name_clean": "PAMUCUTAN", "lon": 121.95651797555612, "lat": 7.00712065116572}}, {"type": "Feature", "geometry": {"type": "Polygon", "coordinates": [[[121.96103416596497, 7.011652917437868], [121.96101411217056, 7.020697378692784], [121.95196143795242, 7.020677242584911], [121.95198166639773, 7.011632807521145], [121.96103416596497, 7.011652917437868]]]}, "properties": {"grid_id": "6_17", "pred_scaled_catboost": 0.2629212778130639, "pred_scaled_rf": 0.2735370470078653, "barangay_name_clean": "PAMUCUTAN", "lon": 121.95649784774122, "lat": 7.016165101109901}}, {"type": "Feature", "geometry": {"type": "Polygon", "coordinates": [[[121.96101411217056, 7.020697378692784], [121.96099403187911, 7.029741836411913], [121.9519411827793, 7.029721674111921], [121.95196143795242, 7.020677242584911], [121.96101411217056, 7.020697378692784]]]}, "properties": {"grid_id": "6_18", "pred_scaled_catboost": 0.2962743607409883, "pred_scaled_rf": 0.2765823766361497, "barangay_name_clean": "PAMUCUTAN", "lon": 121.95647769331507, "lat": 7.025209547520046}}, {"type": "Feature", "geometry": {"type": "Polygon", "coordinates": [[[121.96099403187911, 7.029741836411913], [121.9609739250881, 7.03878629059079], [121.95192090087583, 7.03876610209771], [121.9519411827793, 7.029721674111921], [121.96099403187911, 7.029741836411913]]]}, "properties": {"grid_id": "6_19", "pred_scaled_catboost": 0.3342446452542711, "pred_scaled_rf": 0.3409913277704393, "barangay_name_clean": "SINUBUNG", "lon": 121.95645751227525, "lat": 7.034253990391686}}, {"type": "Feature", "geometry": {"type": "Polygon", "coordinates": [[[121.9609739250881, 7.03878629059079], [121.96095379179499, 7.047830741224948], [121.95190059223947, 7.047810526537807], [121.95192090087583, 7.03876610209771], [121.9609739250881, 7.03878629059079]]]}, "properties": {"grid_id": "6_20", "pred_scaled_catboost": 0.3371236292324999, "pred_scaled_rf": 0.2115849583492453, "barangay_name_clean": "SINUBUNG", "lon": 121.95643730461924, "lat": 7.043298429720358}}, {"type": "Feature", "geometry": {"type": "Polygon", "coordinates": [[[121.96095379179499, 7.047830741224948], [121.96093363199728, 7.056875188309925], [121.95188025686765, 7.05685494742775], [121.95190059223947, 7.047810526537807], [121.96095379179499, 7.047830741224948]]]}, "properties": {"grid_id": "6_21", "pred_scaled_catboost": 0.4048594865763389, "pred_scaled_rf": 0.4090544229763282, "barangay_name_clean": NaN, "lon": 121.95641707034446, "lat": 7.0523428655015925}}, {"type": "Feature", "geometry": {"type": "Polygon", "coordinates": [[[121.96093363199728, 7.056875188309925], [121.96091344569241, 7.065919631841252], [121.95185989475786, 7.065899364763074], [121.95188025686765, 7.05685494742775], [121.96093363199728, 7.056875188309925]]]}, "properties": {"grid_id": "6_22", "pred_scaled_catboost": 0.4058615863668192, "pred_scaled_rf": 0.4170726321697399, "barangay_name_clean": NaN, "lon": 121.95639680944831, "lat": 7.061387297730924}}, {"type": "Feature", "geometry": {"type": "Polygon", "coordinates": [[[121.96091344569241, 7.065919631841252], [121.9608932328779, 7.074964071814467], [121.95183950590754, 7.074943778539305], [121.95185989475786, 7.065899364763074], [121.96091344569241, 7.065919631841252]]]}, "properties": {"grid_id": "6_23", "pred_scaled_catboost": 0.3942551581246414, "pred_scaled_rf": 0.4214622100279815, "barangay_name_clean": NaN, "lon": 121.95637652192839, "lat": 7.07043172640389}}, {"type": "Feature", "geometry": {"type": "Polygon", "coordinates": [[[121.9608932328779, 7.074964071814467], [121.96087299355115, 7.084008508225108], [121.9518190903141, 7.083988188751986], [121.95183950590754, 7.074943778539305], [121.9608932328779, 7.074964071814467]]]}, "properties": {"grid_id": "6_24", "pred_scaled_catboost": 0.399368344375296, "pred_scaled_rf": 0.4275311318780113, "barangay_name_clean": NaN, "lon": 121.95635620778212, "lat": 7.079476151516026}}, {"type": "Feature", "geometry": {"type": "Polygon", "coordinates": [[[121.96087299355115, 7.084008508225108], [121.96085272770966, 7.093052941068703], [121.951798647975, 7.093032595396648], [121.9518190903141, 7.083988188751986], [121.96087299355115, 7.084008508225108]]]}, "properties": {"grid_id": "6_25", "pred_scaled_catboost": 0.4275185834854346, "pred_scaled_rf": 0.4267992146671869, "barangay_name_clean": NaN, "lon": 121.9563358670069, "lat": 7.088520573062865}}, {"type": "Feature", "geometry": {"type": "Polygon", "coordinates": [[[121.96085272770966, 7.093052941068703], [121.96083243535092, 7.102097370340797], [121.95177817888768, 7.102076998468826], [121.951798647975, 7.093032595396648], [121.96085272770966, 7.093052941068703]]]}, "properties": {"grid_id": "6_26", "pred_scaled_catboost": 0.4341825694375028, "pred_scaled_rf": 0.4252975120089176, "barangay_name_clean": NaN, "lon": 121.95631549960018, "lat": 7.097564991039943}}, {"type": "Feature", "geometry": {"type": "Polygon", "coordinates": [[[121.96083243535092, 7.102097370340797], [121.96081211647233, 7.111141796036923], [121.95175768304958, 7.111121397964059], [121.95177817888768, 7.102076998468826], [121.96083243535092, 7.102097370340797]]]}, "properties": {"grid_id": "6_27", "pred_scaled_catboost": 0.4320127024737943, "pred_scaled_rf": 0.4272632569790105, "barangay_name_clean": NaN, "lon": 121.95629510555945, "lat": 7.106609405442793}}, {"type": "Feature", "geometry": {"type": "Polygon", "coordinates": [[[121.96081211647233, 7.111141796036923], [121.96079177107136, 7.120186218152622], [121.95173716045814, 7.120165793877879], [121.95175768304958, 7.111121397964059], [121.96081211647233, 7.111141796036923]]]}, "properties": {"grid_id": "6_28", "pred_scaled_catboost": 0.4117521001787863, "pred_scaled_rf": 0.4276047080572166, "barangay_name_clean": NaN, "lon": 121.95627468488209, "lat": 7.115653816266956}}, {"type": "Feature", "geometry": {"type": "Polygon", "coordinates": [[[121.96079177107136, 7.120186218152622], [121.96077139914546, 7.129230636683426], [121.95171661111074, 7.129210186205824], [121.95173716045814, 7.120165793877879], [121.96079177107136, 7.120186218152622]]]}, "properties": {"grid_id": "6_29", "pred_scaled_catboost": 0.3991825057374342, "pred_scaled_rf": 0.4308375168961595, "barangay_name_clean": NaN, "lon": 121.95625423756563, "lat": 7.124698223507972}}, {"type": "Feature", "geometry": {"type": "Polygon", "coordinates": [[[121.96077139914546, 7.129230636683426], [121.96075100069207, 7.138275051624874], [121.95169603500484, 7.138254574943431], [121.95171661111074, 7.129210186205824], [121.96077139914546, 7.129230636683426]]]}, "properties": {"grid_id": "6_30", "pred_scaled_catboost": 0.3760779783309964, "pred_scaled_rf": 0.430348590457681, "barangay_name_clean": NaN, "lon": 121.95623376360747, "lat": 7.133742627161369}}, {"type": "Feature", "geometry": {"type": "Polygon", "coordinates": [[[121.96075100069207, 7.138275051624874], [121.96073057570868, 7.147319462972509], [121.95167543213785, 7.1472989600862356], [121.95169603500484, 7.138254574943431], [121.96075100069207, 7.138275051624874]]]}, "properties": {"grid_id": "6_31", "pred_scaled_catboost": 0.379876239316741, "pred_scaled_rf": 0.4259476344797299, "barangay_name_clean": NaN, "lon": 121.95621326300498, "lat": 7.142787027222694}}, {"type": "Feature", "geometry": {"type": "Polygon", "coordinates": [[[121.96073057570868, 7.147319462972509], [121.96071012419264, 7.156363870721868], [121.95165480250719, 7.156343341629777], [121.95167543213785, 7.1472989600862356], [121.96073057570868, 7.147319462972509]]]}, "properties": {"grid_id": "6_32", "pred_scaled_catboost": 0.3821773686674961, "pred_scaled_rf": 0.4209918003245479, "barangay_name_clean": NaN, "lon": 121.95619273575566, "lat": 7.1518314236874705}}, {"type": "Feature", "geometry": {"type": "Polygon", "coordinates": [[[121.9702447798665, 6.939316828502608], [121.97022511076639, 6.948361343839408], [121.96117380081897, 6.948341590026628], [121.96119364272715, 6.939297100646229], [121.9702447798665, 6.939316828502608]]]}, "properties": {"grid_id": "7_9", "pred_scaled_catboost": 0.2356776433478352, "pred_scaled_rf": 0.2451185586193063, "barangay_name_clean": NaN, "lon": 121.96570933564651, "lat": 6.9438292301530025}}, {"type": "Feature", "geometry": {"type": "Polygon", "coordinates": [[[121.97022511076639, 6.948361343839408], [121.97020541541984, 6.95740585567711], [121.96115393243375, 6.957386075906977], [121.96117380081897, 6.948341590026628], [121.97022511076639, 6.948361343839408]]]}, "properties": {"grid_id": "7_10", "pred_scaled_catboost": 0.2651397128283619, "pred_scaled_rf": 0.2702971792462197, "barangay_name_clean": "RECODO", "lon": 121.96568956696144, "lat": 6.952873730780748}}, {"type": "Feature", "geometry": {"type": "Polygon", "coordinates": [[[121.97020541541984, 6.95740585567711], [121.9701856938244, 6.966450364011248], [121.96113403756902, 6.966430558282813], [121.96115393243375, 6.957386075906977], [121.97020541541984, 6.95740585567711]]]}, "properties": {"grid_id": "7_11", "pred_scaled_catboost": 0.2481688580852991, "pred_scaled_rf": 0.2673987694190312, "barangay_name_clean": "CAWIT", "lon": 121.96566977191344, "lat": 6.961918227906689}}, {"type": "Feature", "geometry": {"type": "Polygon", "coordinates": [[[121.9701856938244, 6.966450364011248], [121.97016594597756, 6.9754948688373535], [121.96111411622225, 6.975475037149662], [121.96113403756902, 6.966430558282813], [121.9701856938244, 6.966450364011248]]]}, "properties": {"grid_id": "7_12", "pred_scaled_catboost": 0.2598108675034547, "pred_scaled_rf": 0.2982745262715269, "barangay_name_clean": "TULUNGATUNG", "lon": 121.96564995049994, "lat": 6.970962721526356}}, {"type": "Feature", "geometry": {"type": "Polygon", "coordinates": [[[121.97016594597756, 6.9754948688373535], [121.97014617187683, 6.9845393701509595], [121.96109416839096, 6.98451951250306], [121.96111411622225, 6.975475037149662], [121.97016594597756, 6.9754948688373535]]]}, "properties": {"grid_id": "7_13", "pred_scaled_catboost": 0.3643495463184871, "pred_scaled_rf": 0.4508128821247552, "barangay_name_clean": "LA PAZ", "lon": 121.96563010271848, "lat": 6.98000721163528}}, {"type": "Feature", "geometry": {"type": "Polygon", "coordinates": [[[121.97014617187683, 6.9845393701509595], [121.97012637151978, 6.993583867947604], [121.96107419407264, 6.9935639843385395], [121.96109416839096, 6.98451951250306], [121.97014617187683, 6.9845393701509595]]]}, "properties": {"grid_id": "7_14", "pred_scaled_catboost": 0.3761836121051675, "pred_scaled_rf": 0.4491530758237519, "barangay_name_clean": "LA PAZ", "lon": 121.96561022856659, "lat": 6.989051698228999}}, {"type": "Feature", "geometry": {"type": "Polygon", "coordinates": [[[121.97012637151978, 6.993583867947604], [121.97010654490393, 7.002628362222814], [121.96105419326481, 7.002608452651629], [121.96107419407264, 6.9935639843385395], [121.97012637151978, 6.993583867947604]]]}, "properties": {"grid_id": "7_15", "pred_scaled_catboost": 0.3041583533764781, "pred_scaled_rf": 0.3046330033369208, "barangay_name_clean": "PAMUCUTAN", "lon": 121.96559032804178, "lat": 6.998096181303041}}, {"type": "Feature", "geometry": {"type": "Polygon", "coordinates": [[[121.97010654490393, 7.002628362222814], [121.97008669202674, 7.011672852972129], [121.96103416596497, 7.011652917437868], [121.96105419326481, 7.002608452651629], [121.97010654490393, 7.002628362222814]]]}, "properties": {"grid_id": "7_16", "pred_scaled_catboost": 0.3447680101597663, "pred_scaled_rf": 0.312223036778407, "barangay_name_clean": "LA PAZ", "lon": 121.96557040114156, "lat": 7.007140660852938}}, {"type": "Feature", "geometry": {"type": "Polygon", "coordinates": [[[121.97008669202674, 7.011672852972129], [121.97006681288576, 7.020717340191083], [121.96101411217056, 7.020697378692784], [121.96103416596497, 7.011652917437868], [121.97008669202674, 7.011672852972129]]]}, "properties": {"grid_id": "7_17", "pred_scaled_catboost": 0.3098500015181811, "pred_scaled_rf": 0.2457233350393432, "barangay_name_clean": "PAMUCUTAN", "lon": 121.9655504478634, "lat": 7.016185136874235}}, {"type": "Feature", "geometry": {"type": "Polygon", "coordinates": [[[121.97006681288576, 7.020717340191083], [121.9700469074785, 7.0297618238752095], [121.96099403187911, 7.029741836411913], [121.96101411217056, 7.020697378692784], [121.97006681288576, 7.020717340191083]]]}, "properties": {"grid_id": "7_18", "pred_scaled_catboost": 0.3416250540442381, "pred_scaled_rf": 0.3333840189976703, "barangay_name_clean": "PAMUCUTAN", "lon": 121.96553046820483, "lat": 7.025229609362455}}, {"type": "Feature", "geometry": {"type": "Polygon", "coordinates": [[[121.9700469074785, 7.0297618238752095], [121.97002697580247, 7.038806304020046], [121.9609739250881, 7.03878629059079], [121.96099403187911, 7.029741836411913], [121.9700469074785, 7.0297618238752095]]]}, "properties": {"grid_id": "7_19", "pred_scaled_catboost": 0.3465138936201746, "pred_scaled_rf": 0.3415855546395757, "barangay_name_clean": "PAMUCUTAN", "lon": 121.96551046216334, "lat": 7.034274078313136}}, {"type": "Feature", "geometry": {"type": "Polygon", "coordinates": [[[121.97002697580247, 7.038806304020046], [121.97000701785515, 7.047850780621126], [121.96095379179499, 7.047830741224948], [121.9609739250881, 7.03878629059079], [121.97002697580247, 7.038806304020046]]]}, "properties": {"grid_id": "7_20", "pred_scaled_catboost": 0.3650544416486735, "pred_scaled_rf": 0.3595905820350236, "barangay_name_clean": "WATERSHED AREA UNDER JURISDICTION OF ZAMBOANGA CITY", "lon": 121.96549042973643, "lat": 7.043318543721814}}, {"type": "Feature", "geometry": {"type": "Polygon", "coordinates": [[[121.97000701785515, 7.047850780621126], [121.96998703363403, 7.056895253673988], [121.96093363199728, 7.056875188309925], [121.96095379179499, 7.047830741224948], [121.97000701785515, 7.047850780621126]]]}, "properties": {"grid_id": "7_21", "pred_scaled_catboost": 0.3921698899219311, "pred_scaled_rf": 0.4052952023250113, "barangay_name_clean": NaN, "lon": 121.96547037092157, "lat": 7.052363005584021}}, {"type": "Feature", "geometry": {"type": "Polygon", "coordinates": [[[121.96998703363403, 7.056895253673988], [121.96996702313665, 7.065939723174167], [121.96091344569241, 7.065919631841252], [121.96093363199728, 7.056875188309925], [121.96998703363403, 7.056895253673988]]]}, "properties": {"grid_id": "7_22", "pred_scaled_catboost": 0.4098732050507725, "pred_scaled_rf": 0.4150274269010644, "barangay_name_clean": NaN, "lon": 121.96545028571627, "lat": 7.061407463895303}}, {"type": "Feature", "geometry": {"type": "Polygon", "coordinates": [[[121.96996702313665, 7.065939723174167], [121.96994698636045, 7.074984189117198], [121.9608932328779, 7.074964071814467], [121.96091344569241, 7.065919631841252], [121.96996702313665, 7.065939723174167]]]}, "properties": {"grid_id": "7_23", "pred_scaled_catboost": 0.4290281664396657, "pred_scaled_rf": 0.4237429918740331, "barangay_name_clean": NaN, "lon": 121.96543017411796, "lat": 7.070451918651181}}, {"type": "Feature", "geometry": {"type": "Polygon", "coordinates": [[[121.96994698636045, 7.074984189117198], [121.96992692330295, 7.084028651498623], [121.96087299355115, 7.084008508225108], [121.9608932328779, 7.074964071814467], [121.96994698636045, 7.074984189117198]]]}, "properties": {"grid_id": "7_24", "pred_scaled_catboost": 0.4273751129581678, "pred_scaled_rf": 0.4245890909452266, "barangay_name_clean": NaN, "lon": 121.9654100361242, "lat": 7.079496369847202}}, {"type": "Feature", "geometry": {"type": "Polygon", "coordinates": [[[121.96992692330295, 7.084028651498623], [121.96990683396162, 7.093073110313976], [121.96085272770966, 7.093052941068703], [121.96087299355115, 7.084008508225108], [121.96992692330295, 7.084028651498623]]]}, "properties": {"grid_id": "7_25", "pred_scaled_catboost": 0.4408575838431972, "pred_scaled_rf": 0.42476501894439, "barangay_name_clean": NaN, "lon": 121.96538987173236, "lat": 7.088540817478899}}, {"type": "Feature", "geometry": {"type": "Polygon", "coordinates": [[[121.96990683396162, 7.093073110313976], [121.96988671833395, 7.102117565558796], [121.96083243535092, 7.102097370340797], [121.96085272770966, 7.093052941068703], [121.96990683396162, 7.093073110313976]]]}, "properties": {"grid_id": "7_26", "pred_scaled_catboost": 0.4324630999429998, "pred_scaled_rf": 0.4233709095810588, "barangay_name_clean": NaN, "lon": 121.96536968094001, "lat": 7.0975852615418065}}, {"type": "Feature", "geometry": {"type": "Polygon", "coordinates": [[[121.96988671833395, 7.102117565558796], [121.96986657641745, 7.111162017228618], [121.96081211647233, 7.111141796036923], [121.96083243535092, 7.102097370340797], [121.96988671833395, 7.102117565558796]]]}, "properties": {"grid_id": "7_27", "pred_scaled_catboost": 0.4283002811840722, "pred_scaled_rf": 0.4230216951930424, "barangay_name_clean": NaN, "lon": 121.96534946374459, "lat": 7.106629702031474}}, {"type": "Feature", "geometry": {"type": "Polygon", "coordinates": [[[121.96986657641745, 7.111162017228618], [121.9698464082095, 7.120206465318985], [121.96079177107136, 7.120186218152622], [121.96081211647233, 7.111141796036923], [121.96986657641745, 7.111162017228618]]]}, "properties": {"grid_id": "7_28", "pred_scaled_catboost": 0.4044761750159765, "pred_scaled_rf": 0.4261774393192803, "barangay_name_clean": NaN, "lon": 121.96532922014353, "lat": 7.115674138943418}}, {"type": "Feature", "geometry": {"type": "Polygon", "coordinates": [[[121.9698464082095, 7.120206465318985], [121.96982621370768, 7.129250909825434], [121.96077139914546, 7.129230636683426], [121.96079177107136, 7.120186218152622], [121.9698464082095, 7.120206465318985]]]}, "properties": {"grid_id": "7_29", "pred_scaled_catboost": 0.416522470748084, "pred_scaled_rf": 0.4279890797764996, "barangay_name_clean": NaN, "lon": 121.96530895013434, "lat": 7.1247185722731965}}, {"type": "Feature", "geometry": {"type": "Polygon", "coordinates": [[[121.96982621370768, 7.129250909825434], [121.96980599290937, 7.138295350743505], [121.96075100069207, 7.138275051624874], [121.96077139914546, 7.129230636683426], [121.96982621370768, 7.129250909825434]]]}, "properties": {"grid_id": "7_30", "pred_scaled_catboost": 0.3867819054948787, "pred_scaled_rf": 0.4305342019895021, "barangay_name_clean": NaN, "lon": 121.96528865371447, "lat": 7.133763002016336}}, {"type": "Feature", "geometry": {"type": "Polygon", "coordinates": [[[121.96980599290937, 7.138295350743505], [121.96978574581209, 7.147339788068736], [121.96073057570868, 7.147319462972509], [121.96075100069207, 7.138275051624874], [121.96980599290937, 7.138295350743505]]]}, "properties": {"grid_id": "7_31", "pred_scaled_catboost": 0.383044054330081, "pred_scaled_rf": 0.427444660208108, "barangay_name_clean": NaN, "lon": 121.96526833088129, "lat": 7.142807428168376}}, {"type": "Feature", "geometry": {"type": "Polygon", "coordinates": [[[121.96978574581209, 7.147339788068736], [121.96976547241329, 7.156384221796668], [121.96071012419264, 7.156363870721868], [121.96073057570868, 7.147319462972509], [121.96978574581209, 7.147339788068736]]]}, "properties": {"grid_id": "7_32", "pred_scaled_catboost": 0.3828194680324858, "pred_scaled_rf": 0.4274816303893647, "barangay_name_clean": NaN, "lon": 121.96524798163237, "lat": 7.151851850724868}}, {"type": "Feature", "geometry": {"type": "Polygon", "coordinates": [[[121.97927644696028, 6.948380924856838], [121.97925692465488, 6.957425462424833], [121.97020541541984, 6.95740585567711], [121.97022511076639, 6.948361343839408], [121.97927644696028, 6.948380924856838]]]}, "properties": {"grid_id": "8_10", "pred_scaled_catboost": 0.2581891977083772, "pred_scaled_rf": 0.2564133544986814, "barangay_name_clean": "CAWIT", "lon": 121.9747409765337, "lat": 6.952893411117809}}, {"type": "Feature", "geometry": {"type": "Polygon", "coordinates": [[[121.97925692465488, 6.957425462424833], [121.97923737633117, 6.966469996490207], [121.9701856938244, 6.966450364011248], [121.97020541541984, 6.95740585567711], [121.97925692465488, 6.957425462424833]]]}, "properties": {"grid_id": "8_11", "pred_scaled_catboost": 0.2448379174739698, "pred_scaled_rf": 0.2904253043559737, "barangay_name_clean": "CAWIT", "lon": 121.97472135464085, "lat": 6.961937934088041}}, {"type": "Feature", "geometry": {"type": "Polygon", "coordinates": [[[121.97923737633117, 6.966469996490207], [121.97921780198674, 6.975514527048493], [121.97016594597756, 6.9754948688373535], [121.9701856938244, 6.966450364011248], [121.97923737633117, 6.966469996490207]]]}, "properties": {"grid_id": "8_12", "pred_scaled_catboost": 0.2535954094632977, "pred_scaled_rf": 0.2685797835672736, "barangay_name_clean": "TULUNGATUNG", "lon": 121.97470170661322, "lat": 6.970982453552955}}, {"type": "Feature", "geometry": {"type": "Polygon", "coordinates": [[[121.97921780198674, 6.975514527048493], [121.97919820161908, 6.984559054095227], [121.97014617187683, 6.9845393701509595], [121.97016594597756, 6.9754948688373535], [121.97921780198674, 6.975514527048493]]]}, "properties": {"grid_id": "8_13", "pred_scaled_catboost": 0.3644099948826267, "pred_scaled_rf": 0.4652761137171631, "barangay_name_clean": "BALUNO", "lon": 121.97468203244824, "lat": 6.980026969508073}}, {"type": "Feature", "geometry": {"type": "Polygon", "coordinates": [[[121.97919820161908, 6.984559054095227], [121.97917857522576, 6.993603577625942], [121.97012637151978, 6.993583867947604], [121.97014617187683, 6.9845393701509595], [121.97919820161908, 6.984559054095227]]]}, "properties": {"grid_id": "8_14", "pred_scaled_catboost": 0.4020668850252615, "pred_scaled_rf": 0.4689093841665833, "barangay_name_clean": "LA PAZ", "lon": 121.97466233214351, "lat": 6.9890714819489315}}, {"type": "Feature", "geometry": {"type": "Polygon", "coordinates": [[[121.97917857522576, 6.993603577625942], [121.97915892280433, 7.002648097636173], [121.97010654490393, 7.002628362222814], [121.97012637151978, 6.993583867947604], [121.97917857522576, 6.993603577625942]]]}, "properties": {"grid_id": "8_15", "pred_scaled_catboost": 0.3751876548527868, "pred_scaled_rf": 0.4636660074023527, "barangay_name_clean": "LA PAZ", "lon": 121.97464260569654, "lat": 6.998115990871069}}, {"type": "Feature", "geometry": {"type": "Polygon", "coordinates": [[[121.97915892280433, 7.002648097636173], [121.97913924435233, 7.011692614121458], [121.97008669202674, 7.011672852972129], [121.97010654490393, 7.002628362222814], [121.97915892280433, 7.002648097636173]]]}, "properties": {"grid_id": "8_16", "pred_scaled_catboost": 0.3403997180153468, "pred_scaled_rf": 0.3371921537858718, "barangay_name_clean": "LA PAZ", "lon": 121.97462285310489, "lat": 7.007160496270019}}, {"type": "Feature", "geometry": {"type": "Polygon", "coordinates": [[[121.97913924435233, 7.011692614121458], [121.97911953986724, 7.020737127077331], [121.97006681288576, 7.020717340191083], [121.97008669202674, 7.011672852972129], [121.97913924435233, 7.011692614121458]]]}, "properties": {"grid_id": "8_17", "pred_scaled_catboost": 0.3453943612874738, "pred_scaled_rf": 0.3185284638617779, "barangay_name_clean": "LA PAZ", "lon": 121.97460307436603, "lat": 7.01620499814131}}, {"type": "Feature", "geometry": {"type": "Polygon", "coordinates": [[[121.97911953986724, 7.020737127077331], [121.97909980934669, 7.02978163649933], [121.9700469074785, 7.0297618238752095], [121.97006681288576, 7.020717340191083], [121.97911953986724, 7.020737127077331]]]}, "properties": {"grid_id": "8_18", "pred_scaled_catboost": 0.3205309792724635, "pred_scaled_rf": 0.323906851180597, "barangay_name_clean": "PAMUCUTAN", "lon": 121.97458326947752, "lat": 7.025249496480493}}, {"type": "Feature", "geometry": {"type": "Polygon", "coordinates": [[[121.97909980934669, 7.02978163649933], [121.97908005278809, 7.038826142382993], [121.97002697580247, 7.038806304020046], [121.9700469074785, 7.0297618238752095], [121.97909980934669, 7.02978163649933]]]}, "properties": {"grid_id": "8_19", "pred_scaled_catboost": 0.3247761334786818, "pred_scaled_rf": 0.3329790640335335, "barangay_name_clean": "PAMUCUTAN", "lon": 121.97456343843687, "lat": 7.034293991283082}}, {"type": "Feature", "geometry": {"type": "Polygon", "coordinates": [[[121.97908005278809, 7.038826142382993], [121.97906027018905, 7.047870644723851], [121.97000701785515, 7.047850780621126], [121.97002697580247, 7.038806304020046], [121.97908005278809, 7.038826142382993]]]}, "properties": {"grid_id": "8_20", "pred_scaled_catboost": 0.3030328549824584, "pred_scaled_rf": 0.3331403177650354, "barangay_name_clean": "PAMUCUTAN", "lon": 121.97454358124158, "lat": 7.043338482544633}}, {"type": "Feature", "geometry": {"type": "Polygon", "coordinates": [[[121.97906027018905, 7.047870644723851], [121.97904046154707, 7.056915143517448], [121.96998703363403, 7.056895253673988], [121.97000701785515, 7.047850780621126], [121.97906027018905, 7.047870644723851]]]}, "properties": {"grid_id": "8_21", "pred_scaled_catboost": 0.3108062785751497, "pred_scaled_rf": 0.3022234147070357, "barangay_name_clean": "PAMUCUTAN", "lon": 121.97452369788917, "lat": 7.052382970260677}}, {"type": "Feature", "geometry": {"type": "Polygon", "coordinates": [[[121.97904046154707, 7.056915143517448], [121.97902062685965, 7.065959638759319], [121.96996702313665, 7.065939723174167], [121.96998703363403, 7.056895253673988], [121.97904046154707, 7.056915143517448]]]}, "properties": {"grid_id": "8_22", "pred_scaled_catboost": 0.4147891309248764, "pred_scaled_rf": 0.4213380326906148, "barangay_name_clean": NaN, "lon": 121.97450378837715, "lat": 7.061427454426743}}, {"type": "Feature", "geometry": {"type": "Polygon", "coordinates": [[[121.97902062685965, 7.065959638759319], [121.97900076612432, 7.075004130445], [121.96994698636045, 7.074984189117198], [121.96996702313665, 7.065939723174167], [121.97902062685965, 7.065959638759319]]]}, "properties": {"grid_id": "8_23", "pred_scaled_catboost": 0.4446056125487049, "pred_scaled_rf": 0.4233832042035094, "barangay_name_clean": NaN, "lon": 121.97448385270302, "lat": 7.070471935038376}}, {"type": "Feature", "geometry": {"type": "Polygon", "coordinates": [[[121.97900076612432, 7.075004130445], [121.97898087933856, 7.084048618570035], [121.96992692330295, 7.084028651498623], [121.96994698636045, 7.074984189117198], [121.97900076612432, 7.075004130445]]]}, "properties": {"grid_id": "8_24", "pred_scaled_catboost": 0.4290597102525375, "pred_scaled_rf": 0.4237309197287158, "barangay_name_clean": NaN, "lon": 121.97446389086426, "lat": 7.0795164120911105}}, {"type": "Feature", "geometry": {"type": "Polygon", "coordinates": [[[121.97898087933856, 7.084048618570035], [121.97896096649991, 7.093093103129958], [121.96990683396162, 7.093073110313976], [121.96992692330295, 7.084028651498623], [121.97898087933856, 7.084048618570035]]]}, "properties": {"grid_id": "8_25", "pred_scaled_catboost": 0.4390279329903188, "pred_scaled_rf": 0.423239039776902, "barangay_name_clean": NaN, "lon": 121.9744439028584, "lat": 7.08856088558049}}, {"type": "Feature", "geometry": {"type": "Polygon", "coordinates": [[[121.97896096649991, 7.093093103129958], [121.97894102760587, 7.102137584120309], [121.96988671833395, 7.102117565558796], [121.96990683396162, 7.093073110313976], [121.97896096649991, 7.093093103129958]]]}, "properties": {"grid_id": "8_26", "pred_scaled_catboost": 0.421907552713328, "pred_scaled_rf": 0.4215889220707592, "barangay_name_clean": NaN, "lon": 121.97442388868294, "lat": 7.097605355502045}}, {"type": "Feature", "geometry": {"type": "Polygon", "coordinates": [[[121.97894102760587, 7.102137584120309], [121.97892106265392, 7.11118206153663], [121.96986657641745, 7.111162017228618], [121.96988671833395, 7.102117565558796], [121.97894102760587, 7.102137584120309]]]}, "properties": {"grid_id": "8_27", "pred_scaled_catboost": 0.4038704387708002, "pred_scaled_rf": 0.4189000547679527, "barangay_name_clean": NaN, "lon": 121.97440384833534, "lat": 7.106649821851315}}, {"type": "Feature", "geometry": {"type": "Polygon", "coordinates": [[[121.97892106265392, 7.11118206153663], [121.97890107164159, 7.1202265353744565], [121.9698464082095, 7.120206465318985], [121.96986657641745, 7.111162017228618], [121.97892106265392, 7.11118206153663]]]}, "properties": {"grid_id": "8_28", "pred_scaled_catboost": 0.4046389988714842, "pred_scaled_rf": 0.4191275451322402, "barangay_name_clean": NaN, "lon": 121.97438378181313, "lat": 7.115694284623851}}, {"type": "Feature", "geometry": {"type": "Polygon", "coordinates": [[[121.97890107164159, 7.1202265353744565], [121.97888105456633, 7.129271005629332], [121.96982621370768, 7.129250909825434], [121.9698464082095, 7.120206465318985], [121.97890107164159, 7.1202265353744565]]]}, "properties": {"grid_id": "8_29", "pred_scaled_catboost": 0.4093430741608966, "pred_scaled_rf": 0.4180688472643889, "barangay_name_clean": NaN, "lon": 121.97436368911374, "lat": 7.124738743815171}}, {"type": "Feature", "geometry": {"type": "Polygon", "coordinates": [[[121.97888105456633, 7.129271005629332], [121.97886101142566, 7.138315472296795], [121.96980599290937, 7.138295350743505], [121.96982621370768, 7.129250909825434], [121.97888105456633, 7.129271005629332]]]}, "properties": {"grid_id": "8_30", "pred_scaled_catboost": 0.4001113223207629, "pred_scaled_rf": 0.4257758920216607, "barangay_name_clean": NaN, "lon": 121.97434357023468, "lat": 7.133783199420837}}, {"type": "Feature", "geometry": {"type": "Polygon", "coordinates": [[[121.97886101142566, 7.138315472296795], [121.97884094221705, 7.147359935372388], [121.96978574581209, 7.147339788068736], [121.96980599290937, 7.138295350743505], [121.97886101142566, 7.138315472296795]]]}, "properties": {"grid_id": "8_31", "pred_scaled_catboost": 0.4019215394730079, "pred_scaled_rf": 0.4270842853476427, "barangay_name_clean": NaN, "lon": 121.97432342517341, "lat": 7.142827651436372}}, {"type": "Feature", "geometry": {"type": "Polygon", "coordinates": [[[121.97884094221705, 7.147359935372388], [121.97882084693798, 7.156404394851653], [121.96976547241329, 7.156384221796668], [121.96978574581209, 7.147339788068736], [121.97884094221705, 7.147359935372388]]]}, "properties": {"grid_id": "8_32", "pred_scaled_catboost": 0.4017425933317386, "pred_scaled_rf": 0.4285938356942806, "barangay_name_clean": NaN, "lon": 121.97430325392742, "lat": 7.151872099857325}}, {"type": "Feature", "geometry": {"type": "Polygon", "coordinates": [[[121.98834713264655, 6.939355766508033], [121.98832780917, 6.948400333076484], [121.97927644696028, 6.948380924856838], [121.97929594324981, 6.939336383790686], [121.98834713264655, 6.939355766508033]]]}, "properties": {"grid_id": "9_9", "pred_scaled_catboost": 0.2631743057860302, "pred_scaled_rf": 0.2804543637463235, "barangay_name_clean": "MAASIN", "lon": 121.98381183507165, "lat": 6.943868366457378}}, {"type": "Feature", "geometry": {"type": "Polygon", "coordinates": [[[121.98832780917, 6.948400333076484], [121.9883084599082, 6.957444896147713], [121.97925692465488, 6.957425462424833], [121.97927644696028, 6.948380924856838], [121.98832780917, 6.948400333076484]]]}, "properties": {"grid_id": "9_10", "pred_scaled_catboost": 0.2268035805865268, "pred_scaled_rf": 0.2582216775015995, "barangay_name_clean": "MAASIN", "lon": 121.98379241223829, "lat": 6.952912918544772}}, {"type": "Feature", "geometry": {"type": "Polygon", "coordinates": [[[121.9883084599082, 6.957444896147713], [121.98828908485869, 6.966489455717253], [121.97923737633117, 6.966469996490207], [121.97925692465488, 6.957425462424833], [121.9883084599082, 6.957444896147713]]]}, "properties": {"grid_id": "9_11", "pred_scaled_catboost": 0.2353846024607749, "pred_scaled_rf": 0.2918734918117802, "barangay_name_clean": "CAWIT", "lon": 121.98377296350314, "lat": 6.961957467132238}}, {"type": "Feature", "geometry": {"type": "Polygon", "coordinates": [[[121.98828908485869, 6.966489455717253], [121.98826968401912, 6.97553401178064], [121.97921780198674, 6.975514527048493], [121.97923737633117, 6.966469996490207], [121.98828908485869, 6.966489455717253]]]}, "properties": {"grid_id": "9_12", "pred_scaled_catboost": 0.3676991425439246, "pred_scaled_rf": 0.4610250167203651, "barangay_name_clean": "BALUNO", "lon": 121.98375348886378, "lat": 6.971002012215321}}, {"type": "Feature", "geometry": {"type": "Polygon", "coordinates": [[[121.98826968401912, 6.97553401178064], [121.98825025738697, 6.984578564333412], [121.97919820161908, 6.984559054095227], [121.97921780198674, 6.975514527048493], [121.98826968401912, 6.97553401178064]]]}, "properties": {"grid_id": "9_13", "pred_scaled_catboost": 0.4112044299998745, "pred_scaled_rf": 0.4656810204864792, "barangay_name_clean": "BALUNO", "lon": 121.9837339883178, "lat": 6.980046553789548}}, {"type": "Feature", "geometry": {"type": "Polygon", "coordinates": [[[121.98825025738697, 6.984578564333412], [121.98823080495985, 6.993623113371104], [121.97917857522576, 6.993603577625942], [121.97919820161908, 6.984559054095227], [121.98825025738697, 6.984578564333412]]]}, "properties": {"grid_id": "9_14", "pred_scaled_catboost": 0.4314319198298159, "pred_scaled_rf": 0.4706413405593512, "barangay_name_clean": "LA PAZ", "lon": 121.98371446186268, "lat": 6.989091091850465}}, {"type": "Feature", "geometry": {"type": "Polygon", "coordinates": [[[121.98823080495985, 6.993623113371104], [121.98821132673532, 7.002667658889254], [121.97915892280433, 7.002648097636173], [121.97917857522576, 6.993603577625942], [121.98823080495985, 6.993623113371104]]]}, "properties": {"grid_id": "9_15", "pred_scaled_catboost": 0.4006004016893803, "pred_scaled_rf": 0.4655338221772751, "barangay_name_clean": "LA PAZ", "lon": 121.98369490949602, "lat": 6.998135626393596}}, {"type": "Feature", "geometry": {"type": "Polygon", "coordinates": [[[121.98821132673532, 7.002667658889254], [121.98819182271095, 7.011712200883397], [121.97913924435233, 7.011692614121458], [121.97915892280433, 7.002648097636173], [121.98821132673532, 7.002667658889254]]]}, "properties": {"grid_id": "9_16", "pred_scaled_catboost": 0.3410065634468908, "pred_scaled_rf": 0.3484538694177541, "barangay_name_clean": "LA PAZ", "lon": 121.98367533121541, "lat": 7.007180157414487}}, {"type": "Feature", "geometry": {"type": "Polygon", "coordinates": [[[121.98819182271095, 7.011712200883397], [121.98817229288427, 7.020756739349071], [121.97911953986724, 7.020737127077331], [121.97913924435233, 7.011692614121458], [121.98819182271095, 7.011712200883397]]]}, "properties": {"grid_id": "9_17", "pred_scaled_catboost": 0.2902478888866894, "pred_scaled_rf": 0.2769451549350966, "barangay_name_clean": "LA PAZ", "lon": 121.98365572701833, "lat": 7.016224684908671}}, {"type": "Feature", "geometry": {"type": "Polygon", "coordinates": [[[121.98817229288427, 7.020756739349071], [121.98815273725285, 7.029801274281813], [121.97909980934669, 7.02978163649933], [121.97911953986724, 7.020737127077331], [121.98817229288427, 7.020756739349071]]]}, "properties": {"grid_id": "9_18", "pred_scaled_catboost": 0.3027584337859786, "pred_scaled_rf": 0.2422847882169709, "barangay_name_clean": "LA PAZ", "lon": 121.98363609690236, "lat": 7.025269208871677}}, {"type": "Feature", "geometry": {"type": "Polygon", "coordinates": [[[121.98815273725285, 7.029801274281813], [121.98813315581423, 7.0388458056771634], [121.97908005278809, 7.038826142382993], [121.97909980934669, 7.02978163649933], [121.98815273725285, 7.029801274281813]]]}, "properties": {"grid_id": "9_19", "pred_scaled_catboost": 0.3431459695455566, "pred_scaled_rf": 0.3282973806456377, "barangay_name_clean": "LA PAZ", "lon": 121.983616440865, "lat": 7.034313729299059}}, {"type": "Feature", "geometry": {"type": "Polygon", "coordinates": [[[121.98813315581423, 7.0388458056771634], [121.98811354856593, 7.047890333530657], [121.97906027018905, 7.047870644723851], [121.97908005278809, 7.038826142382993], [121.98813315581423, 7.0388458056771634]]]}, "properties": {"grid_id": "9_20", "pred_scaled_catboost": 0.3770021832121704, "pred_scaled_rf": 0.3675211918738488, "barangay_name_clean": "LA PAZ", "lon": 121.98359675890381, "lat": 7.0433582461863375}}, {"type": "Feature", "geometry": {"type": "Polygon", "coordinates": [[[121.98811354856593, 7.047890333530657], [121.98809391550556, 7.056934857837835], [121.97904046154707, 7.056915143517448], [121.97906027018905, 7.047870644723851], [121.98811354856593, 7.047890333530657]]]}, "properties": {"grid_id": "9_21", "pred_scaled_catboost": 0.3718623302648847, "pred_scaled_rf": 0.3519892386988656, "barangay_name_clean": "LA PAZ", "lon": 121.98357705101637, "lat": 7.052402759529061}}, {"type": "Feature", "geometry": {"type": "Polygon", "coordinates": [[[121.98809391550556, 7.056934857837835], [121.9880742566306, 7.065979378594236], [121.97902062685965, 7.065959638759319], [121.97904046154707, 7.056915143517448], [121.98809391550556, 7.056934857837835]]]}, "properties": {"grid_id": "9_22", "pred_scaled_catboost": 0.359816657565837, "pred_scaled_rf": 0.3660471939461139, "barangay_name_clean": "LA PAZ", "lon": 121.98355731720012, "lat": 7.0614472693227635}}, {"type": "Feature", "geometry": {"type": "Polygon", "coordinates": [[[121.9880742566306, 7.065979378594236], [121.9880545719386, 7.075023895795399], [121.97900076612432, 7.075004130445], [121.97902062685965, 7.065959638759319], [121.9880742566306, 7.065979378594236]]]}, "properties": {"grid_id": "9_23", "pred_scaled_catboost": 0.3571353682237803, "pred_scaled_rf": 0.3584756936559069, "barangay_name_clean": "LA PAZ", "lon": 121.98353755745264, "lat": 7.070491775562984}}, {"type": "Feature", "geometry": {"type": "Polygon", "coordinates": [[[121.9880545719386, 7.075023895795399], [121.98803486142708, 7.084068409436863], [121.97898087933856, 7.084048618570035], [121.97900076612432, 7.075004130445], [121.9880545719386, 7.075023895795399]]]}, "properties": {"grid_id": "9_24", "pred_scaled_catboost": 0.3728589702028483, "pred_scaled_rf": 0.364869602691263, "barangay_name_clean": "LA PAZ", "lon": 121.98351777177146, "lat": 7.079536278245262}}, {"type": "Feature", "geometry": {"type": "Polygon", "coordinates": [[[121.98803486142708, 7.084068409436863], [121.98801512509361, 7.0931129195141684], [121.97896096649991, 7.093093103129958], [121.97898087933856, 7.084048618570035], [121.98803486142708, 7.084068409436863]]]}, "properties": {"grid_id": "9_25", "pred_scaled_catboost": 0.4243162089126578, "pred_scaled_rf": 0.4168973943392793, "barangay_name_clean": NaN, "lon": 121.98349796015408, "lat": 7.088580777365141}}, {"type": "Feature", "geometry": {"type": "Polygon", "coordinates": [[[121.98801512509361, 7.0931129195141684], [121.98799536293569, 7.102157426022856], [121.97894102760587, 7.102137584120309], [121.97896096649991, 7.093093103129958], [121.98801512509361, 7.0931129195141684]]]}, "properties": {"grid_id": "9_26", "pred_scaled_catboost": 0.4141601245611081, "pred_scaled_rf": 0.4208047770125687, "barangay_name_clean": NaN, "lon": 121.983478122598, "lat": 7.097625272918152}}, {"type": "Feature", "geometry": {"type": "Polygon", "coordinates": [[[121.98799536293569, 7.102157426022856], [121.98797557495084, 7.111201928958468], [121.97892106265392, 7.11118206153663], [121.97894102760587, 7.102137584120309], [121.98799536293569, 7.102157426022856]]]}, "properties": {"grid_id": "9_27", "pred_scaled_catboost": 0.4285642233601567, "pred_scaled_rf": 0.4253937052371564, "barangay_name_clean": NaN, "lon": 121.98345825910076, "lat": 7.10666976489984}}, {"type": "Feature", "geometry": {"type": "Polygon", "coordinates": [[[121.98797557495084, 7.111201928958468], [121.98795576113658, 7.120246428316541], [121.97890107164159, 7.1202265353744565], [121.97892106265392, 7.11118206153663], [121.98797557495084, 7.111201928958468]]]}, "properties": {"grid_id": "9_28", "pred_scaled_catboost": 0.4144161967663485, "pred_scaled_rf": 0.4323951762444101, "barangay_name_clean": NaN, "lon": 121.98343836965986, "lat": 7.115714253305742}}, {"type": "Feature", "geometry": {"type": "Polygon", "coordinates": [[[121.98795576113658, 7.120246428316541], [121.9879359214904, 7.129290924092622], [121.97888105456633, 7.129271005629332], [121.97890107164159, 7.1202265353744565], [121.98795576113658, 7.120246428316541]]]}, "properties": {"grid_id": "9_29", "pred_scaled_catboost": 0.3857955639726199, "pred_scaled_rf": 0.3715656063722832, "barangay_name_clean": NaN, "lon": 121.98341845427281, "lat": 7.124758738131401}}, {"type": "Feature", "geometry": {"type": "Polygon", "coordinates": [[[121.9879359214904, 7.129290924092622], [121.98791605600987, 7.138335416282248], [121.97886101142566, 7.138315472296795], [121.97888105456633, 7.129271005629332], [121.9879359214904, 7.129290924092622]]]}, "properties": {"grid_id": "9_30", "pred_scaled_catboost": 0.388946313374526, "pred_scaled_rf": 0.3723052115030244, "barangay_name_clean": NaN, "lon": 121.9833985129371, "lat": 7.133803219372361}}, {"type": "Feature", "geometry": {"type": "Polygon", "coordinates": [[[121.98791605600987, 7.138335416282248], [121.98789616469244, 7.1473799048809665], [121.97884094221705, 7.147359935372388], [121.97886101142566, 7.138315472296795], [121.98791605600987, 7.138335416282248]]]}, "properties": {"grid_id": "9_31", "pred_scaled_catboost": 0.3937320419676695, "pred_scaled_rf": 0.3700398807263932, "barangay_name_clean": NaN, "lon": 121.98337854565024, "lat": 7.142847697024159}}, {"type": "Feature", "geometry": {"type": "Polygon", "coordinates": [[[121.98789616469244, 7.1473799048809665], [121.98787624753567, 7.156424389884315], [121.97882084693798, 7.156404394851653], [121.97884094221705, 7.147359935372388], [121.98789616469244, 7.1473799048809665]]]}, "properties": {"grid_id": "9_32", "pred_scaled_catboost": 0.3858943993750884, "pred_scaled_rf": 0.3669801963588555, "barangay_name_clean": NaN, "lon": 121.98335855240974, "lat": 7.15189217108234}}, {"type": "Feature", "geometry": {"type": "Polygon", "coordinates": [[[121.997417472935, 6.930330381316721], [121.9973983478261, 6.939374976652244], [121.98834713264655, 6.939355766508033], [121.98836643034026, 6.930311196446827], [121.997417472935, 6.930330381316721]]]}, "properties": {"grid_id": "10_8", "pred_scaled_catboost": 0.2503057542732111, "pred_scaled_rf": 0.2332483979686731, "barangay_name_clean": NaN, "lon": 121.99288234798361, "lat": 6.934843094611433}}, {"type": "Feature", "geometry": {"type": "Polygon", "coordinates": [[[121.9973983478261, 6.939374976652244], [121.99737919716499, 6.948419568495938], [121.98832780917, 6.948400333076484], [121.98834713264655, 6.939355766508033], [121.9973983478261, 6.939374976652244]]]}, "properties": {"grid_id": "10_9", "pred_scaled_catboost": 0.2457821816841028, "pred_scaled_rf": 0.3199002044335328, "barangay_name_clean": "MAASIN", "lon": 121.9928631237485, "lat": 6.943887675582589}}, {"type": "Feature", "geometry": {"type": "Polygon", "coordinates": [[[121.99737919716499, 6.948419568495938], [121.99736002094919, 6.957464156843333], [121.9883084599082, 6.957444896147713], [121.98832780917, 6.948400333076484], [121.99737919716499, 6.948419568495938]]]}, "properties": {"grid_id": "10_10", "pred_scaled_catboost": 0.2178503203614974, "pred_scaled_rf": 0.2684840261157588, "barangay_name_clean": "MAASIN", "lon": 121.99284387384466, "lat": 6.952932253059212}}, {"type": "Feature", "geometry": {"type": "Polygon", "coordinates": [[[121.99736002094919, 6.957464156843333], [121.99734081917634, 6.966508741689966], [121.98828908485869, 6.966489455717253], [121.9883084599082, 6.957444896147713], [121.99736002094919, 6.957464156843333]]]}, "properties": {"grid_id": "10_11", "pred_scaled_catboost": 0.3531923439997768, "pred_scaled_rf": 0.4632935644221435, "barangay_name_clean": "BALUNO", "lon": 121.99282459826962, "lat": 6.961976827036846}}, {"type": "Feature", "geometry": {"type": "Polygon", "coordinates": [[[121.99734081917634, 6.966508741689966], [121.99732159184401, 6.975553323031373], [121.98826968401912, 6.97553401178064], [121.98828908485869, 6.966489455717253], [121.99734081917634, 6.966508741689966]]]}, "properties": {"grid_id": "10_12", "pred_scaled_catboost": 0.384789640192152, "pred_scaled_rf": 0.4682158391641551, "barangay_name_clean": "BALUNO", "lon": 121.99280529702102, "lat": 6.971021397511019}}, {"type": "Feature", "geometry": {"type": "Polygon", "coordinates": [[[121.99732159184401, 6.975553323031373], [121.99730233894984, 6.984597900863094], [121.98825025738697, 6.984578564333412], [121.98826968401912, 6.97553401178064], [121.99732159184401, 6.975553323031373]]]}, "properties": {"grid_id": "10_13", "pred_scaled_catboost": 0.3990611323040475, "pred_scaled_rf": 0.465419414918567, "barangay_name_clean": "BALUNO", "lon": 121.9927859700964, "lat": 6.980065964477281}}, {"type": "Feature", "geometry": {"type": "Polygon", "coordinates": [[[121.99730233894984, 6.984597900863094], [121.99728306049137, 6.993642475180668], [121.98823080495985, 6.993623113371104], [121.98825025738697, 6.984578564333412], [121.99730233894984, 6.984597900863094]]]}, "properties": {"grid_id": "10_14", "pred_scaled_catboost": 0.4119054567958582, "pred_scaled_rf": 0.4685087871250304, "barangay_name_clean": "LA PAZ", "lon": 121.99276661749339, "lat": 6.989110527931154}}, {"type": "Feature", "geometry": {"type": "Polygon", "coordinates": [[[121.99728306049137, 6.993642475180668], [121.99726375646617, 7.002687045979628], [121.98821132673532, 7.002667658889254], [121.98823080495985, 6.993623113371104], [121.99728306049137, 6.993642475180668]]]}, "properties": {"grid_id": "10_15", "pred_scaled_catboost": 0.4018979659085033, "pred_scaled_rf": 0.4115424156994551, "barangay_name_clean": "LA PAZ", "lon": 121.99274723920954, "lat": 6.9981550878681835}}, {"type": "Feature", "geometry": {"type": "Polygon", "coordinates": [[[121.99726375646617, 7.002687045979628], [121.99724442687187, 7.011731613255513], [121.98819182271095, 7.011712200883397], [121.98821132673532, 7.002667658889254], [121.99726375646617, 7.002687045979628]]]}, "properties": {"grid_id": "10_16", "pred_scaled_catboost": 0.3583135058283118, "pred_scaled_rf": 0.2993091206715994, "barangay_name_clean": "LA PAZ", "lon": 121.99272783524236, "lat": 7.007199644283907}}, {"type": "Feature", "geometry": {"type": "Polygon", "coordinates": [[[121.99724442687187, 7.011731613255513], [121.99722507170603, 7.020776177003865], [121.98817229288427, 7.020756739349071], [121.98819182271095, 7.011712200883397], [121.99724442687187, 7.011731613255513]]]}, "properties": {"grid_id": "10_17", "pred_scaled_catboost": 0.3111890396975816, "pred_scaled_rf": 0.250485705176186, "barangay_name_clean": "LA PAZ", "lon": 121.99270840558951, "lat": 7.016244197173857}}, {"type": "Feature", "geometry": {"type": "Polygon", "coordinates": [[[121.99722507170603, 7.020776177003865], [121.9972056909662, 7.029820737220218], [121.98815273725285, 7.029801274281813], [121.98817229288427, 7.020756739349071], [121.99722507170603, 7.020776177003865]]]}, "properties": {"grid_id": "10_18", "pred_scaled_catboost": 0.3362792052952302, "pred_scaled_rf": 0.2911017712936313, "barangay_name_clean": NaN, "lon": 121.99268895024854, "lat": 7.025288746533577}}, {"type": "Feature", "geometry": {"type": "Polygon", "coordinates": [[[121.9972056909662, 7.029820737220218], [121.99718628464998, 7.038865293900118], [121.98813315581423, 7.0388458056771634], [121.98815273725285, 7.029801274281813], [121.9972056909662, 7.029820737220218]]]}, "properties": {"grid_id": "10_19", "pred_scaled_catboost": 0.3552806206824995, "pred_scaled_rf": 0.3382058467088232, "barangay_name_clean": "LA PAZ", "lon": 121.99266946921695, "lat": 7.034333292358603}}, {"type": "Feature", "geometry": {"type": "Polygon", "coordinates": [[[121.99718628464998, 7.038865293900118], [121.99716685275492, 7.047909847039096], [121.98811354856593, 7.047890333530657], [121.98813315581423, 7.0388458056771634], [121.99718628464998, 7.038865293900118]]]}, "properties": {"grid_id": "10_20", "pred_scaled_catboost": 0.3762005128134658, "pred_scaled_rf": 0.3701167625590955, "barangay_name_clean": "LA PAZ", "lon": 121.99264996249237, "lat": 7.043377834644473}}, {"type": "Feature", "geometry": {"type": "Polygon", "coordinates": [[[121.99716685275492, 7.047909847039096], [121.9971473952786, 7.056954396632699], [121.98809391550556, 7.056934857837835], [121.98811354856593, 7.047890333530657], [121.99716685275492, 7.047909847039096]]]}, "properties": {"grid_id": "10_21", "pred_scaled_catboost": 0.3804624826480159, "pred_scaled_rf": 0.3769542246566419, "barangay_name_clean": "LA PAZ", "lon": 121.99263043007232, "lat": 7.052422373386729}}, {"type": "Feature", "geometry": {"type": "Polygon", "coordinates": [[[121.9971473952786, 7.056954396632699], [121.99712791221856, 7.0659989426764644], [121.9880742566306, 7.065979378594236], [121.98809391550556, 7.056934857837835], [121.9971473952786, 7.056954396632699]]]}, "properties": {"grid_id": "10_22", "pred_scaled_catboost": 0.3548447192606996, "pred_scaled_rf": 0.3759084928652998, "barangay_name_clean": "LA PAZ", "lon": 121.99261087195435, "lat": 7.061466908580906}}, {"type": "Feature", "geometry": {"type": "Polygon", "coordinates": [[[121.99712791221856, 7.0659989426764644], [121.99710840357237, 7.075043485165933], [121.9880545719386, 7.075023895795399], [121.9880742566306, 7.065979378594236], [121.99712791221856, 7.0659989426764644]]]}, "properties": {"grid_id": "10_23", "pred_scaled_catboost": 0.3612171445897535, "pred_scaled_rf": 0.3761922496268987, "barangay_name_clean": "LA PAZ", "lon": 121.99259128813601, "lat": 7.070511440222548}}, {"type": "Feature", "geometry": {"type": "Polygon", "coordinates": [[[121.99710840357237, 7.075043485165933], [121.99708886933759, 7.084088024096647], [121.98803486142708, 7.084068409436863], [121.9880545719386, 7.075023895795399], [121.99710840357237, 7.075043485165933]]]}, "properties": {"grid_id": "10_24", "pred_scaled_catboost": 0.3785654154615711, "pred_scaled_rf": 0.3738533871874814, "barangay_name_clean": "LA PAZ", "lon": 121.99257167861484, "lat": 7.0795559683071945}}, {"type": "Feature", "geometry": {"type": "Polygon", "coordinates": [[[121.99708886933759, 7.084088024096647], [121.99706930951177, 7.093132559464144], [121.98801512509361, 7.0931129195141684], [121.98803486142708, 7.084068409436863], [121.99708886933759, 7.084088024096647]]]}, "properties": {"grid_id": "10_25", "pred_scaled_catboost": 0.3668092783394395, "pred_scaled_rf": 0.3622043901165709, "barangay_name_clean": "LA PAZ", "lon": 121.99255204338841, "lat": 7.088600492830382}}, {"type": "Feature", "geometry": {"type": "Polygon", "coordinates": [[[121.99706930951177, 7.093132559464144], [121.99704972409243, 7.102177091263969], [121.98799536293569, 7.102157426022856], [121.98801512509361, 7.0931129195141684], [121.99706930951177, 7.093132559464144]]]}, "properties": {"grid_id": "10_26", "pred_scaled_catboost": 0.411127428180387, "pred_scaled_rf": 0.422027520123477, "barangay_name_clean": NaN, "lon": 121.99253238245424, "lat": 7.0976450137876546}}, {"type": "Feature", "geometry": {"type": "Polygon", "coordinates": [[[121.99704972409243, 7.102177091263969], [121.99703011307714, 7.111221619491664], [121.98797557495084, 7.111201928958468], [121.98799536293569, 7.102157426022856], [121.99704972409243, 7.102177091263969]]]}, "properties": {"grid_id": "10_27", "pred_scaled_catboost": 0.431268343547549, "pred_scaled_rf": 0.434672502704746, "barangay_name_clean": NaN, "lon": 121.99251269580982, "lat": 7.106689531174555}}, {"type": "Feature", "geometry": {"type": "Polygon", "coordinates": [[[121.99703011307714, 7.111221619491664], [121.99701047646346, 7.120266144142771], [121.98795576113658, 7.120246428316541], [121.98797557495084, 7.111201928958468], [121.99703011307714, 7.111221619491664]]]}, "properties": {"grid_id": "10_28", "pred_scaled_catboost": 0.4149093932394905, "pred_scaled_rf": 0.4259074586648591, "barangay_name_clean": NaN, "lon": 121.99249298345275, "lat": 7.115734044986622}}, {"type": "Feature", "geometry": {"type": "Polygon", "coordinates": [[[121.99701047646346, 7.120266144142771], [121.99699081424887, 7.129310665212831], [121.9879359214904, 7.129290924092622], [121.98795576113658, 7.120246428316541], [121.99701047646346, 7.120266144142771]]]}, "properties": {"grid_id": "10_29", "pred_scaled_catboost": 0.3962976378557958, "pred_scaled_rf": 0.405772506202648, "barangay_name_clean": NaN, "lon": 121.99247324538052, "lat": 7.124778555219399}}, {"type": "Feature", "geometry": {"type": "Polygon", "coordinates": [[[121.99699081424887, 7.129310665212831], [121.99697112643095, 7.138355182697388], [121.98791605600987, 7.138335416282248], [121.9879359214904, 7.129290924092622], [121.99699081424887, 7.129310665212831]]]}, "properties": {"grid_id": "10_30", "pred_scaled_catboost": 0.3829063024158594, "pred_scaled_rf": 0.3762750196279278, "barangay_name_clean": NaN, "lon": 121.99245348159069, "lat": 7.133823061868427}}, {"type": "Feature", "geometry": {"type": "Polygon", "coordinates": [[[121.99697112643095, 7.138355182697388], [121.99695141300721, 7.147399696591984], [121.98789616469244, 7.1473799048809665], [121.98791605600987, 7.138335416282248], [121.99697112643095, 7.138355182697388]]]}, "properties": {"grid_id": "10_31", "pred_scaled_catboost": 0.374235903328646, "pred_scaled_rf": 0.3630331802966744, "barangay_name_clean": NaN, "lon": 121.99243369208072, "lat": 7.142867564929248}}, {"type": "Feature", "geometry": {"type": "Polygon", "coordinates": [[[121.99695141300721, 7.147399696591984], [121.99693167397521, 7.156444206892168], [121.98787624753567, 7.156424389884315], [121.98789616469244, 7.1473799048809665], [121.99695141300721, 7.147399696591984]]]}, "properties": {"grid_id": "10_32", "pred_scaled_catboost": 0.3695443590567447, "pred_scaled_rf": 0.3457994994004275, "barangay_name_clean": NaN, "lon": 121.9924138768482, "lat": 7.151912064397412}}, {"type": "Feature", "geometry": {"type": "Polygon", "coordinates": [[[122.00648746828195, 6.921304769968895], [122.0064685410796, 6.930349393838142], [121.997417472935, 6.930330381316721], [121.997436572494, 6.921285782493826], [122.00648746828195, 6.921304769968895]]]}, "properties": {"grid_id": "11_7", "pred_scaled_catboost": 0.2283799694968268, "pred_scaled_rf": 0.2348900532492065, "barangay_name_clean": NaN, "lon": 122.00195251572595, "lat": 6.925817596265982}}, {"type": "Feature", "geometry": {"type": "Polygon", "coordinates": [[[122.0064685410796, 6.930349393838142], [122.00644958855793, 6.939394014220936], [121.9973983478261, 6.939374976652244], [121.997417472935, 6.930330381316721], [122.0064685410796, 6.930349393838142]]]}, "properties": {"grid_id": "11_8", "pred_scaled_catboost": 0.2643794938885126, "pred_scaled_rf": 0.2444943183339965, "barangay_name_clean": "SINUNOC", "lon": 122.00193348962792, "lat": 6.934862205887531}}, {"type": "Feature", "geometry": {"type": "Polygon", "coordinates": [[[122.00644958855793, 6.939394014220936], [122.00643061071462, 6.94843863111281], [121.99737919716499, 6.948419568495938], [121.9973983478261, 6.939374976652244], [122.00644958855793, 6.939394014220936]]]}, "properties": {"grid_id": "11_9", "pred_scaled_catboost": 0.2548513280630786, "pred_scaled_rf": 0.3315810003298801, "barangay_name_clean": "SINUNOC", "lon": 122.00191443809413, "lat": 6.943906812019934}}, {"type": "Feature", "geometry": {"type": "Polygon", "coordinates": [[[122.00643061071462, 6.94843863111281], [122.00641160754724, 6.957483244509303], [121.99736002094919, 6.957464156843333], [121.99737919716499, 6.948419568495938], [122.00643061071462, 6.94843863111281]]]}, "properties": {"grid_id": "11_10", "pred_scaled_catboost": 0.2090425679490623, "pred_scaled_rf": 0.25822108161234, "barangay_name_clean": "SINUNOC", "lon": 122.00189536112217, "lat": 6.952951414658733}}, {"type": "Feature", "geometry": {"type": "Polygon", "coordinates": [[[122.00641160754724, 6.957483244509303], [122.00639257905344, 6.966527854405953], [121.99734081917634, 6.966508741689966], [121.99736002094919, 6.957464156843333], [122.00641160754724, 6.957483244509303]]]}, "properties": {"grid_id": "11_11", "pred_scaled_catboost": 0.387580330954923, "pred_scaled_rf": 0.4760885659448056, "barangay_name_clean": "BALUNO", "lon": 122.00187625870967, "lat": 6.961996013799459}}, {"type": "Feature", "geometry": {"type": "Polygon", "coordinates": [[[122.00639257905344, 6.966527854405953], [122.00637352523083, 6.975572460798297], [121.99732159184401, 6.975553323031373], [121.99734081917634, 6.966508741689966], [122.00639257905344, 6.966527854405953]]]}, "properties": {"grid_id": "11_12", "pred_scaled_catboost": 0.3903790212401246, "pred_scaled_rf": 0.4773689202287827, "barangay_name_clean": "BALUNO", "lon": 122.00185713085423, "lat": 6.971040609437654}}, {"type": "Feature", "geometry": {"type": "Polygon", "coordinates": [[[122.00637352523083, 6.975572460798297], [122.006354446077, 6.984617063681875], [121.99730233894984, 6.984597900863094], [121.99732159184401, 6.975553323031373], [122.00637352523083, 6.975572460798297]]]}, "properties": {"grid_id": "11_13", "pred_scaled_catboost": 0.32412978975263, "pred_scaled_rf": 0.3230127211441465, "barangay_name_clean": "BALUNO", "lon": 122.00183797755345, "lat": 6.980085201568848}}, {"type": "Feature", "geometry": {"type": "Polygon", "coordinates": [[[122.006354446077, 6.984617063681875], [122.00633534158956, 6.993661663052226], [121.99728306049137, 6.993642475180668], [121.99730233894984, 6.984597900863094], [122.006354446077, 6.984617063681875]]]}, "properties": {"grid_id": "11_14", "pred_scaled_catboost": 0.3257537386179707, "pred_scaled_rf": 0.3563009069660812, "barangay_name_clean": "BALUNO", "lon": 122.00181879880495, "lat": 6.989129790188589}}, {"type": "Feature", "geometry": {"type": "Polygon", "coordinates": [[[122.00633534158956, 6.993661663052226], [122.00631621176615, 7.002706258904886], [121.99726375646617, 7.002687045979628], [121.99728306049137, 6.993642475180668], [122.00633534158956, 6.993661663052226]]]}, "properties": {"grid_id": "11_15", "pred_scaled_catboost": 0.4358579931297022, "pred_scaled_rf": 0.4093542074708226, "barangay_name_clean": "LA PAZ", "lon": 122.00179959460625, "lat": 6.998174375292417}}, {"type": "Feature", "geometry": {"type": "Polygon", "coordinates": [[[122.00631621176615, 7.002706258904886], [122.00629705660434, 7.011750851235398], [121.99724442687187, 7.011731613255513], [121.99726375646617, 7.002687045979628], [122.00631621176615, 7.002706258904886]]]}, "properties": {"grid_id": "11_16", "pred_scaled_catboost": 0.3755101513805131, "pred_scaled_rf": 0.3392966296715284, "barangay_name_clean": "LA PAZ", "lon": 122.00178036495504, "lat": 7.007218956875856}}, {"type": "Feature", "geometry": {"type": "Polygon", "coordinates": [[[122.00629705660434, 7.011750851235398], [122.00627787610176, 7.0207954400393], [121.99722507170603, 7.020776177003865], [121.99724442687187, 7.011731613255513], [122.00629705660434, 7.011750851235398]]]}, "properties": {"grid_id": "11_17", "pred_scaled_catboost": 0.3816836111730658, "pred_scaled_rf": 0.2913648355742108, "barangay_name_clean": "LA PAZ", "lon": 122.00176110984889, "lat": 7.016263534934459}}, {"type": "Feature", "geometry": {"type": "Polygon", "coordinates": [[[122.00627787610176, 7.0207954400393], [122.00625867025595, 7.02984002531213], [121.9972056909662, 7.029820737220218], [121.99722507170603, 7.020776177003865], [122.00627787610176, 7.0207954400393]]]}, "properties": {"grid_id": "11_18", "pred_scaled_catboost": 0.3665845283570122, "pred_scaled_rf": 0.3168630809212847, "barangay_name_clean": "LA PAZ", "lon": 122.00174182928531, "lat": 7.0253081094637535}}, {"type": "Feature", "geometry": {"type": "Polygon", "coordinates": [[[122.00625867025595, 7.02984002531213], [122.00623943906456, 7.038884607049433], [121.99718628464998, 7.038865293900118], [121.9972056909662, 7.029820737220218], [122.00625867025595, 7.02984002531213]]]}, "properties": {"grid_id": "11_19", "pred_scaled_catboost": 0.3830936953732371, "pred_scaled_rf": 0.3906921371196797, "barangay_name_clean": "LA PAZ", "lon": 122.00172252326193, "lat": 7.034352680459291}}, {"type": "Feature", "geometry": {"type": "Polygon", "coordinates": [[[122.00623943906456, 7.038884607049433], [122.00622018252517, 7.047929185246747], [121.99716685275492, 7.047909847039096], [121.99718628464998, 7.038865293900118], [122.00623943906456, 7.038884607049433]]]}, "properties": {"grid_id": "11_20", "pred_scaled_catboost": 0.3748424234012963, "pred_scaled_rf": 0.3906823084076951, "barangay_name_clean": "LA PAZ", "lon": 122.00170319177639, "lat": 7.043397247916608}}, {"type": "Feature", "geometry": {"type": "Polygon", "coordinates": [[[122.00622018252517, 7.047929185246747], [122.00620090063536, 7.056973759899615], [121.9971473952786, 7.056954396632699], [121.99716685275492, 7.047909847039096], [122.00622018252517, 7.047929185246747]]]}, "properties": {"grid_id": "11_21", "pred_scaled_catboost": 0.3839388763374023, "pred_scaled_rf": 0.3946255718172742, "barangay_name_clean": "LA PAZ", "lon": 122.0016838348262, "lat": 7.052441811831239}}, {"type": "Feature", "geometry": {"type": "Polygon", "coordinates": [[[122.00620090063536, 7.056973759899615], [122.00618159339268, 7.066018331003576], [121.99712791221856, 7.0659989426764644], [121.9971473952786, 7.056954396632699], [122.00620090063536, 7.056973759899615]]]}, "properties": {"grid_id": "11_22", "pred_scaled_catboost": 0.3849135750533728, "pred_scaled_rf": 0.3897313772814011, "barangay_name_clean": "LA PAZ", "lon": 122.00166445240895, "lat": 7.061486372198727}}, {"type": "Feature", "geometry": {"type": "Polygon", "coordinates": [[[122.00618159339268, 7.066018331003576], [122.00616226079475, 7.075062898554172], [121.99710840357237, 7.075043485165933], [121.99712791221856, 7.0659989426764644], [122.00618159339268, 7.066018331003576]]]}, "properties": {"grid_id": "11_23", "pred_scaled_catboost": 0.3614252790707427, "pred_scaled_rf": 0.3916733882641041, "barangay_name_clean": "LA PAZ", "lon": 122.00164504452218, "lat": 7.07053092901462}}, {"type": "Feature", "geometry": {"type": "Polygon", "coordinates": [[[122.00616226079475, 7.075062898554172], [122.00614290283913, 7.08410746254695], [121.99708886933759, 7.084088024096647], [121.99710840357237, 7.075043485165933], [122.00616226079475, 7.075062898554172]]]}, "properties": {"grid_id": "11_24", "pred_scaled_catboost": 0.3595829164969371, "pred_scaled_rf": 0.3890887348035919, "barangay_name_clean": "LA PAZ", "lon": 122.0016256111635, "lat": 7.07957548227445}}, {"type": "Feature", "geometry": {"type": "Polygon", "coordinates": [[[122.00614290283913, 7.08410746254695], [122.00612351952341, 7.0931520229774465], [121.99706930951177, 7.093132559464144], [121.99708886933759, 7.084088024096647], [122.00614290283913, 7.08410746254695]]]}, "properties": {"grid_id": "11_25", "pred_scaled_catboost": 0.370096546067525, "pred_scaled_rf": 0.3875705053462921, "barangay_name_clean": "LA PAZ", "lon": 122.0016061523305, "lat": 7.0886200319737664}}, {"type": "Feature", "geometry": {"type": "Polygon", "coordinates": [[[122.00612351952341, 7.0931520229774465], [122.00610411084514, 7.1021965798412054], [121.99704972409243, 7.102177091263969], [121.99706930951177, 7.093132559464144], [122.00612351952341, 7.0931520229774465]]]}, "properties": {"grid_id": "11_26", "pred_scaled_catboost": 0.4066579296833806, "pred_scaled_rf": 0.4166205353205241, "barangay_name_clean": NaN, "lon": 122.00158666802066, "lat": 7.097664578108106}}, {"type": "Feature", "geometry": {"type": "Polygon", "coordinates": [[[122.00610411084514, 7.1021965798412054], [122.00608467680186, 7.111241133133772], [121.99703011307714, 7.111221619491664], [121.99704972409243, 7.102177091263969], [122.00610411084514, 7.1021965798412054]]]}, "properties": {"grid_id": "11_27", "pred_scaled_catboost": 0.3536386186479343, "pred_scaled_rf": 0.3708165861828128, "barangay_name_clean": "LA PAZ", "lon": 122.00156715823157, "lat": 7.106709120673008}}, {"type": "Feature", "geometry": {"type": "Polygon", "coordinates": [[[122.00608467680186, 7.111241133133772], [122.0060652173912, 7.1202856828506915], [121.99701047646346, 7.120266144142771], [121.99703011307714, 7.111221619491664], [122.00608467680186, 7.111241133133772]]]}, "properties": {"grid_id": "11_28", "pred_scaled_catboost": 0.3956993683743462, "pred_scaled_rf": 0.3493271149894509, "barangay_name_clean": NaN, "lon": 122.0015476229608, "lat": 7.115753659664027}}, {"type": "Feature", "geometry": {"type": "Polygon", "coordinates": [[[122.0060652173912, 7.1202856828506915], [122.00604573261067, 7.129330228987502], [121.99699081424887, 7.129310665212831], [121.99701047646346, 7.120266144142771], [122.0060652173912, 7.1202856828506915]]]}, "properties": {"grid_id": "11_29", "pred_scaled_catboost": 0.3914693931403563, "pred_scaled_rf": 0.4037471778010565, "barangay_name_clean": NaN, "lon": 122.00152806220588, "lat": 7.1247981950767025}}, {"type": "Feature", "geometry": {"type": "Polygon", "coordinates": [[[122.00604573261067, 7.129330228987502], [122.00602622245785, 7.138374771539754], [121.99697112643095, 7.138355182697388], [121.99699081424887, 7.129310665212831], [122.00604573261067, 7.129330228987502]]]}, "properties": {"grid_id": "11_30", "pred_scaled_catboost": 0.3787242025670455, "pred_scaled_rf": 0.3738292295059343, "barangay_name_clean": NaN, "lon": 122.00150847596436, "lat": 7.133842726906568}}, {"type": "Feature", "geometry": {"type": "Polygon", "coordinates": [[[122.00602622245785, 7.138374771539754], [122.00600668693028, 7.147419310502989], [121.99695141300721, 7.147399696591984], [121.99697112643095, 7.138355182697388], [122.00602622245785, 7.138374771539754]]]}, "properties": {"grid_id": "11_31", "pred_scaled_catboost": 0.3785143162053172, "pred_scaled_rf": 0.3502955391976393, "barangay_name_clean": NaN, "lon": 122.0014888642338, "lat": 7.142887255149175}}, {"type": "Feature", "geometry": {"type": "Polygon", "coordinates": [[[122.00600668693028, 7.147419310502989], [122.00598712602549, 7.156463845872752], [121.99693167397521, 7.156444206892168], [121.99695141300721, 7.147399696591984], [122.00600668693028, 7.147419310502989]]]}, "properties": {"grid_id": "11_32", "pred_scaled_catboost": 0.3793685740894741, "pred_scaled_rf": 0.3494924295071805, "barangay_name_clean": NaN, "lon": 122.00146922701174, "lat": 7.151931779800065}}, {"type": "Feature", "geometry": {"type": "Polygon", "coordinates": [[[122.01553838938676, 6.921323585320182], [122.01551963454347, 6.930368234008734], [122.0064685410796, 6.930349393838142], [122.00648746828195, 6.921304769968895], [122.01553838938676, 6.921323585320182]]]}, "properties": {"grid_id": "12_7", "pred_scaled_catboost": 0.2644129385689713, "pred_scaled_rf": 0.2478965346520971, "barangay_name_clean": "SINUNOC", "lon": 122.01100351033288, "lat": 6.925836510145619}}, {"type": "Feature", "geometry": {"type": "Polygon", "coordinates": [[[122.01551963454347, 6.930368234008734], [122.01550085461145, 6.93941287921174], [122.00644958855793, 6.939394014220936], [122.0064685410796, 6.930349393838142], [122.01551963454347, 6.930368234008734]]]}, "properties": {"grid_id": "12_8", "pred_scaled_catboost": 0.2616869727662606, "pred_scaled_rf": 0.2482169098933646, "barangay_name_clean": "SINUNOC", "lon": 122.01098465670796, "lat": 6.934881144700452}}, {"type": "Feature", "geometry": {"type": "Polygon", "coordinates": [[[122.01550085461145, 6.93941287921174], [122.0154820495883, 6.948457520924733], [122.00643061071462, 6.94843863111281], [122.00644958855793, 6.939394014220936], [122.01550085461145, 6.93941287921174]]]}, "properties": {"grid_id": "12_9", "pred_scaled_catboost": 0.2565481743406468, "pred_scaled_rf": 0.3218941974266739, "barangay_name_clean": "SINUNOC", "lon": 122.01096577787791, "lat": 6.943925775767045}}, {"type": "Feature", "geometry": {"type": "Polygon", "coordinates": [[[122.0154820495883, 6.948457520924733], [122.01546321947173, 6.957502159143253], [122.00641160754724, 6.957483244509303], [122.00643061071462, 6.94843863111281], [122.0154820495883, 6.948457520924733]]]}, "properties": {"grid_id": "12_10", "pred_scaled_catboost": 0.2185192523696919, "pred_scaled_rf": 0.2628834910974354, "barangay_name_clean": "SINUNOC", "lon": 122.01094687384024, "lat": 6.952970403340953}}, {"type": "Feature", "geometry": {"type": "Polygon", "coordinates": [[[122.01546321947173, 6.957502159143253], [122.01544436425935, 6.966546793862841], [122.00639257905344, 6.966527854405953], [122.00641160754724, 6.957483244509303], [122.01546321947173, 6.957502159143253]]]}, "properties": {"grid_id": "12_11", "pred_scaled_catboost": 0.3830593385736303, "pred_scaled_rf": 0.4748407037342049, "barangay_name_clean": "BALUNO", "lon": 122.01092794459267, "lat": 6.9620150274176975}}, {"type": "Feature", "geometry": {"type": "Polygon", "coordinates": [[[122.01544436425935, 6.966546793862841], [122.01542548394882, 6.975591425079034], [122.00637352523083, 6.975572460798297], [122.00639257905344, 6.966527854405953], [122.01544436425935, 6.966546793862841]]]}, "properties": {"grid_id": "12_12", "pred_scaled_catboost": 0.3842455138487143, "pred_scaled_rf": 0.4803929943833265, "barangay_name_clean": "BALUNO", "lon": 122.01090899013282, "lat": 6.971059647992827}}, {"type": "Feature", "geometry": {"type": "Polygon", "coordinates": [[[122.01542548394882, 6.975591425079034], [122.01540657853772, 6.984636052787372], [122.006354446077, 6.984617063681875], [122.00637352523083, 6.975572460798297], [122.01542548394882, 6.975591425079034]]]}, "properties": {"grid_id": "12_13", "pred_scaled_catboost": 0.3329353931509459, "pred_scaled_rf": 0.2979739595168369, "barangay_name_clean": "BALUNO", "lon": 122.01089001045824, "lat": 6.9801042650618745}}, {"type": "Feature", "geometry": {"type": "Polygon", "coordinates": [[[122.01540657853772, 6.984636052787372], [122.01538764802376, 6.993680676983396], [122.00633534158956, 6.993661663052226], [122.006354446077, 6.984617063681875], [122.01540657853772, 6.984636052787372]]]}, "properties": {"grid_id": "12_14", "pred_scaled_catboost": 0.3057108499426768, "pred_scaled_rf": 0.3142150179531578, "barangay_name_clean": "BALUNO", "lon": 122.01087100556661, "lat": 6.989148878620386}}, {"type": "Feature", "geometry": {"type": "Polygon", "coordinates": [[[122.01538764802376, 6.993680676983396], [122.01536869240451, 7.002725297662644], [122.00631621176615, 7.002706258904886], [122.00633534158956, 6.993661663052226], [122.01538764802376, 6.993680676983396]]]}, "properties": {"grid_id": "12_15", "pred_scaled_catboost": 0.3201888920897649, "pred_scaled_rf": 0.2944475043261644, "barangay_name_clean": "BALUNO", "lon": 122.01085197545557, "lat": 6.998193488663892}}, {"type": "Feature", "geometry": {"type": "Polygon", "coordinates": [[[122.01536869240451, 7.002725297662644], [122.0153497116776, 7.011769914820659], [122.00629705660434, 7.011750851235398], [122.00631621176615, 7.002706258904886], [122.01536869240451, 7.002725297662644]]]}, "properties": {"grid_id": "12_16", "pred_scaled_catboost": 0.3119572539926917, "pred_scaled_rf": 0.3118398451918548, "barangay_name_clean": "BALUNO", "lon": 122.01083292012267, "lat": 7.0072380951879385}}, {"type": "Feature", "geometry": {"type": "Polygon", "coordinates": [[[122.0153497116776, 7.011769914820659], [122.01533070584068, 7.020814528452981], [122.00627787610176, 7.0207954400393], [122.00629705660434, 7.011750851235398], [122.0153497116776, 7.011769914820659]]]}, "properties": {"grid_id": "12_17", "pred_scaled_catboost": 0.321886072327858, "pred_scaled_rf": 0.3541933223051228, "barangay_name_clean": "BALUNO", "lon": 122.01081383956557, "lat": 7.016282698188065}}, {"type": "Feature", "geometry": {"type": "Polygon", "coordinates": [[[122.01533070584068, 7.020814528452981], [122.01531167489131, 7.029859138555152], [122.00625867025595, 7.02984002531213], [122.00627787610176, 7.0207954400393], [122.01533070584068, 7.020814528452981]]]}, "properties": {"grid_id": "12_18", "pred_scaled_catboost": 0.3147668344814521, "pred_scaled_rf": 0.3446309812527867, "barangay_name_clean": "BALUNO", "lon": 122.01079473378188, "lat": 7.0253272976598105}}, {"type": "Feature", "geometry": {"type": "Polygon", "coordinates": [[[122.01531167489131, 7.029859138555152], [122.01529261882719, 7.038903745122713], [122.00623943906456, 7.038884607049433], [122.00625867025595, 7.02984002531213], [122.01531167489131, 7.029859138555152]]]}, "properties": {"grid_id": "12_19", "pred_scaled_catboost": 0.3541124013084233, "pred_scaled_rf": 0.3853856939003769, "barangay_name_clean": "LA PAZ", "lon": 122.01077560276914, "lat": 7.034371893598718}}, {"type": "Feature", "geometry": {"type": "Polygon", "coordinates": [[[122.01529261882719, 7.038903745122713], [122.01527353764585, 7.047948348151206], [122.00622018252517, 7.047929185246747], [122.00623943906456, 7.038884607049433], [122.01529261882719, 7.038903745122713]]]}, "properties": {"grid_id": "12_20", "pred_scaled_catboost": 0.3110568828187886, "pred_scaled_rf": 0.3529323330352087, "barangay_name_clean": "BALUNO", "lon": 122.01075644652504, "lat": 7.043416486000323}}, {"type": "Feature", "geometry": {"type": "Polygon", "coordinates": [[[122.01527353764585, 7.047948348151206], [122.01525443134494, 7.056992947636175], [122.00620090063536, 7.056973759899615], [122.00622018252517, 7.047929185246747], [122.01527353764585, 7.047948348151206]]]}, "properties": {"grid_id": "12_21", "pred_scaled_catboost": 0.3625478577141388, "pred_scaled_rf": 0.380335669626361, "barangay_name_clean": "LA PAZ", "lon": 122.01073726504714, "lat": 7.052461074860174}}, {"type": "Feature", "geometry": {"type": "Polygon", "coordinates": [[[122.01525443134494, 7.056992947636175], [122.01523529992207, 7.06603754357316], [122.00618159339268, 7.066018331003576], [122.00620090063536, 7.056973759899615], [122.01525443134494, 7.056992947636175]]]}, "properties": {"grid_id": "12_22", "pred_scaled_catboost": 0.3650285739868478, "pred_scaled_rf": 0.3977495258133323, "barangay_name_clean": "LA PAZ", "lon": 122.01071805833301, "lat": 7.061505660173815}}, {"type": "Feature", "geometry": {"type": "Polygon", "coordinates": [[[122.01523529992207, 7.06603754357316], [122.0152161433748, 7.0750821359577065], [122.00616226079475, 7.075062898554172], [122.00618159339268, 7.066018331003576], [122.01523529992207, 7.06603754357316]]]}, "properties": {"grid_id": "12_23", "pred_scaled_catboost": 0.3961291396091002, "pred_scaled_rf": 0.401381478698461, "barangay_name_clean": "LA PAZ", "lon": 122.01069882638028, "lat": 7.070550241936775}}, {"type": "Feature", "geometry": {"type": "Polygon", "coordinates": [[[122.0152161433748, 7.0750821359577065], [122.01519696170078, 7.084126724785358], [122.00614290283913, 7.08410746254695], [122.00616226079475, 7.075062898554172], [122.0152161433748, 7.0750821359577065]]]}, "properties": {"grid_id": "12_24", "pred_scaled_catboost": 0.4076625959826142, "pred_scaled_rf": 0.404041115402167, "barangay_name_clean": "LA PAZ", "lon": 122.01067956918652, "lat": 7.079594820144615}}, {"type": "Feature", "geometry": {"type": "Polygon", "coordinates": [[[122.01519696170078, 7.084126724785358], [122.01517775489759, 7.0931713100516545], [122.00612351952341, 7.0931520229774465], [122.00614290283913, 7.08410746254695], [122.01519696170078, 7.084126724785358]]]}, "properties": {"grid_id": "12_25", "pred_scaled_catboost": 0.3915905898757674, "pred_scaled_rf": 0.408303469810315, "barangay_name_clean": "LA PAZ", "lon": 122.01066028674933, "lat": 7.088639394792862}}, {"type": "Feature", "geometry": {"type": "Polygon", "coordinates": [[[122.01517775489759, 7.0931713100516545], [122.0151585229628, 7.102215891752143], [122.00610411084514, 7.1021965798412054], [122.00612351952341, 7.0931520229774465], [122.01517775489759, 7.0931713100516545]]]}, "properties": {"grid_id": "12_26", "pred_scaled_catboost": 0.378921536967514, "pred_scaled_rf": 0.3818274794843401, "barangay_name_clean": "LA PAZ", "lon": 122.0106409790663, "lat": 7.097683965877067}}, {"type": "Feature", "geometry": {"type": "Polygon", "coordinates": [[[122.0151585229628, 7.102215891752143], [122.01513926589402, 7.11126046988237], [122.00608467680186, 7.111241133133772], [122.00610411084514, 7.1021965798412054], [122.0151585229628, 7.102215891752143]]]}, "properties": {"grid_id": "12_27", "pred_scaled_catboost": 0.3578299371236527, "pred_scaled_rf": 0.3630066909706119, "barangay_name_clean": "LA PAZ", "lon": 122.01062164613501, "lat": 7.106728533392777}}, {"type": "Feature", "geometry": {"type": "Polygon", "coordinates": [[[122.01513926589402, 7.11126046988237], [122.0151199836888, 7.120305044437877], [122.0060652173912, 7.1202856828506915], [122.00608467680186, 7.111241133133772], [122.01513926589402, 7.11126046988237]]]}, "properties": {"grid_id": "12_28", "pred_scaled_catboost": 0.3514827088501487, "pred_scaled_rf": 0.3398976463546546, "barangay_name_clean": "LA PAZ", "lon": 122.01060228795295, "lat": 7.115773097335523}}, {"type": "Feature", "geometry": {"type": "Polygon", "coordinates": [[[122.0151199836888, 7.120305044437877], [122.01510067634479, 7.129349615414211], [122.00604573261067, 7.129330228987502], [122.0060652173912, 7.1202856828506915], [122.0151199836888, 7.120305044437877]]]}, "properties": {"grid_id": "12_29", "pred_scaled_catboost": 0.3880187290043728, "pred_scaled_rf": 0.3685052308506305, "barangay_name_clean": NaN, "lon": 122.0105829045178, "lat": 7.124817657700865}}, {"type": "Feature", "geometry": {"type": "Polygon", "coordinates": [[[122.01510067634479, 7.129349615414211], [122.01508134385949, 7.138394182806915], [122.00602622245785, 7.138374771539754], [122.00604573261067, 7.129330228987502], [122.01510067634479, 7.129349615414211]]]}, "properties": {"grid_id": "12_30", "pred_scaled_catboost": 0.3824817469935394, "pred_scaled_rf": 0.3478008234489027, "barangay_name_clean": NaN, "lon": 122.0105634958271, "lat": 7.133862214484335}}, {"type": "Feature", "geometry": {"type": "Polygon", "coordinates": [[[122.01508134385949, 7.138394182806915], [122.01506198623052, 7.147438746611538], [122.00600668693028, 7.147419310502989], [122.00602622245785, 7.138374771539754], [122.01508134385949, 7.138394182806915]]]}, "properties": {"grid_id": "12_31", "pred_scaled_catboost": 0.3684657890690506, "pred_scaled_rf": 0.3469201139375141, "barangay_name_clean": NaN, "lon": 122.01054406187838, "lat": 7.142906767681486}}, {"type": "Feature", "geometry": {"type": "Polygon", "coordinates": [[[122.01506198623052, 7.147438746611538], [122.01504260345546, 7.156483306823626], [122.00598712602549, 7.156463845872752], [122.00600668693028, 7.147419310502989], [122.01506198623052, 7.147438746611538]]]}, "properties": {"grid_id": "12_32", "pred_scaled_catboost": 0.365043534147779, "pred_scaled_rf": 0.34305680287453, "barangay_name_clean": NaN, "lon": 122.01052460266926, "lat": 7.151951317287866}}, {"type": "Feature", "geometry": {"type": "Polygon", "coordinates": [[[122.02460789320409, 6.912297551784342], [122.024589335578, 6.921342228545345], [122.01553838938676, 6.921323585320182], [122.01555711914371, 6.912278933150539], [122.02460789320409, 6.912297551784342]]]}, "properties": {"grid_id": "13_6", "pred_scaled_catboost": 0.2527613251358135, "pred_scaled_rf": 0.2411755970928278, "barangay_name_clean": NaN, "lon": 122.0200731863197, "lat": 6.916810589042842}}, {"type": "Feature", "geometry": {"type": "Polygon", "coordinates": [[[122.024589335578, 6.921342228545345], [122.02457075309611, 6.930386901826156], [122.01551963454347, 6.930368234008734], [122.01553838938676, 6.921323585320182], [122.024589335578, 6.921342228545345]]]}, "properties": {"grid_id": "13_7", "pred_scaled_catboost": 0.2614942513209439, "pred_scaled_rf": 0.2457871645472245, "barangay_name_clean": "SINUNOC", "lon": 122.02005453014262, "lat": 6.925855251786776}}, {"type": "Feature", "geometry": {"type": "Polygon", "coordinates": [[[122.02457075309611, 6.930386901826156], [122.02455214575602, 6.939431571622315], [122.01550085461145, 6.93941287921174], [122.01551963454347, 6.930368234008734], [122.02457075309611, 6.930386901826156]]]}, "properties": {"grid_id": "13_8", "pred_scaled_catboost": 0.2522938207725145, "pred_scaled_rf": 0.2521548980646829, "barangay_name_clean": "MALAGUTAY", "lon": 122.02003584899325, "lat": 6.934899911047835}}, {"type": "Feature", "geometry": {"type": "Polygon", "coordinates": [[[122.02455214575602, 6.939431571622315], [122.02453351355544, 6.94847623792936], [122.0154820495883, 6.948457520924733], [122.01550085461145, 6.93941287921174], [122.02455214575602, 6.939431571622315]]]}, "properties": {"grid_id": "13_9", "pred_scaled_catboost": 0.2421842357640655, "pred_scaled_rf": 0.3050450104026602, "barangay_name_clean": "SINUNOC", "lon": 122.02001714286926, "lat": 6.943944566821574}}, {"type": "Feature", "geometry": {"type": "Polygon", "coordinates": [[[122.02453351355544, 6.94847623792936], [122.02451485649203, 6.957520900742835], [122.01546321947173, 6.957502159143253], [122.0154820495883, 6.948457520924733], [122.02453351355544, 6.94847623792936]]]}, "properties": {"grid_id": "13_10", "pred_scaled_catboost": 0.2261234853965677, "pred_scaled_rf": 0.2894825183821765, "barangay_name_clean": "SINUNOC", "lon": 122.01999841176828, "lat": 6.9529892191035145}}, {"type": "Feature", "geometry": {"type": "Polygon", "coordinates": [[[122.02451485649203, 6.957520900742835], [122.02449617456342, 6.966565560058278], [122.01544436425935, 6.966546793862841], [122.01546321947173, 6.957502159143253], [122.02451485649203, 6.957520900742835]]]}, "properties": {"grid_id": "13_11", "pred_scaled_catboost": 0.2316286676280315, "pred_scaled_rf": 0.2715279929034105, "barangay_name_clean": "SINUNOC", "lon": 122.01997965568796, "lat": 6.962033867889201}}, {"type": "Feature", "geometry": {"type": "Polygon", "coordinates": [[[122.02449617456342, 6.966565560058278], [122.02447746776734, 6.975610215871226], [122.01542548394882, 6.975591425079034], [122.01544436425935, 6.966546793862841], [122.02449617456342, 6.966565560058278]]]}, "properties": {"grid_id": "13_12", "pred_scaled_catboost": 0.3771380704929127, "pred_scaled_rf": 0.4771631157627068, "barangay_name_clean": "CAPISAN", "lon": 122.01996087462607, "lat": 6.971078513174183}}, {"type": "Feature", "geometry": {"type": "Polygon", "coordinates": [[[122.02447746776734, 6.975610215871226], [122.02445873610138, 6.984654868177226], [122.01540657853772, 6.984636052787372], [122.01542548394882, 6.975591425079034], [122.02447746776734, 6.975610215871226]]]}, "properties": {"grid_id": "13_13", "pred_scaled_catboost": 0.3964924928183617, "pred_scaled_rf": 0.4746597254808359, "barangay_name_clean": "BALUNO", "lon": 122.0199420685801, "lat": 6.980123154953988}}, {"type": "Feature", "geometry": {"type": "Polygon", "coordinates": [[[122.02445873610138, 6.984654868177226], [122.02443997956323, 6.993699516971815], [122.01538764802376, 6.993680676983396], [122.01540657853772, 6.984636052787372], [122.02445873610138, 6.984654868177226]]]}, "properties": {"grid_id": "13_14", "pred_scaled_catboost": 0.3389160028187696, "pred_scaled_rf": 0.2964836097455504, "barangay_name_clean": "BALUNO", "lon": 122.01992323754774, "lat": 6.9891677932241585}}, {"type": "Feature", "geometry": {"type": "Polygon", "coordinates": [[[122.02443997956323, 6.993699516971815], [122.0244211981505, 7.002744162250535], [122.01536869240451, 7.002725297662644], [122.01538764802376, 6.993680676983396], [122.02443997956323, 6.993699516971815]]]}, "properties": {"grid_id": "13_15", "pred_scaled_catboost": 0.3160240803933106, "pred_scaled_rf": 0.3013272753732118, "barangay_name_clean": "BALUNO", "lon": 122.01990438152669, "lat": 6.998212427980241}}, {"type": "Feature", "geometry": {"type": "Polygon", "coordinates": [[[122.0244211981505, 7.002744162250535], [122.02440239186089, 7.011788804008931], [122.0153497116776, 7.011769914820659], [122.01536869240451, 7.002725297662644], [122.0244211981505, 7.002744162250535]]]}, "properties": {"grid_id": "13_16", "pred_scaled_catboost": 0.3189666512433189, "pred_scaled_rf": 0.3154450171153995, "barangay_name_clean": "BALUNO", "lon": 122.01988550051453, "lat": 7.0072570592177765}}, {"type": "Feature", "geometry": {"type": "Polygon", "coordinates": [[[122.02440239186089, 7.011788804008931], [122.02438356069199, 7.02083344224254], [122.01533070584068, 7.020814528452981], [122.0153497116776, 7.011769914820659], [122.02440239186089, 7.011788804008931]]]}, "properties": {"grid_id": "13_17", "pred_scaled_catboost": 0.3405033626405938, "pred_scaled_rf": 0.3686893300416384, "barangay_name_clean": "BALUNO", "lon": 122.01986659450888, "lat": 7.016301686932297}}, {"type": "Feature", "geometry": {"type": "Polygon", "coordinates": [[[122.02438356069199, 7.02083344224254], [122.02436470464148, 7.02987807694691], [122.01531167489131, 7.029859138555152], [122.01533070584068, 7.020814528452981], [122.02438356069199, 7.02083344224254]]]}, "properties": {"grid_id": "13_18", "pred_scaled_catboost": 0.3391619464797232, "pred_scaled_rf": 0.3521823012231366, "barangay_name_clean": "BALUNO", "lon": 122.01984766350742, "lat": 7.02534631111936}}, {"type": "Feature", "geometry": {"type": "Polygon", "coordinates": [[[122.02436470464148, 7.02987807694691], [122.02434582370697, 7.03892270811758], [122.01529261882719, 7.038903745122713], [122.01531167489131, 7.029859138555152], [122.02436470464148, 7.02987807694691]]]}, "properties": {"grid_id": "13_19", "pred_scaled_catboost": 0.3369463578061795, "pred_scaled_rf": 0.3497068449090414, "barangay_name_clean": "BALUNO", "lon": 122.01982870750776, "lat": 7.034390931774486}}, {"type": "Feature", "geometry": {"type": "Polygon", "coordinates": [[[122.02434582370697, 7.03892270811758], [122.02432691788613, 7.047967335750093], [122.01527353764585, 7.047948348151206], [122.01529261882719, 7.038903745122713], [122.02434582370697, 7.03892270811758]]]}, "properties": {"grid_id": "13_20", "pred_scaled_catboost": 0.3222860239836795, "pred_scaled_rf": 0.3450733292149278, "barangay_name_clean": "BALUNO", "lon": 122.0198097265075, "lat": 7.043435548893241}}, {"type": "Feature", "geometry": {"type": "Polygon", "coordinates": [[[122.02432691788613, 7.047967335750093], [122.02430798717651, 7.057011959839997], [122.01525443134494, 7.056992947636175], [122.01527353764585, 7.047948348151206], [122.02432691788613, 7.047967335750093]]]}, "properties": {"grid_id": "13_21", "pred_scaled_catboost": 0.3877372643817369, "pred_scaled_rf": 0.3760781022605701, "barangay_name_clean": NaN, "lon": 122.01979072050426, "lat": 7.052480162471147}}, {"type": "Feature", "geometry": {"type": "Polygon", "coordinates": [[[122.02430798717651, 7.057011959839997], [122.02428903157582, 7.066056580382832], [122.01523529992207, 7.06603754357316], [122.01525443134494, 7.056992947636175], [122.02430798717651, 7.057011959839997]]]}, "properties": {"grid_id": "13_22", "pred_scaled_catboost": 0.3846216360111005, "pred_scaled_rf": 0.3848240824816661, "barangay_name_clean": NaN, "lon": 122.01977168949573, "lat": 7.061524772503764}}, {"type": "Feature", "geometry": {"type": "Polygon", "coordinates": [[[122.02428903157582, 7.066056580382832], [122.02427005108164, 7.075101197374143], [122.0152161433748, 7.0750821359577065], [122.01523529992207, 7.06603754357316], [122.02428903157582, 7.066056580382832]]]}, "properties": {"grid_id": "13_23", "pred_scaled_catboost": 0.3915298275062998, "pred_scaled_rf": 0.3875725570026376, "barangay_name_clean": NaN, "lon": 122.01975263347944, "lat": 7.070569378986627}}, {"type": "Feature", "geometry": {"type": "Polygon", "coordinates": [[[122.02427005108164, 7.075101197374143], [122.02425104569163, 7.084145810809477], [122.01519696170078, 7.084126724785358], [122.0152161433748, 7.0750821359577065], [122.02427005108164, 7.075101197374143]]]}, "properties": {"grid_id": "13_24", "pred_scaled_catboost": 0.376977610310131, "pred_scaled_rf": 0.3848493134119021, "barangay_name_clean": "LA PAZ", "lon": 122.019733552453, "lat": 7.07961398191528}}, {"type": "Feature", "geometry": {"type": "Polygon", "coordinates": [[[122.02425104569163, 7.084145810809477], [122.02423201540336, 7.093190420684375], [122.01517775489759, 7.0931713100516545], [122.01519696170078, 7.084126724785358], [122.02425104569163, 7.084145810809477]]]}, "properties": {"grid_id": "13_25", "pred_scaled_catboost": 0.3826200216193246, "pred_scaled_rf": 0.3848422349662466, "barangay_name_clean": "LA PAZ", "lon": 122.0197144464141, "lat": 7.088658581285267}}, {"type": "Feature", "geometry": {"type": "Polygon", "coordinates": [[[122.02423201540336, 7.093190420684375], [122.02421296021447, 7.102235026994385], [122.0151585229628, 7.102215891752143], [122.01517775489759, 7.0931713100516545], [122.02423201540336, 7.093190420684375]]]}, "properties": {"grid_id": "13_26", "pred_scaled_catboost": 0.3955490242269971, "pred_scaled_rf": 0.3848643254235139, "barangay_name_clean": "LA PAZ", "lon": 122.01969531536025, "lat": 7.097703177092137}}, {"type": "Feature", "geometry": {"type": "Polygon", "coordinates": [[[122.02421296021447, 7.102235026994385], [122.02419388012257, 7.111279629735053], [122.01513926589402, 7.11126046988237], [122.0151585229628, 7.102215891752143], [122.02421296021447, 7.102235026994385]]]}, "properties": {"grid_id": "13_27", "pred_scaled_catboost": 0.3927226302707441, "pred_scaled_rf": 0.3727253477402045, "barangay_name_clean": NaN, "lon": 122.01967615928915, "lat": 7.106747769331431}}, {"type": "Feature", "geometry": {"type": "Polygon", "coordinates": [[[122.02419388012257, 7.111279629735053], [122.02417477512526, 7.120324228901923], [122.0151199836888, 7.120305044437877], [122.01513926589402, 7.11126046988237], [122.02419388012257, 7.111279629735053]]]}, "properties": {"grid_id": "13_28", "pred_scaled_catboost": 0.3444024128842008, "pred_scaled_rf": 0.332914553454768, "barangay_name_clean": "LA PAZ", "lon": 122.01965697819826, "lat": 7.115792357998695}}, {"type": "Feature", "geometry": {"type": "Polygon", "coordinates": [[[122.02417477512526, 7.120324228901923], [122.02415564522013, 7.129368824490544], [122.01510067634479, 7.129349615414211], [122.0151199836888, 7.120305044437877], [122.02417477512526, 7.120324228901923]]]}, "properties": {"grid_id": "13_29", "pred_scaled_catboost": 0.3816283712312144, "pred_scaled_rf": 0.3734649273969487, "barangay_name_clean": "LA PAZ", "lon": 122.01963777208533, "lat": 7.124836943089472}}, {"type": "Feature", "geometry": {"type": "Polygon", "coordinates": [[[122.02415564522013, 7.129368824490544], [122.0241364904048, 7.13841341649646], [122.01508134385949, 7.138394182806915], [122.01510067634479, 7.129349615414211], [122.02415564522013, 7.129368824490544]]]}, "properties": {"grid_id": "13_30", "pred_scaled_catboost": 0.3617056226877186, "pred_scaled_rf": 0.3450034949667317, "barangay_name_clean": NaN, "lon": 122.01961854094785, "lat": 7.133881524599316}}, {"type": "Feature", "geometry": {"type": "Polygon", "coordinates": [[[122.0241364904048, 7.13841341649646], [122.02411731067687, 7.14745800491522], [122.01506198623052, 7.147438746611538], [122.01508134385949, 7.138394182806915], [122.0241364904048, 7.13841341649646]]]}, "properties": {"grid_id": "13_31", "pred_scaled_catboost": 0.3572840845444734, "pred_scaled_rf": 0.3417498222267976, "barangay_name_clean": NaN, "lon": 122.01959928478341, "lat": 7.142926102523765}}, {"type": "Feature", "geometry": {"type": "Polygon", "coordinates": [[[122.02411731067687, 7.14745800491522], [122.02409810603393, 7.156502589742372], [122.01504260345546, 7.156483306823626], [122.01506198623052, 7.147438746611538], [122.02411731067687, 7.14745800491522]]]}, "properties": {"grid_id": "13_32", "pred_scaled_catboost": 0.3582477751291802, "pred_scaled_rf": 0.3081257999724808, "barangay_name_clean": NaN, "lon": 122.01958000358964, "lat": 7.151970676858368}}, {"type": "Feature", "geometry": {"type": "Polygon", "coordinates": [[[122.03365869211798, 6.912315998516753], [122.0336403066251, 6.921360699642074], [122.024589335578, 6.921342228545345], [122.02460789320409, 6.912297551784342], [122.03365869211798, 6.912315998516753]]]}, "properties": {"grid_id": "14_6", "pred_scaled_catboost": 0.2100504155100658, "pred_scaled_rf": 0.2026203195137959, "barangay_name_clean": "CALARIAN", "lon": 122.02912405885448, "lat": 6.916829133964911}}, {"type": "Feature", "geometry": {"type": "Polygon", "coordinates": [[[122.0336403066251, 6.921360699642074], [122.0336218965069, 6.930405397288088], [122.02457075309611, 6.930386901826156], [122.024589335578, 6.921342228545345], [122.0336403066251, 6.921360699642074]]]}, "properties": {"grid_id": "14_7", "pred_scaled_catboost": 0.2510692620927535, "pred_scaled_rf": 0.2448616212273995, "barangay_name_clean": "MALAGUTAY", "lon": 122.02910557492466, "lat": 6.925873821187123}}, {"type": "Feature", "geometry": {"type": "Polygon", "coordinates": [[[122.0336218965069, 6.930405397288088], [122.03360346176112, 6.93945009145034], [122.02455214575602, 6.939431571622315], [122.02457075309611, 6.930386901826156], [122.0336218965069, 6.930405397288088]]]}, "properties": {"grid_id": "14_8", "pred_scaled_catboost": 0.2491806972232394, "pred_scaled_rf": 0.2508893569993166, "barangay_name_clean": "MALAGUTAY", "lon": 122.02908706625314, "lat": 6.934918504927369}}, {"type": "Feature", "geometry": {"type": "Polygon", "coordinates": [[[122.03360346176112, 6.93945009145034], [122.03358500238541, 6.94849478212437], [122.02453351355544, 6.94847623792936], [122.02455214575602, 6.939431571622315], [122.03360346176112, 6.93945009145034]]]}, "properties": {"grid_id": "14_9", "pred_scaled_catboost": 0.2353050247101024, "pred_scaled_rf": 0.2363862326615092, "barangay_name_clean": "MALAGUTAY", "lon": 122.02906853283754, "lat": 6.943963185181168}}, {"type": "Feature", "geometry": {"type": "Polygon", "coordinates": [[[122.03358500238541, 6.94849478212437], [122.03356651837748, 6.957539469305721], [122.02451485649203, 6.957520900742835], [122.02453351355544, 6.94847623792936], [122.03358500238541, 6.94849478212437]]]}, "properties": {"grid_id": "14_10", "pred_scaled_catboost": 0.2184954040350917, "pred_scaled_rf": 0.2567271172999654, "barangay_name_clean": "SAN ROQUE", "lon": 122.02904997467559, "lat": 6.953007861944078}}, {"type": "Feature", "geometry": {"type": "Polygon", "coordinates": [[[122.03356651837748, 6.957539469305721], [122.03354800973504, 6.966584152989931], [122.02449617456342, 6.966565560058278], [122.02451485649203, 6.957520900742835], [122.03356651837748, 6.957539469305721]]]}, "properties": {"grid_id": "14_11", "pred_scaled_catboost": 0.2968890257688327, "pred_scaled_rf": 0.2747020722194497, "barangay_name_clean": "CAPISAN", "lon": 122.02903139176495, "lat": 6.962052535211637}}, {"type": "Feature", "geometry": {"type": "Polygon", "coordinates": [[[122.03354800973504, 6.966584152989931], [122.03352947645573, 6.975628833172543], [122.02447746776734, 6.975610215871226], [122.02449617456342, 6.966565560058278], [122.03354800973504, 6.966584152989931]]]}, "properties": {"grid_id": "14_12", "pred_scaled_catboost": 0.3171231181431448, "pred_scaled_rf": 0.2772771323745103, "barangay_name_clean": "CAPISAN", "lon": 122.0290127841033, "lat": 6.971097204979371}}, {"type": "Feature", "geometry": {"type": "Polygon", "coordinates": [[[122.03352947645573, 6.975628833172543], [122.03351091853725, 6.9846735098491015], [122.02445873610138, 6.984654868177226], [122.02447746776734, 6.975610215871226], [122.03352947645573, 6.975628833172543]]]}, "properties": {"grid_id": "14_13", "pred_scaled_catboost": 0.3241618154646203, "pred_scaled_rf": 0.275142044641323, "barangay_name_clean": "CAPISAN", "lon": 122.02899415168832, "lat": 6.9801418712428385}}, {"type": "Feature", "geometry": {"type": "Polygon", "coordinates": [[[122.03351091853725, 6.9846735098491015], [122.03349233597724, 6.993718183015146], [122.02443997956323, 6.993699516971815], [122.02445873610138, 6.984654868177226], [122.03351091853725, 6.9846735098491015]]]}, "properties": {"grid_id": "14_14", "pred_scaled_catboost": 0.2995495491032007, "pred_scaled_rf": 0.2924447041630561, "barangay_name_clean": "DULIAN", "lon": 122.02897549451761, "lat": 6.98918653399757}}, {"type": "Feature", "geometry": {"type": "Polygon", "coordinates": [[[122.03349233597724, 6.993718183015146], [122.03347372877343, 7.002762852666218], [122.0244211981505, 7.002744162250535], [122.02443997956323, 6.993699516971815], [122.03349233597724, 6.993718183015146]]]}, "properties": {"grid_id": "14_15", "pred_scaled_catboost": 0.2940266404353312, "pred_scaled_rf": 0.2920445988088166, "barangay_name_clean": "DULIAN", "lon": 122.02895681258889, "lat": 6.998231193239116}}, {"type": "Feature", "geometry": {"type": "Polygon", "coordinates": [[[122.03347372877343, 7.002762852666218], [122.03345509692345, 7.011807518797865], [122.02440239186089, 7.011788804008931], [122.0244211981505, 7.002744162250535], [122.03347372877343, 7.002762852666218]]]}, "properties": {"grid_id": "14_16", "pred_scaled_catboost": 0.2908418413588307, "pred_scaled_rf": 0.2901362909587464, "barangay_name_clean": "BALUNO", "lon": 122.02893810589981, "lat": 7.00727584896301}}, {"type": "Feature", "geometry": {"type": "Polygon", "coordinates": [[[122.03345509692345, 7.011807518797865], [122.03343644042496, 7.020852181405628], [122.02438356069199, 7.02083344224254], [122.02440239186089, 7.011788804008931], [122.03345509692345, 7.011807518797865]]]}, "properties": {"grid_id": "14_17", "pred_scaled_catboost": 0.3503465833098471, "pred_scaled_rf": 0.3450061595518448, "barangay_name_clean": "BALUNO", "lon": 122.02891937444805, "lat": 7.016320501164805}}, {"type": "Feature", "geometry": {"type": "Polygon", "coordinates": [[[122.03343644042496, 7.020852181405628], [122.03341775927562, 7.0298968404850495], [122.02436470464148, 7.02987807694691], [122.02438356069199, 7.02083344224254], [122.03343644042496, 7.020852181405628]]]}, "properties": {"grid_id": "14_18", "pred_scaled_catboost": 0.3474777777245503, "pred_scaled_rf": 0.359348963793809, "barangay_name_clean": "BALUNO", "lon": 122.02890061823119, "lat": 7.025365149840031}}, {"type": "Feature", "geometry": {"type": "Polygon", "coordinates": [[[122.03341775927562, 7.0298968404850495], [122.03339905347313, 7.038941496031678], [122.02434582370697, 7.03892270811758], [122.02436470464148, 7.02987807694691], [122.03341775927562, 7.0298968404850495]]]}, "properties": {"grid_id": "14_19", "pred_scaled_catboost": 0.343222834216728, "pred_scaled_rf": 0.3531448217936817, "barangay_name_clean": "BALUNO", "lon": 122.02888183724693, "lat": 7.034409794984248}}, {"type": "Feature", "geometry": {"type": "Polygon", "coordinates": [[[122.03339905347313, 7.038941496031678], [122.0333803230151, 7.047986148041051], [122.02432691788613, 7.047967335750093], [122.02434582370697, 7.03892270811758], [122.03339905347313, 7.038941496031678]]]}, "properties": {"grid_id": "14_20", "pred_scaled_catboost": 0.3232731332776694, "pred_scaled_rf": 0.3538907815671207, "barangay_name_clean": "BALUNO", "lon": 122.02886303149292, "lat": 7.043454436592979}}, {"type": "Feature", "geometry": {"type": "Polygon", "coordinates": [[[122.0333803230151, 7.047986148041051], [122.03336156789918, 7.05703079650872], [122.02430798717651, 7.057011959839997], [122.02432691788613, 7.047967335750093], [122.0333803230151, 7.047986148041051]]]}, "properties": {"grid_id": "14_21", "pred_scaled_catboost": 0.386458326730924, "pred_scaled_rf": 0.3811870860450456, "barangay_name_clean": NaN, "lon": 122.02884420096676, "lat": 7.052499074661789}}, {"type": "Feature", "geometry": {"type": "Polygon", "coordinates": [[[122.03336156789918, 7.05703079650872], [122.03334278812305, 7.066075441430226], [122.02428903157582, 7.066056580382832], [122.02430798717651, 7.057011959839997], [122.03336156789918, 7.05703079650872]]]}, "properties": {"grid_id": "14_22", "pred_scaled_catboost": 0.3973044394167659, "pred_scaled_rf": 0.3887368802283192, "barangay_name_clean": NaN, "lon": 122.02882534566614, "lat": 7.061543709186207}}, {"type": "Feature", "geometry": {"type": "Polygon", "coordinates": [[[122.03334278812305, 7.066075441430226], [122.03332398368434, 7.075120082801117], [122.02427005108164, 7.075101197374143], [122.02428903157582, 7.066056580382832], [122.03334278812305, 7.066075441430226]]]}, "properties": {"grid_id": "14_23", "pred_scaled_catboost": 0.3951949894768676, "pred_scaled_rf": 0.3888340795911177, "barangay_name_clean": NaN, "lon": 122.02880646558864, "lat": 7.070588340161787}}, {"type": "Feature", "geometry": {"type": "Polygon", "coordinates": [[[122.03332398368434, 7.075120082801117], [122.03330515458072, 7.084164720616938], [122.02425104569163, 7.084145810809477], [122.02427005108164, 7.075101197374143], [122.03332398368434, 7.075120082801117]]]}, "properties": {"grid_id": "14_24", "pred_scaled_catboost": 0.4002733078077909, "pred_scaled_rf": 0.4250974956449678, "barangay_name_clean": NaN, "lon": 122.02878756073201, "lat": 7.079632967584069}}, {"type": "Feature", "geometry": {"type": "Polygon", "coordinates": [[[122.03330515458072, 7.084164720616938], [122.03328630080978, 7.093209354873234], [122.02423201540336, 7.093190420684375], [122.02425104569163, 7.084145810809477], [122.03330515458072, 7.084164720616938]]]}, "properties": {"grid_id": "14_25", "pred_scaled_catboost": 0.3793043259884818, "pred_scaled_rf": 0.3960107913269188, "barangay_name_clean": "PASONANCA NATURAL PARK UNDER JURISDICTION OF ZAMBOANGA CITY", "lon": 122.02876863109373, "lat": 7.0886775914486}}, {"type": "Feature", "geometry": {"type": "Polygon", "coordinates": [[[122.03328630080978, 7.093209354873234], [122.03326742236915, 7.102253985565553], [122.02421296021447, 7.102235026994385], [122.02423201540336, 7.093190420684375], [122.03328630080978, 7.093209354873234]]]}, "properties": {"grid_id": "14_26", "pred_scaled_catboost": 0.4002076343905858, "pred_scaled_rf": 0.3849905499624385, "barangay_name_clean": "LA PAZ", "lon": 122.02874967667152, "lat": 7.097722211750922}}, {"type": "Feature", "geometry": {"type": "Polygon", "coordinates": [[[122.03326742236915, 7.102253985565553], [122.03324851925653, 7.111298612689442], [122.02419388012257, 7.111279629735053], [122.02421296021447, 7.102235026994385], [122.03326742236915, 7.102253985565553]]]}, "properties": {"grid_id": "14_27", "pred_scaled_catboost": 0.3565497098475976, "pred_scaled_rf": 0.3630225023098827, "barangay_name_clean": "LA PAZ", "lon": 122.02873069746299, "lat": 7.1067668284865935}}, {"type": "Feature", "geometry": {"type": "Polygon", "coordinates": [[[122.03324851925653, 7.111298612689442], [122.03322959146949, 7.120343236240447], [122.02417477512526, 7.120324228901923], [122.02419388012257, 7.111279629735053], [122.03324851925653, 7.111298612689442]]]}, "properties": {"grid_id": "14_28", "pred_scaled_catboost": 0.3395306682792075, "pred_scaled_rf": 0.3293608677473792, "barangay_name_clean": NaN, "lon": 122.02871169346571, "lat": 7.115811441651145}}, {"type": "Feature", "geometry": {"type": "Polygon", "coordinates": [[[122.03322959146949, 7.120343236240447], [122.03321063900569, 7.129387856214117], [122.02415564522013, 7.129368824490544], [122.02417477512526, 7.120324228901923], [122.03322959146949, 7.120343236240447]]]}, "properties": {"grid_id": "14_29", "pred_scaled_catboost": 0.3573616894572431, "pred_scaled_rf": 0.3801075693283096, "barangay_name_clean": "LA PAZ", "lon": 122.02869266467735, "lat": 7.124856051240136}}, {"type": "Feature", "geometry": {"type": "Polygon", "coordinates": [[[122.03321063900569, 7.129387856214117], [122.03319166186273, 7.138432472605998], [122.0241364904048, 7.13841341649646], [122.02415564522013, 7.129368824490544], [122.03321063900569, 7.129387856214117]]]}, "properties": {"grid_id": "14_30", "pred_scaled_catboost": 0.3640306528344466, "pred_scaled_rf": 0.3514846131242579, "barangay_name_clean": "LA PAZ", "lon": 122.02867361109547, "lat": 7.133900657249104}}, {"type": "Feature", "geometry": {"type": "Polygon", "coordinates": [[[122.03319166186273, 7.138432472605998], [122.03317266003823, 7.147477085411641], [122.02411731067687, 7.14745800491522], [122.0241364904048, 7.13841341649646], [122.03319166186273, 7.138432472605998]]]}, "properties": {"grid_id": "14_31", "pred_scaled_catboost": 0.351300171924597, "pred_scaled_rf": 0.3087691463999218, "barangay_name_clean": NaN, "lon": 122.0286545327178, "lat": 7.1429452596736}}, {"type": "Feature", "geometry": {"type": "Polygon", "coordinates": [[[122.03317266003823, 7.147477085411641], [122.03315363352985, 7.156521694626592], [122.02409810603393, 7.156502589742372], [122.02411731067687, 7.14745800491522], [122.03317266003823, 7.147477085411641]]]}, "properties": {"grid_id": "14_32", "pred_scaled_catboost": 0.3560575914733654, "pred_scaled_rf": 0.3088360408016368, "barangay_name_clean": NaN, "lon": 122.02863542954178, "lat": 7.15198985850918}}, {"type": "Feature", "geometry": {"type": "Polygon", "coordinates": [[[122.04278212518281, 6.876155337600091], [122.04276400938154, 6.885200076731777], [122.03371370086799, 6.885181874309588], [122.03373198788272, 6.876137159311661], [122.04278212518281, 6.876155337600091]]]}, "properties": {"grid_id": "15_2", "pred_scaled_catboost": 0.2643852402373745, "pred_scaled_rf": 0.2144681385208092, "barangay_name_clean": NaN, "lon": 122.03824795778374, "lat": 6.8806686262553765}}, {"type": "Feature", "geometry": {"type": "Polygon", "coordinates": [[[122.04276400938154, 6.885200076731777], [122.04274586919466, 6.894244812402877], [122.03369538923714, 6.8942265858460505], [122.03371370086799, 6.885181874309588], [122.04276400938154, 6.885200076731777]]]}, "properties": {"grid_id": "15_3", "pred_scaled_catboost": 0.2287155086430285, "pred_scaled_rf": 0.1855092261087366, "barangay_name_clean": NaN, "lon": 122.03822974412526, "lat": 6.889713351608604}}, {"type": "Feature", "geometry": {"type": "Polygon", "coordinates": [[[122.04270951565488, 6.912334273345482], [122.04269130229744, 6.921378998608069], [122.0336403066251, 6.921360699642074], [122.03365869211798, 6.912315998516753], [122.04270951565488, 6.912334273345482]]]}, "properties": {"grid_id": "15_6", "pred_scaled_catboost": 0.2160800912305335, "pred_scaled_rf": 0.2244987216064238, "barangay_name_clean": "CALARIAN", "lon": 122.03817495612866, "lat": 6.916847506870912}}, {"type": "Feature", "geometry": {"type": "Polygon", "coordinates": [[[122.04269130229744, 6.921378998608069], [122.04267306454528, 6.930423720392233], [122.0336218965069, 6.930405397288088], [122.0336403066251, 6.921360699642074], [122.04269130229744, 6.921378998608069]]]}, "properties": {"grid_id": "15_7", "pred_scaled_catboost": 0.2127628769470471, "pred_scaled_rf": 0.2205139973279232, "barangay_name_clean": "CALARIAN", "lon": 122.03815664444842, "lat": 6.925892218344367}}, {"type": "Feature", "geometry": {"type": "Polygon", "coordinates": [[[122.04267306454528, 6.930423720392233], [122.04265480239609, 6.939468438693514], [122.03360346176112, 6.93945009145034], [122.0336218965069, 6.930405397288088], [122.04267306454528, 6.930423720392233]]]}, "properties": {"grid_id": "15_8", "pred_scaled_catboost": 0.2477752218459591, "pred_scaled_rf": 0.2496478558225348, "barangay_name_clean": "SAN ROQUE", "lon": 122.03813830825706, "lat": 6.934936926336725}}, {"type": "Feature", "geometry": {"type": "Polygon", "coordinates": [[[122.04265480239609, 6.939468438693514], [122.0426365158476, 6.948513153507457], [122.03358500238541, 6.94849478212437], [122.03360346176112, 6.93945009145034], [122.04265480239609, 6.939468438693514]]]}, "properties": {"grid_id": "15_9", "pred_scaled_catboost": 0.2337988113146787, "pred_scaled_rf": 0.251100389036563, "barangay_name_clean": "SAN ROQUE", "lon": 122.03811994755223, "lat": 6.943981630843538}}, {"type": "Feature", "geometry": {"type": "Polygon", "coordinates": [[[122.0426365158476, 6.948513153507457], [122.04261820489748, 6.957557864829602], [122.03356651837748, 6.957539469305721], [122.03358500238541, 6.94849478212437], [122.0426365158476, 6.948513153507457]]]}, "properties": {"grid_id": "15_10", "pred_scaled_catboost": 0.2217297081850363, "pred_scaled_rf": 0.2561063041038933, "barangay_name_clean": "SAN ROQUE", "lon": 122.03810156233162, "lat": 6.953026331860336}}, {"type": "Feature", "geometry": {"type": "Polygon", "coordinates": [[[122.04261820489748, 6.957557864829602], [122.04259986954348, 6.966602572655494], [122.03354800973504, 6.966584152989931], [122.03356651837748, 6.957539469305721], [122.04261820489748, 6.957557864829602]]]}, "properties": {"grid_id": "15_11", "pred_scaled_catboost": 0.3593569411684516, "pred_scaled_rf": 0.4795552123493179, "barangay_name_clean": "CAPISAN", "lon": 122.03808315259298, "lat": 6.962071029382669}}, {"type": "Feature", "geometry": {"type": "Polygon", "coordinates": [[[122.04259986954348, 6.966602572655494], [122.04258150978329, 6.975647276980671], [122.03352947645573, 6.975628833172543], [122.03354800973504, 6.966584152989931], [122.04259986954348, 6.966602572655494]]]}, "properties": {"grid_id": "15_12", "pred_scaled_catboost": 0.2895102261960063, "pred_scaled_rf": 0.2716256622218546, "barangay_name_clean": "CAPISAN", "lon": 122.03806471833394, "lat": 6.971115723406078}}, {"type": "Feature", "geometry": {"type": "Polygon", "coordinates": [[[122.04258150978329, 6.975647276980671], [122.0425631256146, 6.984691977800683], [122.03351091853725, 6.9846735098491015], [122.03352947645573, 6.975628833172543], [122.04258150978329, 6.975647276980671]]]}, "properties": {"grid_id": "15_13", "pred_scaled_catboost": 0.3150356558607354, "pred_scaled_rf": 0.2759176633441477, "barangay_name_clean": "CAPISAN", "lon": 122.03804625955222, "lat": 6.980160413926104}}, {"type": "Feature", "geometry": {"type": "Polygon", "coordinates": [[[122.0425631256146, 6.984691977800683], [122.04254471703511, 6.993736675111069], [122.03349233597724, 6.993718183015146], [122.03351091853725, 6.9846735098491015], [122.0425631256146, 6.984691977800683]]]}, "properties": {"grid_id": "15_14", "pred_scaled_catboost": 0.283082498871997, "pred_scaled_rf": 0.2875389996554841, "barangay_name_clean": "DULIAN", "lon": 122.0380277762455, "lat": 6.989205100938291}}, {"type": "Feature", "geometry": {"type": "Polygon", "coordinates": [[[122.04254471703511, 6.993736675111069], [122.04252628404252, 7.002781368907372], [122.03347372877343, 7.002762852666218], [122.03349233597724, 6.993718183015146], [122.04254471703511, 6.993736675111069]]]}, "properties": {"grid_id": "15_15", "pred_scaled_catboost": 0.2942050697871597, "pred_scaled_rf": 0.2929282211707603, "barangay_name_clean": "DULIAN", "lon": 122.03800926841151, "lat": 6.998249784438178}}, {"type": "Feature", "geometry": {"type": "Polygon", "coordinates": [[[122.04252628404252, 7.002781368907372], [122.04250782663449, 7.011826059185141], [122.03345509692345, 7.011807518797865], [122.03347372877343, 7.002762852666218], [122.04252628404252, 7.002781368907372]]]}, "properties": {"grid_id": "15_16", "pred_scaled_catboost": 0.3532408299974026, "pred_scaled_rf": 0.3895397273336379, "barangay_name_clean": NaN, "lon": 122.03799073604786, "lat": 7.007294464421313}}, {"type": "Feature", "geometry": {"type": "Polygon", "coordinates": [[[122.04250782663449, 7.011826059185141], [122.04248934480876, 7.0208707459399164], [122.03343644042496, 7.020852181405628], [122.03345509692345, 7.011807518797865], [122.04250782663449, 7.011826059185141]]]}, "properties": {"grid_id": "15_17", "pred_scaled_catboost": 0.3848872405979274, "pred_scaled_rf": 0.417817462476772, "barangay_name_clean": NaN, "lon": 122.03797217915223, "lat": 7.0163391408832405}}, {"type": "Feature", "geometry": {"type": "Polygon", "coordinates": [[[122.04248934480876, 7.0208707459399164], [122.04247083856295, 7.029915429167244], [122.03341775927562, 7.0298968404850495], [122.03343644042496, 7.020852181405628], [122.04248934480876, 7.0208707459399164]]]}, "properties": {"grid_id": "15_18", "pred_scaled_catboost": 0.3975174948701253, "pred_scaled_rf": 0.4282385328103997, "barangay_name_clean": NaN, "lon": 122.03795359772235, "lat": 7.0253838138195}}, {"type": "Feature", "geometry": {"type": "Polygon", "coordinates": [[[122.04247083856295, 7.029915429167244], [122.0424523078948, 7.03896010886267], [122.03339905347313, 7.038941496031678], [122.03341775927562, 7.0298968404850495], [122.04247083856295, 7.029915429167244]]]}, "properties": {"grid_id": "15_19", "pred_scaled_catboost": 0.4052484347804642, "pred_scaled_rf": 0.4293980654109992, "barangay_name_clean": NaN, "lon": 122.03793499175589, "lat": 7.034428483225644}}, {"type": "Feature", "geometry": {"type": "Polygon", "coordinates": [[[122.0424523078948, 7.03896010886267], [122.04243375280194, 7.048004785021741], [122.0333803230151, 7.047986148041051], [122.03339905347313, 7.038941496031678], [122.0424523078948, 7.03896010886267]]]}, "properties": {"grid_id": "15_20", "pred_scaled_catboost": 0.3889350477778345, "pred_scaled_rf": 0.4034851163614318, "barangay_name_clean": NaN, "lon": 122.03791636125045, "lat": 7.043473149097205}}, {"type": "Feature", "geometry": {"type": "Polygon", "coordinates": [[[122.04243375280194, 7.048004785021741], [122.0424151732821, 7.0570494576400025], [122.03336156789918, 7.05703079650872], [122.0333803230151, 7.047986148041051], [122.04243375280194, 7.048004785021741]]]}, "properties": {"grid_id": "15_21", "pred_scaled_catboost": 0.3909229116465726, "pred_scaled_rf": 0.4028363593444691, "barangay_name_clean": NaN, "lon": 122.03789770620372, "lat": 7.052517811429744}}, {"type": "Feature", "geometry": {"type": "Polygon", "coordinates": [[[122.0424151732821, 7.0570494576400025], [122.04239656933288, 7.066094126713001], [122.03334278812305, 7.066075441430226], [122.03336156789918, 7.05703079650872], [122.0424151732821, 7.0570494576400025]]]}, "properties": {"grid_id": "15_22", "pred_scaled_catboost": 0.4012374224720471, "pred_scaled_rf": 0.4281985216131379, "barangay_name_clean": NaN, "lon": 122.03787902661341, "lat": 7.06156247021879}}, {"type": "Feature", "geometry": {"type": "Polygon", "coordinates": [[[122.04239656933288, 7.066094126713001], [122.042377940952, 7.07513879223628], [122.03332398368434, 7.075120082801117], [122.03334278812305, 7.066075441430226], [122.04239656933288, 7.066094126713001]]]}, "properties": {"grid_id": "15_23", "pred_scaled_catboost": 0.4000935861026997, "pred_scaled_rf": 0.4286828704953321, "barangay_name_clean": NaN, "lon": 122.03786032247714, "lat": 7.070607125459904}}, {"type": "Feature", "geometry": {"type": "Polygon", "coordinates": [[[122.042377940952, 7.07513879223628], [122.04235928813709, 7.084183454205391], [122.03330515458072, 7.084164720616938], [122.03332398368434, 7.075120082801117], [122.042377940952, 7.07513879223628]]]}, "properties": {"grid_id": "15_24", "pred_scaled_catboost": 0.4085237693391537, "pred_scaled_rf": 0.4291380135625741, "barangay_name_clean": NaN, "lon": 122.03784159379258, "lat": 7.07965177714862}}, {"type": "Feature", "geometry": {"type": "Polygon", "coordinates": [[[122.04235928813709, 7.084183454205391], [122.04234061088582, 7.093228112615878], [122.03328630080978, 7.093209354873234], [122.03330515458072, 7.084164720616938], [122.04235928813709, 7.084183454205391]]]}, "properties": {"grid_id": "15_25", "pred_scaled_catboost": 0.4152437476630258, "pred_scaled_rf": 0.4353291002065307, "barangay_name_clean": NaN, "lon": 122.03782284055731, "lat": 7.088696425280493}}, {"type": "Feature", "geometry": {"type": "Polygon", "coordinates": [[[122.04234061088582, 7.093228112615878], [122.04232190919586, 7.10227276746329], [122.03326742236915, 7.102253985565553], [122.03328630080978, 7.093209354873234], [122.04234061088582, 7.093228112615878]]]}, "properties": {"grid_id": "15_26", "pred_scaled_catboost": 0.3809237645310436, "pred_scaled_rf": 0.3794890151212015, "barangay_name_clean": "LA PAZ", "lon": 122.0378040627691, "lat": 7.09774106985107}}, {"type": "Feature", "geometry": {"type": "Polygon", "coordinates": [[[122.04232190919586, 7.10227276746329], [122.04230318306487, 7.111317418743178], [122.03324851925653, 7.111298612689442], [122.03326742236915, 7.102253985565553], [122.04232190919586, 7.10227276746329]]]}, "properties": {"grid_id": "15_27", "pred_scaled_catboost": 0.3524743352206971, "pred_scaled_rf": 0.3633096344223055, "barangay_name_clean": "LA PAZ", "lon": 122.03778526042551, "lat": 7.106785710855889}}, {"type": "Feature", "geometry": {"type": "Polygon", "coordinates": [[[122.04230318306487, 7.111317418743178], [122.04228443249052, 7.120362066451086], [122.03322959146949, 7.120343236240447], [122.03324851925653, 7.111298612689442], [122.04230318306487, 7.111317418743178]]]}, "properties": {"grid_id": "15_28", "pred_scaled_catboost": 0.3395218272736233, "pred_scaled_rf": 0.3290876210585348, "barangay_name_clean": NaN, "lon": 122.0377664335242, "lat": 7.115830348290512}}, {"type": "Feature", "geometry": {"type": "Polygon", "coordinates": [[[122.04228443249052, 7.120362066451086], [122.04226565747038, 7.129406710582565], [122.03321063900569, 7.129387856214117], [122.03322959146949, 7.120343236240447], [122.04228443249052, 7.120362066451086]]]}, "properties": {"grid_id": "15_29", "pred_scaled_catboost": 0.3715139929075537, "pred_scaled_rf": 0.3857803719746492, "barangay_name_clean": "LA PAZ", "lon": 122.03774758206283, "lat": 7.124874982150468}}, {"type": "Feature", "geometry": {"type": "Polygon", "coordinates": [[[122.04226565747038, 7.129406710582565], [122.04224685800217, 7.138451351133162], [122.03319166186273, 7.138432472605998], [122.03321063900569, 7.129387856214117], [122.04226565747038, 7.129406710582565]]]}, "properties": {"grid_id": "15_30", "pred_scaled_catboost": 0.3521413192342238, "pred_scaled_rf": 0.3224771918468755, "barangay_name_clean": NaN, "lon": 122.03772870603902, "lat": 7.133919612431326}}, {"type": "Feature", "geometry": {"type": "Polygon", "coordinates": [[[122.04224685800217, 7.138451351133162], [122.04222803408351, 7.147495988098431], [122.03317266003823, 7.147477085411641], [122.03319166186273, 7.138432472605998], [122.04224685800217, 7.138451351133162]]]}, "properties": {"grid_id": "15_31", "pred_scaled_catboost": 0.3545875880836203, "pred_scaled_rf": 0.3069783997840838, "barangay_name_clean": NaN, "lon": 122.0377098054504, "lat": 7.142964239128622}}, {"type": "Feature", "geometry": {"type": "Polygon", "coordinates": [[[122.04222803408351, 7.147495988098431], [122.04220918571205, 7.156540621473917], [122.03315363352985, 7.156521694626592], [122.03317266003823, 7.147477085411641], [122.04222803408351, 7.147495988098431]]]}, "properties": {"grid_id": "15_32", "pred_scaled_catboost": 0.3600894229372638, "pred_scaled_rf": 0.3074094162467352, "barangay_name_clean": NaN, "lon": 122.03769088029459, "lat": 7.152008862237906}}, {"type": "Feature", "geometry": {"type": "Polygon", "coordinates": [[[122.05185020729887, 6.867128578396997], [122.05183228686624, 6.876173344890686], [122.04278212518281, 6.876155337600091], [122.04280021660071, 6.867110595012277], [122.05185020729887, 6.867128578396997]]]}, "properties": {"grid_id": "16_1", "pred_scaled_catboost": 0.2393210647071163, "pred_scaled_rf": 0.2033711687496954, "barangay_name_clean": NaN, "lon": 122.04731621092378, "lat": 6.871641978223221}}, {"type": "Feature", "geometry": {"type": "Polygon", "coordinates": [[[122.05183228686624, 6.876173344890686], [122.05181434228075, 6.885218107929116], [122.04276400938154, 6.885200076731777], [122.04278212518281, 6.876155337600091], [122.05183228686624, 6.876173344890686]]]}, "properties": {"grid_id": "16_2", "pred_scaled_catboost": 0.2355629970974919, "pred_scaled_rf": 0.2031637447344687, "barangay_name_clean": NaN, "lon": 122.0472981928644, "lat": 6.880686731055058}}, {"type": "Feature", "geometry": {"type": "Polygon", "coordinates": [[[122.05177838064199, 6.903307623622361], [122.05176036358422, 6.912352376268259], [122.04270951565488, 6.912334273345482], [122.04272770461986, 6.903289544608933], [122.05177838064199, 6.903307623622361]]]}, "properties": {"grid_id": "16_5", "pred_scaled_catboost": 0.233301085554964, "pred_scaled_rf": 0.1899961343052447, "barangay_name_clean": NaN, "lon": 122.04724399306168, "lat": 6.9078209687851855}}, {"type": "Feature", "geometry": {"type": "Polygon", "coordinates": [[[122.05176036358422, 6.912352376268259], [122.05174232236455, 6.921397125441065], [122.04269130229744, 6.921378998608069], [122.04270951565488, 6.912334273345482], [122.05176036358422, 6.912352376268259]]]}, "properties": {"grid_id": "16_6", "pred_scaled_catboost": 0.251778341690893, "pred_scaled_rf": 0.2426694420055449, "barangay_name_clean": "CALARIAN", "lon": 122.04722587791166, "lat": 6.916865707758576}}, {"type": "Feature", "geometry": {"type": "Polygon", "coordinates": [[[122.05174232236455, 6.921397125441065], [122.05172425698069, 6.930441871136317], [122.04267306454528, 6.930423720392233], [122.04269130229744, 6.921378998608069], [122.05174232236455, 6.921397125441065]]]}, "properties": {"grid_id": "16_7", "pred_scaled_catboost": 0.2304690179322347, "pred_scaled_rf": 0.2407549037568985, "barangay_name_clean": "CALARIAN", "lon": 122.04720773848335, "lat": 6.92591044325621}}, {"type": "Feature", "geometry": {"type": "Polygon", "coordinates": [[[122.05172425698069, 6.930441871136317], [122.0517061674304, 6.939486613349562], [122.04265480239609, 6.939468438693514], [122.04267306454528, 6.930423720392233], [122.05172425698069, 6.930441871136317]]]}, "properties": {"grid_id": "16_8", "pred_scaled_catboost": 0.2588130550643276, "pred_scaled_rf": 0.2488996873875016, "barangay_name_clean": "SAN ROQUE", "lon": 122.04718957477444, "lat": 6.934955175273629}}, {"type": "Feature", "geometry": {"type": "Polygon", "coordinates": [[[122.0517061674304, 6.939486613349562], [122.05168805371137, 6.9485313520763405], [122.0426365158476, 6.948513153507457], [122.04265480239609, 6.939468438693514], [122.0517061674304, 6.939486613349562]]]}, "properties": {"grid_id": "16_9", "pred_scaled_catboost": 0.2137272677040536, "pred_scaled_rf": 0.2456953854797676, "barangay_name_clean": "CABATANGAN", "lon": 122.04717138678265, "lat": 6.94399990380637}}, {"type": "Feature", "geometry": {"type": "Polygon", "coordinates": [[[122.05168805371137, 6.9485313520763405], [122.05166991582138, 6.957576087312198], [122.04261820489748, 6.957557864829602], [122.0426365158476, 6.948513153507457], [122.05168805371137, 6.9485313520763405]]]}, "properties": {"grid_id": "16_10", "pred_scaled_catboost": 0.2207529191954792, "pred_scaled_rf": 0.2648762699342374, "barangay_name_clean": "SAN ROQUE", "lon": 122.04715317450571, "lat": 6.95304462884999}}, {"type": "Feature", "geometry": {"type": "Polygon", "coordinates": [[[122.05166991582138, 6.957576087312198], [122.05165175375814, 6.966620819052677], [122.04259986954348, 6.966602572655494], [122.04261820489748, 6.957557864829602], [122.05166991582138, 6.957576087312198]]]}, "properties": {"grid_id": "16_11", "pred_scaled_catboost": 0.2987242271386346, "pred_scaled_rf": 0.289190041081702, "barangay_name_clean": "DULIAN", "lon": 122.04713493794134, "lat": 6.962089350400015}}, {"type": "Feature", "geometry": {"type": "Polygon", "coordinates": [[[122.05165175375814, 6.966620819052677], [122.05163356751936, 6.975665547293321], [122.04258150978329, 6.975647276980671], [122.04259986954348, 6.966602572655494], [122.05165175375814, 6.966620819052677]]]}, "properties": {"grid_id": "16_12", "pred_scaled_catboost": 0.311529720829498, "pred_scaled_rf": 0.2955784690277799, "barangay_name_clean": "DULIAN", "lon": 122.04711667708725, "lat": 6.971134068451998}}, {"type": "Feature", "geometry": {"type": "Polygon", "coordinates": [[[122.05163356751936, 6.975665547293321], [122.05161535710275, 6.984710272029676], [122.0425631256146, 6.984691977800683], [122.04258150978329, 6.975647276980671], [122.05163356751936, 6.975665547293321]]]}, "properties": {"grid_id": "16_13", "pred_scaled_catboost": 0.3075032229166651, "pred_scaled_rf": 0.29324904674662, "barangay_name_clean": "DULIAN", "lon": 122.0470983919411, "lat": 6.980178783001477}}, {"type": "Feature", "geometry": {"type": "Polygon", "coordinates": [[[122.05161535710275, 6.984710272029676], [122.05159712250608, 6.993754993257286], [122.04254471703511, 6.993736675111069], [122.0425631256146, 6.984691977800683], [122.05161535710275, 6.984710272029676]]]}, "properties": {"grid_id": "16_14", "pred_scaled_catboost": 0.2995185243983196, "pred_scaled_rf": 0.2977761249425245, "barangay_name_clean": "DULIAN", "lon": 122.04708008250071, "lat": 6.98922349404401}}, {"type": "Feature", "geometry": {"type": "Polygon", "coordinates": [[[122.05159712250608, 6.993754993257286], [122.051578863727, 7.0027997109716935], [122.04252628404252, 7.002781368907372], [122.04254471703511, 6.993736675111069], [122.05159712250608, 6.993754993257286]]]}, "properties": {"grid_id": "16_15", "pred_scaled_catboost": 0.3077637547747833, "pred_scaled_rf": 0.2930708521771336, "barangay_name_clean": NaN, "lon": 122.0470617487637, "lat": 6.99826820157512}}, {"type": "Feature", "geometry": {"type": "Polygon", "coordinates": [[[122.051578863727, 7.0027997109716935], [122.05156058076328, 7.011844425168451], [122.04250782663449, 7.011826059185141], [122.04252628404252, 7.002781368907372], [122.051578863727, 7.0027997109716935]]]}, "properties": {"grid_id": "16_16", "pred_scaled_catboost": 0.3429254063450285, "pred_scaled_rf": 0.3879740558056473, "barangay_name_clean": NaN, "lon": 122.04704339072782, "lat": 7.0073129055903705}}, {"type": "Feature", "geometry": {"type": "Polygon", "coordinates": [[[122.05156058076328, 7.011844425168451], [122.0515422736126, 7.020889135843098], [122.04248934480876, 7.0208707459399164], [122.04250782663449, 7.011826059185141], [122.05156058076328, 7.011844425168451]]]}, "properties": {"grid_id": "16_17", "pred_scaled_catboost": 0.37074423351765, "pred_scaled_rf": 0.3933462890369193, "barangay_name_clean": NaN, "lon": 122.04702500839075, "lat": 7.016357606085294}}, {"type": "Feature", "geometry": {"type": "Polygon", "coordinates": [[[122.0515422736126, 7.020889135843098], [122.05152394227264, 7.0299338429911815], [122.04247083856295, 7.029915429167244], [122.04248934480876, 7.0208707459399164], [122.0515422736126, 7.020889135843098]]]}, "properties": {"grid_id": "16_18", "pred_scaled_catboost": 0.3957634354876815, "pred_scaled_rf": 0.4136820891844299, "barangay_name_clean": NaN, "lon": 122.04700660175014, "lat": 7.025402303055441}}, {"type": "Feature", "geometry": {"type": "Polygon", "coordinates": [[[122.05152394227264, 7.0299338429911815], [122.05150558674116, 7.0389785466082495], [122.0424523078948, 7.03896010886267], [122.04247083856295, 7.029915429167244], [122.05152394227264, 7.0299338429911815]]]}, "properties": {"grid_id": "16_19", "pred_scaled_catboost": 0.403294727138816, "pred_scaled_rf": 0.4121319483770135, "barangay_name_clean": NaN, "lon": 122.04698817080376, "lat": 7.034446996496357}}, {"type": "Feature", "geometry": {"type": "Polygon", "coordinates": [[[122.05150558674116, 7.0389785466082495], [122.05148720701581, 7.0480232466898505], [122.04243375280194, 7.048004785021741], [122.0424523078948, 7.03896010886267], [122.05150558674116, 7.0389785466082495]]]}, "properties": {"grid_id": "16_20", "pred_scaled_catboost": 0.3883431458277615, "pred_scaled_rf": 0.4027378141747197, "barangay_name_clean": NaN, "lon": 122.04696971554927, "lat": 7.04349168640359}}, {"type": "Feature", "geometry": {"type": "Polygon", "coordinates": [[[122.05148720701581, 7.0480232466898505], [122.05146880309432, 7.057067943231528], [122.0424151732821, 7.0570494576400025], [122.04243375280194, 7.048004785021741], [122.05148720701581, 7.0480232466898505]]]}, "properties": {"grid_id": "16_21", "pred_scaled_catboost": 0.3853007773045585, "pred_scaled_rf": 0.4000221797576397, "barangay_name_clean": NaN, "lon": 122.04695123598434, "lat": 7.052536372772683}}, {"type": "Feature", "geometry": {"type": "Polygon", "coordinates": [[[122.05146880309432, 7.057067943231528], [122.05145037497437, 7.066112636228832], [122.04239656933288, 7.066094126713001], [122.0424151732821, 7.0570494576400025], [122.05146880309432, 7.057067943231528]]]}, "properties": {"grid_id": "16_22", "pred_scaled_catboost": 0.3936179337502632, "pred_scaled_rf": 0.4306983470204958, "barangay_name_clean": NaN, "lon": 122.04693273210667, "lat": 7.061581055599188}}, {"type": "Feature", "geometry": {"type": "Polygon", "coordinates": [[[122.05145037497437, 7.066112636228832], [122.05143192265362, 7.075157325677308], [122.042377940952, 7.07513879223628], [122.04239656933288, 7.066094126713001], [122.05145037497437, 7.066112636228832]]]}, "properties": {"grid_id": "16_23", "pred_scaled_catboost": 0.4127093705461681, "pred_scaled_rf": 0.4286242169264435, "barangay_name_clean": NaN, "lon": 122.0469142039139, "lat": 7.07062573487864}}, {"type": "Feature", "geometry": {"type": "Polygon", "coordinates": [[[122.05143192265362, 7.075157325677308], [122.0514134461298, 7.084202011572509], [122.04235928813709, 7.084183454205391], [122.042377940952, 7.07513879223628], [122.05143192265362, 7.075157325677308]]]}, "properties": {"grid_id": "16_24", "pred_scaled_catboost": 0.4127174757386525, "pred_scaled_rf": 0.4279737582208468, "barangay_name_clean": NaN, "lon": 122.04689565140377, "lat": 7.079670410606603}}, {"type": "Feature", "geometry": {"type": "Polygon", "coordinates": [[[122.0514134461298, 7.084202011572509], [122.05139494540057, 7.093246693909977], [122.04234061088582, 7.093228112615878], [122.04235928813709, 7.084183454205391], [122.0514134461298, 7.084202011572509]]]}, "properties": {"grid_id": "16_25", "pred_scaled_catboost": 0.411067325635467, "pred_scaled_rf": 0.4262289512162975, "barangay_name_clean": NaN, "lon": 122.04687707457391, "lat": 7.0887150827786165}}, {"type": "Feature", "geometry": {"type": "Polygon", "coordinates": [[[122.05139494540057, 7.093246693909977], [122.05137642046364, 7.102291372685265], [122.04232190919586, 7.10227276746329], [122.04234061088582, 7.093228112615878], [122.05139494540057, 7.093246693909977]]]}, "properties": {"grid_id": "16_26", "pred_scaled_catboost": 0.4043544897420778, "pred_scaled_rf": 0.4095638549159805, "barangay_name_clean": NaN, "lon": 122.04685847342205, "lat": 7.097759751390225}}, {"type": "Feature", "geometry": {"type": "Polygon", "coordinates": [[[122.05137642046364, 7.102291372685265], [122.05135787131663, 7.111336047893922], [122.04230318306487, 7.111317418743178], [122.04232190919586, 7.10227276746329], [122.05137642046364, 7.102291372685265]]]}, "properties": {"grid_id": "16_27", "pred_scaled_catboost": 0.3858718183356298, "pred_scaled_rf": 0.4031369840338775, "barangay_name_clean": NaN, "lon": 122.04683984794578, "lat": 7.106804416436977}}, {"type": "Feature", "geometry": {"type": "Polygon", "coordinates": [[[122.05135787131663, 7.111336047893922], [122.05133929795726, 7.1203807195315], [122.04228443249052, 7.120362066451086], [122.04230318306487, 7.111317418743178], [122.05135787131663, 7.111336047893922]]]}, "properties": {"grid_id": "16_28", "pred_scaled_catboost": 0.3656007788490397, "pred_scaled_rf": 0.3750787006304774, "barangay_name_clean": NaN, "lon": 122.04682119814281, "lat": 7.11584907791443}}, {"type": "Feature", "geometry": {"type": "Polygon", "coordinates": [[[122.05133929795726, 7.1203807195315], [122.0513207003832, 7.129425387593544], [122.04226565747038, 7.129406710582565], [122.04228443249052, 7.120362066451086], [122.05133929795726, 7.1203807195315]]]}, "properties": {"grid_id": "16_29", "pred_scaled_catboost": 0.3645124819613303, "pred_scaled_rf": 0.3686659850004803, "barangay_name_clean": NaN, "lon": 122.04680252401079, "lat": 7.1248937358181355}}, {"type": "Feature", "geometry": {"type": "Polygon", "coordinates": [[[122.0513207003832, 7.129425387593544], [122.05130207859209, 7.138470052075606], [122.04224685800217, 7.138451351133162], [122.04226565747038, 7.129406710582565], [122.0513207003832, 7.129425387593544]]]}, "properties": {"grid_id": "16_30", "pred_scaled_catboost": 0.3543334481668457, "pred_scaled_rf": 0.3205480767280871, "barangay_name_clean": NaN, "lon": 122.04678382554734, "lat": 7.133938390143624}}, {"type": "Feature", "geometry": {"type": "Polygon", "coordinates": [[[122.05130207859209, 7.138470052075606], [122.05128343258161, 7.147514712973239], [122.04222803408351, 7.147495988098431], [122.04224685800217, 7.138451351133162], [122.05130207859209, 7.138470052075606]]]}, "properties": {"grid_id": "16_31", "pred_scaled_catboost": 0.3609277414608437, "pred_scaled_rf": 0.3106732643994045, "barangay_name_clean": NaN, "lon": 122.04676510275019, "lat": 7.142983040886463}}, {"type": "Feature", "geometry": {"type": "Polygon", "coordinates": [[[122.05128343258161, 7.147514712973239], [122.05126476234942, 7.156559370281993], [122.04220918571205, 7.156540621473917], [122.04222803408351, 7.147495988098431], [122.05128343258161, 7.147514712973239]]]}, "properties": {"grid_id": "16_32", "pred_scaled_catboost": 0.3611105257110782, "pred_scaled_rf": 0.3106732643994045, "barangay_name_clean": NaN, "lon": 122.04674635561696, "lat": 7.152027688042196}}, {"type": "Feature", "geometry": {"type": "Polygon", "coordinates": [[[122.06091794767248, 6.858101597386158], [122.06090022214767, 6.867146391008659], [122.05185020729887, 6.867128578396997], [122.05186810358079, 6.858083808452507], [122.06091794767248, 6.858101597386158]]]}, "properties": {"grid_id": "17_0", "pred_scaled_catboost": 0.2387376702228242, "pred_scaled_rf": 0.1937424728731265, "barangay_name_clean": NaN, "lon": 122.05638412209323, "lat": 6.862615108040401}}, {"type": "Feature", "geometry": {"type": "Polygon", "coordinates": [[[122.06090022214767, 6.867146391008659], [122.0608824727026, 6.876191181181214], [122.05183228686624, 6.876173344890686], [122.05185020729887, 6.867128578396997], [122.06090022214767, 6.867146391008659]]]}, "properties": {"grid_id": "17_1", "pred_scaled_catboost": 0.2396680057693556, "pred_scaled_rf": 0.1988070399880081, "barangay_name_clean": NaN, "lon": 122.05636629917207, "lat": 6.871659888117639}}, {"type": "Feature", "geometry": {"type": "Polygon", "coordinates": [[[122.06082908082375, 6.9033255309546355], [122.0608112356755, 6.912370307282836], [122.05176036358422, 6.912352376268259], [122.05177838064199, 6.903307623622361], [122.06082908082375, 6.9033255309546355]]]}, "properties": {"grid_id": "17_5", "pred_scaled_catboost": 0.2268366994010865, "pred_scaled_rf": 0.2021707604139395, "barangay_name_clean": NaN, "lon": 122.05629476709942, "lat": 6.907838973855992}}, {"type": "Feature", "geometry": {"type": "Polygon", "coordinates": [[[122.0608112356755, 6.912370307282836], [122.06079336659585, 6.921415080138806], [122.05174232236455, 6.921397125441065], [122.05176036358422, 6.912352376268259], [122.0608112356755, 6.912370307282836]]]}, "properties": {"grid_id": "17_6", "pred_scaled_catboost": 0.2394614137674041, "pred_scaled_rf": 0.196019825407727, "barangay_name_clean": "SAN JOSE GUSU", "lon": 122.05627682397305, "lat": 6.91688373662564}}, {"type": "Feature", "geometry": {"type": "Polygon", "coordinates": [[[122.06079336659585, 6.921415080138806], [122.06077547358255, 6.930459849518087], [122.05172425698069, 6.930441871136317], [122.05174232236455, 6.921397125441065], [122.06079336659585, 6.921415080138806]]]}, "properties": {"grid_id": "17_7", "pred_scaled_catboost": 0.2355079712868253, "pred_scaled_rf": 0.1995673532306826, "barangay_name_clean": "SAN ROQUE", "lon": 122.05625885679888, "lat": 6.925928495920396}}, {"type": "Feature", "geometry": {"type": "Polygon", "coordinates": [[[122.06077547358255, 6.930459849518087], [122.0607575566334, 6.939504615416223], [122.0517061674304, 6.939486613349562], [122.05172425698069, 6.930441871136317], [122.06077547358255, 6.930459849518087]]]}, "properties": {"grid_id": "17_8", "pred_scaled_catboost": 0.2331214468494144, "pred_scaled_rf": 0.2006240505306884, "barangay_name_clean": "CABATANGAN", "lon": 122.05624086557471, "lat": 6.934973251735808}}, {"type": "Feature", "geometry": {"type": "Polygon", "coordinates": [[[122.0607575566334, 6.939504615416223], [122.06073961574616, 6.94854937782876], [122.05168805371137, 6.9485313520763405], [122.0517061674304, 6.939486613349562], [122.0607575566334, 6.939504615416223]]]}, "properties": {"grid_id": "17_9", "pred_scaled_catboost": 0.2286188270715568, "pred_scaled_rf": 0.2415621446206177, "barangay_name_clean": "CABATANGAN", "lon": 122.05622285029824, "lat": 6.944018004067417}}, {"type": "Feature", "geometry": {"type": "Polygon", "coordinates": [[[122.06073961574616, 6.94854937782876], [122.06072165091855, 6.957594136751242], [122.05166991582138, 6.957576087312198], [122.05168805371137, 6.9485313520763405], [122.06073961574616, 6.94854937782876]]]}, "properties": {"grid_id": "17_10", "pred_scaled_catboost": 0.2082502092503423, "pred_scaled_rf": 0.2525692060350158, "barangay_name_clean": "CABATANGAN", "lon": 122.05620481096723, "lat": 6.953062752910762}}, {"type": "Feature", "geometry": {"type": "Polygon", "coordinates": [[[122.06072165091855, 6.957594136751242], [122.0607036621483, 6.966638892179215], [122.05165175375814, 6.966620819052677], [122.05166991582138, 6.957576087312198], [122.06072165091855, 6.957594136751242]]]}, "properties": {"grid_id": "17_11", "pred_scaled_catboost": 0.310542323512945, "pred_scaled_rf": 0.2915338906700903, "barangay_name_clean": "DULIAN", "lon": 122.0561867475794, "lat": 6.962107498261392}}, {"type": "Feature", "geometry": {"type": "Polygon", "coordinates": [[[122.0607036621483, 6.966638892179215], [122.06068564943321, 6.975683644108221], [122.05163356751936, 6.975665547293321], [122.05165175375814, 6.966620819052677], [122.0607036621483, 6.966638892179215]]]}, "properties": {"grid_id": "17_12", "pred_scaled_catboost": 0.3217193982527259, "pred_scaled_rf": 0.296658651442534, "barangay_name_clean": "DULIAN", "lon": 122.05616866013253, "lat": 6.971152240114854}}, {"type": "Feature", "geometry": {"type": "Polygon", "coordinates": [[[122.06068564943321, 6.975683644108221], [122.06066761277101, 6.9847283925338095], [122.05161535710275, 6.984710272029676], [122.05163356751936, 6.975665547293321], [122.06068564943321, 6.975683644108221]]]}, "properties": {"grid_id": "17_13", "pred_scaled_catboost": 0.3107705489276858, "pred_scaled_rf": 0.288181396456557, "barangay_name_clean": "DULIAN", "lon": 122.05615054862433, "lat": 6.980196978466693}}, {"type": "Feature", "geometry": {"type": "Polygon", "coordinates": [[[122.06066761277101, 6.9847283925338095], [122.06064955215942, 6.993773137451522], [122.05159712250608, 6.993754993257286], [122.05161535710275, 6.984710272029676], [122.06066761277101, 6.9847283925338095]]]}, "properties": {"grid_id": "17_14", "pred_scaled_catboost": 0.3162450877021241, "pred_scaled_rf": 0.2910597480114346, "barangay_name_clean": "DULIAN", "lon": 122.05613241305251, "lat": 6.98924171331244}}, {"type": "Feature", "geometry": {"type": "Polygon", "coordinates": [[[122.06064955215942, 6.993773137451522], [122.06063146759615, 7.00281787885691], [122.051578863727, 7.0027997109716935], [122.05159712250608, 6.993754993257286], [122.06064955215942, 6.993773137451522]]]}, "properties": {"grid_id": "17_15", "pred_scaled_catboost": 0.3450038386210932, "pred_scaled_rf": 0.2962800083446936, "barangay_name_clean": NaN, "lon": 122.0561142534148, "lat": 6.9982864446476585}}, {"type": "Feature", "geometry": {"type": "Polygon", "coordinates": [[[122.06063146759615, 7.00281787885691], [122.06061335907903, 7.011862616745517], [122.05156058076328, 7.011844425168451], [122.051578863727, 7.0027997109716935], [122.06063146759615, 7.00281787885691]]]}, "properties": {"grid_id": "17_16", "pred_scaled_catboost": 0.3563778921034223, "pred_scaled_rf": 0.3780027446755593, "barangay_name_clean": NaN, "lon": 122.05609606970897, "lat": 7.007331172467887}}, {"type": "Feature", "geometry": {"type": "Polygon", "coordinates": [[[122.06061335907903, 7.011862616745517], [122.0605952266057, 7.02090735111289], [122.0515422736126, 7.020889135843098], [122.05156058076328, 7.011844425168451], [122.06061335907903, 7.011862616745517]]]}, "properties": {"grid_id": "17_17", "pred_scaled_catboost": 0.3575193871608562, "pred_scaled_rf": 0.4004870141026422, "barangay_name_clean": NaN, "lon": 122.05607786193272, "lat": 7.016375896768671}}, {"type": "Feature", "geometry": {"type": "Polygon", "coordinates": [[[122.0605952266057, 7.02090735111289], [122.06057707017388, 7.029952081954575], [122.05152394227264, 7.0299338429911815], [122.0515422736126, 7.020889135843098], [122.0605952266057, 7.02090735111289]]]}, "properties": {"grid_id": "17_18", "pred_scaled_catboost": 0.3743094831822914, "pred_scaled_rf": 0.3881907854424562, "barangay_name_clean": NaN, "lon": 122.05605963008372, "lat": 7.025420617545556}}, {"type": "Feature", "geometry": {"type": "Polygon", "coordinates": [[[122.06057707017388, 7.029952081954575], [122.06055888978138, 7.038996809266124], [122.05150558674116, 7.0389785466082495], [122.05152394227264, 7.0299338429911815], [122.06057707017388, 7.029952081954575]]]}, "properties": {"grid_id": "17_19", "pred_scaled_catboost": 0.3954294639646323, "pred_scaled_rf": 0.4043905183563726, "barangay_name_clean": NaN, "lon": 122.05604137415973, "lat": 7.034465334794094}}, {"type": "Feature", "geometry": {"type": "Polygon", "coordinates": [[[122.06055888978138, 7.038996809266124], [122.06054068542583, 7.048041533043083], [122.05148720701581, 7.0480232466898505], [122.05150558674116, 7.0389785466082495], [122.06055888978138, 7.038996809266124]]]}, "properties": {"grid_id": "17_20", "pred_scaled_catboost": 0.3962047288013193, "pred_scaled_rf": 0.409328969386756, "barangay_name_clean": NaN, "lon": 122.05602309415849, "lat": 7.043510048509827}}, {"type": "Feature", "geometry": {"type": "Polygon", "coordinates": [[[122.06054068542583, 7.048041533043083], [122.06052245710501, 7.057086253280999], [122.05146880309432, 7.057067943231528], [122.05148720701581, 7.0480232466898505], [122.06054068542583, 7.048041533043083]]]}, "properties": {"grid_id": "17_21", "pred_scaled_catboost": 0.3883665089335623, "pred_scaled_rf": 0.4019079915242854, "barangay_name_clean": NaN, "lon": 122.05600479007764, "lat": 7.052554758688308}}, {"type": "Feature", "geometry": {"type": "Polygon", "coordinates": [[[122.06052245710501, 7.057086253280999], [122.06050420481662, 7.066130969975422], [122.05145037497437, 7.066112636228832], [122.05146880309432, 7.057067943231528], [122.06052245710501, 7.057086253280999]]]}, "properties": {"grid_id": "17_22", "pred_scaled_catboost": 0.3891941965684447, "pred_scaled_rf": 0.4052976585427672, "barangay_name_clean": NaN, "lon": 122.05598646191494, "lat": 7.061599465325082}}, {"type": "Feature", "geometry": {"type": "Polygon", "coordinates": [[[122.06050420481662, 7.066130969975422], [122.06048592855836, 7.075175683121901], [122.05143192265362, 7.075157325677308], [122.05145037497437, 7.066112636228832], [122.06050420481662, 7.066130969975422]]]}, "properties": {"grid_id": "17_23", "pred_scaled_catboost": 0.3979258869955003, "pred_scaled_rf": 0.400652226246845, "barangay_name_clean": NaN, "lon": 122.05596810966806, "lat": 7.070644168415696}}, {"type": "Feature", "geometry": {"type": "Polygon", "coordinates": [[[122.06048592855836, 7.075175683121901], [122.06046762832791, 7.084220392715985], [122.0514134461298, 7.084202011572509], [122.05143192265362, 7.075157325677308], [122.06048592855836, 7.075175683121901]]]}, "properties": {"grid_id": "17_24", "pred_scaled_catboost": 0.4092125945976826, "pred_scaled_rf": 0.40508318226164, "barangay_name_clean": NaN, "lon": 122.0559497333347, "lat": 7.079688867955695}}, {"type": "Feature", "geometry": {"type": "Polygon", "coordinates": [[[122.06046762832791, 7.084220392715985], [122.06044930412304, 7.093265098753223], [122.05139494540057, 7.093246693909977], [122.0514134461298, 7.084202011572509], [122.06046762832791, 7.084220392715985]]]}, "properties": {"grid_id": "17_25", "pred_scaled_catboost": 0.4095781424565859, "pred_scaled_rf": 0.4278542047549702, "barangay_name_clean": NaN, "lon": 122.05593133291256, "lat": 7.0887335639406395}}, {"type": "Feature", "geometry": {"type": "Polygon", "coordinates": [[[122.06044930412304, 7.093265098753223], [122.06043095594141, 7.1023098012291666], [122.05137642046364, 7.102291372685265], [122.05139494540057, 7.093246693909977], [122.06044930412304, 7.093265098753223]]]}, "properties": {"grid_id": "17_26", "pred_scaled_catboost": 0.4005649541126842, "pred_scaled_rf": 0.3984467832525144, "barangay_name_clean": NaN, "lon": 122.05591290839935, "lat": 7.097778256366065}}, {"type": "Feature", "geometry": {"type": "Polygon", "coordinates": [[[122.06043095594141, 7.1023098012291666], [122.06041258378075, 7.111354500139366], [122.05135787131663, 7.111336047893922], [122.05137642046364, 7.102291372685265], [122.06043095594141, 7.1023098012291666]]]}, "properties": {"grid_id": "17_27", "pred_scaled_catboost": 0.3774131106202629, "pred_scaled_rf": 0.3998524400065893, "barangay_name_clean": NaN, "lon": 122.05589445979277, "lat": 7.106822945227538}}, {"type": "Feature", "geometry": {"type": "Polygon", "coordinates": [[[122.06041258378075, 7.111354500139366], [122.06039418763872, 7.120399195479372], [122.05133929795726, 7.1203807195315], [122.05135787131663, 7.111336047893922], [122.06041258378075, 7.111354500139366]]]}, "properties": {"grid_id": "17_28", "pred_scaled_catboost": 0.3670804923922224, "pred_scaled_rf": 0.3749383169376261, "barangay_name_clean": NaN, "lon": 122.05587598709043, "lat": 7.115867630520593}}, {"type": "Feature", "geometry": {"type": "Polygon", "coordinates": [[[122.06039418763872, 7.120399195479372], [122.06037576751304, 7.129443887244736], [122.0513207003832, 7.129425387593544], [122.05133929795726, 7.1203807195315], [122.06039418763872, 7.120399195479372]]]}, "properties": {"grid_id": "17_29", "pred_scaled_catboost": 0.3645267662100482, "pred_scaled_rf": 0.3691137063213494, "barangay_name_clean": NaN, "lon": 122.05585749029011, "lat": 7.124912312240788}}, {"type": "Feature", "geometry": {"type": "Polygon", "coordinates": [[[122.06037576751304, 7.129443887244736], [122.06035732340138, 7.1384885754310075], [122.05130207859209, 7.138470052075606], [122.0513207003832, 7.129425387593544], [122.06037576751304, 7.129443887244736]]]}, "properties": {"grid_id": "17_30", "pred_scaled_catboost": 0.3606345702865499, "pred_scaled_rf": 0.3482053949710328, "barangay_name_clean": NaN, "lon": 122.05583896938944, "lat": 7.133956990383672}}, {"type": "Feature", "geometry": {"type": "Polygon", "coordinates": [[[122.06035732340138, 7.1384885754310075], [122.06033885530141, 7.147533260033741], [122.05128343258161, 7.147514712973239], [122.05130207859209, 7.138470052075606], [122.06035732340138, 7.1384885754310075]]]}, "properties": {"grid_id": "17_31", "pred_scaled_catboost": 0.3619670419226188, "pred_scaled_rf": 0.3107688865871809, "barangay_name_clean": NaN, "lon": 122.05582042438611, "lat": 7.14300166494479}}, {"type": "Feature", "geometry": {"type": "Polygon", "coordinates": [[[122.06033885530141, 7.147533260033741], [122.06032036321085, 7.156577941048489], [122.05126476234942, 7.156559370281993], [122.05128343258161, 7.147514712973239], [122.06033885530141, 7.147533260033741]]]}, "properties": {"grid_id": "17_32", "pred_scaled_catboost": 0.3611105257110782, "pred_scaled_rf": 0.3107688865871809, "barangay_name_clean": NaN, "lon": 122.05580185527776, "lat": 7.15204633591971}}, {"type": "Feature", "geometry": {"type": "Polygon", "coordinates": [[[122.06996781568219, 6.85811921577155], [122.06995026091673, 6.867164032845052], [122.06090022214767, 6.867146391008659], [122.06091794767248, 6.858101597386158], [122.06996781568219, 6.85811921577155]]]}, "properties": {"grid_id": "18_0", "pred_scaled_catboost": 0.2286116177682229, "pred_scaled_rf": 0.2003332627687938, "barangay_name_clean": NaN, "lon": 122.06543406350464, "lat": 6.862632823482215}}, {"type": "Feature", "geometry": {"type": "Polygon", "coordinates": [[[122.06995026091673, 6.867164032845052], [122.06993268246144, 6.876208846469458], [122.0608824727026, 6.876191181181214], [122.06090022214767, 6.867146391008659], [122.06995026091673, 6.867164032845052]]]}, "properties": {"grid_id": "18_1", "pred_scaled_catboost": 0.2286116177682229, "pred_scaled_rf": 0.2022661335423164, "barangay_name_clean": NaN, "lon": 122.06541641145694, "lat": 6.8716776271243845}}, {"type": "Feature", "geometry": {"type": "Polygon", "coordinates": [[[122.0698798049347, 6.903343266603529], [122.06986213169814, 6.912388066386986], [122.0608112356755, 6.912370307282836], [122.06082908082375, 6.9033255309546355], [122.0698798049347, 6.903343266603529]]]}, "properties": {"grid_id": "18_5", "pred_scaled_catboost": 0.2428713470369659, "pred_scaled_rf": 0.1998552627642988, "barangay_name_clean": "SAN JOSE CAWA CAWA", "lon": 122.06534556518271, "lat": 6.907856807131001}}, {"type": "Feature", "geometry": {"type": "Polygon", "coordinates": [[[122.06986213169814, 6.912388066386986], [122.06984443476074, 6.9214328626990635], [122.06079336659585, 6.921415080138806], [122.0608112356755, 6.912370307282836], [122.06986213169814, 6.912388066386986]]]}, "properties": {"grid_id": "18_6", "pred_scaled_catboost": 0.2408472474563365, "pred_scaled_rf": 0.2008435776278646, "barangay_name_clean": "CANELAR", "lon": 122.06532779408218, "lat": 6.9169015934698574}}, {"type": "Feature", "geometry": {"type": "Polygon", "coordinates": [[[122.06984443476074, 6.9214328626990635], [122.06982671412028, 6.930477655535308], [122.06077547358255, 6.930459849518087], [122.06079336659585, 6.921415080138806], [122.06984443476074, 6.9214328626990635]]]}, "properties": {"grid_id": "18_7", "pred_scaled_catboost": 0.2038238450407569, "pred_scaled_rf": 0.1937011683418248, "barangay_name_clean": "SANTA MARIA", "lon": 122.06530999916446, "lat": 6.925946376334685}}, {"type": "Feature", "geometry": {"type": "Polygon", "coordinates": [[[122.06982671412028, 6.930477655535308], [122.06980896977453, 6.939522444891263], [122.0607575566334, 6.939504615416223], [122.06077547358255, 6.930459849518087], [122.06982671412028, 6.930477655535308]]]}, "properties": {"grid_id": "18_8", "pred_scaled_catboost": 0.2174431444098604, "pred_scaled_rf": 0.1972774762976629, "barangay_name_clean": "CABATANGAN", "lon": 122.06529218042725, "lat": 6.934991155721018}}, {"type": "Feature", "geometry": {"type": "Polygon", "coordinates": [[[122.06980896977453, 6.939522444891263], [122.06979120172129, 6.948567230762479], [122.06073961574616, 6.94854937782876], [122.0607575566334, 6.939504615416223], [122.06980896977453, 6.939522444891263]]]}, "properties": {"grid_id": "18_9", "pred_scaled_catboost": 0.2145241322545927, "pred_scaled_rf": 0.2166650078309335, "barangay_name_clean": "CABATANGAN", "lon": 122.06527433786835, "lat": 6.944035931624413}}, {"type": "Feature", "geometry": {"type": "Polygon", "coordinates": [[[122.06979120172129, 6.948567230762479], [122.06977340995829, 6.957612013144496], [122.06072165091855, 6.957594136751242], [122.06073961574616, 6.94854937782876], [122.06979120172129, 6.948567230762479]]]}, "properties": {"grid_id": "18_10", "pred_scaled_catboost": 0.270680479490955, "pred_scaled_rf": 0.3522508003450416, "barangay_name_clean": "PASONANCA", "lon": 122.06525647148555, "lat": 6.953080704040408}}, {"type": "Feature", "geometry": {"type": "Polygon", "coordinates": [[[122.06977340995829, 6.957612013144496], [122.06975559448334, 6.966656792032864], [122.0607036621483, 6.966638892179215], [122.06072165091855, 6.957594136751242], [122.06977340995829, 6.957612013144496]]]}, "properties": {"grid_id": "18_11", "pred_scaled_catboost": 0.2046202827864976, "pred_scaled_rf": 0.2537098962583264, "barangay_name_clean": "PASONANCA", "lon": 122.06523858127653, "lat": 6.962125472964556}}, {"type": "Feature", "geometry": {"type": "Polygon", "coordinates": [[[122.06975559448334, 6.966656792032864], [122.0697377552942, 6.975701567423126], [122.06068564943321, 6.975683644108221], [122.0607036621483, 6.966638892179215], [122.06975559448334, 6.966656792032864]]]}, "properties": {"grid_id": "18_12", "pred_scaled_catboost": 0.2225331803407172, "pred_scaled_rf": 0.2386766752489076, "barangay_name_clean": "PASONANCA", "lon": 122.06522066723915, "lat": 6.971170238392392}}, {"type": "Feature", "geometry": {"type": "Polygon", "coordinates": [[[122.0697377552942, 6.975701567423126], [122.06971989238863, 6.984746339310832], [122.06066761277101, 6.9847283925338095], [122.06068564943321, 6.975683644108221], [122.0697377552942, 6.975701567423126]]]}, "properties": {"grid_id": "18_13", "pred_scaled_catboost": 0.2889161105424265, "pred_scaled_rf": 0.2768254039820783, "barangay_name_clean": NaN, "lon": 122.0652027293711, "lat": 6.9802150003194665}}, {"type": "Feature", "geometry": {"type": "Polygon", "coordinates": [[[122.06971989238863, 6.984746339310832], [122.0697020057644, 6.993791107691529], [122.06064955215942, 6.993773137451522], [122.06066761277101, 6.9847283925338095], [122.06971989238863, 6.984746339310832]]]}, "properties": {"grid_id": "18_14", "pred_scaled_catboost": 0.3634312111345896, "pred_scaled_rf": 0.3688391644759959, "barangay_name_clean": NaN, "lon": 122.06518476767019, "lat": 6.989259758741332}}, {"type": "Feature", "geometry": {"type": "Polygon", "coordinates": [[[122.0697020057644, 6.993791107691529], [122.06968409541925, 7.00283587256076], [122.06063146759615, 7.00281787885691], [122.06064955215942, 6.993773137451522], [122.0697020057644, 6.993791107691529]]]}, "properties": {"grid_id": "18_15", "pred_scaled_catboost": 0.3265276658270281, "pred_scaled_rf": 0.2947736703602611, "barangay_name_clean": NaN, "lon": 122.06516678213407, "lat": 6.998304513653528}}, {"type": "Feature", "geometry": {"type": "Polygon", "coordinates": [[[122.06968409541925, 7.00283587256076], [122.06966616135092, 7.011880633914079], [122.06061335907903, 7.011862616745517], [122.06063146759615, 7.00281787885691], [122.06968409541925, 7.00283587256076]]]}, "properties": {"grid_id": "18_16", "pred_scaled_catboost": 0.3457593250297946, "pred_scaled_rf": 0.380153325689718, "barangay_name_clean": NaN, "lon": 122.06514877276057, "lat": 7.007349265051595}}, {"type": "Feature", "geometry": {"type": "Polygon", "coordinates": [[[122.06966616135092, 7.011880633914079], [122.06964820355722, 7.020925391747029], [122.0605952266057, 7.02090735111289], [122.06061335907903, 7.011862616745517], [122.06966616135092, 7.011880633914079]]]}, "properties": {"grid_id": "18_17", "pred_scaled_catboost": 0.3443300713586449, "pred_scaled_rf": 0.3885390147966375, "barangay_name_clean": NaN, "lon": 122.0651307395474, "lat": 7.016394012931099}}, {"type": "Feature", "geometry": {"type": "Polygon", "coordinates": [[[122.06964820355722, 7.020925391747029], [122.06963022203587, 7.029970146055162], [122.06057707017388, 7.029952081954575], [122.0605952266057, 7.02090735111289], [122.06964820355722, 7.020925391747029]]]}, "properties": {"grid_id": "18_18", "pred_scaled_catboost": 0.3672629801018822, "pred_scaled_rf": 0.3999672406599476, "barangay_name_clean": NaN, "lon": 122.06511268249231, "lat": 7.025438757287578}}, {"type": "Feature", "geometry": {"type": "Polygon", "coordinates": [[[122.06963022203587, 7.029970146055162], [122.0696122167846, 7.0390148968340265], [122.06055888978138, 7.038996809266124], [122.06057707017388, 7.029952081954575], [122.06963022203587, 7.029970146055162]]]}, "properties": {"grid_id": "18_19", "pred_scaled_catboost": 0.3711886346889159, "pred_scaled_rf": 0.3964932308359118, "barangay_name_clean": NaN, "lon": 122.06509460159303, "lat": 7.034483498116572}}, {"type": "Feature", "geometry": {"type": "Polygon", "coordinates": [[[122.0696122167846, 7.0390148968340265], [122.06959418780116, 7.048059644079169], [122.06054068542583, 7.048041533043083], [122.06055888978138, 7.038996809266124], [122.0696122167846, 7.0390148968340265]]]}, "properties": {"grid_id": "18_20", "pred_scaled_catboost": 0.3904761292748878, "pred_scaled_rf": 0.4073915568556273, "barangay_name_clean": NaN, "lon": 122.06507649684728, "lat": 7.043528235413641}}, {"type": "Feature", "geometry": {"type": "Polygon", "coordinates": [[[122.06959418780116, 7.048059644079169], [122.0695761350833, 7.057104387786141], [122.06052245710501, 7.057086253280999], [122.06054068542583, 7.048041533043083], [122.06959418780116, 7.048059644079169]]]}, "properties": {"grid_id": "18_21", "pred_scaled_catboost": 0.3897276184830454, "pred_scaled_rf": 0.3753515495818986, "barangay_name_clean": NaN, "lon": 122.06505836825285, "lat": 7.0525729691743315}}, {"type": "Feature", "geometry": {"type": "Polygon", "coordinates": [[[122.0695761350833, 7.057104387786141], [122.06955805862874, 7.066149127950495], [122.06050420481662, 7.066130969975422], [122.06052245710501, 7.057086253280999], [122.0695761350833, 7.057104387786141]]]}, "properties": {"grid_id": "18_22", "pred_scaled_catboost": 0.4020527027084796, "pred_scaled_rf": 0.4135357941126884, "barangay_name_clean": NaN, "lon": 122.0650402158074, "lat": 7.061617699394187}}, {"type": "Feature", "geometry": {"type": "Polygon", "coordinates": [[[122.06955805862874, 7.066149127950495], [122.06953995843524, 7.075193864567775], [122.06048592855836, 7.075175683121901], [122.06050420481662, 7.066130969975422], [122.06955805862874, 7.066149127950495]]]}, "properties": {"grid_id": "18_23", "pred_scaled_catboost": 0.4029856963947023, "pred_scaled_rf": 0.4116488405637405, "barangay_name_clean": NaN, "lon": 122.06502203950866, "lat": 7.070662426068765}}, {"type": "Feature", "geometry": {"type": "Polygon", "coordinates": [[[122.06953995843524, 7.075193864567775], [122.0695218345005, 7.084238597633538], [122.06046762832791, 7.084220392715985], [122.06048592855836, 7.075175683121901], [122.06953995843524, 7.075193864567775]]]}, "properties": {"grid_id": "18_24", "pred_scaled_catboost": 0.404111534142597, "pred_scaled_rf": 0.4103773186721725, "barangay_name_clean": NaN, "lon": 122.06500383935439, "lat": 7.079707149193612}}, {"type": "Feature", "geometry": {"type": "Polygon", "coordinates": [[[122.0695218345005, 7.084238597633538], [122.0695036868223, 7.093283327143329], [122.06044930412304, 7.093265098753223], [122.06046762832791, 7.084220392715985], [122.0695218345005, 7.084238597633538]]]}, "properties": {"grid_id": "18_25", "pred_scaled_catboost": 0.3962462161209718, "pred_scaled_rf": 0.399544235107139, "barangay_name_clean": NaN, "lon": 122.06498561534228, "lat": 7.088751868764276}}, {"type": "Feature", "geometry": {"type": "Polygon", "coordinates": [[[122.0695036868223, 7.093283327143329], [122.06948551539828, 7.102328053092702], [122.06043095594141, 7.1023098012291666], [122.06044930412304, 7.093265098753223], [122.0695036868223, 7.093283327143329]]]}, "properties": {"grid_id": "18_26", "pred_scaled_catboost": 0.4075451311984625, "pred_scaled_rf": 0.3995620475963948, "barangay_name_clean": NaN, "lon": 122.06496736747006, "lat": 7.0977965847763045}}, {"type": "Feature", "geometry": {"type": "Polygon", "coordinates": [[[122.06948551539828, 7.102328053092702], [122.06946732022622, 7.111372775477212], [122.06041258378075, 7.111354500139366], [122.06043095594141, 7.1023098012291666], [122.06948551539828, 7.102328053092702]]]}, "properties": {"grid_id": "18_27", "pred_scaled_catboost": 0.3788416854423649, "pred_scaled_rf": 0.4021993171931881, "barangay_name_clean": NaN, "lon": 122.06494909573546, "lat": 7.106841297225256}}, {"type": "Feature", "geometry": {"type": "Polygon", "coordinates": [[[122.06946732022622, 7.111372775477212], [122.06944910130385, 7.120417494292408], [122.06039418763872, 7.120399195479372], [122.06041258378075, 7.111354500139366], [122.06946732022622, 7.111372775477212]]]}, "properties": {"grid_id": "18_28", "pred_scaled_catboost": 0.3678505727331821, "pred_scaled_rf": 0.3761724544699971, "barangay_name_clean": NaN, "lon": 122.0649308001361, "lat": 7.115886006106681}}, {"type": "Feature", "geometry": {"type": "Polygon", "coordinates": [[[122.06944910130385, 7.120417494292408], [122.06943085862882, 7.129462209533841], [122.06037576751304, 7.129443887244736], [122.06039418763872, 7.120399195479372], [122.06944910130385, 7.120417494292408]]]}, "properties": {"grid_id": "18_29", "pred_scaled_catboost": 0.3575355903880405, "pred_scaled_rf": 0.3684001751959624, "barangay_name_clean": NaN, "lon": 122.06491248066979, "lat": 7.124930711416125}}, {"type": "Feature", "geometry": {"type": "Polygon", "coordinates": [[[122.06943085862882, 7.129462209533841], [122.06941259219893, 7.138506921197063], [122.06035732340138, 7.1384885754310075], [122.06037576751304, 7.129443887244736], [122.06943085862882, 7.129462209533841]]]}, "properties": {"grid_id": "18_30", "pred_scaled_catboost": 0.3368820095344759, "pred_scaled_rf": 0.3672905147658865, "barangay_name_clean": NaN, "lon": 122.06489413733418, "lat": 7.133975413149148}}, {"type": "Feature", "geometry": {"type": "Polygon", "coordinates": [[[122.06941259219893, 7.138506921197063], [122.06939430201182, 7.147551629277633], [122.06033885530141, 7.147533260033741], [122.06035732340138, 7.1384885754310075], [122.06941259219893, 7.138506921197063]]]}, "properties": {"grid_id": "18_31", "pred_scaled_catboost": 0.3472749329304243, "pred_scaled_rf": 0.3687668944775411, "barangay_name_clean": NaN, "lon": 122.06487577012696, "lat": 7.143020111301297}}, {"type": "Feature", "geometry": {"type": "Polygon", "coordinates": [[[122.06939430201182, 7.147551629277633], [122.0693759880652, 7.156596333771098], [122.06032036321085, 7.156577941048489], [122.06033885530141, 7.147533260033741], [122.06939430201182, 7.147551629277633]]]}, "properties": {"grid_id": "18_32", "pred_scaled_catboost": 0.3440354167827883, "pred_scaled_rf": 0.368883978184231, "barangay_name_clean": NaN, "lon": 122.06485737904586, "lat": 7.152064805868123}}, {"type": "Feature", "geometry": {"type": "Polygon", "coordinates": [[[122.07901770737953, 6.858136663606494], [122.07900032337557, 6.867181503903987], [122.06995026091673, 6.867164032845052], [122.06996781568219, 6.85811921577155], [122.07901770737953, 6.858136663606494]]]}, "properties": {"grid_id": "19_0", "pred_scaled_catboost": 0.2283793540147615, "pred_scaled_rf": 0.2019062190421731, "barangay_name_clean": NaN, "lon": 122.07448402871997, "lat": 6.862650368261166}}, {"type": "Feature", "geometry": {"type": "Polygon", "coordinates": [[[122.07900032337557, 6.867181503903987], [122.07898291591225, 6.876226340753226], [122.06993268246144, 6.876208846469458], [122.06995026091673, 6.867164032845052], [122.07900032337557, 6.867181503903987]]]}, "properties": {"grid_id": "19_1", "pred_scaled_catboost": 0.2283793540147615, "pred_scaled_rf": 0.2019062190421731, "barangay_name_clean": NaN, "lon": 122.07446654754794, "lat": 6.871695195241256}}, {"type": "Feature", "geometry": {"type": "Polygon", "coordinates": [[[122.0789480305988, 6.894316004089109], [122.07893055274428, 6.903360830566845], [122.0698798049347, 6.903343266603529], [122.06989745447262, 6.894298463353154], [122.0789480305988, 6.894316004089109]]]}, "properties": {"grid_id": "19_4", "pred_scaled_catboost": 0.2543045486100304, "pred_scaled_rf": 0.2374180270035998, "barangay_name_clean": NaN, "lon": 122.07441396256893, "lat": 6.898829655458272}}, {"type": "Feature", "geometry": {"type": "Polygon", "coordinates": [[[122.07893055274428, 6.903360830566845], [122.07891305142165, 6.912405653578504], [122.06986213169814, 6.912388066386986], [122.0698798049347, 6.903343266603529], [122.07893055274428, 6.903360830566845]]]}, "properties": {"grid_id": "19_5", "pred_scaled_catboost": 0.2580399655319402, "pred_scaled_rf": 0.2404605557702402, "barangay_name_clean": "SANTO NI\u00d1O", "lon": 122.07439638708095, "lat": 6.907874468608007}}, {"type": "Feature", "geometry": {"type": "Polygon", "coordinates": [[[122.07891305142165, 6.912405653578504], [122.07889552662871, 6.921450473119629], [122.06984443476074, 6.9214328626990635], [122.06986213169814, 6.912388066386986], [122.07891305142165, 6.912405653578504]]]}, "properties": {"grid_id": "19_6", "pred_scaled_catboost": 0.2316006092972028, "pred_scaled_rf": 0.1931196277115671, "barangay_name_clean": "CANELAR", "lon": 122.07437878800854, "lat": 6.9169192782890185}}, {"type": "Feature", "geometry": {"type": "Polygon", "coordinates": [[[122.07889552662871, 6.921450473119629], [122.07887797836328, 6.930495289185769], [122.06982671412028, 6.930477655535308], [122.06984443476074, 6.9214328626990635], [122.07889552662871, 6.921450473119629]]]}, "properties": {"grid_id": "19_7", "pred_scaled_catboost": 0.2249828997245768, "pred_scaled_rf": 0.1978021085176413, "barangay_name_clean": "SANTA MARIA", "lon": 122.07436116534946, "lat": 6.925964084496846}}, {"type": "Feature", "geometry": {"type": "Polygon", "coordinates": [[[122.07887797836328, 6.930495289185769], [122.07886040662316, 6.93954010177247], [122.06980896977453, 6.939522444891263], [122.06982671412028, 6.930477655535308], [122.07887797836328, 6.930495289185769]]]}, "properties": {"grid_id": "19_8", "pred_scaled_catboost": 0.3057193020932779, "pred_scaled_rf": 0.3821064218874622, "barangay_name_clean": "PASONANCA", "lon": 122.07434351910149, "lat": 6.935008887227041}}, {"type": "Feature", "geometry": {"type": "Polygon", "coordinates": [[[122.07886040662316, 6.93954010177247], [122.07884281140613, 6.948584910875278], [122.06979120172129, 6.948567230762479], [122.06980896977453, 6.939522444891263], [122.07886040662316, 6.93954010177247]]]}, "properties": {"grid_id": "19_9", "pred_scaled_catboost": 0.3110934090859213, "pred_scaled_rf": 0.3733978453426337, "barangay_name_clean": "PASONANCA", "lon": 122.07432584926241, "lat": 6.944053686475143}}, {"type": "Feature", "geometry": {"type": "Polygon", "coordinates": [[[122.07884281140613, 6.948584910875278], [122.07882519271001, 6.9576297164897385], [122.06977340995829, 6.957612013144496], [122.06979120172129, 6.948567230762479], [122.07884281140613, 6.948584910875278]]]}, "properties": {"grid_id": "19_10", "pred_scaled_catboost": 0.2938043190504038, "pred_scaled_rf": 0.3672430165606976, "barangay_name_clean": "PASONANCA", "lon": 122.07430815583001, "lat": 6.953098482236705}}, {"type": "Feature", "geometry": {"type": "Polygon", "coordinates": [[[122.07882519271001, 6.9576297164897385], [122.07880755053257, 6.9666745186113985], [122.06975559448334, 6.966656792032864], [122.06977340995829, 6.957612013144496], [122.07882519271001, 6.9576297164897385]]]}, "properties": {"grid_id": "19_11", "pred_scaled_catboost": 0.2554516966544904, "pred_scaled_rf": 0.3561896681154568, "barangay_name_clean": "PASONANCA", "lon": 122.0742904388021, "lat": 6.9621432745072624}}, {"type": "Feature", "geometry": {"type": "Polygon", "coordinates": [[[122.07880755053257, 6.9666745186113985], [122.07878988487163, 6.975719317235809], [122.0697377552942, 6.975701567423126], [122.06975559448334, 6.966656792032864], [122.07880755053257, 6.9666745186113985]]]}, "properties": {"grid_id": "19_12", "pred_scaled_catboost": 0.3424125072396489, "pred_scaled_rf": 0.4549210529271338, "barangay_name_clean": "PASONANCA NATURAL PARK UNDER JURISDICTION OF ZAMBOANGA CITY", "lon": 122.07427269817644, "lat": 6.9711880632823755}}, {"type": "Feature", "geometry": {"type": "Polygon", "coordinates": [[[122.07878988487163, 6.975719317235809], [122.07877219572494, 6.984764112358516], [122.06971989238863, 6.984746339310832], [122.0697377552942, 6.975701567423126], [122.07878988487163, 6.975719317235809]]]}, "properties": {"grid_id": "19_13", "pred_scaled_catboost": 0.1936564855576071, "pred_scaled_rf": 0.2356069934075289, "barangay_name_clean": "PASONANCA", "lon": 122.0742549339508, "lat": 6.9802328485575815}}, {"type": "Feature", "geometry": {"type": "Polygon", "coordinates": [[[122.07877219572494, 6.984764112358516], [122.07875448309031, 6.993808903975068], [122.0697020057644, 6.993791107691529], [122.06971989238863, 6.984746339310832], [122.07877219572494, 6.984764112358516]]]}, "properties": {"grid_id": "19_14", "pred_scaled_catboost": 0.2460811830072806, "pred_scaled_rf": 0.3046763152689686, "barangay_name_clean": "PASONANCA", "lon": 122.07423714612298, "lat": 6.989277630328432}}, {"type": "Feature", "geometry": {"type": "Polygon", "coordinates": [[[122.07875448309031, 6.993808903975068], [122.07873674696549, 7.002853692081011], [122.06968409541925, 7.00283587256076], [122.0697020057644, 6.993791107691529], [122.07875448309031, 6.993808903975068]]]}, "properties": {"grid_id": "19_15", "pred_scaled_catboost": 0.2414008023706925, "pred_scaled_rf": 0.2898548604556815, "barangay_name_clean": "PASONANCA", "lon": 122.07421933469074, "lat": 6.998322408590475}}, {"type": "Feature", "geometry": {"type": "Polygon", "coordinates": [[[122.07873674696549, 7.002853692081011], [122.07871898734828, 7.011898476671898], [122.06966616135092, 7.011880633914079], [122.06968409541925, 7.00283587256076], [122.07873674696549, 7.002853692081011]]]}, "properties": {"grid_id": "19_16", "pred_scaled_catboost": 0.2329662923313536, "pred_scaled_rf": 0.2868730363686614, "barangay_name_clean": "PASONANCA", "lon": 122.07420149965182, "lat": 7.007367183339261}}, {"type": "Feature", "geometry": {"type": "Polygon", "coordinates": [[[122.07871898734828, 7.011898476671898], [122.07870120423644, 7.0209432577432755], [122.06964820355722, 7.020925391747029], [122.06966616135092, 7.011880633914079], [122.07871898734828, 7.011898476671898]]]}, "properties": {"grid_id": "19_17", "pred_scaled_catboost": 0.3273972078561066, "pred_scaled_rf": 0.3772382827058825, "barangay_name_clean": NaN, "lon": 122.07418364100401, "lat": 7.016411954570329}}, {"type": "Feature", "geometry": {"type": "Polygon", "coordinates": [[[122.07870120423644, 7.0209432577432755], [122.07868339762776, 7.029988035290695], [122.06963022203587, 7.029970146055162], [122.06964820355722, 7.020925391747029], [122.07870120423644, 7.0209432577432755]]]}, "properties": {"grid_id": "19_18", "pred_scaled_catboost": 0.3496039253579556, "pred_scaled_rf": 0.370011443725184, "barangay_name_clean": NaN, "lon": 122.07416575874507, "lat": 7.025456722279239}}, {"type": "Feature", "geometry": {"type": "Polygon", "coordinates": [[[122.07868339762776, 7.029988035290695], [122.07866556751999, 7.039032809309707], [122.0696122167846, 7.0390148968340265], [122.06963022203587, 7.029970146055162], [122.07868339762776, 7.029988035290695]]]}, "properties": {"grid_id": "19_19", "pred_scaled_catboost": 0.3575515114622778, "pred_scaled_rf": 0.3731176067745957, "barangay_name_clean": NaN, "lon": 122.07414785287277, "lat": 7.034501486461537}}, {"type": "Feature", "geometry": {"type": "Polygon", "coordinates": [[[122.07866556751999, 7.039032809309707], [122.0786477139109, 7.048077579795858], [122.06959418780116, 7.048059644079169], [122.0696122167846, 7.0390148968340265], [122.07866556751999, 7.039032809309707]]]}, "properties": {"grid_id": "19_20", "pred_scaled_catboost": 0.3911402996725869, "pred_scaled_rf": 0.3903322342774123, "barangay_name_clean": NaN, "lon": 122.07412992338485, "lat": 7.04354624711277}}, {"type": "Feature", "geometry": {"type": "Polygon", "coordinates": [[[122.0786477139109, 7.048077579795858], [122.07862983679827, 7.057122346744703], [122.0695761350833, 7.057104387786141], [122.06959418780116, 7.048059644079169], [122.0786477139109, 7.048077579795858]]]}, "properties": {"grid_id": "19_21", "pred_scaled_catboost": 0.3919009419070026, "pred_scaled_rf": 0.3778629270435813, "barangay_name_clean": NaN, "lon": 122.07411197027905, "lat": 7.05259100422849}}, {"type": "Feature", "geometry": {"type": "Polygon", "coordinates": [[[122.07862983679827, 7.057122346744703], [122.07861193617983, 7.066167110151792], [122.06955805862874, 7.066149127950495], [122.0695761350833, 7.057104387786141], [122.07862983679827, 7.057122346744703]]]}, "properties": {"grid_id": "19_22", "pred_scaled_catboost": 0.3994044470460974, "pred_scaled_rf": 0.4300143792437897, "barangay_name_clean": NaN, "lon": 122.07409399355313, "lat": 7.061635757804245}}, {"type": "Feature", "geometry": {"type": "Polygon", "coordinates": [[[122.07861193617983, 7.066167110151792], [122.07859401205336, 7.075211870012674], [122.06953995843524, 7.075193864567775], [122.06955805862874, 7.066149127950495], [122.07861193617983, 7.066167110151792]]]}, "properties": {"grid_id": "19_23", "pred_scaled_catboost": 0.4027027367166858, "pred_scaled_rf": 0.4285694701367219, "barangay_name_clean": NaN, "lon": 122.07407599320486, "lat": 7.070680507835592}}, {"type": "Feature", "geometry": {"type": "Polygon", "coordinates": [[[122.07859401205336, 7.075211870012674], [122.0785760644166, 7.0842566263229045], [122.0695218345005, 7.084238597633538], [122.06953995843524, 7.075193864567775], [122.07859401205336, 7.075211870012674]]]}, "properties": {"grid_id": "19_24", "pred_scaled_catboost": 0.4036261466073935, "pred_scaled_rf": 0.4253494154499917, "barangay_name_clean": NaN, "lon": 122.07405796923192, "lat": 7.079725254318073}}, {"type": "Feature", "geometry": {"type": "Polygon", "coordinates": [[[122.0785760644166, 7.0842566263229045], [122.07855809326729, 7.093301379078032], [122.0695036868223, 7.093283327143329], [122.0695218345005, 7.084238597633538], [122.0785760644166, 7.0842566263229045]]]}, "properties": {"grid_id": "19_25", "pred_scaled_catboost": 0.3962177371964006, "pred_scaled_rf": 0.4027753156971173, "barangay_name_clean": NaN, "lon": 122.07403992163215, "lat": 7.088769997247245}}, {"type": "Feature", "geometry": {"type": "Polygon", "coordinates": [[[122.07855809326729, 7.093301379078032], [122.0785400986032, 7.102346128273609], [122.06948551539828, 7.102328053092702], [122.0695036868223, 7.093283327143329], [122.07855809326729, 7.093301379078032]]]}, "properties": {"grid_id": "19_26", "pred_scaled_catboost": 0.397208347002802, "pred_scaled_rf": 0.4052832888526857, "barangay_name_clean": NaN, "lon": 122.07402185040318, "lat": 7.097814736618657}}, {"type": "Feature", "geometry": {"type": "Polygon", "coordinates": [[[122.0785400986032, 7.102346128273609], [122.07852208042203, 7.111390873905192], [122.06946732022622, 7.111372775477212], [122.06948551539828, 7.102328053092702], [122.0785400986032, 7.102346128273609]]]}, "properties": {"grid_id": "19_27", "pred_scaled_catboost": 0.3920330199956209, "pred_scaled_rf": 0.4133497782502204, "barangay_name_clean": NaN, "lon": 122.07400375554282, "lat": 7.106859472427862}}, {"type": "Feature", "geometry": {"type": "Polygon", "coordinates": [[[122.07852208042203, 7.111390873905192], [122.07850403872158, 7.120435615968333], [122.06944910130385, 7.120417494292408], [122.06946732022622, 7.111372775477212], [122.07852208042203, 7.111390873905192]]]}, "properties": {"grid_id": "19_28", "pred_scaled_catboost": 0.3577786696107562, "pred_scaled_rf": 0.3790702384912329, "barangay_name_clean": NaN, "lon": 122.07398563704875, "lat": 7.115904204670414}}, {"type": "Feature", "geometry": {"type": "Polygon", "coordinates": [[[122.07850403872158, 7.120435615968333], [122.07848597349955, 7.1294803544585825], [122.06943085862882, 7.129462209533841], [122.06944910130385, 7.120417494292408], [122.07850403872158, 7.120435615968333]]]}, "properties": {"grid_id": "19_29", "pred_scaled_catboost": 0.3527368999971345, "pred_scaled_rf": 0.3712546827559232, "barangay_name_clean": NaN, "lon": 122.07396749491876, "lat": 7.12494893334187}}, {"type": "Feature", "geometry": {"type": "Polygon", "coordinates": [[[122.07848597349955, 7.1294803544585825], [122.07846788475368, 7.1385250893714955], [122.06941259219893, 7.138506921197063], [122.06943085862882, 7.129462209533841], [122.07848597349955, 7.1294803544585825]]]}, "properties": {"grid_id": "19_30", "pred_scaled_catboost": 0.3393944681261052, "pred_scaled_rf": 0.3797008167568964, "barangay_name_clean": NaN, "lon": 122.07394932915051, "lat": 7.133993658437769}}, {"type": "Feature", "geometry": {"type": "Polygon", "coordinates": [[[122.07846788475368, 7.1385250893714955], [122.0784497724817, 7.147569820702629], [122.06939430201182, 7.147551629277633], [122.06941259219893, 7.138506921197063], [122.07846788475368, 7.1385250893714955]]]}, "properties": {"grid_id": "19_31", "pred_scaled_catboost": 0.3459937129113635, "pred_scaled_rf": 0.3666884028992627, "barangay_name_clean": NaN, "lon": 122.07393113974175, "lat": 7.14303837995368}}, {"type": "Feature", "geometry": {"type": "Polygon", "coordinates": [[[122.0784497724817, 7.147569820702629], [122.07843163668134, 7.156614548447536], [122.0693759880652, 7.156596333771098], [122.06939430201182, 7.147551629277633], [122.0784497724817, 7.147569820702629]]]}, "properties": {"grid_id": "19_32", "pred_scaled_catboost": 0.3528975072844195, "pred_scaled_rf": 0.3699638663644055, "barangay_name_clean": NaN, "lon": 122.07391292669018, "lat": 7.152083097885146}}, {"type": "Feature", "geometry": {"type": "Polygon", "coordinates": [[[122.08799863019087, 6.89433337336435], [122.08798132402195, 6.903378222842397], [122.07893055274428, 6.903360830566845], [122.0789480305988, 6.894316004089109], [122.08799863019087, 6.89433337336435]]]}, "properties": {"grid_id": "20_4", "pred_scaled_catboost": 0.263752497496641, "pred_scaled_rf": 0.2367330512504139, "barangay_name_clean": "ZONE III", "lon": 122.08346463625192, "lat": 6.898847122020826}}, {"type": "Feature", "geometry": {"type": "Polygon", "coordinates": [[[122.08798132402195, 6.903378222842397], [122.08796399461545, 6.9124230688552055], [122.07891305142165, 6.912405653578504], [122.07893055274428, 6.903360830566845], [122.08798132402195, 6.903378222842397]]]}, "properties": {"grid_id": "20_5", "pred_scaled_catboost": 0.2574808314103805, "pred_scaled_rf": 0.240888377106376, "barangay_name_clean": "ZONE IV", "lon": 122.08344723256373, "lat": 6.907891958284821}}, {"type": "Feature", "geometry": {"type": "Polygon", "coordinates": [[[122.08796399461545, 6.9124230688552055], [122.08794664196917, 6.921467911398318], [122.07889552662871, 6.921450473119629], [122.07891305142165, 6.912405653578504], [122.08796399461545, 6.9124230688552055]]]}, "properties": {"grid_id": "20_6", "pred_scaled_catboost": 0.234428748180499, "pred_scaled_rf": 0.2031068513648647, "barangay_name_clean": "TETUAN", "lon": 122.08342980552159, "lat": 6.916936791080926}}, {"type": "Feature", "geometry": {"type": "Polygon", "coordinates": [[[122.08794664196917, 6.921467911398318], [122.087929266081, 6.930512750467283], [122.07887797836328, 6.930495289185769], [122.07889552662871, 6.921450473119629], [122.08794664196917, 6.921467911398318]]]}, "properties": {"grid_id": "20_7", "pred_scaled_catboost": 0.2119587924845543, "pred_scaled_rf": 0.1991254818694226, "barangay_name_clean": "TETUAN", "lon": 122.08341235512334, "lat": 6.925981620404696}}, {"type": "Feature", "geometry": {"type": "Polygon", "coordinates": [[[122.087929266081, 6.930512750467283], [122.0879118669487, 6.9395575860576475], [122.07886040662316, 6.93954010177247], [122.07887797836328, 6.930495289185769], [122.087929266081, 6.930512750467283]]]}, "properties": {"grid_id": "20_8", "pred_scaled_catboost": 0.2223480616149947, "pred_scaled_rf": 0.19881502366357, "barangay_name_clean": "TUMAGA", "lon": 122.0833948813668, "lat": 6.935026446251667}}, {"type": "Feature", "geometry": {"type": "Polygon", "coordinates": [[[122.0879118669487, 6.9395575860576475], [122.0878944445701, 6.948602418164961], [122.07884281140613, 6.948584910875278], [122.07886040662316, 6.93954010177247], [122.0879118669487, 6.9395575860576475]]]}, "properties": {"grid_id": "20_9", "pred_scaled_catboost": 0.205493637999385, "pred_scaled_rf": 0.1930851655074524, "barangay_name_clean": "TUMAGA", "lon": 122.08337738424976, "lat": 6.944071268617398}}, {"type": "Feature", "geometry": {"type": "Polygon", "coordinates": [[[122.0878944445701, 6.948602418164961], [122.08787699894306, 6.957647246784769], [122.07882519271001, 6.9576297164897385], [122.07884281140613, 6.948584910875278], [122.0878944445701, 6.948602418164961]]]}, "properties": {"grid_id": "20_10", "pred_scaled_catboost": 0.2977906697949795, "pred_scaled_rf": 0.3542100064081765, "barangay_name_clean": "PASONANCA", "lon": 122.08335986377001, "lat": 6.953116087497429}}, {"type": "Feature", "geometry": {"type": "Polygon", "coordinates": [[[122.08787699894306, 6.957647246784769], [122.08785953006533, 6.966692071912621], [122.07880755053257, 6.9666745186113985], [122.07882519271001, 6.9576297164897385], [122.08787699894306, 6.957647246784769]]]}, "properties": {"grid_id": "20_11", "pred_scaled_catboost": 0.2019981646065815, "pred_scaled_rf": 0.3429866275498032, "barangay_name_clean": "PASONANCA", "lon": 122.08334231992539, "lat": 6.962160902887308}}, {"type": "Feature", "geometry": {"type": "Polygon", "coordinates": [[[122.08785953006533, 6.966692071912621], [122.08784203793479, 6.975736893544066], [122.07878988487163, 6.975719317235809], [122.07880755053257, 6.9666745186113985], [122.08785953006533, 6.966692071912621]]]}, "properties": {"grid_id": "20_12", "pred_scaled_catboost": 0.1973860946009106, "pred_scaled_rf": 0.2383430546196445, "barangay_name_clean": "PASONANCA", "lon": 122.08332475271371, "lat": 6.971205714782585}}, {"type": "Feature", "geometry": {"type": "Polygon", "coordinates": [[[122.08784203793479, 6.975736893544066], [122.08782452254918, 6.9847817116746524], [122.07877219572494, 6.984764112358516], [122.07878988487163, 6.975719317235809], [122.08784203793479, 6.975736893544066]]]}, "properties": {"grid_id": "20_13", "pred_scaled_catboost": 0.176795666377076, "pred_scaled_rf": 0.2335513775716895, "barangay_name_clean": "PASONANCA", "lon": 122.08330716213273, "lat": 6.980250523178809}}, {"type": "Feature", "geometry": {"type": "Polygon", "coordinates": [[[122.08782452254918, 6.9847817116746524], [122.08780698390636, 6.99382652629993], [122.07875448309031, 6.993808903975068], [122.07877219572494, 6.984764112358516], [122.08782452254918, 6.9847817116746524]]]}, "properties": {"grid_id": "20_14", "pred_scaled_catboost": 0.2575399911204255, "pred_scaled_rf": 0.2940485536299137, "barangay_name_clean": "PASONANCA", "lon": 122.08328954818023, "lat": 6.989295328071526}}, {"type": "Feature", "geometry": {"type": "Polygon", "coordinates": [[[122.08780698390636, 6.99382652629993], [122.08778942200411, 7.002871337415449], [122.07873674696549, 7.002853692081011], [122.07875448309031, 6.993808903975068], [122.08780698390636, 6.99382652629993]]]}, "properties": {"grid_id": "20_15", "pred_scaled_catboost": 0.230284834599355, "pred_scaled_rf": 0.2878512850503822, "barangay_name_clean": "PASONANCA", "lon": 122.08327191085407, "lat": 6.998340129456286}}, {"type": "Feature", "geometry": {"type": "Polygon", "coordinates": [[[122.08778942200411, 7.002871337415449], [122.0877718368402, 7.011916145016759], [122.07871898734828, 7.011898476671898], [122.07873674696549, 7.002853692081011], [122.08778942200411, 7.002871337415449]]]}, "properties": {"grid_id": "20_16", "pred_scaled_catboost": 0.2353868656703908, "pred_scaled_rf": 0.2845667517259724, "barangay_name_clean": "LUMAYANG", "lon": 122.08325425015197, "lat": 7.007384927328638}}, {"type": "Feature", "geometry": {"type": "Polygon", "coordinates": [[[122.0877718368402, 7.011916145016759], [122.08775422841249, 7.020960949099411], [122.07870120423644, 7.0209432577432755], [122.07871898734828, 7.011898476671898], [122.0877718368402, 7.011916145016759]]]}, "properties": {"grid_id": "20_17", "pred_scaled_catboost": 0.2826425690937335, "pred_scaled_rf": 0.2934552499554889, "barangay_name_clean": NaN, "lon": 122.08323656607179, "lat": 7.016429721684138}}, {"type": "Feature", "geometry": {"type": "Polygon", "coordinates": [[[122.08775422841249, 7.020960949099411], [122.08773659671871, 7.0300057496589545], [122.07868339762776, 7.029988035290695], [122.07870120423644, 7.0209432577432755], [122.08775422841249, 7.020960949099411]]]}, "properties": {"grid_id": "20_18", "pred_scaled_catboost": 0.3482421566577516, "pred_scaled_rf": 0.377547985894645, "barangay_name_clean": NaN, "lon": 122.0832188586112, "lat": 7.025474512518322}}, {"type": "Feature", "geometry": {"type": "Polygon", "coordinates": [[[122.08773659671871, 7.0300057496589545], [122.08771894175669, 7.039050546690942], [122.07866556751999, 7.039032809309707], [122.07868339762776, 7.029988035290695], [122.08773659671871, 7.0300057496589545]]]}, "properties": {"grid_id": "20_19", "pred_scaled_catboost": 0.3608635199085593, "pred_scaled_rf": 0.3749589735326677, "barangay_name_clean": NaN, "lon": 122.0832011277681, "lat": 7.034519299826752}}, {"type": "Feature", "geometry": {"type": "Polygon", "coordinates": [[[122.08771894175669, 7.039050546690942], [122.08770126352421, 7.0480953401909225], [122.0786477139109, 7.048077579795858], [122.07866556751999, 7.039032809309707], [122.08771894175669, 7.039050546690942]]]}, "properties": {"grid_id": "20_20", "pred_scaled_catboost": 0.3867616124328207, "pred_scaled_rf": 0.4026586048300806, "barangay_name_clean": NaN, "lon": 122.08318337354025, "lat": 7.043564083604977}}, {"type": "Feature", "geometry": {"type": "Polygon", "coordinates": [[[122.08770126352421, 7.0480953401909225], [122.08768356201904, 7.057140130154453], [122.07862983679827, 7.057122346744703], [122.0786477139109, 7.048077579795858], [122.08770126352421, 7.0480953401909225]]]}, "properties": {"grid_id": "20_21", "pred_scaled_catboost": 0.3491793070814775, "pred_scaled_rf": 0.3580648294708201, "barangay_name_clean": "PASONANCA NATURAL PARK UNDER JURISDICTION OF ZAMBOANGA CITY", "lon": 122.08316559592537, "lat": 7.052608863848544}}, {"type": "Feature", "geometry": {"type": "Polygon", "coordinates": [[[122.08768356201904, 7.057140130154453], [122.08766583723896, 7.066184916577081], [122.07861193617983, 7.066167110151792], [122.07862983679827, 7.057122346744703], [122.08768356201904, 7.057140130154453]]]}, "properties": {"grid_id": "20_22", "pred_scaled_catboost": 0.3229353734378239, "pred_scaled_rf": 0.3757164347719761, "barangay_name_clean": "SALAAN", "lon": 122.08314779492122, "lat": 7.06165364055301}}, {"type": "Feature", "geometry": {"type": "Polygon", "coordinates": [[[122.08766583723896, 7.066184916577081], [122.08764808918176, 7.07522969945436], [122.07859401205336, 7.075211870012674], [122.07861193617983, 7.066167110151792], [122.08766583723896, 7.066184916577081]]]}, "properties": {"grid_id": "20_23", "pred_scaled_catboost": 0.384392983725776, "pred_scaled_rf": 0.4241136324034403, "barangay_name_clean": NaN, "lon": 122.08312997052565, "lat": 7.070698413713921}}, {"type": "Feature", "geometry": {"type": "Polygon", "coordinates": [[[122.08764808918176, 7.07522969945436], [122.0876303178452, 7.084274478781846], [122.0785760644166, 7.0842566263229045], [122.07859401205336, 7.075211870012674], [122.08764808918176, 7.07522969945436]]]}, "properties": {"grid_id": "20_24", "pred_scaled_catboost": 0.3925707060136902, "pred_scaled_rf": 0.4220513551412425, "barangay_name_clean": NaN, "lon": 122.08311212273634, "lat": 7.079743183326833}}, {"type": "Feature", "geometry": {"type": "Polygon", "coordinates": [[[122.0876303178452, 7.084274478781846], [122.08761252322708, 7.0933192545550865], [122.07855809326729, 7.093301379078032], [122.0785760644166, 7.0842566263229045], [122.0876303178452, 7.084274478781846]]]}, "properties": {"grid_id": "20_25", "pred_scaled_catboost": 0.3880279062835771, "pred_scaled_rf": 0.383098610317452, "barangay_name_clean": NaN, "lon": 122.0830942515511, "lat": 7.0887879493873}}, {"type": "Feature", "geometry": {"type": "Polygon", "coordinates": [[[122.08761252322708, 7.0933192545550865], [122.08759470532515, 7.102364026769639], [122.0785400986032, 7.102346128273609], [122.07855809326729, 7.093301379078032], [122.08761252322708, 7.0933192545550865]]]}, "properties": {"grid_id": "20_26", "pred_scaled_catboost": 0.3805142675592896, "pred_scaled_rf": 0.3790726585990465, "barangay_name_clean": NaN, "lon": 122.08307635696774, "lat": 7.09783271189087}}, {"type": "Feature", "geometry": {"type": "Polygon", "coordinates": [[[122.08759470532515, 7.102364026769639], [122.08757686413716, 7.111408795421057], [122.07852208042203, 7.111390873905192], [122.0785400986032, 7.102346128273609], [122.08759470532515, 7.102364026769639]]]}, "properties": {"grid_id": "20_27", "pred_scaled_catboost": 0.3740387585749876, "pred_scaled_rf": 0.3871160328751289, "barangay_name_clean": NaN, "lon": 122.08305843898388, "lat": 7.106877470833098}}, {"type": "Feature", "geometry": {"type": "Polygon", "coordinates": [[[122.08757686413716, 7.111408795421057], [122.08755899966089, 7.120453560504895], [122.07850403872158, 7.120435615968333], [122.07852208042203, 7.111390873905192], [122.08757686413716, 7.111408795421057]]]}, "properties": {"grid_id": "20_28", "pred_scaled_catboost": 0.3748152069810729, "pred_scaled_rf": 0.3794811125623392, "barangay_name_clean": NaN, "lon": 122.08304049759737, "lat": 7.1159222262095385}}, {"type": "Feature", "geometry": {"type": "Polygon", "coordinates": [[[122.08755899966089, 7.120453560504895], [122.08754111189408, 7.1294983220167065], [122.07848597349955, 7.1294803544585825], [122.07850403872158, 7.120435615968333], [122.08755899966089, 7.120453560504895]]]}, "properties": {"grid_id": "20_29", "pred_scaled_catboost": 0.3828850380296112, "pred_scaled_rf": 0.3795742481894412, "barangay_name_clean": NaN, "lon": 122.08302253280593, "lat": 7.1249669780157445}}, {"type": "Feature", "geometry": {"type": "Polygon", "coordinates": [[[122.08754111189408, 7.1294983220167065], [122.08752320083454, 7.138543079952047], [122.07846788475368, 7.1385250893714955], [122.07848597349955, 7.1294803544585825], [122.08754111189408, 7.1294983220167065]]]}, "properties": {"grid_id": "20_30", "pred_scaled_catboost": 0.3779572367553994, "pred_scaled_rf": 0.3769565220400648, "barangay_name_clean": NaN, "lon": 122.08300454460735, "lat": 7.134011726247275}}, {"type": "Feature", "geometry": {"type": "Polygon", "coordinates": [[[122.08752320083454, 7.138543079952047], [122.08750526647997, 7.1475878343064725], [122.0784497724817, 7.147569820702629], [122.07846788475368, 7.1385250893714955], [122.08752320083454, 7.138543079952047]]]}, "properties": {"grid_id": "20_31", "pred_scaled_catboost": 0.374300188887787, "pred_scaled_rf": 0.3707415071797427, "barangay_name_clean": NaN, "lon": 122.08298653299931, "lat": 7.1430564708996735}}, {"type": "Feature", "geometry": {"type": "Polygon", "coordinates": [[[122.08750526647997, 7.1475878343064725], [122.08748730882814, 7.156632585075538], [122.07843163668134, 7.156614548447536], [122.0784497724817, 7.147569820702629], [122.08750526647997, 7.1475878343064725]]]}, "properties": {"grid_id": "20_32", "pred_scaled_catboost": 0.3895961527211188, "pred_scaled_rf": 0.372912908425811, "barangay_name_clean": NaN, "lon": 122.08296849797959, "lat": 7.152101211968508}}, {"type": "Feature", "geometry": {"type": "Polygon", "coordinates": [[[122.08748730882814, 7.156632585075538], [122.0874693278768, 7.165677332254798], [122.07841347735034, 7.1656592726017685], [122.07843163668134, 7.156614548447536], [122.08748730882814, 7.156632585075538]]]}, "properties": {"grid_id": "20_33", "pred_scaled_catboost": 0.3936919882402087, "pred_scaled_rf": 0.3732612309612211, "barangay_name_clean": NaN, "lon": 122.08295043954588, "lat": 7.161145949449322}}, {"type": "Feature", "geometry": {"type": "Polygon", "coordinates": [[[122.09706636449461, 6.885305695465442], [122.09704925301837, 6.894350571176716], [122.08799863019087, 6.89433337336435], [122.08801591312438, 6.8852885204255125], [122.09706636449461, 6.885305695465442]]]}, "properties": {"grid_id": "21_3", "pred_scaled_catboost": 0.2883988165318056, "pred_scaled_rf": 0.2355702600473578, "barangay_name_clean": NaN, "lon": 122.09253254205164, "lat": 6.889819554394264}}, {"type": "Feature", "geometry": {"type": "Polygon", "coordinates": [[[122.09704925301837, 6.894350571176716], [122.09703211853721, 6.903395443428029], [122.08798132402195, 6.903378222842397], [122.08799863019087, 6.89433337336435], [122.09704925301837, 6.894350571176716]]]}, "properties": {"grid_id": "21_4", "pred_scaled_catboost": 0.2869226788766544, "pred_scaled_rf": 0.2419624318975909, "barangay_name_clean": "RIO HONDO", "lon": 122.09251533328663, "lat": 6.898864417008059}}, {"type": "Feature", "geometry": {"type": "Polygon", "coordinates": [[[122.09703211853721, 6.903395443428029], [122.09701496104898, 6.912440312214928], [122.08796399461545, 6.9124230688552055], [122.08798132402195, 6.903378222842397], [122.09703211853721, 6.903395443428029]]]}, "properties": {"grid_id": "21_5", "pred_scaled_catboost": 0.2554219286621693, "pred_scaled_rf": 0.2414068314799545, "barangay_name_clean": "SANTA CATALINA", "lon": 122.09249810140041, "lat": 6.907909276159257}}, {"type": "Feature", "geometry": {"type": "Polygon", "coordinates": [[[122.09701496104898, 6.912440312214928], [122.09699778055158, 6.921485177532963], [122.08794664196917, 6.921467911398318], [122.08796399461545, 6.9124230688552055], [122.09701496104898, 6.912440312214928]]]}, "properties": {"grid_id": "21_6", "pred_scaled_catboost": 0.2482097999865483, "pred_scaled_rf": 0.2433425027644085, "barangay_name_clean": "TETUAN", "lon": 122.09248084639076, "lat": 6.916954131843404}}, {"type": "Feature", "geometry": {"type": "Polygon", "coordinates": [[[122.09699778055158, 6.921485177532963], [122.0969805770428, 6.930530039377679], [122.087929266081, 6.930512750467283], [122.08794664196917, 6.921467911398318], [122.09699778055158, 6.921485177532963]]]}, "properties": {"grid_id": "21_7", "pred_scaled_catboost": 0.2307786640668574, "pred_scaled_rf": 0.2369200124097476, "barangay_name_clean": "GUIWAN", "lon": 122.09246356825555, "lat": 6.92599898405604}}, {"type": "Feature", "geometry": {"type": "Polygon", "coordinates": [[[122.0969805770428, 6.930530039377679], [122.0969633505205, 6.9395748977446265], [122.0879118669487, 6.9395575860576475], [122.087929266081, 6.930512750467283], [122.0969805770428, 6.930530039377679]]]}, "properties": {"grid_id": "21_8", "pred_scaled_catboost": 0.2472146695505456, "pred_scaled_rf": 0.240834834526264, "barangay_name_clean": "TUMAGA", "lon": 122.09244626699264, "lat": 6.935043832792722}}, {"type": "Feature", "geometry": {"type": "Polygon", "coordinates": [[[122.0969633505205, 6.9395748977446265], [122.09694610098254, 6.948619752629355], [122.0878944445701, 6.948602418164961], [122.0879118669487, 6.9395575860576475], [122.0969633505205, 6.9395748977446265]]]}, "properties": {"grid_id": "21_9", "pred_scaled_catboost": 0.1942828166520968, "pred_scaled_rf": 0.191530133338704, "barangay_name_clean": "TUMAGA", "lon": 122.09242894259981, "lat": 6.944088678048996}}, {"type": "Feature", "geometry": {"type": "Polygon", "coordinates": [[[122.09694610098254, 6.948619752629355], [122.09692882842674, 6.957664604027413], [122.08787699894306, 6.957647246784769], [122.0878944445701, 6.948602418164961], [122.09694610098254, 6.948619752629355]]]}, "properties": {"grid_id": "21_10", "pred_scaled_catboost": 0.2372501810046783, "pred_scaled_rf": 0.1963502667599423, "barangay_name_clean": "LUNZURAN", "lon": 122.09241159507492, "lat": 6.953133519820405}}, {"type": "Feature", "geometry": {"type": "Polygon", "coordinates": [[[122.09692882842674, 6.957664604027413], [122.09691153285094, 6.96670945193435], [122.08785953006533, 6.966692071912621], [122.08787699894306, 6.957647246784769], [122.09692882842674, 6.957664604027413]]]}, "properties": {"grid_id": "21_11", "pred_scaled_catboost": 0.1937153654641974, "pred_scaled_rf": 0.2328749825986785, "barangay_name_clean": "LUNZURAN", "lon": 122.09239422441578, "lat": 6.962178358102505}}, {"type": "Feature", "geometry": {"type": "Polygon", "coordinates": [[[122.09691153285094, 6.96670945193435], [122.09689421425297, 6.9757542963457135], [122.08784203793479, 6.975736893544066], [122.08785953006533, 6.966692071912621], [122.09691153285094, 6.96670945193435]]]}, "properties": {"grid_id": "21_12", "pred_scaled_catboost": 0.2093026243180676, "pred_scaled_rf": 0.2240337837477174, "barangay_name_clean": "LUMBANGAN", "lon": 122.09237683062024, "lat": 6.971223192890836}}, {"type": "Feature", "geometry": {"type": "Polygon", "coordinates": [[[122.09689421425297, 6.9757542963457135], [122.09687687263067, 6.984799137257056], [122.08782452254918, 6.9847817116746524], [122.08784203793479, 6.975736893544066], [122.09689421425297, 6.9757542963457135]]]}, "properties": {"grid_id": "21_13", "pred_scaled_catboost": 0.2620900469437804, "pred_scaled_rf": 0.278522715364679, "barangay_name_clean": "LUMAYANG", "lon": 122.0923594136861, "lat": 6.98026802418096}}, {"type": "Feature", "geometry": {"type": "Polygon", "coordinates": [[[122.09687687263067, 6.984799137257056], [122.09685950798185, 6.993843974663931], [122.08780698390636, 6.99382652629993], [122.08782452254918, 6.9847817116746524], [122.09687687263067, 6.984799137257056]]]}, "properties": {"grid_id": "21_14", "pred_scaled_catboost": 0.3126808531899224, "pred_scaled_rf": 0.2815536955935508, "barangay_name_clean": "LUMAYANG", "lon": 122.09234197361116, "lat": 6.989312851968413}}, {"type": "Feature", "geometry": {"type": "Polygon", "coordinates": [[[122.09685950798185, 6.993843974663931], [122.09684212030434, 7.002888808561883], [122.08778942200411, 7.002871337415449], [122.08780698390636, 6.99382652629993], [122.09685950798185, 6.993843974663931]]]}, "properties": {"grid_id": "21_15", "pred_scaled_catboost": 0.287795042794045, "pred_scaled_rf": 0.298130480866072, "barangay_name_clean": "LUMAYANG", "lon": 122.09232451039327, "lat": 6.998357676248757}}, {"type": "Feature", "geometry": {"type": "Polygon", "coordinates": [[[122.09684212030434, 7.002888808561883], [122.09682470959599, 7.011933638946467], [122.0877718368402, 7.011916145016759], [122.08778942200411, 7.002871337415449], [122.09684212030434, 7.002888808561883]]]}, "properties": {"grid_id": "21_16", "pred_scaled_catboost": 0.2423994926508259, "pred_scaled_rf": 0.2792503241036301, "barangay_name_clean": "LUMAYANG", "lon": 122.09230702403022, "lat": 7.007402497017538}}, {"type": "Feature", "geometry": {"type": "Polygon", "coordinates": [[[122.09682470959599, 7.011933638946467], [122.09680727585457, 7.020978465813235], [122.08775422841249, 7.020960949099411], [122.0877718368402, 7.011916145016759], [122.09682470959599, 7.011933638946467]]]}, "properties": {"grid_id": "21_17", "pred_scaled_catboost": 0.2530394085832968, "pred_scaled_rf": 0.2834391303952795, "barangay_name_clean": "LUMAYANG", "lon": 122.09228951451985, "lat": 7.0164473142703025}}, {"type": "Feature", "geometry": {"type": "Polygon", "coordinates": [[[122.09680727585457, 7.020978465813235], [122.09678981907793, 7.0300232891577386], [122.08773659671871, 7.0300057496589545], [122.08775422841249, 7.020960949099411], [122.09680727585457, 7.020978465813235]]]}, "properties": {"grid_id": "21_18", "pred_scaled_catboost": 0.3293468865553209, "pred_scaled_rf": 0.3681933590266472, "barangay_name_clean": "SALAAN", "lon": 122.09227198185992, "lat": 7.025492128002612}}, {"type": "Feature", "geometry": {"type": "Polygon", "coordinates": [[[122.09678981907793, 7.0300232891577386], [122.09677233926386, 7.039068108975528], [122.08771894175669, 7.039050546690942], [122.08773659671871, 7.0300057496589545], [122.09678981907793, 7.0300232891577386]]]}, "properties": {"grid_id": "21_19", "pred_scaled_catboost": 0.307326976585079, "pred_scaled_rf": 0.2906175718670228, "barangay_name_clean": "SALAAN", "lon": 122.09225442604824, "lat": 7.034536938210007}}, {"type": "Feature", "geometry": {"type": "Polygon", "coordinates": [[[122.09677233926386, 7.039068108975528], [122.09675483641018, 7.048112925262157], [122.08770126352421, 7.0480953401909225], [122.08771894175669, 7.039050546690942], [122.09677233926386, 7.039068108975528]]]}, "properties": {"grid_id": "21_20", "pred_scaled_catboost": 0.3379418827051249, "pred_scaled_rf": 0.3519045112800264, "barangay_name_clean": NaN, "lon": 122.09223684708265, "lat": 7.043581744888044}}, {"type": "Feature", "geometry": {"type": "Polygon", "coordinates": [[[122.09675483641018, 7.048112925262157], [122.09673731051468, 7.057157738013181], [122.08768356201904, 7.057140130154453], [122.08770126352421, 7.0480953401909225], [122.09675483641018, 7.048112925262157]]]}, "properties": {"grid_id": "21_21", "pred_scaled_catboost": 0.3117685892993997, "pred_scaled_rf": 0.3409996944377134, "barangay_name_clean": "SALAAN", "lon": 122.09221924496089, "lat": 7.052626548032275}}, {"type": "Feature", "geometry": {"type": "Polygon", "coordinates": [[[122.09673731051468, 7.057157738013181], [122.09671976157522, 7.06620254722415], [122.08766583723896, 7.066184916577081], [122.08768356201904, 7.057140130154453], [122.09673731051468, 7.057157738013181]]]}, "properties": {"grid_id": "21_22", "pred_scaled_catboost": 0.3202191240137186, "pred_scaled_rf": 0.3391454011416399, "barangay_name_clean": "SALAAN", "lon": 122.09220161968081, "lat": 7.061671347638259}}, {"type": "Feature", "geometry": {"type": "Polygon", "coordinates": [[[122.09671976157522, 7.06620254722415], [122.09670218958951, 7.075247352890619], [122.08764808918176, 7.07522969945436], [122.08766583723896, 7.066184916577081], [122.09671976157522, 7.06620254722415]]]}, "properties": {"grid_id": "21_23", "pred_scaled_catboost": 0.3152985053508939, "pred_scaled_rf": 0.3317549026834375, "barangay_name_clean": "TOLOSA", "lon": 122.09218397124015, "lat": 7.070716143701536}}, {"type": "Feature", "geometry": {"type": "Polygon", "coordinates": [[[122.09670218958951, 7.075247352890619], [122.0966845945554, 7.084292155008143], [122.0876303178452, 7.084274478781846], [122.08764808918176, 7.07522969945436], [122.09670218958951, 7.075247352890619]]]}, "properties": {"grid_id": "21_24", "pred_scaled_catboost": 0.380881671262801, "pred_scaled_rf": 0.3960272000241, "barangay_name_clean": NaN, "lon": 122.09216629963669, "lat": 7.079760936217669}}, {"type": "Feature", "geometry": {"type": "Polygon", "coordinates": [[[122.0966845945554, 7.084292155008143], [122.09666697647067, 7.093336953572274], [122.08761252322708, 7.0933192545550865], [122.0876303178452, 7.084274478781846], [122.0966845945554, 7.084292155008143]]]}, "properties": {"grid_id": "21_25", "pred_scaled_catboost": 0.39125887262016, "pred_scaled_rf": 0.3803635141341678, "barangay_name_clean": NaN, "lon": 122.0921486048683, "lat": 7.088805725182208}}, {"type": "Feature", "geometry": {"type": "Polygon", "coordinates": [[[122.09666697647067, 7.093336953572274], [122.09664933533313, 7.1023817485785665], [122.08759470532515, 7.102364026769639], [122.08761252322708, 7.0933192545550865], [122.09666697647067, 7.093336953572274]]]}, "properties": {"grid_id": "21_26", "pred_scaled_catboost": 0.3758125541197782, "pred_scaled_rf": 0.3751338472074167, "barangay_name_clean": NaN, "lon": 122.09213088693268, "lat": 7.097850510590708}}, {"type": "Feature", "geometry": {"type": "Polygon", "coordinates": [[[122.09664933533313, 7.1023817485785665], [122.09663167114054, 7.11142654002258], [122.08757686413716, 7.111408795421057], [122.08759470532515, 7.102364026769639], [122.09664933533313, 7.1023817485785665]]]}, "properties": {"grid_id": "21_27", "pred_scaled_catboost": 0.3738989950499074, "pred_scaled_rf": 0.3771886394980309, "barangay_name_clean": NaN, "lon": 122.09211314582761, "lat": 7.106895292438723}}, {"type": "Feature", "geometry": {"type": "Polygon", "coordinates": [[[122.09663167114054, 7.11142654002258], [122.09661398389073, 7.120471327899865], [122.08755899966089, 7.120453560504895], [122.08757686413716, 7.111408795421057], [122.09663167114054, 7.11142654002258]]]}, "properties": {"grid_id": "21_28", "pred_scaled_catboost": 0.3868901993039725, "pred_scaled_rf": 0.383940637490671, "barangay_name_clean": NaN, "lon": 122.09209538155089, "lat": 7.115940070721811}}, {"type": "Feature", "geometry": {"type": "Polygon", "coordinates": [[[122.09661398389073, 7.120471327899865], [122.0965962735814, 7.12951611220598], [122.08754111189408, 7.1294983220167065], [122.08755899966089, 7.120453560504895], [122.09661398389073, 7.120471327899865]]]}, "properties": {"grid_id": "21_29", "pred_scaled_catboost": 0.3865720192306083, "pred_scaled_rf": 0.3744654438286334, "barangay_name_clean": NaN, "lon": 122.09207759410035, "lat": 7.124984845435517}}, {"type": "Feature", "geometry": {"type": "Polygon", "coordinates": [[[122.0965962735814, 7.12951611220598], [122.09657854021042, 7.13856089293648], [122.08752320083454, 7.138543079952047], [122.08754111189408, 7.1294983220167065], [122.0965962735814, 7.12951611220598]]]}, "properties": {"grid_id": "21_30", "pred_scaled_catboost": 0.3833979738378489, "pred_scaled_rf": 0.3764232490572297, "barangay_name_clean": NaN, "lon": 122.09205978347362, "lat": 7.1340296165754085}}, {"type": "Feature", "geometry": {"type": "Polygon", "coordinates": [[[122.09657854021042, 7.13856089293648], [122.09656078377552, 7.147605670086922], [122.08750526647997, 7.1475878343064725], [122.08752320083454, 7.138543079952047], [122.09657854021042, 7.13856089293648]]]}, "properties": {"grid_id": "21_31", "pred_scaled_catboost": 0.3718727940948265, "pred_scaled_rf": 0.3712078424063367, "barangay_name_clean": NaN, "lon": 122.09204194966858, "lat": 7.143074384137034}}, {"type": "Feature", "geometry": {"type": "Polygon", "coordinates": [[[122.09656078377552, 7.147605670086922], [122.09654300427447, 7.156650443652865], [122.08748730882814, 7.156632585075538], [122.08750526647997, 7.1475878343064725], [122.09656078377552, 7.147605670086922]]]}, "properties": {"grid_id": "21_32", "pred_scaled_catboost": 0.3876667270073076, "pred_scaled_rf": 0.3724192691722949, "barangay_name_clean": NaN, "lon": 122.09202409268293, "lat": 7.1521191481159505}}, {"type": "Feature", "geometry": {"type": "Polygon", "coordinates": [[[122.09654300427447, 7.156650443652865], [122.09652520170503, 7.165695213629862], [122.0874693278768, 7.165677332254798], [122.08748730882814, 7.156632585075538], [122.09654300427447, 7.156650443652865]]]}, "properties": {"grid_id": "21_33", "pred_scaled_catboost": 0.3938412310324261, "pred_scaled_rf": 0.3729333950796559, "barangay_name_clean": NaN, "lon": 122.09200621251448, "lat": 7.161163908507717}}, {"type": "Feature", "geometry": {"type": "Polygon", "coordinates": [[[122.09652520170503, 7.165695213629862], [122.096507376065, 7.17473998001347], [122.08745132362368, 7.174722075839813], [122.0874693278768, 7.165677332254798], [122.09652520170503, 7.165695213629862]]]}, "properties": {"grid_id": "21_34", "pred_scaled_catboost": 0.3952138246558971, "pred_scaled_rf": 0.3729333950796559, "barangay_name_clean": NaN, "lon": 122.09198830916098, "lat": 7.170208665307889}}, {"type": "Feature", "geometry": {"type": "Polygon", "coordinates": [[[122.096507376065, 7.17473998001347], [122.09648952735212, 7.183784742799252], [122.08743329606655, 7.183766815826138], [122.08745132362368, 7.174722075839813], [122.096507376065, 7.17473998001347]]]}, "properties": {"grid_id": "21_35", "pred_scaled_catboost": 0.3859060045665068, "pred_scaled_rf": 0.372661858688375, "barangay_name_clean": NaN, "lon": 122.09197038262013, "lat": 7.179253418512019}}, {"type": "Feature", "geometry": {"type": "Polygon", "coordinates": [[[122.1061168388676, 6.885322699267408], [122.10609989885076, 6.894367597524074], [122.09704925301837, 6.894350571176716], [122.09706636449461, 6.885305695465442], [122.1061168388676, 6.885322699267408]]]}, "properties": {"grid_id": "22_3", "pred_scaled_catboost": 0.2855939711634, "pred_scaled_rf": 0.2955769518832815, "barangay_name_clean": NaN, "lon": 122.10158309063404, "lat": 6.8898366551447054}}, {"type": "Feature", "geometry": {"type": "Polygon", "coordinates": [[[122.10609989885076, 6.894367597524074], [122.10608293605952, 6.903412492321599], [122.09703211853721, 6.903395443428029], [122.09704925301837, 6.894350571176716], [122.10609989885076, 6.894367597524074]]]}, "properties": {"grid_id": "22_4", "pred_scaled_catboost": 0.2735108588819044, "pred_scaled_rf": 0.2338083285078157, "barangay_name_clean": "KASANYANGAN", "lon": 122.10156605344262, "lat": 6.898881540417829}}, {"type": "Feature", "geometry": {"type": "Polygon", "coordinates": [[[122.10608293605952, 6.903412492321599], [122.10606595049174, 6.91245738365553], [122.09701496104898, 6.912440312214928], [122.09703211853721, 6.903395443428029], [122.10608293605952, 6.903412492321599]]]}, "properties": {"grid_id": "22_5", "pred_scaled_catboost": 0.303278995937353, "pred_scaled_rf": 0.2355360432627221, "barangay_name_clean": "KASANYANGAN", "lon": 122.10154899336048, "lat": 6.907926422229178}}, {"type": "Feature", "geometry": {"type": "Polygon", "coordinates": [[[122.10606595049174, 6.91245738365553], [122.10604894214532, 6.921502271521419], [122.09699778055158, 6.921485177532963], [122.09701496104898, 6.912440312214928], [122.10606595049174, 6.91245738365553]]]}, "properties": {"grid_id": "22_6", "pred_scaled_catboost": 0.2260884308880339, "pred_scaled_rf": 0.1967340516268696, "barangay_name_clean": "TUGBUNGAN", "lon": 122.10153191038548, "lat": 6.916971300574295}}, {"type": "Feature", "geometry": {"type": "Polygon", "coordinates": [[[122.10604894214532, 6.921502271521419], [122.10603191101812, 6.9305471559148115], [122.0969805770428, 6.930530039377679], [122.09699778055158, 6.921485177532963], [122.10604894214532, 6.921502271521419]]]}, "properties": {"grid_id": "22_7", "pred_scaled_catboost": 0.1938337085021866, "pred_scaled_rf": 0.2126700905966678, "barangay_name_clean": "GUIWAN", "lon": 122.1015148045155, "lat": 6.926016175448738}}, {"type": "Feature", "geometry": {"type": "Polygon", "coordinates": [[[122.10603191101812, 6.9305471559148115], [122.106014857108, 6.939592036831256], [122.0969633505205, 6.9395748977446265], [122.0969805770428, 6.930530039377679], [122.10603191101812, 6.9305471559148115]]]}, "properties": {"grid_id": "22_8", "pred_scaled_catboost": 0.2569461315375752, "pred_scaled_rf": 0.2138733555575633, "barangay_name_clean": "PUTIK", "lon": 122.10149767574835, "lat": 6.935061046848045}}, {"type": "Feature", "geometry": {"type": "Polygon", "coordinates": [[[122.106014857108, 6.939592036831256], [122.10599778041279, 6.948636914266307], [122.09694610098254, 6.948619752629355], [122.0969633505205, 6.9395748977446265], [122.106014857108, 6.939592036831256]]]}, "properties": {"grid_id": "22_9", "pred_scaled_catboost": 0.2128785903044809, "pred_scaled_rf": 0.1963584148255781, "barangay_name_clean": "PUTIK", "lon": 122.10148052408191, "lat": 6.9441059147677695}}, {"type": "Feature", "geometry": {"type": "Polygon", "coordinates": [[[122.10599778041279, 6.948636914266307], [122.10598068093041, 6.9576817882155115], [122.09692882842674, 6.957664604027413], [122.09694610098254, 6.948619752629355], [122.10599778041279, 6.948636914266307]]]}, "properties": {"grid_id": "22_10", "pred_scaled_catboost": 0.2343346860830567, "pred_scaled_rf": 0.2241295198818333, "barangay_name_clean": "LUNZURAN", "lon": 122.10146334951405, "lat": 6.953150779203464}}, {"type": "Feature", "geometry": {"type": "Polygon", "coordinates": [[[122.10598068093041, 6.9576817882155115], [122.10596355865871, 6.966726658674424], [122.09691153285094, 6.96670945193435], [122.09692882842674, 6.957664604027413], [122.10598068093041, 6.9576817882155115]]]}, "properties": {"grid_id": "22_11", "pred_scaled_catboost": 0.2477018787270813, "pred_scaled_rf": 0.2501846365779032, "barangay_name_clean": "LUMBANGAN", "lon": 122.1014461520426, "lat": 6.962195640150678}}, {"type": "Feature", "geometry": {"type": "Polygon", "coordinates": [[[122.10596355865871, 6.966726658674424], [122.1059464135955, 6.9757715256385895], [122.09689421425297, 6.9757542963457135], [122.09691153285094, 6.96670945193435], [122.10596355865871, 6.966726658674424]]]}, "properties": {"grid_id": "22_12", "pred_scaled_catboost": 0.2425330770373512, "pred_scaled_rf": 0.2213595010980696, "barangay_name_clean": "LUMBANGAN", "lon": 122.10142893166537, "lat": 6.971240497604956}}, {"type": "Feature", "geometry": {"type": "Polygon", "coordinates": [[[122.1059464135955, 6.9757715256385895], [122.10592924573866, 6.984816389103564], [122.09687687263067, 6.984799137257056], [122.09689421425297, 6.9757542963457135], [122.1059464135955, 6.9757715256385895]]]}, "properties": {"grid_id": "22_13", "pred_scaled_catboost": 0.3028349072582944, "pred_scaled_rf": 0.3080870225156918, "barangay_name_clean": "LUMAYANG", "lon": 122.10141168838025, "lat": 6.980285351561854}}, {"type": "Feature", "geometry": {"type": "Polygon", "coordinates": [[[122.10592924573866, 6.984816389103564], [122.10591205508604, 6.993861249064898], [122.09685950798185, 6.993843974663931], [122.09687687263067, 6.984799137257056], [122.10592924573866, 6.984816389103564]]]}, "properties": {"grid_id": "22_14", "pred_scaled_catboost": 0.2822805361316791, "pred_scaled_rf": 0.2709588276465359, "barangay_name_clean": "LUMAYANG", "lon": 122.10139442218507, "lat": 6.989330202016924}}, {"type": "Feature", "geometry": {"type": "Polygon", "coordinates": [[[122.10591205508604, 6.993861249064898], [122.10589484163546, 7.002906105518142], [122.09684212030434, 7.002888808561883], [122.09685950798185, 6.993843974663931], [122.10591205508604, 6.993861249064898]]]}, "properties": {"grid_id": "22_15", "pred_scaled_catboost": 0.3052886429799102, "pred_scaled_rf": 0.2648257213072419, "barangay_name_clean": "LUMAYANG", "lon": 122.10137713307766, "lat": 6.99837504896571}}, {"type": "Feature", "geometry": {"type": "Polygon", "coordinates": [[[122.10589484163546, 7.002906105518142], [122.10587760538482, 7.01195095845885], [122.09682470959599, 7.011933638946467], [122.09684212030434, 7.002888808561883], [122.10589484163546, 7.002906105518142]]]}, "properties": {"grid_id": "22_16", "pred_scaled_catboost": 0.272516505508624, "pred_scaled_rf": 0.2691278486873779, "barangay_name_clean": "LUMAYANG", "lon": 122.10135982105582, "lat": 7.007419892403771}}, {"type": "Feature", "geometry": {"type": "Polygon", "coordinates": [[[122.10587760538482, 7.01195095845885], [122.1058603463319, 7.020995807882574], [122.09680727585457, 7.020978465813235], [122.09682470959599, 7.011933638946467], [122.10587760538482, 7.01195095845885]]]}, "properties": {"grid_id": "22_17", "pred_scaled_catboost": 0.3339314967174737, "pred_scaled_rf": 0.3310279749783984, "barangay_name_clean": "SALAAN", "lon": 122.10134248611745, "lat": 7.016464732326655}}, {"type": "Feature", "geometry": {"type": "Polygon", "coordinates": [[[122.1058603463319, 7.020995807882574], [122.10584306447457, 7.0300406537848685], [122.09678981907793, 7.0300232891577386], [122.09680727585457, 7.020978465813235], [122.1058603463319, 7.020995807882574]]]}, "properties": {"grid_id": "22_18", "pred_scaled_catboost": 0.3299335997898814, "pred_scaled_rf": 0.2924997342066027, "barangay_name_clean": "SALAAN", "lon": 122.10132512826034, "lat": 7.025509568729919}}, {"type": "Feature", "geometry": {"type": "Polygon", "coordinates": [[[122.10584306447457, 7.0300406537848685], [122.10582575981064, 7.0390854961612845], [122.09677233926386, 7.039068108975528], [122.09678981907793, 7.0300232891577386], [122.10584306447457, 7.0300406537848685]]]}, "properties": {"grid_id": "22_19", "pred_scaled_catboost": 0.3197034583208631, "pred_scaled_rf": 0.3098767115880505, "barangay_name_clean": "SALAAN", "lon": 122.1013077474823, "lat": 7.034554401609108}}, {"type": "Feature", "geometry": {"type": "Polygon", "coordinates": [[[122.10582575981064, 7.0390854961612845], [122.10580843233797, 7.048130335007377], [122.09675483641018, 7.048112925262157], [122.09677233926386, 7.039068108975528], [122.10582575981064, 7.0390854961612845]]]}, "properties": {"grid_id": "22_20", "pred_scaled_catboost": 0.3275927238735817, "pred_scaled_rf": 0.3188924343534876, "barangay_name_clean": "SALAAN", "lon": 122.10129034378116, "lat": 7.0435992309597815}}, {"type": "Feature", "geometry": {"type": "Polygon", "coordinates": [[[122.10580843233797, 7.048130335007377], [122.10579108205435, 7.0571751703187005], [122.09673731051468, 7.057157738013181], [122.09675483641018, 7.048112925262157], [122.10580843233797, 7.048130335007377]]]}, "properties": {"grid_id": "22_21", "pred_scaled_catboost": 0.3058675934593906, "pred_scaled_rf": 0.3433754024674205, "barangay_name_clean": "SALAAN", "lon": 122.10127291715479, "lat": 7.052644056777491}}, {"type": "Feature", "geometry": {"type": "Polygon", "coordinates": [[[122.10579108205435, 7.0571751703187005], [122.10577370895767, 7.066220002090809], [122.09671976157522, 7.06620254722415], [122.09673731051468, 7.057157738013181], [122.10579108205435, 7.0571751703187005]]]}, "properties": {"grid_id": "22_22", "pred_scaled_catboost": 0.342974279135134, "pred_scaled_rf": 0.3537834903570789, "barangay_name_clean": "TOLOSA", "lon": 122.10125546760092, "lat": 7.061688879057789}}, {"type": "Feature", "geometry": {"type": "Polygon", "coordinates": [[[122.10577370895767, 7.066220002090809], [122.10575631304566, 7.075264830319258], [122.09670218958951, 7.075247352890619], [122.09671976157522, 7.06620254722415], [122.10577370895767, 7.066220002090809]]]}, "properties": {"grid_id": "22_23", "pred_scaled_catboost": 0.3366502812184008, "pred_scaled_rf": 0.3271169807371442, "barangay_name_clean": "TOLOSA", "lon": 122.10123799511742, "lat": 7.07073369779623}}, {"type": "Feature", "geometry": {"type": "Polygon", "coordinates": [[[122.10575631304566, 7.075264830319258], [122.1057388943162, 7.084309654999601], [122.0966845945554, 7.084292155008143], [122.09670218958951, 7.075247352890619], [122.10575631304566, 7.075264830319258]]]}, "properties": {"grid_id": "22_24", "pred_scaled_catboost": 0.3789361284249421, "pred_scaled_rf": 0.397524660283149, "barangay_name_clean": NaN, "lon": 122.10122049970207, "lat": 7.079778512988371}}, {"type": "Feature", "geometry": {"type": "Polygon", "coordinates": [[[122.1057388943162, 7.084309654999601], [122.10572145276711, 7.093354476127394], [122.09666697647067, 7.093336953572274], [122.0966845945554, 7.084292155008143], [122.1057388943162, 7.084309654999601]]]}, "properties": {"grid_id": "22_25", "pred_scaled_catboost": 0.3809834091939053, "pred_scaled_rf": 0.3947639441201657, "barangay_name_clean": NaN, "lon": 122.10120298135267, "lat": 7.0888233246297645}}, {"type": "Feature", "geometry": {"type": "Polygon", "coordinates": [[[122.10572145276711, 7.093354476127394], [122.10570398839616, 7.102399293698194], [122.09664933533313, 7.1023817485785665], [122.09666697647067, 7.093336953572274], [122.10572145276711, 7.093354476127394]]]}, "properties": {"grid_id": "22_26", "pred_scaled_catboost": 0.3760290177139803, "pred_scaled_rf": 0.3841399947110084, "barangay_name_clean": NaN, "lon": 122.10118544006704, "lat": 7.097868132715962}}, {"type": "Feature", "geometry": {"type": "Polygon", "coordinates": [[[122.10570398839616, 7.102399293698194], [122.1056865012012, 7.111444107707556], [122.09663167114054, 7.11142654002258], [122.09664933533313, 7.1023817485785665], [122.10570398839616, 7.102399293698194]]]}, "properties": {"grid_id": "22_27", "pred_scaled_catboost": 0.3823458602964015, "pred_scaled_rf": 0.3662783533706328, "barangay_name_clean": NaN, "lon": 122.10116787584299, "lat": 7.106912937242526}}, {"type": "Feature", "geometry": {"type": "Polygon", "coordinates": [[[122.1056865012012, 7.111444107707556], [122.10566899118, 7.120488918151037], [122.09661398389073, 7.120471327899865], [122.09663167114054, 7.11142654002258], [122.1056865012012, 7.111444107707556]]]}, "properties": {"grid_id": "22_28", "pred_scaled_catboost": 0.3950355633967882, "pred_scaled_rf": 0.3779761657783003, "barangay_name_clean": NaN, "lon": 122.10115028867831, "lat": 7.115957738205003}}, {"type": "Feature", "geometry": {"type": "Polygon", "coordinates": [[[122.10566899118, 7.120488918151037], [122.10565145833041, 7.129533725024195], [122.0965962735814, 7.12951611220598], [122.09661398389073, 7.120471327899865], [122.10566899118, 7.120488918151037]]]}, "properties": {"grid_id": "22_29", "pred_scaled_catboost": 0.3885666443551762, "pred_scaled_rf": 0.3750129359507646, "barangay_name_clean": NaN, "lon": 122.10113267857079, "lat": 7.125002535598967}}, {"type": "Feature", "geometry": {"type": "Polygon", "coordinates": [[[122.10565145833041, 7.129533725024195], [122.10563390265023, 7.1385785283225855], [122.09657854021042, 7.13856089293648], [122.0965962735814, 7.12951611220598], [122.10565145833041, 7.129533725024195]]]}, "properties": {"grid_id": "22_30", "pred_scaled_catboost": 0.3848055162849378, "pred_scaled_rf": 0.3821983265399514, "barangay_name_clean": NaN, "lon": 122.10111504551824, "lat": 7.1340473294199525}}, {"type": "Feature", "geometry": {"type": "Polygon", "coordinates": [[[122.10563390265023, 7.1385785283225855], [122.10561632413717, 7.1476233280417665], [122.09656078377552, 7.147605670086922], [122.09657854021042, 7.13856089293648], [122.10563390265023, 7.1385785283225855]]]}, "properties": {"grid_id": "22_31", "pred_scaled_catboost": 0.3746198715007023, "pred_scaled_rf": 0.376651817630584, "barangay_name_clean": NaN, "lon": 122.1010973895184, "lat": 7.1430921196635255}}, {"type": "Feature", "geometry": {"type": "Polygon", "coordinates": [[[122.10561632413717, 7.1476233280417665], [122.10559872278915, 7.156668124177295], [122.09654300427447, 7.156650443652865], [122.09656078377552, 7.147605670086922], [122.10561632413717, 7.1476233280417665]]]}, "properties": {"grid_id": "22_32", "pred_scaled_catboost": 0.388941077525071, "pred_scaled_rf": 0.3816995092259957, "barangay_name_clean": NaN, "lon": 122.10107971056914, "lat": 7.1521369063252545}}, {"type": "Feature", "geometry": {"type": "Polygon", "coordinates": [[[122.10559872278915, 7.156668124177295], [122.10558109860385, 7.165712916724732], [122.09652520170503, 7.165695213629862], [122.09654300427447, 7.156650443652865], [122.10559872278915, 7.156668124177295]]]}, "properties": {"grid_id": "22_33", "pred_scaled_catboost": 0.3944596379763007, "pred_scaled_rf": 0.3820847078484418, "barangay_name_clean": NaN, "lon": 122.10106200866811, "lat": 7.161181689400676}}, {"type": "Feature", "geometry": {"type": "Polygon", "coordinates": [[[122.10558109860385, 7.165712916724732], [122.10556345157914, 7.1747577056796334], [122.096507376065, 7.17473998001347], [122.09652520170503, 7.165695213629862], [122.10558109860385, 7.165712916724732]]]}, "properties": {"grid_id": "22_34", "pred_scaled_catboost": 0.3951517392482404, "pred_scaled_rf": 0.3823323575688695, "barangay_name_clean": NaN, "lon": 122.10104428381322, "lat": 7.1702264688853665}}, {"type": "Feature", "geometry": {"type": "Polygon", "coordinates": [[[122.10556345157914, 7.1747577056796334], [122.10554578171279, 7.183802491037562], [122.09648952735212, 7.183784742799252], [122.096507376065, 7.17473998001347], [122.10556345157914, 7.1747577056796334]]]}, "properties": {"grid_id": "22_35", "pred_scaled_catboost": 0.3873588645347657, "pred_scaled_rf": 0.3725791591551817, "barangay_name_clean": NaN, "lon": 122.1010265360022, "lat": 7.179271244774875}}, {"type": "Feature", "geometry": {"type": "Polygon", "coordinates": [[[122.10554578171279, 7.183802491037562], [122.10552808900258, 7.19284727279407], [122.09647165556417, 7.192829501982763], [122.09648952735212, 7.183784742799252], [122.10554578171279, 7.183802491037562]]]}, "properties": {"grid_id": "22_36", "pred_scaled_catboost": 0.3806725491871356, "pred_scaled_rf": 0.3747274653392651, "barangay_name_clean": NaN, "lon": 122.10100876523279, "lat": 7.188316017064757}}, {"type": "Feature", "geometry": {"type": "Polygon", "coordinates": [[[122.11516733601289, 6.885339531829295], [122.11515056745759, 6.89438445240431], [122.10609989885076, 6.894367597524074], [122.1061168388676, 6.885322699267408], [122.11516733601289, 6.885339531829295]]]}, "properties": {"grid_id": "23_3", "pred_scaled_catboost": 0.2781820747429126, "pred_scaled_rf": 0.3707845603046945, "barangay_name_clean": NaN, "lon": 122.11063366210502, "lat": 6.889853584542605}}, {"type": "Feature", "geometry": {"type": "Polygon", "coordinates": [[[122.11515056745759, 6.89438445240431], [122.11513377635836, 6.903429369520995], [122.10608293605952, 6.903412492321599], [122.10609989885076, 6.894367597524074], [122.11515056745759, 6.89438445240431]]]}, "properties": {"grid_id": "23_4", "pred_scaled_catboost": 0.2591740862662487, "pred_scaled_rf": 0.2309048693320037, "barangay_name_clean": "TALON TALON", "lon": 122.11061679648934, "lat": 6.898898492248004}}, {"type": "Feature", "geometry": {"type": "Polygon", "coordinates": [[[122.11513377635836, 6.903429369520995], [122.11511696271317, 6.9124742831748955], [122.10606595049174, 6.91245738365553], [122.10608293605952, 6.903412492321599], [122.11513377635836, 6.903429369520995]]]}, "properties": {"grid_id": "23_5", "pred_scaled_catboost": 0.2679259762400274, "pred_scaled_rf": 0.2161430611992212, "barangay_name_clean": "TALON TALON", "lon": 122.11059990821343, "lat": 6.907943396492449}}, {"type": "Feature", "geometry": {"type": "Polygon", "coordinates": [[[122.11511696271317, 6.9124742831748955], [122.11510012651988, 6.921519193361566], [122.10604894214532, 6.921502271521419], [122.10606595049174, 6.91245738365553], [122.11511696271317, 6.9124742831748955]]]}, "properties": {"grid_id": "23_6", "pred_scaled_catboost": 0.1840094388223959, "pred_scaled_rf": 0.2116061005406667, "barangay_name_clean": "TUGBUNGAN", "lon": 122.1105829972752, "lat": 6.916988297271475}}, {"type": "Feature", "geometry": {"type": "Polygon", "coordinates": [[[122.11510012651988, 6.921519193361566], [122.11508326777636, 6.930564100076554], [122.10603191101812, 6.9305471559148115], [122.10604894214532, 6.921502271521419], [122.11510012651988, 6.921519193361566]]]}, "properties": {"grid_id": "23_7", "pred_scaled_catboost": 0.1962763773580727, "pred_scaled_rf": 0.2596923262387979, "barangay_name_clean": "PUTIK", "lon": 122.11056606367256, "lat": 6.926033194580641}}, {"type": "Feature", "geometry": {"type": "Polygon", "coordinates": [[[122.11508326777636, 6.930564100076554], [122.11506638648052, 6.939609003315409], [122.106014857108, 6.939592036831256], [122.10603191101812, 6.9305471559148115], [122.11508326777636, 6.930564100076554]]]}, "properties": {"grid_id": "23_8", "pred_scaled_catboost": 0.2288356784904827, "pred_scaled_rf": 0.3021622977944945, "barangay_name_clean": "DIVISORIA", "lon": 122.11054910740336, "lat": 6.935078088415495}}, {"type": "Feature", "geometry": {"type": "Polygon", "coordinates": [[[122.11506638648052, 6.939609003315409], [122.11504948263027, 6.948653903073686], [122.10599778041279, 6.948636914266307], [122.106014857108, 6.939592036831256], [122.11506638648052, 6.939609003315409]]]}, "properties": {"grid_id": "23_9", "pred_scaled_catboost": 0.2142262335321441, "pred_scaled_rf": 0.1827633670472939, "barangay_name_clean": "DIVISORIA", "lon": 122.11053212846545, "lat": 6.9441229787715875}}, {"type": "Feature", "geometry": {"type": "Polygon", "coordinates": [[[122.11504948263027, 6.948653903073686], [122.11503255622343, 6.957698799346937], [122.10598068093041, 6.9576817882155115], [122.10599778041279, 6.948636914266307], [122.11504948263027, 6.948653903073686]]]}, "properties": {"grid_id": "23_10", "pred_scaled_catboost": 0.2221342226922276, "pred_scaled_rf": 0.2168053870638129, "barangay_name_clean": "DIVISORIA", "lon": 122.11051512685675, "lat": 6.953167865644462}}, {"type": "Feature", "geometry": {"type": "Polygon", "coordinates": [[[122.11503255622343, 6.957698799346937], [122.11501560725796, 6.966743692130708], [122.10596355865871, 6.966726658674424], [122.10598068093041, 6.9576817882155115], [122.11503255622343, 6.957698799346937]]]}, "properties": {"grid_id": "23_11", "pred_scaled_catboost": 0.2758581427412114, "pred_scaled_rf": 0.2433507584013736, "barangay_name_clean": "LUMBANGAN", "lon": 122.11049810257512, "lat": 6.962212749029685}}, {"type": "Feature", "geometry": {"type": "Polygon", "coordinates": [[[122.11501560725796, 6.966743692130708], [122.11499863573167, 6.975788581420557], [122.1059464135955, 6.9757715256385895], [122.10596355865871, 6.966726658674424], [122.11501560725796, 6.966743692130708]]]}, "properties": {"grid_id": "23_12", "pred_scaled_catboost": 0.2736852800988007, "pred_scaled_rf": 0.2802579233272098, "barangay_name_clean": "LUMBANGAN", "lon": 122.11048105561841, "lat": 6.971257628922796}}, {"type": "Feature", "geometry": {"type": "Polygon", "coordinates": [[[122.11499863573167, 6.975788581420557], [122.11498164164244, 6.984833467212031], [122.10592924573866, 6.984816389103564], [122.1059464135955, 6.9757715256385895], [122.11499863573167, 6.975788581420557]]]}, "properties": {"grid_id": "23_13", "pred_scaled_catboost": 0.3621430710331932, "pred_scaled_rf": 0.4116639316341577, "barangay_name_clean": "LUMAYANG", "lon": 122.11046398598447, "lat": 6.9803025053193455}}, {"type": "Feature", "geometry": {"type": "Polygon", "coordinates": [[[122.11498164164244, 6.984833467212031], [122.11496462498815, 6.9938783495006875], [122.10591205508604, 6.993861249064898], [122.10592924573866, 6.984816389103564], [122.11498164164244, 6.984833467212031]]]}, "properties": {"grid_id": "23_14", "pred_scaled_catboost": 0.3000892645483939, "pred_scaled_rf": 0.3115863654780442, "barangay_name_clean": "SALAAN", "lon": 122.11044689367118, "lat": 6.989347378214892}}, {"type": "Feature", "geometry": {"type": "Polygon", "coordinates": [[[122.11496462498815, 6.9938783495006875], [122.1149475857667, 7.002923228282079], [122.10589484163546, 7.002906105518142], [122.10591205508604, 6.993861249064898], [122.11496462498815, 6.9938783495006875]]]}, "properties": {"grid_id": "23_15", "pred_scaled_catboost": 0.3747567614738115, "pred_scaled_rf": 0.4608202941071992, "barangay_name_clean": "SALAAN", "lon": 122.1104297786764, "lat": 6.99839224760499}}, {"type": "Feature", "geometry": {"type": "Polygon", "coordinates": [[[122.1149475857667, 7.002923228282079], [122.11493052397591, 7.011968103551756], [122.10587760538482, 7.01195095845885], [122.10589484163546, 7.002906105518142], [122.1149475857667, 7.002923228282079]]]}, "properties": {"grid_id": "23_16", "pred_scaled_catboost": 0.3542356786107671, "pred_scaled_rf": 0.3523510518647157, "barangay_name_clean": "SALAAN", "lon": 122.110412640998, "lat": 7.00743711348518}}, {"type": "Feature", "geometry": {"type": "Polygon", "coordinates": [[[122.11493052397591, 7.011968103551756], [122.11491343961364, 7.021012975305274], [122.1058603463319, 7.020995807882574], [122.10587760538482, 7.01195095845885], [122.11493052397591, 7.011968103551756]]]}, "properties": {"grid_id": "23_17", "pred_scaled_catboost": 0.3669850214089087, "pred_scaled_rf": 0.3446661042747064, "barangay_name_clean": "SALAAN", "lon": 122.1103954806338, "lat": 7.0164819758510255}}, {"type": "Feature", "geometry": {"type": "Polygon", "coordinates": [[[122.11491343961364, 7.021012975305274], [122.11489633267779, 7.030057843538187], [122.10584306447457, 7.0300406537848685], [122.1058603463319, 7.020995807882574], [122.11491343961364, 7.021012975305274]]]}, "properties": {"grid_id": "23_18", "pred_scaled_catboost": 0.3275876802724677, "pred_scaled_rf": 0.3176721473822532, "barangay_name_clean": "SALAAN", "lon": 122.11037829758168, "lat": 7.025526834698076}}, {"type": "Feature", "geometry": {"type": "Polygon", "coordinates": [[[122.11489633267779, 7.030057843538187], [122.1148792031662, 7.03910270824605], [122.10582575981064, 7.0390854961612845], [122.10584306447457, 7.0300406537848685], [122.11489633267779, 7.030057843538187]]]}, "properties": {"grid_id": "23_19", "pred_scaled_catboost": 0.3306898269750968, "pred_scaled_rf": 0.294834725989017, "barangay_name_clean": "SALAAN", "lon": 122.11036109183948, "lat": 7.034571690021892}}, {"type": "Feature", "geometry": {"type": "Polygon", "coordinates": [[[122.1148792031662, 7.03910270824605], [122.11486205107668, 7.048147569424419], [122.10580843233797, 7.048130335007377], [122.10582575981064, 7.0390854961612845], [122.1148792031662, 7.03910270824605]]]}, "properties": {"grid_id": "23_20", "pred_scaled_catboost": 0.3235920579124247, "pred_scaled_rf": 0.2944605632008048, "barangay_name_clean": "SALAAN", "lon": 122.11034386340499, "lat": 7.0436165418180146}}, {"type": "Feature", "geometry": {"type": "Polygon", "coordinates": [[[122.11486205107668, 7.048147569424419], [122.11484487640715, 7.057192427068846], [122.10579108205435, 7.0571751703187005], [122.10580843233797, 7.048130335007377], [122.11486205107668, 7.048147569424419]]]}, "properties": {"grid_id": "23_21", "pred_scaled_catboost": 0.3475628278167307, "pred_scaled_rf": 0.3323773960034779, "barangay_name_clean": "TOLOSA", "lon": 122.11032661227613, "lat": 7.05266139008201}}, {"type": "Feature", "geometry": {"type": "Polygon", "coordinates": [[[122.11484487640715, 7.057192427068846], [122.11482767915538, 7.066237281174889], [122.10577370895767, 7.066220002090809], [122.10579108205435, 7.0571751703187005], [122.11484487640715, 7.057192427068846]]]}, "properties": {"grid_id": "23_22", "pred_scaled_catboost": 0.3622224793916351, "pred_scaled_rf": 0.362241208358477, "barangay_name_clean": "TOLOSA", "lon": 122.11030933845069, "lat": 7.0617062348094235}}, {"type": "Feature", "geometry": {"type": "Polygon", "coordinates": [[[122.11482767915538, 7.066237281174889], [122.11481045931927, 7.075282131738104], [122.10575631304566, 7.075264830319258], [122.10577370895767, 7.066220002090809], [122.11482767915538, 7.066237281174889]]]}, "properties": {"grid_id": "23_23", "pred_scaled_catboost": 0.3641869158184033, "pred_scaled_rf": 0.3587132658676524, "barangay_name_clean": "TOLOSA", "lon": 122.11029204192653, "lat": 7.070751075995825}}, {"type": "Feature", "geometry": {"type": "Polygon", "coordinates": [[[122.11481045931927, 7.075282131738104], [122.11479321689666, 7.084326978754046], [122.1057388943162, 7.084309654999601], [122.10575631304566, 7.075264830319258], [122.11481045931927, 7.075282131738104]]]}, "properties": {"grid_id": "23_24", "pred_scaled_catboost": 0.3424979067248793, "pred_scaled_rf": 0.3463120129557455, "barangay_name_clean": "TOLOSA", "lon": 122.11027472270142, "lat": 7.079795913636756}}, {"type": "Feature", "geometry": {"type": "Polygon", "coordinates": [[[122.11479321689666, 7.084326978754046], [122.11477595188535, 7.093371822218271], [122.10572145276711, 7.093354476127394], [122.1057388943162, 7.084309654999601], [122.11479321689666, 7.084326978754046]]]}, "properties": {"grid_id": "23_25", "pred_scaled_catboost": 0.3350208545976184, "pred_scaled_rf": 0.3326751443669436, "barangay_name_clean": "TOLOSA", "lon": 122.11025738077329, "lat": 7.088840747727773}}, {"type": "Feature", "geometry": {"type": "Polygon", "coordinates": [[[122.11477595188535, 7.093371822218271], [122.11475866428322, 7.102416662126338], [122.10570398839616, 7.102399293698194], [122.10572145276711, 7.093354476127394], [122.11477595188535, 7.093371822218271]]]}, "properties": {"grid_id": "23_26", "pred_scaled_catboost": 0.3668907423318503, "pred_scaled_rf": 0.317578526407368, "barangay_name_clean": NaN, "lon": 122.11024001613984, "lat": 7.097885578264443}}, {"type": "Feature", "geometry": {"type": "Polygon", "coordinates": [[[122.11475866428322, 7.102416662126338], [122.11474135408805, 7.111461498473803], [122.1056865012012, 7.111444107707556], [122.10570398839616, 7.102399293698194], [122.11475866428322, 7.102416662126338]]]}, "properties": {"grid_id": "23_27", "pred_scaled_catboost": 0.3878713383064829, "pred_scaled_rf": 0.3751884005720027, "barangay_name_clean": NaN, "lon": 122.11022262879901, "lat": 7.10693040524231}}, {"type": "Feature", "geometry": {"type": "Polygon", "coordinates": [[[122.11474135408805, 7.111461498473803], [122.11472402129772, 7.120506331256226], [122.10566899118, 7.120488918151037], [122.1056865012012, 7.111444107707556], [122.11474135408805, 7.111461498473803]]]}, "properties": {"grid_id": "23_28", "pred_scaled_catboost": 0.3708951322868871, "pred_scaled_rf": 0.3038970412578975, "barangay_name_clean": NaN, "lon": 122.11020521874852, "lat": 7.115975228656942}}, {"type": "Feature", "geometry": {"type": "Polygon", "coordinates": [[[122.11472402129772, 7.120506331256226], [122.11470666591003, 7.129551160469159], [122.10565145833041, 7.129533725024195], [122.10566899118, 7.120488918151037], [122.11472402129772, 7.120506331256226]]]}, "properties": {"grid_id": "23_29", "pred_scaled_catboost": 0.374009822019743, "pred_scaled_rf": 0.3154127240911035, "barangay_name_clean": NaN, "lon": 122.11018778598631, "lat": 7.125020048503887}}, {"type": "Feature", "geometry": {"type": "Polygon", "coordinates": [[[122.11470666591003, 7.129551160469159], [122.11468928792281, 7.138595986108166], [122.10563390265023, 7.1385785283225855], [122.10565145833041, 7.129533725024195], [122.11470666591003, 7.129551160469159]]]}, "properties": {"grid_id": "23_30", "pred_scaled_catboost": 0.3729317347582155, "pred_scaled_rf": 0.384010265790386, "barangay_name_clean": "PASONANCA NATURAL PARK UNDER JURISDICTION OF ZAMBOANGA CITY", "lon": 122.1101703305101, "lat": 7.134064864778704}}, {"type": "Feature", "geometry": {"type": "Polygon", "coordinates": [[[122.11468928792281, 7.138595986108166], [122.11467188733387, 7.147640808168805], [122.10561632413717, 7.1476233280417665], [122.10563390265023, 7.1385785283225855], [122.11468928792281, 7.138595986108166]]]}, "properties": {"grid_id": "23_31", "pred_scaled_catboost": 0.3508625844552717, "pred_scaled_rf": 0.3599551911917787, "barangay_name_clean": "BUNGUIAO", "lon": 122.11015285231771, "lat": 7.143109677476962}}, {"type": "Feature", "geometry": {"type": "Polygon", "coordinates": [[[122.11467188733387, 7.147640808168805], [122.11465446414105, 7.1566856266466345], [122.10559872278915, 7.156668124177295], [122.10561632413717, 7.1476233280417665], [122.11467188733387, 7.147640808168805]]]}, "properties": {"grid_id": "23_32", "pred_scaled_catboost": 0.34958118069272, "pred_scaled_rf": 0.3539293435272604, "barangay_name_clean": "BUNGUIAO", "lon": 122.11013535140697, "lat": 7.152154486594203}}, {"type": "Feature", "geometry": {"type": "Polygon", "coordinates": [[[122.11465446414105, 7.1566856266466345], [122.11463701834214, 7.165730441537213], [122.10558109860385, 7.165712916724732], [122.10559872278915, 7.156668124177295], [122.11465446414105, 7.1566856266466345]]]}, "properties": {"grid_id": "23_33", "pred_scaled_catboost": 0.3526319909661321, "pred_scaled_rf": 0.3525166683505159, "barangay_name_clean": "BUNGUIAO", "lon": 122.11011782777567, "lat": 7.161199292126}}, {"type": "Feature", "geometry": {"type": "Polygon", "coordinates": [[[122.11463701834214, 7.165730441537213], [122.11461954993496, 7.174775252836098], [122.10556345157914, 7.1747577056796334], [122.10558109860385, 7.165712916724732], [122.11463701834214, 7.165730441537213]]]}, "properties": {"grid_id": "23_34", "pred_scaled_catboost": 0.3942423355667174, "pred_scaled_rf": 0.3783561767702622, "barangay_name_clean": NaN, "lon": 122.11010028142161, "lat": 7.170244094067898}}, {"type": "Feature", "geometry": {"type": "Polygon", "coordinates": [[[122.11461954993496, 7.174775252836098], [122.11460205891733, 7.183820060538857], [122.10554578171279, 7.183802491037562], [122.10556345157914, 7.1747577056796334], [122.11461954993496, 7.174775252836098]]]}, "properties": {"grid_id": "23_35", "pred_scaled_catboost": 0.3879572382095701, "pred_scaled_rf": 0.3815271479451441, "barangay_name_clean": NaN, "lon": 122.1100827123426, "lat": 7.179288892415468}}, {"type": "Feature", "geometry": {"type": "Polygon", "coordinates": [[[122.11460205891733, 7.183820060538857], [122.11458454528704, 7.192864864641044], [122.10552808900258, 7.19284727279407], [122.10554578171279, 7.183802491037562], [122.11460205891733, 7.183820060538857]]]}, "properties": {"grid_id": "23_36", "pred_scaled_catboost": 0.3870278578802484, "pred_scaled_rf": 0.3790840979192002, "barangay_name_clean": NaN, "lon": 122.11006512053642, "lat": 7.188333687164266}}, {"type": "Feature", "geometry": {"type": "Polygon", "coordinates": [[[122.11458454528704, 7.192864864641044], [122.11456700904189, 7.201909665138221], [122.10551037344625, 7.201892050944725], [122.10552808900258, 7.19284727279407], [122.11458454528704, 7.192864864641044]]]}, "properties": {"grid_id": "23_37", "pred_scaled_catboost": 0.3966665597778713, "pred_scaled_rf": 0.3921957265923717, "barangay_name_clean": NaN, "lon": 122.1100475060009, "lat": 7.197378478309853}}, {"type": "Feature", "geometry": {"type": "Polygon", "coordinates": [[[122.12421785569997, 6.8853561931490175], [122.12420125860827, 6.894401135815331], [122.11515056745759, 6.89438445240431], [122.11516733601289, 6.885339531829295], [122.12421785569997, 6.8853561931490175]]]}, "properties": {"grid_id": "24_3", "pred_scaled_catboost": 0.2555100804777813, "pred_scaled_rf": 0.3765738319341775, "barangay_name_clean": NaN, "lon": 122.11968425623408, "lat": 6.889870342585853}}, {"type": "Feature", "geometry": {"type": "Polygon", "coordinates": [[[122.12420125860827, 6.894401135815331], [122.12418463920322, 6.903446075024116], [122.11513377635836, 6.903429369520995], [122.11515056745759, 6.89438445240431], [122.12420125860827, 6.894401135815331]]]}, "properties": {"grid_id": "24_4", "pred_scaled_catboost": 0.240362343430362, "pred_scaled_rf": 0.3658780121110299, "barangay_name_clean": "TALON TALON", "lon": 122.11966756219626, "lat": 6.898915272496491}}, {"type": "Feature", "geometry": {"type": "Polygon", "coordinates": [[[122.12418463920322, 6.903446075024116], [122.12416799748269, 6.912491010770921], [122.11511696271317, 6.9124742831748955], [122.11513377635836, 6.903429369520995], [122.12418463920322, 6.903446075024116]]]}, "properties": {"grid_id": "24_5", "pred_scaled_catboost": 0.2606735743125372, "pred_scaled_rf": 0.2920368248096074, "barangay_name_clean": "TALON TALON", "lon": 122.1196508457287, "lat": 6.907960198946959}}, {"type": "Feature", "geometry": {"type": "Polygon", "coordinates": [[[122.12416799748269, 6.912491010770921], [122.1241513334446, 6.9215359430513], [122.11510012651988, 6.921519193361566], [122.11511696271317, 6.9124742831748955], [122.12416799748269, 6.912491010770921]]]}, "properties": {"grid_id": "24_6", "pred_scaled_catboost": 0.2570579655962864, "pred_scaled_rf": 0.3562584723199613, "barangay_name_clean": "TALON TALON", "lon": 122.11963410682937, "lat": 6.917005121932827}}, {"type": "Feature", "geometry": {"type": "Polygon", "coordinates": [[[122.1241513334446, 6.9215359430513], [122.12413464708692, 6.9305808718608], [122.11508326777636, 6.930564100076554], [122.11510012651988, 6.921519193361566], [122.1241513334446, 6.9215359430513]]]}, "properties": {"grid_id": "24_7", "pred_scaled_catboost": 0.218321970144988, "pred_scaled_rf": 0.344778476272979, "barangay_name_clean": "DIVISORIA", "lon": 122.11961734549618, "lat": 6.926050041449648}}, {"type": "Feature", "geometry": {"type": "Polygon", "coordinates": [[[122.12413464708692, 6.9305808718608], [122.1241179384075, 6.939625797194978], [122.11506638648052, 6.939609003315409], [122.11508326777636, 6.930564100076554], [122.12413464708692, 6.9305808718608]]]}, "properties": {"grid_id": "24_8", "pred_scaled_catboost": 0.2266969681389415, "pred_scaled_rf": 0.3405344440446511, "barangay_name_clean": "BOALAN", "lon": 122.11960056172704, "lat": 6.935094957492959}}, {"type": "Feature", "geometry": {"type": "Polygon", "coordinates": [[[122.1241179384075, 6.939625797194978], [122.12410120740427, 6.948670719049382], [122.11504948263027, 6.948653903073686], [122.11506638648052, 6.939609003315409], [122.1241179384075, 6.939625797194978]]]}, "properties": {"grid_id": "24_9", "pred_scaled_catboost": 0.2337118753526617, "pred_scaled_rf": 0.1880160467566557, "barangay_name_clean": "BOALAN", "lon": 122.11958375551983, "lat": 6.9441398700583195}}, {"type": "Feature", "geometry": {"type": "Polygon", "coordinates": [[[122.12410120740427, 6.948670719049382], [122.12408445407515, 6.957715637419569], [122.11503255622343, 6.957698799346937], [122.11504948263027, 6.948653903073686], [122.12410120740427, 6.948670719049382]]]}, "properties": {"grid_id": "24_10", "pred_scaled_catboost": 0.2038282659794895, "pred_scaled_rf": 0.203232554506378, "barangay_name_clean": "BOALAN", "lon": 122.11956692687244, "lat": 6.953184779141288}}, {"type": "Feature", "geometry": {"type": "Polygon", "coordinates": [[[122.12408445407515, 6.957715637419569], [122.124067678418, 6.966760552301087], [122.11501560725796, 6.966743692130708], [122.11503255622343, 6.957698799346937], [122.12408445407515, 6.957715637419569]]]}, "properties": {"grid_id": "24_11", "pred_scaled_catboost": 0.2079862072844968, "pred_scaled_rf": 0.2299096160592491, "barangay_name_clean": "BOALAN", "lon": 122.11955007578274, "lat": 6.962229684737399}}, {"type": "Feature", "geometry": {"type": "Polygon", "coordinates": [[[122.124067678418, 6.966760552301087], [122.12405088043073, 6.975805463689492], [122.11499863573167, 6.975788581420557], [122.11501560725796, 6.966743692130708], [122.124067678418, 6.966760552301087]]]}, "properties": {"grid_id": "24_12", "pred_scaled_catboost": 0.2348365323083659, "pred_scaled_rf": 0.2272168261808449, "barangay_name_clean": "BOALAN", "lon": 122.11953320224866, "lat": 6.97127458684222}}, {"type": "Feature", "geometry": {"type": "Polygon", "coordinates": [[[122.12405088043073, 6.975805463689492], [122.12403406011127, 6.984850371580339], [122.11498164164244, 6.984833467212031], [122.11499863573167, 6.975788581420557], [122.12405088043073, 6.975805463689492]]]}, "properties": {"grid_id": "24_13", "pred_scaled_catboost": 0.3444492725061968, "pred_scaled_rf": 0.3979587606519175, "barangay_name_clean": "SALAAN", "lon": 122.11951630626803, "lat": 6.980319485451303}}, {"type": "Feature", "geometry": {"type": "Polygon", "coordinates": [[[122.12403406011127, 6.984850371580339], [122.12401721745746, 6.993895275969178], [122.11496462498815, 6.9938783495006875], [122.11498164164244, 6.984833467212031], [122.12403406011127, 6.984850371580339]]]}, "properties": {"grid_id": "24_14", "pred_scaled_catboost": 0.3456212303654671, "pred_scaled_rf": 0.4526745051410843, "barangay_name_clean": "SALAAN", "lon": 122.1194993878388, "lat": 6.989364380560192}}, {"type": "Feature", "geometry": {"type": "Polygon", "coordinates": [[[122.12401721745746, 6.993895275969178], [122.12400035246723, 7.002940176851564], [122.1149475857667, 7.002923228282079], [122.11496462498815, 6.9938783495006875], [122.12401721745746, 6.993895275969178]]]}, "properties": {"grid_id": "24_15", "pred_scaled_catboost": 0.3273520323520137, "pred_scaled_rf": 0.3141262731217921, "barangay_name_clean": "SALAAN", "lon": 122.11948244695884, "lat": 6.998409272164447}}, {"type": "Feature", "geometry": {"type": "Polygon", "coordinates": [[[122.12400035246723, 7.002940176851564], [122.12398346513845, 7.011985074223053], [122.11493052397591, 7.011968103551756], [122.1149475857667, 7.002923228282079], [122.12400035246723, 7.002940176851564]]]}, "properties": {"grid_id": "24_16", "pred_scaled_catboost": 0.4080110718321825, "pred_scaled_rf": 0.402569411498461, "barangay_name_clean": "TOLOSA", "lon": 122.11946548362597, "lat": 7.007454160259622}}, {"type": "Feature", "geometry": {"type": "Polygon", "coordinates": [[[122.12398346513845, 7.011985074223053], [122.12396655546901, 7.0210299680792], [122.11491343961364, 7.021012975305274], [122.11493052397591, 7.011968103551756], [122.12398346513845, 7.011985074223053]]]}, "properties": {"grid_id": "24_17", "pred_scaled_catboost": 0.3653059445208628, "pred_scaled_rf": 0.3911925071453102, "barangay_name_clean": "TOLOSA", "lon": 122.11944849783809, "lat": 7.016499044841271}}, {"type": "Feature", "geometry": {"type": "Polygon", "coordinates": [[[122.12396655546901, 7.0210299680792], [122.12394962345675, 7.030074858415561], [122.11489633267779, 7.030057843538187], [122.11491343961364, 7.021012975305274], [122.12396655546901, 7.0210299680792]]]}, "properties": {"grid_id": "24_18", "pred_scaled_catboost": 0.3563765061172166, "pred_scaled_rf": 0.3505650950115821, "barangay_name_clean": "TOLOSA", "lon": 122.11943148959314, "lat": 7.025543925904941}}, {"type": "Feature", "geometry": {"type": "Polygon", "coordinates": [[[122.12394962345675, 7.030074858415561], [122.12393266909963, 7.039119745227688], [122.1148792031662, 7.03910270824605], [122.11489633267779, 7.030057843538187], [122.12394962345675, 7.030074858415561]]]}, "properties": {"grid_id": "24_19", "pred_scaled_catboost": 0.3631028031965287, "pred_scaled_rf": 0.3153495284193311, "barangay_name_clean": "TOLOSA", "lon": 122.1194144588889, "lat": 7.0345888034462005}}, {"type": "Feature", "geometry": {"type": "Polygon", "coordinates": [[[122.12393266909963, 7.039119745227688], [122.12391569239546, 7.04816462851114], [122.11486205107668, 7.048147569424419], [122.1148792031662, 7.03910270824605], [122.12393266909963, 7.039119745227688]]]}, "properties": {"grid_id": "24_20", "pred_scaled_catboost": 0.3908939379272161, "pred_scaled_rf": 0.3899322475441954, "barangay_name_clean": "TOLOSA", "lon": 122.11939740572323, "lat": 7.043633677460595}}, {"type": "Feature", "geometry": {"type": "Polygon", "coordinates": [[[122.12391569239546, 7.04816462851114], [122.12389869334213, 7.057209508261473], [122.11484487640715, 7.057192427068846], [122.11486205107668, 7.048147569424419], [122.12391569239546, 7.04816462851114]]]}, "properties": {"grid_id": "24_21", "pred_scaled_catboost": 0.3513078012563093, "pred_scaled_rf": 0.3209518552002277, "barangay_name_clean": "TOLOSA", "lon": 122.11938033009406, "lat": 7.05267854794368}}, {"type": "Feature", "geometry": {"type": "Polygon", "coordinates": [[[122.12389869334213, 7.057209508261473], [122.12388167193748, 7.066254384474245], [122.11482767915538, 7.066237281174889], [122.11484487640715, 7.057192427068846], [122.12389869334213, 7.057209508261473]]]}, "properties": {"grid_id": "24_22", "pred_scaled_catboost": 0.3835974308901503, "pred_scaled_rf": 0.3580132665687835, "barangay_name_clean": "TOLOSA", "lon": 122.11936323199923, "lat": 7.061723414891018}}, {"type": "Feature", "geometry": {"type": "Polygon", "coordinates": [[[122.12388167193748, 7.066254384474245], [122.12386462817942, 7.075299257145009], [122.11481045931927, 7.075282131738104], [122.11482767915538, 7.066237281174889], [122.12388167193748, 7.066254384474245]]]}, "properties": {"grid_id": "24_23", "pred_scaled_catboost": 0.3732689083916825, "pred_scaled_rf": 0.3590077196332379, "barangay_name_clean": "TOLOSA", "lon": 122.11934611143651, "lat": 7.070768278298158}}, {"type": "Feature", "geometry": {"type": "Polygon", "coordinates": [[[122.12386462817942, 7.075299257145009], [122.1238475620658, 7.0843441262693245], [122.11479321689666, 7.084326978754046], [122.11481045931927, 7.075282131738104], [122.12386462817942, 7.075299257145009]]]}, "properties": {"grid_id": "24_24", "pred_scaled_catboost": 0.3191677757068538, "pred_scaled_rf": 0.3373349980337301, "barangay_name_clean": "TOLOSA", "lon": 122.11932896840389, "lat": 7.079813138160661}}, {"type": "Feature", "geometry": {"type": "Polygon", "coordinates": [[[122.1238475620658, 7.0843441262693245], [122.12383047359445, 7.093388991842748], [122.11477595188535, 7.093371822218271], [122.11479321689666, 7.084326978754046], [122.1238475620658, 7.0843441262693245]]]}, "properties": {"grid_id": "24_25", "pred_scaled_catboost": 0.3268417223625074, "pred_scaled_rf": 0.3336114003772176, "barangay_name_clean": "TOLOSA", "lon": 122.1193118028991, "lat": 7.088857994474081}}, {"type": "Feature", "geometry": {"type": "Polygon", "coordinates": [[[122.12383047359445, 7.093388991842748], [122.12381336276327, 7.102433853860842], [122.11475866428322, 7.102416662126338], [122.11477595188535, 7.093371822218271], [122.12383047359445, 7.093388991842748]]]}, "properties": {"grid_id": "24_26", "pred_scaled_catboost": 0.3406771039980276, "pred_scaled_rf": 0.320156790241997, "barangay_name_clean": "TOLOSA", "lon": 122.11929461492008, "lat": 7.0979028472339785}}, {"type": "Feature", "geometry": {"type": "Polygon", "coordinates": [[[122.12381336276327, 7.102433853860842], [122.1237962295701, 7.11147871231916], [122.11474135408805, 7.111461498473803], [122.11475866428322, 7.102416662126338], [122.12381336276327, 7.102433853860842]]]}, "properties": {"grid_id": "24_27", "pred_scaled_catboost": 0.3705502910027554, "pred_scaled_rf": 0.3649739187386638, "barangay_name_clean": "TOLOSA", "lon": 122.11927740446463, "lat": 7.106947696435912}}, {"type": "Feature", "geometry": {"type": "Polygon", "coordinates": [[[122.1237962295701, 7.11147871231916], [122.1237790740128, 7.1205235672132625], [122.11472402129772, 7.120506331256226], [122.11474135408805, 7.111461498473803], [122.1237962295701, 7.11147871231916]]]}, "properties": {"grid_id": "24_28", "pred_scaled_catboost": 0.3469473104039789, "pred_scaled_rf": 0.3084749095802189, "barangay_name_clean": "TOLOSA", "lon": 122.1192601715306, "lat": 7.115992542075436}}, {"type": "Feature", "geometry": {"type": "Polygon", "coordinates": [[[122.1237790740128, 7.1205235672132625], [122.12376189608919, 7.12956841853871], [122.11470666591003, 7.129551160469159], [122.11472402129772, 7.120506331256226], [122.1237790740128, 7.1205235672132625]]]}, "properties": {"grid_id": "24_29", "pred_scaled_catboost": 0.3440376794130901, "pred_scaled_rf": 0.3178968228695414, "barangay_name_clean": "BUNGUIAO", "lon": 122.11924291611584, "lat": 7.125037384148108}}, {"type": "Feature", "geometry": {"type": "Polygon", "coordinates": [[[122.12376189608919, 7.12956841853871], [122.12374469579713, 7.138613266291058], [122.11468928792281, 7.138595986108166], [122.11470666591003, 7.129551160469159], [122.12376189608919, 7.12956841853871]]]}, "properties": {"grid_id": "24_30", "pred_scaled_catboost": 0.3398056747038137, "pred_scaled_rf": 0.3246362358138928, "barangay_name_clean": "BUNGUIAO", "lon": 122.11922563821815, "lat": 7.134082222649492}}, {"type": "Feature", "geometry": {"type": "Polygon", "coordinates": [[[122.12374469579713, 7.138613266291058], [122.12372747313447, 7.147658110465872], [122.11467188733387, 7.147640808168805], [122.11468928792281, 7.138595986108166], [122.12374469579713, 7.138613266291058]]]}, "properties": {"grid_id": "24_31", "pred_scaled_catboost": 0.3298331875053571, "pred_scaled_rf": 0.3146031525345076, "barangay_name_clean": "BUNGUIAO", "lon": 122.1192083378354, "lat": 7.143127057575143}}, {"type": "Feature", "geometry": {"type": "Polygon", "coordinates": [[[122.12372747313447, 7.147658110465872], [122.12371022809906, 7.156702951058707], [122.11465446414105, 7.1566856266466345], [122.11467188733387, 7.147640808168805], [122.12372747313447, 7.147658110465872]]]}, "properties": {"grid_id": "24_32", "pred_scaled_catboost": 0.3527582626351335, "pred_scaled_rf": 0.3548839263040269, "barangay_name_clean": "BUNGUIAO", "lon": 122.11919101496537, "lat": 7.15217188892062}}, {"type": "Feature", "geometry": {"type": "Polygon", "coordinates": [[[122.12371022809906, 7.156702951058707], [122.12369296068869, 7.165747788065125], [122.11463701834214, 7.165730441537213], [122.11465446414105, 7.1566856266466345], [122.12371022809906, 7.156702951058707]]]}, "properties": {"grid_id": "24_33", "pred_scaled_catboost": 0.3530352000431628, "pred_scaled_rf": 0.3586414033932703, "barangay_name_clean": "BUNGUIAO", "lon": 122.11917366960597, "lat": 7.161216716681485}}, {"type": "Feature", "geometry": {"type": "Polygon", "coordinates": [[[122.12369296068869, 7.165747788065125], [122.12367567090124, 7.174792621480689], [122.11461954993496, 7.174775252836098], [122.11463701834214, 7.165730441537213], [122.12369296068869, 7.165747788065125]]]}, "properties": {"grid_id": "24_34", "pred_scaled_catboost": 0.354218672867379, "pred_scaled_rf": 0.3561707855541931, "barangay_name_clean": "BUNGUIAO", "lon": 122.11915630175497, "lat": 7.1702615408533}}, {"type": "Feature", "geometry": {"type": "Polygon", "coordinates": [[[122.12367567090124, 7.174792621480689], [122.1236583587345, 7.183837451300957], [122.11460205891733, 7.183820060538857], [122.11461954993496, 7.174775252836098], [122.12367567090124, 7.174792621480689]]]}, "properties": {"grid_id": "24_35", "pred_scaled_catboost": 0.3871612283575042, "pred_scaled_rf": 0.3834423686266892, "barangay_name_clean": NaN, "lon": 122.11913891141016, "lat": 7.1793063614316175}}, {"type": "Feature", "geometry": {"type": "Polygon", "coordinates": [[[122.1236583587345, 7.183837451300957], [122.12364102418634, 7.192882277521491], [122.11458454528704, 7.192864864641044], [122.11460205891733, 7.183820060538857], [122.1236583587345, 7.183837451300957]]]}, "properties": {"grid_id": "24_36", "pred_scaled_catboost": 0.3839757168847857, "pred_scaled_rf": 0.389605332930991, "barangay_name_clean": NaN, "lon": 122.11912149856944, "lat": 7.188351178412008}}, {"type": "Feature", "geometry": {"type": "Polygon", "coordinates": [[[122.12364102418634, 7.192882277521491], [122.12362366725458, 7.201927100137857], [122.11456700904189, 7.201909665138221], [122.11458454528704, 7.192864864641044], [122.12364102418634, 7.192882277521491]]]}, "properties": {"grid_id": "24_37", "pred_scaled_catboost": 0.3922889880027151, "pred_scaled_rf": 0.3930351462770184, "barangay_name_clean": NaN, "lon": 122.11910406323055, "lat": 7.197395991790028}}, {"type": "Feature", "geometry": {"type": "Polygon", "coordinates": [[[122.12362366725458, 7.201927100137857], [122.12360628793704, 7.210971919145612], [122.1145494501797, 7.210954462025951], [122.11456700904189, 7.201909665138221], [122.12362366725458, 7.201927100137857]]]}, "properties": {"grid_id": "24_38", "pred_scaled_catboost": 0.3598654338005722, "pred_scaled_rf": 0.3571622525851868, "barangay_name_clean": "UNCLAIMED AREA UNDER JURISDICTION OF ZAMBOANGA CITY", "lon": 122.1190866053913, "lat": 7.206440801561238}}, {"type": "Feature", "geometry": {"type": "Polygon", "coordinates": [[[122.13326839769834, 6.885372683224503], [122.13325197207233, 6.894417647755065], [122.12420125860827, 6.894401135815331], [122.12421785569997, 6.8853561931490175], [122.13326839769834, 6.885372683224503]]]}, "properties": {"grid_id": "25_3", "pred_scaled_catboost": 0.2503946307401345, "pred_scaled_rf": 0.376030125224312, "barangay_name_clean": NaN, "lon": 122.12873487279074, "lat": 6.889886929272382}}, {"type": "Feature", "geometry": {"type": "Polygon", "coordinates": [[[122.13325197207233, 6.894417647755065], [122.1332355243635, 6.903462608828889], [122.12418463920322, 6.903446075024116], [122.12420125860827, 6.894401135815331], [122.13325197207233, 6.894417647755065]]]}, "properties": {"grid_id": "25_4", "pred_scaled_catboost": 0.2437309531111754, "pred_scaled_rf": 0.3681629145198656, "barangay_name_clean": "TALON TALON", "lon": 122.12871835033283, "lat": 6.898931881161184}}, {"type": "Feature", "geometry": {"type": "Polygon", "coordinates": [[[122.1332355243635, 6.903462608828889], [122.13321905456974, 6.912507566441529], [122.12416799748269, 6.912491010770921], [122.12418463920322, 6.903446075024116], [122.1332355243635, 6.903462608828889]]]}, "properties": {"grid_id": "25_5", "pred_scaled_catboost": 0.2296413233747828, "pred_scaled_rf": 0.3721163139207912, "barangay_name_clean": "MAMPANG", "lon": 122.12870180567573, "lat": 6.907976829590629}}, {"type": "Feature", "geometry": {"type": "Polygon", "coordinates": [[[122.13321905456974, 6.912507566441529], [122.13320256268898, 6.92155252058854], [122.1241513334446, 6.9215359430513], [122.12416799748269, 6.912491010770921], [122.13321905456974, 6.912507566441529]]]}, "properties": {"grid_id": "25_6", "pred_scaled_catboost": 0.2388100876551288, "pred_scaled_rf": 0.3714957924270869, "barangay_name_clean": "MAMPANG", "lon": 122.12868523881741, "lat": 6.917021774556269}}, {"type": "Feature", "geometry": {"type": "Polygon", "coordinates": [[[122.13320256268898, 6.92155252058854], [122.1331860487192, 6.930597471265472], [122.12413464708692, 6.9305808718608], [122.1241513334446, 6.9215359430513], [122.13320256268898, 6.92155252058854]]]}, "properties": {"grid_id": "25_7", "pred_scaled_catboost": 0.2488556395419501, "pred_scaled_rf": 0.3664818851831742, "barangay_name_clean": "ZAMBOWOOD", "lon": 122.12866864975577, "lat": 6.926066716053654}}, {"type": "Feature", "geometry": {"type": "Polygon", "coordinates": [[[122.1331860487192, 6.930597471265472], [122.13316951265828, 6.9396424184678756], [122.1241179384075, 6.939625797194978], [122.12413464708692, 6.9305808718608], [122.1331860487192, 6.930597471265472]]]}, "properties": {"grid_id": "25_8", "pred_scaled_catboost": 0.2295235241348474, "pred_scaled_rf": 0.3470711210810175, "barangay_name_clean": "BOALAN", "lon": 122.12865203848882, "lat": 6.9351116540783435}}, {"type": "Feature", "geometry": {"type": "Polygon", "coordinates": [[[122.13316951265828, 6.9396424184678756], [122.13315295450418, 6.948687362191307], [122.12410120740427, 6.948670719049382], [122.1241179384075, 6.939625797194978], [122.13316951265828, 6.9396424184678756]]]}, "properties": {"grid_id": "25_9", "pred_scaled_catboost": 0.2399672806531951, "pred_scaled_rf": 0.2129634473321775, "barangay_name_clean": "BOALAN", "lon": 122.12863540501435, "lat": 6.944156588625879}}, {"type": "Feature", "geometry": {"type": "Polygon", "coordinates": [[[122.13315295450418, 6.948687362191307], [122.13313637425485, 6.95773230243132], [122.12408445407515, 6.957715637419569], [122.12410120740427, 6.948670719049382], [122.13315295450418, 6.948687362191307]]]}, "properties": {"grid_id": "25_10", "pred_scaled_catboost": 0.2103783137245724, "pred_scaled_rf": 0.2297411039451175, "barangay_name_clean": "BOALAN", "lon": 122.12861874933036, "lat": 6.953201519691822}}, {"type": "Feature", "geometry": {"type": "Polygon", "coordinates": [[[122.13313637425485, 6.95773230243132], [122.13311977190816, 6.966777239183469], [122.124067678418, 6.966760552301087], [122.12408445407515, 6.957715637419569], [122.13313637425485, 6.95773230243132]]]}, "properties": {"grid_id": "25_11", "pred_scaled_catboost": 0.214486834512824, "pred_scaled_rf": 0.218112258085331, "barangay_name_clean": "BOALAN", "lon": 122.12860207143474, "lat": 6.962246447271724}}, {"type": "Feature", "geometry": {"type": "Polygon", "coordinates": [[[122.13311977190816, 6.966777239183469], [122.13310314746204, 6.975822172443303], [122.12405088043073, 6.975805463689492], [122.124067678418, 6.966760552301087], [122.13311977190816, 6.966777239183469]]]}, "properties": {"grid_id": "25_12", "pred_scaled_catboost": 0.3474732533461036, "pred_scaled_rf": 0.3941208027416976, "barangay_name_clean": "SALAAN", "lon": 122.1285853713254, "lat": 6.971291371361136}}, {"type": "Feature", "geometry": {"type": "Polygon", "coordinates": [[[122.13310314746204, 6.975822172443303], [122.13308650091442, 6.984867102206384], [122.12403406011127, 6.984850371580339], [122.12405088043073, 6.975805463689492], [122.13310314746204, 6.975822172443303]]]}, "properties": {"grid_id": "25_13", "pred_scaled_catboost": 0.2487633846621659, "pred_scaled_rf": 0.2460180816581139, "barangay_name_clean": "PASOBOLONG", "lon": 122.12856864900023, "lat": 6.980336291955612}}, {"type": "Feature", "geometry": {"type": "Polygon", "coordinates": [[[122.13308650091442, 6.984867102206384], [122.1330698322632, 6.993912028468263], [122.12401721745746, 6.993895275969178], [122.12403406011127, 6.984850371580339], [122.13308650091442, 6.984867102206384]]]}, "properties": {"grid_id": "25_14", "pred_scaled_catboost": 0.2843820718919849, "pred_scaled_rf": 0.2823856574290983, "barangay_name_clean": "LANZONES", "lon": 122.12855190445717, "lat": 6.989381209050713}}, {"type": "Feature", "geometry": {"type": "Polygon", "coordinates": [[[122.1330698322632, 6.993912028468263], [122.13305314150634, 7.002956951224495], [122.12400035246723, 7.002940176851564], [122.12401721745746, 6.993895275969178], [122.1330698322632, 6.993912028468263]]]}, "properties": {"grid_id": "25_15", "pred_scaled_catboost": 0.2970620416080315, "pred_scaled_rf": 0.2673672423853401, "barangay_name_clean": "LANZONES", "lon": 122.12853513769413, "lat": 6.998426122641986}}, {"type": "Feature", "geometry": {"type": "Polygon", "coordinates": [[[122.13305314150634, 7.002956951224495], [122.13303642864166, 7.012001870470637], [122.12398346513845, 7.011985074223053], [122.12400035246723, 7.002940176851564], [122.13305314150634, 7.002956951224495]]]}, "properties": {"grid_id": "25_16", "pred_scaled_catboost": 0.2700386414531489, "pred_scaled_rf": 0.2867104922925303, "barangay_name_clean": "LANZONES", "lon": 122.12851834870895, "lat": 7.0074710327249825}}, {"type": "Feature", "geometry": {"type": "Polygon", "coordinates": [[[122.13303642864166, 7.012001870470637], [122.13301969366714, 7.021046786202245], [122.12396655546901, 7.0210299680792], [122.12398346513845, 7.011985074223053], [122.13303642864166, 7.012001870470637]]]}, "properties": {"grid_id": "25_17", "pred_scaled_catboost": 0.3732660918052341, "pred_scaled_rf": 0.3941691959454893, "barangay_name_clean": "TOLOSA", "lon": 122.12850153749955, "lat": 7.01651593929527}}, {"type": "Feature", "geometry": {"type": "Polygon", "coordinates": [[[122.13301969366714, 7.021046786202245], [122.13300293658065, 7.030091698414874], [122.12394962345675, 7.030074858415561], [122.12396655546901, 7.0210299680792], [122.13301969366714, 7.021046786202245]]]}, "properties": {"grid_id": "25_18", "pred_scaled_catboost": 0.3679421584283566, "pred_scaled_rf": 0.3889452580316905, "barangay_name_clean": "TOLOSA", "lon": 122.12848470406381, "lat": 7.025560842348397}}, {"type": "Feature", "geometry": {"type": "Polygon", "coordinates": [[[122.13300293658065, 7.030091698414874], [122.13298615738009, 7.039136607104082], [122.12393266909963, 7.039119745227688], [122.12394962345675, 7.030074858415561], [122.13300293658065, 7.030091698414874]]]}, "properties": {"grid_id": "25_19", "pred_scaled_catboost": 0.3795808051793182, "pred_scaled_rf": 0.3764836060344901, "barangay_name_clean": "TOLOSA", "lon": 122.12846784839968, "lat": 7.034605741879912}}, {"type": "Feature", "geometry": {"type": "Polygon", "coordinates": [[[122.13298615738009, 7.039136607104082], [122.13296935606337, 7.048181512265424], [122.12391569239546, 7.04816462851114], [122.12393266909963, 7.039119745227688], [122.13298615738009, 7.039136607104082]]]}, "properties": {"grid_id": "25_20", "pred_scaled_catboost": 0.3815561866631317, "pred_scaled_rf": 0.3667244355593166, "barangay_name_clean": "TOLOSA", "lon": 122.12845097050501, "lat": 7.04365063788539}}, {"type": "Feature", "geometry": {"type": "Polygon", "coordinates": [[[122.13296935606337, 7.048181512265424], [122.1329525326284, 7.057226413894462], [122.12389869334213, 7.057209508261473], [122.12391569239546, 7.04816462851114], [122.13296935606337, 7.048181512265424]]]}, "properties": {"grid_id": "25_21", "pred_scaled_catboost": 0.3504844098576934, "pred_scaled_rf": 0.3423191813184219, "barangay_name_clean": "TOLOSA", "lon": 122.12843407037768, "lat": 7.052695530360375}}, {"type": "Feature", "geometry": {"type": "Polygon", "coordinates": [[[122.1329525326284, 7.057226413894462], [122.132935687073, 7.066271311986749], [122.12388167193748, 7.066254384474245], [122.12389869334213, 7.057209508261473], [122.1329525326284, 7.057226413894462]]]}, "properties": {"grid_id": "25_22", "pred_scaled_catboost": 0.3546398451685817, "pred_scaled_rf": 0.3570733789810093, "barangay_name_clean": "TOLOSA", "lon": 122.12841714801553, "lat": 7.061740419300422}}, {"type": "Feature", "geometry": {"type": "Polygon", "coordinates": [[[122.132935687073, 7.066271311986749], [122.1329188193951, 7.075316206537844], [122.12386462817942, 7.075299257145009], [122.12388167193748, 7.066254384474245], [122.132935687073, 7.066271311986749]]]}, "properties": {"grid_id": "25_23", "pred_scaled_catboost": 0.3452916490377032, "pred_scaled_rf": 0.3618832128088957, "barangay_name_clean": "TOLOSA", "lon": 122.12840020341649, "lat": 7.0707853047010945}}, {"type": "Feature", "geometry": {"type": "Polygon", "coordinates": [[[122.1329188193951, 7.075316206537844], [122.13290192959263, 7.084361097543309], [122.1238475620658, 7.0843441262693245], [122.12386462817942, 7.075299257145009], [122.1329188193951, 7.075316206537844]]]}, "properties": {"grid_id": "25_24", "pred_scaled_catboost": 0.3157015922608278, "pred_scaled_rf": 0.3419081583630016, "barangay_name_clean": "TOLOSA", "lon": 122.12838323657846, "lat": 7.07983018655795}}, {"type": "Feature", "geometry": {"type": "Polygon", "coordinates": [[[122.13290192959263, 7.084361097543309], [122.13288501766343, 7.093405984998697], [122.12383047359445, 7.093388991842748], [122.1238475620658, 7.0843441262693245], [122.13290192959263, 7.084361097543309]]]}, "properties": {"grid_id": "25_25", "pred_scaled_catboost": 0.3249697738329212, "pred_scaled_rf": 0.3315185788441908, "barangay_name_clean": "TOLOSA", "lon": 122.12836624749924, "lat": 7.088875064866543}}, {"type": "Feature", "geometry": {"type": "Polygon", "coordinates": [[[122.13288501766343, 7.093405984998697], [122.13286808360533, 7.102450868899571], [122.12381336276327, 7.102433853860842], [122.12383047359445, 7.093388991842748], [122.13288501766343, 7.093405984998697]]]}, "properties": {"grid_id": "25_26", "pred_scaled_catboost": 0.3289833856014271, "pred_scaled_rf": 0.3298832814439618, "barangay_name_clean": "TOLOSA", "lon": 122.12834923617677, "lat": 7.097919939622429}}, {"type": "Feature", "geometry": {"type": "Polygon", "coordinates": [[[122.13286808360533, 7.102450868899571], [122.13285112741629, 7.11149574924149], [122.1237962295701, 7.11147871231916], [122.12381336276327, 7.102433853860842], [122.13286808360533, 7.102450868899571]]]}, "properties": {"grid_id": "25_27", "pred_scaled_catboost": 0.3518932784926776, "pred_scaled_rf": 0.3251392706812476, "barangay_name_clean": "TOLOSA", "lon": 122.12833220260883, "lat": 7.106964810821178}}, {"type": "Feature", "geometry": {"type": "Polygon", "coordinates": [[[122.13285112741629, 7.11149574924149], [122.13283414909415, 7.120540626020013], [122.1237790740128, 7.1205235672132625], [122.1237962295701, 7.11147871231916], [122.13285112741629, 7.11149574924149]]]}, "properties": {"grid_id": "25_28", "pred_scaled_catboost": 0.3392249551897894, "pred_scaled_rf": 0.3168413357030369, "barangay_name_clean": "BUNGUIAO", "lon": 122.1283151467934, "lat": 7.116009678458341}}, {"type": "Feature", "geometry": {"type": "Polygon", "coordinates": [[[122.13283414909415, 7.120540626020013], [122.13281714863679, 7.129585499230701], [122.12376189608919, 7.12956841853871], [122.1237790740128, 7.1205235672132625], [122.13283414909415, 7.120540626020013]]]}, "properties": {"grid_id": "25_29", "pred_scaled_catboost": 0.3400737282019468, "pred_scaled_rf": 0.3167714692657579, "barangay_name_clean": "BUNGUIAO", "lon": 122.12829806872827, "lat": 7.12505454252948}}, {"type": "Feature", "geometry": {"type": "Polygon", "coordinates": [[[122.13281714863679, 7.129585499230701], [122.13280012604206, 7.138630368869114], [122.12374469579713, 7.138613266291058], [122.12376189608919, 7.12956841853871], [122.13281714863679, 7.129585499230701]]]}, "properties": {"grid_id": "25_30", "pred_scaled_catboost": 0.3304975123793936, "pred_scaled_rf": 0.3278122682296808, "barangay_name_clean": "BUNGUIAO", "lon": 122.12828096841126, "lat": 7.134099403030152}}, {"type": "Feature", "geometry": {"type": "Polygon", "coordinates": [[[122.13280012604206, 7.138630368869114], [122.13278308130782, 7.147675234930813], [122.12372747313447, 7.147658110465872], [122.12374469579713, 7.138613266291058], [122.13280012604206, 7.138630368869114]]]}, "properties": {"grid_id": "25_31", "pred_scaled_catboost": 0.319271202175946, "pred_scaled_rf": 0.3237059259626927, "barangay_name_clean": "BUNGUIAO", "lon": 122.12826384584032, "lat": 7.143144259955919}}, {"type": "Feature", "geometry": {"type": "Polygon", "coordinates": [[[122.13278308130782, 7.147675234930813], [122.13276601443197, 7.15672009741136], [122.12371022809906, 7.156702951058707], [122.12372747313447, 7.147658110465872], [122.13278308130782, 7.147675234930813]]]}, "properties": {"grid_id": "25_32", "pred_scaled_catboost": 0.3931265681460313, "pred_scaled_rf": 0.3975417913065934, "barangay_name_clean": NaN, "lon": 122.12824670101321, "lat": 7.15218911330234}}, {"type": "Feature", "geometry": {"type": "Polygon", "coordinates": [[[122.13276601443197, 7.15672009741136], [122.13274892541232, 7.165764956306314], [122.12369296068869, 7.165747788065125], [122.12371022809906, 7.156702951058707], [122.13276601443197, 7.15672009741136]]]}, "properties": {"grid_id": "25_33", "pred_scaled_catboost": 0.3405475700395385, "pred_scaled_rf": 0.3629501942991064, "barangay_name_clean": "DULIAN", "lon": 122.12822953392788, "lat": 7.16123396306498}}, {"type": "Feature", "geometry": {"type": "Polygon", "coordinates": [[[122.13274892541232, 7.165764956306314], [122.13273181424675, 7.174809811611241], [122.12367567090124, 7.174792621480689], [122.12369296068869, 7.165747788065125], [122.13274892541232, 7.165764956306314]]]}, "properties": {"grid_id": "25_34", "pred_scaled_catboost": 0.3530423607473251, "pred_scaled_rf": 0.3487454217705056, "barangay_name_clean": "UNCLAIMED AREA UNDER JURISDICTION OF ZAMBOANGA CITY", "lon": 122.12821234458207, "lat": 7.170278809239398}}, {"type": "Feature", "geometry": {"type": "Polygon", "coordinates": [[[122.13273181424675, 7.174809811611241], [122.13271468093312, 7.183854663321701], [122.1236583587345, 7.183837451300957], [122.12367567090124, 7.174792621480689], [122.13273181424675, 7.174809811611241]]]}, "properties": {"grid_id": "25_35", "pred_scaled_catboost": 0.3397899937383865, "pred_scaled_rf": 0.3509069208287529, "barangay_name_clean": "DULIAN", "lon": 122.12819513297367, "lat": 7.179323651821155}}, {"type": "Feature", "geometry": {"type": "Polygon", "coordinates": [[[122.13271468093312, 7.183854663321701], [122.13269752546927, 7.192899511433255], [122.12364102418634, 7.192882277521491], [122.1236583587345, 7.183837451300957], [122.13271468093312, 7.183854663321701]]]}, "properties": {"grid_id": "25_36", "pred_scaled_catboost": 0.3938839081774158, "pred_scaled_rf": 0.3806640126709247, "barangay_name_clean": NaN, "lon": 122.12817789910056, "lat": 7.18836849080581}}, {"type": "Feature", "geometry": {"type": "Polygon", "coordinates": [[[122.13269752546927, 7.192899511433255], [122.13268034785307, 7.201944355941468], [122.12362366725458, 7.201927100137857], [122.12364102418634, 7.192882277521491], [122.13269752546927, 7.192899511433255]]]}, "properties": {"grid_id": "25_37", "pred_scaled_catboost": 0.3789243704441323, "pred_scaled_rf": 0.3329063797133015, "barangay_name_clean": NaN, "lon": 122.12816064296054, "lat": 7.19741332618893}}, {"type": "Feature", "geometry": {"type": "Polygon", "coordinates": [[[122.13268034785307, 7.201944355941468], [122.13266314808233, 7.210989196841905], [122.12360628793704, 7.210971919145612], [122.12362366725458, 7.201927100137857], [122.13268034785307, 7.201944355941468]]]}, "properties": {"grid_id": "25_38", "pred_scaled_catboost": 0.3917374274723899, "pred_scaled_rf": 0.3705653637363384, "barangay_name_clean": NaN, "lon": 122.1281433645514, "lat": 7.206458157966075}}, {"type": "Feature", "geometry": {"type": "Polygon", "coordinates": [[[122.13266314808233, 7.210989196841905], [122.13264592615492, 7.220034034130127], [122.12358888623149, 7.220016734540323], [122.12360628793704, 7.210971919145612], [122.13266314808233, 7.210989196841905]]]}, "properties": {"grid_id": "25_39", "pred_scaled_catboost": 0.3346917050485077, "pred_scaled_rf": 0.3035389450597936, "barangay_name_clean": NaN, "lon": 122.12812606387105, "lat": 7.215502986132813}}, {"type": "Feature", "geometry": {"type": "Polygon", "coordinates": [[[122.14233519408542, 6.876344012434454], [122.14231896177749, 6.885389002053707], [122.13326839769834, 6.885372683224503], [122.13328480124352, 6.876327715241656], [122.14233519408542, 6.876344012434454]]]}, "properties": {"grid_id": "26_2", "pred_scaled_catboost": 0.249951731830538, "pred_scaled_rf": 0.3746775094744767, "barangay_name_clean": NaN, "lon": 122.13780184045383, "lat": 6.880858367506088}}, {"type": "Feature", "geometry": {"type": "Polygon", "coordinates": [[[122.14231896177749, 6.885389002053707], [122.14230270761928, 6.89443398822146], [122.13325197207233, 6.894417647755065], [122.13326839769834, 6.885372683224503], [122.14231896177749, 6.885389002053707]]]}, "properties": {"grid_id": "26_3", "pred_scaled_catboost": 0.2443855236726423, "pred_scaled_rf": 0.3754520331558355, "barangay_name_clean": NaN, "lon": 122.1377855115445, "lat": 6.889903344600127}}, {"type": "Feature", "geometry": {"type": "Polygon", "coordinates": [[[122.14230270761928, 6.89443398822146], [122.1422864316087, 6.903478970933264], [122.1332355243635, 6.903462608828889], [122.13325197207233, 6.894417647755065], [122.14230270761928, 6.89443398822146]]]}, "properties": {"grid_id": "26_4", "pred_scaled_catboost": 0.2507236172405338, "pred_scaled_rf": 0.3740135201930592, "barangay_name_clean": NaN, "lon": 122.13776916066854, "lat": 6.898948318240036}}, {"type": "Feature", "geometry": {"type": "Polygon", "coordinates": [[[122.1422864316087, 6.903478970933264], [122.14227013374375, 6.912523950184669], [122.13321905456974, 6.912507566441529], [122.1332355243635, 6.903462608828889], [122.1422864316087, 6.903478970933264]]]}, "properties": {"grid_id": "26_5", "pred_scaled_catboost": 0.2296257577421969, "pred_scaled_rf": 0.3669989607195454, "barangay_name_clean": "MAMPANG", "lon": 122.13775278782396, "lat": 6.907993288421387}}, {"type": "Feature", "geometry": {"type": "Polygon", "coordinates": [[[122.14227013374375, 6.912523950184669], [122.1422538140224, 6.921568925971232], [122.13320256268898, 6.92155252058854], [122.13321905456974, 6.912507566441529], [122.14227013374375, 6.912523950184669]]]}, "properties": {"grid_id": "26_6", "pred_scaled_catboost": 0.2304434477950927, "pred_scaled_rf": 0.3225184203131933, "barangay_name_clean": "MAMPANG", "lon": 122.13773639300872, "lat": 6.917038255139724}}, {"type": "Feature", "geometry": {"type": "Polygon", "coordinates": [[[122.1422538140224, 6.921568925971232], [122.1422374724426, 6.930613898288503], [122.1331860487192, 6.930597471265472], [122.13320256268898, 6.92155252058854], [122.1422538140224, 6.921568925971232]]]}, "properties": {"grid_id": "26_7", "pred_scaled_catboost": 0.2052385261338987, "pred_scaled_rf": 0.2135192973635731, "barangay_name_clean": "MAMPANG", "lon": 122.13771997622074, "lat": 6.9260832183906}}, {"type": "Feature", "geometry": {"type": "Polygon", "coordinates": [[[122.1422374724426, 6.930613898288503], [122.14222110900225, 6.939658867132038], [122.13316951265828, 6.9396424184678756], [122.1331860487192, 6.930597471265472], [122.1422374724426, 6.930613898288503]]]}, "properties": {"grid_id": "26_8", "pred_scaled_catboost": 0.2706235612892258, "pred_scaled_rf": 0.2330895190407217, "barangay_name_clean": "ZAMBOWOOD", "lon": 122.13770353745802, "lat": 6.935128178169567}}, {"type": "Feature", "geometry": {"type": "Polygon", "coordinates": [[[122.14222110900225, 6.939658867132038], [122.1422047236994, 6.948703832497394], [122.13315295450418, 6.948687362191307], [122.13316951265828, 6.9396424184678756], [122.14222110900225, 6.939658867132038]]]}, "properties": {"grid_id": "26_9", "pred_scaled_catboost": 0.2536672746212645, "pred_scaled_rf": 0.2069701129099235, "barangay_name_clean": "ZAMBOWOOD", "lon": 122.13768707671842, "lat": 6.9441731344721855}}, {"type": "Feature", "geometry": {"type": "Polygon", "coordinates": [[[122.1422047236994, 6.948703832497394], [122.14218831653189, 6.95774879438012], [122.13313637425485, 6.95773230243132], [122.13315295450418, 6.948687362191307], [122.1422047236994, 6.948703832497394]]]}, "properties": {"grid_id": "26_10", "pred_scaled_catboost": 0.2555307297496663, "pred_scaled_rf": 0.2193447079965922, "barangay_name_clean": "MERCEDES", "lon": 122.13767059399994, "lat": 6.953218087293996}}, {"type": "Feature", "geometry": {"type": "Polygon", "coordinates": [[[122.14218831653189, 6.95774879438012], [122.14217188749772, 6.966793752775777], [122.13311977190816, 6.966777239183469], [122.13313637425485, 6.95773230243132], [122.14218831653189, 6.95774879438012]]]}, "properties": {"grid_id": "26_11", "pred_scaled_catboost": 0.25489241813039, "pred_scaled_rf": 0.2175481734570649, "barangay_name_clean": "PASOBOLONG", "lon": 122.13765408930047, "lat": 6.962263036630569}}, {"type": "Feature", "geometry": {"type": "Polygon", "coordinates": [[[122.14217188749772, 6.966793752775777], [122.14215543659485, 6.975838707679916], [122.13310314746204, 6.975822172443303], [122.13311977190816, 6.966777239183469], [122.14217188749772, 6.966793752775777]]]}, "properties": {"grid_id": "26_12", "pred_scaled_catboost": 0.2436822339432284, "pred_scaled_rf": 0.198599444832992, "barangay_name_clean": "PASOBOLONG", "lon": 122.13763756261798, "lat": 6.971307982477451}}, {"type": "Feature", "geometry": {"type": "Polygon", "coordinates": [[[122.14215543659485, 6.975838707679916], [122.14213896382115, 6.9848836590880925], [122.13308650091442, 6.984867102206384], [122.13310314746204, 6.975822172443303], [122.14215543659485, 6.975838707679916]]]}, "properties": {"grid_id": "26_13", "pred_scaled_catboost": 0.2862456830528373, "pred_scaled_rf": 0.2484628226723828, "barangay_name_clean": "LANZONES", "lon": 122.13762101395037, "lat": 6.980352924830192}}, {"type": "Feature", "geometry": {"type": "Polygon", "coordinates": [[[122.14213896382115, 6.9848836590880925], [122.14212246917464, 6.9939286069958655], [122.1330698322632, 6.993912028468263], [122.13308650091442, 6.984867102206384], [122.14213896382115, 6.9848836590880925]]]}, "properties": {"grid_id": "26_14", "pred_scaled_catboost": 0.3018611267263583, "pred_scaled_rf": 0.293529441202187, "barangay_name_clean": "LANZONES", "lon": 122.13760444329557, "lat": 6.989397863684359}}, {"type": "Feature", "geometry": {"type": "Polygon", "coordinates": [[[122.14212246917464, 6.9939286069958655], [122.14210595265318, 7.002973551398788], [122.13305314150634, 7.002956951224495], [122.1330698322632, 6.993912028468263], [122.14212246917464, 6.9939286069958655]]]}, "properties": {"grid_id": "26_15", "pred_scaled_catboost": 0.3019486717384188, "pred_scaled_rf": 0.2924788395258674, "barangay_name_clean": "LANZONES", "lon": 122.13758785065153, "lat": 6.998442799035495}}, {"type": "Feature", "geometry": {"type": "Polygon", "coordinates": [[[122.14210595265318, 7.002973551398788], [122.14208941425476, 7.0120184922924205], [122.13303642864166, 7.012001870470637], [122.13305314150634, 7.002956951224495], [122.14210595265318, 7.002973551398788]]]}, "properties": {"grid_id": "26_16", "pred_scaled_catboost": 0.2767890330778945, "pred_scaled_rf": 0.2857090582707084, "barangay_name_clean": "LANZONES", "lon": 122.13757123601613, "lat": 7.007487730879172}}, {"type": "Feature", "geometry": {"type": "Polygon", "coordinates": [[[122.14208941425476, 7.0120184922924205], [122.14207285397724, 7.021063429672317], [122.13301969366714, 7.021046786202245], [122.13303642864166, 7.012001870470637], [122.14208941425476, 7.0120184922924205]]]}, "properties": {"grid_id": "26_17", "pred_scaled_catboost": 0.3030062271107714, "pred_scaled_rf": 0.2969938199868005, "barangay_name_clean": "LANZONES", "lon": 122.13755459938727, "lat": 7.016532659210924}}, {"type": "Feature", "geometry": {"type": "Polygon", "coordinates": [[[122.14207285397724, 7.021063429672317], [122.1420562718186, 7.030108363534037], [122.13300293658065, 7.030091698414874], [122.13301969366714, 7.021046786202245], [122.14207285397724, 7.021063429672317]]]}, "properties": {"grid_id": "26_18", "pred_scaled_catboost": 0.3053714121252763, "pred_scaled_rf": 0.2965427225883201, "barangay_name_clean": "CACAO", "lon": 122.13753794076297, "lat": 7.0255775840263315}}, {"type": "Feature", "geometry": {"type": "Polygon", "coordinates": [[[122.1420562718186, 7.030108363534037], [122.14203966777673, 7.039153293873137], [122.13298615738009, 7.039136607104082], [122.13300293658065, 7.030091698414874], [122.1420562718186, 7.030108363534037]]]}, "properties": {"grid_id": "26_19", "pred_scaled_catboost": 0.3212995983102163, "pred_scaled_rf": 0.2967441309791628, "barangay_name_clean": "CACAO", "lon": 122.13752126014103, "lat": 7.034622505320934}}, {"type": "Feature", "geometry": {"type": "Polygon", "coordinates": [[[122.14203966777673, 7.039153293873137], [122.14202304184958, 7.048198220685175], [122.13296935606337, 7.048181512265424], [122.13298615738009, 7.039136607104082], [122.14203966777673, 7.039153293873137]]]}, "properties": {"grid_id": "26_20", "pred_scaled_catboost": 0.434867005488194, "pred_scaled_rf": 0.3897976019939613, "barangay_name_clean": "TOLOSA", "lon": 122.1375045575194, "lat": 7.043667423090297}}, {"type": "Feature", "geometry": {"type": "Polygon", "coordinates": [[[122.14202304184958, 7.048198220685175], [122.14200639403504, 7.057243143965709], [122.1329525326284, 7.057226413894462], [122.13296935606337, 7.048181512265424], [122.14202304184958, 7.048198220685175]]]}, "properties": {"grid_id": "26_21", "pred_scaled_catboost": 0.3641533028963223, "pred_scaled_rf": 0.333650804672897, "barangay_name_clean": "TOLOSA", "lon": 122.13748783289604, "lat": 7.052712337329975}}, {"type": "Feature", "geometry": {"type": "Polygon", "coordinates": [[[122.14200639403504, 7.057243143965709], [122.14198972433101, 7.066288063710301], [122.132935687073, 7.066271311986749], [122.1329525326284, 7.057226413894462], [122.14200639403504, 7.057243143965709]]]}, "properties": {"grid_id": "26_22", "pred_scaled_catboost": 0.336271080851155, "pred_scaled_rf": 0.333224482884917, "barangay_name_clean": "TOLOSA", "lon": 122.13747108626877, "lat": 7.0617572480355335}}, {"type": "Feature", "geometry": {"type": "Polygon", "coordinates": [[[122.14198972433101, 7.066288063710301], [122.14197303273544, 7.075332979914506], [122.1329188193951, 7.075316206537844], [122.132935687073, 7.066271311986749], [122.14198972433101, 7.066288063710301]]]}, "properties": {"grid_id": "26_23", "pred_scaled_catboost": 0.3354888548559944, "pred_scaled_rf": 0.3565032258702234, "barangay_name_clean": "TOLOSA", "lon": 122.13745431763553, "lat": 7.070802155202523}}, {"type": "Feature", "geometry": {"type": "Polygon", "coordinates": [[[122.14197303273544, 7.075332979914506], [122.1419563192462, 7.084377892573887], [122.13290192959263, 7.084361097543309], [122.1329188193951, 7.075316206537844], [122.14197303273544, 7.075332979914506]]]}, "properties": {"grid_id": "26_24", "pred_scaled_catboost": 0.3234572259586862, "pred_scaled_rf": 0.329531279919306, "barangay_name_clean": "TOLOSA", "lon": 122.13743752699416, "lat": 7.079847058826498}}, {"type": "Feature", "geometry": {"type": "Polygon", "coordinates": [[[122.1419563192462, 7.084377892573887], [122.14193958386122, 7.0934228016839995], [122.13288501766343, 7.093405984998697], [122.13290192959263, 7.084361097543309], [122.1419563192462, 7.084377892573887]]]}, "properties": {"grid_id": "26_25", "pred_scaled_catboost": 0.327172241350332, "pred_scaled_rf": 0.3234995176000007, "barangay_name_clean": "BUNGUIAO", "lon": 122.13742071434265, "lat": 7.088891958903029}}, {"type": "Feature", "geometry": {"type": "Polygon", "coordinates": [[[122.14193958386122, 7.0934228016839995], [122.14192282657838, 7.102467707240409], [122.13286808360533, 7.102450868899571], [122.13288501766343, 7.093405984998697], [122.14193958386122, 7.0934228016839995]]]}, "properties": {"grid_id": "26_26", "pred_scaled_catboost": 0.340826560091979, "pred_scaled_rf": 0.3118236405751913, "barangay_name_clean": "BUNGUIAO", "lon": 122.13740387967884, "lat": 7.097936855427676}}, {"type": "Feature", "geometry": {"type": "Polygon", "coordinates": [[[122.14192282657838, 7.102467707240409], [122.1419060473956, 7.111512609238673], [122.13285112741629, 7.11149574924149], [122.13286808360533, 7.102450868899571], [122.14192282657838, 7.102467707240409]]]}, "properties": {"grid_id": "26_27", "pred_scaled_catboost": 0.3590006670362071, "pred_scaled_rf": 0.3618322396074881, "barangay_name_clean": "BUNGUIAO", "lon": 122.13738702300058, "lat": 7.106981748395986}}, {"type": "Feature", "geometry": {"type": "Polygon", "coordinates": [[[122.1419060473956, 7.111512609238673], [122.14188924631075, 7.120557507674354], [122.13283414909415, 7.120540626020013], [122.13285112741629, 7.11149574924149], [122.1419060473956, 7.111512609238673]]]}, "properties": {"grid_id": "26_28", "pred_scaled_catboost": 0.3591829638062995, "pred_scaled_rf": 0.3688757103065754, "barangay_name_clean": "BUNGUIAO", "lon": 122.13737014430588, "lat": 7.116026637803529}}, {"type": "Feature", "geometry": {"type": "Polygon", "coordinates": [[[122.14188924631075, 7.120557507674354], [122.14187242332173, 7.12960240254301], [122.13281714863679, 7.129585499230701], [122.13283414909415, 7.120540626020013], [122.14188924631075, 7.120557507674354]]]}, "properties": {"grid_id": "26_29", "pred_scaled_catboost": 0.3249029043355716, "pred_scaled_rf": 0.3153828744634673, "barangay_name_clean": "BUNGUIAO", "lon": 122.13735324359249, "lat": 7.125071523645861}}, {"type": "Feature", "geometry": {"type": "Polygon", "coordinates": [[[122.14187242332173, 7.12960240254301], [122.14185557842649, 7.138647293840206], [122.13280012604206, 7.138630368869114], [122.13281714863679, 7.129585499230701], [122.14187242332173, 7.12960240254301]]]}, "properties": {"grid_id": "26_30", "pred_scaled_catboost": 0.3060625624670881, "pred_scaled_rf": 0.3116267819889125, "barangay_name_clean": "BUNGUIAO", "lon": 122.13733632085838, "lat": 7.134116405918553}}, {"type": "Feature", "geometry": {"type": "Polygon", "coordinates": [[[122.14185557842649, 7.138647293840206], [122.1418387116228, 7.147692181561502], [122.13278308130782, 7.147675234930813], [122.13280012604206, 7.138630368869114], [122.14185557842649, 7.138647293840206]]]}, "properties": {"grid_id": "26_31", "pred_scaled_catboost": 0.3380207073884556, "pred_scaled_rf": 0.3371915847281937, "barangay_name_clean": NaN, "lon": 122.13731937610135, "lat": 7.143161284617148}}, {"type": "Feature", "geometry": {"type": "Polygon", "coordinates": [[[122.1418387116228, 7.147692181561502], [122.14182182290864, 7.156737065702462], [122.13276601443197, 7.15672009741136], [122.13278308130782, 7.147675234930813], [122.1418387116228, 7.147692181561502]]]}, "properties": {"grid_id": "26_32", "pred_scaled_catboost": 0.3357204256059615, "pred_scaled_rf": 0.3604877616046517, "barangay_name_clean": "BUNGUIAO", "lon": 122.13730240931932, "lat": 7.152206159737223}}, {"type": "Feature", "geometry": {"type": "Polygon", "coordinates": [[[122.14182182290864, 7.156737065702462], [122.14180491228187, 7.1657819462586465], [122.13274892541232, 7.165764956306314], [122.13276601443197, 7.15672009741136], [122.14182182290864, 7.156737065702462]]]}, "properties": {"grid_id": "26_33", "pred_scaled_catboost": 0.3910786125103339, "pred_scaled_rf": 0.4084900102156982, "barangay_name_clean": NaN, "lon": 122.1372854205102, "lat": 7.161251031274339}}, {"type": "Feature", "geometry": {"type": "Polygon", "coordinates": [[[122.14180491228187, 7.1657819462586465], [122.14178797974036, 7.174826823225622], [122.13273181424675, 7.174809811611241], [122.13274892541232, 7.165764956306314], [122.14180491228187, 7.1657819462586465]]]}, "properties": {"grid_id": "26_34", "pred_scaled_catboost": 0.3434855964084126, "pred_scaled_rf": 0.3521473217638869, "barangay_name_clean": "DULIAN", "lon": 122.13726840967176, "lat": 7.170295899224048}}, {"type": "Feature", "geometry": {"type": "Polygon", "coordinates": [[[122.14178797974036, 7.174826823225622], [122.14177102528197, 7.183871696598946], [122.13271468093312, 7.183854663321701], [122.13273181424675, 7.174809811611241], [122.14178797974036, 7.174826823225622]]]}, "properties": {"grid_id": "26_35", "pred_scaled_catboost": 0.3879227602521244, "pred_scaled_rf": 0.375011602251651, "barangay_name_clean": NaN, "lon": 122.13725137680193, "lat": 7.17934076358192}}, {"type": "Feature", "geometry": {"type": "Polygon", "coordinates": [[[122.14177102528197, 7.183871696598946], [122.14175404890459, 7.192916566374188], [122.13269752546927, 7.192899511433255], [122.13271468093312, 7.183854663321701], [122.14177102528197, 7.183871696598946]]]}, "properties": {"grid_id": "26_36", "pred_scaled_catboost": 0.3868829352389252, "pred_scaled_rf": 0.3751004814068416, "barangay_name_clean": NaN, "lon": 122.13723432189862, "lat": 7.188385624343519}}, {"type": "Feature", "geometry": {"type": "Polygon", "coordinates": [[[122.14175404890459, 7.192916566374188], [122.1417370506061, 7.20196143254691], [122.13268034785307, 7.201944355941468], [122.13269752546927, 7.192899511433255], [122.14175404890459, 7.192916566374188]]]}, "properties": {"grid_id": "26_37", "pred_scaled_catboost": 0.3710767610772276, "pred_scaled_rf": 0.3652908392346982, "barangay_name_clean": NaN, "lon": 122.13721724495957, "lat": 7.197430481504403}}, {"type": "Feature", "geometry": {"type": "Polygon", "coordinates": [[[122.1417370506061, 7.20196143254691], [122.14172003038432, 7.2110062951126785], [122.13266314808233, 7.210989196841905], [122.13268034785307, 7.201944355941468], [122.1417370506061, 7.20196143254691]]]}, "properties": {"grid_id": "26_38", "pred_scaled_catboost": 0.3781257987288744, "pred_scaled_rf": 0.3760824950322235, "barangay_name_clean": NaN, "lon": 122.13720014598273, "lat": 7.2064753350601425}}, {"type": "Feature", "geometry": {"type": "Polygon", "coordinates": [[[122.14172003038432, 7.2110062951126785], [122.14170298823718, 7.220051154067052], [122.13264592615492, 7.220034034130127], [122.13266314808233, 7.210989196841905], [122.14172003038432, 7.2110062951126785]]]}, "properties": {"grid_id": "26_39", "pred_scaled_catboost": 0.3462344632452647, "pred_scaled_rf": 0.3456430495539851, "barangay_name_clean": NaN, "lon": 122.13718302496592, "lat": 7.215520185006298}}, {"type": "Feature", "geometry": {"type": "Polygon", "coordinates": [[[122.14170298823718, 7.220051154067052], [122.1416859241625, 7.229096009405603], [122.13262868206866, 7.2290788678017], [122.13264592615492, 7.220034034130127], [122.14170298823718, 7.220051154067052]]]}, "properties": {"grid_id": "26_40", "pred_scaled_catboost": 0.3479784448728876, "pred_scaled_rf": 0.3467714567083406, "barangay_name_clean": NaN, "lon": 122.13716588190704, "lat": 7.224565031338435}}, {"type": "Feature", "geometry": {"type": "Polygon", "coordinates": [[[122.1416859241625, 7.229096009405603], [122.14166883815815, 7.238140861123893], [122.1326114158214, 7.238123697852185], [122.13262868206866, 7.2290788678017], [122.1416859241625, 7.229096009405603]]]}, "properties": {"grid_id": "26_41", "pred_scaled_catboost": 0.3683978250939964, "pred_scaled_rf": 0.371685846293299, "barangay_name_clean": NaN, "lon": 122.13714871680384, "lat": 7.233609874052111}}, {"type": "Feature", "geometry": {"type": "Polygon", "coordinates": [[[122.15138560877558, 6.876360138605989], [122.15136954770696, 6.885405149634601], [122.14231896177749, 6.885389002053707], [122.14233519408542, 6.876344012434454], [122.15138560877558, 6.876360138605989]]]}, "properties": {"grid_id": "27_2", "pred_scaled_catboost": 0.2541030230275279, "pred_scaled_rf": 0.3712474689132082, "barangay_name_clean": NaN, "lon": 122.14685232982062, "lat": 6.880874589949733}}, {"type": "Feature", "geometry": {"type": "Polygon", "coordinates": [[[122.15136954770696, 6.885405149634601], [122.15135346501852, 6.894450157212488], [122.14230270761928, 6.89443398822146], [122.14231896177749, 6.885389002053707], [122.15136954770696, 6.885405149634601]]]}, "properties": {"grid_id": "27_3", "pred_scaled_catboost": 0.2536500966234687, "pred_scaled_rf": 0.3661318299078832, "barangay_name_clean": NaN, "lon": 122.14683617226478, "lat": 6.889919588567034}}, {"type": "Feature", "geometry": {"type": "Polygon", "coordinates": [[[122.15133736070828, 6.903495161335205], [122.15132123477422, 6.9125401619983], [122.14227013374375, 6.912523950184669], [122.1422864316087, 6.903478970933264], [122.15133736070828, 6.903495161335205]]]}, "properties": {"grid_id": "27_5", "pred_scaled_catboost": 0.2129807300357554, "pred_scaled_rf": 0.3118129378469795, "barangay_name_clean": "MAMPANG", "lon": 122.14680379194289, "lat": 6.908009575437195}}, {"type": "Feature", "geometry": {"type": "Polygon", "coordinates": [[[122.15132123477422, 6.9125401619983], [122.15130508721427, 6.921585159197335], [122.1422538140224, 6.921568925971232], [122.14227013374375, 6.912523950184669], [122.15132123477422, 6.9125401619983]]]}, "properties": {"grid_id": "27_6", "pred_scaled_catboost": 0.2210729732164374, "pred_scaled_rf": 0.2873414509301405, "barangay_name_clean": "MAMPANG", "lon": 122.14678756917276, "lat": 6.917054563681148}}, {"type": "Feature", "geometry": {"type": "Polygon", "coordinates": [[[122.15130508721427, 6.921585159197335], [122.1512889180265, 6.930630152927857], [122.1422374724426, 6.930613898288503], [122.1422538140224, 6.921568925971232], [122.15130508721427, 6.921585159197335]]]}, "properties": {"grid_id": "27_7", "pred_scaled_catboost": 0.22801849970152, "pred_scaled_rf": 0.2103714929728561, "barangay_name_clean": "MAMPANG", "lon": 122.14677132466055, "lat": 6.9260995484584305}}, {"type": "Feature", "geometry": {"type": "Polygon", "coordinates": [[[122.1512889180265, 6.930630152927857], [122.15127272720879, 6.939675143185425], [122.14222110900225, 6.939658867132038], [122.1422374724426, 6.930613898288503], [122.1512889180265, 6.930630152927857]]]}, "properties": {"grid_id": "27_8", "pred_scaled_catboost": 0.2274167315362171, "pred_scaled_rf": 0.1928751689503345, "barangay_name_clean": "MERCEDES", "lon": 122.1467550584041, "lat": 6.935144529764588}}, {"type": "Feature", "geometry": {"type": "Polygon", "coordinates": [[[122.15127272720879, 6.939675143185425], [122.15125651475918, 6.9487201299655945], [122.1422047236994, 6.948703832497394], [122.14222110900225, 6.939658867132038], [122.15127272720879, 6.939675143185425]]]}, "properties": {"grid_id": "27_9", "pred_scaled_catboost": 0.2359684539448812, "pred_scaled_rf": 0.218771718286164, "barangay_name_clean": "MERCEDES", "lon": 122.14673877040143, "lat": 6.944189507595175}}, {"type": "Feature", "geometry": {"type": "Polygon", "coordinates": [[[122.15125651475918, 6.9487201299655945], [122.15124028067561, 6.957765113263922], [122.14218831653189, 6.95774879438012], [122.1422047236994, 6.948703832497394], [122.15125651475918, 6.9487201299655945]]]}, "properties": {"grid_id": "27_10", "pred_scaled_catboost": 0.255470731378581, "pred_scaled_rf": 0.231966437253941, "barangay_name_clean": "MERCEDES", "lon": 122.1467224606505, "lat": 6.953234481945758}}, {"type": "Feature", "geometry": {"type": "Polygon", "coordinates": [[[122.15124028067561, 6.957765113263922], [122.15122402495602, 6.966810093075963], [122.14217188749772, 6.966793752775777], [122.14218831653189, 6.95774879438012], [122.15124028067561, 6.957765113263922]]]}, "properties": {"grid_id": "27_11", "pred_scaled_catboost": 0.2147874270999783, "pred_scaled_rf": 0.2260949505701971, "barangay_name_clean": "MERCEDES", "lon": 122.14670612914925, "lat": 6.962279452811877}}, {"type": "Feature", "geometry": {"type": "Polygon", "coordinates": [[[122.15122402495602, 6.966810093075963], [122.15120774759843, 6.975855069397269], [122.14215543659485, 6.975838707679916], [122.14217188749772, 6.966793752775777], [122.15122402495602, 6.966810093075963]]]}, "properties": {"grid_id": "27_12", "pred_scaled_catboost": 0.2432400164759373, "pred_scaled_rf": 0.1957452548079531, "barangay_name_clean": "CULIANAN", "lon": 122.14668977589567, "lat": 6.971324420189101}}, {"type": "Feature", "geometry": {"type": "Polygon", "coordinates": [[[122.15120774759843, 6.975855069397269], [122.15119144860076, 6.984900042223405], [122.14213896382115, 6.9848836590880925], [122.14215543659485, 6.975838707679916], [122.15120774759843, 6.975855069397269]]]}, "properties": {"grid_id": "27_13", "pred_scaled_catboost": 0.2693187265236264, "pred_scaled_rf": 0.2312580334134681, "barangay_name_clean": "CULIANAN", "lon": 122.14667340088765, "lat": 6.9803693840729775}}, {"type": "Feature", "geometry": {"type": "Polygon", "coordinates": [[[122.15119144860076, 6.984900042223405], [122.15117512796097, 6.993945011549922], [122.14212246917464, 6.9939286069958655], [122.14213896382115, 6.9848836590880925], [122.15119144860076, 6.984900042223405]]]}, "properties": {"grid_id": "27_14", "pred_scaled_catboost": 0.3043241406304018, "pred_scaled_rf": 0.3164248452771239, "barangay_name_clean": "CULIANAN", "lon": 122.14665700412318, "lat": 6.989414344459062}}, {"type": "Feature", "geometry": {"type": "Polygon", "coordinates": [[[122.15117512796097, 6.993945011549922], [122.15115878567704, 7.00298997737238], [122.14210595265318, 7.002973551398788], [122.14212246917464, 6.9939286069958655], [122.15117512796097, 6.993945011549922]]]}, "properties": {"grid_id": "27_15", "pred_scaled_catboost": 0.3085288110018895, "pred_scaled_rf": 0.3478485413217638, "barangay_name_clean": "LANZONES", "lon": 122.14664058560024, "lat": 6.99845930134292}}, {"type": "Feature", "geometry": {"type": "Polygon", "coordinates": [[[122.15115878567704, 7.00298997737238], [122.1511424217469, 7.012034939686337], [122.14208941425476, 7.0120184922924205], [122.14210595265318, 7.002973551398788], [122.15115878567704, 7.00298997737238]]]}, "properties": {"grid_id": "27_16", "pred_scaled_catboost": 0.2742086615045854, "pred_scaled_rf": 0.2647285333912199, "barangay_name_clean": "GUISAO", "lon": 122.14662414531672, "lat": 7.0075042547201}}, {"type": "Feature", "geometry": {"type": "Polygon", "coordinates": [[[122.1511424217469, 7.012034939686337], [122.15112603616849, 7.02107989848735], [122.14207285397724, 7.021063429672317], [122.14208941425476, 7.0120184922924205], [122.1511424217469, 7.012034939686337]]]}, "properties": {"grid_id": "27_17", "pred_scaled_catboost": 0.2964575913759019, "pred_scaled_rf": 0.2952184072437975, "barangay_name_clean": "CACAO", "lon": 122.14660768327056, "lat": 7.0165492045861635}}, {"type": "Feature", "geometry": {"type": "Polygon", "coordinates": [[[122.15112603616849, 7.02107989848735], [122.15110962893976, 7.0301248537709755], [122.1420562718186, 7.030108363534037], [122.14207285397724, 7.021063429672317], [122.15112603616849, 7.02107989848735]]]}, "properties": {"grid_id": "27_18", "pred_scaled_catboost": 0.2984785865060232, "pred_scaled_rf": 0.2936096264231158, "barangay_name_clean": "CACAO", "lon": 122.1465911994597, "lat": 7.025594150936665}}, {"type": "Feature", "geometry": {"type": "Polygon", "coordinates": [[[122.15110962893976, 7.0301248537709755], [122.15109320005868, 7.03916980553278], [122.14203966777673, 7.039153293873137], [122.1420562718186, 7.030108363534037], [122.15110962893976, 7.0301248537709755]]]}, "properties": {"grid_id": "27_19", "pred_scaled_catboost": 0.2915225185604211, "pred_scaled_rf": 0.3067994165695099, "barangay_name_clean": "CACAO", "lon": 122.14657469388207, "lat": 7.03463909376717}}, {"type": "Feature", "geometry": {"type": "Polygon", "coordinates": [[[122.15109320005868, 7.03916980553278], [122.15107674952314, 7.0482147537683115], [122.14202304184958, 7.048198220685175], [122.14203966777673, 7.039153293873137], [122.15109320005868, 7.03916980553278]]]}, "properties": {"grid_id": "27_20", "pred_scaled_catboost": 0.3964656930907225, "pred_scaled_rf": 0.3920510780527396, "barangay_name_clean": "TOLOSA", "lon": 122.14655816653563, "lat": 7.0436840330732275}}, {"type": "Feature", "geometry": {"type": "Polygon", "coordinates": [[[122.15107674952314, 7.0482147537683115], [122.15106027733114, 7.057259698473138], [122.14200639403504, 7.057243143965709], [122.14202304184958, 7.048198220685175], [122.15107674952314, 7.0482147537683115]]]}, "properties": {"grid_id": "27_21", "pred_scaled_catboost": 0.3813379620802238, "pred_scaled_rf": 0.3387844708649413, "barangay_name_clean": "TOLOSA", "lon": 122.1465416174183, "lat": 7.052728968850405}}, {"type": "Feature", "geometry": {"type": "Polygon", "coordinates": [[[122.15106027733114, 7.057259698473138], [122.15104378348057, 7.066304639642818], [122.14198972433101, 7.066288063710301], [122.14200639403504, 7.057243143965709], [122.15106027733114, 7.057259698473138]]]}, "properties": {"grid_id": "27_22", "pred_scaled_catboost": 0.3255593178626824, "pred_scaled_rf": 0.3419887317810176, "barangay_name_clean": "LAPAKAN", "lon": 122.14652504652796, "lat": 7.061773901094256}}, {"type": "Feature", "geometry": {"type": "Polygon", "coordinates": [[[122.15104378348057, 7.066304639642818], [122.1510272679694, 7.07534957727291], [122.14197303273544, 7.075332979914506], [122.14198972433101, 7.066288063710301], [122.15104378348057, 7.066304639642818]]]}, "properties": {"grid_id": "27_23", "pred_scaled_catboost": 0.378002086577343, "pred_scaled_rf": 0.3528208285131663, "barangay_name_clean": "TOLOSA", "lon": 122.14650845386257, "lat": 7.07081882980034}}, {"type": "Feature", "geometry": {"type": "Polygon", "coordinates": [[[122.1510272679694, 7.07534957727291], [122.15101073079549, 7.084394511358975], [122.1419563192462, 7.084377892573887], [122.14197303273544, 7.075332979914506], [122.1510272679694, 7.07534957727291]]]}, "properties": {"grid_id": "27_24", "pred_scaled_catboost": 0.3518144711581986, "pred_scaled_rf": 0.3680456806291948, "barangay_name_clean": "LAMISAHAN", "lon": 122.14649183942007, "lat": 7.079863754964219}}, {"type": "Feature", "geometry": {"type": "Polygon", "coordinates": [[[122.15101073079549, 7.084394511358975], [122.15099417195687, 7.093439441896572], [122.14193958386122, 7.0934228016839995], [122.1419563192462, 7.084377892573887], [122.15101073079549, 7.084394511358975]]]}, "properties": {"grid_id": "27_25", "pred_scaled_catboost": 0.3371694321832991, "pred_scaled_rf": 0.3635545411950125, "barangay_name_clean": "BUNGUIAO", "lon": 122.14647520319835, "lat": 7.088908676581457}}, {"type": "Feature", "geometry": {"type": "Polygon", "coordinates": [[[122.15099417195687, 7.093439441896572], [122.15097759145135, 7.102484368881266], [122.14192282657838, 7.102467707240409], [122.14193958386122, 7.0934228016839995], [122.15099417195687, 7.093439441896572]]]}, "properties": {"grid_id": "27_26", "pred_scaled_catboost": 0.3137379364526496, "pred_scaled_rf": 0.3456099405458343, "barangay_name_clean": "BUNGUIAO", "lon": 122.14645854519534, "lat": 7.097953594647602}}, {"type": "Feature", "geometry": {"type": "Polygon", "coordinates": [[[122.15097759145135, 7.102484368881266], [122.15096098927694, 7.111529292308617], [122.1419060473956, 7.111512609238673], [122.14192282657838, 7.102467707240409], [122.15097759145135, 7.102484368881266]]]}, "properties": {"grid_id": "27_27", "pred_scaled_catboost": 0.3262560472719182, "pred_scaled_rf": 0.3402867073830971, "barangay_name_clean": "BUNGUIAO", "lon": 122.14644186540889, "lat": 7.106998509158228}}, {"type": "Feature", "geometry": {"type": "Polygon", "coordinates": [[[122.15096098927694, 7.111529292308617], [122.15094436543151, 7.120574212174186], [122.14188924631075, 7.120557507674354], [122.1419060473956, 7.111512609238673], [122.15096098927694, 7.111529292308617]]]}, "properties": {"grid_id": "27_28", "pred_scaled_catboost": 0.3272580541074577, "pred_scaled_rf": 0.33524204309559, "barangay_name_clean": "BUNGUIAO", "lon": 122.14642516383698, "lat": 7.116043420108892}}, {"type": "Feature", "geometry": {"type": "Polygon", "coordinates": [[[122.15094436543151, 7.120574212174186], [122.15092771991297, 7.1296191284735375], [122.14187242332173, 7.12960240254301], [122.14188924631075, 7.120557507674354], [122.15094436543151, 7.120574212174186]]]}, "properties": {"grid_id": "27_29", "pred_scaled_catboost": 0.3223973444410016, "pred_scaled_rf": 0.3402841204332471, "barangay_name_clean": "BUNGUIAO", "lon": 122.14640844047747, "lat": 7.125088327495153}}, {"type": "Feature", "geometry": {"type": "Polygon", "coordinates": [[[122.15092771991297, 7.1296191284735375], [122.15091105271927, 7.13866404120223], [122.14185557842649, 7.138647293840206], [122.14187242332173, 7.12960240254301], [122.15092771991297, 7.1296191284735375]]]}, "properties": {"grid_id": "27_30", "pred_scaled_catboost": 0.3242582376741802, "pred_scaled_rf": 0.3344986359481512, "barangay_name_clean": "BUNGUIAO", "lon": 122.14639169532835, "lat": 7.134133231312574}}, {"type": "Feature", "geometry": {"type": "Polygon", "coordinates": [[[122.15091105271927, 7.13866404120223], [122.1508943638483, 7.147708950355833], [122.1418387116228, 7.147692181561502], [122.14185557842649, 7.138647293840206], [122.15091105271927, 7.13866404120223]]]}, "properties": {"grid_id": "27_31", "pred_scaled_catboost": 0.3171464394133227, "pred_scaled_rf": 0.3456441781248142, "barangay_name_clean": "BUNGUIAO", "lon": 122.1463749283874, "lat": 7.1431781315567235}}, {"type": "Feature", "geometry": {"type": "Polygon", "coordinates": [[[122.1508943638483, 7.147708950355833], [122.15087765329795, 7.156753855929907], [122.14182182290864, 7.156737065702462], [122.1418387116228, 7.147692181561502], [122.1508943638483, 7.147708950355833]]]}, "properties": {"grid_id": "27_32", "pred_scaled_catboost": 0.3615505492072625, "pred_scaled_rf": 0.3770905357075941, "barangay_name_clean": "BUNGUIAO", "lon": 122.14635813965255, "lat": 7.152223028223152}}, {"type": "Feature", "geometry": {"type": "Polygon", "coordinates": [[[122.15087765329795, 7.156753855929907], [122.15086092106617, 7.16579875792001], [122.14180491228187, 7.1657819462586465], [122.14182182290864, 7.156737065702462], [122.15087765329795, 7.156753855929907]]]}, "properties": {"grid_id": "27_33", "pred_scaled_catboost": 0.3768970508297242, "pred_scaled_rf": 0.409976220994445, "barangay_name_clean": NaN, "lon": 122.14634132912174, "lat": 7.1612679213074335}}, {"type": "Feature", "geometry": {"type": "Polygon", "coordinates": [[[122.15086092106617, 7.16579875792001], [122.15084416715081, 7.1748436563217135], [122.14178797974036, 7.174826823225622], [122.14180491228187, 7.1657819462586465], [122.15086092106617, 7.16579875792001]]]}, "properties": {"grid_id": "27_34", "pred_scaled_catboost": 0.3413382908924099, "pred_scaled_rf": 0.3569325061450122, "barangay_name_clean": "DULIAN", "lon": 122.14632449679286, "lat": 7.170312810805127}}, {"type": "Feature", "geometry": {"type": "Polygon", "coordinates": [[[122.15084416715081, 7.1748436563217135], [122.15082739154978, 7.183888551130582], [122.14177102528197, 7.183871696598946], [122.14178797974036, 7.174826823225622], [122.15084416715081, 7.1748436563217135]]]}, "properties": {"grid_id": "27_35", "pred_scaled_catboost": 0.3396360851689974, "pred_scaled_rf": 0.352707248053755, "barangay_name_clean": "DULIAN", "lon": 122.14630764266373, "lat": 7.179357696711795}}, {"type": "Feature", "geometry": {"type": "Polygon", "coordinates": [[[122.15082739154978, 7.183888551130582], [122.150810594261, 7.192933442342174], [122.14175404890459, 7.192916566374188], [122.14177102528197, 7.183871696598946], [122.15082739154978, 7.183888551130582]]]}, "properties": {"grid_id": "27_36", "pred_scaled_catboost": 0.3794145515386045, "pred_scaled_rf": 0.3819589434155299, "barangay_name_clean": NaN, "lon": 122.1462907667323, "lat": 7.1884025790230055}}, {"type": "Feature", "geometry": {"type": "Polygon", "coordinates": [[[122.150810594261, 7.192933442342174], [122.15079377528235, 7.20197832995206], [122.1417370506061, 7.20196143254691], [122.14175404890459, 7.192916566374188], [122.150810594261, 7.192933442342174]]]}, "properties": {"grid_id": "27_37", "pred_scaled_catboost": 0.3761507673563756, "pred_scaled_rf": 0.3956591438672879, "barangay_name_clean": NaN, "lon": 122.14627386899647, "lat": 7.197447457734319}}, {"type": "Feature", "geometry": {"type": "Polygon", "coordinates": [[[122.15079377528235, 7.20197832995206], [122.15077693461171, 7.211023213955806], [122.14172003038432, 7.2110062951126785], [122.1417370506061, 7.20196143254691], [122.15079377528235, 7.20197832995206]]]}, "properties": {"grid_id": "27_38", "pred_scaled_catboost": 0.3794514424514533, "pred_scaled_rf": 0.3990010347951655, "barangay_name_clean": NaN, "lon": 122.14625694945403, "lat": 7.206492332841305}}, {"type": "Feature", "geometry": {"type": "Polygon", "coordinates": [[[122.15077693461171, 7.211023213955806], [122.15076007224697, 7.2200680943489735], [122.14170298823718, 7.220051154067052], [122.14172003038432, 7.2110062951126785], [122.15077693461171, 7.211023213955806]]]}, "properties": {"grid_id": "27_39", "pred_scaled_catboost": 0.3766386623930747, "pred_scaled_rf": 0.3915437538420831, "barangay_name_clean": NaN, "lon": 122.14624000810291, "lat": 7.215537204339521}}, {"type": "Feature", "geometry": {"type": "Polygon", "coordinates": [[[122.15076007224697, 7.2200680943489735], [122.15074318818601, 7.229112971127132], [122.1416859241625, 7.229096009405603], [122.14170298823718, 7.220051154067052], [122.15076007224697, 7.2200680943489735]]]}, "properties": {"grid_id": "27_40", "pred_scaled_catboost": 0.3860932171492842, "pred_scaled_rf": 0.4025331012372692, "barangay_name_clean": NaN, "lon": 122.146223044941, "lat": 7.224582072224541}}, {"type": "Feature", "geometry": {"type": "Polygon", "coordinates": [[[122.15074318818601, 7.229112971127132], [122.15072628242675, 7.238157844285848], [122.14166883815815, 7.238140861123893], [122.1416859241625, 7.229096009405603], [122.15074318818601, 7.229112971127132]]]}, "properties": {"grid_id": "27_41", "pred_scaled_catboost": 0.3671508929256791, "pred_scaled_rf": 0.4074851668724703, "barangay_name_clean": NaN, "lon": 122.14620605996615, "lat": 7.233626936491927}}, {"type": "Feature", "geometry": {"type": "Polygon", "coordinates": [[[122.15072628242675, 7.238157844285848], [122.15070935496699, 7.247202713820687], [122.141651730222, 7.247185709217489], [122.14166883815815, 7.238140861123893], [122.15072628242675, 7.238157844285848]]]}, "properties": {"grid_id": "27_42", "pred_scaled_catboost": 0.3298482397789558, "pred_scaled_rf": 0.3272654155836186, "barangay_name_clean": "CURUAN", "lon": 122.14618905317624, "lat": 7.24267179713724}}, {"type": "Feature", "geometry": {"type": "Polygon", "coordinates": [[[122.15070935496699, 7.247202713820687], [122.15069240580468, 7.256247579727217], [122.14163460035186, 7.256230553681957], [122.141651730222, 7.247185709217489], [122.15070935496699, 7.247202713820687]]]}, "properties": {"grid_id": "27_43", "pred_scaled_catboost": 0.340161578904905, "pred_scaled_rf": 0.3219161630935501, "barangay_name_clean": "CURUAN", "lon": 122.14617202456908, "lat": 7.251716654156057}}, {"type": "Feature", "geometry": {"type": "Polygon", "coordinates": [[[122.15069240580468, 7.256247579727217], [122.15067543493768, 7.265292442001005], [122.14161744854563, 7.265275394512864], [122.14163460035186, 7.256230553681957], [122.15069240580468, 7.256247579727217]]]}, "properties": {"grid_id": "27_44", "pred_scaled_catboost": 0.3360361053891281, "pred_scaled_rf": 0.3396883876049038, "barangay_name_clean": "CURUAN", "lon": 122.14615497414265, "lat": 7.260761507543941}}, {"type": "Feature", "geometry": {"type": "Polygon", "coordinates": [[[122.15067543493768, 7.265292442001005], [122.15065844236382, 7.274337300637623], [122.14160027480115, 7.274320231705776], [122.14161744854563, 7.265275394512864], [122.15067543493768, 7.265292442001005]]]}, "properties": {"grid_id": "27_45", "pred_scaled_catboost": 0.3314776298405067, "pred_scaled_rf": 0.3402302428191051, "barangay_name_clean": "CURUAN", "lon": 122.14613790189468, "lat": 7.269806357296453}}, {"type": "Feature", "geometry": {"type": "Polygon", "coordinates": [[[122.16043604508353, 6.876376093754261], [122.1604201552562, 6.885421125965181], [122.15136954770696, 6.885405149634601], [122.15138560877558, 6.876360138605989], [122.16043604508353, 6.876376093754261]]]}, "properties": {"grid_id": "28_2", "pred_scaled_catboost": 0.2315409358402266, "pred_scaled_rf": 0.3632408590923765, "barangay_name_clean": NaN, "lon": 122.15590284092146, "lat": 6.880890641257587}}, {"type": "Feature", "geometry": {"type": "Polygon", "coordinates": [[[122.1604201552562, 6.885421125965181], [122.16040424403958, 6.894466154726143], [122.15135346501852, 6.894450157212488], [122.15136954770696, 6.885405149634601], [122.1604201552562, 6.885421125965181]]]}, "properties": {"grid_id": "28_3", "pred_scaled_catboost": 0.2312963766475972, "pred_scaled_rf": 0.3625191445818826, "barangay_name_clean": NaN, "lon": 122.15588685472116, "lat": 6.889935661171113}}, {"type": "Feature", "geometry": {"type": "Polygon", "coordinates": [[[122.16038831143169, 6.903511180032702], [122.1603723574305, 6.912556201880414], [122.15132123477422, 6.9125401619983], [122.15133736070828, 6.903495161335205], [122.16038831143169, 6.903511180032702]]]}, "properties": {"grid_id": "28_5", "pred_scaled_catboost": 0.201744855471967, "pred_scaled_rf": 0.2340483790424396, "barangay_name_clean": "MAMPANG", "lon": 122.15585481780195, "lat": 6.908025690636025}}, {"type": "Feature", "geometry": {"type": "Polygon", "coordinates": [[[122.1603723574305, 6.912556201880414], [122.16035638203402, 6.921601220264834], [122.15130508721427, 6.921585159197335], [122.15132123477422, 6.9125401619983], [122.1603723574305, 6.912556201880414]]]}, "properties": {"grid_id": "28_6", "pred_scaled_catboost": 0.2581576909443027, "pred_scaled_rf": 0.2088876546780656, "barangay_name_clean": "ARENA BLANCO", "lon": 122.15583876707899, "lat": 6.917070700178523}}, {"type": "Feature", "geometry": {"type": "Polygon", "coordinates": [[[122.16035638203402, 6.921601220264834], [122.16034038524029, 6.930646235181513], [122.1512889180265, 6.930630152927857], [122.15130508721427, 6.921585159197335], [122.16035638203402, 6.921601220264834]]]}, "properties": {"grid_id": "28_7", "pred_scaled_catboost": 0.2527734091537981, "pred_scaled_rf": 0.2162412161473706, "barangay_name_clean": "MERCEDES", "lon": 122.15582269484445, "lat": 6.926115706255117}}, {"type": "Feature", "geometry": {"type": "Polygon", "coordinates": [[[122.16034038524029, 6.930646235181513], [122.16032436704725, 6.939691246626013], [122.15127272720879, 6.939675143185425], [122.1512889180265, 6.930630152927857], [122.16034038524029, 6.930646235181513]]]}, "properties": {"grid_id": "28_8", "pred_scaled_catboost": 0.3025184476025018, "pred_scaled_rf": 0.322465826356614, "barangay_name_clean": "MERCEDES", "lon": 122.15580660109636, "lat": 6.9351607088613685}}, {"type": "Feature", "geometry": {"type": "Polygon", "coordinates": [[[122.16032436704725, 6.939691246626013], [122.16030832745294, 6.948736254593889], [122.15125651475918, 6.9487201299655945], [122.15127272720879, 6.939675143185425], [122.16032436704725, 6.939691246626013]]]}, "properties": {"grid_id": "28_9", "pred_scaled_catboost": 0.2995486890800222, "pred_scaled_rf": 0.3250599331463872, "barangay_name_clean": "MERCEDES", "lon": 122.15579048583267, "lat": 6.944205707992828}}, {"type": "Feature", "geometry": {"type": "Polygon", "coordinates": [[[122.16030832745294, 6.948736254593889], [122.16029226645531, 6.957781259080698], [122.15124028067561, 6.957765113263922], [122.15125651475918, 6.9487201299655945], [122.16030832745294, 6.948736254593889]]]}, "properties": {"grid_id": "28_10", "pred_scaled_catboost": 0.26435420785829, "pred_scaled_rf": 0.300010079318878, "barangay_name_clean": "MERCEDES", "lon": 122.15577434905136, "lat": 6.953250703645061}}, {"type": "Feature", "geometry": {"type": "Polygon", "coordinates": [[[122.16029226645531, 6.957781259080698], [122.16027618405236, 6.966826260081994], [122.15122402495602, 6.966810093075963], [122.15124028067561, 6.957765113263922], [122.16029226645531, 6.957781259080698]]]}, "properties": {"grid_id": "28_11", "pred_scaled_catboost": 0.2662607586240171, "pred_scaled_rf": 0.3008302340383159, "barangay_name_clean": "MERCEDES", "lon": 122.15575819075036, "lat": 6.962295695813613}}, {"type": "Feature", "geometry": {"type": "Polygon", "coordinates": [[[122.16027618405236, 6.966826260081994], [122.16026008024208, 6.975871257593339], [122.15120774759843, 6.975855069397269], [122.15122402495602, 6.966810093075963], [122.16027618405236, 6.966826260081994]]]}, "properties": {"grid_id": "28_12", "pred_scaled_catboost": 0.2350916358531659, "pred_scaled_rf": 0.2703636161037175, "barangay_name_clean": "CULIANAN", "lon": 122.15574201092774, "lat": 6.971340684494044}}, {"type": "Feature", "geometry": {"type": "Polygon", "coordinates": [[[122.16026008024208, 6.975871257593339], [122.16024395502247, 6.984916251610288], [122.15119144860076, 6.984900042223405], [122.15120774759843, 6.975855069397269], [122.16026008024208, 6.975871257593339]]]}, "properties": {"grid_id": "28_13", "pred_scaled_catboost": 0.2520664790427482, "pred_scaled_rf": 0.2397482740977203, "barangay_name_clean": "CULIANAN", "lon": 122.15572580958141, "lat": 6.980385669681917}}, {"type": "Feature", "geometry": {"type": "Polygon", "coordinates": [[[122.16024395502247, 6.984916251610288], [122.16022780839147, 6.9939612421284], [122.15117512796097, 6.993945011549922], [122.15119144860076, 6.984900042223405], [122.16024395502247, 6.984916251610288]]]}, "properties": {"grid_id": "28_14", "pred_scaled_catboost": 0.2849472550127558, "pred_scaled_rf": 0.2795274602358415, "barangay_name_clean": "GUISAO", "lon": 122.15570958670936, "lat": 6.98943065137278}}, {"type": "Feature", "geometry": {"type": "Polygon", "coordinates": [[[122.16022780839147, 6.9939612421284], [122.16021164034709, 7.0030062291432325], [122.15115878567704, 7.00298997737238], [122.15117512796097, 6.993945011549922], [122.16022780839147, 6.9939612421284]]]}, "properties": {"grid_id": "28_15", "pred_scaled_catboost": 0.266173636174201, "pred_scaled_rf": 0.2826121868131135, "barangay_name_clean": "GUISAO", "lon": 122.15569334230953, "lat": 6.998475629562197}}, {"type": "Feature", "geometry": {"type": "Polygon", "coordinates": [[[122.16021164034709, 7.0030062291432325], [122.16019545088729, 7.012051212650345], [122.1511424217469, 7.012034939686337], [122.15115878567704, 7.00298997737238], [122.16021164034709, 7.0030062291432325]]]}, "properties": {"grid_id": "28_16", "pred_scaled_catboost": 0.2653137051189085, "pred_scaled_rf": 0.2421616682351977, "barangay_name_clean": "GUISAO", "lon": 122.15567707637993, "lat": 7.007520604245727}}, {"type": "Feature", "geometry": {"type": "Polygon", "coordinates": [[[122.16019545088729, 7.012051212650345], [122.16017924001002, 7.021096192645296], [122.15112603616849, 7.02107989848735], [122.1511424217469, 7.012034939686337], [122.16019545088729, 7.012051212650345]]]}, "properties": {"grid_id": "28_17", "pred_scaled_catboost": 0.2795795262128441, "pred_scaled_rf": 0.2765875103303651, "barangay_name_clean": "CACAO", "lon": 122.1556607889185, "lat": 7.016565575418924}}, {"type": "Feature", "geometry": {"type": "Polygon", "coordinates": [[[122.16017924001002, 7.021096192645296], [122.1601630077133, 7.030141169123647], [122.15110962893976, 7.0301248537709755], [122.15112603616849, 7.02107989848735], [122.16017924001002, 7.021096192645296]]]}, "properties": {"grid_id": "28_18", "pred_scaled_catboost": 0.2853771981567684, "pred_scaled_rf": 0.2787213906300891, "barangay_name_clean": "CACAO", "lon": 122.15564447992318, "lat": 7.025610543077351}}, {"type": "Feature", "geometry": {"type": "Polygon", "coordinates": [[[122.1601630077133, 7.030141169123647], [122.16014675399504, 7.0391861420809585], [122.15109320005868, 7.03916980553278], [122.15110962893976, 7.0301248537709755], [122.1601630077133, 7.030141169123647]]]}, "properties": {"grid_id": "28_19", "pred_scaled_catboost": 0.3311667111549027, "pred_scaled_rf": 0.2950656119844732, "barangay_name_clean": "LAPAKAN", "lon": 122.15562814939194, "lat": 7.034655507216562}}, {"type": "Feature", "geometry": {"type": "Polygon", "coordinates": [[[122.16014675399504, 7.0391861420809585], [122.16013047885323, 7.048231111512786], [122.15107674952314, 7.0482147537683115], [122.15109320005868, 7.03916980553278], [122.16014675399504, 7.0391861420809585]]]}, "properties": {"grid_id": "28_20", "pred_scaled_catboost": 0.3228339418353178, "pred_scaled_rf": 0.2985288027448676, "barangay_name_clean": "LAPAKAN", "lon": 122.15561179732275, "lat": 7.043700467832125}}, {"type": "Feature", "geometry": {"type": "Polygon", "coordinates": [[[122.16013047885323, 7.048231111512786], [122.16011418228584, 7.057276077414694], [122.15106027733114, 7.057259698473138], [122.15107674952314, 7.0482147537683115], [122.16013047885323, 7.048231111512786]]]}, "properties": {"grid_id": "28_21", "pred_scaled_catboost": 0.3104537421659376, "pred_scaled_rf": 0.3348190082352728, "barangay_name_clean": "LAPAKAN", "lon": 122.15559542371354, "lat": 7.05274542491959}}, {"type": "Feature", "geometry": {"type": "Polygon", "coordinates": [[[122.16011418228584, 7.057276077414694], [122.16009786429079, 7.066321039782244], [122.15104378348057, 7.066304639642818], [122.15106027733114, 7.057259698473138], [122.16011418228584, 7.057276077414694]]]}, "properties": {"grid_id": "28_22", "pred_scaled_catboost": 0.3174882562207156, "pred_scaled_rf": 0.3427945017052797, "barangay_name_clean": "LAMISAHAN", "lon": 122.15557902856222, "lat": 7.061790378474522}}, {"type": "Feature", "geometry": {"type": "Polygon", "coordinates": [[[122.16009786429079, 7.066321039782244], [122.16008152486604, 7.075365998610991], [122.1510272679694, 7.07534957727291], [122.15104378348057, 7.066304639642818], [122.16009786429079, 7.066321039782244]]]}, "properties": {"grid_id": "28_23", "pred_scaled_catboost": 0.3507704311368756, "pred_scaled_rf": 0.3619236447567365, "barangay_name_clean": "LAMISAHAN", "lon": 122.15556261186681, "lat": 7.07083532849248}}, {"type": "Feature", "geometry": {"type": "Polygon", "coordinates": [[[122.16008152486604, 7.075365998610991], [122.1600651640096, 7.084410953896508], [122.15101073079549, 7.084394511358975], [122.1510272679694, 7.07534957727291], [122.16008152486604, 7.075365998610991]]]}, "properties": {"grid_id": "28_24", "pred_scaled_catboost": 0.3223182296069514, "pred_scaled_rf": 0.3395927684565384, "barangay_name_clean": "LAMISAHAN", "lon": 122.1555461736252, "lat": 7.079880274969035}}, {"type": "Feature", "geometry": {"type": "Polygon", "coordinates": [[[122.1600651640096, 7.084410953896508], [122.16004878171934, 7.093455905634345], [122.15099417195687, 7.093439441896572], [122.15101073079549, 7.084394511358975], [122.1600651640096, 7.084410953896508]]]}, "properties": {"grid_id": "28_25", "pred_scaled_catboost": 0.3454037772651129, "pred_scaled_rf": 0.3548434527283512, "barangay_name_clean": "BUNGUIAO", "lon": 122.15552971383534, "lat": 7.088925217899726}}, {"type": "Feature", "geometry": {"type": "Polygon", "coordinates": [[[122.16004878171934, 7.093455905634345], [122.16003237799326, 7.102500853820072], [122.15097759145135, 7.102484368881266], [122.15099417195687, 7.093439441896572], [122.16004878171934, 7.093455905634345]]]}, "properties": {"grid_id": "28_26", "pred_scaled_catboost": 0.3414188141551673, "pred_scaled_rf": 0.3546915205319828, "barangay_name_clean": "BUNGUIAO", "lon": 122.15551323249518, "lat": 7.097970157280141}}, {"type": "Feature", "geometry": {"type": "Polygon", "coordinates": [[[122.16003237799326, 7.102500853820072], [122.1600159528293, 7.111545798449247], [122.15096098927694, 7.111529292308617], [122.15097759145135, 7.102484368881266], [122.16003237799326, 7.102500853820072]]]}, "properties": {"grid_id": "28_27", "pred_scaled_catboost": 0.3311554514653317, "pred_scaled_rf": 0.3300353419394733, "barangay_name_clean": "BUNGUIAO", "lon": 122.15549672960265, "lat": 7.107015093105823}}, {"type": "Feature", "geometry": {"type": "Polygon", "coordinates": [[[122.1600159528293, 7.111545798449247], [122.15999950622533, 7.120590739517437], [122.15094436543151, 7.120574212174186], [122.15096098927694, 7.111529292308617], [122.1600159528293, 7.111545798449247]]]}, "properties": {"grid_id": "28_28", "pred_scaled_catboost": 0.3153255212634642, "pred_scaled_rf": 0.344159901090715, "barangay_name_clean": "BUNGUIAO", "lon": 122.15548020515568, "lat": 7.116060025372339}}, {"type": "Feature", "geometry": {"type": "Polygon", "coordinates": [[[122.15999950622533, 7.120590739517437], [122.15998303817939, 7.129635677020203], [122.15092771991297, 7.1296191284735375], [122.15094436543151, 7.120574212174186], [122.15999950622533, 7.120590739517437]]]}, "properties": {"grid_id": "28_29", "pred_scaled_catboost": 0.3284449039198276, "pred_scaled_rf": 0.3499968848090835, "barangay_name_clean": "BUNGUIAO", "lon": 122.15546365915216, "lat": 7.12510495407526}}, {"type": "Feature", "geometry": {"type": "Polygon", "coordinates": [[[122.15998303817939, 7.129635677020203], [122.15996654868935, 7.13868061095311], [122.15091105271927, 7.13866404120223], [122.15092771991297, 7.1296191284735375], [122.15998303817939, 7.129635677020203]]]}, "properties": {"grid_id": "28_30", "pred_scaled_catboost": 0.3284933937149714, "pred_scaled_rf": 0.3363090054751607, "barangay_name_clean": "BUNGUIAO", "lon": 122.15544709159008, "lat": 7.134149879210136}}, {"type": "Feature", "geometry": {"type": "Polygon", "coordinates": [[[122.15996654868935, 7.13868061095311], [122.15995003775315, 7.147725541311722], [122.1508943638483, 7.147708950355833], [122.15091105271927, 7.13866404120223], [122.15996654868935, 7.13868061095311]]]}, "properties": {"grid_id": "28_31", "pred_scaled_catboost": 0.3210040966493004, "pred_scaled_rf": 0.3397161322744414, "barangay_name_clean": "DULIAN", "lon": 122.15543050246731, "lat": 7.1431948007725365}}, {"type": "Feature", "geometry": {"type": "Polygon", "coordinates": [[[122.15995003775315, 7.147725541311722], [122.15993350536874, 7.1567704680916036], [122.15087765329795, 7.156753855929907], [122.1508943638483, 7.147708950355833], [122.15995003775315, 7.147725541311722]]]}, "properties": {"grid_id": "28_32", "pred_scaled_catboost": 0.3304450380577351, "pred_scaled_rf": 0.331815978532889, "barangay_name_clean": "DULIAN", "lon": 122.15541389178179, "lat": 7.1522397187580316}}, {"type": "Feature", "geometry": {"type": "Polygon", "coordinates": [[[122.15993350536874, 7.1567704680916036], [122.159916951534, 7.165815391288318], [122.15086092106617, 7.16579875792001], [122.15087765329795, 7.156753855929907], [122.15993350536874, 7.1567704680916036]]]}, "properties": {"grid_id": "28_33", "pred_scaled_catboost": 0.314476521517514, "pred_scaled_rf": 0.334811281594178, "barangay_name_clean": "DULIAN", "lon": 122.15539725953141, "lat": 7.161284633162171}}, {"type": "Feature", "geometry": {"type": "Polygon", "coordinates": [[[122.159916951534, 7.165815391288318], [122.15990037624692, 7.174860310897431], [122.15084416715081, 7.1748436563217135], [122.15086092106617, 7.16579875792001], [122.159916951534, 7.165815391288318]]]}, "properties": {"grid_id": "28_34", "pred_scaled_catboost": 0.3442199263719842, "pred_scaled_rf": 0.3557323097604443, "barangay_name_clean": NaN, "lon": 122.15538060571417, "lat": 7.170329543980534}}, {"type": "Feature", "geometry": {"type": "Polygon", "coordinates": [[[122.15990037624692, 7.174860310897431], [122.15988377950538, 7.183905226914509], [122.15082739154978, 7.183888551130582], [122.15084416715081, 7.1748436563217135], [122.15990037624692, 7.174860310897431]]]}, "properties": {"grid_id": "28_35", "pred_scaled_catboost": 0.3146447397300247, "pred_scaled_rf": 0.331956537191637, "barangay_name_clean": "CURUAN", "lon": 122.15536393032787, "lat": 7.179374451208677}}, {"type": "Feature", "geometry": {"type": "Polygon", "coordinates": [[[122.15988377950538, 7.183905226914509], [122.15986716130729, 7.192950139335116], [122.150810594261, 7.192933442342174], [122.15082739154978, 7.183888551130582], [122.15988377950538, 7.183905226914509]]]}, "properties": {"grid_id": "28_36", "pred_scaled_catboost": 0.3215504626734148, "pred_scaled_rf": 0.3302063976040469, "barangay_name_clean": "CURUAN", "lon": 122.15534723337046, "lat": 7.188419354842162}}, {"type": "Feature", "geometry": {"type": "Polygon", "coordinates": [[[122.15986716130729, 7.192950139335116], [122.15985052165058, 7.20199504815482], [122.15079377528235, 7.20197832995206], [122.150810594261, 7.192933442342174], [122.15986716130729, 7.192950139335116]]]}, "properties": {"grid_id": "28_37", "pred_scaled_catboost": 0.3079595203079482, "pred_scaled_rf": 0.3370217982483008, "barangay_name_clean": "CURUAN", "lon": 122.15533051483989, "lat": 7.197464254876564}}, {"type": "Feature", "geometry": {"type": "Polygon", "coordinates": [[[122.15985052165058, 7.20199504815482], [122.15983386053317, 7.211039953369186], [122.15077693461171, 7.211023213955806], [122.15079377528235, 7.20197832995206], [122.15985052165058, 7.20199504815482]]]}, "properties": {"grid_id": "28_38", "pred_scaled_catboost": 0.341305766884012, "pred_scaled_rf": 0.3468278823204048, "barangay_name_clean": "CURUAN", "lon": 122.15531377473395, "lat": 7.206509151307443}}, {"type": "Feature", "geometry": {"type": "Polygon", "coordinates": [[[122.15983386053317, 7.211039953369186], [122.15981717795297, 7.220084854973785], [122.15076007224697, 7.2200680943489735], [122.15077693461171, 7.211023213955806], [122.15983386053317, 7.211039953369186]]]}, "properties": {"grid_id": "28_39", "pred_scaled_catboost": 0.3829220456296461, "pred_scaled_rf": 0.3361053422578538, "barangay_name_clean": "CURUAN", "lon": 122.15529701305071, "lat": 7.215554044130371}}, {"type": "Feature", "geometry": {"type": "Polygon", "coordinates": [[[122.15981717795297, 7.220084854973785], [122.15980047390786, 7.229129752964179], [122.15074318818601, 7.229112971127132], [122.15076007224697, 7.2200680943489735], [122.15981717795297, 7.220084854973785]]]}, "properties": {"grid_id": "28_40", "pred_scaled_catboost": 0.3716168739663366, "pred_scaled_rf": 0.3423030678760183, "barangay_name_clean": "CURUAN", "lon": 122.15528022978789, "lat": 7.224598933340904}}, {"type": "Feature", "geometry": {"type": "Polygon", "coordinates": [[[122.15980047390786, 7.229129752964179], [122.15978374839578, 7.2381746473359385], [122.15072628242675, 7.238157844285848], [122.15074318818601, 7.229112971127132], [122.15980047390786, 7.229129752964179]]]}, "properties": {"grid_id": "28_41", "pred_scaled_catboost": 0.3520641328266428, "pred_scaled_rf": 0.3585590277313508, "barangay_name_clean": "CURUAN", "lon": 122.15526342494351, "lat": 7.233643818934619}}, {"type": "Feature", "geometry": {"type": "Polygon", "coordinates": [[[122.15978374839578, 7.2381746473359385], [122.1597670014146, 7.24721953808463], [122.15070935496699, 7.247202713820687], [122.15072628242675, 7.238157844285848], [122.15978374839578, 7.2381746473359385]]]}, "properties": {"grid_id": "28_42", "pred_scaled_catboost": 0.3568710286223657, "pred_scaled_rf": 0.3544215150784377, "barangay_name_clean": "CURUAN", "lon": 122.15524659851539, "lat": 7.242688700907077}}, {"type": "Feature", "geometry": {"type": "Polygon", "coordinates": [[[122.1597670014146, 7.24721953808463], [122.15975023296221, 7.256264425205827], [122.15069240580468, 7.256247579727217], [122.15070935496699, 7.247202713820687], [122.1597670014146, 7.24721953808463]]]}, "properties": {"grid_id": "28_43", "pred_scaled_catboost": 0.3444402462154687, "pred_scaled_rf": 0.3244020828747273, "barangay_name_clean": "CURUAN", "lon": 122.15522975050143, "lat": 7.2517335792538455}}, {"type": "Feature", "geometry": {"type": "Polygon", "coordinates": [[[122.15975023296221, 7.256264425205827], [122.15973344303653, 7.265309308695089], [122.15067543493768, 7.265292442001005], [122.15069240580468, 7.256247579727217], [122.15975023296221, 7.256264425205827]]]}, "properties": {"grid_id": "28_44", "pred_scaled_catboost": 0.3454194792452107, "pred_scaled_rf": 0.3432204079471792, "barangay_name_clean": "CURUAN", "lon": 122.15521288089955, "lat": 7.260778453970497}}, {"type": "Feature", "geometry": {"type": "Polygon", "coordinates": [[[122.15973344303653, 7.265309308695089], [122.15971663163548, 7.27435418854799], [122.15065844236382, 7.274337300637623], [122.15067543493768, 7.265292442001005], [122.15973344303653, 7.265309308695089]]]}, "properties": {"grid_id": "28_45", "pred_scaled_catboost": 0.3498570197760291, "pred_scaled_rf": 0.3440494088017781, "barangay_name_clean": "CURUAN", "lon": 122.15519598970762, "lat": 7.269823325052602}}, {"type": "Feature", "geometry": {"type": "Polygon", "coordinates": [[[122.16947078419476, 6.885436931043462], [122.16945504445194, 6.894481980760436], [122.16040424403958, 6.894466154726143], [122.1604201552562, 6.885421125965181], [122.16947078419476, 6.885436931043462]]]}, "properties": {"grid_id": "29_3", "pred_scaled_catboost": 0.2379459910974226, "pred_scaled_rf": 0.3672475455978094, "barangay_name_clean": NaN, "lon": 122.16493755868309, "lat": 6.889951562410349}}, {"type": "Feature", "geometry": {"type": "Polygon", "coordinates": [[[122.16945504445194, 6.894481980760436], [122.16943928354836, 6.9035270270237685], [122.16038831143169, 6.903511180032702], [122.16040424403958, 6.894466154726143], [122.16945504445194, 6.894481980760436]]]}, "properties": {"grid_id": "29_4", "pred_scaled_catboost": 0.2369250714886511, "pred_scaled_rf": 0.3460524908510058, "barangay_name_clean": NaN, "lon": 122.16492172256528, "lat": 6.898996599941234}}, {"type": "Feature", "geometry": {"type": "Polygon", "coordinates": [[[122.16942350148207, 6.9125720698290145], [122.16940769825106, 6.921617109171732], [122.16035638203402, 6.921601220264834], [122.1603723574305, 6.912556201880414], [122.16942350148207, 6.9125720698290145]]]}, "properties": {"grid_id": "29_6", "pred_scaled_catboost": 0.2400989204207929, "pred_scaled_rf": 0.2466890637813843, "barangay_name_clean": NaN, "lon": 122.16488998649673, "lat": 6.917086664629835}}, {"type": "Feature", "geometry": {"type": "Polygon", "coordinates": [[[122.16939187385337, 6.930662145047474], [122.169376028287, 6.939707177451803], [122.16032436704725, 6.939691246626013], [122.16034038524029, 6.930646235181513], [122.16939187385337, 6.930662145047474]]]}, "properties": {"grid_id": "29_8", "pred_scaled_catboost": 0.3523123938840848, "pred_scaled_rf": 0.3793204870743848, "barangay_name_clean": "MERCEDES", "lon": 122.16485816530424, "lat": 6.935176715457902}}, {"type": "Feature", "geometry": {"type": "Polygon", "coordinates": [[[122.169376028287, 6.939707177451803], [122.16936016154999, 6.948752206380272], [122.16030832745294, 6.948736254593889], [122.16032436704725, 6.939691246626013], [122.169376028287, 6.939707177451803]]]}, "properties": {"grid_id": "29_9", "pred_scaled_catboost": 0.3635036465782971, "pred_scaled_rf": 0.403729562207581, "barangay_name_clean": "TALABAAN", "lon": 122.16484222278152, "lat": 6.9442217356631275}}, {"type": "Feature", "geometry": {"type": "Polygon", "coordinates": [[[122.16936016154999, 6.948752206380272], [122.16934427364033, 6.957797231828442], [122.16029226645531, 6.957781259080698], [122.16030832745294, 6.948736254593889], [122.16936016154999, 6.948752206380272]]]}, "properties": {"grid_id": "29_10", "pred_scaled_catboost": 0.3045696207757409, "pred_scaled_rf": 0.3203181617311948, "barangay_name_clean": "TALABAAN", "lon": 122.16482625897184, "lat": 6.953266752389894}}, {"type": "Feature", "geometry": {"type": "Polygon", "coordinates": [[[122.16934427364033, 6.957797231828442], [122.16932836455601, 6.966842253791868], [122.16027618405236, 6.966826260081994], [122.16029226645531, 6.957781259080698], [122.16934427364033, 6.957797231828442]]]}, "properties": {"grid_id": "29_11", "pred_scaled_catboost": 0.2498136538878669, "pred_scaled_rf": 0.301209418651485, "barangay_name_clean": "MERCEDES", "lon": 122.16481027387317, "lat": 6.962311765633753}}, {"type": "Feature", "geometry": {"type": "Polygon", "coordinates": [[[122.16932836455601, 6.966842253791868], [122.16931243429511, 6.975887272266109], [122.16026008024208, 6.975871257593339], [122.16027618405236, 6.966826260081994], [122.16932836455601, 6.966842253791868]]]}, "properties": {"grid_id": "29_12", "pred_scaled_catboost": 0.2248598343109822, "pred_scaled_rf": 0.2516919055925089, "barangay_name_clean": "MERCEDES", "lon": 122.16479426748349, "lat": 6.97135677539027}}, {"type": "Feature", "geometry": {"type": "Polygon", "coordinates": [[[122.16931243429511, 6.975887272266109], [122.16929648285556, 6.984932287246727], [122.16024395502247, 6.984916251610288], [122.16026008024208, 6.975871257593339], [122.16931243429511, 6.975887272266109]]]}, "properties": {"grid_id": "29_13", "pred_scaled_catboost": 0.241884642225134, "pred_scaled_rf": 0.2409162589750868, "barangay_name_clean": "CULIANAN", "lon": 122.1647782398009, "lat": 6.98040178165499}}, {"type": "Feature", "geometry": {"type": "Polygon", "coordinates": [[[122.16929648285556, 6.984932287246727], [122.16928051023538, 6.99397729872928], [122.16022780839147, 6.9939612421284], [122.16024395502247, 6.984916251610288], [122.16929648285556, 6.984932287246727]]]}, "properties": {"grid_id": "29_14", "pred_scaled_catboost": 0.2792052896926342, "pred_scaled_rf": 0.3281585954627756, "barangay_name_clean": "GUISAO", "lon": 122.16476219082327, "lat": 6.989446784423485}}, {"type": "Feature", "geometry": {"type": "Polygon", "coordinates": [[[122.16928051023538, 6.99397729872928], [122.16926451643256, 7.0030223067093225], [122.16021164034709, 7.0030062291432325], [122.16022780839147, 6.9939612421284], [122.16928051023538, 6.99397729872928]]]}, "properties": {"grid_id": "29_15", "pred_scaled_catboost": 0.2363755554846613, "pred_scaled_rf": 0.2237232578291639, "barangay_name_clean": "CABALUAY", "lon": 122.16474612054864, "lat": 6.998491783691307}}, {"type": "Feature", "geometry": {"type": "Polygon", "coordinates": [[[122.16926451643256, 7.0030223067093225], [122.16924850144514, 7.012067311182422], [122.16019545088729, 7.012051212650345], [122.16021164034709, 7.0030062291432325], [122.16926451643256, 7.0030223067093225]]]}, "properties": {"grid_id": "29_16", "pred_scaled_catboost": 0.2174006212800568, "pred_scaled_rf": 0.3477983927167137, "barangay_name_clean": "CACAO", "lon": 122.16473002897499, "lat": 7.0075367794540195}}, {"type": "Feature", "geometry": {"type": "Polygon", "coordinates": [[[122.16924850144514, 7.012067311182422], [122.16923246527105, 7.021112312144136], [122.16017924001002, 7.021096192645296], [122.16019545088729, 7.012051212650345], [122.16924850144514, 7.012067311182422]]]}, "properties": {"grid_id": "29_17", "pred_scaled_catboost": 0.226223165166585, "pred_scaled_rf": 0.300535588290114, "barangay_name_clean": "CACAO", "lon": 122.1647139161003, "lat": 7.016581771707176}}, {"type": "Feature", "geometry": {"type": "Polygon", "coordinates": [[[122.16923246527105, 7.021112312144136], [122.16921640790834, 7.030157309590023], [122.1601630077133, 7.030141169123647], [122.16017924001002, 7.021096192645296], [122.16923246527105, 7.021112312144136]]]}, "properties": {"grid_id": "29_18", "pred_scaled_catboost": 0.3617798924374139, "pred_scaled_rf": 0.3368985996393117, "barangay_name_clean": "LAPAKAN", "lon": 122.16469778192257, "lat": 7.025626760446343}}, {"type": "Feature", "geometry": {"type": "Polygon", "coordinates": [[[122.16921640790834, 7.030157309590023], [122.16920032935496, 7.039202303515646], [122.16014675399504, 7.0391861420809585], [122.1601630077133, 7.030141169123647], [122.16921640790834, 7.030157309590023]]]}, "properties": {"grid_id": "29_19", "pred_scaled_catboost": 0.3408987815407016, "pred_scaled_rf": 0.2986389031281707, "barangay_name_clean": "LAPAKAN", "lon": 122.16468162643976, "lat": 7.034671745667077}}, {"type": "Feature", "geometry": {"type": "Polygon", "coordinates": [[[122.16920032935496, 7.039202303515646], [122.16918422960889, 7.048247293916563], [122.16013047885323, 7.048231111512786], [122.16014675399504, 7.0391861420809585], [122.16920032935496, 7.039202303515646]]]}, "properties": {"grid_id": "29_20", "pred_scaled_catboost": 0.3286326105577765, "pred_scaled_rf": 0.3075792047696866, "barangay_name_clean": "LAPAKAN", "lon": 122.16466544964987, "lat": 7.043716727364937}}, {"type": "Feature", "geometry": {"type": "Polygon", "coordinates": [[[122.16918422960889, 7.048247293916563], [122.16916810866813, 7.057292280788339], [122.16011418228584, 7.057276077414694], [122.16013047885323, 7.048231111512786], [122.16918422960889, 7.048247293916563]]]}, "properties": {"grid_id": "29_21", "pred_scaled_catboost": 0.32379511536839, "pred_scaled_rf": 0.3493076633741745, "barangay_name_clean": "LAPAKAN", "lon": 122.1646492515508, "lat": 7.052761705535486}}, {"type": "Feature", "geometry": {"type": "Polygon", "coordinates": [[[122.16916810866813, 7.057292280788339], [122.16915196653066, 7.066337264126535], [122.16009786429079, 7.066321039782244], [122.16011418228584, 7.057276077414694], [122.16916810866813, 7.057292280788339]]]}, "properties": {"grid_id": "29_22", "pred_scaled_catboost": 0.3917284999616156, "pred_scaled_rf": 0.4072050616434441, "barangay_name_clean": "LAMISAHAN", "lon": 122.1646330321406, "lat": 7.0618066801742865}}, {"type": "Feature", "geometry": {"type": "Polygon", "coordinates": [[[122.16915196653066, 7.066337264126535], [122.16913580319445, 7.075382243926715], [122.16008152486604, 7.075365998610991], [122.16009786429079, 7.066321039782244], [122.16915196653066, 7.066337264126535]]]}, "properties": {"grid_id": "29_23", "pred_scaled_catboost": 0.3855105339599545, "pred_scaled_rf": 0.4080139564452373, "barangay_name_clean": "LAMISAHAN", "lon": 122.1646167914172, "lat": 7.0708516512769}}, {"type": "Feature", "geometry": {"type": "Polygon", "coordinates": [[[122.16913580319445, 7.075382243926715], [122.16911961865746, 7.08442722018444], [122.1600651640096, 7.084410953896508], [122.16008152486604, 7.075365998610991], [122.16913580319445, 7.075382243926715]]]}, "properties": {"grid_id": "29_24", "pred_scaled_catboost": 0.3401557145268099, "pred_scaled_rf": 0.3422602549860229, "barangay_name_clean": "LAMISAHAN", "lon": 122.16460052937856, "lat": 7.079896618838884}}, {"type": "Feature", "geometry": {"type": "Polygon", "coordinates": [[[122.16911961865746, 7.08442722018444], [122.16910341291768, 7.0934721928952715], [122.16004878171934, 7.093455905634345], [122.1600651640096, 7.084410953896508], [122.16911961865746, 7.08442722018444]]]}, "properties": {"grid_id": "29_25", "pred_scaled_catboost": 0.328138785230059, "pred_scaled_rf": 0.3483572286493982, "barangay_name_clean": "BUNGUIAO", "lon": 122.16458424602267, "lat": 7.088941582855809}}, {"type": "Feature", "geometry": {"type": "Polygon", "coordinates": [[[122.16910341291768, 7.0934721928952715], [122.16908718597307, 7.102517162054776], [122.16003237799326, 7.102500853820072], [122.16004878171934, 7.093455905634345], [122.16910341291768, 7.0934721928952715]]]}, "properties": {"grid_id": "29_26", "pred_scaled_catboost": 0.3716946883651742, "pred_scaled_rf": 0.3736382357826175, "barangay_name_clean": "BUNGUIAO", "lon": 122.16456794134743, "lat": 7.097986543323228}}, {"type": "Feature", "geometry": {"type": "Polygon", "coordinates": [[[122.16908718597307, 7.102517162054776], [122.16907093782159, 7.111562127658514], [122.1600159528293, 7.111545798449247], [122.16003237799326, 7.102500853820072], [122.16908718597307, 7.102517162054776]]]}, "properties": {"grid_id": "29_27", "pred_scaled_catboost": 0.3650421278146309, "pred_scaled_rf": 0.378749271756603, "barangay_name_clean": "BUNGUIAO", "lon": 122.16455161535087, "lat": 7.107031500236709}}, {"type": "Feature", "geometry": {"type": "Polygon", "coordinates": [[[122.16907093782159, 7.111562127658514], [122.1690546684612, 7.1206070897020535], [122.15999950622533, 7.120590739517437], [122.1600159528293, 7.111545798449247], [122.16907093782159, 7.111562127658514]]]}, "properties": {"grid_id": "29_28", "pred_scaled_catboost": 0.3469641879806747, "pred_scaled_rf": 0.3835651141417637, "barangay_name_clean": "BUNGUIAO", "lon": 122.1645352680309, "lat": 7.116076453591819}}, {"type": "Feature", "geometry": {"type": "Polygon", "coordinates": [[[122.1690546684612, 7.1206070897020535], [122.16903837788989, 7.129652048180956], [122.15998303817939, 7.129635677020203], [122.15999950622533, 7.120590739517437], [122.1690546684612, 7.1206070897020535]]]}, "properties": {"grid_id": "29_29", "pred_scaled_catboost": 0.348774715028981, "pred_scaled_rf": 0.3848559639045913, "barangay_name_clean": "DULIAN", "lon": 122.16451889938544, "lat": 7.125121403384115}}, {"type": "Feature", "geometry": {"type": "Polygon", "coordinates": [[[122.16903837788989, 7.129652048180956], [122.16902206610557, 7.138697003090785], [122.15996654868935, 7.13868061095311], [122.15998303817939, 7.129635677020203], [122.16903837788989, 7.129652048180956]]]}, "properties": {"grid_id": "29_30", "pred_scaled_catboost": 0.3206948179843132, "pred_scaled_rf": 0.3947636622085025, "barangay_name_clean": "DULIAN", "lon": 122.1645025094125, "lat": 7.134166349609163}}, {"type": "Feature", "geometry": {"type": "Polygon", "coordinates": [[[122.16902206610557, 7.138697003090785], [122.16900573310622, 7.147741954427109], [122.15995003775315, 7.147725541311722], [122.15996654868935, 7.13868061095311], [122.16902206610557, 7.138697003090785]]]}, "properties": {"grid_id": "29_31", "pred_scaled_catboost": 0.3323297796672356, "pred_scaled_rf": 0.408085067862421, "barangay_name_clean": "DULIAN", "lon": 122.16448609810998, "lat": 7.1432112922625315}}, {"type": "Feature", "geometry": {"type": "Polygon", "coordinates": [[[122.16900573310622, 7.147741954427109], [122.16898937888979, 7.156786902185493], [122.15993350536874, 7.1567704680916036], [122.15995003775315, 7.147725541311722], [122.16900573310622, 7.147741954427109]]]}, "properties": {"grid_id": "29_32", "pred_scaled_catboost": 0.3252892823659065, "pred_scaled_rf": 0.3341751829846024, "barangay_name_clean": "DULIAN", "lon": 122.16446966547586, "lat": 7.152256231339781}}, {"type": "Feature", "geometry": {"type": "Polygon", "coordinates": [[[122.16898937888979, 7.156786902185493], [122.16897300345425, 7.165831846361499], [122.159916951534, 7.165815391288318], [122.15993350536874, 7.1567704680916036], [122.16898937888979, 7.156786902185493]]]}, "properties": {"grid_id": "29_33", "pred_scaled_catboost": 0.3082189057144131, "pred_scaled_rf": 0.3350145074676389, "barangay_name_clean": "DULIAN", "lon": 122.16445321150802, "lat": 7.1613011668364805}}, {"type": "Feature", "geometry": {"type": "Polygon", "coordinates": [[[122.16897300345425, 7.165831846361499], [122.1689566067975, 7.1748767869506995], [122.15990037624692, 7.174860310897431], [122.159916951534, 7.165815391288318], [122.16897300345425, 7.165831846361499]]]}, "properties": {"grid_id": "29_34", "pred_scaled_catboost": 0.2982048871607115, "pred_scaled_rf": 0.3322941670604939, "barangay_name_clean": "DULIAN", "lon": 122.16443673620448, "lat": 7.170346098748185}}, {"type": "Feature", "geometry": {"type": "Polygon", "coordinates": [[[122.1689566067975, 7.1748767869506995], [122.1689401889175, 7.1839217239486555], [122.15988377950538, 7.183905226914509], [122.15990037624692, 7.174860310897431], [122.1689566067975, 7.1748767869506995]]]}, "properties": {"grid_id": "29_35", "pred_scaled_catboost": 0.309177702903431, "pred_scaled_rf": 0.3252809077398435, "barangay_name_clean": "CURUAN", "lon": 122.16442023956307, "lat": 7.179391027070476}}, {"type": "Feature", "geometry": {"type": "Polygon", "coordinates": [[[122.1689401889175, 7.1839217239486555], [122.16892374981221, 7.192966657350937], [122.15986716130729, 7.192950139335116], [122.15988377950538, 7.183905226914509], [122.1689401889175, 7.1839217239486555]]]}, "properties": {"grid_id": "29_36", "pred_scaled_catboost": 0.3216286469868346, "pred_scaled_rf": 0.3282574721232763, "barangay_name_clean": "CURUAN", "lon": 122.1644037215818, "lat": 7.188435951798911}}, {"type": "Feature", "geometry": {"type": "Polygon", "coordinates": [[[122.16892374981221, 7.192966657350937], [122.16890728947955, 7.202011587153109], [122.15985052165058, 7.20199504815482], [122.15986716130729, 7.192950139335116], [122.16892374981221, 7.192966657350937]]]}, "properties": {"grid_id": "29_37", "pred_scaled_catboost": 0.3146240819246407, "pred_scaled_rf": 0.3486887331485256, "barangay_name_clean": "CURUAN", "lon": 122.1643871822586, "lat": 7.197480872929055}}, {"type": "Feature", "geometry": {"type": "Polygon", "coordinates": [[[122.16890728947955, 7.202011587153109], [122.16889080791745, 7.211056513350743], [122.15983386053317, 7.211039953369186], [122.15985052165058, 7.20199504815482], [122.16890728947955, 7.202011587153109]]]}, "properties": {"grid_id": "29_38", "pred_scaled_catboost": 0.348196704728049, "pred_scaled_rf": 0.3456634826901161, "barangay_name_clean": "CURUAN", "lon": 122.16437062159133, "lat": 7.206525790456476}}, {"type": "Feature", "geometry": {"type": "Polygon", "coordinates": [[[122.16889080791745, 7.211056513350743], [122.16887430512388, 7.220101435939403], [122.15981717795297, 7.220084854973785], [122.15983386053317, 7.211039953369186], [122.16889080791745, 7.211056513350743]]]}, "properties": {"grid_id": "29_39", "pred_scaled_catboost": 0.37190778758778, "pred_scaled_rf": 0.3362202088408549, "barangay_name_clean": "CURUAN", "lon": 122.16435403957797, "lat": 7.215570704376747}}, {"type": "Feature", "geometry": {"type": "Polygon", "coordinates": [[[122.16887430512388, 7.220101435939403], [122.16885778109669, 7.229146354914655], [122.15980047390786, 7.229129752964179], [122.15981717795297, 7.220084854973785], [122.16887430512388, 7.220101435939403]]]}, "properties": {"grid_id": "29_40", "pred_scaled_catboost": 0.3453254477151384, "pred_scaled_rf": 0.3469285781870722, "barangay_name_clean": "CURUAN", "lon": 122.16433743621643, "lat": 7.224615614685427}}, {"type": "Feature", "geometry": {"type": "Polygon", "coordinates": [[[122.16885778109669, 7.229146354914655], [122.16884123583388, 7.238191270272079], [122.15978374839578, 7.2381746473359385], [122.15980047390786, 7.229129752964179], [122.16885778109669, 7.229146354914655]]]}, "properties": {"grid_id": "29_41", "pred_scaled_catboost": 0.3354578325903935, "pred_scaled_rf": 0.3575325464566269, "barangay_name_clean": "CURUAN", "lon": 122.16432081150458, "lat": 7.2336605213780905}}, {"type": "Feature", "geometry": {"type": "Polygon", "coordinates": [[[122.16884123583388, 7.238191270272079], [122.16882466933335, 7.247236182007232], [122.1597670014146, 7.24721953808463], [122.15978374839578, 7.2381746473359385], [122.16884123583388, 7.238191270272079]]]}, "properties": {"grid_id": "29_42", "pred_scaled_catboost": 0.3512567752844226, "pred_scaled_rf": 0.3572966188934301, "barangay_name_clean": "CURUAN", "lon": 122.16430416544041, "lat": 7.242705424450306}}, {"type": "Feature", "geometry": {"type": "Polygon", "coordinates": [[[122.16882466933335, 7.247236182007232], [122.16880808159304, 7.25628109011569], [122.15975023296221, 7.256264425205827], [122.1597670014146, 7.24721953808463], [122.16882466933335, 7.247236182007232]]]}, "properties": {"grid_id": "29_43", "pred_scaled_catboost": 0.3464041854189302, "pred_scaled_rf": 0.3539917661501662, "barangay_name_clean": "CURUAN", "lon": 122.16428749802175, "lat": 7.251750323897641}}, {"type": "Feature", "geometry": {"type": "Polygon", "coordinates": [[[122.16880808159304, 7.25628109011569], [122.16879147261082, 7.265325994593017], [122.15973344303653, 7.265309308695089], [122.15975023296221, 7.256264425205827], [122.16880808159304, 7.25628109011569]]]}, "properties": {"grid_id": "29_44", "pred_scaled_catboost": 0.345490993307798, "pred_scaled_rf": 0.3609151706708243, "barangay_name_clean": "CURUAN", "lon": 122.16427080924655, "lat": 7.260795219715657}}, {"type": "Feature", "geometry": {"type": "Polygon", "coordinates": [[[122.16879147261082, 7.265325994593017], [122.16877484238464, 7.274370895434788], [122.15971663163548, 7.27435418854799], [122.15973344303653, 7.265309308695089], [122.16879147261082, 7.265325994593017]]]}, "properties": {"grid_id": "29_45", "pred_scaled_catboost": 0.3884207263697562, "pred_scaled_rf": 0.3611388565309408, "barangay_name_clean": NaN, "lon": 122.16425409911274, "lat": 7.269840111899929}}, {"type": "Feature", "geometry": {"type": "Polygon", "coordinates": [[[122.16870810899844, 7.310550462357718], [122.16869137252107, 7.319595344955267], [122.15963225242511, 7.319578533112033], [122.1596491712349, 7.310533671507387], [122.16870810899844, 7.310550462357718]]]}, "properties": {"grid_id": "29_50", "pred_scaled_catboost": 0.43843550853576, "pred_scaled_rf": 0.4329961253685651, "barangay_name_clean": NaN, "lon": 122.16417022799057, "lat": 7.315064518160118}}, {"type": "Feature", "geometry": {"type": "Polygon", "coordinates": [[[122.16869137252107, 7.319595344955267], [122.16867461478714, 7.328640223890686], [122.1596153121272, 7.328623391053741], [122.15963225242511, 7.319578533112033], [122.16869137252107, 7.319595344955267]]]}, "properties": {"grid_id": "29_51", "pred_scaled_catboost": 0.4384230926639859, "pred_scaled_rf": 0.4295706642973104, "barangay_name_clean": NaN, "lon": 122.16415338966078, "lat": 7.324109388448911}}, {"type": "Feature", "geometry": {"type": "Polygon", "coordinates": [[[122.16867461478714, 7.328640223890686], [122.16865783579458, 7.337685099159552], [122.15959835033908, 7.337668245328082], [122.1596153121272, 7.328623391053741], [122.16867461478714, 7.328640223890686]]]}, "properties": {"grid_id": "29_52", "pred_scaled_catboost": 0.4416456886153346, "pred_scaled_rf": 0.4422349441489424, "barangay_name_clean": NaN, "lon": 122.16413652995762, "lat": 7.333154255072959}}, {"type": "Feature", "geometry": {"type": "Polygon", "coordinates": [[[122.16865783579458, 7.337685099159552], [122.16864103554128, 7.346729970757432], [122.15958136705859, 7.346713095930627], [122.15959835033908, 7.337668245328082], [122.16865783579458, 7.337685099159552]]]}, "properties": {"grid_id": "29_53", "pred_scaled_catboost": 0.4388837736276179, "pred_scaled_rf": 0.427844602692098, "barangay_name_clean": NaN, "lon": 122.16411964887894, "lat": 7.342199118027833}}, {"type": "Feature", "geometry": {"type": "Polygon", "coordinates": [[[122.16864103554128, 7.346729970757432], [122.16862421402513, 7.355774838679905], [122.15956436228359, 7.35575794285695], [122.15958136705859, 7.346713095930627], [122.16864103554128, 7.346729970757432]]]}, "properties": {"grid_id": "29_54", "pred_scaled_catboost": 0.4379694040004283, "pred_scaled_rf": 0.428122253025927, "barangay_name_clean": NaN, "lon": 122.16410274642269, "lat": 7.351243977309104}}, {"type": "Feature", "geometry": {"type": "Polygon", "coordinates": [[[122.16862421402513, 7.355774838679905], [122.16860737124401, 7.364819702922542], [122.15954733601198, 7.364802786102621], [122.15956436228359, 7.35575794285695], [122.16862421402513, 7.355774838679905]]]}, "properties": {"grid_id": "29_55", "pred_scaled_catboost": 0.4385362091502657, "pred_scaled_rf": 0.4265508694839413, "barangay_name_clean": NaN, "lon": 122.16408582258666, "lat": 7.360288832912345}}, {"type": "Feature", "geometry": {"type": "Polygon", "coordinates": [[[122.16860737124401, 7.364819702922542], [122.16859050719582, 7.3738645634809155], [122.1595302882416, 7.373847625663218], [122.15954733601198, 7.364802786102621], [122.16860737124401, 7.364819702922542]]]}, "properties": {"grid_id": "29_56", "pred_scaled_catboost": 0.4472364007200285, "pred_scaled_rf": 0.4301088020892109, "barangay_name_clean": NaN, "lon": 122.1640688773688, "lat": 7.369333684833133}}, {"type": "Feature", "geometry": {"type": "Polygon", "coordinates": [[[122.16859050719582, 7.3738645634809155], [122.16857362187841, 7.382909420350599], [122.15951321897029, 7.382892461534307], [122.1595302882416, 7.373847625663218], [122.16859050719582, 7.3738645634809155]]]}, "properties": {"grid_id": "29_57", "pred_scaled_catboost": 0.4443490875512397, "pred_scaled_rf": 0.4425259258857776, "barangay_name_clean": NaN, "lon": 122.16405191076693, "lat": 7.378378533067037}}, {"type": "Feature", "geometry": {"type": "Polygon", "coordinates": [[[122.17852143429208, 6.8854525648674825], [122.17850586602503, 6.894497635313403], [122.16945504445194, 6.894481980760436], [122.16947078419476, 6.885436931043462], [122.17852143429208, 6.8854525648674825]]]}, "properties": {"grid_id": "30_3", "pred_scaled_catboost": 0.2899926141981984, "pred_scaled_rf": 0.3398734018125733, "barangay_name_clean": NaN, "lon": 122.17398828391998, "lat": 6.889967292282772}}, {"type": "Feature", "geometry": {"type": "Polygon", "coordinates": [[[122.17844338363513, 6.930677882523767], [122.1784277106974, 6.939722935660815], [122.169376028287, 6.939707177451803], [122.16939187385337, 6.930662145047474], [122.17844338363513, 6.930677882523767]]]}, "properties": {"grid_id": "30_8", "pred_scaled_catboost": 0.366886128227124, "pred_scaled_rf": 0.4030479438194145, "barangay_name_clean": NaN, "lon": 122.1739097507971, "lat": 6.935192549552198}}, {"type": "Feature", "geometry": {"type": "Polygon", "coordinates": [[[122.1784277106974, 6.939722935660815], [122.17841201681968, 6.948767985322763], [122.16936016154999, 6.948752206380272], [122.169376028287, 6.939707177451803], [122.1784277106974, 6.939722935660815]]]}, "properties": {"grid_id": "30_9", "pred_scaled_catboost": 0.3582721176406175, "pred_scaled_rf": 0.4068597369873926, "barangay_name_clean": "TALABAAN", "lon": 122.17389398101737, "lat": 6.944237590604081}}, {"type": "Feature", "geometry": {"type": "Polygon", "coordinates": [[[122.17841201681968, 6.948767985322763], [122.17839630199998, 6.957813031505171], [122.16934427364033, 6.957797231828442], [122.16936016154999, 6.948752206380272], [122.17841201681968, 6.948767985322763]]]}, "properties": {"grid_id": "30_10", "pred_scaled_catboost": 0.3007685098199227, "pred_scaled_rf": 0.3279912126799242, "barangay_name_clean": "TALABAAN", "lon": 122.17387819018131, "lat": 6.953282628178265}}, {"type": "Feature", "geometry": {"type": "Polygon", "coordinates": [[[122.17839630199998, 6.957813031505171], [122.17838056623633, 6.966858074203593], [122.16932836455601, 6.966842253791868], [122.16934427364033, 6.957797231828442], [122.17839630199998, 6.957813031505171]]]}, "properties": {"grid_id": "30_11", "pred_scaled_catboost": 0.2643293166946378, "pred_scaled_rf": 0.2805342702370179, "barangay_name_clean": "TALABAAN", "lon": 122.17386237828693, "lat": 6.962327662270309}}, {"type": "Feature", "geometry": {"type": "Polygon", "coordinates": [[[122.17838056623633, 6.966858074203593], [122.17836480952674, 6.975903113413594], [122.16931243429511, 6.975887272266109], [122.16932836455601, 6.966842253791868], [122.17838056623633, 6.966858074203593]]]}, "properties": {"grid_id": "30_12", "pred_scaled_catboost": 0.2550147610464283, "pred_scaled_rf": 0.2498817921512345, "barangay_name_clean": "TALABAAN", "lon": 122.1738465453323, "lat": 6.971372692875763}}, {"type": "Feature", "geometry": {"type": "Polygon", "coordinates": [[[122.17836480952674, 6.975903113413594], [122.17834903186926, 6.984948149130732], [122.16929648285556, 6.984932287246727], [122.16931243429511, 6.975887272266109], [122.17836480952674, 6.975903113413594]]]}, "properties": {"grid_id": "30_13", "pred_scaled_catboost": 0.2737948229843825, "pred_scaled_rf": 0.3265789616144792, "barangay_name_clean": "CABALUAY", "lon": 122.17383069131535, "lat": 6.980417719990201}}, {"type": "Feature", "geometry": {"type": "Polygon", "coordinates": [[[122.17834903186926, 6.984948149130732], [122.17833323326188, 6.993993181350568], [122.16928051023538, 6.99397729872928], [122.16929648285556, 6.984932287246727], [122.17834903186926, 6.984948149130732]]]}, "properties": {"grid_id": "30_14", "pred_scaled_catboost": 0.2887073449443656, "pred_scaled_rf": 0.3321022962308607, "barangay_name_clean": "CABALUAY", "lon": 122.17381481623417, "lat": 6.989462743609171}}, {"type": "Feature", "geometry": {"type": "Polygon", "coordinates": [[[122.17833323326188, 6.993993181350568], [122.17831741370269, 7.003038210068659], [122.16926451643256, 7.0030223067093225], [122.16928051023538, 6.99397729872928], [122.17833323326188, 6.993993181350568]]]}, "properties": {"grid_id": "30_15", "pred_scaled_catboost": 0.2661011181310448, "pred_scaled_rf": 0.2378859830939075, "barangay_name_clean": "CABALUAY", "lon": 122.17379892008677, "lat": 6.998507763728246}}, {"type": "Feature", "geometry": {"type": "Polygon", "coordinates": [[[122.17831741370269, 7.003038210068659], [122.17830157318963, 7.012083235280571], [122.16924850144514, 7.012067311182422], [122.16926451643256, 7.0030223067093225], [122.17831741370269, 7.003038210068659]]]}, "properties": {"grid_id": "30_16", "pred_scaled_catboost": 0.2245429084360365, "pred_scaled_rf": 0.3215693949140997, "barangay_name_clean": "CACAO", "lon": 122.17378300287109, "lat": 7.007552780342965}}, {"type": "Feature", "geometry": {"type": "Polygon", "coordinates": [[[122.17830157318963, 7.012083235280571], [122.17828571172076, 7.0211282569818625], [122.16923246527105, 7.021112312144136], [122.16924850144514, 7.012067311182422], [122.17830157318963, 7.012083235280571]]]}, "properties": {"grid_id": "30_17", "pred_scaled_catboost": 0.3282173957714127, "pred_scaled_rf": 0.3355445528519224, "barangay_name_clean": "LAPAKAN", "lon": 122.17376706458519, "lat": 7.016597793448913}}, {"type": "Feature", "geometry": {"type": "Polygon", "coordinates": [[[122.17828571172076, 7.0211282569818625], [122.17826982929404, 7.030173275168095], [122.16921640790834, 7.030157309590023], [122.16923246527105, 7.021112312144136], [122.17828571172076, 7.0211282569818625]]]}, "properties": {"grid_id": "30_18", "pred_scaled_catboost": 0.3304005237964431, "pred_scaled_rf": 0.3066217825262343, "barangay_name_clean": "LAPAKAN", "lon": 122.17375110522707, "lat": 7.025642803041628}}, {"type": "Feature", "geometry": {"type": "Polygon", "coordinates": [[[122.17826982929404, 7.030173275168095], [122.17825392590755, 7.03921828983483], [122.16920032935496, 7.039202303515646], [122.16921640790834, 7.030157309590023], [122.17826982929404, 7.030173275168095]]]}, "properties": {"grid_id": "30_19", "pred_scaled_catboost": 0.3571977117454183, "pred_scaled_rf": 0.3690120481624941, "barangay_name_clean": "LAPAKAN", "lon": 122.17373512479469, "lat": 7.03468780911669}}, {"type": "Feature", "geometry": {"type": "Polygon", "coordinates": [[[122.17825392590755, 7.03921828983483], [122.17823800155925, 7.048263300977631], [122.16918422960889, 7.048247293916563], [122.16920032935496, 7.039202303515646], [122.17825392590755, 7.03921828983483]]]}, "properties": {"grid_id": "30_20", "pred_scaled_catboost": 0.3234044398963622, "pred_scaled_rf": 0.3113514943452212, "barangay_name_clean": "VICTORIA", "lon": 122.1737191232861, "lat": 7.043732811669654}}, {"type": "Feature", "geometry": {"type": "Polygon", "coordinates": [[[122.17823800155925, 7.048263300977631], [122.17822205624717, 7.057308308592061], [122.16916810866813, 7.057292280788339], [122.16918422960889, 7.048247293916563], [122.17823800155925, 7.048263300977631]]]}, "properties": {"grid_id": "30_21", "pred_scaled_catboost": 0.3174639658948169, "pred_scaled_rf": 0.3363438713114909, "barangay_name_clean": "LAPAKAN", "lon": 122.17370310069927, "lat": 7.052777810696076}}, {"type": "Feature", "geometry": {"type": "Polygon", "coordinates": [[[122.17822205624717, 7.057308308592061], [122.17820608996928, 7.066353312673684], [122.16915196653066, 7.066337264126535], [122.16916810866813, 7.057292280788339], [122.17822205624717, 7.057308308592061]]]}, "properties": {"grid_id": "30_22", "pred_scaled_catboost": 0.3518633498236568, "pred_scaled_rf": 0.34023413418909, "barangay_name_clean": "LAMISAHAN", "lon": 122.17368705703221, "lat": 7.061822806191522}}, {"type": "Feature", "geometry": {"type": "Polygon", "coordinates": [[[122.17820608996928, 7.066353312673684], [122.17819010272359, 7.075398313218059], [122.16913580319445, 7.075382243926715], [122.16915196653066, 7.066337264126535], [122.17820608996928, 7.066353312673684]]]}, "properties": {"grid_id": "30_23", "pred_scaled_catboost": 0.352891078712605, "pred_scaled_rf": 0.3453615330242074, "barangay_name_clean": "LAMISAHAN", "lon": 122.17367099228281, "lat": 7.07086779815156}}, {"type": "Feature", "geometry": {"type": "Polygon", "coordinates": [[[122.17819010272359, 7.075398313218059], [122.17817409450814, 7.084443310220753], [122.16911961865746, 7.08442722018444], [122.16913580319445, 7.075382243926715], [122.17819010272359, 7.075398313218059]]]}, "properties": {"grid_id": "30_24", "pred_scaled_catboost": 0.338318223297084, "pred_scaled_rf": 0.3471548801691528, "barangay_name_clean": "LAMISAHAN", "lon": 122.1736549064492, "lat": 7.079912786571751}}, {"type": "Feature", "geometry": {"type": "Polygon", "coordinates": [[[122.17817409450814, 7.084443310220753], [122.17815806532083, 7.093488303677331], [122.16910341291768, 7.0934721928952715], [122.16911961865746, 7.08442722018444], [122.17817409450814, 7.084443310220753]]]}, "properties": {"grid_id": "30_25", "pred_scaled_catboost": 0.3385055696924399, "pred_scaled_rf": 0.3387222272423139, "barangay_name_clean": "BUNGUIAO", "lon": 122.1736387995293, "lat": 7.0889577714476495}}, {"type": "Feature", "geometry": {"type": "Polygon", "coordinates": [[[122.17815806532083, 7.093488303677331], [122.17814201515974, 7.102533293583354], [122.16908718597307, 7.102517162054776], [122.16910341291768, 7.0934721928952715], [122.17815806532083, 7.093488303677331]]]}, "properties": {"grid_id": "30_26", "pred_scaled_catboost": 0.3613652710158577, "pred_scaled_rf": 0.3781628807393734, "barangay_name_clean": "BUNGUIAO", "lon": 122.17362267152103, "lat": 7.098002752774829}}, {"type": "Feature", "geometry": {"type": "Polygon", "coordinates": [[[122.17814201515974, 7.102533293583354], [122.1781259440228, 7.11157827993439], [122.16907093782159, 7.111562127658514], [122.16908718597307, 7.102517162054776], [122.17814201515974, 7.102533293583354]]]}, "properties": {"grid_id": "30_27", "pred_scaled_catboost": 0.3504618764166731, "pred_scaled_rf": 0.3706583482455934, "barangay_name_clean": "BUNGUIAO", "lon": 122.1736065224225, "lat": 7.107047730548852}}, {"type": "Feature", "geometry": {"type": "Polygon", "coordinates": [[[122.1781259440228, 7.11157827993439], [122.17810985190802, 7.120623262726001], [122.1690546684612, 7.1206070897020535], [122.16907093782159, 7.111562127658514], [122.1781259440228, 7.11157827993439]]]}, "properties": {"grid_id": "30_28", "pred_scaled_catboost": 0.3364736462208346, "pred_scaled_rf": 0.3694872289654736, "barangay_name_clean": "BUNGUIAO", "lon": 122.17359035223154, "lat": 7.11609270476528}}, {"type": "Feature", "geometry": {"type": "Polygon", "coordinates": [[[122.17810985190802, 7.120623262726001], [122.17809373881336, 7.1296682419537545], [122.16903837788989, 7.129652048180956], [122.1690546684612, 7.1206070897020535], [122.17810985190802, 7.120623262726001]]]}, "properties": {"grid_id": "30_29", "pred_scaled_catboost": 0.327010910964593, "pred_scaled_rf": 0.3862372686973204, "barangay_name_clean": "DULIAN", "lon": 122.17357416094622, "lat": 7.125137675419675}}, {"type": "Feature", "geometry": {"type": "Polygon", "coordinates": [[[122.17809373881336, 7.1296682419537545], [122.17807760473684, 7.138713217613217], [122.16902206610557, 7.138697003090785], [122.16903837788989, 7.129652048180956], [122.17809373881336, 7.1296682419537545]]]}, "properties": {"grid_id": "30_30", "pred_scaled_catboost": 0.3155305407368323, "pred_scaled_rf": 0.3758046829722302, "barangay_name_clean": "DULIAN", "lon": 122.1735579485645, "lat": 7.134182642507616}}, {"type": "Feature", "geometry": {"type": "Polygon", "coordinates": [[[122.17807760473684, 7.138713217613217], [122.17806144967639, 7.147758189699952], [122.16900573310622, 7.147741954427109], [122.16902206610557, 7.138697003090785], [122.17807760473684, 7.138713217613217]]]}, "properties": {"grid_id": "30_31", "pred_scaled_catboost": 0.3186119910216468, "pred_scaled_rf": 0.3665415578802348, "barangay_name_clean": "DULIAN", "lon": 122.1735417150843, "lat": 7.14322760602465}}, {"type": "Feature", "geometry": {"type": "Polygon", "coordinates": [[[122.17806144967639, 7.147758189699952], [122.17804527363, 7.156803158209529], [122.16898937888979, 7.156786902185493], [122.16900573310622, 7.147741954427109], [122.17806144967639, 7.147758189699952]]]}, "properties": {"grid_id": "30_32", "pred_scaled_catboost": 0.3279992034476588, "pred_scaled_rf": 0.3381751108245703, "barangay_name_clean": "DULIAN", "lon": 122.17352546050358, "lat": 7.152272565966354}}, {"type": "Feature", "geometry": {"type": "Polygon", "coordinates": [[[122.17804527363, 7.156803158209529], [122.17802907659565, 7.165848123137514], [122.16897300345425, 7.165831846361499], [122.16898937888979, 7.156786902185493], [122.17804527363, 7.156803158209529]]]}, "properties": {"grid_id": "30_33", "pred_scaled_catboost": 0.2995756948594877, "pred_scaled_rf": 0.3369360000084541, "barangay_name_clean": "DULIAN", "lon": 122.17350918482036, "lat": 7.16131752232829}}, {"type": "Feature", "geometry": {"type": "Polygon", "coordinates": [[[122.17802907659565, 7.165848123137514], [122.17801285857131, 7.174893084479472], [122.1689566067975, 7.1748767869506995], [122.16897300345425, 7.165831846361499], [122.17802907659565, 7.165848123137514]]]}, "properties": {"grid_id": "30_34", "pred_scaled_catboost": 0.289636353283238, "pred_scaled_rf": 0.358080406386435, "barangay_name_clean": "DULIAN", "lon": 122.17349288803258, "lat": 7.170362475106034}}, {"type": "Feature", "geometry": {"type": "Polygon", "coordinates": [[[122.17801285857131, 7.174893084479472], [122.17799661955495, 7.183938042230973], [122.1689401889175, 7.1839217239486555], [122.1689566067975, 7.1748767869506995], [122.17801285857131, 7.174893084479472]]]}, "properties": {"grid_id": "30_35", "pred_scaled_catboost": 0.3124022712305921, "pred_scaled_rf": 0.3471642946699121, "barangay_name_clean": "CURUAN", "lon": 122.1734765701382, "lat": 7.17940742429514}}, {"type": "Feature", "geometry": {"type": "Polygon", "coordinates": [[[122.17799661955495, 7.183938042230973], [122.17798035954449, 7.192982996387584], [122.16892374981221, 7.192966657350937], [122.1689401889175, 7.1839217239486555], [122.17799661955495, 7.183938042230973]]]}, "properties": {"grid_id": "30_36", "pred_scaled_catboost": 0.3188121250962696, "pred_scaled_rf": 0.3359790964121035, "barangay_name_clean": "CURUAN", "lon": 122.17346023113512, "lat": 7.188452369891178}}, {"type": "Feature", "geometry": {"type": "Polygon", "coordinates": [[[122.17798035954449, 7.192982996387584], [122.17796407853794, 7.202027946944876], [122.16890728947955, 7.202011587153109], [122.16892374981221, 7.192966657350937], [122.17798035954449, 7.192982996387584]]]}, "properties": {"grid_id": "30_37", "pred_scaled_catboost": 0.3058836855073281, "pred_scaled_rf": 0.3346827700597213, "barangay_name_clean": "CURUAN", "lon": 122.17344387102135, "lat": 7.1974973118897205}}, {"type": "Feature", "geometry": {"type": "Polygon", "coordinates": [[[122.17796407853794, 7.202027946944876], [122.17794777653322, 7.211072893898413], [122.16889080791745, 7.211056513350743], [122.16890728947955, 7.202011587153109], [122.17796407853794, 7.202027946944876]]]}, "properties": {"grid_id": "30_38", "pred_scaled_catboost": 0.3471960533956018, "pred_scaled_rf": 0.3492247437549824, "barangay_name_clean": "CURUAN", "lon": 122.1734274897948, "lat": 7.206542250286332}}, {"type": "Feature", "geometry": {"type": "Polygon", "coordinates": [[[122.17794777653322, 7.211072893898413], [122.17793145352834, 7.220117837243765], [122.16887430512388, 7.220101435939403], [122.16889080791745, 7.211056513350743], [122.17794777653322, 7.211072893898413]]]}, "properties": {"grid_id": "30_39", "pred_scaled_catboost": 0.329623353893486, "pred_scaled_rf": 0.3525483593059764, "barangay_name_clean": "CURUAN", "lon": 122.17341108745343, "lat": 7.215587185076584}}, {"type": "Feature", "geometry": {"type": "Polygon", "coordinates": [[[122.17793145352834, 7.220117837243765], [122.17791510952118, 7.229162776976503], [122.16885778109669, 7.229146354914655], [122.16887430512388, 7.220101435939403], [122.17793145352834, 7.220117837243765]]]}, "properties": {"grid_id": "30_40", "pred_scaled_catboost": 0.3295362862312884, "pred_scaled_rf": 0.3446666285982295, "barangay_name_clean": "CURUAN", "lon": 122.17339466399524, "lat": 7.224632116256042}}, {"type": "Feature", "geometry": {"type": "Polygon", "coordinates": [[[122.17791510952118, 7.229162776976503], [122.17789874450973, 7.238207713092199], [122.16884123583388, 7.238191270272079], [122.16885778109669, 7.229146354914655], [122.17791510952118, 7.229162776976503]]]}, "properties": {"grid_id": "30_41", "pred_scaled_catboost": 0.3251666329028016, "pred_scaled_rf": 0.3428243738977057, "barangay_name_clean": "CURUAN", "lon": 122.17337821941803, "lat": 7.233677043820275}}, {"type": "Feature", "geometry": {"type": "Polygon", "coordinates": [[[122.17789874450973, 7.238207713092199], [122.17788235849193, 7.247252645586418], [122.16882466933335, 7.247236182007232], [122.16884123583388, 7.238191270272079], [122.17789874450973, 7.238207713092199]]]}, "properties": {"grid_id": "30_42", "pred_scaled_catboost": 0.3337190302229545, "pred_scaled_rf": 0.3379970403890547, "barangay_name_clean": "CURUAN", "lon": 122.17336175371983, "lat": 7.2427219677648536}}, {"type": "Feature", "geometry": {"type": "Polygon", "coordinates": [[[122.17788235849193, 7.247252645586418], [122.17786595146572, 7.2562975744547344], [122.16880808159304, 7.25628109011569], [122.16882466933335, 7.247236182007232], [122.17788235849193, 7.247252645586418]]]}, "properties": {"grid_id": "30_43", "pred_scaled_catboost": 0.3426771806362864, "pred_scaled_rf": 0.3461652959329827, "barangay_name_clean": "CURUAN", "lon": 122.1733452668986, "lat": 7.251766888085346}}, {"type": "Feature", "geometry": {"type": "Polygon", "coordinates": [[[122.17786595146572, 7.2562975744547344], [122.17784952342905, 7.265342499692713], [122.16879147261082, 7.265325994593017], [122.16880808159304, 7.25628109011569], [122.17786595146572, 7.2562975744547344]]]}, "properties": {"grid_id": "30_44", "pred_scaled_catboost": 0.371918541994382, "pred_scaled_rf": 0.3620216296770872, "barangay_name_clean": NaN, "lon": 122.1733287589522, "lat": 7.260811804777327}}, {"type": "Feature", "geometry": {"type": "Polygon", "coordinates": [[[122.17784952342905, 7.265342499692713], [122.17783307437986, 7.274387421295933], [122.16877484238464, 7.274370895434788], [122.16879147261082, 7.265325994593017], [122.17784952342905, 7.265342499692713]]]}, "properties": {"grid_id": "30_45", "pred_scaled_catboost": 0.3912506668530632, "pred_scaled_rf": 0.363062816454852, "barangay_name_clean": NaN, "lon": 122.17331222987859, "lat": 7.269856717836362}}, {"type": "Feature", "geometry": {"type": "Polygon", "coordinates": [[[122.17783307437986, 7.274387421295933], [122.17781660431605, 7.283432339259963], [122.1687581909124, 7.283415792636575], [122.16877484238464, 7.274370895434788], [122.17783307437986, 7.274387421295933]]]}, "properties": {"grid_id": "30_46", "pred_scaled_catboost": 0.3827351409332981, "pred_scaled_rf": 0.3576577043705533, "barangay_name_clean": NaN, "lon": 122.1732956796757, "lat": 7.278901627258021}}, {"type": "Feature", "geometry": {"type": "Polygon", "coordinates": [[[122.17781660431605, 7.283432339259963], [122.17780011323559, 7.292477253580372], [122.16874151819202, 7.292460686193944], [122.1687581909124, 7.283415792636575], [122.17781660431605, 7.283432339259963]]]}, "properties": {"grid_id": "30_47", "pred_scaled_catboost": 0.3911005590808431, "pred_scaled_rf": 0.387186020780757, "barangay_name_clean": NaN, "lon": 122.17327910834143, "lat": 7.28794653303788}}, {"type": "Feature", "geometry": {"type": "Polygon", "coordinates": [[[122.17780011323559, 7.292477253580372], [122.17778360113641, 7.301522164252734], [122.16872482422139, 7.301505576102467], [122.16874151819202, 7.292460686193944], [122.17780011323559, 7.292477253580372]]]}, "properties": {"grid_id": "30_48", "pred_scaled_catboost": 0.3763736257287593, "pred_scaled_rf": 0.4028591524465859, "barangay_name_clean": NaN, "lon": 122.17326251587374, "lat": 7.2969914351715115}}, {"type": "Feature", "geometry": {"type": "Polygon", "coordinates": [[[122.17778360113641, 7.301522164252734], [122.1777670680164, 7.310567071272625], [122.16870810899844, 7.310550462357718], [122.16872482422139, 7.301505576102467], [122.17778360113641, 7.301522164252734]]]}, "properties": {"grid_id": "30_49", "pred_scaled_catboost": 0.4235172140294742, "pred_scaled_rf": 0.4161113353016122, "barangay_name_clean": NaN, "lon": 122.17324590227051, "lat": 7.306036333654475}}, {"type": "Feature", "geometry": {"type": "Polygon", "coordinates": [[[122.1777670680164, 7.310567071272625], [122.17775051387353, 7.319611974635612], [122.16869137252107, 7.319595344955267], [122.16870810899844, 7.310550462357718], [122.1777670680164, 7.310567071272625]]]}, "properties": {"grid_id": "30_50", "pred_scaled_catboost": 0.4366579422097664, "pred_scaled_rf": 0.4317285601082323, "barangay_name_clean": NaN, "lon": 122.17322926752966, "lat": 7.315081228482359}}, {"type": "Feature", "geometry": {"type": "Polygon", "coordinates": [[[122.17775051387353, 7.319611974635612], [122.1777339387057, 7.328656874337274], [122.16867461478714, 7.328640223890686], [122.16869137252107, 7.319595344955267], [122.17775051387353, 7.319611974635612]]]}, "properties": {"grid_id": "30_51", "pred_scaled_catboost": 0.4386977725773662, "pred_scaled_rf": 0.4320194858114508, "barangay_name_clean": NaN, "lon": 122.17321261164913, "lat": 7.324126119650727}}, {"type": "Feature", "geometry": {"type": "Polygon", "coordinates": [[[122.1777339387057, 7.328656874337274], [122.17771734251082, 7.33770177037318], [122.16865783579458, 7.337685099159552], [122.16867461478714, 7.328640223890686], [122.1777339387057, 7.328656874337274]]]}, "properties": {"grid_id": "30_52", "pred_scaled_catboost": 0.439421588183026, "pred_scaled_rf": 0.4316054642447317, "barangay_name_clean": NaN, "lon": 122.17319593462678, "lat": 7.333171007155154}}, {"type": "Feature", "geometry": {"type": "Polygon", "coordinates": [[[122.17771734251082, 7.33770177037318], [122.17770072528681, 7.346746662738904], [122.16864103554128, 7.346729970757432], [122.16865783579458, 7.337685099159552], [122.17771734251082, 7.33770177037318]]]}, "properties": {"grid_id": "30_53", "pred_scaled_catboost": 0.395971228426038, "pred_scaled_rf": 0.3802774754703453, "barangay_name_clean": "SIBULAO", "lon": 122.17317923646057, "lat": 7.342215890991213}}, {"type": "Feature", "geometry": {"type": "Polygon", "coordinates": [[[122.17770072528681, 7.346746662738904], [122.17768408703161, 7.355791551430024], [122.16862421402513, 7.355774838679905], [122.16864103554128, 7.346729970757432], [122.17770072528681, 7.346746662738904]]]}, "properties": {"grid_id": "30_54", "pred_scaled_catboost": 0.4358287578048845, "pred_scaled_rf": 0.4267387486948171, "barangay_name_clean": NaN, "lon": 122.17316251714836, "lat": 7.351260771154479}}, {"type": "Feature", "geometry": {"type": "Polygon", "coordinates": [[[122.17768408703161, 7.355791551430024], [122.17766742774313, 7.364836436442116], [122.16860737124401, 7.364819702922542], [122.16862421402513, 7.355774838679905], [122.17768408703161, 7.355791551430024]]]}, "properties": {"grid_id": "30_55", "pred_scaled_catboost": 0.393938561865261, "pred_scaled_rf": 0.3863248738133812, "barangay_name_clean": "SIBULAO", "lon": 122.17314577668807, "lat": 7.360305647640528}}, {"type": "Feature", "geometry": {"type": "Polygon", "coordinates": [[[122.17766742774313, 7.364836436442116], [122.17765074741921, 7.3738813177707465], [122.16859050719582, 7.3738645634809155], [122.16860737124401, 7.364819702922542], [122.17766742774313, 7.364836436442116]]]}, "properties": {"grid_id": "30_56", "pred_scaled_catboost": 0.3840483870314179, "pred_scaled_rf": 0.3886970769324757, "barangay_name_clean": "UNCLAIMED AREA UNDER JURISDICTION OF ZAMBOANGA CITY", "lon": 122.17312901507762, "lat": 7.369350520444922}}, {"type": "Feature", "geometry": {"type": "Polygon", "coordinates": [[[122.17765074741921, 7.3738813177707465], [122.17763404605783, 7.382926195411502], [122.16857362187841, 7.382909420350599], [122.16859050719582, 7.3738645634809155], [122.17765074741921, 7.3738813177707465]]]}, "properties": {"grid_id": "30_57", "pred_scaled_catboost": 0.4397572660771523, "pred_scaled_rf": 0.4267881074544921, "barangay_name_clean": NaN, "lon": 122.17311223231486, "lat": 7.378395389563256}}, {"type": "Feature", "geometry": {"type": "Polygon", "coordinates": [[[122.17763404605783, 7.382926195411502], [122.17761732365686, 7.391971069359953], [122.16855671528967, 7.3919542735271735], [122.16857362187841, 7.382909420350599], [122.17763404605783, 7.382926195411502]]]}, "properties": {"grid_id": "30_58", "pred_scaled_catboost": 0.4363817363354117, "pred_scaled_rf": 0.4312194435594228, "barangay_name_clean": NaN, "lon": 122.1730954283977, "lat": 7.387440254991092}}, {"type": "Feature", "geometry": {"type": "Polygon", "coordinates": [[[122.17761732365686, 7.391971069359953], [122.17760058021422, 7.401015939611673], [122.1685397874275, 7.400999123006207], [122.16855671528967, 7.3919542735271735], [122.17761732365686, 7.391971069359953]]]}, "properties": {"grid_id": "30_59", "pred_scaled_catboost": 0.4024550091810287, "pred_scaled_rf": 0.4141520668932493, "barangay_name_clean": NaN, "lon": 122.17307860332403, "lat": 7.396485116724003}}, {"type": "Feature", "geometry": {"type": "Polygon", "coordinates": [[[122.17760058021422, 7.401015939611673], [122.17758381572777, 7.410060806162243], [122.16852283828977, 7.410043968783279], [122.1685397874275, 7.400999123006207], [122.17760058021422, 7.401015939611673]]]}, "properties": {"grid_id": "30_60", "pred_scaled_catboost": 0.4000502824803545, "pred_scaled_rf": 0.4131944273781161, "barangay_name_clean": NaN, "lon": 122.17306175709173, "lat": 7.405529974757571}}, {"type": "Feature", "geometry": {"type": "Polygon", "coordinates": [[[122.18754129103938, 6.903558205878755], [122.18752585284876, 6.912603289917823], [122.17847466669836, 6.912587765842136], [122.17849027682779, 6.903542702306435], [122.18754129103938, 6.903558205878755]]]}, "properties": {"grid_id": "31_5", "pred_scaled_catboost": 0.2529811778444247, "pred_scaled_rf": 0.3128830912619238, "barangay_name_clean": NaN, "lon": 122.18300802351415, "lat": 6.908073005310758}}, {"type": "Feature", "geometry": {"type": "Polygon", "coordinates": [[[122.18752585284876, 6.912603289917823], [122.18751039395458, 6.921648370495864], [122.17845903563477, 6.921632825916059], [122.17847466669836, 6.912587765842136], [122.18752585284876, 6.912603289917823]]]}, "properties": {"grid_id": "31_6", "pred_scaled_catboost": 0.2684496623468194, "pred_scaled_rf": 0.3122664274722555, "barangay_name_clean": NaN, "lon": 122.18299248894469, "lat": 6.917118077386374}}, {"type": "Feature", "geometry": {"type": "Polygon", "coordinates": [[[122.18747941404783, 6.939738521251094], [122.18746389303136, 6.948783591419402], [122.17841201681968, 6.948767985322763], [122.1784277106974, 6.939722935660815], [122.18747941404783, 6.939738521251094]]]}, "properties": {"grid_id": "31_9", "pred_scaled_catboost": 0.3672385259779214, "pred_scaled_rf": 0.4064590380595805, "barangay_name_clean": NaN, "lon": 122.18294576030951, "lat": 6.944253272813721}}, {"type": "Feature", "geometry": {"type": "Polygon", "coordinates": [[[122.18746389303136, 6.948783591419402], [122.18744835130359, 6.9578286581089195], [122.17839630199998, 6.957813031505171], [122.17841201681968, 6.948767985322763], [122.18746389303136, 6.948783591419402]]]}, "properties": {"grid_id": "31_10", "pred_scaled_catboost": 0.3016715651107034, "pred_scaled_rf": 0.3108871342671532, "barangay_name_clean": "TALABAAN", "lon": 122.18293014244905, "lat": 6.9532983310082}}, {"type": "Feature", "geometry": {"type": "Polygon", "coordinates": [[[122.18744835130359, 6.9578286581089195], [122.18743278886252, 6.966873721315208], [122.17838056623633, 6.966858074203593], [122.17839630199998, 6.957813031505171], [122.18744835130359, 6.9578286581089195]]]}, "properties": {"grid_id": "31_11", "pred_scaled_catboost": 0.2611592164700168, "pred_scaled_rf": 0.2797551445796938, "barangay_name_clean": "TALABAAN", "lon": 122.18291450376097, "lat": 6.962343385721292}}, {"type": "Feature", "geometry": {"type": "Polygon", "coordinates": [[[122.18743278886252, 6.966873721315208], [122.18741720570627, 6.975918781033824], [122.17836480952674, 6.975903113413594], [122.17838056623633, 6.966858074203593], [122.18743278886252, 6.966873721315208]]]}, "properties": {"grid_id": "31_12", "pred_scaled_catboost": 0.2509736178269983, "pred_scaled_rf": 0.250099866027192, "barangay_name_clean": "TALABAAN", "lon": 122.18289884424331, "lat": 6.971388436948562}}, {"type": "Feature", "geometry": {"type": "Polygon", "coordinates": [[[122.18741720570627, 6.975918781033824], [122.18740160183283, 6.984963837260332], [122.17834903186926, 6.984948149130732], [122.17836480952674, 6.975903113413594], [122.18741720570627, 6.975918781033824]]]}, "properties": {"grid_id": "31_13", "pred_scaled_catboost": 0.2710203267430083, "pred_scaled_rf": 0.3336052642511686, "barangay_name_clean": "CABALUAY", "lon": 122.18288316389409, "lat": 6.980433484685565}}, {"type": "Feature", "geometry": {"type": "Polygon", "coordinates": [[[122.18740160183283, 6.984963837260332], [122.18738597724025, 6.994008889990292], [122.17833323326188, 6.993993181350568], [122.17834903186926, 6.984948149130732], [122.18740160183283, 6.984963837260332]]]}, "properties": {"grid_id": "31_14", "pred_scaled_catboost": 0.2884406696851028, "pred_scaled_rf": 0.331686168141478, "barangay_name_clean": "CABALUAY", "lon": 122.18286746271131, "lat": 6.989478528927862}}, {"type": "Feature", "geometry": {"type": "Polygon", "coordinates": [[[122.18738597724025, 6.994008889990292], [122.18737033192662, 7.003053939219263], [122.17831741370269, 7.003038210068659], [122.17833323326188, 6.993993181350568], [122.18738597724025, 6.994008889990292]]]}, "properties": {"grid_id": "31_15", "pred_scaled_catboost": 0.2721223060027339, "pred_scaled_rf": 0.2563667885214835, "barangay_name_clean": "CABALUAY", "lon": 122.1828517406931, "lat": 6.998523569671013}}, {"type": "Feature", "geometry": {"type": "Polygon", "coordinates": [[[122.18737033192662, 7.003053939219263], [122.18735466588994, 7.012098984942811], [122.17830157318963, 7.012083235280571], [122.17831741370269, 7.003038210068659], [122.18737033192662, 7.003053939219263]]]}, "properties": {"grid_id": "31_16", "pred_scaled_catboost": 0.2276679180165216, "pred_scaled_rf": 0.2514631676319519, "barangay_name_clean": "CABALUAY", "lon": 122.18283599783743, "lat": 7.007568606910586}}, {"type": "Feature", "geometry": {"type": "Polygon", "coordinates": [[[122.18735466588994, 7.012098984942811], [122.18733897912823, 7.021144027156496], [122.17828571172076, 7.0211282569818625], [122.17830157318963, 7.012083235280571], [122.18735466588994, 7.012098984942811]]]}, "properties": {"grid_id": "31_17", "pred_scaled_catboost": 0.2553887257444784, "pred_scaled_rf": 0.3320838445389078, "barangay_name_clean": "MANICAHAN", "lon": 122.18282023414228, "lat": 7.016613640642129}}, {"type": "Feature", "geometry": {"type": "Polygon", "coordinates": [[[122.18733897912823, 7.021144027156496], [122.18732327163956, 7.0301890658558825], [122.17826982929404, 7.030173275168095], [122.17828571172076, 7.0211282569818625], [122.18733897912823, 7.021144027156496]]]}, "properties": {"grid_id": "31_18", "pred_scaled_catboost": 0.264530614549185, "pred_scaled_rf": 0.3022607289288065, "barangay_name_clean": "MANICAHAN", "lon": 122.18280444960577, "lat": 7.025658670861223}}, {"type": "Feature", "geometry": {"type": "Polygon", "coordinates": [[[122.18732327163956, 7.0301890658558825], [122.18730754342197, 7.039234101036532], [122.17825392590755, 7.03921828983483], [122.17826982929404, 7.030173275168095], [122.18732327163956, 7.0301890658558825]]]}, "properties": {"grid_id": "31_19", "pred_scaled_catboost": 0.2810742717488945, "pred_scaled_rf": 0.29858556448317, "barangay_name_clean": "MANICAHAN", "lon": 122.18278864422588, "lat": 7.034703697563414}}, {"type": "Feature", "geometry": {"type": "Polygon", "coordinates": [[[122.18730754342197, 7.039234101036532], [122.18729179447341, 7.048279132694004], [122.17823800155925, 7.048263300977631], [122.17825392590755, 7.03921828983483], [122.18730754342197, 7.039234101036532]]]}, "properties": {"grid_id": "31_20", "pred_scaled_catboost": 0.2871621244274305, "pred_scaled_rf": 0.3107299685459693, "barangay_name_clean": "VICTORIA", "lon": 122.18277281800059, "lat": 7.043748720744266}}, {"type": "Feature", "geometry": {"type": "Polygon", "coordinates": [[[122.18729179447341, 7.048279132694004], [122.18727602479198, 7.05732416082387], [122.17822205624717, 7.057308308592061], [122.17823800155925, 7.048263300977631], [122.18729179447341, 7.048279132694004]]]}, "properties": {"grid_id": "31_21", "pred_scaled_catboost": 0.3443225473413602, "pred_scaled_rf": 0.321263370102738, "barangay_name_clean": "LAMISAHAN", "lon": 122.18275697092794, "lat": 7.052793740399352}}, {"type": "Feature", "geometry": {"type": "Polygon", "coordinates": [[[122.18727602479198, 7.05732416082387], [122.1872602343757, 7.066369185421691], [122.17820608996928, 7.066353312673684], [122.17822205624717, 7.057308308592061], [122.18727602479198, 7.05732416082387]]]}, "properties": {"grid_id": "31_22", "pred_scaled_catboost": 0.3386744834008106, "pred_scaled_rf": 0.3259098268539268, "barangay_name_clean": "LAMISAHAN", "lon": 122.18274110300602, "lat": 7.061838756524229}}, {"type": "Feature", "geometry": {"type": "Polygon", "coordinates": [[[122.1872602343757, 7.066369185421691], [122.18724442322257, 7.075414206483027], [122.17819010272359, 7.075398313218059], [122.17820608996928, 7.066353312673684], [122.1872602343757, 7.066369185421691]]]}, "properties": {"grid_id": "31_23", "pred_scaled_catboost": 0.3356444067653401, "pred_scaled_rf": 0.3218498158707195, "barangay_name_clean": "LAMISAHAN", "lon": 122.18272521423275, "lat": 7.070883769114464}}, {"type": "Feature", "geometry": {"type": "Polygon", "coordinates": [[[122.18724442322257, 7.075414206483027], [122.1872285913306, 7.08445922400345], [122.17817409450814, 7.084443310220753], [122.17819010272359, 7.075398313218059], [122.18724442322257, 7.075414206483027]]]}, "properties": {"grid_id": "31_24", "pred_scaled_catboost": 0.2910597595899667, "pred_scaled_rf": 0.34106402423796, "barangay_name_clean": "SANGALI", "lon": 122.18270930460613, "lat": 7.079928778165612}}, {"type": "Feature", "geometry": {"type": "Polygon", "coordinates": [[[122.1872285913306, 7.08445922400345], [122.18721273869782, 7.093504237978519], [122.17815806532083, 7.093488303677331], [122.17817409450814, 7.084443310220753], [122.1872285913306, 7.08445922400345]]]}, "properties": {"grid_id": "31_25", "pred_scaled_catboost": 0.3436620112410817, "pred_scaled_rf": 0.3197944542582545, "barangay_name_clean": "BUNGUIAO", "lon": 122.18269337412421, "lat": 7.088973783673252}}, {"type": "Feature", "geometry": {"type": "Polygon", "coordinates": [[[122.18721273869782, 7.093504237978519], [122.18719686532224, 7.102549248403801], [122.17814201515974, 7.102533293583354], [122.17815806532083, 7.093488303677331], [122.18721273869782, 7.093504237978519]]]}, "properties": {"grid_id": "31_26", "pred_scaled_catboost": 0.3262017329066389, "pred_scaled_rf": 0.3467745492764654, "barangay_name_clean": "BUNGUIAO", "lon": 122.18267742278498, "lat": 7.098018785632931}}, {"type": "Feature", "geometry": {"type": "Polygon", "coordinates": [[[122.18719686532224, 7.102549248403801], [122.18718097120184, 7.1115942552748646], [122.1781259440228, 7.11157827993439], [122.17814201515974, 7.102533293583354], [122.18719686532224, 7.102549248403801]]]}, "properties": {"grid_id": "31_27", "pred_scaled_catboost": 0.3226621061805859, "pred_scaled_rf": 0.366245609878001, "barangay_name_clean": "BUNGUIAO", "lon": 122.18266145058647, "lat": 7.107063784040229}}, {"type": "Feature", "geometry": {"type": "Polygon", "coordinates": [[[122.18718097120184, 7.1115942552748646], [122.18716505633469, 7.120639258587272], [122.17810985190802, 7.120623262726001], [122.1781259440228, 7.11157827993439], [122.18718097120184, 7.1115942552748646]]]}, "properties": {"grid_id": "31_28", "pred_scaled_catboost": 0.3396292311447161, "pred_scaled_rf": 0.388737022952052, "barangay_name_clean": "BUNGUIAO", "lon": 122.18264545752659, "lat": 7.116108778890708}}, {"type": "Feature", "geometry": {"type": "Polygon", "coordinates": [[[122.18716505633469, 7.120639258587272], [122.18714912071873, 7.129684258336592], [122.17809373881336, 7.1296682419537545], [122.17810985190802, 7.120623262726001], [122.18716505633469, 7.120639258587272]]]}, "properties": {"grid_id": "31_29", "pred_scaled_catboost": 0.3242372470813787, "pred_scaled_rf": 0.3911854382254412, "barangay_name_clean": "DULIAN", "lon": 122.18262944360342, "lat": 7.125153770179927}}, {"type": "Feature", "geometry": {"type": "Polygon", "coordinates": [[[122.18714912071873, 7.129684258336592], [122.187133164352, 7.138729254518392], [122.17807760473684, 7.138713217613217], [122.17809373881336, 7.1296682419537545], [122.18714912071873, 7.129684258336592]]]}, "properties": {"grid_id": "31_30", "pred_scaled_catboost": 0.3287679219494898, "pred_scaled_rf": 0.3813590299285042, "barangay_name_clean": "DULIAN", "lon": 122.18261340881493, "lat": 7.13419875790346}}, {"type": "Feature", "geometry": {"type": "Polygon", "coordinates": [[[122.187133164352, 7.138729254518392], [122.18711718723247, 7.147774247128238], [122.17806144967639, 7.147758189699952], [122.17807760473684, 7.138713217613217], [122.187133164352, 7.138729254518392]]]}, "properties": {"grid_id": "31_31", "pred_scaled_catboost": 0.3469493865518214, "pred_scaled_rf": 0.3883436177036461, "barangay_name_clean": "DULIAN", "lon": 122.18259735315905, "lat": 7.1432437420568675}}, {"type": "Feature", "geometry": {"type": "Polygon", "coordinates": [[[122.18711718723247, 7.147774247128238], [122.18710118935816, 7.156819236161696], [122.17804527363, 7.156803158209529], [122.17806144967639, 7.147758189699952], [122.18711718723247, 7.147774247128238]]]}, "properties": {"grid_id": "31_32", "pred_scaled_catboost": 0.3399502950773183, "pred_scaled_rf": 0.3636706200258957, "barangay_name_clean": "DULIAN", "lon": 122.18258127663384, "lat": 7.152288722635723}}, {"type": "Feature", "geometry": {"type": "Polygon", "coordinates": [[[122.18710118935816, 7.156819236161696], [122.18708517072707, 7.165864221614336], [122.17802907659565, 7.165848123137514], [122.17804527363, 7.156803158209529], [122.18710118935816, 7.156819236161696]]]}, "properties": {"grid_id": "31_33", "pred_scaled_catboost": 0.3714548412629335, "pred_scaled_rf": 0.3468111848576404, "barangay_name_clean": "DULIAN", "lon": 122.1825651792373, "lat": 7.161333699635591}}, {"type": "Feature", "geometry": {"type": "Polygon", "coordinates": [[[122.18708517072707, 7.165864221614336], [122.18706913133715, 7.174909203481727], [122.17801285857131, 7.174893084479472], [122.17802907659565, 7.165848123137514], [122.18708517072707, 7.165864221614336]]]}, "properties": {"grid_id": "31_34", "pred_scaled_catboost": 0.3564705295372676, "pred_scaled_rf": 0.3618236118002217, "barangay_name_clean": "DULIAN", "lon": 122.18254906096733, "lat": 7.170378673052033}}, {"type": "Feature", "geometry": {"type": "Polygon", "coordinates": [[[122.18706913133715, 7.174909203481727], [122.18705307118644, 7.183954181759436], [122.17799661955495, 7.183938042230973], [122.17801285857131, 7.174893084479472], [122.18706913133715, 7.174909203481727]]]}, "properties": {"grid_id": "31_35", "pred_scaled_catboost": 0.3390332344262776, "pred_scaled_rf": 0.353841767717876, "barangay_name_clean": "CURUAN", "lon": 122.18253292182197, "lat": 7.179423642880624}}, {"type": "Feature", "geometry": {"type": "Polygon", "coordinates": [[[122.18705307118644, 7.183954181759436], [122.18703699027289, 7.19299915644303], [122.17798035954449, 7.192982996387584], [122.17799661955495, 7.183938042230973], [122.18705307118644, 7.183954181759436]]]}, "properties": {"grid_id": "31_36", "pred_scaled_catboost": 0.3507182982626159, "pred_scaled_rf": 0.3583092640963918, "barangay_name_clean": "CURUAN", "lon": 122.18251676179918, "lat": 7.188468609116933}}, {"type": "Feature", "geometry": {"type": "Polygon", "coordinates": [[[122.18703699027289, 7.19299915644303], [122.18702088859449, 7.202044127528081], [122.17796407853794, 7.202027946944876], [122.17798035954449, 7.192982996387584], [122.18703699027289, 7.19299915644303]]]}, "properties": {"grid_id": "31_37", "pred_scaled_catboost": 0.3010519772927424, "pred_scaled_rf": 0.335595903560904, "barangay_name_clean": "CURUAN", "lon": 122.18250058089687, "lat": 7.197513571756522}}, {"type": "Feature", "geometry": {"type": "Polygon", "coordinates": [[[122.18702088859449, 7.202044127528081], [122.1870047661492, 7.211089095010162], [122.17794777653322, 7.211072893898413], [122.17796407853794, 7.202027946944876], [122.18702088859449, 7.202044127528081]]]}, "properties": {"grid_id": "31_38", "pred_scaled_catboost": 0.3096107363681879, "pred_scaled_rf": 0.3424855091339705, "barangay_name_clean": "CURUAN", "lon": 122.18248437911309, "lat": 7.2065585307949656}}, {"type": "Feature", "geometry": {"type": "Polygon", "coordinates": [[[122.1870047661492, 7.211089095010162], [122.18698862293505, 7.220134058884836], [122.17793145352834, 7.220117837243765], [122.17794777653322, 7.211072893898413], [122.1870047661492, 7.211089095010162]]]}, "properties": {"grid_id": "31_39", "pred_scaled_catboost": 0.3265671631883211, "pred_scaled_rf": 0.3418359596600261, "barangay_name_clean": "CURUAN", "lon": 122.18246815644581, "lat": 7.21560348622783}}, {"type": "Feature", "geometry": {"type": "Polygon", "coordinates": [[[122.18698862293505, 7.220134058884836], [122.18697245894997, 7.229179019147677], [122.17791510952118, 7.229162776976503], [122.17793145352834, 7.220117837243765], [122.18698862293505, 7.220134058884836]]]}, "properties": {"grid_id": "31_40", "pred_scaled_catboost": 0.3266408243793563, "pred_scaled_rf": 0.3412467187615785, "barangay_name_clean": "CURUAN", "lon": 122.18245191289294, "lat": 7.224648438050691}}, {"type": "Feature", "geometry": {"type": "Polygon", "coordinates": [[[122.18697245894997, 7.229179019147677], [122.18695627419191, 7.238223975794257], [122.17789874450973, 7.238207713092199], [122.17791510952118, 7.229162776976503], [122.18697245894997, 7.229179019147677]]]}, "properties": {"grid_id": "31_41", "pred_scaled_catboost": 0.3343454527736502, "pred_scaled_rf": 0.3461470405635334, "barangay_name_clean": "CURUAN", "lon": 122.18243564845245, "lat": 7.233693386259107}}, {"type": "Feature", "geometry": {"type": "Polygon", "coordinates": [[[122.18695627419191, 7.238223975794257], [122.18694006865891, 7.2472689288201435], [122.17788235849193, 7.247252645586418], [122.17789874450973, 7.238207713092199], [122.18695627419191, 7.238223975794257]]]}, "properties": {"grid_id": "31_42", "pred_scaled_catboost": 0.3530238092669875, "pred_scaled_rf": 0.3561242201241124, "barangay_name_clean": "CURUAN", "lon": 122.18241936312236, "lat": 7.242738330848663}}, {"type": "Feature", "geometry": {"type": "Polygon", "coordinates": [[[122.18694006865891, 7.2472689288201435], [122.18692384234889, 7.2563138782209124], [122.17786595146572, 7.2562975744547344], [122.17788235849193, 7.247252645586418], [122.18694006865891, 7.2472689288201435]]]}, "properties": {"grid_id": "31_43", "pred_scaled_catboost": 0.3670496347154318, "pred_scaled_rf": 0.3459564579098262, "barangay_name_clean": "CURUAN", "lon": 122.18240305690058, "lat": 7.251783271814918}}, {"type": "Feature", "geometry": {"type": "Polygon", "coordinates": [[[122.18692384234889, 7.2563138782209124], [122.18690759525981, 7.265358823992131], [122.17784952342905, 7.265342499692713], [122.17786595146572, 7.2562975744547344], [122.18692384234889, 7.2563138782209124]]]}, "properties": {"grid_id": "31_44", "pred_scaled_catboost": 0.3806676807884976, "pred_scaled_rf": 0.3512968544339563, "barangay_name_clean": NaN, "lon": 122.18238672978502, "lat": 7.260828209153447}}, {"type": "Feature", "geometry": {"type": "Polygon", "coordinates": [[[122.18690759525981, 7.265358823992131], [122.18689132738966, 7.2744037661293754], [122.17783307437986, 7.274387421295933], [122.17784952342905, 7.265342499692713], [122.18690759525981, 7.265358823992131]]]}, "properties": {"grid_id": "31_45", "pred_scaled_catboost": 0.3916882659733833, "pred_scaled_rf": 0.3556313589514264, "barangay_name_clean": NaN, "lon": 122.18237038177372, "lat": 7.2698731428598204}}, {"type": "Feature", "geometry": {"type": "Polygon", "coordinates": [[[122.18689132738966, 7.2744037661293754], [122.18687503873637, 7.283448704628215], [122.17781660431605, 7.283432339259963], [122.17783307437986, 7.274387421295933], [122.18689132738966, 7.2744037661293754]]]}, "properties": {"grid_id": "31_46", "pred_scaled_catboost": 0.3898280101357338, "pred_scaled_rf": 0.3553313458467096, "barangay_name_clean": NaN, "lon": 122.18235401286458, "lat": 7.278918072929617}}, {"type": "Feature", "geometry": {"type": "Polygon", "coordinates": [[[122.18687503873637, 7.283448704628215], [122.18685872929791, 7.292493639484223], [122.17780011323559, 7.292477253580372], [122.17781660431605, 7.283432339259963], [122.18687503873637, 7.283448704628215]]]}, "properties": {"grid_id": "31_47", "pred_scaled_catboost": 0.3837765065138744, "pred_scaled_rf": 0.3951641238476138, "barangay_name_clean": NaN, "lon": 122.18233762305556, "lat": 7.287962999358398}}, {"type": "Feature", "geometry": {"type": "Polygon", "coordinates": [[[122.18685872929791, 7.292493639484223], [122.1868423990722, 7.301538570692978], [122.17778360113641, 7.301522164252734], [122.17780011323559, 7.292477253580372], [122.18685872929791, 7.292493639484223]]]}, "properties": {"grid_id": "31_48", "pred_scaled_catboost": 0.3828543777314805, "pred_scaled_rf": 0.3994986899550511, "barangay_name_clean": NaN, "lon": 122.18232121234453, "lat": 7.297007922141739}}, {"type": "Feature", "geometry": {"type": "Polygon", "coordinates": [[[122.1868423990722, 7.301538570692978], [122.18682604805724, 7.310583498250048], [122.1777670680164, 7.310567071272625], [122.17778360113641, 7.301522164252734], [122.1868423990722, 7.301538570692978]]]}, "properties": {"grid_id": "31_49", "pred_scaled_catboost": 0.4089821009780297, "pred_scaled_rf": 0.4131879028507269, "barangay_name_clean": NaN, "lon": 122.18230478072954, "lat": 7.306052841275225}}, {"type": "Feature", "geometry": {"type": "Polygon", "coordinates": [[[122.18682604805724, 7.310583498250048], [122.18680967625097, 7.319628422151002], [122.17775051387353, 7.319611974635612], [122.1777670680164, 7.310567071272625], [122.18682604805724, 7.310583498250048]]]}, "properties": {"grid_id": "31_50", "pred_scaled_catboost": 0.4408043286856155, "pred_scaled_rf": 0.4284266165030223, "barangay_name_clean": NaN, "lon": 122.18228832820847, "lat": 7.315097756754411}}, {"type": "Feature", "geometry": {"type": "Polygon", "coordinates": [[[122.18680967625097, 7.319628422151002], [122.1867932836513, 7.3286733423914265], [122.1777339387057, 7.328656874337274], [122.17775051387353, 7.319611974635612], [122.18680967625097, 7.319628422151002]]]}, "properties": {"grid_id": "31_51", "pred_scaled_catboost": 0.4367943105283518, "pred_scaled_rf": 0.4333942384501275, "barangay_name_clean": NaN, "lon": 122.1822718547793, "lat": 7.324142668574882}}, {"type": "Feature", "geometry": {"type": "Polygon", "coordinates": [[[122.1867932836513, 7.3286733423914265], [122.18677687025618, 7.337718258966891], [122.17771734251082, 7.33770177037318], [122.1777339387057, 7.328656874337274], [122.1867932836513, 7.3286733423914265]]]}, "properties": {"grid_id": "31_52", "pred_scaled_catboost": 0.4054706183215227, "pred_scaled_rf": 0.3827692687045083, "barangay_name_clean": "SIBULAO", "lon": 122.18225536043987, "lat": 7.333187576732211}}, {"type": "Feature", "geometry": {"type": "Polygon", "coordinates": [[[122.18677687025618, 7.337718258966891], [122.18676043606358, 7.346763171872966], [122.17770072528681, 7.346746662738904], [122.17771734251082, 7.33770177037318], [122.18677687025618, 7.337718258966891]]]}, "properties": {"grid_id": "31_53", "pred_scaled_catboost": 0.3955353571299552, "pred_scaled_rf": 0.3849976532818021, "barangay_name_clean": "SIBULAO", "lon": 122.18223884518818, "lat": 7.34223248122197}}, {"type": "Feature", "geometry": {"type": "Polygon", "coordinates": [[[122.18676043606358, 7.346763171872966], [122.1867439810714, 7.355808081105234], [122.17768408703161, 7.355791551430024], [122.17770072528681, 7.346746662738904], [122.18676043606358, 7.346763171872966]]]}, "properties": {"grid_id": "31_54", "pred_scaled_catboost": 0.3793674718417315, "pred_scaled_rf": 0.3840516102466732, "barangay_name_clean": "SIBULAO", "lon": 122.18222230902215, "lat": 7.351277382039729}}, {"type": "Feature", "geometry": {"type": "Polygon", "coordinates": [[[122.1867439810714, 7.355808081105234], [122.18672750527762, 7.364852986659269], [122.17766742774313, 7.364836436442116], [122.17768408703161, 7.355791551430024], [122.1867439810714, 7.355808081105234]]]}, "properties": {"grid_id": "31_55", "pred_scaled_catboost": 0.3941683860336906, "pred_scaled_rf": 0.3961544994904294, "barangay_name_clean": "SIBULAO", "lon": 122.18220575193968, "lat": 7.360322279181073}}, {"type": "Feature", "geometry": {"type": "Polygon", "coordinates": [[[122.18672750527762, 7.364852986659269], [122.18671100868012, 7.373897888530643], [122.17765074741921, 7.3738813177707465], [122.17766742774313, 7.364836436442116], [122.18672750527762, 7.364852986659269]]]}, "properties": {"grid_id": "31_56", "pred_scaled_catboost": 0.4012896459573919, "pred_scaled_rf": 0.39431466091627, "barangay_name_clean": "SIBULAO", "lon": 122.18218917393872, "lat": 7.369367172641578}}, {"type": "Feature", "geometry": {"type": "Polygon", "coordinates": [[[122.18671100868012, 7.373897888530643], [122.18669449127684, 7.382942786714933], [122.17763404605783, 7.382926195411502], [122.17765074741921, 7.3738813177707465], [122.18671100868012, 7.373897888530643]]]}, "properties": {"grid_id": "31_57", "pred_scaled_catboost": 0.4064813731739939, "pred_scaled_rf": 0.4062594664996481, "barangay_name_clean": "VITALI", "lon": 122.18217257501718, "lat": 7.378412062416805}}, {"type": "Feature", "geometry": {"type": "Polygon", "coordinates": [[[122.18669449127684, 7.382942786714933], [122.18667795306573, 7.3919876812077225], [122.17761732365686, 7.391971069359953], [122.17763404605783, 7.382926195411502], [122.18669449127684, 7.382942786714933]]]}, "properties": {"grid_id": "31_58", "pred_scaled_catboost": 0.4157251929373405, "pred_scaled_rf": 0.4164133232934535, "barangay_name_clean": NaN, "lon": 122.18215595517296, "lat": 7.387456948502346}}, {"type": "Feature", "geometry": {"type": "Polygon", "coordinates": [[[122.18667795306573, 7.3919876812077225], [122.18666139404468, 7.401032572004583], [122.17760058021422, 7.401015939611673], [122.17761732365686, 7.391971069359953], [122.18667795306573, 7.3919876812077225]]]}, "properties": {"grid_id": "31_59", "pred_scaled_catboost": 0.4064400061814636, "pred_scaled_rf": 0.4142971040964628, "barangay_name_clean": NaN, "lon": 122.182139314404, "lat": 7.39650183089377}}, {"type": "Feature", "geometry": {"type": "Polygon", "coordinates": [[[122.18666139404468, 7.401032572004583], [122.18664481421166, 7.410077459101096], [122.17758381572777, 7.410060806162243], [122.17760058021422, 7.401015939611673], [122.18666139404468, 7.401032572004583]]]}, "properties": {"grid_id": "31_60", "pred_scaled_catboost": 0.351806869775716, "pred_scaled_rf": 0.3684107372955557, "barangay_name_clean": "VITALI", "lon": 122.18212265270813, "lat": 7.405546709586659}}, {"type": "Feature", "geometry": {"type": "Polygon", "coordinates": [[[122.18664481421166, 7.410077459101096], [122.18662821356453, 7.419122342492834], [122.17756703019543, 7.419105669007241], [122.17758381572777, 7.410060806162243], [122.18664481421166, 7.410077459101096]]]}, "properties": {"grid_id": "31_61", "pred_scaled_catboost": 0.3562173615897618, "pred_scaled_rf": 0.3835068618478705, "barangay_name_clean": "VITALI", "lon": 122.18210597008336, "lat": 7.414591584576582}}, {"type": "Feature", "geometry": {"type": "Polygon", "coordinates": [[[122.18662821356453, 7.419122342492834], [122.18661159210123, 7.42816722217538], [122.1775502236151, 7.428150528142236], [122.17756703019543, 7.419105669007241], [122.18662821356453, 7.419122342492834]]]}, "properties": {"grid_id": "31_62", "pred_scaled_catboost": 0.4061023372472439, "pred_scaled_rf": 0.4115827680124437, "barangay_name_clean": NaN, "lon": 122.18208926652756, "lat": 7.423636455859122}}, {"type": "Feature", "geometry": {"type": "Polygon", "coordinates": [[[122.19656177297989, 6.921663742909213], [122.19654646578218, 6.930708840299543], [122.18749491435494, 6.9306934476084345], [122.18751039395458, 6.921648370495864], [122.19656177297989, 6.921663742909213]]]}, "properties": {"grid_id": "32_7", "pred_scaled_catboost": 0.3574441785341787, "pred_scaled_rf": 0.3951577693541044, "barangay_name_clean": NaN, "lon": 122.19202838841004, "lat": 6.926178614690632}}, {"type": "Feature", "geometry": {"type": "Polygon", "coordinates": [[[122.19654646578218, 6.930708840299543], [122.19653113810763, 6.939753934220701], [122.18747941404783, 6.939738521251094], [122.18749491435494, 6.9306934476084345], [122.19654646578218, 6.930708840299543]]]}, "properties": {"grid_id": "32_8", "pred_scaled_catboost": 0.3652674751960852, "pred_scaled_rf": 0.3946140263881558, "barangay_name_clean": NaN, "lon": 122.19201298471522, "lat": 6.9352237002262465}}, {"type": "Feature", "geometry": {"type": "Polygon", "coordinates": [[[122.19646962260296, 6.975934275124855], [122.19645419251555, 6.984979351633579], [122.18740160183283, 6.984963837260332], [122.18741720570627, 6.975918781033824], [122.19646962260296, 6.975934275124855]]]}, "properties": {"grid_id": "32_13", "pred_scaled_catboost": 0.3192164177758065, "pred_scaled_rf": 0.3753577095601075, "barangay_name_clean": NaN, "lon": 122.1919356573063, "lat": 6.980449075739126}}, {"type": "Feature", "geometry": {"type": "Polygon", "coordinates": [[[122.19645419251555, 6.984979351633579], [122.19643874193974, 6.994024424646501], [122.18738597724025, 6.994008889990292], [122.18740160183283, 6.984963837260332], [122.19645419251555, 6.984979351633579]]]}, "properties": {"grid_id": "32_14", "pred_scaled_catboost": 0.2795635867824092, "pred_scaled_rf": 0.3319679583857979, "barangay_name_clean": "CABALUAY", "lon": 122.19192013002397, "lat": 6.989494140377591}}, {"type": "Feature", "geometry": {"type": "Polygon", "coordinates": [[[122.19643874193974, 6.994024424646501], [122.19642327087361, 7.003069494159181], [122.18737033192662, 7.003053939219263], [122.18738597724025, 6.994008889990292], [122.19643874193974, 6.994024424646501]]]}, "properties": {"grid_id": "32_15", "pred_scaled_catboost": 0.2284278583884363, "pred_scaled_rf": 0.2498652516232326, "barangay_name_clean": "CABALUAY", "lon": 122.1919045821369, "lat": 6.998539201517661}}, {"type": "Feature", "geometry": {"type": "Polygon", "coordinates": [[[122.19642327087361, 7.003069494159181], [122.19640777931525, 7.012114560167187], [122.18735466588994, 7.012098984942811], [122.18737033192662, 7.003053939219263], [122.19642327087361, 7.003069494159181]]]}, "properties": {"grid_id": "32_16", "pred_scaled_catboost": 0.2393273171191498, "pred_scaled_rf": 0.3654418990207368, "barangay_name_clean": "MANICAHAN", "lon": 122.19188901364316, "lat": 7.0075842591549}}, {"type": "Feature", "geometry": {"type": "Polygon", "coordinates": [[[122.19640777931525, 7.012114560167187], [122.19639226726271, 7.0211596226660795], [122.18733897912823, 7.021144027156496], [122.18735466588994, 7.012098984942811], [122.19640777931525, 7.012114560167187]]]}, "properties": {"grid_id": "32_17", "pred_scaled_catboost": 0.2581736917393072, "pred_scaled_rf": 0.3641535871597487, "barangay_name_clean": "MANICAHAN", "lon": 122.19187342454082, "lat": 7.016629313284876}}, {"type": "Feature", "geometry": {"type": "Polygon", "coordinates": [[[122.19639226726271, 7.0211596226660795], [122.19637673471401, 7.030204681651423], [122.18732327163956, 7.0301890658558825], [122.18733897912823, 7.021144027156496], [122.19639226726271, 7.0211596226660795]]]}, "properties": {"grid_id": "32_18", "pred_scaled_catboost": 0.2582690177482283, "pred_scaled_rf": 0.3623547588122516, "barangay_name_clean": "MANICAHAN", "lon": 122.19185781482787, "lat": 7.02567436390314}}, {"type": "Feature", "geometry": {"type": "Polygon", "coordinates": [[[122.19637673471401, 7.030204681651423], [122.19636118166727, 7.03924973711878], [122.18730754342197, 7.039234101036532], [122.18732327163956, 7.0301890658558825], [122.19637673471401, 7.030204681651423]]]}, "properties": {"grid_id": "32_19", "pred_scaled_catboost": 0.277444192869264, "pred_scaled_rf": 0.3278442459558463, "barangay_name_clean": "MANICAHAN", "lon": 122.19184218450242, "lat": 7.034719411005266}}, {"type": "Feature", "geometry": {"type": "Polygon", "coordinates": [[[122.19636118166727, 7.03924973711878], [122.19634560812045, 7.048294789063716], [122.18729179447341, 7.048279132694004], [122.18730754342197, 7.039234101036532], [122.19636118166727, 7.03924973711878]]]}, "properties": {"grid_id": "32_20", "pred_scaled_catboost": 0.291306938993044, "pred_scaled_rf": 0.289723704750326, "barangay_name_clean": "VICTORIA", "lon": 122.19182653356243, "lat": 7.043764454586809}}, {"type": "Feature", "geometry": {"type": "Polygon", "coordinates": [[[122.19634560812045, 7.048294789063716], [122.19633001407169, 7.057339837481798], [122.18727602479198, 7.05732416082387], [122.18729179447341, 7.048279132694004], [122.19634560812045, 7.048294789063716]]]}, "properties": {"grid_id": "32_21", "pred_scaled_catboost": 0.3402534205035188, "pred_scaled_rf": 0.3230358205788159, "barangay_name_clean": "LAMISAHAN", "lon": 122.19181086200601, "lat": 7.052809494643344}}, {"type": "Feature", "geometry": {"type": "Polygon", "coordinates": [[[122.19633001407169, 7.057339837481798], [122.19631439951898, 7.0663848823685855], [122.1872602343757, 7.066369185421691], [122.18727602479198, 7.05732416082387], [122.19633001407169, 7.057339837481798]]]}, "properties": {"grid_id": "32_22", "pred_scaled_catboost": 0.3325247090692437, "pred_scaled_rf": 0.2693216443689403, "barangay_name_clean": "LAMISAHAN", "lon": 122.19179516983118, "lat": 7.0618545311704235}}, {"type": "Feature", "geometry": {"type": "Polygon", "coordinates": [[[122.19631439951898, 7.0663848823685855], [122.19629876446037, 7.075429923719647], [122.18724442322257, 7.075414206483027], [122.1872602343757, 7.066369185421691], [122.19631439951898, 7.0663848823685855]]]}, "properties": {"grid_id": "32_23", "pred_scaled_catboost": 0.2766070044689916, "pred_scaled_rf": 0.2499179530086739, "barangay_name_clean": "SANGALI", "lon": 122.19177945703596, "lat": 7.070899564163618}}, {"type": "Feature", "geometry": {"type": "Polygon", "coordinates": [[[122.19629876446037, 7.075429923719647], [122.1962831088939, 7.084474961530551], [122.1872285913306, 7.08445922400345], [122.18724442322257, 7.075414206483027], [122.19629876446037, 7.075429923719647]]]}, "properties": {"grid_id": "32_24", "pred_scaled_catboost": 0.2779470082516733, "pred_scaled_rf": 0.2548732475093541, "barangay_name_clean": "SANGALI", "lon": 122.19176372361838, "lat": 7.079944593618494}}, {"type": "Feature", "geometry": {"type": "Polygon", "coordinates": [[[122.1962831088939, 7.084474961530551], [122.19626743281759, 7.093519995796858], [122.18721273869782, 7.093504237978519], [122.1872285913306, 7.08445922400345], [122.1962831088939, 7.084474961530551]]]}, "properties": {"grid_id": "32_25", "pred_scaled_catboost": 0.3313149136861902, "pred_scaled_rf": 0.3228548635901914, "barangay_name_clean": "BUNGUIAO", "lon": 122.19174796957647, "lat": 7.088989619530612}}, {"type": "Feature", "geometry": {"type": "Polygon", "coordinates": [[[122.19626743281759, 7.093519995796858], [122.19625173622953, 7.102565026514136], [122.18719686532224, 7.102549248403801], [122.18721273869782, 7.093504237978519], [122.19626743281759, 7.093519995796858]]]}, "properties": {"grid_id": "32_26", "pred_scaled_catboost": 0.3337791388317358, "pred_scaled_rf": 0.3202123257957094, "barangay_name_clean": "BUNGUIAO", "lon": 122.19173219490825, "lat": 7.098034641895546}}, {"type": "Feature", "geometry": {"type": "Polygon", "coordinates": [[[122.19625173622953, 7.102565026514136], [122.19623601912768, 7.111610053677954], [122.18718097120184, 7.1115942552748646], [122.18719686532224, 7.102549248403801], [122.19625173622953, 7.102565026514136]]]}, "properties": {"grid_id": "32_27", "pred_scaled_catboost": 0.3440392513255791, "pred_scaled_rf": 0.3522785919345843, "barangay_name_clean": "BUNGUIAO", "lon": 122.19171639961172, "lat": 7.10707966070885}}, {"type": "Feature", "geometry": {"type": "Polygon", "coordinates": [[[122.19623601912768, 7.111610053677954], [122.19622028151012, 7.12065507728388], [122.18716505633469, 7.120639258587272], [122.18718097120184, 7.1115942552748646], [122.19623601912768, 7.111610053677954]]]}, "properties": {"grid_id": "32_28", "pred_scaled_catboost": 0.3318364311674988, "pred_scaled_rf": 0.3560851836993562, "barangay_name_clean": "BUNGUIAO", "lon": 122.19170058368496, "lat": 7.1161246759661}}, {"type": "Feature", "geometry": {"type": "Polygon", "coordinates": [[[122.19622028151012, 7.12065507728388], [122.19620452337489, 7.129700097327478], [122.18714912071873, 7.129684258336592], [122.18716505633469, 7.120639258587272], [122.19622028151012, 7.12065507728388]]]}, "properties": {"grid_id": "32_29", "pred_scaled_catboost": 0.3611043257027673, "pred_scaled_rf": 0.3794007631090194, "barangay_name_clean": "DULIAN", "lon": 122.19168474712593, "lat": 7.125169687662864}}, {"type": "Feature", "geometry": {"type": "Polygon", "coordinates": [[[122.19620452337489, 7.129700097327478], [122.19618874471996, 7.138745113804316], [122.187133164352, 7.138729254518392], [122.18714912071873, 7.129684258336592], [122.19620452337489, 7.129700097327478]]]}, "properties": {"grid_id": "32_30", "pred_scaled_catboost": 0.348357174782562, "pred_scaled_rf": 0.3815860195735246, "barangay_name_clean": "DULIAN", "lon": 122.1916688899327, "lat": 7.134214695794699}}, {"type": "Feature", "geometry": {"type": "Polygon", "coordinates": [[[122.19618874471996, 7.138745113804316], [122.19617294554335, 7.147790126709966], [122.18711718723247, 7.147774247128238], [122.187133164352, 7.138729254518392], [122.19618874471996, 7.138745113804316]]]}, "properties": {"grid_id": "32_31", "pred_scaled_catboost": 0.3322324636561449, "pred_scaled_rf": 0.381674489059904, "barangay_name_clean": "DULIAN", "lon": 122.19165301210323, "lat": 7.1432597003571825}}, {"type": "Feature", "geometry": {"type": "Polygon", "coordinates": [[[122.19617294554335, 7.147790126709966], [122.19615712584313, 7.156835136039993], [122.18710118935816, 7.156819236161696], [122.18711718723247, 7.147774247128238], [122.19617294554335, 7.147790126709966]]]}, "properties": {"grid_id": "32_32", "pred_scaled_catboost": 0.3498115339831724, "pred_scaled_rf": 0.3624376141517023, "barangay_name_clean": "DULIAN", "lon": 122.19163711363552, "lat": 7.152304701345877}}, {"type": "Feature", "geometry": {"type": "Polygon", "coordinates": [[[122.19615712584313, 7.156835136039993], [122.19614128561729, 7.165880141789967], [122.18708517072707, 7.165864221614336], [122.18710118935816, 7.156819236161696], [122.19615712584313, 7.156835136039993]]]}, "properties": {"grid_id": "32_33", "pred_scaled_catboost": 0.3734223708270648, "pred_scaled_rf": 0.3496590734521971, "barangay_name_clean": "DULIAN", "lon": 122.19162119452761, "lat": 7.161349698756353}}, {"type": "Feature", "geometry": {"type": "Polygon", "coordinates": [[[122.19614128561729, 7.165880141789967], [122.19612542486384, 7.1749251439554556], [122.18706913133715, 7.174909203481727], [122.18708517072707, 7.165864221614336], [122.19614128561729, 7.165880141789967]]]}, "properties": {"grid_id": "32_34", "pred_scaled_catboost": 0.3730363574335349, "pred_scaled_rf": 0.3447635736629452, "barangay_name_clean": "QUINIPUT", "lon": 122.1916052547775, "lat": 7.17039469258418}}, {"type": "Feature", "geometry": {"type": "Polygon", "coordinates": [[[122.19612542486384, 7.1749251439554556], [122.19610954358077, 7.183970142532034], [122.18705307118644, 7.183954181759436], [122.18706913133715, 7.174909203481727], [122.19612542486384, 7.1749251439554556]]]}, "properties": {"grid_id": "32_35", "pred_scaled_catboost": 0.3622591774605774, "pred_scaled_rf": 0.3457976487540222, "barangay_name_clean": "QUINIPUT", "lon": 122.19158929438315, "lat": 7.1794396828249205}}, {"type": "Feature", "geometry": {"type": "Polygon", "coordinates": [[[122.19610954358077, 7.183970142532034], [122.19609364176611, 7.193015137515264], [122.18703699027289, 7.19299915644303], [122.18705307118644, 7.183954181759436], [122.19610954358077, 7.183970142532034]]]}, "properties": {"grid_id": "32_36", "pred_scaled_catboost": 0.344107672721135, "pred_scaled_rf": 0.3540964353351079, "barangay_name_clean": "CURUAN", "lon": 122.19157331334263, "lat": 7.188484669474149}}, {"type": "Feature", "geometry": {"type": "Polygon", "coordinates": [[[122.19609364176611, 7.193015137515264], [122.1960777194179, 7.202060128900721], [122.18702088859449, 7.202044127528081], [122.18703699027289, 7.19299915644303], [122.19609364176611, 7.193015137515264]]]}, "properties": {"grid_id": "32_37", "pred_scaled_catboost": 0.3140470794618837, "pred_scaled_rf": 0.3146858522952344, "barangay_name_clean": "CURUAN", "lon": 122.1915573116539, "lat": 7.1975296525274395}}, {"type": "Feature", "geometry": {"type": "Polygon", "coordinates": [[[122.1960777194179, 7.202060128900721], [122.19606177653408, 7.211105116683975], [122.1870047661492, 7.211089095010162], [122.18702088859449, 7.202044127528081], [122.1960777194179, 7.202060128900721]]]}, "properties": {"grid_id": "32_38", "pred_scaled_catboost": 0.3154411292432232, "pred_scaled_rf": 0.3447012415072745, "barangay_name_clean": "CURUAN", "lon": 122.19154128931494, "lat": 7.206574631980355}}, {"type": "Feature", "geometry": {"type": "Polygon", "coordinates": [[[122.19606177653408, 7.211105116683975], [122.19604581311266, 7.220150100860599], [122.18698862293505, 7.220134058884836], [122.1870047661492, 7.211089095010162], [122.19606177653408, 7.211105116683975]]]}, "properties": {"grid_id": "32_39", "pred_scaled_catboost": 0.3317683738566343, "pred_scaled_rf": 0.3472216678860898, "barangay_name_clean": "CURUAN", "lon": 122.19152524632372, "lat": 7.215619607828465}}, {"type": "Feature", "geometry": {"type": "Polygon", "coordinates": [[[122.19604581311266, 7.220150100860599], [122.19602982915168, 7.229195081426159], [122.18697245894997, 7.229179019147677], [122.18698862293505, 7.220134058884836], [122.19604581311266, 7.220150100860599]]]}, "properties": {"grid_id": "32_40", "pred_scaled_catboost": 0.3472674932844976, "pred_scaled_rf": 0.352182212576666, "barangay_name_clean": "CURUAN", "lon": 122.19150918267829, "lat": 7.224664580067349}}, {"type": "Feature", "geometry": {"type": "Polygon", "coordinates": [[[122.19602982915168, 7.229195081426159], [122.1960138246491, 7.238240058376234], [122.18695627419191, 7.238223975794257], [122.18697245894997, 7.229179019147677], [122.19602982915168, 7.229195081426159]]]}, "properties": {"grid_id": "32_41", "pred_scaled_catboost": 0.3438171271331403, "pred_scaled_rf": 0.3488540155900282, "barangay_name_clean": "LATUAN", "lon": 122.19149309837655, "lat": 7.233709548692569}}, {"type": "Feature", "geometry": {"type": "Polygon", "coordinates": [[[122.1960138246491, 7.238240058376234], [122.1959977996029, 7.247285031706388], [122.18694006865891, 7.2472689288201435], [122.18695627419191, 7.238223975794257], [122.1960138246491, 7.238240058376234]]]}, "properties": {"grid_id": "32_42", "pred_scaled_catboost": 0.340638067351719, "pred_scaled_rf": 0.3561737351979084, "barangay_name_clean": "CURUAN", "lon": 122.19147699341657, "lat": 7.2427545136996985}}, {"type": "Feature", "geometry": {"type": "Polygon", "coordinates": [[[122.1959977996029, 7.247285031706388], [122.19598175401109, 7.256330001412199], [122.18692384234889, 7.2563138782209124], [122.18694006865891, 7.2472689288201435], [122.1959977996029, 7.247285031706388]]]}, "properties": {"grid_id": "32_43", "pred_scaled_catboost": 0.3663028797443559, "pred_scaled_rf": 0.3817538538975919, "barangay_name_clean": "LATUAN", "lon": 122.19146086779625, "lat": 7.251799475084311}}, {"type": "Feature", "geometry": {"type": "Polygon", "coordinates": [[[122.19598175401109, 7.256330001412199], [122.19596568787168, 7.2653749674892385], [122.18690759525981, 7.265358823992131], [122.18692384234889, 7.2563138782209124], [122.19598175401109, 7.256330001412199]]]}, "properties": {"grid_id": "32_44", "pred_scaled_catboost": 0.3551998599907209, "pred_scaled_rf": 0.3722370107520792, "barangay_name_clean": "LATUAN", "lon": 122.19144472151366, "lat": 7.260844432841982}}, {"type": "Feature", "geometry": {"type": "Polygon", "coordinates": [[[122.19596568787168, 7.2653749674892385], [122.19594960118259, 7.274419929933079], [122.18689132738966, 7.2744037661293754], [122.18690759525981, 7.265358823992131], [122.19596568787168, 7.2653749674892385]]]}, "properties": {"grid_id": "32_45", "pred_scaled_catboost": 0.3502441101123412, "pred_scaled_rf": 0.3738421810698783, "barangay_name_clean": "CALABASA", "lon": 122.1914285545667, "lat": 7.269889386968273}}, {"type": "Feature", "geometry": {"type": "Polygon", "coordinates": [[[122.19594960118259, 7.274419929933079], [122.19593349394185, 7.2834648887392985], [122.18687503873637, 7.283448704628215], [122.18689132738966, 7.2744037661293754], [122.19594960118259, 7.274419929933079]]]}, "properties": {"grid_id": "32_46", "pred_scaled_catboost": 0.3444238509862304, "pred_scaled_rf": 0.3490122028728069, "barangay_name_clean": NaN, "lon": 122.19141236695336, "lat": 7.278934337458771}}, {"type": "Feature", "geometry": {"type": "Polygon", "coordinates": [[[122.19593349394185, 7.2834648887392985], [122.19591736614744, 7.292509843903463], [122.18685872929791, 7.292493639484223], [122.18687503873637, 7.283448704628215], [122.19593349394185, 7.2834648887392985]]]}, "properties": {"grid_id": "32_47", "pred_scaled_catboost": 0.3733965511876729, "pred_scaled_rf": 0.3935714707126532, "barangay_name_clean": NaN, "lon": 122.19139615867158, "lat": 7.287979284309041}}, {"type": "Feature", "geometry": {"type": "Polygon", "coordinates": [[[122.19591736614744, 7.292509843903463], [122.1959012177973, 7.301554795421151], [122.1868423990722, 7.301538570692978], [122.18685872929791, 7.292493639484223], [122.19591736614744, 7.292509843903463]]]}, "properties": {"grid_id": "32_48", "pred_scaled_catboost": 0.4092122050069837, "pred_scaled_rf": 0.4015241458760185, "barangay_name_clean": NaN, "lon": 122.19137992971936, "lat": 7.2970242275146555}}, {"type": "Feature", "geometry": {"type": "Polygon", "coordinates": [[[122.1959012177973, 7.301554795421151], [122.19588504888942, 7.3105997432879395], [122.18682604805724, 7.310583498250048], [122.1868423990722, 7.301538570692978], [122.1959012177973, 7.301554795421151]]]}, "properties": {"grid_id": "32_49", "pred_scaled_catboost": 0.4063374441740531, "pred_scaled_rf": 0.4209717068575817, "barangay_name_clean": NaN, "lon": 122.19136368009465, "lat": 7.306069167071192}}, {"type": "Feature", "geometry": {"type": "Polygon", "coordinates": [[[122.19588504888942, 7.3105997432879395], [122.19586885942178, 7.319644687499398], [122.18680967625097, 7.319628422151002], [122.18682604805724, 7.310583498250048], [122.19588504888942, 7.3105997432879395]]]}, "properties": {"grid_id": "32_50", "pred_scaled_catboost": 0.4276741040011911, "pred_scaled_rf": 0.4279278047516869, "barangay_name_clean": NaN, "lon": 122.19134740979543, "lat": 7.315114102974221}}, {"type": "Feature", "geometry": {"type": "Polygon", "coordinates": [[[122.19586885942178, 7.319644687499398], [122.19585264939234, 7.328689628051103], [122.1867932836513, 7.3286733423914265], [122.18680967625097, 7.319628422151002], [122.19586885942178, 7.319644687499398]]]}, "properties": {"grid_id": "32_51", "pred_scaled_catboost": 0.3918127530356975, "pred_scaled_rf": 0.3990470541104211, "barangay_name_clean": "UNCLAIMED AREA UNDER JURISDICTION OF ZAMBOANGA CITY", "lon": 122.19133111881963, "lat": 7.324159035219322}}, {"type": "Feature", "geometry": {"type": "Polygon", "coordinates": [[[122.19585264939234, 7.328689628051103], [122.19583641879906, 7.337734564938638], [122.18677687025618, 7.337718258966891], [122.1867932836513, 7.3286733423914265], [122.19585264939234, 7.328689628051103]]]}, "properties": {"grid_id": "32_52", "pred_scaled_catboost": 0.4041436657164126, "pred_scaled_rf": 0.38726230404161, "barangay_name_clean": "SIBULAO", "lon": 122.19131480716523, "lat": 7.333203963802069}}, {"type": "Feature", "geometry": {"type": "Polygon", "coordinates": [[[122.19583641879906, 7.337734564938638], [122.19582016763991, 7.346779498157566], [122.18676043606358, 7.346763171872966], [122.18677687025618, 7.337718258966891], [122.19583641879906, 7.337734564938638]]]}, "properties": {"grid_id": "32_53", "pred_scaled_catboost": 0.3864946779009787, "pred_scaled_rf": 0.4047244542271676, "barangay_name_clean": "SIBULAO", "lon": 122.19129847483012, "lat": 7.342248888718033}}, {"type": "Feature", "geometry": {"type": "Polygon", "coordinates": [[[122.19582016763991, 7.346779498157566], [122.19580389591285, 7.355824427703478], [122.1867439810714, 7.355808081105234], [122.18676043606358, 7.346763171872966], [122.19582016763991, 7.346779498157566]]]}, "properties": {"grid_id": "32_54", "pred_scaled_catboost": 0.3788968729834989, "pred_scaled_rf": 0.3848793787533842, "barangay_name_clean": "SIBULAO", "lon": 122.19128212181235, "lat": 7.351293809962796}}, {"type": "Feature", "geometry": {"type": "Polygon", "coordinates": [[[122.19580389591285, 7.355824427703478], [122.19578760361581, 7.364869353571937], [122.18672750527762, 7.364852986659269], [122.1867439810714, 7.355808081105234], [122.19580389591285, 7.355824427703478]]]}, "properties": {"grid_id": "32_55", "pred_scaled_catboost": 0.4034789975544031, "pred_scaled_rf": 0.3811099878017103, "barangay_name_clean": "SIBULAO", "lon": 122.1912657481098, "lat": 7.3603387275319285}}, {"type": "Feature", "geometry": {"type": "Polygon", "coordinates": [[[122.19578760361581, 7.364869353571937], [122.19577129074679, 7.373914275758532], [122.18671100868012, 7.373897888530643], [122.18672750527762, 7.364852986659269], [122.19578760361581, 7.364869353571937]]]}, "properties": {"grid_id": "32_56", "pred_scaled_catboost": 0.3931737621067087, "pred_scaled_rf": 0.4073062069390404, "barangay_name_clean": "VITALI", "lon": 122.19124935372042, "lat": 7.369383641421014}}, {"type": "Feature", "geometry": {"type": "Polygon", "coordinates": [[[122.19577129074679, 7.373914275758532], [122.19575495730372, 7.382959194258831], [122.18669449127684, 7.382942786714933], [122.18671100868012, 7.373897888530643], [122.19577129074679, 7.373914275758532]]]}, "properties": {"grid_id": "32_57", "pred_scaled_catboost": 0.3983878749244312, "pred_scaled_rf": 0.4054504286513008, "barangay_name_clean": "VITALI", "lon": 122.19123293864216, "lat": 7.378428551625622}}, {"type": "Feature", "geometry": {"type": "Polygon", "coordinates": [[[122.19575495730372, 7.382959194258831], [122.19573860328451, 7.392004109068417], [122.18667795306573, 7.3919876812077225], [122.18669449127684, 7.382942786714933], [122.19575495730372, 7.382959194258831]]]}, "properties": {"grid_id": "32_58", "pred_scaled_catboost": 0.3858247542498575, "pred_scaled_rf": 0.4041179710265788, "barangay_name_clean": "VITALI", "lon": 122.19121650287296, "lat": 7.387473458141329}}, {"type": "Feature", "geometry": {"type": "Polygon", "coordinates": [[[122.19573860328451, 7.392004109068417], [122.19572222868719, 7.401049020182869], [122.18666139404468, 7.401032572004583], [122.18667795306573, 7.3919876812077225], [122.19573860328451, 7.392004109068417]]]}, "properties": {"grid_id": "32_59", "pred_scaled_catboost": 0.405112913582018, "pred_scaled_rf": 0.4150257256131149, "barangay_name_clean": NaN, "lon": 122.19120004641076, "lat": 7.396518360963726}}, {"type": "Feature", "geometry": {"type": "Polygon", "coordinates": [[[122.19572222868719, 7.401049020182869], [122.19570583350962, 7.410093927597759], [122.18664481421166, 7.410077459101096], [122.18666139404468, 7.401032572004583], [122.19572222868719, 7.401049020182869]]]}, "properties": {"grid_id": "32_60", "pred_scaled_catboost": 0.3994647479830276, "pred_scaled_rf": 0.4095828749918817, "barangay_name_clean": NaN, "lon": 122.19118356925347, "lat": 7.405563260088368}}, {"type": "Feature", "geometry": {"type": "Polygon", "coordinates": [[[122.19570583350962, 7.410093927597759], [122.19568941774979, 7.419138831308678], [122.18662821356453, 7.419122342492834], [122.18664481421166, 7.410077459101096], [122.19570583350962, 7.410093927597759]]]}, "properties": {"grid_id": "32_61", "pred_scaled_catboost": 0.3543418713626385, "pred_scaled_rf": 0.3802023695100141, "barangay_name_clean": "VITALI", "lon": 122.19116707139908, "lat": 7.414608155510858}}, {"type": "Feature", "geometry": {"type": "Polygon", "coordinates": [[[122.19568941774979, 7.419138831308678], [122.19567298140561, 7.428183731311192], [122.18661159210123, 7.42816722217538], [122.18662821356453, 7.419122342492834], [122.19568941774979, 7.419138831308678]]]}, "properties": {"grid_id": "32_62", "pred_scaled_catboost": 0.3613802229945405, "pred_scaled_rf": 0.3764032920399072, "barangay_name_clean": "VITALI", "lon": 122.1911505528454, "lat": 7.423653047226757}}, {"type": "Feature", "geometry": {"type": "Polygon", "coordinates": [[[122.19567298140561, 7.428183731311192], [122.19565652447505, 7.43722862760089], [122.18659494981968, 7.437212098144309], [122.18661159210123, 7.42816722217538], [122.19567298140561, 7.428183731311192]]]}, "properties": {"grid_id": "32_63", "pred_scaled_catboost": 0.4245927434491252, "pred_scaled_rf": 0.4268958982146285, "barangay_name_clean": NaN, "lon": 122.19113401359047, "lat": 7.432697935231654}}, {"type": "Feature", "geometry": {"type": "Polygon", "coordinates": [[[122.20562828702967, 6.912633822249216], [122.20561317248007, 6.921678943154199], [122.19656177297989, 6.921663742909213], [122.19657705970273, 6.912618642054152], [122.20562828702967, 6.912633822249216]]]}, "properties": {"grid_id": "33_6", "pred_scaled_catboost": 0.3764079596382843, "pred_scaled_rf": 0.4053389841220214, "barangay_name_clean": NaN, "lon": 122.20109507467187, "lat": 6.917148801935165}}, {"type": "Feature", "geometry": {"type": "Polygon", "coordinates": [[[122.20561317248007, 6.921678943154199], [122.20559803768622, 6.930724060595182], [122.19654646578218, 6.930708840299543], [122.19656177297989, 6.921663742909213], [122.20561317248007, 6.921678943154199]]]}, "properties": {"grid_id": "33_7", "pred_scaled_catboost": 0.3887341707797119, "pred_scaled_rf": 0.4058364373296995, "barangay_name_clean": NaN, "lon": 122.20107986385582, "lat": 6.9261939111019375}}, {"type": "Feature", "geometry": {"type": "Polygon", "coordinates": [[[122.20559803768622, 6.930724060595182], [122.20558288264615, 6.939769174567727], [122.19653113810763, 6.939753934220701], [122.19654646578218, 6.930708840299543], [122.20559803768622, 6.930724060595182]]]}, "properties": {"grid_id": "33_8", "pred_scaled_catboost": 0.3974612655540634, "pred_scaled_rf": 0.410279238886558, "barangay_name_clean": NaN, "lon": 122.20106463267925, "lat": 6.9352390168021225}}, {"type": "Feature", "geometry": {"type": "Polygon", "coordinates": [[[122.20558288264615, 6.939769174567727], [122.20556770735801, 6.948814285067395], [122.19651578995436, 6.948799024668252], [122.19653113810763, 6.939753934220701], [122.20558288264615, 6.939769174567727]]]}, "properties": {"grid_id": "33_9", "pred_scaled_catboost": 0.3980969804004909, "pred_scaled_rf": 0.4059126441076635, "barangay_name_clean": NaN, "lon": 122.20104938114021, "lat": 6.944284119031288}}, {"type": "Feature", "geometry": {"type": "Polygon", "coordinates": [[[122.20556770735801, 6.948814285067395], [122.2055525118199, 6.957859392089748], [122.19650042132045, 6.957844111637754], [122.19651578995436, 6.948799024668252], [122.20556770735801, 6.948814285067395]]]}, "properties": {"grid_id": "33_10", "pred_scaled_catboost": 0.3746650737275614, "pred_scaled_rf": 0.4072235782879735, "barangay_name_clean": NaN, "lon": 122.2010341092368, "lat": 6.953329217784992}}, {"type": "Feature", "geometry": {"type": "Polygon", "coordinates": [[[122.20547623031285, 7.003084874886482], [122.20546091323477, 7.012129960951764], [122.19640777931525, 7.012114560167187], [122.19642327087361, 7.003069494159181], [122.20547623031285, 7.003084874886482]]]}, "properties": {"grid_id": "33_16", "pred_scaled_catboost": 0.2477257407758739, "pred_scaled_rf": 0.365025767320119, "barangay_name_clean": "MANICAHAN", "lon": 122.20094205005755, "lat": 7.00759973707398}}, {"type": "Feature", "geometry": {"type": "Polygon", "coordinates": [[[122.20546091323477, 7.012129960951764], [122.20544557589331, 7.021175043508675], [122.19639226726271, 7.0211596226660795], [122.19640777931525, 7.012114560167187], [122.20546091323477, 7.012129960951764]]]}, "properties": {"grid_id": "33_17", "pred_scaled_catboost": 0.2913047191332279, "pred_scaled_rf": 0.3702131085108145, "barangay_name_clean": "MANICAHAN", "lon": 122.20092663554989, "lat": 7.0166448113751905}}, {"type": "Feature", "geometry": {"type": "Polygon", "coordinates": [[[122.20544557589331, 7.021175043508675], [122.20543021828657, 7.030220122552778], [122.19637673471401, 7.030204681651423], [122.19639226726271, 7.0211596226660795], [122.20544557589331, 7.021175043508675]]]}, "properties": {"grid_id": "33_18", "pred_scaled_catboost": 0.3016263830050258, "pred_scaled_rf": 0.3744549306181548, "barangay_name_clean": "MANICAHAN", "lon": 122.2009112006625, "lat": 7.025689882165447}}, {"type": "Feature", "geometry": {"type": "Polygon", "coordinates": [[[122.20543021828657, 7.030220122552778], [122.20541484041262, 7.039265198079638], [122.19636118166727, 7.03924973711878], [122.19637673471401, 7.030204681651423], [122.20543021828657, 7.030220122552778]]]}, "properties": {"grid_id": "33_19", "pred_scaled_catboost": 0.2900228249472604, "pred_scaled_rf": 0.374029275110972, "barangay_name_clean": "MANICAHAN", "lon": 122.20089574539342, "lat": 7.034734949440297}}, {"type": "Feature", "geometry": {"type": "Polygon", "coordinates": [[[122.20541484041262, 7.039265198079638], [122.2053994422695, 7.04831027008482], [122.19634560812045, 7.048294789063716], [122.19636118166727, 7.03924973711878], [122.20541484041262, 7.039265198079638]]]}, "properties": {"grid_id": "33_20", "pred_scaled_catboost": 0.3035142491276651, "pred_scaled_rf": 0.3251246053267589, "barangay_name_clean": "VICTORIA", "lon": 122.20088026974074, "lat": 7.0437800131953265}}, {"type": "Feature", "geometry": {"type": "Polygon", "coordinates": [[[122.2053994422695, 7.04831027008482], [122.20538402385533, 7.057355338563891], [122.19633001407169, 7.057339837481798], [122.19634560812045, 7.048294789063716], [122.2053994422695, 7.04831027008482]]]}, "properties": {"grid_id": "33_21", "pred_scaled_catboost": 0.2608274102489109, "pred_scaled_rf": 0.3144461474765666, "barangay_name_clean": "VICTORIA", "lon": 122.20086477370249, "lat": 7.052825073426085}}, {"type": "Feature", "geometry": {"type": "Polygon", "coordinates": [[[122.20538402385533, 7.057355338563891], [122.20536858516813, 7.06640040351242], [122.19631439951898, 7.0663848823685855], [122.19633001407169, 7.057339837481798], [122.20538402385533, 7.057355338563891]]]}, "properties": {"grid_id": "33_22", "pred_scaled_catboost": 0.3135796943005542, "pred_scaled_rf": 0.2987147964345901, "barangay_name_clean": "SANGALI", "lon": 122.20084925727676, "lat": 7.061870130128143}}, {"type": "Feature", "geometry": {"type": "Polygon", "coordinates": [[[122.20536858516813, 7.06640040351242], [122.20535312620602, 7.075445464925965], [122.19629876446037, 7.075429923719647], [122.19631439951898, 7.0663848823685855], [122.20536858516813, 7.06640040351242]]]}, "properties": {"grid_id": "33_23", "pred_scaled_catboost": 0.3222427431809083, "pred_scaled_rf": 0.289510270547113, "barangay_name_clean": "SANGALI", "lon": 122.20083372046156, "lat": 7.070915183297071}}, {"type": "Feature", "geometry": {"type": "Polygon", "coordinates": [[[122.20535312620602, 7.075445464925965], [122.205337646967, 7.0844905228001], [122.1962831088939, 7.084474961530551], [122.19629876446037, 7.075429923719647], [122.20535312620602, 7.075445464925965]]]}, "properties": {"grid_id": "33_24", "pred_scaled_catboost": 0.3220107661420465, "pred_scaled_rf": 0.2936613573962981, "barangay_name_clean": "SANGALI", "lon": 122.20081816325495, "lat": 7.079960232928424}}, {"type": "Feature", "geometry": {"type": "Polygon", "coordinates": [[[122.205337646967, 7.0844905228001], [122.20532214744918, 7.093535577130387], [122.19626743281759, 7.093519995796858], [122.1962831088939, 7.084474961530551], [122.205337646967, 7.0844905228001]]]}, "properties": {"grid_id": "33_25", "pred_scaled_catboost": 0.359195767254751, "pred_scaled_rf": 0.3758748406756245, "barangay_name_clean": "BUNGUIAO", "lon": 122.20080258565504, "lat": 7.0890052790177815}}, {"type": "Feature", "geometry": {"type": "Polygon", "coordinates": [[[122.20532214744918, 7.093535577130387], [122.20530662765059, 7.102580627912397], [122.19625173622953, 7.102565026514136], [122.19626743281759, 7.093519995796858], [122.20532214744918, 7.093535577130387]]]}, "properties": {"grid_id": "33_26", "pred_scaled_catboost": 0.3595760242676463, "pred_scaled_rf": 0.3366147849857347, "barangay_name_clean": "BUNGUIAO", "lon": 122.2007869876598, "lat": 7.098050321560693}}, {"type": "Feature", "geometry": {"type": "Polygon", "coordinates": [[[122.20530662765059, 7.102580627912397], [122.20529108756925, 7.111625675141698], [122.19623601912768, 7.111610053677954], [122.19625173622953, 7.102565026514136], [122.20530662765059, 7.102580627912397]]]}, "properties": {"grid_id": "33_27", "pred_scaled_catboost": 0.3436325837412843, "pred_scaled_rf": 0.3440477594650593, "barangay_name_clean": "BUNGUIAO", "lon": 122.2007713692673, "lat": 7.1070953605527425}}, {"type": "Feature", "geometry": {"type": "Polygon", "coordinates": [[[122.20529108756925, 7.111625675141698], [122.2052755272033, 7.120670718813857], [122.19622028151012, 7.12065507728388], [122.19623601912768, 7.111610053677954], [122.20529108756925, 7.111625675141698]]]}, "properties": {"grid_id": "33_28", "pred_scaled_catboost": 0.3475752292880739, "pred_scaled_rf": 0.3460747401597157, "barangay_name_clean": "BUNGUIAO", "lon": 122.20075573047559, "lat": 7.116140395989492}}, {"type": "Feature", "geometry": {"type": "Polygon", "coordinates": [[[122.2052755272033, 7.120670718813857], [122.2052599465507, 7.129715758924443], [122.19620452337489, 7.129700097327478], [122.19622028151012, 7.12065507728388], [122.2052755272033, 7.120670718813857]]]}, "properties": {"grid_id": "33_29", "pred_scaled_catboost": 0.3263881090092538, "pred_scaled_rf": 0.338035855140352, "barangay_name_clean": "BUNGUIAO", "lon": 122.20074007128271, "lat": 7.125185427866501}}, {"type": "Feature", "geometry": {"type": "Polygon", "coordinates": [[[122.2052599465507, 7.129715758924443], [122.20524434560956, 7.138760795469021], [122.19618874471996, 7.138745113804316], [122.19620452337489, 7.129700097327478], [122.2052599465507, 7.129715758924443]]]}, "properties": {"grid_id": "33_30", "pred_scaled_catboost": 0.3134211637828075, "pred_scaled_rf": 0.3419535735038481, "barangay_name_clean": "DULIAN", "lon": 122.20072439168669, "lat": 7.134230456179355}}, {"type": "Feature", "geometry": {"type": "Polygon", "coordinates": [[[122.20524434560956, 7.138760795469021], [122.20522872437789, 7.1478058284431665], [122.19617294554335, 7.147790126709966], [122.19618874471996, 7.138745113804316], [122.20524434560956, 7.138760795469021]]]}, "properties": {"grid_id": "33_31", "pred_scaled_catboost": 0.2858009627274075, "pred_scaled_rf": 0.3213293129152639, "barangay_name_clean": "DULIAN", "lon": 122.20070869168558, "lat": 7.143275480923607}}, {"type": "Feature", "geometry": {"type": "Polygon", "coordinates": [[[122.20522872437789, 7.1478058284431665], [122.20521308285372, 7.156850857842445], [122.19615712584313, 7.156835136039993], [122.19617294554335, 7.147790126709966], [122.20522872437789, 7.1478058284431665]]]}, "properties": {"grid_id": "33_32", "pred_scaled_catboost": 0.3102245704964597, "pred_scaled_rf": 0.3331600767855845, "barangay_name_clean": "DULIAN", "lon": 122.20069297127736, "lat": 7.15232050209483}}, {"type": "Feature", "geometry": {"type": "Polygon", "coordinates": [[[122.20521308285372, 7.156850857842445], [122.20519742103511, 7.165895883662426], [122.19614128561729, 7.165880141789967], [122.19615712584313, 7.156835136039993], [122.20521308285372, 7.156850857842445]]]}, "properties": {"grid_id": "33_33", "pred_scaled_catboost": 0.3325819563727724, "pred_scaled_rf": 0.3394899389313159, "barangay_name_clean": "DULIAN", "lon": 122.2006772304601, "lat": 7.161365519688597}}, {"type": "Feature", "geometry": {"type": "Polygon", "coordinates": [[[122.20519742103511, 7.165895883662426], [122.20518173892009, 7.1749409058986835], [122.19612542486384, 7.1749251439554556], [122.19614128561729, 7.165880141789967], [122.20519742103511, 7.165895883662426]]]}, "properties": {"grid_id": "33_34", "pred_scaled_catboost": 0.3861706927691139, "pred_scaled_rf": 0.3614501712258887, "barangay_name_clean": "QUINIPUT", "lon": 122.20066146923186, "lat": 7.170410533700473}}, {"type": "Feature", "geometry": {"type": "Polygon", "coordinates": [[[122.20518173892009, 7.1749409058986835], [122.20516603650668, 7.183985924546783], [122.19610954358077, 7.183970142532034], [122.19612542486384, 7.1749251439554556], [122.20518173892009, 7.1749409058986835]]]}, "properties": {"grid_id": "33_35", "pred_scaled_catboost": 0.3567613645503575, "pred_scaled_rf": 0.3718423973444602, "barangay_name_clean": "QUINIPUT", "lon": 122.20064568759058, "lat": 7.179455544126031}}, {"type": "Feature", "geometry": {"type": "Polygon", "coordinates": [[[122.20516603650668, 7.183985924546783], [122.20515031379296, 7.1930309396022984], [122.19609364176611, 7.193015137515264], [122.19610954358077, 7.183970142532034], [122.20516603650668, 7.183985924546783]]]}, "properties": {"grid_id": "33_36", "pred_scaled_catboost": 0.3473414857802374, "pred_scaled_rf": 0.3429838484118765, "barangay_name_clean": "CURUAN", "lon": 122.20062988553433, "lat": 7.188500550960842}}, {"type": "Feature", "geometry": {"type": "Polygon", "coordinates": [[[122.20515031379296, 7.1930309396022984], [122.20513457077688, 7.202075951060802], [122.1960777194179, 7.202060128900721], [122.19609364176611, 7.193015137515264], [122.20515031379296, 7.1930309396022984]]]}, "properties": {"grid_id": "33_37", "pred_scaled_catboost": 0.3340722127382144, "pred_scaled_rf": 0.323513351417133, "barangay_name_clean": "CURUAN", "lon": 122.20061406306112, "lat": 7.197545554200466}}, {"type": "Feature", "geometry": {"type": "Polygon", "coordinates": [[[122.20513457077688, 7.202075951060802], [122.20511880745651, 7.211120958917866], [122.19606177653408, 7.211105116683975], [122.1960777194179, 7.202060128900721], [122.20513457077688, 7.202075951060802]]]}, "properties": {"grid_id": "33_38", "pred_scaled_catboost": 0.3265823679040411, "pred_scaled_rf": 0.3359745478980269, "barangay_name_clean": "CURUAN", "lon": 122.20059822016898, "lat": 7.2065905538404955}}, {"type": "Feature", "geometry": {"type": "Polygon", "coordinates": [[[122.20511880745651, 7.211120958917866], [122.20510302382989, 7.220165963169058], [122.19604581311266, 7.220150100860599], [122.19606177653408, 7.211105116683975], [122.20511880745651, 7.211120958917866]]]}, "properties": {"grid_id": "33_39", "pred_scaled_catboost": 0.3754450246066111, "pred_scaled_rf": 0.3873388932517227, "barangay_name_clean": "CURUAN", "lon": 122.20058235685586, "lat": 7.2156355498764855}}, {"type": "Feature", "geometry": {"type": "Polygon", "coordinates": [[[122.20510302382989, 7.220165963169058], [122.20508721989499, 7.229210963809955], [122.19602982915168, 7.229195081426159], [122.19604581311266, 7.220150100860599], [122.20510302382989, 7.220165963169058]]]}, "properties": {"grid_id": "33_40", "pred_scaled_catboost": 0.3792737642989036, "pred_scaled_rf": 0.3650549982820359, "barangay_name_clean": "LATUAN", "lon": 122.20056647311986, "lat": 7.2246805423040055}}, {"type": "Feature", "geometry": {"type": "Polygon", "coordinates": [[[122.20508721989499, 7.229210963809955], [122.20507139564987, 7.238255960836127], [122.1960138246491, 7.238240058376234], [122.19602982915168, 7.229195081426159], [122.20508721989499, 7.229210963809955]]]}, "properties": {"grid_id": "33_41", "pred_scaled_catboost": 0.3520443749115872, "pred_scaled_rf": 0.3635265085837968, "barangay_name_clean": "LATUAN", "lon": 122.20055056895893, "lat": 7.2337255311186395}}, {"type": "Feature", "geometry": {"type": "Polygon", "coordinates": [[[122.20507139564987, 7.238255960836127], [122.20505555109251, 7.247300954243147], [122.1959977996029, 7.247285031706388], [122.1960138246491, 7.238240058376234], [122.20507139564987, 7.238255960836127]]]}, "properties": {"grid_id": "33_42", "pred_scaled_catboost": 0.3227240406713537, "pred_scaled_rf": 0.3544546204704857, "barangay_name_clean": "LATUAN", "lon": 122.20053464437109, "lat": 7.242770516315953}}, {"type": "Feature", "geometry": {"type": "Polygon", "coordinates": [[[122.20505555109251, 7.247300954243147], [122.20503968622094, 7.256345944026592], [122.19598175401109, 7.256330001412199], [122.1959977996029, 7.247285031706388], [122.20505555109251, 7.247300954243147]]]}, "properties": {"grid_id": "33_43", "pred_scaled_catboost": 0.3646606811476695, "pred_scaled_rf": 0.3794751540651493, "barangay_name_clean": "CALABASA", "lon": 122.20051869935432, "lat": 7.25181549789152}}, {"type": "Feature", "geometry": {"type": "Polygon", "coordinates": [[[122.20503968622094, 7.256345944026592], [122.20502380103318, 7.26539093018203], [122.19596568787168, 7.2653749674892385], [122.19598175401109, 7.256330001412199], [122.20503968622094, 7.256345944026592]]]}, "properties": {"grid_id": "33_44", "pred_scaled_catboost": 0.3453877779434757, "pred_scaled_rf": 0.3845110242964835, "barangay_name_clean": "CALABASA", "lon": 122.20050273390662, "lat": 7.260860475840906}}, {"type": "Feature", "geometry": {"type": "Polygon", "coordinates": [[[122.20502380103318, 7.26539093018203], [122.20500789552719, 7.27443591270504], [122.19594960118259, 7.274419929933079], [122.19596568787168, 7.2653749674892385], [122.20502380103318, 7.26539093018203]]]}, "properties": {"grid_id": "33_45", "pred_scaled_catboost": 0.3302454216608815, "pred_scaled_rf": 0.3651061421494823, "barangay_name_clean": "CALABASA", "lon": 122.20048674802602, "lat": 7.269905450159699}}, {"type": "Feature", "geometry": {"type": "Polygon", "coordinates": [[[122.20500789552719, 7.27443591270504], [122.20499196970101, 7.283480891591196], [122.19593349394185, 7.2834648887392985], [122.19594960118259, 7.274419929933079], [122.20500789552719, 7.27443591270504]]]}, "properties": {"grid_id": "33_46", "pred_scaled_catboost": 0.3594235831866037, "pred_scaled_rf": 0.3585026657757509, "barangay_name_clean": "CALABASA", "lon": 122.2004707417105, "lat": 7.278950420843467}}, {"type": "Feature", "geometry": {"type": "Polygon", "coordinates": [[[122.20499196970101, 7.283480891591196], [122.20497602355266, 7.29252586683607], [122.19591736614744, 7.292509843903463], [122.19593349394185, 7.2834648887392985], [122.20499196970101, 7.283480891591196]]]}, "properties": {"grid_id": "33_47", "pred_scaled_catboost": 0.3512493560070078, "pred_scaled_rf": 0.374335534800703, "barangay_name_clean": "CALABASA", "lon": 122.20045471495803, "lat": 7.287995387887781}}, {"type": "Feature", "geometry": {"type": "Polygon", "coordinates": [[[122.20497602355266, 7.29252586683607], [122.20496005708011, 7.3015708384352385], [122.1959012177973, 7.301554795421151], [122.19591736614744, 7.292509843903463], [122.20497602355266, 7.29252586683607]]]}, "properties": {"grid_id": "33_48", "pred_scaled_catboost": 0.4228123332017148, "pred_scaled_rf": 0.40370997195369, "barangay_name_clean": NaN, "lon": 122.20043866776663, "lat": 7.297040351288216}}, {"type": "Feature", "geometry": {"type": "Polygon", "coordinates": [[[122.20496005708011, 7.3015708384352385], [122.20494407028134, 7.310615806384279], [122.19588504888942, 7.3105997432879395], [122.1959012177973, 7.301554795421151], [122.20496005708011, 7.3015708384352385]]]}, "properties": {"grid_id": "33_49", "pred_scaled_catboost": 0.4248418124883908, "pred_scaled_rf": 0.4180763057843033, "barangay_name_clean": NaN, "lon": 122.20042260013426, "lat": 7.306085311040348}}, {"type": "Feature", "geometry": {"type": "Polygon", "coordinates": [[[122.20494407028134, 7.310615806384279], [122.2049280631544, 7.3196607706787695], [122.19586885942178, 7.319644687499398], [122.19588504888942, 7.3105997432879395], [122.20494407028134, 7.310615806384279]]]}, "properties": {"grid_id": "33_50", "pred_scaled_catboost": 0.4230873718879535, "pred_scaled_rf": 0.4225217528675832, "barangay_name_clean": "SIBULAO", "lon": 122.2004065120589, "lat": 7.315130267139759}}, {"type": "Feature", "geometry": {"type": "Polygon", "coordinates": [[[122.2049280631544, 7.3196607706787695], [122.2049120356972, 7.328705731314277], [122.19585264939234, 7.328689628051103], [122.19586885942178, 7.319644687499398], [122.2049280631544, 7.3196607706787695]]]}, "properties": {"grid_id": "33_51", "pred_scaled_catboost": 0.4314776928498522, "pred_scaled_rf": 0.4190736088894602, "barangay_name_clean": "SIBULAO", "lon": 122.20039040353859, "lat": 7.324175219582011}}, {"type": "Feature", "geometry": {"type": "Polygon", "coordinates": [[[122.2049120356972, 7.328705731314277], [122.20489598790779, 7.337750688286389], [122.19583641879906, 7.337734564938638], [122.19585264939234, 7.328689628051103], [122.2049120356972, 7.328705731314277]]]}, "properties": {"grid_id": "33_52", "pred_scaled_catboost": 0.4291155716514003, "pred_scaled_rf": 0.4228846773450813, "barangay_name_clean": "SIBULAO", "lon": 122.20037427457119, "lat": 7.33322016836269}}, {"type": "Feature", "geometry": {"type": "Polygon", "coordinates": [[[122.20489598790779, 7.337750688286389], [122.20487991978413, 7.346795641590675], [122.19582016763991, 7.346779498157566], [122.19583641879906, 7.337734564938638], [122.20489598790779, 7.337750688286389]]]}, "properties": {"grid_id": "33_53", "pred_scaled_catboost": 0.4203874543781334, "pred_scaled_rf": 0.4052325895614317, "barangay_name_clean": "SIBULAO", "lon": 122.20035812515479, "lat": 7.342265113477371}}, {"type": "Feature", "geometry": {"type": "Polygon", "coordinates": [[[122.20487991978413, 7.346795641590675], [122.20486383132422, 7.355840591222717], [122.19580389591285, 7.355824427703478], [122.19582016763991, 7.346779498157566], [122.20487991978413, 7.346795641590675]]]}, "properties": {"grid_id": "33_54", "pred_scaled_catboost": 0.3749368329126873, "pred_scaled_rf": 0.3768078244831727, "barangay_name_clean": "SIBULAO", "lon": 122.20034195528733, "lat": 7.351310054921629}}, {"type": "Feature", "geometry": {"type": "Polygon", "coordinates": [[[122.20486383132422, 7.355840591222717], [122.20484772252601, 7.364885537178092], [122.19578760361581, 7.364869353571937], [122.19580389591285, 7.355824427703478], [122.20486383132422, 7.355840591222717]]]}, "properties": {"grid_id": "33_55", "pred_scaled_catboost": 0.380371009963007, "pred_scaled_rf": 0.3898086012801977, "barangay_name_clean": "SIBULAO", "lon": 122.20032576496672, "lat": 7.360354992691043}}, {"type": "Feature", "geometry": {"type": "Polygon", "coordinates": [[[122.20484772252601, 7.364885537178092], [122.20483159338751, 7.373930479452379], [122.19577129074679, 7.373914275758532], [122.19578760361581, 7.364869353571937], [122.20484772252601, 7.364885537178092]]]}, "properties": {"grid_id": "33_56", "pred_scaled_catboost": 0.3903014712168715, "pred_scaled_rf": 0.383000454357272, "barangay_name_clean": "VITALI", "lon": 122.20030955419101, "lat": 7.369399926781188}}, {"type": "Feature", "geometry": {"type": "Polygon", "coordinates": [[[122.20483159338751, 7.373930479452379], [122.20481544390667, 7.382975418041151], [122.19575495730372, 7.382959194258831], [122.19577129074679, 7.373914275758532], [122.20483159338751, 7.373930479452379]]]}, "properties": {"grid_id": "33_57", "pred_scaled_catboost": 0.4284299665872475, "pred_scaled_rf": 0.4137135130550422, "barangay_name_clean": NaN, "lon": 122.2002933229581, "lat": 7.378444857187644}}, {"type": "Feature", "geometry": {"type": "Polygon", "coordinates": [[[122.20481544390667, 7.382975418041151], [122.20479927408148, 7.392020352939993], [122.19573860328451, 7.392004109068417], [122.19575495730372, 7.382959194258831], [122.20481544390667, 7.382975418041151]]]}, "properties": {"grid_id": "33_58", "pred_scaled_catboost": 0.4243830630023971, "pred_scaled_rf": 0.4168106086154143, "barangay_name_clean": NaN, "lon": 122.20027707126602, "lat": 7.387489783905993}}, {"type": "Feature", "geometry": {"type": "Polygon", "coordinates": [[[122.20479927408148, 7.392020352939993], [122.20478308390986, 7.401065284144482], [122.19572222868719, 7.401049020182869], [122.19573860328451, 7.392004109068417], [122.20479927408148, 7.392020352939993]]]}, "properties": {"grid_id": "33_59", "pred_scaled_catboost": 0.3711608242869217, "pred_scaled_rf": 0.3872583214236942, "barangay_name_clean": "VITALI", "lon": 122.20026079911263, "lat": 7.396534706931796}}, {"type": "Feature", "geometry": {"type": "Polygon", "coordinates": [[[122.20478308390986, 7.401065284144482], [122.20476687338986, 7.4101102116501965], [122.19570583350962, 7.410093927597759], [122.19572222868719, 7.401049020182869], [122.20478308390986, 7.401065284144482]]]}, "properties": {"grid_id": "33_60", "pred_scaled_catboost": 0.3683493376192029, "pred_scaled_rf": 0.3882487075795359, "barangay_name_clean": "VITALI", "lon": 122.20024450649596, "lat": 7.40557962626066}}, {"type": "Feature", "geometry": {"type": "Polygon", "coordinates": [[[122.20476687338986, 7.4101102116501965], [122.20475064251939, 7.419155135452718], [122.19568941774979, 7.419138831308678], [122.19570583350962, 7.410093927597759], [122.20476687338986, 7.4101102116501965]]]}, "properties": {"grid_id": "33_61", "pred_scaled_catboost": 0.3672320420874196, "pred_scaled_rf": 0.3855027813286596, "barangay_name_clean": "VITALI", "lon": 122.20022819341395, "lat": 7.41462454188814}}, {"type": "Feature", "geometry": {"type": "Polygon", "coordinates": [[[122.20475064251939, 7.419155135452718], [122.20473439129638, 7.428200055547631], [122.19567298140561, 7.428183731311192], [122.19568941774979, 7.419138831308678], [122.20475064251939, 7.419155135452718]]]}, "properties": {"grid_id": "33_62", "pred_scaled_catboost": 0.3670964625777263, "pred_scaled_rf": 0.3757732679278339, "barangay_name_clean": "VITALI", "lon": 122.20021185986454, "lat": 7.423669453809826}}, {"type": "Feature", "geometry": {"type": "Polygon", "coordinates": [[[122.20473439129638, 7.428200055547631], [122.20471811971889, 7.4372449719305065], [122.19565652447505, 7.43722862760089], [122.19567298140561, 7.428183731311192], [122.20473439129638, 7.428200055547631]]]}, "properties": {"grid_id": "33_63", "pred_scaled_catboost": 0.4247814008671313, "pred_scaled_rf": 0.4120042259267212, "barangay_name_clean": NaN, "lon": 122.2001955058457, "lat": 7.4327143620213}}, {"type": "Feature", "geometry": {"type": "Polygon", "coordinates": [[[122.20471811971889, 7.4372449719305065], [122.20470182778477, 7.446289884596933], [122.195640046956, 7.44627352017335], [122.19565652447505, 7.43722862760089], [122.20471811971889, 7.4372449719305065]]]}, "properties": {"grid_id": "33_64", "pred_scaled_catboost": 0.4413452856963912, "pred_scaled_rf": 0.4227902500654981, "barangay_name_clean": NaN, "lon": 122.20017913135534, "lat": 7.441759266518138}}, {"type": "Feature", "geometry": {"type": "Polygon", "coordinates": [[[122.21466459222455, 6.921693971228934], [122.21464962983643, 6.93073910849346], [122.20559803768622, 6.930724060595182], [122.20561317248007, 6.921678943154199], [122.21466459222455, 6.921693971228934]]]}, "properties": {"grid_id": "34_7", "pred_scaled_catboost": 0.3900741472413611, "pred_scaled_rf": 0.4046156957977817, "barangay_name_clean": NaN, "lon": 122.21013135966217, "lat": 6.926209035230376}}, {"type": "Feature", "geometry": {"type": "Polygon", "coordinates": [[[122.21464962983643, 6.93073910849346], [122.21463464743276, 6.9397842422902745], [122.20558288264615, 6.939769174567727], [122.20559803768622, 6.930724060595182], [122.21464962983643, 6.93073910849346]]]}, "properties": {"grid_id": "34_8", "pred_scaled_catboost": 0.380092312052041, "pred_scaled_rf": 0.4064024479285054, "barangay_name_clean": NaN, "lon": 122.21011630100568, "lat": 6.935254160868029}}, {"type": "Feature", "geometry": {"type": "Polygon", "coordinates": [[[122.21463464743276, 6.9397842422902745], [122.21461964501165, 6.948829372614936], [122.20556770735801, 6.948814285067395], [122.20558288264615, 6.939769174567727], [122.21463464743276, 6.9397842422902745]]]}, "properties": {"grid_id": "34_9", "pred_scaled_catboost": 0.3714787602251818, "pred_scaled_rf": 0.4038974492861648, "barangay_name_clean": NaN, "lon": 122.21010122221742, "lat": 6.9442992830353845}}, {"type": "Feature", "geometry": {"type": "Polygon", "coordinates": [[[122.21461964501165, 6.948829372614936], [122.21460462257123, 6.957874499463006], [122.2055525118199, 6.957859392089748], [122.20556770735801, 6.948814285067395], [122.21461964501165, 6.948829372614936]]]}, "properties": {"grid_id": "34_10", "pred_scaled_catboost": 0.3733481522658991, "pred_scaled_rf": 0.4062169918269104, "barangay_name_clean": "LANDANG LAUM", "lon": 122.21008612329544, "lat": 6.953344401728006}}, {"type": "Feature", "geometry": {"type": "Polygon", "coordinates": [[[122.21460462257123, 6.957874499463006], [122.21458958010962, 6.966919622830054], [122.20553729602989, 6.96690449563035], [122.2055525118199, 6.957859392089748], [122.21460462257123, 6.957874499463006]]]}, "properties": {"grid_id": "34_11", "pred_scaled_catboost": 0.3490818261724133, "pred_scaled_rf": 0.3639212951728294, "barangay_name_clean": "LANDANG LAUM", "lon": 122.21007100423788, "lat": 6.962389516941461}}, {"type": "Feature", "geometry": {"type": "Polygon", "coordinates": [[[122.21458958010962, 6.966919622830054], [122.21457451762494, 6.975964742711638], [122.20552205998611, 6.975949595684759], [122.20553729602989, 6.96690449563035], [122.21458958010962, 6.966919622830054]]]}, "properties": {"grid_id": "34_12", "pred_scaled_catboost": 0.4158938194758955, "pred_scaled_rf": 0.4067906580355003, "barangay_name_clean": NaN, "lon": 122.2100558650428, "lat": 6.971434628671307}}, {"type": "Feature", "geometry": {"type": "Polygon", "coordinates": [[[122.21457451762494, 6.975964742711638], [122.21455943511529, 6.985009859103323], [122.2055068036866, 6.984994692248543], [122.20552205998611, 6.975949595684759], [122.21457451762494, 6.975964742711638]]]}, "properties": {"grid_id": "34_13", "pred_scaled_catboost": 0.3947073471302729, "pred_scaled_rf": 0.3512668186325222, "barangay_name_clean": NaN, "lon": 122.21004070570838, "lat": 6.980479736913111}}, {"type": "Feature", "geometry": {"type": "Polygon", "coordinates": [[[122.2144989047892, 7.021190289682366], [122.21448372212632, 7.030235388558028], [122.20543021828657, 7.030220122552778], [122.20544557589331, 7.021175043508675], [122.2144989047892, 7.021190289682366]]]}, "properties": {"grid_id": "34_18", "pred_scaled_catboost": 0.3231934909058853, "pred_scaled_rf": 0.373207589015937, "barangay_name_clean": NaN, "lon": 122.20996460687881, "lat": 7.0257052256462}}, {"type": "Feature", "geometry": {"type": "Polygon", "coordinates": [[[122.21448372212632, 7.030235388558028], [122.21446851942709, 7.039280483917182], [122.20541484041262, 7.039265198079638], [122.20543021828657, 7.030220122552778], [122.21448372212632, 7.030235388558028]]]}, "properties": {"grid_id": "34_19", "pred_scaled_catboost": 0.3337491767689021, "pred_scaled_rf": 0.3436664084293684, "barangay_name_clean": "VICTORIA", "lon": 122.20994932666807, "lat": 7.034750312866583}}, {"type": "Feature", "geometry": {"type": "Polygon", "coordinates": [[[122.21446851942709, 7.039280483917182], [122.2144532966896, 7.048325575755394], [122.2053994422695, 7.04831027008482], [122.20541484041262, 7.039265198079638], [122.21446851942709, 7.039280483917182]]]}, "properties": {"grid_id": "34_20", "pred_scaled_catboost": 0.344068702496381, "pred_scaled_rf": 0.3569079001745961, "barangay_name_clean": NaN, "lon": 122.2099340263046, "lat": 7.043795396567878}}, {"type": "Feature", "geometry": {"type": "Polygon", "coordinates": [[[122.2144532966896, 7.048325575755394], [122.21443805391195, 7.057370664068231], [122.20538402385533, 7.057355338563891], [122.2053994422695, 7.04831027008482], [122.2144532966896, 7.048325575755394]]]}, "properties": {"grid_id": "34_21", "pred_scaled_catboost": 0.2928933462444221, "pred_scaled_rf": 0.3374464312518556, "barangay_name_clean": NaN, "lon": 122.20991870578644, "lat": 7.0528404767456445}}, {"type": "Feature", "geometry": {"type": "Polygon", "coordinates": [[[122.21443805391195, 7.057370664068231], [122.21442279109223, 7.06641574885126], [122.20536858516813, 7.06640040351242], [122.20538402385533, 7.057355338563891], [122.21443805391195, 7.057370664068231]]]}, "properties": {"grid_id": "34_22", "pred_scaled_catboost": 0.3029959763953159, "pred_scaled_rf": 0.3135096328336696, "barangay_name_clean": "SANGALI", "lon": 122.20990336511173, "lat": 7.061885553395457}}, {"type": "Feature", "geometry": {"type": "Polygon", "coordinates": [[[122.21442279109223, 7.06641574885126], [122.21440750822855, 7.075460830100049], [122.20535312620602, 7.075445464925965], [122.20536858516813, 7.06640040351242], [122.21442279109223, 7.06641574885126]]]}, "properties": {"grid_id": "34_23", "pred_scaled_catboost": 0.323290486522591, "pred_scaled_rf": 0.3117270408114055, "barangay_name_clean": "SANGALI", "lon": 122.20988800427853, "lat": 7.0709306265128715}}, {"type": "Feature", "geometry": {"type": "Polygon", "coordinates": [[[122.21440750822855, 7.075460830100049], [122.21439220531892, 7.084505907810165], [122.205337646967, 7.0844905228001], [122.20535312620602, 7.075445464925965], [122.21440750822855, 7.075460830100049]]]}, "properties": {"grid_id": "34_24", "pred_scaled_catboost": 0.309568122723166, "pred_scaled_rf": 0.3179291547975163, "barangay_name_clean": "SANGALI", "lon": 122.20987262328485, "lat": 7.079975696093462}}, {"type": "Feature", "geometry": {"type": "Polygon", "coordinates": [[[122.21439220531892, 7.084505907810165], [122.21437688236149, 7.093550981977174], [122.20532214744918, 7.093535577130387], [122.205337646967, 7.0844905228001], [122.21439220531892, 7.084505907810165]]]}, "properties": {"grid_id": "34_25", "pred_scaled_catboost": 0.3917703219766625, "pred_scaled_rf": 0.372399316772683, "barangay_name_clean": "BUNGUIAO", "lon": 122.20985722212885, "lat": 7.089020762132793}}, {"type": "Feature", "geometry": {"type": "Polygon", "coordinates": [[[122.21437688236149, 7.093550981977174], [122.21436153935431, 7.102596052596648], [122.20530662765059, 7.102580627912397], [122.20532214744918, 7.093535577130387], [122.21437688236149, 7.093550981977174]]]}, "properties": {"grid_id": "34_26", "pred_scaled_catboost": 0.3805033612556991, "pred_scaled_rf": 0.3720758526651158, "barangay_name_clean": "BUNGUIAO", "lon": 122.20984180080858, "lat": 7.098065824626435}}, {"type": "Feature", "geometry": {"type": "Polygon", "coordinates": [[[122.21436153935431, 7.102596052596648], [122.21434617629549, 7.111641119664155], [122.20529108756925, 7.111625675141698], [122.20530662765059, 7.102580627912397], [122.21436153935431, 7.102596052596648]]]}, "properties": {"grid_id": "34_27", "pred_scaled_catboost": 0.3500138015721004, "pred_scaled_rf": 0.3366567255993767, "barangay_name_clean": "BUNGUIAO", "lon": 122.20982635932205, "lat": 7.107110883569957}}, {"type": "Feature", "geometry": {"type": "Polygon", "coordinates": [[[122.21434617629549, 7.111641119664155], [122.21433079318307, 7.120686183175261], [122.2052755272033, 7.120670718813857], [122.20529108756925, 7.111625675141698], [122.21434617629549, 7.111641119664155]]]}, "properties": {"grid_id": "34_28", "pred_scaled_catboost": 0.3960127288011024, "pred_scaled_rf": 0.3513511610105301, "barangay_name_clean": "BUNGUIAO", "lon": 122.2098108976674, "lat": 7.116155938958919}}, {"type": "Feature", "geometry": {"type": "Polygon", "coordinates": [[[122.21433079318307, 7.120686183175261], [122.2143153900151, 7.129731243125539], [122.2052599465507, 7.129715758924443], [122.2052755272033, 7.120670718813857], [122.21433079318307, 7.120686183175261]]]}, "properties": {"grid_id": "34_29", "pred_scaled_catboost": 0.3657647402785427, "pred_scaled_rf": 0.3300964562924305, "barangay_name_clean": "BUNGUIAO", "lon": 122.2097954158426, "lat": 7.125200990788902}}, {"type": "Feature", "geometry": {"type": "Polygon", "coordinates": [[[122.2143153900151, 7.129731243125539], [122.21429996678968, 7.138776299510557], [122.20524434560956, 7.138760795469021], [122.2052599465507, 7.129715758924443], [122.2143153900151, 7.129731243125539]]]}, "properties": {"grid_id": "34_30", "pred_scaled_catboost": 0.3112202675274991, "pred_scaled_rf": 0.3381222335796398, "barangay_name_clean": "BOLONG", "lon": 122.2097799138458, "lat": 7.134246039055462}}, {"type": "Feature", "geometry": {"type": "Polygon", "coordinates": [[[122.21429996678968, 7.138776299510557], [122.21428452350487, 7.147821352325887], [122.20522872437789, 7.1478058284431665], [122.20524434560956, 7.138760795469021], [122.21429996678968, 7.138776299510557]]]}, "properties": {"grid_id": "34_31", "pred_scaled_catboost": 0.3470395645964614, "pred_scaled_rf": 0.3471451419129275, "barangay_name_clean": "LUBIGAN", "lon": 122.20976439167502, "lat": 7.143291083754181}}, {"type": "Feature", "geometry": {"type": "Polygon", "coordinates": [[[122.21428452350487, 7.147821352325887], [122.21426906015873, 7.156866401567097], [122.20521308285372, 7.156850857842445], [122.20522872437789, 7.1478058284431665], [122.21428452350487, 7.147821352325887]]]}, "properties": {"grid_id": "34_32", "pred_scaled_catboost": 0.3248728620018082, "pred_scaled_rf": 0.3236946054765758, "barangay_name_clean": "DULIAN", "lon": 122.20974884932828, "lat": 7.152336124880621}}, {"type": "Feature", "geometry": {"type": "Polygon", "coordinates": [[[122.21426906015873, 7.156866401567097], [122.21425357674934, 7.16591144722976], [122.20519742103511, 7.165895883662426], [122.20521308285372, 7.156850857842445], [122.21426906015873, 7.156866401567097]]]}, "properties": {"grid_id": "34_33", "pred_scaled_catboost": 0.3413461513953931, "pred_scaled_rf": 0.3383602034394196, "barangay_name_clean": "LUBIGAN", "lon": 122.20973328680364, "lat": 7.161381162430356}}, {"type": "Feature", "geometry": {"type": "Polygon", "coordinates": [[[122.21425357674934, 7.16591144722976], [122.21423807327473, 7.174956489309445], [122.20518173892009, 7.1749409058986835], [122.20519742103511, 7.165895883662426], [122.21425357674934, 7.16591144722976]]]}, "properties": {"grid_id": "34_34", "pred_scaled_catboost": 0.3425671917330816, "pred_scaled_rf": 0.3768131451543073, "barangay_name_clean": "QUINIPUT", "lon": 122.2097177040992, "lat": 7.170426196398953}}, {"type": "Feature", "geometry": {"type": "Polygon", "coordinates": [[[122.21423807327473, 7.174956489309445], [122.21422254973295, 7.184001527801727], [122.20516603650668, 7.183985924546783], [122.20518173892009, 7.1749409058986835], [122.21423807327473, 7.174956489309445]]]}, "properties": {"grid_id": "34_35", "pred_scaled_catboost": 0.3576950710844166, "pred_scaled_rf": 0.3902765072068378, "barangay_name_clean": "QUINIPUT", "lon": 122.20970210121297, "lat": 7.1794712267819865}}, {"type": "Feature", "geometry": {"type": "Polygon", "coordinates": [[[122.21422254973295, 7.184001527801727], [122.21420700612211, 7.1930465627021745], [122.20515031379296, 7.1930309396022984], [122.20516603650668, 7.183985924546783], [122.21422254973295, 7.184001527801727]]]}, "properties": {"grid_id": "34_36", "pred_scaled_catboost": 0.3446306359212915, "pred_scaled_rf": 0.3796960874377459, "barangay_name_clean": "QUINIPUT", "lon": 122.20968647814301, "lat": 7.188516253575026}}, {"type": "Feature", "geometry": {"type": "Polygon", "coordinates": [[[122.21420700612211, 7.1930465627021745], [122.21419144244018, 7.202091594006361], [122.20513457077688, 7.202075951060802], [122.20515031379296, 7.1930309396022984], [122.21420700612211, 7.1930465627021745]]]}, "properties": {"grid_id": "34_37", "pred_scaled_catboost": 0.3564161117105406, "pred_scaled_rf": 0.3363045014662257, "barangay_name_clean": "CURUAN", "lon": 122.20967083488733, "lat": 7.197561276773643}}, {"type": "Feature", "geometry": {"type": "Polygon", "coordinates": [[[122.21419144244018, 7.202091594006361], [122.21417585868524, 7.211136621709861], [122.20511880745651, 7.211120958917866], [122.20513457077688, 7.202075951060802], [122.21419144244018, 7.202091594006361]]]}, "properties": {"grid_id": "34_38", "pred_scaled_catboost": 0.3494531127658057, "pred_scaled_rf": 0.373052104313308, "barangay_name_clean": "CURUAN", "lon": 122.20965517144397, "lat": 7.206606296373408}}, {"type": "Feature", "geometry": {"type": "Polygon", "coordinates": [[[122.21417585868524, 7.211136621709861], [122.21416025485537, 7.2201816458082435], [122.20510302382989, 7.220165963169058], [122.20511880745651, 7.211120958917866], [122.21417585868524, 7.211136621709861]]]}, "properties": {"grid_id": "34_39", "pred_scaled_catboost": 0.4025359652761258, "pred_scaled_rf": 0.400001829185851, "barangay_name_clean": "CURUAN", "lon": 122.20963948781097, "lat": 7.215651312369901}}, {"type": "Feature", "geometry": {"type": "Polygon", "coordinates": [[[122.21416025485537, 7.2201816458082435], [122.21414463094854, 7.229226666297087], [122.20508721989499, 7.229210963809955], [122.20510302382989, 7.220165963169058], [122.21416025485537, 7.2201816458082435]]]}, "properties": {"grid_id": "34_40", "pred_scaled_catboost": 0.3905401362413743, "pred_scaled_rf": 0.3999184778043065, "barangay_name_clean": "LATUAN", "lon": 122.20962378398639, "lat": 7.224696324758683}}, {"type": "Feature", "geometry": {"type": "Polygon", "coordinates": [[[122.21414463094854, 7.229226666297087], [122.21412898696285, 7.238271683171961], [122.20507139564987, 7.238255960836127], [122.20508721989499, 7.229210963809955], [122.21414463094854, 7.229226666297087]]]}, "properties": {"grid_id": "34_41", "pred_scaled_catboost": 0.3525810830026624, "pred_scaled_rf": 0.349711940815304, "barangay_name_clean": "LATUAN", "lon": 122.2096080599682, "lat": 7.233741333535337}}, {"type": "Feature", "geometry": {"type": "Polygon", "coordinates": [[[122.21412898696285, 7.238271683171961], [122.21411332289634, 7.247316696428442], [122.20505555109251, 7.247300954243147], [122.20507139564987, 7.238255960836127], [122.21412898696285, 7.238271683171961]]]}, "properties": {"grid_id": "34_42", "pred_scaled_catboost": 0.3601061795311809, "pred_scaled_rf": 0.3488899199139298, "barangay_name_clean": "CALABASA", "lon": 122.20959231575452, "lat": 7.242786338695434}}, {"type": "Feature", "geometry": {"type": "Polygon", "coordinates": [[[122.21411332289634, 7.247316696428442], [122.21409763874698, 7.256361706062103], [122.20503968622094, 7.256345944026592], [122.20505555109251, 7.247300954243147], [122.21411332289634, 7.247316696428442]]]}, "properties": {"grid_id": "34_43", "pred_scaled_catboost": 0.3261886480452093, "pred_scaled_rf": 0.347373702545376, "barangay_name_clean": "CALABASA", "lon": 122.20957655134328, "lat": 7.251831340234539}}, {"type": "Feature", "geometry": {"type": "Polygon", "coordinates": [[[122.21409763874698, 7.256361706062103], [122.21408193451285, 7.2654067120685175], [122.20502380103318, 7.26539093018203], [122.20503968622094, 7.256345944026592], [122.21409763874698, 7.256361706062103]]]}, "properties": {"grid_id": "34_44", "pred_scaled_catboost": 0.3278845549191175, "pred_scaled_rf": 0.3989376723183043, "barangay_name_clean": "CALABASA", "lon": 122.20956076673252, "lat": 7.260876338148238}}, {"type": "Feature", "geometry": {"type": "Polygon", "coordinates": [[[122.21408193451285, 7.2654067120685175], [122.214066210192, 7.274451714443266], [122.20500789552719, 7.27443591270504], [122.20502380103318, 7.26539093018203], [122.21408193451285, 7.2654067120685175]]]}, "properties": {"grid_id": "34_45", "pred_scaled_catboost": 0.3371602007560841, "pred_scaled_rf": 0.3693071032827785, "barangay_name_clean": "CALABASA", "lon": 122.20954496192032, "lat": 7.269921332432105}}, {"type": "Feature", "geometry": {"type": "Polygon", "coordinates": [[[122.214066210192, 7.274451714443266], [122.2140504657824, 7.28349671318192], [122.20499196970101, 7.283480891591196], [122.20500789552719, 7.27443591270504], [122.214066210192, 7.274451714443266]]]}, "properties": {"grid_id": "34_46", "pred_scaled_catboost": 0.3699848427255796, "pred_scaled_rf": 0.4171374537701268, "barangay_name_clean": "CALABASA", "lon": 122.20952913690459, "lat": 7.278966323081704}}, {"type": "Feature", "geometry": {"type": "Polygon", "coordinates": [[[122.2140504657824, 7.28349671318192], [122.2140347012821, 7.292541708280056], [122.20497602355266, 7.29252586683607], [122.20499196970101, 7.283480891591196], [122.2140504657824, 7.28349671318192]]]}, "properties": {"grid_id": "34_47", "pred_scaled_catboost": 0.3960722583072199, "pred_scaled_rf": 0.4159377665504282, "barangay_name_clean": NaN, "lon": 122.20951329168346, "lat": 7.288011310092617}}, {"type": "Feature", "geometry": {"type": "Polygon", "coordinates": [[[122.2140347012821, 7.292541708280056], [122.21401891668913, 7.301586699733248], [122.20496005708011, 7.3015708384352385], [122.20497602355266, 7.29252586683607], [122.2140347012821, 7.292541708280056]]]}, "properties": {"grid_id": "34_48", "pred_scaled_catboost": 0.4096036937029605, "pred_scaled_rf": 0.3929688312958511, "barangay_name_clean": NaN, "lon": 122.20949742625488, "lat": 7.297056293460422}}, {"type": "Feature", "geometry": {"type": "Polygon", "coordinates": [[[122.21401891668913, 7.301586699733248], [122.21400311200148, 7.310631687537079], [122.20494407028134, 7.310615806384279], [122.20496005708011, 7.3015708384352385], [122.21401891668913, 7.301586699733248]]]}, "properties": {"grid_id": "34_49", "pred_scaled_catboost": 0.3865071001711401, "pred_scaled_rf": 0.3898213104089504, "barangay_name_clean": "SIBULAO", "lon": 122.20948154061686, "lat": 7.306101273180692}}, {"type": "Feature", "geometry": {"type": "Polygon", "coordinates": [[[122.21400311200148, 7.310631687537079], [122.21398728721721, 7.319676671687117], [122.2049280631544, 7.3196607706787695], [122.20494407028134, 7.310615806384279], [122.21400311200148, 7.310631687537079]]]}, "properties": {"grid_id": "34_50", "pred_scaled_catboost": 0.3751061094374338, "pred_scaled_rf": 0.4038053911827072, "barangay_name_clean": "UNCLAIMED AREA UNDER JURISDICTION OF ZAMBOANGA CITY", "lon": 122.20946563476743, "lat": 7.315146249249005}}, {"type": "Feature", "geometry": {"type": "Polygon", "coordinates": [[[122.21398728721721, 7.319676671687117], [122.2139714423343, 7.328721652178948], [122.2049120356972, 7.328705731314277], [122.2049280631544, 7.3196607706787695], [122.21398728721721, 7.319676671687117]]]}, "properties": {"grid_id": "34_51", "pred_scaled_catboost": 0.4075883196729081, "pred_scaled_rf": 0.3979869672430319, "barangay_name_clean": "SIBULAO", "lon": 122.20944970870457, "lat": 7.324191221660938}}, {"type": "Feature", "geometry": {"type": "Polygon", "coordinates": [[[122.2139714423343, 7.328721652178948], [122.21395557735077, 7.3377666290081445], [122.20489598790779, 7.337750688286389], [122.2049120356972, 7.328705731314277], [122.2139714423343, 7.328721652178948]]]}, "properties": {"grid_id": "34_52", "pred_scaled_catboost": 0.3711730862495324, "pred_scaled_rf": 0.4170099043990249, "barangay_name_clean": "SIBULAO", "lon": 122.20943376242626, "lat": 7.333236190412065}}, {"type": "Feature", "geometry": {"type": "Polygon", "coordinates": [[[122.21395557735077, 7.3377666290081445], [122.21393969226463, 7.346811602170286], [122.20487991978413, 7.346795641590675], [122.20489598790779, 7.337750688286389], [122.21395557735077, 7.3377666290081445]]]}, "properties": {"grid_id": "34_53", "pred_scaled_catboost": 0.416930208685512, "pred_scaled_rf": 0.4056169084613473, "barangay_name_clean": "SIBULAO", "lon": 122.20941779593056, "lat": 7.342281155497963}}, {"type": "Feature", "geometry": {"type": "Polygon", "coordinates": [[[122.21393969226463, 7.346811602170286], [122.21392378707388, 7.355856571660952], [122.20486383132422, 7.355840591222717], [122.20487991978413, 7.346795641590675], [122.21393969226463, 7.346811602170286]]]}, "properties": {"grid_id": "34_54", "pred_scaled_catboost": 0.3872857933418874, "pred_scaled_rf": 0.3945587432061033, "barangay_name_clean": "SIBULAO", "lon": 122.20940180921538, "lat": 7.351326116914212}}, {"type": "Feature", "geometry": {"type": "Polygon", "coordinates": [[[122.21392378707388, 7.355856571660952], [122.21390786177652, 7.3649015374757205], [122.20484772252601, 7.364885537178092], [122.20486383132422, 7.355840591222717], [122.21392378707388, 7.355856571660952]]]}, "properties": {"grid_id": "34_55", "pred_scaled_catboost": 0.3829566108221997, "pred_scaled_rf": 0.3912023906410204, "barangay_name_clean": "SIBULAO", "lon": 122.2093858022788, "lat": 7.360371074656391}}, {"type": "Feature", "geometry": {"type": "Polygon", "coordinates": [[[122.21390786177652, 7.3649015374757205], [122.21389191637054, 7.373946499610168], [122.20483159338751, 7.373930479452379], [122.20484772252601, 7.364885537178092], [122.21390786177652, 7.3649015374757205]]]}, "properties": {"grid_id": "34_56", "pred_scaled_catboost": 0.4283325464484664, "pred_scaled_rf": 0.411019460003102, "barangay_name_clean": NaN, "lon": 122.20936977511873, "lat": 7.369416028720076}}, {"type": "Feature", "geometry": {"type": "Polygon", "coordinates": [[[122.21389191637054, 7.373946499610168], [122.21387595085397, 7.3829914580598786], [122.20481544390667, 7.382975418041151], [122.20483159338751, 7.373930479452379], [122.21389191637054, 7.373946499610168]]]}, "properties": {"grid_id": "34_57", "pred_scaled_catboost": 0.446469108088861, "pred_scaled_rf": 0.4128098412388515, "barangay_name_clean": NaN, "lon": 122.20935372773324, "lat": 7.378460979100851}}, {"type": "Feature", "geometry": {"type": "Polygon", "coordinates": [[[122.21387595085397, 7.3829914580598786], [122.21385996522481, 7.3920364128204294], [122.20479927408148, 7.392020352939993], [122.20481544390667, 7.382975418041151], [122.21387595085397, 7.3829914580598786]]]}, "properties": {"grid_id": "34_58", "pred_scaled_catboost": 0.3726030697300153, "pred_scaled_rf": 0.399638126558537, "barangay_name_clean": "VITALI", "lon": 122.20933766012024, "lat": 7.387505925794288}}, {"type": "Feature", "geometry": {"type": "Polygon", "coordinates": [[[122.21385996522481, 7.3920364128204294], [122.213843959481, 7.401081363887403], [122.20478308390986, 7.401065284144482], [122.20479927408148, 7.392020352939993], [122.21385996522481, 7.3920364128204294]]]}, "properties": {"grid_id": "34_59", "pred_scaled_catboost": 0.3778959948299313, "pred_scaled_rf": 0.3871216808144637, "barangay_name_clean": "VITALI", "lon": 122.20932157227779, "lat": 7.396550868795973}}, {"type": "Feature", "geometry": {"type": "Polygon", "coordinates": [[[122.213843959481, 7.401081363887403], [122.21382793362055, 7.410126311256374], [122.20476687338986, 7.4101102116501965], [122.20478308390986, 7.401065284144482], [122.213843959481, 7.401081363887403]]]}, "properties": {"grid_id": "34_60", "pred_scaled_catboost": 0.4046546171407414, "pred_scaled_rf": 0.4143753167570825, "barangay_name_clean": NaN, "lon": 122.20930546420377, "lat": 7.405595808101477}}, {"type": "Feature", "geometry": {"type": "Polygon", "coordinates": [[[122.21382793362055, 7.410126311256374], [122.21381188764148, 7.419171254922931], [122.20475064251939, 7.419155135452718], [122.20476687338986, 7.4101102116501965], [122.21382793362055, 7.410126311256374]]]}, "properties": {"grid_id": "34_61", "pred_scaled_catboost": 0.3802914892655579, "pred_scaled_rf": 0.3880766756271079, "barangay_name_clean": "VITALI", "lon": 122.20928933589624, "lat": 7.414640743706392}}, {"type": "Feature", "geometry": {"type": "Polygon", "coordinates": [[[122.21381188764148, 7.419171254922931], [122.21379582154172, 7.428216194882655], [122.20473439129638, 7.428200055547631], [122.20475064251939, 7.419155135452718], [122.21381188764148, 7.419171254922931]]]}, "properties": {"grid_id": "34_62", "pred_scaled_catboost": 0.38690839349352, "pred_scaled_rf": 0.3804696266281449, "barangay_name_clean": "VITALI", "lon": 122.20927318735312, "lat": 7.423685675606292}}, {"type": "Feature", "geometry": {"type": "Polygon", "coordinates": [[[122.21379582154172, 7.428216194882655], [122.21377973531929, 7.4372611311311205], [122.20471811971889, 7.4372449719305065], [122.20473439129638, 7.428200055547631], [122.21379582154172, 7.428216194882655]]]}, "properties": {"grid_id": "34_63", "pred_scaled_catboost": 0.3925208601590341, "pred_scaled_rf": 0.381081458671686, "barangay_name_clean": "VITALI", "lon": 122.20925701857243, "lat": 7.432730603796756}}, {"type": "Feature", "geometry": {"type": "Polygon", "coordinates": [[[122.21377973531929, 7.4372611311311205], [122.21376362897219, 7.446306063663915], [122.20470182778477, 7.446289884596933], [122.20471811971889, 7.4372449719305065], [122.21377973531929, 7.4372611311311205]]]}, "properties": {"grid_id": "34_64", "pred_scaled_catboost": 0.3720488485695254, "pred_scaled_rf": 0.3853153790833655, "barangay_name_clean": "VITALI", "lon": 122.2092408295521, "lat": 7.441775528273375}}, {"type": "Feature", "geometry": {"type": "Polygon", "coordinates": [[[122.2237012420022, 6.9307539839925125], [122.22368643223679, 6.939799137386474], [122.21463464743276, 6.9397842422902745], [122.21464962983643, 6.93073910849346], [122.2237012420022, 6.9307539839925125]]]}, "properties": {"grid_id": "35_8", "pred_scaled_catboost": 0.4022524865662237, "pred_scaled_rf": 0.4048447082698743, "barangay_name_clean": NaN, "lon": 122.21916798946397, "lat": 6.93526913242208}}, {"type": "Feature", "geometry": {"type": "Polygon", "coordinates": [[[122.22368643223679, 6.939799137386474], [122.22367160268459, 6.948844287309002], [122.21461964501165, 6.948829372614936], [122.21463464743276, 6.9397842422902745], [122.22368643223679, 6.939799137386474]]]}, "properties": {"grid_id": "35_9", "pred_scaled_catboost": 0.3841646662044494, "pred_scaled_rf": 0.3966428098734382, "barangay_name_clean": NaN, "lon": 122.21915308342834, "lat": 6.944314274300505}}, {"type": "Feature", "geometry": {"type": "Polygon", "coordinates": [[[122.22367160268459, 6.948844287309002], [122.22365675334377, 6.957889433755654], [122.21460462257123, 6.957874499463006], [122.21461964501165, 6.948829372614936], [122.22367160268459, 6.948844287309002]]]}, "properties": {"grid_id": "35_10", "pred_scaled_catboost": 0.3912984582074634, "pred_scaled_rf": 0.4050941661835273, "barangay_name_clean": NaN, "lon": 122.21913815748967, "lat": 6.95335941270492}}, {"type": "Feature", "geometry": {"type": "Polygon", "coordinates": [[[122.22365675334377, 6.957889433755654], [122.22364188421244, 6.966934576722003], [122.21458958010962, 6.966919622830054], [122.21460462257123, 6.957874499463006], [122.22365675334377, 6.957889433755654]]]}, "properties": {"grid_id": "35_11", "pred_scaled_catboost": 0.3429256196965899, "pred_scaled_rf": 0.3242468699000791, "barangay_name_clean": NaN, "lon": 122.21912321164609, "lat": 6.962404547630884}}, {"type": "Feature", "geometry": {"type": "Polygon", "coordinates": [[[122.22364188421244, 6.966934576722003], [122.22362699528875, 6.975979716203606], [122.21457451762494, 6.975964742711638], [122.21458958010962, 6.966919622830054], [122.22364188421244, 6.966934576722003]]]}, "properties": {"grid_id": "35_12", "pred_scaled_catboost": 0.3496273291431928, "pred_scaled_rf": 0.3351864066852509, "barangay_name_clean": "LANDANG LAUM", "lon": 122.21910824589573, "lat": 6.971449679073965}}, {"type": "Feature", "geometry": {"type": "Polygon", "coordinates": [[[122.22362699528875, 6.975979716203606], [122.22361208657084, 6.98502485219603], [122.21455943511529, 6.985009859103323], [122.21457451762494, 6.975964742711638], [122.22362699528875, 6.975979716203606]]]}, "properties": {"grid_id": "35_13", "pred_scaled_catboost": 0.375660462041469, "pred_scaled_rf": 0.380466729596453, "barangay_name_clean": NaN, "lon": 122.2190932602367, "lat": 6.980494807029726}}, {"type": "Feature", "geometry": {"type": "Polygon", "coordinates": [[[122.22347701706033, 7.0664309183832055], [122.22346191029696, 7.075476019239991], [122.21440750822855, 7.075460830100049], [122.21442279109223, 7.06641574885126], [122.22347701706033, 7.0664309183832055]]]}, "properties": {"grid_id": "35_23", "pred_scaled_catboost": 0.2861994631800145, "pred_scaled_rf": 0.2910380539462505, "barangay_name_clean": NaN, "lon": 122.21894230825592, "lat": 7.070945893809106}}, {"type": "Feature", "geometry": {"type": "Polygon", "coordinates": [[[122.22346191029696, 7.075476019239991], [122.22344678371869, 7.084521116558834], [122.21439220531892, 7.084505907810165], [122.21440750822855, 7.075460830100049], [122.22346191029696, 7.075476019239991]]]}, "properties": {"grid_id": "35_24", "pred_scaled_catboost": 0.3074661667888764, "pred_scaled_rf": 0.317216187986551, "barangay_name_clean": "SANGALI", "lon": 122.21892710347716, "lat": 7.079990983111689}}, {"type": "Feature", "geometry": {"type": "Polygon", "coordinates": [[[122.22344678371869, 7.084521116558834], [122.22343163732357, 7.093566210335306], [122.21437688236149, 7.093550981977174], [122.21439220531892, 7.084505907810165], [122.22344678371869, 7.084521116558834]]]}, "properties": {"grid_id": "35_25", "pred_scaled_catboost": 0.3106246343276548, "pred_scaled_rf": 0.3246710394084555, "barangay_name_clean": "SANGALI", "lon": 122.21891187876697, "lat": 7.089036068873738}}, {"type": "Feature", "geometry": {"type": "Polygon", "coordinates": [[[122.22343163732357, 7.093566210335306], [122.22341647110974, 7.102611300564969], [122.21436153935431, 7.102596052596648], [122.21437688236149, 7.093550981977174], [122.22343163732357, 7.093566210335306]]]}, "properties": {"grid_id": "35_26", "pred_scaled_catboost": 0.3688982649482407, "pred_scaled_rf": 0.3740429591903947, "barangay_name_clean": "BUNGUIAO", "lon": 122.21889663412358, "lat": 7.098081151090841}}, {"type": "Feature", "geometry": {"type": "Polygon", "coordinates": [[[122.22341647110974, 7.102611300564969], [122.2234012850753, 7.111656387243402], [122.21434617629549, 7.111641119664155], [122.21436153935431, 7.102596052596648], [122.22341647110974, 7.102611300564969]]]}, "properties": {"grid_id": "35_27", "pred_scaled_catboost": 0.3102605314697214, "pred_scaled_rf": 0.3371235229237936, "barangay_name_clean": "BOLONG", "lon": 122.21888136954497, "lat": 7.107126229758554}}, {"type": "Feature", "geometry": {"type": "Polygon", "coordinates": [[[122.2234012850753, 7.111656387243402], [122.22338607921834, 7.120701470366171], [122.21433079318307, 7.120686183175261], [122.21434617629549, 7.111641119664155], [122.2234012850753, 7.111656387243402]]]}, "properties": {"grid_id": "35_28", "pred_scaled_catboost": 0.3797376065047254, "pred_scaled_rf": 0.3541711084986093, "barangay_name_clean": "BOLONG", "lon": 122.21886608502929, "lat": 7.1161713048724575}}, {"type": "Feature", "geometry": {"type": "Polygon", "coordinates": [[[122.22338607921834, 7.120701470366171], [122.22337085353693, 7.129746549928846], [122.2143153900151, 7.129731243125539], [122.21433079318307, 7.120686183175261], [122.22338607921834, 7.120701470366171]]]}, "properties": {"grid_id": "35_29", "pred_scaled_catboost": 0.3353740746827015, "pred_scaled_rf": 0.3414884672620696, "barangay_name_clean": "BOLONG", "lon": 122.21885078057457, "lat": 7.125216376428113}}, {"type": "Feature", "geometry": {"type": "Polygon", "coordinates": [[[122.22337085353693, 7.129746549928846], [122.2233556080292, 7.138791625926997], [122.21429996678968, 7.138776299510557], [122.2143153900151, 7.129731243125539], [122.22337085353693, 7.129746549928846]]]}, "properties": {"grid_id": "35_30", "pred_scaled_catboost": 0.3475088763382244, "pred_scaled_rf": 0.3425383105817529, "barangay_name_clean": "BOLONG", "lon": 122.21883545617888, "lat": 7.1342614444210914}}, {"type": "Feature", "geometry": {"type": "Polygon", "coordinates": [[[122.2233556080292, 7.138791625926997], [122.22334034269319, 7.1478366983561985], [122.21428452350487, 7.147821352325887], [122.21429996678968, 7.138776299510557], [122.2233556080292, 7.138791625926997]]]}, "properties": {"grid_id": "35_31", "pred_scaled_catboost": 0.359500750080478, "pred_scaled_rf": 0.3546555836839332, "barangay_name_clean": "LUBIGAN", "lon": 122.21882011184034, "lat": 7.143306508846965}}, {"type": "Feature", "geometry": {"type": "Polygon", "coordinates": [[[122.22334034269319, 7.1478366983561985], [122.22332505752705, 7.1568817672120195], [122.21426906015873, 7.156866401567097], [122.21428452350487, 7.147821352325887], [122.22334034269319, 7.1478366983561985]]]}, "properties": {"grid_id": "35_32", "pred_scaled_catboost": 0.3428405927498082, "pred_scaled_rf": 0.3418722240341587, "barangay_name_clean": "LUBIGAN", "lon": 122.21880474755706, "lat": 7.15235156970131}}, {"type": "Feature", "geometry": {"type": "Polygon", "coordinates": [[[122.22332505752705, 7.1568817672120195], [122.22330975252879, 7.165926832490031], [122.21425357674934, 7.16591144722976], [122.21426906015873, 7.156866401567097], [122.22332505752705, 7.1568817672120195]]]}, "properties": {"grid_id": "35_33", "pred_scaled_catboost": 0.3240022458901065, "pred_scaled_rf": 0.33637284649077, "barangay_name_clean": "LUBIGAN", "lon": 122.21878936332705, "lat": 7.161396626979683}}, {"type": "Feature", "geometry": {"type": "Polygon", "coordinates": [[[122.22330975252879, 7.165926832490031], [122.22329442769652, 7.174971894185809], [122.21423807327473, 7.174956489309445], [122.21425357674934, 7.16591144722976], [122.22330975252879, 7.165926832490031]]]}, "properties": {"grid_id": "35_34", "pred_scaled_catboost": 0.3369878008323192, "pred_scaled_rf": 0.3915056073378338, "barangay_name_clean": "QUINIPUT", "lon": 122.21877395914836, "lat": 7.17044168067767}}, {"type": "Feature", "geometry": {"type": "Polygon", "coordinates": [[[122.22329442769652, 7.174971894185809], [122.22327908302834, 7.1840169522949235], [122.21422254973295, 7.184001527801727], [122.21423807327473, 7.174956489309445], [122.22329442769652, 7.174971894185809]]]}, "properties": {"grid_id": "35_35", "pred_scaled_catboost": 0.3736984307191158, "pred_scaled_rf": 0.4024944137120337, "barangay_name_clean": "QUINIPUT", "lon": 122.2187585350191, "lat": 7.179486730790839}}, {"type": "Feature", "geometry": {"type": "Polygon", "coordinates": [[[122.22327908302834, 7.1840169522949235], [122.22326371852229, 7.193062006812947], [122.21420700612211, 7.1930465627021745], [122.21422254973295, 7.184001527801727], [122.22327908302834, 7.1840169522949235]]]}, "properties": {"grid_id": "35_36", "pred_scaled_catboost": 0.347460920042664, "pred_scaled_rf": 0.3952504911550282, "barangay_name_clean": "QUINIPUT", "lon": 122.21874309093738, "lat": 7.188531777314753}}, {"type": "Feature", "geometry": {"type": "Polygon", "coordinates": [[[122.22326371852229, 7.193062006812947], [122.22324833417647, 7.202107057735452], [122.21419144244018, 7.202091594006361], [122.21420700612211, 7.1930465627021745], [122.22326371852229, 7.193062006812947]]]}, "properties": {"grid_id": "35_37", "pred_scaled_catboost": 0.3536745442699519, "pred_scaled_rf": 0.3397126741189302, "barangay_name_clean": "CURUAN", "lon": 122.21872762690118, "lat": 7.1975768202450014}}, {"type": "Feature", "geometry": {"type": "Polygon", "coordinates": [[[122.22324833417647, 7.202107057735452], [122.22323292998894, 7.211152105058015], [122.21417585868524, 7.211136621709861], [122.21419144244018, 7.202091594006361], [122.22324833417647, 7.202107057735452]]]}, "properties": {"grid_id": "35_38", "pred_scaled_catboost": 0.3675302894226342, "pred_scaled_rf": 0.3740275359185782, "barangay_name_clean": "CURUAN", "lon": 122.21871214290857, "lat": 7.206621859577145}}, {"type": "Feature", "geometry": {"type": "Polygon", "coordinates": [[[122.22323292998894, 7.211152105058015], [122.22321750595776, 7.220197148776209], [122.21416025485537, 7.2201816458082435], [122.21417585868524, 7.211136621709861], [122.22323292998894, 7.211152105058015]]]}, "properties": {"grid_id": "35_39", "pred_scaled_catboost": 0.4131088551454093, "pred_scaled_rf": 0.4032207166017077, "barangay_name_clean": "CURUAN", "lon": 122.21869663895765, "lat": 7.215666895306756}}, {"type": "Feature", "geometry": {"type": "Polygon", "coordinates": [[[122.22321750595776, 7.220197148776209], [122.22320206208099, 7.229242188885605], [122.21414463094854, 7.229226666297087], [122.21416025485537, 7.2201816458082435], [122.22321750595776, 7.220197148776209]]]}, "properties": {"grid_id": "35_40", "pred_scaled_catboost": 0.4076968271298578, "pred_scaled_rf": 0.3998439754393815, "barangay_name_clean": "LATUAN", "lon": 122.21868111504645, "lat": 7.224711927429419}}, {"type": "Feature", "geometry": {"type": "Polygon", "coordinates": [[[122.22320206208099, 7.229242188885605], [122.22318659835669, 7.238287225381784], [122.21412898696285, 7.238271683171961], [122.21414463094854, 7.229226666297087], [122.22320206208099, 7.229242188885605]]]}, "properties": {"grid_id": "35_41", "pred_scaled_catboost": 0.3969595182740399, "pred_scaled_rf": 0.3943954674917021, "barangay_name_clean": "LATUAN", "lon": 122.21866557117303, "lat": 7.233756955940697}}, {"type": "Feature", "geometry": {"type": "Polygon", "coordinates": [[[122.22318659835669, 7.238287225381784], [122.22317111478296, 7.247332258260316], [122.21411332289634, 7.247316696428442], [122.21412898696285, 7.238271683171961], [122.22318659835669, 7.238287225381784]]]}, "properties": {"grid_id": "35_42", "pred_scaled_catboost": 0.3621241922826744, "pred_scaled_rf": 0.3559685163331215, "barangay_name_clean": "CALABASA", "lon": 122.21865000733547, "lat": 7.242801980836171}}, {"type": "Feature", "geometry": {"type": "Polygon", "coordinates": [[[122.22317111478296, 7.247332258260316], [122.22315561135781, 7.256377287516779], [122.21409763874698, 7.256361706062103], [122.21411332289634, 7.247316696428442], [122.22317111478296, 7.247332258260316]]]}, "properties": {"grid_id": "35_43", "pred_scaled_catboost": 0.3487797473049664, "pred_scaled_rf": 0.3497986907334149, "barangay_name_clean": "CALABASA", "lon": 122.21863442353173, "lat": 7.251847002111417}}, {"type": "Feature", "geometry": {"type": "Polygon", "coordinates": [[[122.22315561135781, 7.256377287516779], [122.2231400880793, 7.265422313146748], [122.21408193451285, 7.2654067120685175], [122.21409763874698, 7.256361706062103], [122.22315561135781, 7.256377287516779]]]}, "properties": {"grid_id": "35_44", "pred_scaled_catboost": 0.3539382208903739, "pred_scaled_rf": 0.442487011096108, "barangay_name_clean": "CALABASA", "lon": 122.21861881975993, "lat": 7.260892019762}}, {"type": "Feature", "geometry": {"type": "Polygon", "coordinates": [[[122.2231400880793, 7.265422313146748], [122.22312454494552, 7.274467335145796], [122.214066210192, 7.274451714443266], [122.21408193451285, 7.2654067120685175], [122.2231400880793, 7.265422313146748]]]}, "properties": {"grid_id": "35_45", "pred_scaled_catboost": 0.3528060090759299, "pred_scaled_rf": 0.4408916026310797, "barangay_name_clean": "CALABASA", "lon": 122.21860319601807, "lat": 7.269937033783504}}, {"type": "Feature", "geometry": {"type": "Polygon", "coordinates": [[[122.22312454494552, 7.274467335145796], [122.22310898195445, 7.283512353509506], [122.2140504657824, 7.28349671318192], [122.214066210192, 7.274451714443266], [122.22312454494552, 7.274467335145796]]]}, "properties": {"grid_id": "35_46", "pred_scaled_catboost": 0.3382738371471357, "pred_scaled_rf": 0.4412805437107758, "barangay_name_clean": "CALABASA", "lon": 122.21858755230417, "lat": 7.278982044171501}}, {"type": "Feature", "geometry": {"type": "Polygon", "coordinates": [[[122.22310898195445, 7.283512353509506], [122.22309339910421, 7.292557368233451], [122.2140347012821, 7.292541708280056], [122.2140504657824, 7.28349671318192], [122.22310898195445, 7.283512353509506]]]}, "properties": {"grid_id": "35_47", "pred_scaled_catboost": 0.3573367968914875, "pred_scaled_rf": 0.441618207873763, "barangay_name_clean": "CALABASA", "lon": 122.21857188861635, "lat": 7.288027050921578}}, {"type": "Feature", "geometry": {"type": "Polygon", "coordinates": [[[122.22309339910421, 7.292557368233451], [122.22307779639281, 7.301602379313208], [122.21401891668913, 7.301586699733248], [122.2140347012821, 7.292541708280056], [122.22309339910421, 7.292557368233451]]]}, "properties": {"grid_id": "35_48", "pred_scaled_catboost": 0.387732774068876, "pred_scaled_rf": 0.3733842819075937, "barangay_name_clean": "TAGASILAY", "lon": 122.21855620495258, "lat": 7.297072054029296}}, {"type": "Feature", "geometry": {"type": "Polygon", "coordinates": [[[122.22307779639281, 7.301602379313208], [122.22306217381828, 7.310647386744357], [122.21400311200148, 7.310631687537079], [122.21401891668913, 7.301586699733248], [122.22307779639281, 7.301602379313208]]]}, "properties": {"grid_id": "35_49", "pred_scaled_catboost": 0.36683821521612, "pred_scaled_rf": 0.3913573631885591, "barangay_name_clean": "SIBULAO", "lon": 122.2185405013109, "lat": 7.30611705349024}}, {"type": "Feature", "geometry": {"type": "Polygon", "coordinates": [[[122.22306217381828, 7.310647386744357], [122.22304653137867, 7.319692390522473], [122.21398728721721, 7.319676671687117], [122.21400311200148, 7.310631687537079], [122.22306217381828, 7.310647386744357]]]}, "properties": {"grid_id": "35_50", "pred_scaled_catboost": 0.3798981724455949, "pred_scaled_rf": 0.3949489273583242, "barangay_name_clean": "SIBULAO", "lon": 122.21852477768935, "lat": 7.315162049299986}}, {"type": "Feature", "geometry": {"type": "Polygon", "coordinates": [[[122.22304653137867, 7.319692390522473], [122.22303086907203, 7.328737390643135], [122.2139714423343, 7.328721652178948], [122.21398728721721, 7.319676671687117], [122.22304653137867, 7.319692390522473]]]}, "properties": {"grid_id": "35_51", "pred_scaled_catboost": 0.4038904869515763, "pred_scaled_rf": 0.4096440801771132, "barangay_name_clean": "SIBULAO", "lon": 122.21850903408594, "lat": 7.3242070414541125}}, {"type": "Feature", "geometry": {"type": "Polygon", "coordinates": [[[122.22303086907203, 7.328737390643135], [122.22301518689639, 7.337782387101924], [122.21395557735077, 7.3377666290081445], [122.2139714423343, 7.328721652178948], [122.22303086907203, 7.328737390643135]]]}, "properties": {"grid_id": "35_52", "pred_scaled_catboost": 0.4103052709883953, "pred_scaled_rf": 0.4011234642228113, "barangay_name_clean": "SIBULAO", "lon": 122.21849327049874, "lat": 7.333252029948197}}, {"type": "Feature", "geometry": {"type": "Polygon", "coordinates": [[[122.22301518689639, 7.337782387101924], [122.22299948484974, 7.346827379894411], [122.21393969226463, 7.346811602170286], [122.21395557735077, 7.3377666290081445], [122.22301518689639, 7.337782387101924]]]}, "properties": {"grid_id": "35_53", "pred_scaled_catboost": 0.3893889587463715, "pred_scaled_rf": 0.3842079032084367, "barangay_name_clean": "SIBULAO", "lon": 122.2184774869257, "lat": 7.342297014777814}}, {"type": "Feature", "geometry": {"type": "Polygon", "coordinates": [[[122.22299948484974, 7.346827379894411], [122.22298376293016, 7.355872369016191], [122.21392378707388, 7.355856571660952], [122.21393969226463, 7.346811602170286], [122.22299948484974, 7.346827379894411]]]}, "properties": {"grid_id": "35_54", "pred_scaled_catboost": 0.3910257059831456, "pred_scaled_rf": 0.3894614282523875, "barangay_name_clean": "SIBULAO", "lon": 122.2184616833649, "lat": 7.351341995938549}}, {"type": "Feature", "geometry": {"type": "Polygon", "coordinates": [[[122.22298376293016, 7.355872369016191], [122.22296802113564, 7.36491735446283], [122.21390786177652, 7.3649015374757205], [122.21392378707388, 7.355856571660952], [122.22298376293016, 7.355872369016191]]]}, "properties": {"grid_id": "35_55", "pred_scaled_catboost": 0.3956912492285619, "pred_scaled_rf": 0.3666436430905256, "barangay_name_clean": "SIBULAO", "lon": 122.21844585981432, "lat": 7.360386973425978}}, {"type": "Feature", "geometry": {"type": "Polygon", "coordinates": [[[122.22296802113564, 7.36491735446283], [122.22295225946421, 7.373962336229913], [122.21389191637054, 7.373946499610168], [122.21390786177652, 7.3649015374757205], [122.22296802113564, 7.36491735446283]]]}, "properties": {"grid_id": "35_56", "pred_scaled_catboost": 0.4335063331122323, "pred_scaled_rf": 0.4304446857812268, "barangay_name_clean": NaN, "lon": 122.21843001627194, "lat": 7.3694319472356815}}, {"type": "Feature", "geometry": {"type": "Polygon", "coordinates": [[[122.22295225946421, 7.373962336229913], [122.22293647791392, 7.383007314313019], [122.21387595085397, 7.3829914580598786], [122.21389191637054, 7.373946499610168], [122.22295225946421, 7.373962336229913]]]}, "properties": {"grid_id": "35_57", "pred_scaled_catboost": 0.3817604659131819, "pred_scaled_rf": 0.3970007066548539, "barangay_name_clean": "VITALI", "lon": 122.21841415273583, "lat": 7.378476917363236}}, {"type": "Feature", "geometry": {"type": "Polygon", "coordinates": [[[122.22293647791392, 7.383007314313019], [122.22292067648276, 7.392052288707731], [122.21385996522481, 7.3920364128204294], [122.21387595085397, 7.3829914580598786], [122.22293647791392, 7.383007314313019]]]}, "properties": {"grid_id": "35_58", "pred_scaled_catboost": 0.3860580014811645, "pred_scaled_rf": 0.3964152137104997, "barangay_name_clean": "VITALI", "lon": 122.21839826920403, "lat": 7.387521883804224}}, {"type": "Feature", "geometry": {"type": "Polygon", "coordinates": [[[122.22292067648276, 7.392052288707731], [122.22290485516875, 7.4010972594096325], [122.213843959481, 7.401081363887403], [122.21385996522481, 7.3920364128204294], [122.22292067648276, 7.392052288707731]]]}, "properties": {"grid_id": "35_59", "pred_scaled_catboost": 0.3687055390838648, "pred_scaled_rf": 0.3840071376468321, "barangay_name_clean": "VITALI", "lon": 122.21838236567444, "lat": 7.396566846554229}}, {"type": "Feature", "geometry": {"type": "Polygon", "coordinates": [[[122.22290485516875, 7.4010972594096325], [122.22288901396989, 7.4101422264142975], [122.21382793362055, 7.410126311256374], [122.213843959481, 7.401081363887403], [122.22290485516875, 7.4010972594096325]]]}, "properties": {"grid_id": "35_60", "pred_scaled_catboost": 0.3719382683583951, "pred_scaled_rf": 0.387769858506105, "barangay_name_clean": "VITALI", "lon": 122.21836644214513, "lat": 7.405611805608827}}, {"type": "Feature", "geometry": {"type": "Polygon", "coordinates": [[[122.22288901396989, 7.4101422264142975], [122.22287315288422, 7.419187189717312], [122.21381188764148, 7.419171254922931], [122.21382793362055, 7.410126311256374], [122.22288901396989, 7.4101422264142975]]]}, "properties": {"grid_id": "35_61", "pred_scaled_catboost": 0.3788906883632261, "pred_scaled_rf": 0.3722875623245034, "barangay_name_clean": "VITALI", "lon": 122.21835049861406, "lat": 7.414656760963599}}, {"type": "Feature", "geometry": {"type": "Polygon", "coordinates": [[[122.22287315288422, 7.419187189717312], [122.22285727190975, 7.42823214931426], [122.21379582154172, 7.428216194882655], [122.21381188764148, 7.419171254922931], [122.22287315288422, 7.419187189717312]]]}, "properties": {"grid_id": "35_62", "pred_scaled_catboost": 0.3885314971049162, "pred_scaled_rf": 0.3769782551547736, "barangay_name_clean": "VITALI", "lon": 122.2183345350793, "lat": 7.423701712614137}}, {"type": "Feature", "geometry": {"type": "Polygon", "coordinates": [[[122.22285727190975, 7.42823214931426], [122.22284137104444, 7.4372771052007245], [122.21377973531929, 7.4372611311311205], [122.21379582154172, 7.428216194882655], [122.22285727190975, 7.42823214931426]]]}, "properties": {"grid_id": "35_63", "pred_scaled_catboost": 0.3819143113195228, "pred_scaled_rf": 0.3812806626827943, "barangay_name_clean": "VITALI", "lon": 122.21831855153879, "lat": 7.432746660556007}}, {"type": "Feature", "geometry": {"type": "Polygon", "coordinates": [[[122.22284137104444, 7.4372771052007245], [122.22282545028632, 7.446322057372288], [122.21376362897219, 7.446306063663915], [122.21377973531929, 7.4372611311311205], [122.22284137104444, 7.4372771052007245]]]}, "properties": {"grid_id": "35_64", "pred_scaled_catboost": 0.3660374137278422, "pred_scaled_rf": 0.3848952018935123, "barangay_name_clean": "VITALI", "lon": 122.21830254799049, "lat": 7.4417916047847985}}, {"type": "Feature", "geometry": {"type": "Polygon", "coordinates": [[[122.22282545028632, 7.446322057372288], [122.2228095096334, 7.455367005824531], [122.21374750249834, 7.455350992476621], [122.21376362897219, 7.446306063663915], [122.22282545028632, 7.446322057372288]]]}, "properties": {"grid_id": "35_65", "pred_scaled_catboost": 0.4027384412264233, "pred_scaled_rf": 0.4231174612769369, "barangay_name_clean": NaN, "lon": 122.21828652443246, "lat": 7.450836545296101}}, {"type": "Feature", "geometry": {"type": "Polygon", "coordinates": [[[122.2327382368276, 6.939813859854476], [122.23272358014616, 6.948859029147736], [122.22367160268459, 6.948844287309002], [122.22368643223679, 6.939799137386474], [122.2327382368276, 6.939813859854476]]]}, "properties": {"grid_id": "36_9", "pred_scaled_catboost": 0.4324935060952761, "pred_scaled_rf": 0.4186668335816816, "barangay_name_clean": NaN, "lon": 122.22820496454227, "lat": 6.944329092824787}}, {"type": "Feature", "geometry": {"type": "Polygon", "coordinates": [[[122.23272358014616, 6.948859029147736], [122.23270890390677, 6.9579041949658365], [122.22365675334377, 6.957889433755654], [122.22367160268459, 6.948844287309002], [122.23272358014616, 6.948859029147736]]]}, "properties": {"grid_id": "36_10", "pred_scaled_catboost": 0.3680052110243454, "pred_scaled_rf": 0.3115683552103642, "barangay_name_clean": "LANDANG GUA", "lon": 122.22819021158881, "lat": 6.953374250713856}}, {"type": "Feature", "geometry": {"type": "Polygon", "coordinates": [[[122.23270890390677, 6.9579041949658365], [122.2326942081076, 6.966949357304338], [122.22364188421244, 6.966934576722003], [122.22365675334377, 6.957889433755654], [122.23270890390677, 6.9579041949658365]]]}, "properties": {"grid_id": "36_11", "pred_scaled_catboost": 0.3513760996263915, "pred_scaled_rf": 0.3284609325572006, "barangay_name_clean": NaN, "lon": 122.22817543896109, "lat": 6.962419405125196}}, {"type": "Feature", "geometry": {"type": "Polygon", "coordinates": [[[122.2326942081076, 6.966949357304338], [122.23267949274678, 6.9759945161588055], [122.22362699528875, 6.975979716203606], [122.22364188421244, 6.966934576722003], [122.2326942081076, 6.966949357304338]]]}, "properties": {"grid_id": "36_12", "pred_scaled_catboost": 0.3463261257968519, "pred_scaled_rf": 0.3181620350262612, "barangay_name_clean": "LANDANG LAUM", "lon": 122.22816064665729, "lat": 6.971464556054361}}, {"type": "Feature", "geometry": {"type": "Polygon", "coordinates": [[[122.23267949274678, 6.9759945161588055], [122.23266475782248, 6.985039671524808], [122.22361208657084, 6.98502485219603], [122.22362699528875, 6.975979716203606], [122.23267949274678, 6.9759945161588055]]]}, "properties": {"grid_id": "36_13", "pred_scaled_catboost": 0.34862854195995, "pred_scaled_rf": 0.3796563425281116, "barangay_name_clean": "LANDANG LAUM", "lon": 122.22814583467559, "lat": 6.980509703496921}}, {"type": "Feature", "geometry": {"type": "Polygon", "coordinates": [[[122.23266475782248, 6.985039671524808], [122.23265000333284, 6.994084823397911], [122.22359715805683, 6.994069984694844], [122.22361208657084, 6.98502485219603], [122.23266475782248, 6.985039671524808]]]}, "properties": {"grid_id": "36_14", "pred_scaled_catboost": 0.3906624875170372, "pred_scaled_rf": 0.3645115283222541, "barangay_name_clean": NaN, "lon": 122.22813100301408, "lat": 6.989554847448444}}, {"type": "Feature", "geometry": {"type": "Polygon", "coordinates": [[[122.23251633218031, 7.075491032343903], [122.23250138193525, 7.08453614904422], [122.22344678371869, 7.084521116558834], [122.22346191029696, 7.075476019239991], [122.23251633218031, 7.075491032343903]]]}, "properties": {"grid_id": "36_24", "pred_scaled_catboost": 0.2734188036056376, "pred_scaled_rf": 0.2780157475282724, "barangay_name_clean": NaN, "lon": 122.22798160360078, "lat": 7.080006093981195}}, {"type": "Feature", "geometry": {"type": "Polygon", "coordinates": [[[122.23250138193525, 7.08453614904422], [122.23248641210435, 7.093581262202884], [122.22343163732357, 7.093566210335306], [122.22344678371869, 7.084521116558834], [122.23250138193525, 7.08453614904422]]]}, "properties": {"grid_id": "36_25", "pred_scaled_catboost": 0.3058252189006493, "pred_scaled_rf": 0.2881157766115311, "barangay_name_clean": "BOLONG", "lon": 122.22796655533843, "lat": 7.089051199238716}}, {"type": "Feature", "geometry": {"type": "Polygon", "coordinates": [[[122.23248641210435, 7.093581262202884], [122.2324714226858, 7.102626371815468], [122.22341647110974, 7.102611300564969], [122.22343163732357, 7.093566210335306], [122.23248641210435, 7.093581262202884]]]}, "properties": {"grid_id": "36_26", "pred_scaled_catboost": 0.3265002697911846, "pred_scaled_rf": 0.3524274996762581, "barangay_name_clean": "BOLONG", "lon": 122.22795148737379, "lat": 7.098096300952009}}, {"type": "Feature", "geometry": {"type": "Polygon", "coordinates": [[[122.2324714226858, 7.102626371815468], [122.23245641367764, 7.111671477877546], [122.2234012850753, 7.111656387243402], [122.22341647110974, 7.102611300564969], [122.2324714226858, 7.102626371815468]]]}, "properties": {"grid_id": "36_27", "pred_scaled_catboost": 0.3163117760981324, "pred_scaled_rf": 0.3241654771643241, "barangay_name_clean": "BOLONG", "lon": 122.22793639970499, "lat": 7.107141399116641}}, {"type": "Feature", "geometry": {"type": "Polygon", "coordinates": [[[122.23245641367764, 7.111671477877546], [122.23244138507806, 7.120716580384686], [122.22338607921834, 7.120701470366171], [122.2234012850753, 7.111656387243402], [122.23245641367764, 7.111671477877546]]]}, "properties": {"grid_id": "36_28", "pred_scaled_catboost": 0.3814785645263526, "pred_scaled_rf": 0.361656616354664, "barangay_name_clean": "BOLONG", "lon": 122.2279212923302, "lat": 7.116186493728195}}, {"type": "Feature", "geometry": {"type": "Polygon", "coordinates": [[[122.23244138507806, 7.120716580384686], [122.23242633688513, 7.12976167933246], [122.22337085353693, 7.129746549928846], [122.22338607921834, 7.120701470366171], [122.23244138507806, 7.120716580384686]]]}, "properties": {"grid_id": "36_29", "pred_scaled_catboost": 0.3933942748836599, "pred_scaled_rf": 0.3774910161783636, "barangay_name_clean": "LUBIGAN", "lon": 122.22790616524742, "lat": 7.125231584782233}}, {"type": "Feature", "geometry": {"type": "Polygon", "coordinates": [[[122.23242633688513, 7.12976167933246], [122.23241126909699, 7.138806774716438], [122.2233556080292, 7.138791625926997], [122.22337085353693, 7.129746549928846], [122.23242633688513, 7.12976167933246]]]}, "properties": {"grid_id": "36_30", "pred_scaled_catboost": 0.3463432576814592, "pred_scaled_rf": 0.3359980696190641, "barangay_name_clean": "BOLONG", "lon": 122.22789101845483, "lat": 7.134276672274327}}, {"type": "Feature", "geometry": {"type": "Polygon", "coordinates": [[[122.23241126909699, 7.138806774716438], [122.23239618171169, 7.1478518665321955], [122.22334034269319, 7.1478366983561985], [122.2233556080292, 7.138791625926997], [122.23241126909699, 7.138806774716438]]]}, "properties": {"grid_id": "36_31", "pred_scaled_catboost": 0.3706207642136924, "pred_scaled_rf": 0.3609359779222426, "barangay_name_clean": "LUBIGAN", "lon": 122.22787585195047, "lat": 7.143321756200045}}, {"type": "Feature", "geometry": {"type": "Polygon", "coordinates": [[[122.23239618171169, 7.1478518665321955], [122.23238107472741, 7.156896954775302], [122.22332505752705, 7.1568817672120195], [122.22334034269319, 7.1478366983561985], [122.23239618171169, 7.1478518665321955]]]}, "properties": {"grid_id": "36_32", "pred_scaled_catboost": 0.3462595216094622, "pred_scaled_rf": 0.3380391654834996, "barangay_name_clean": "LUBIGAN", "lon": 122.22786066573254, "lat": 7.152366836554967}}, {"type": "Feature", "geometry": {"type": "Polygon", "coordinates": [[[122.23238107472741, 7.156896954775302], [122.23236594814225, 7.165942039441331], [122.22330975252879, 7.165926832490031], [122.22332505752705, 7.1568817672120195], [122.23238107472741, 7.156896954775302]]]}, "properties": {"grid_id": "36_33", "pred_scaled_catboost": 0.3216384923515676, "pred_scaled_rf": 0.3383161757669036, "barangay_name_clean": "LUBIGAN", "lon": 122.22784545979906, "lat": 7.161411913334663}}, {"type": "Feature", "geometry": {"type": "Polygon", "coordinates": [[[122.23236594814225, 7.165942039441331], [122.23235080195425, 7.174987120525858], [122.22329442769652, 7.174971894185809], [122.22330975252879, 7.165926832490031], [122.23236594814225, 7.165942039441331]]]}, "properties": {"grid_id": "36_34", "pred_scaled_catboost": 0.320204470140179, "pred_scaled_rf": 0.354585404683952, "barangay_name_clean": "QUINIPUT", "lon": 122.22783023414807, "lat": 7.1704569865347}}, {"type": "Feature", "geometry": {"type": "Polygon", "coordinates": [[[122.23235080195425, 7.174987120525858], [122.23233563616157, 7.184032198024455], [122.22327908302834, 7.1840169522949235], [122.22329442769652, 7.174971894185809], [122.23235080195425, 7.174987120525858]]]}, "properties": {"grid_id": "36_35", "pred_scaled_catboost": 0.3518823460469559, "pred_scaled_rf": 0.4267617266898819, "barangay_name_clean": "QUINIPUT", "lon": 122.22781498877777, "lat": 7.179502056150653}}, {"type": "Feature", "geometry": {"type": "Polygon", "coordinates": [[[122.23233563616157, 7.184032198024455], [122.23232045076227, 7.193077271932695], [122.22326371852229, 7.193062006812947], [122.22327908302834, 7.1840169522949235], [122.23233563616157, 7.184032198024455]]]}, "properties": {"grid_id": "36_36", "pred_scaled_catboost": 0.3361451032708768, "pred_scaled_rf": 0.3864630993203601, "barangay_name_clean": "QUINIPUT", "lon": 122.22779972368618, "lat": 7.188547122178101}}, {"type": "Feature", "geometry": {"type": "Polygon", "coordinates": [[[122.23232045076227, 7.193077271932695], [122.23230524575447, 7.202122342246152], [122.22324833417647, 7.202107057735452], [122.22326371852229, 7.193062006812947], [122.23232045076227, 7.193077271932695]]]}, "properties": {"grid_id": "36_37", "pred_scaled_catboost": 0.3696667436859698, "pred_scaled_rf": 0.3744357726658972, "barangay_name_clean": "QUINIPUT", "lon": 122.22778443887141, "lat": 7.197592184612612}}, {"type": "Feature", "geometry": {"type": "Polygon", "coordinates": [[[122.23230524575447, 7.202122342246152], [122.23229002113627, 7.211167408960404], [122.22323292998894, 7.211152105058015], [122.22324833417647, 7.202107057735452], [122.23230524575447, 7.202122342246152]]]}, "properties": {"grid_id": "36_38", "pred_scaled_catboost": 0.3721648092291691, "pred_scaled_rf": 0.3723748419087593, "barangay_name_clean": "CURUAN", "lon": 122.22776913433151, "lat": 7.206637243449761}}, {"type": "Feature", "geometry": {"type": "Polygon", "coordinates": [[[122.23229002113627, 7.211167408960404], [122.23227477690574, 7.2202124720710215], [122.22321750595776, 7.220197148776209], [122.22323292998894, 7.211152105058015], [122.23229002113627, 7.211167408960404]]]}, "properties": {"grid_id": "36_39", "pred_scaled_catboost": 0.4021204609106052, "pred_scaled_rf": 0.4066293770584423, "barangay_name_clean": "CURUAN", "lon": 122.22775381006464, "lat": 7.215682298685122}}, {"type": "Feature", "geometry": {"type": "Polygon", "coordinates": [[[122.23227477690574, 7.2202124720710215], [122.23225951306092, 7.229257531573581], [122.22320206208099, 7.229242188885605], [122.22321750595776, 7.220197148776209], [122.23227477690574, 7.2202124720710215]]]}, "properties": {"grid_id": "36_40", "pred_scaled_catboost": 0.3846186451047657, "pred_scaled_rf": 0.4012263325738221, "barangay_name_clean": "LATUAN", "lon": 122.22773846606877, "lat": 7.224727350314267}}, {"type": "Feature", "geometry": {"type": "Polygon", "coordinates": [[[122.23225951306092, 7.229257531573581], [122.23224422959998, 7.238302587463661], [122.22318659835669, 7.238287225381784], [122.22320206208099, 7.229242188885605], [122.23225951306092, 7.229257531573581]]]}, "properties": {"grid_id": "36_41", "pred_scaled_catboost": 0.3897744969863628, "pred_scaled_rf": 0.3991096399029967, "barangay_name_clean": "CALABASA", "lon": 122.22772310234203, "lat": 7.233772398332781}}, {"type": "Feature", "geometry": {"type": "Polygon", "coordinates": [[[122.23224422959998, 7.238302587463661], [122.23222892652099, 7.247347639736834], [122.22317111478296, 7.247332258260316], [122.22318659835669, 7.238287225381784], [122.23224422959998, 7.238302587463661]]]}, "properties": {"grid_id": "36_42", "pred_scaled_catboost": 0.4023117853292324, "pred_scaled_rf": 0.3947974505164512, "barangay_name_clean": "CALABASA", "lon": 122.22770771888248, "lat": 7.242817442736228}}, {"type": "Feature", "geometry": {"type": "Polygon", "coordinates": [[[122.23222892652099, 7.247347639736834], [122.23221360382198, 7.256392688388682], [122.22315561135781, 7.256377287516779], [122.22317111478296, 7.247332258260316], [122.23222892652099, 7.247347639736834]]]}, "properties": {"grid_id": "36_43", "pred_scaled_catboost": 0.3778983589068893, "pred_scaled_rf": 0.3877713469324695, "barangay_name_clean": "CALABASA", "lon": 122.22769231568826, "lat": 7.251862483520189}}, {"type": "Feature", "geometry": {"type": "Polygon", "coordinates": [[[122.23221360382198, 7.256392688388682], [122.23219826150105, 7.265437733414774], [122.2231400880793, 7.265422313146748], [122.22315561135781, 7.256377287516779], [122.23221360382198, 7.256392688388682]]]}, "properties": {"grid_id": "36_44", "pred_scaled_catboost": 0.3713886530887414, "pred_scaled_rf": 0.4499345470678949, "barangay_name_clean": "CALABASA", "lon": 122.22767689275729, "lat": 7.260907520680242}}, {"type": "Feature", "geometry": {"type": "Polygon", "coordinates": [[[122.23219826150105, 7.265437733414774], [122.23218289955629, 7.27448277481069], [122.22312454494552, 7.274467335145796], [122.2231400880793, 7.265422313146748], [122.23219826150105, 7.265437733414774]]]}, "properties": {"grid_id": "36_45", "pred_scaled_catboost": 0.3798189329843547, "pred_scaled_rf": 0.4513797810872231, "barangay_name_clean": "CALABASA", "lon": 122.22766145008778, "lat": 7.269952554211956}}, {"type": "Feature", "geometry": {"type": "Polygon", "coordinates": [[[122.23218289955629, 7.27448277481069], [122.23216751798574, 7.28352781257201], [122.22310898195445, 7.283512353509506], [122.22312454494552, 7.274467335145796], [122.23218289955629, 7.27448277481069]]]}, "properties": {"grid_id": "36_46", "pred_scaled_catboost": 0.3417162326023081, "pred_scaled_rf": 0.4323158911721825, "barangay_name_clean": "CALABASA", "lon": 122.22764598767773, "lat": 7.278997584110917}}, {"type": "Feature", "geometry": {"type": "Polygon", "coordinates": [[[122.23216751798574, 7.28352781257201], [122.23215211678749, 7.292572846694312], [122.22309339910421, 7.292557368233451], [122.22310898195445, 7.283512353509506], [122.23216751798574, 7.28352781257201]]]}, "properties": {"grid_id": "36_47", "pred_scaled_catboost": 0.3658522293009817, "pred_scaled_rf": 0.4374184410907705, "barangay_name_clean": "CALABASA", "lon": 122.22763050552514, "lat": 7.288042610372695}}, {"type": "Feature", "geometry": {"type": "Polygon", "coordinates": [[[122.23215211678749, 7.292572846694312], [122.23213669595961, 7.301617877173168], [122.22307779639281, 7.301602379313208], [122.22309339910421, 7.292557368233451], [122.23215211678749, 7.292572846694312]]]}, "properties": {"grid_id": "36_48", "pred_scaled_catboost": 0.3875735553974957, "pred_scaled_rf": 0.3898587394607009, "barangay_name_clean": "TAGASILAY", "lon": 122.22761500362817, "lat": 7.2970876329928736}}, {"type": "Feature", "geometry": {"type": "Polygon", "coordinates": [[[122.23213669595961, 7.301617877173168], [122.23212125550016, 7.310662904004164], [122.22306217381828, 7.310647386744357], [122.22307779639281, 7.301602379313208], [122.23213669595961, 7.301617877173168]]]}, "properties": {"grid_id": "36_49", "pred_scaled_catboost": 0.3201406821225877, "pred_scaled_rf": 0.340480961080142, "barangay_name_clean": "TAGASILAY", "lon": 122.22759948198481, "lat": 7.306132651967026}}, {"type": "Feature", "geometry": {"type": "Polygon", "coordinates": [[[122.23212125550016, 7.310662904004164], [122.2321057954072, 7.319707927182873], [122.22304653137867, 7.319692390522473], [122.22306217381828, 7.310647386744357], [122.23212125550016, 7.310662904004164]]]}, "properties": {"grid_id": "36_50", "pred_scaled_catboost": 0.3614690073795904, "pred_scaled_rf": 0.3948204029677302, "barangay_name_clean": "SIBULAO", "lon": 122.22758394059315, "lat": 7.315177667290731}}, {"type": "Feature", "geometry": {"type": "Polygon", "coordinates": [[[122.2321057954072, 7.319707927182873], [122.23209031567875, 7.3287529467048795], [122.22303086907203, 7.328737390643135], [122.22304653137867, 7.319692390522473], [122.2321057954072, 7.319707927182873]]]}, "properties": {"grid_id": "36_51", "pred_scaled_catboost": 0.4012191329421585, "pred_scaled_rf": 0.4034136214982747, "barangay_name_clean": "SIBULAO", "lon": 122.2275683794512, "lat": 7.324222678959564}}, {"type": "Feature", "geometry": {"type": "Polygon", "coordinates": [[[122.23209031567875, 7.3287529467048795], [122.23207481631296, 7.337797962565763], [122.22301518689639, 7.337782387101924], [122.22303086907203, 7.328737390643135], [122.23209031567875, 7.3287529467048795]]]}, "properties": {"grid_id": "36_52", "pred_scaled_catboost": 0.3906647265030592, "pred_scaled_rf": 0.4211027245240804, "barangay_name_clean": "SIBULAO", "lon": 122.22755279855703, "lat": 7.333267686969119}}, {"type": "Feature", "geometry": {"type": "Polygon", "coordinates": [[[122.23207481631296, 7.337797962565763], [122.2320592973078, 7.346842974761094], [122.22299948484974, 7.346827379894411], [122.22301518689639, 7.337782387101924], [122.23207481631296, 7.337797962565763]]]}, "properties": {"grid_id": "36_53", "pred_scaled_catboost": 0.4044694652795414, "pred_scaled_rf": 0.3861743061604183, "barangay_name_clean": "SIBULAO", "lon": 122.22753719790869, "lat": 7.342312691314958}}, {"type": "Feature", "geometry": {"type": "Polygon", "coordinates": [[[122.2320592973078, 7.346842974761094], [122.23204375866133, 7.355887983286466], [122.22298376293016, 7.355872369016191], [122.22299948484974, 7.346827379894411], [122.2320592973078, 7.346842974761094]]]}, "properties": {"grid_id": "36_54", "pred_scaled_catboost": 0.3868038080931046, "pred_scaled_rf": 0.383380622693124, "barangay_name_clean": "SIBULAO", "lon": 122.22752157750416, "lat": 7.3513576919926615}}, {"type": "Feature", "geometry": {"type": "Polygon", "coordinates": [[[122.23204375866133, 7.355887983286466], [122.23202820037164, 7.364932988137456], [122.22296802113564, 7.36491735446283], [122.22298376293016, 7.355872369016191], [122.23204375866133, 7.355887983286466]]]}, "properties": {"grid_id": "36_55", "pred_scaled_catboost": 0.4037003822119556, "pred_scaled_rf": 0.3935183303058939, "barangay_name_clean": "VITALI", "lon": 122.22750593734158, "lat": 7.3604026889978265}}, {"type": "Feature", "geometry": {"type": "Polygon", "coordinates": [[[122.23202820037164, 7.364932988137456], [122.23201262243676, 7.373977989309638], [122.22295225946421, 7.373962336229913], [122.22296802113564, 7.36491735446283], [122.23202820037164, 7.364932988137456]]]}, "properties": {"grid_id": "36_56", "pred_scaled_catboost": 0.4026825200933484, "pred_scaled_rf": 0.3901489286109784, "barangay_name_clean": "VITALI", "lon": 122.22749027741892, "lat": 7.369447682326019}}, {"type": "Feature", "geometry": {"type": "Polygon", "coordinates": [[[122.23201262243676, 7.373977989309638], [122.23199702485472, 7.3830229867986], [122.22293647791392, 7.383007314313019], [122.22295225946421, 7.373962336229913], [122.23201262243676, 7.373977989309638]]]}, "properties": {"grid_id": "36_57", "pred_scaled_catboost": 0.4549604235489257, "pred_scaled_rf": 0.4278139325961088, "barangay_name_clean": NaN, "lon": 122.2274745977342, "lat": 7.378492671972818}}, {"type": "Feature", "geometry": {"type": "Polygon", "coordinates": [[[122.23199702485472, 7.3830229867986], [122.23198140762355, 7.392067980599925], [122.22292067648276, 7.392052288707731], [122.22293647791392, 7.383007314313019], [122.23199702485472, 7.3830229867986]]]}, "properties": {"grid_id": "36_58", "pred_scaled_catboost": 0.4020301842632496, "pred_scaled_rf": 0.425043652396997, "barangay_name_clean": "VITALI", "lon": 122.22745889828552, "lat": 7.387537657933812}}, {"type": "Feature", "geometry": {"type": "Polygon", "coordinates": [[[122.23198140762355, 7.392067980599925], [122.23196577074134, 7.401112970709189], [122.22290485516875, 7.4010972594096325], [122.22292067648276, 7.392052288707731], [122.23198140762355, 7.392067980599925]]]}, "properties": {"grid_id": "36_59", "pred_scaled_catboost": 0.3830789037766191, "pred_scaled_rf": 0.4123875497860999, "barangay_name_clean": "VITALI", "lon": 122.22744317907085, "lat": 7.396582640204585}}, {"type": "Feature", "geometry": {"type": "Polygon", "coordinates": [[[122.23196577074134, 7.401112970709189], [122.23195011420607, 7.410157957121981], [122.22288901396989, 7.4101422264142975], [122.22290485516875, 7.4010972594096325], [122.23196577074134, 7.401112970709189]]]}, "properties": {"grid_id": "36_60", "pred_scaled_catboost": 0.3901302044534878, "pred_scaled_rf": 0.3850560410147162, "barangay_name_clean": "VITALI", "lon": 122.22742744008822, "lat": 7.405627618780711}}, {"type": "Feature", "geometry": {"type": "Polygon", "coordinates": [[[122.23195011420607, 7.410157957121981], [122.23193443801581, 7.419202939833879], [122.22287315288422, 7.419187189717312], [122.22288901396989, 7.4101422264142975], [122.23195011420607, 7.410157957121981]]]}, "properties": {"grid_id": "36_61", "pred_scaled_catboost": 0.3904302077646131, "pred_scaled_rf": 0.3825670597708116, "barangay_name_clean": "VITALI", "lon": 122.2274116813357, "lat": 7.414672593657774}}, {"type": "Feature", "geometry": {"type": "Polygon", "coordinates": [[[122.23193443801581, 7.419202939833879], [122.23191874216855, 7.42824791884047], [122.22285727190975, 7.42823214931426], [122.22287315288422, 7.419187189717312], [122.23193443801581, 7.419202939833879]]]}, "properties": {"grid_id": "36_62", "pred_scaled_catboost": 0.3779317149874421, "pred_scaled_rf": 0.3692207817579316, "barangay_name_clean": "VITALI", "lon": 122.22739590281121, "lat": 7.423717564831356}}, {"type": "Feature", "geometry": {"type": "Polygon", "coordinates": [[[122.23191874216855, 7.42824791884047], [122.23190302666237, 7.437292894137334], [122.22284137104444, 7.4372771052007245], [122.22285727190975, 7.42823214931426], [122.23191874216855, 7.42824791884047]]]}, "properties": {"grid_id": "36_63", "pred_scaled_catboost": 0.37722665693553, "pred_scaled_rf": 0.3799651786713762, "barangay_name_clean": "VITALI", "lon": 122.22738010451287, "lat": 7.4327625322970485}}, {"type": "Feature", "geometry": {"type": "Polygon", "coordinates": [[[122.23190302666237, 7.437292894137334], [122.23188729149525, 7.446337865720061], [122.22282545028632, 7.446322057372288], [122.22284137104444, 7.4372771052007245], [122.23190302666237, 7.437292894137334]]]}, "properties": {"grid_id": "36_64", "pred_scaled_catboost": 0.3697050059467098, "pred_scaled_rf": 0.3791033542268132, "barangay_name_clean": "VITALI", "lon": 122.22736428643867, "lat": 7.441807496050425}}, {"type": "Feature", "geometry": {"type": "Polygon", "coordinates": [[[122.23188729149525, 7.446337865720061], [122.23187153666524, 7.455382833584227], [122.2228095096334, 7.455367005824531], [122.22282545028632, 7.446322057372288], [122.23188729149525, 7.446337865720061]]]}, "properties": {"grid_id": "36_65", "pred_scaled_catboost": 0.4019935111962951, "pred_scaled_rf": 0.4220078960398589, "barangay_name_clean": NaN, "lon": 122.22734844858658, "lat": 7.450852456087073}}, {"type": "Feature", "geometry": {"type": "Polygon", "coordinates": [[[122.23187153666524, 7.455382833584227], [122.23185576217037, 7.464427797725426], [122.22279354908363, 7.464411950553041], [122.2228095096334, 7.455367005824531], [122.23187153666524, 7.455382833584227]]]}, "properties": {"grid_id": "36_66", "pred_scaled_catboost": 0.4146646195811627, "pred_scaled_rf": 0.4273902165954096, "barangay_name_clean": NaN, "lon": 122.22733259095465, "lat": 7.45989741240258}}, {"type": "Feature", "geometry": {"type": "Polygon", "coordinates": [[[122.23185576217037, 7.464427797725426], [122.23183996800863, 7.473472758139234], [122.22277756863508, 7.473456891553395], [122.22279354908363, 7.464411950553041], [122.23185576217037, 7.464427797725426]]]}, "properties": {"grid_id": "36_67", "pred_scaled_catboost": 0.4096927204275752, "pred_scaled_rf": 0.4261750448411442, "barangay_name_clean": NaN, "lon": 122.22731671354089, "lat": 7.468942364992522}}, {"type": "Feature", "geometry": {"type": "Polygon", "coordinates": [[[122.24179006097452, 6.939828409692451], [122.2417755771657, 6.948873598129315], [122.23272358014616, 6.948859029147736], [122.2327382368276, 6.939813859854476], [122.24179006097452, 6.939828409692451]]]}, "properties": {"grid_id": "37_9", "pred_scaled_catboost": 0.4168598813410377, "pred_scaled_rf": 0.3585958033509077, "barangay_name_clean": NaN, "lon": 122.23725686532862, "lat": 6.944343738606395}}, {"type": "Feature", "geometry": {"type": "Polygon", "coordinates": [[[122.2417755771657, 6.948873598129315], [122.2417610740296, 6.957918783091716], [122.23270890390677, 6.9579041949658365], [122.23272358014616, 6.948859029147736], [122.2417755771657, 6.948873598129315]]]}, "properties": {"grid_id": "37_10", "pred_scaled_catboost": 0.3191717524176294, "pred_scaled_rf": 0.3042758080461746, "barangay_name_clean": "LANDANG GUA", "lon": 122.23724228536213, "lat": 6.953388915752983}}, {"type": "Feature", "geometry": {"type": "Polygon", "coordinates": [[[122.2417610740296, 6.957918783091716], [122.2417465515644, 6.966963964575222], [122.2326942081076, 6.966949357304338], [122.23270890390677, 6.9579041949658365], [122.2417610740296, 6.957918783091716]]]}, "properties": {"grid_id": "37_11", "pred_scaled_catboost": 0.3343788898596216, "pred_scaled_rf": 0.3082030598907102, "barangay_name_clean": "LANDANG LAUM", "lon": 122.23722768595212, "lat": 6.962434089422545}}, {"type": "Feature", "geometry": {"type": "Polygon", "coordinates": [[[122.2417465515644, 6.966963964575222], [122.2417320097683, 6.976009142575398], [122.23267949274678, 6.9759945161588055], [122.2326942081076, 6.966949357304338], [122.2417465515644, 6.966963964575222]]]}, "properties": {"grid_id": "37_12", "pred_scaled_catboost": 0.3433400684463474, "pred_scaled_rf": 0.3281422581995467, "barangay_name_clean": "LANDANG LAUM", "lon": 122.23721306709676, "lat": 6.9714792596106445}}, {"type": "Feature", "geometry": {"type": "Polygon", "coordinates": [[[122.2417320097683, 6.976009142575398], [122.24171744863945, 6.985054317087811], [122.23266475782248, 6.985039671524808], [122.23267949274678, 6.9759945161588055], [122.2417320097683, 6.976009142575398]]]}, "properties": {"grid_id": "37_13", "pred_scaled_catboost": 0.372848618764927, "pred_scaled_rf": 0.3469996999875545, "barangay_name_clean": "LANDANG LAUM", "lon": 122.23719842879423, "lat": 6.980524426312846}}, {"type": "Feature", "geometry": {"type": "Polygon", "coordinates": [[[122.24171744863945, 6.985054317087811], [122.24170286817603, 6.994099488108029], [122.23265000333284, 6.994084823397911], [122.23266475782248, 6.985039671524808], [122.24171744863945, 6.985054317087811]]]}, "properties": {"grid_id": "37_14", "pred_scaled_catboost": 0.3771639056262743, "pred_scaled_rf": 0.3478608694044272, "barangay_name_clean": "LANDANG LAUM", "lon": 122.23718377104264, "lat": 6.989569589524718}}, {"type": "Feature", "geometry": {"type": "Polygon", "coordinates": [[[122.24157077364761, 7.075505869409923], [122.24155599973764, 7.084551005264451], [122.23250138193525, 7.08453614904422], [122.23251633218031, 7.075491032343903], [122.24157077364761, 7.075505869409923]]]}, "properties": {"grid_id": "37_24", "pred_scaled_catboost": 0.2866842061330632, "pred_scaled_rf": 0.2822691469532646, "barangay_name_clean": NaN, "lon": 122.2370361234248, "lat": 7.080021028700115}}, {"type": "Feature", "geometry": {"type": "Polygon", "coordinates": [[[122.24155599973764, 7.084551005264451], [122.24154120647285, 7.093596137578042], [122.23248641210435, 7.093581262202884], [122.23250138193525, 7.08453614904422], [122.24155599973764, 7.084551005264451]]]}, "properties": {"grid_id": "37_25", "pred_scaled_catboost": 0.3150067652863265, "pred_scaled_rf": 0.2801856930624095, "barangay_name_clean": "BOLONG", "lon": 122.23702125161208, "lat": 7.089066153225836}}, {"type": "Feature", "geometry": {"type": "Polygon", "coordinates": [[[122.24154120647285, 7.093596137578042], [122.2415263938514, 7.1026412663462715], [122.2324714226858, 7.102626371815468], [122.23248641210435, 7.093581262202884], [122.24154120647285, 7.093596137578042]]]}, "properties": {"grid_id": "37_26", "pred_scaled_catboost": 0.3304426393828348, "pred_scaled_rf": 0.3553012154185994, "barangay_name_clean": "BOLONG", "lon": 122.23700636032811, "lat": 7.098111274208047}}, {"type": "Feature", "geometry": {"type": "Polygon", "coordinates": [[[122.2415263938514, 7.1026412663462715], [122.24151156187145, 7.111686391564709], [122.23245641367764, 7.111671477877546], [122.2324714226858, 7.102626371815468], [122.2415263938514, 7.1026412663462715]]]}, "properties": {"grid_id": "37_27", "pred_scaled_catboost": 0.3026382103638186, "pred_scaled_rf": 0.3238885251363116, "barangay_name_clean": "BOLONG", "lon": 122.2369914495711, "lat": 7.107156391642331}}, {"type": "Feature", "geometry": {"type": "Polygon", "coordinates": [[[122.24151156187145, 7.111686391564709], [122.24149671053112, 7.120731513228929], [122.23244138507806, 7.120716580384686], [122.23245641367764, 7.111671477877546], [122.24151156187145, 7.111686391564709]]]}, "properties": {"grid_id": "37_28", "pred_scaled_catboost": 0.3562838558799359, "pred_scaled_rf": 0.3596091680644948, "barangay_name_clean": "BOLONG", "lon": 122.23697651933902, "lat": 7.116201505524242}}, {"type": "Feature", "geometry": {"type": "Polygon", "coordinates": [[[122.24149671053112, 7.120731513228929], [122.24148183982855, 7.1297766313345], [122.23242633688513, 7.12976167933246], [122.23244138507806, 7.120716580384686], [122.24149671053112, 7.120731513228929]]]}, "properties": {"grid_id": "37_29", "pred_scaled_catboost": 0.4122580579086677, "pred_scaled_rf": 0.403397718857363, "barangay_name_clean": "LUBIGAN", "lon": 122.23696156963014, "lat": 7.125246615849369}}, {"type": "Feature", "geometry": {"type": "Polygon", "coordinates": [[[122.24148183982855, 7.1297766313345], [122.24146694976187, 7.138821745876997], [122.23241126909699, 7.138806774716438], [122.23242633688513, 7.12976167933246], [122.24148183982855, 7.1297766313345]]]}, "properties": {"grid_id": "37_30", "pred_scaled_catboost": 0.3918143855674061, "pred_scaled_rf": 0.3831409527793188, "barangay_name_clean": "LUBIGAN", "lon": 122.23694660044254, "lat": 7.134291722613272}}, {"type": "Feature", "geometry": {"type": "Polygon", "coordinates": [[[122.24146694976187, 7.138821745876997], [122.2414520403292, 7.147866856851992], [122.23239618171169, 7.1478518665321955], [122.23241126909699, 7.138806774716438], [122.24146694976187, 7.138821745876997]]]}, "properties": {"grid_id": "37_31", "pred_scaled_catboost": 0.3860919101772454, "pred_scaled_rf": 0.3670013420510076, "barangay_name_clean": "LUBIGAN", "lon": 122.23693161177431, "lat": 7.143336825811527}}, {"type": "Feature", "geometry": {"type": "Polygon", "coordinates": [[[122.2414520403292, 7.147866856851992], [122.24143711152871, 7.156911964255058], [122.23238107472741, 7.156896954775302], [122.23239618171169, 7.1478518665321955], [122.2414520403292, 7.147866856851992]]]}, "properties": {"grid_id": "37_32", "pred_scaled_catboost": 0.3474446604632474, "pred_scaled_rf": 0.3370566318938474, "barangay_name_clean": "LUBIGAN", "lon": 122.23691660362357, "lat": 7.152381925439711}}, {"type": "Feature", "geometry": {"type": "Polygon", "coordinates": [[[122.24143711152871, 7.156911964255058], [122.24142216335848, 7.165957068081769], [122.23236594814225, 7.165942039441331], [122.23238107472741, 7.156896954775302], [122.24143711152871, 7.156911964255058]]]}, "properties": {"grid_id": "37_33", "pred_scaled_catboost": 0.3648224268429743, "pred_scaled_rf": 0.3369539350015041, "barangay_name_clean": "DITA", "lon": 122.23690157598851, "lat": 7.161427021493386}}, {"type": "Feature", "geometry": {"type": "Polygon", "coordinates": [[[122.24142216335848, 7.165957068081769], [122.24140719581668, 7.175002168327702], [122.23235080195425, 7.174987120525858], [122.23236594814225, 7.165942039441331], [122.24142216335848, 7.165957068081769]]]}, "properties": {"grid_id": "37_34", "pred_scaled_catboost": 0.3420824565284351, "pred_scaled_rf": 0.3681336184253237, "barangay_name_clean": "QUINIPUT", "lon": 122.23688652886715, "lat": 7.170472113968141}}, {"type": "Feature", "geometry": {"type": "Polygon", "coordinates": [[[122.24140719581668, 7.175002168327702], [122.24139220890139, 7.184047264988429], [122.23233563616157, 7.184032198024455], [122.23235080195425, 7.174987120525858], [122.24140719581668, 7.175002168327702]]]}, "properties": {"grid_id": "37_35", "pred_scaled_catboost": 0.360241908102123, "pred_scaled_rf": 0.3569171948407842, "barangay_name_clean": "DITA", "lon": 122.23687146225771, "lat": 7.179517202859536}}, {"type": "Feature", "geometry": {"type": "Polygon", "coordinates": [[[122.24139220890139, 7.184047264988429], [122.24137720261078, 7.193092358059523], [122.23232045076227, 7.193077271932695], [122.23233563616157, 7.184032198024455], [122.24139220890139, 7.184047264988429]]]}, "properties": {"grid_id": "37_36", "pred_scaled_catboost": 0.345645075233752, "pred_scaled_rf": 0.3336274581937226, "barangay_name_clean": "DITA", "lon": 122.23685637615817, "lat": 7.188562288163157}}, {"type": "Feature", "geometry": {"type": "Polygon", "coordinates": [[[122.24137720261078, 7.193092358059523], [122.2413621769429, 7.202137447536563], [122.23230524575447, 7.202122342246152], [122.23232045076227, 7.193077271932695], [122.24137720261078, 7.193092358059523]]]}, "properties": {"grid_id": "37_37", "pred_scaled_catboost": 0.3909628126221353, "pred_scaled_rf": 0.3427164545268833, "barangay_name_clean": "CURUAN", "lon": 122.23684127056676, "lat": 7.197607369874566}}, {"type": "Feature", "geometry": {"type": "Polygon", "coordinates": [[[122.2413621769429, 7.202137447536563], [122.24134713189594, 7.211182533415127], [122.23229002113627, 7.211167408960404], [122.23230524575447, 7.202122342246152], [122.2413621769429, 7.202137447536563]]]}, "properties": {"grid_id": "37_38", "pred_scaled_catboost": 0.3693941784554742, "pred_scaled_rf": 0.373127086233142, "barangay_name_clean": "CURUAN", "lon": 122.2368261454815, "lat": 7.20665244798935}}, {"type": "Feature", "geometry": {"type": "Polygon", "coordinates": [[[122.24134713189594, 7.211182533415127], [122.24133206746794, 7.22022761569078], [122.23227477690574, 7.2202124720710215], [122.23229002113627, 7.211167408960404], [122.24134713189594, 7.211182533415127]]]}, "properties": {"grid_id": "37_39", "pred_scaled_catboost": 0.3760860306709717, "pred_scaled_rf": 0.4038139400081188, "barangay_name_clean": "CURUAN", "lon": 122.23681100090054, "lat": 7.215697522503073}}, {"type": "Feature", "geometry": {"type": "Polygon", "coordinates": [[[122.24133206746794, 7.22022761569078], [122.24131698365706, 7.229272694359108], [122.23225951306092, 7.229257531573581], [122.23227477690574, 7.2202124720710215], [122.24133206746794, 7.22022761569078]]]}, "properties": {"grid_id": "37_40", "pred_scaled_catboost": 0.4064054854570794, "pred_scaled_rf": 0.403361452314644, "barangay_name_clean": "LATUAN", "lon": 122.23679583682197, "lat": 7.224742593411324}}, {"type": "Feature", "geometry": {"type": "Polygon", "coordinates": [[[122.24131698365706, 7.229272694359108], [122.24130188046138, 7.238317769415685], [122.23224422959998, 7.238302587463661], [122.23225951306092, 7.229257531573581], [122.24131698365706, 7.229272694359108]]]}, "properties": {"grid_id": "37_41", "pred_scaled_catboost": 0.3868655955487218, "pred_scaled_rf": 0.3952386147345592, "barangay_name_clean": "CALABASA", "lon": 122.23678065324384, "lat": 7.233787660709665}}, {"type": "Feature", "geometry": {"type": "Polygon", "coordinates": [[[122.24130188046138, 7.238317769415685], [122.24128675787901, 7.247362840856088], [122.23222892652099, 7.247347639736834], [122.23224422959998, 7.238302587463661], [122.24130188046138, 7.238317769415685]]]}, "properties": {"grid_id": "37_42", "pred_scaled_catboost": 0.3956423020551806, "pred_scaled_rf": 0.3939434992667288, "barangay_name_clean": "CALABASA", "lon": 122.23676545016431, "lat": 7.242832724393679}}, {"type": "Feature", "geometry": {"type": "Polygon", "coordinates": [[[122.24128675787901, 7.247362840856088], [122.24127161590808, 7.256407908675896], [122.23221360382198, 7.256392688388682], [122.23222892652099, 7.247347639736834], [122.24128675787901, 7.247362840856088]]]}, "properties": {"grid_id": "37_43", "pred_scaled_catboost": 0.4095016098259955, "pred_scaled_rf": 0.4043838314509384, "barangay_name_clean": "CALABASA", "lon": 122.23675022758145, "lat": 7.251877784458947}}, {"type": "Feature", "geometry": {"type": "Polygon", "coordinates": [[[122.24127161590808, 7.256407908675896], [122.24125645454664, 7.26545297287068], [122.23219826150105, 7.265437733414774], [122.23221360382198, 7.256392688388682], [122.24127161590808, 7.256407908675896]]]}, "properties": {"grid_id": "37_44", "pred_scaled_catboost": 0.3884149711947736, "pred_scaled_rf": 0.3924432833625811, "barangay_name_clean": "CALABASA", "lon": 122.23673498549334, "lat": 7.260922840901038}}, {"type": "Feature", "geometry": {"type": "Polygon", "coordinates": [[[122.24125645454664, 7.26545297287068], [122.24124127379281, 7.274498033436025], [122.23218289955629, 7.27448277481069], [122.23219826150105, 7.265437733414774], [122.24125645454664, 7.26545297287068]]]}, "properties": {"grid_id": "37_45", "pred_scaled_catboost": 0.3783621509999977, "pred_scaled_rf": 0.4500699325720605, "barangay_name_clean": "CALABASA", "lon": 122.23671972389808, "lat": 7.2699678937155285}}, {"type": "Feature", "geometry": {"type": "Polygon", "coordinates": [[[122.24124127379281, 7.274498033436025], [122.24122607364471, 7.283543090367509], [122.23216751798574, 7.28352781257201], [122.23218289955629, 7.27448277481069], [122.24124127379281, 7.274498033436025]]]}, "properties": {"grid_id": "37_46", "pred_scaled_catboost": 0.3487718029016657, "pred_scaled_rf": 0.4357952699072805, "barangay_name_clean": "CALABASA", "lon": 122.23670444279372, "lat": 7.279012942898009}}, {"type": "Feature", "geometry": {"type": "Polygon", "coordinates": [[[122.24122607364471, 7.283543090367509], [122.24121085410042, 7.292588143660705], [122.23215211678749, 7.292572846694312], [122.23216751798574, 7.28352781257201], [122.24122607364471, 7.283543090367509]]]}, "properties": {"grid_id": "37_47", "pred_scaled_catboost": 0.3790194567580802, "pred_scaled_rf": 0.4228054692844904, "barangay_name_clean": "MUTI", "lon": 122.2366891421784, "lat": 7.288057988444048}}, {"type": "Feature", "geometry": {"type": "Polygon", "coordinates": [[[122.24121085410042, 7.292588143660705], [122.24119561515798, 7.3016331933112], [122.23213669595961, 7.301617877173168], [122.23215211678749, 7.292572846694312], [122.24121085410042, 7.292588143660705]]]}, "properties": {"grid_id": "37_48", "pred_scaled_catboost": 0.3654139413450685, "pred_scaled_rf": 0.3858838420195164, "barangay_name_clean": "TAGASILAY", "lon": 122.23667382205014, "lat": 7.2971030303492155}}, {"type": "Feature", "geometry": {"type": "Polygon", "coordinates": [[[122.24119561515798, 7.3016331933112], [122.24118035681553, 7.310678239314573], [122.23212125550016, 7.310662904004164], [122.23213669595961, 7.301617877173168], [122.24119561515798, 7.3016331933112]]]}, "properties": {"grid_id": "37_49", "pred_scaled_catboost": 0.3253228649228387, "pred_scaled_rf": 0.3391950538219908, "barangay_name_clean": "TAGASILAY", "lon": 122.23665848240705, "lat": 7.30614806860911}}, {"type": "Feature", "geometry": {"type": "Polygon", "coordinates": [[[122.24118035681553, 7.310678239314573], [122.24116507907114, 7.319723281666392], [122.2321057954072, 7.319707927182873], [122.23212125550016, 7.310662904004164], [122.24118035681553, 7.310678239314573]]]}, "properties": {"grid_id": "37_50", "pred_scaled_catboost": 0.3456538310225337, "pred_scaled_rf": 0.3174000171714208, "barangay_name_clean": "SIBULAO", "lon": 122.23664312324719, "lat": 7.315193103219296}}, {"type": "Feature", "geometry": {"type": "Polygon", "coordinates": [[[122.24116507907114, 7.319723281666392], [122.2411497819229, 7.328768320362252], [122.23209031567875, 7.3287529467048795], [122.2321057954072, 7.319707927182873], [122.24116507907114, 7.319723281666392]]]}, "properties": {"grid_id": "37_51", "pred_scaled_catboost": 0.410659159938946, "pred_scaled_rf": 0.4577745763504647, "barangay_name_clean": "SIBULAO", "lon": 122.23662774456865, "lat": 7.3242381341753635}}, {"type": "Feature", "geometry": {"type": "Polygon", "coordinates": [[[122.2411497819229, 7.328768320362252], [122.24113446536887, 7.337813355397727], [122.23207481631296, 7.337797962565763], [122.23209031567875, 7.3287529467048795], [122.2411497819229, 7.328768320362252]]]}, "properties": {"grid_id": "37_52", "pred_scaled_catboost": 0.4022414596620328, "pred_scaled_rf": 0.4548850115833723, "barangay_name_clean": "SIBULAO", "lon": 122.23661234636948, "lat": 7.333283161472879}}, {"type": "Feature", "geometry": {"type": "Polygon", "coordinates": [[[122.24113446536887, 7.337813355397727], [122.24111912940712, 7.346858386768394], [122.2320592973078, 7.346842974761094], [122.23207481631296, 7.337797962565763], [122.24113446536887, 7.337813355397727]]]}, "properties": {"grid_id": "37_53", "pred_scaled_catboost": 0.4237502630145129, "pred_scaled_rf": 0.3895549485143403, "barangay_name_clean": "SIBULAO", "lon": 122.23659692864778, "lat": 7.3423281851074345}}, {"type": "Feature", "geometry": {"type": "Polygon", "coordinates": [[[122.24111912940712, 7.346858386768394], [122.24110377403578, 7.355903414469843], [122.23204375866133, 7.355887983286466], [122.2320592973078, 7.346842974761094], [122.24111912940712, 7.346858386768394]]]}, "properties": {"grid_id": "37_54", "pred_scaled_catboost": 0.3948124245832397, "pred_scaled_rf": 0.3615316140539134, "barangay_name_clean": "SIBULAO", "lon": 122.23658149140155, "lat": 7.3513732050746095}}, {"type": "Feature", "geometry": {"type": "Polygon", "coordinates": [[[122.24110377403578, 7.355903414469843], [122.24108839925285, 7.364948438497653], [122.23202820037164, 7.364932988137456], [122.23204375866133, 7.355887983286466], [122.24110377403578, 7.355903414469843]]]}, "properties": {"grid_id": "37_55", "pred_scaled_catboost": 0.473903571007676, "pred_scaled_rf": 0.4255789995959444, "barangay_name_clean": NaN, "lon": 122.23656603462891, "lat": 7.360418221369976}}, {"type": "Feature", "geometry": {"type": "Polygon", "coordinates": [[[122.24108839925285, 7.364948438497653], [122.24107300505645, 7.3739934588474005], [122.23201262243676, 7.373977989309638], [122.23202820037164, 7.364932988137456], [122.24108839925285, 7.364948438497653]]]}, "properties": {"grid_id": "37_56", "pred_scaled_catboost": 0.3931667522323153, "pred_scaled_rf": 0.3922115887692727, "barangay_name_clean": "VITALI", "lon": 122.2365505583279, "lat": 7.369463233989129}}, {"type": "Feature", "geometry": {"type": "Polygon", "coordinates": [[[122.24107300505645, 7.3739934588474005], [122.24105759144463, 7.383038475514673], [122.23199702485472, 7.3830229867986], [122.23201262243676, 7.373977989309638], [122.24107300505645, 7.3739934588474005]]]}, "properties": {"grid_id": "37_57", "pred_scaled_catboost": 0.3974653801523934, "pred_scaled_rf": 0.4135796835907703, "barangay_name_clean": "VITALI", "lon": 122.23653506249659, "lat": 7.378508242927638}}, {"type": "Feature", "geometry": {"type": "Polygon", "coordinates": [[[122.24105759144463, 7.383038475514673], [122.24104215841544, 7.392083488495055], [122.23198140762355, 7.392067980599925], [122.23199702485472, 7.3830229867986], [122.24105759144463, 7.383038475514673]]]}, "properties": {"grid_id": "37_58", "pred_scaled_catboost": 0.4010190229747455, "pred_scaled_rf": 0.4183189000667621, "barangay_name_clean": "VITALI", "lon": 122.23651954713299, "lat": 7.387553248181092}}, {"type": "Feature", "geometry": {"type": "Polygon", "coordinates": [[[122.24104215841544, 7.392083488495055], [122.24102670596695, 7.401128497784126], [122.23196577074134, 7.401112970709189], [122.23198140762355, 7.392067980599925], [122.24104215841544, 7.392083488495055]]]}, "properties": {"grid_id": "37_59", "pred_scaled_catboost": 0.399251581929424, "pred_scaled_rf": 0.4154881958007858, "barangay_name_clean": "VITALI", "lon": 122.23650401223519, "lat": 7.396598249745069}}, {"type": "Feature", "geometry": {"type": "Polygon", "coordinates": [[[122.24102670596695, 7.401128497784126], [122.24101123409726, 7.410173503377468], [122.23195011420607, 7.410157957121981], [122.23196577074134, 7.401112970709189], [122.24102670596695, 7.401128497784126]]]}, "properties": {"grid_id": "37_60", "pred_scaled_catboost": 0.3987027438756206, "pred_scaled_rf": 0.3971952981027277, "barangay_name_clean": "VITALI", "lon": 122.23648845780123, "lat": 7.405643247615163}}, {"type": "Feature", "geometry": {"type": "Polygon", "coordinates": [[[122.24101123409726, 7.410173503377468], [122.24099574280434, 7.419218505270671], [122.23193443801581, 7.419202939833879], [122.23195011420607, 7.410157957121981], [122.24101123409726, 7.410173503377468]]]}, "properties": {"grid_id": "37_61", "pred_scaled_catboost": 0.4007575959413675, "pred_scaled_rf": 0.3884574599883066, "barangay_name_clean": "VITALI", "lon": 122.23647288382917, "lat": 7.414688241786938}}, {"type": "Feature", "geometry": {"type": "Polygon", "coordinates": [[[122.24099574280434, 7.419218505270671], [122.24098023208633, 7.428263503459315], [122.23191874216855, 7.42824791884047], [122.23193443801581, 7.419202939833879], [122.24099574280434, 7.419218505270671]]]}, "properties": {"grid_id": "37_62", "pred_scaled_catboost": 0.374978711038625, "pred_scaled_rf": 0.3849547764282834, "barangay_name_clean": "VITALI", "lon": 122.23645729031702, "lat": 7.423733232255998}}, {"type": "Feature", "geometry": {"type": "Polygon", "coordinates": [[[122.24098023208633, 7.428263503459315], [122.24096470194122, 7.437308497938985], [122.23190302666237, 7.437292894137334], [122.23191874216855, 7.42824791884047], [122.24098023208633, 7.428263503459315]]]}, "properties": {"grid_id": "37_63", "pred_scaled_catboost": 0.3758693565909255, "pred_scaled_rf": 0.3776794059317674, "barangay_name_clean": "VITALI", "lon": 122.23644167726285, "lat": 7.432778219017909}}, {"type": "Feature", "geometry": {"type": "Polygon", "coordinates": [[[122.24096470194122, 7.437308497938985], [122.24094915236708, 7.446353488705264], [122.23188729149525, 7.446337865720061], [122.23190302666237, 7.437292894137334], [122.24096470194122, 7.437308497938985]]]}, "properties": {"grid_id": "37_64", "pred_scaled_catboost": 0.4092102758571997, "pred_scaled_rf": 0.4244466582721917, "barangay_name_clean": NaN, "lon": 122.23642604466467, "lat": 7.441823202068268}}, {"type": "Feature", "geometry": {"type": "Polygon", "coordinates": [[[122.24094915236708, 7.446353488705264], [122.24093358336201, 7.455398475753741], [122.23187153666524, 7.455382833584227], [122.23188729149525, 7.446337865720061], [122.24094915236708, 7.446353488705264]]]}, "properties": {"grid_id": "37_65", "pred_scaled_catboost": 0.4097797154271435, "pred_scaled_rf": 0.4299515630939177, "barangay_name_clean": NaN, "lon": 122.23641039252057, "lat": 7.45086818140266}}, {"type": "Feature", "geometry": {"type": "Polygon", "coordinates": [[[122.24093358336201, 7.455398475753741], [122.24091799492396, 7.464443459080005], [122.23185576217037, 7.464427797725426], [122.23187153666524, 7.455382833584227], [122.24093358336201, 7.455398475753741]]]}, "properties": {"grid_id": "37_66", "pred_scaled_catboost": 0.4000231320537972, "pred_scaled_rf": 0.4240919939495684, "barangay_name_clean": NaN, "lon": 122.2363947208285, "lat": 7.459913157016656}}, {"type": "Feature", "geometry": {"type": "Polygon", "coordinates": [[[122.24091799492396, 7.464443459080005], [122.24090238705102, 7.473488438679632], [122.23183996800863, 7.473472758139234], [122.23185576217037, 7.464427797725426], [122.24091799492396, 7.464443459080005]]]}, "properties": {"grid_id": "37_67", "pred_scaled_catboost": 0.3972326709565433, "pred_scaled_rf": 0.4251640858214175, "barangay_name_clean": NaN, "lon": 122.23637902958657, "lat": 7.468958128905856}}, {"type": "Feature", "geometry": {"type": "Polygon", "coordinates": [[[122.24090238705102, 7.473488438679632], [122.2408867597412, 7.482533414548216], [122.23182415417804, 7.482517714821244], [122.23183996800863, 7.473472758139234], [122.24090238705102, 7.473488438679632]]]}, "properties": {"grid_id": "37_68", "pred_scaled_catboost": 0.3984621078149027, "pred_scaled_rf": 0.4230970089210144, "barangay_name_clean": NaN, "lon": 122.23636331879275, "lat": 7.478003097065839}}, {"type": "Feature", "geometry": {"type": "Polygon", "coordinates": [[[122.25082759351251, 6.948887994251924], [122.25081326348152, 6.957933198131484], [122.2417610740296, 6.957918783091716], [122.2417755771657, 6.948873598129315], [122.25082759351251, 6.948887994251924]]]}, "properties": {"grid_id": "38_10", "pred_scaled_catboost": 0.356860426350122, "pred_scaled_rf": 0.3317085487529266, "barangay_name_clean": NaN, "lon": 122.24629437857902, "lat": 6.953403407820473}}, {"type": "Feature", "geometry": {"type": "Polygon", "coordinates": [[[122.25081326348152, 6.957933198131484], [122.25079891435212, 6.966978398532843], [122.2417465515644, 6.966963964575222], [122.2417610740296, 6.957918783091716], [122.25081326348152, 6.957933198131484]]]}, "properties": {"grid_id": "38_11", "pred_scaled_catboost": 0.3459002231200724, "pred_scaled_rf": 0.3328827037962965, "barangay_name_clean": "LANDANG GUA", "lon": 122.24627995238855, "lat": 6.962448600521115}}, {"type": "Feature", "geometry": {"type": "Polygon", "coordinates": [[[122.25079891435212, 6.966978398532843], [122.25078454612253, 6.976023595451567], [122.2417320097683, 6.976009142575398], [122.2417465515644, 6.966963964575222], [122.25079891435212, 6.966978398532843]]]}, "properties": {"grid_id": "38_12", "pred_scaled_catboost": 0.3668330409264656, "pred_scaled_rf": 0.3173161310167257, "barangay_name_clean": "LANDANG LAUM", "lon": 122.24626550698345, "lat": 6.971493789740992}}, {"type": "Feature", "geometry": {"type": "Polygon", "coordinates": [[[122.25078454612253, 6.976023595451567], [122.25077015879097, 6.985068788883223], [122.24171744863945, 6.985054317087811], [122.2417320097683, 6.976009142575398], [122.25078454612253, 6.976023595451567]]]}, "properties": {"grid_id": "38_13", "pred_scaled_catboost": 0.3486632822926548, "pred_scaled_rf": 0.3334641785254508, "barangay_name_clean": "BUSAY", "lon": 122.2462510423619, "lat": 6.980538975475674}}, {"type": "Feature", "geometry": {"type": "Polygon", "coordinates": [[[122.25077015879097, 6.985068788883223], [122.25075575235562, 6.994113978823378], [122.24170286817603, 6.994099488108029], [122.24171744863945, 6.985054317087811], [122.25077015879097, 6.985068788883223]]]}, "properties": {"grid_id": "38_14", "pred_scaled_catboost": 0.3637849165885913, "pred_scaled_rf": 0.3340669845012863, "barangay_name_clean": "BUSAY", "lon": 122.24623655852204, "lat": 6.989584157720722}}, {"type": "Feature", "geometry": {"type": "Polygon", "coordinates": [[[122.25059602019799, 7.093610836458934], [122.25058138437554, 7.102655984155529], [122.2415263938514, 7.1026412663462715], [122.24154120647285, 7.093596137578042], [122.25059602019799, 7.093610836458934]]]}, "properties": {"grid_id": "38_26", "pred_scaled_catboost": 0.2935421645268125, "pred_scaled_rf": 0.3209450458232882, "barangay_name_clean": "BOLONG", "lon": 122.24606125275558, "lat": 7.098126070857108}}, {"type": "Feature", "geometry": {"type": "Polygon", "coordinates": [[[122.25058138437554, 7.102655984155529], [122.25056672942564, 7.111701128303043], [122.24151156187145, 7.111686391564709], [122.2415263938514, 7.1026412663462715], [122.25058138437554, 7.102655984155529]]]}, "properties": {"grid_id": "38_27", "pred_scaled_catboost": 0.2989258781314673, "pred_scaled_rf": 0.3399837299181803, "barangay_name_clean": "BOLONG", "lon": 122.2460465189121, "lat": 7.107171207333751}}, {"type": "Feature", "geometry": {"type": "Polygon", "coordinates": [[[122.25056672942564, 7.111701128303043], [122.2505520553464, 7.120746268897044], [122.24149671053112, 7.120731513228929], [122.24151156187145, 7.111686391564709], [122.25056672942564, 7.111701128303043]]]}, "properties": {"grid_id": "38_28", "pred_scaled_catboost": 0.3439183346661202, "pred_scaled_rf": 0.3518645439480141, "barangay_name_clean": "BOLONG", "lon": 122.24603176582475, "lat": 7.116216340258736}}, {"type": "Feature", "geometry": {"type": "Polygon", "coordinates": [[[122.2505520553464, 7.120746268897044], [122.25053736213606, 7.12979140593311], [122.24148183982855, 7.1297766313345], [122.24149671053112, 7.120731513228929], [122.2505520553464, 7.120746268897044]]]}, "properties": {"grid_id": "38_29", "pred_scaled_catboost": 0.4054513292974837, "pred_scaled_rf": 0.3967090491693834, "barangay_name_clean": "PANUBIGAN", "lon": 122.24601699349157, "lat": 7.125261469627652}}, {"type": "Feature", "geometry": {"type": "Polygon", "coordinates": [[[122.25053736213606, 7.12979140593311], [122.25052264979273, 7.138836539406811], [122.24146694976187, 7.138821745876997], [122.24148183982855, 7.1297766313345], [122.25053736213606, 7.12979140593311]]]}, "properties": {"grid_id": "38_30", "pred_scaled_catboost": 0.3770885841642407, "pred_scaled_rf": 0.3586700254037703, "barangay_name_clean": "PANUBIGAN", "lon": 122.24600220191083, "lat": 7.134306595436061}}, {"type": "Feature", "geometry": {"type": "Polygon", "coordinates": [[[122.25052264979273, 7.138836539406811], [122.25050791831455, 7.147881669313724], [122.2414520403292, 7.147866856851992], [122.24146694976187, 7.138821745876997], [122.25052264979273, 7.138836539406811]]]}, "properties": {"grid_id": "38_31", "pred_scaled_catboost": 0.3796219939601292, "pred_scaled_rf": 0.3834519478651633, "barangay_name_clean": "LUBIGAN", "lon": 122.24598739108058, "lat": 7.143351717679538}}, {"type": "Feature", "geometry": {"type": "Polygon", "coordinates": [[[122.25050791831455, 7.147881669313724], [122.2504931676997, 7.156926795649422], [122.24143711152871, 7.156911964255058], [122.2414520403292, 7.147866856851992], [122.25050791831455, 7.147881669313724]]]}, "properties": {"grid_id": "38_32", "pred_scaled_catboost": 0.3708449287283514, "pred_scaled_rf": 0.3466342540084159, "barangay_name_clean": "DITA", "lon": 122.245972560999, "lat": 7.152396836353652}}, {"type": "Feature", "geometry": {"type": "Polygon", "coordinates": [[[122.2504931676997, 7.156926795649422], [122.25047839794632, 7.165971918409478], [122.24142216335848, 7.165957068081769], [122.24143711152871, 7.156911964255058], [122.2504931676997, 7.156926795649422]]]}, "properties": {"grid_id": "38_33", "pred_scaled_catboost": 0.3488092584070238, "pred_scaled_rf": 0.3472034923126753, "barangay_name_clean": "DITA", "lon": 122.24595771166422, "lat": 7.161441951453989}}, {"type": "Feature", "geometry": {"type": "Polygon", "coordinates": [[[122.25047839794632, 7.165971918409478], [122.25046360905259, 7.175017037589469], [122.24140719581668, 7.175002168327702], [122.24142216335848, 7.165957068081769], [122.25047839794632, 7.165971918409478]]]}, "properties": {"grid_id": "38_34", "pred_scaled_catboost": 0.3608326411201712, "pred_scaled_rf": 0.3583771499540603, "barangay_name_clean": "DITA", "lon": 122.24594284307442, "lat": 7.170487062976113}}, {"type": "Feature", "geometry": {"type": "Polygon", "coordinates": [[[122.25046360905259, 7.175017037589469], [122.25044880101659, 7.184062153184972], [122.24139220890139, 7.184047264988429], [122.24140719581668, 7.175002168327702], [122.25046360905259, 7.175017037589469]]]}, "properties": {"grid_id": "38_35", "pred_scaled_catboost": 0.3609876456262954, "pred_scaled_rf": 0.366339928398693, "barangay_name_clean": "DITA", "lon": 122.24592795522764, "lat": 7.1795321709156035}}, {"type": "Feature", "geometry": {"type": "Polygon", "coordinates": [[[122.25044880101659, 7.184062153184972], [122.2504339738365, 7.193107265191561], [122.24137720261078, 7.193092358059523], [122.24139220890139, 7.184047264988429], [122.25044880101659, 7.184062153184972]]]}, "properties": {"grid_id": "38_36", "pred_scaled_catboost": 0.39186245283343, "pred_scaled_rf": 0.3474829816464699, "barangay_name_clean": "CURUAN", "lon": 122.24591304812212, "lat": 7.188577275268031}}, {"type": "Feature", "geometry": {"type": "Polygon", "coordinates": [[[122.2504339738365, 7.193107265191561], [122.25041912751045, 7.202152373604812], [122.2413621769429, 7.202137447536563], [122.24137720261078, 7.193092358059523], [122.2504339738365, 7.193107265191561]]]}, "properties": {"grid_id": "38_37", "pred_scaled_catboost": 0.3995500952171923, "pred_scaled_rf": 0.3798713613136021, "barangay_name_clean": "CURUAN", "lon": 122.2458981217559, "lat": 7.197622376028982}}, {"type": "Feature", "geometry": {"type": "Polygon", "coordinates": [[[122.25041912751045, 7.202152373604812], [122.25040426203658, 7.2111974784203], [122.24134713189594, 7.211182533415127], [122.2413621769429, 7.202137447536563], [122.25041912751045, 7.202152373604812]]]}, "properties": {"grid_id": "38_38", "pred_scaled_catboost": 0.3774413294715794, "pred_scaled_rf": 0.3936744548037755, "barangay_name_clean": "CURUAN", "lon": 122.24588317612718, "lat": 7.206667473194018}}, {"type": "Feature", "geometry": {"type": "Polygon", "coordinates": [[[122.25040426203658, 7.2111974784203], [122.25038937741306, 7.220242579633603], [122.24133206746794, 7.22022761569078], [122.24134713189594, 7.211182533415127], [122.25040426203658, 7.2111974784203]]]}, "properties": {"grid_id": "38_39", "pred_scaled_catboost": 0.3245993168992639, "pred_scaled_rf": 0.360843953238917, "barangay_name_clean": "BUENAVISTA", "lon": 122.2458682112341, "lat": 7.2157125667587305}}, {"type": "Feature", "geometry": {"type": "Polygon", "coordinates": [[[122.25038937741306, 7.220242579633603], [122.25037447363796, 7.2292876772403005], [122.24131698365706, 7.229272694359108], [122.24133206746794, 7.22022761569078], [122.25038937741306, 7.220242579633603]]]}, "properties": {"grid_id": "38_40", "pred_scaled_catboost": 0.3517646210265225, "pred_scaled_rf": 0.3534055816265818, "barangay_name_clean": "BUENAVISTA", "lon": 122.24585322707466, "lat": 7.224757656718678}}, {"type": "Feature", "geometry": {"type": "Polygon", "coordinates": [[[122.25037447363796, 7.2292876772403005], [122.25035955070943, 7.23833277123597], [122.24130188046138, 7.238317769415685], [122.24131698365706, 7.229272694359108], [122.25037447363796, 7.2292876772403005]]]}, "properties": {"grid_id": "38_41", "pred_scaled_catboost": 0.3965650712479709, "pred_scaled_rf": 0.3991220615722772, "barangay_name_clean": "CALABASA", "lon": 122.24583822364711, "lat": 7.233802743069455}}, {"type": "Feature", "geometry": {"type": "Polygon", "coordinates": [[[122.25035955070943, 7.23833277123597], [122.25034460862561, 7.247377861616186], [122.24128675787901, 7.247362840856088], [122.24130188046138, 7.238317769415685], [122.25035955070943, 7.23833277123597]]]}, "properties": {"grid_id": "38_42", "pred_scaled_catboost": 0.4002447953918094, "pred_scaled_rf": 0.4069761639599475, "barangay_name_clean": "CALABASA", "lon": 122.24582320094946, "lat": 7.242847825806629}}, {"type": "Feature", "geometry": {"type": "Polygon", "coordinates": [[[122.25034460862561, 7.247377861616186], [122.25032964738463, 7.256422948376529], [122.24127161590808, 7.256407908675896], [122.24128675787901, 7.247362840856088], [122.25034460862561, 7.247377861616186]]]}, "properties": {"grid_id": "38_43", "pred_scaled_catboost": 0.3885463172132976, "pred_scaled_rf": 0.4034889353435881, "barangay_name_clean": "CALABASA", "lon": 122.2458081589799, "lat": 7.251892904925777}}, {"type": "Feature", "geometry": {"type": "Polygon", "coordinates": [[[122.25032964738463, 7.256422948376529], [122.25031466698461, 7.265468031512577], [122.24125645454664, 7.26545297287068], [122.24127161590808, 7.256407908675896], [122.25032964738463, 7.256422948376529]]]}, "properties": {"grid_id": "38_44", "pred_scaled_catboost": 0.3868454780155289, "pred_scaled_rf": 0.3941609767507169, "barangay_name_clean": "CALABASA", "lon": 122.24579309773654, "lat": 7.260937980422484}}, {"type": "Feature", "geometry": {"type": "Polygon", "coordinates": [[[122.25031466698461, 7.265468031512577], [122.25029966742366, 7.274513111019907], [122.24124127379281, 7.274498033436025], [122.24125645454664, 7.26545297287068], [122.25031466698461, 7.265468031512577]]]}, "properties": {"grid_id": "38_45", "pred_scaled_catboost": 0.3856806441227025, "pred_scaled_rf": 0.3959363476773157, "barangay_name_clean": "CALABASA", "lon": 122.24577801721743, "lat": 7.2699830522923214}}, {"type": "Feature", "geometry": {"type": "Polygon", "coordinates": [[[122.25029966742366, 7.274513111019907], [122.25028464869989, 7.283558186894103], [122.24122607364471, 7.283543090367509], [122.24124127379281, 7.274498033436025], [122.25029966742366, 7.274513111019907]]]}, "properties": {"grid_id": "38_46", "pred_scaled_catboost": 0.3952588168092558, "pred_scaled_rf": 0.3967242153643031, "barangay_name_clean": "MUTI", "lon": 122.24576291742073, "lat": 7.279028120530867}}, {"type": "Feature", "geometry": {"type": "Polygon", "coordinates": [[[122.25028464869989, 7.283558186894103], [122.25026961081143, 7.292603259130741], [122.24121085410042, 7.292588143660705], [122.24122607364471, 7.283543090367509], [122.25028464869989, 7.283558186894103]]]}, "properties": {"grid_id": "38_47", "pred_scaled_catboost": 0.3915348814557037, "pred_scaled_rf": 0.3753784425591652, "barangay_name_clean": "MUTI", "lon": 122.24574779834454, "lat": 7.2880731851337055}}, {"type": "Feature", "geometry": {"type": "Polygon", "coordinates": [[[122.25026961081143, 7.292603259130741], [122.25025455375636, 7.3016483277254025], [122.24119561515798, 7.3016331933112], [122.24121085410042, 7.292588143660705], [122.25026961081143, 7.292603259130741]]]}, "properties": {"grid_id": "38_48", "pred_scaled_catboost": 0.3753230061783617, "pred_scaled_rf": 0.3756378238010059, "barangay_name_clean": "TAGASILAY", "lon": 122.24573265998694, "lat": 7.297118246096418}}, {"type": "Feature", "geometry": {"type": "Polygon", "coordinates": [[[122.25025455375636, 7.3016483277254025], [122.25023947753284, 7.31069339267367], [122.24118035681553, 7.310678239314573], [122.24119561515798, 7.3016331933112], [122.25025455375636, 7.3016483277254025]]]}, "properties": {"grid_id": "38_49", "pred_scaled_catboost": 0.3282148151423763, "pred_scaled_rf": 0.3430983564865643, "barangay_name_clean": "TAGASILAY", "lon": 122.24571750234604, "lat": 7.3061633034145785}}, {"type": "Feature", "geometry": {"type": "Polygon", "coordinates": [[[122.25023947753284, 7.31069339267367], [122.25022438213897, 7.3197384539711186], [122.24116507907114, 7.319723281666392], [122.24118035681553, 7.310678239314573], [122.25023947753284, 7.31069339267367]]]}, "properties": {"grid_id": "38_50", "pred_scaled_catboost": 0.3768825986815675, "pred_scaled_rf": 0.3799192375350904, "barangay_name_clean": "SIBULAO", "lon": 122.24570232541994, "lat": 7.315208357083772}}, {"type": "Feature", "geometry": {"type": "Polygon", "coordinates": [[[122.25022438213897, 7.3197384539711186], [122.2502092675728, 7.328783511613335], [122.2411497819229, 7.328768320362252], [122.24116507907114, 7.319723281666392], [122.25022438213897, 7.3197384539711186]]]}, "properties": {"grid_id": "38_51", "pred_scaled_catboost": 0.393190748325477, "pred_scaled_rf": 0.4535870031287498, "barangay_name_clean": "SIBULAO", "lon": 122.24568712920674, "lat": 7.324253407099567}}, {"type": "Feature", "geometry": {"type": "Polygon", "coordinates": [[[122.2502092675728, 7.328783511613335], [122.25019413383248, 7.337828565595901], [122.24113446536887, 7.337813355397727], [122.2411497819229, 7.328768320362252], [122.2502092675728, 7.328783511613335]]]}, "properties": {"grid_id": "38_52", "pred_scaled_catboost": 0.3868995974810408, "pred_scaled_rf": 0.4557620893611014, "barangay_name_clean": "SIBULAO", "lon": 122.24567191370451, "lat": 7.333298453457562}}, {"type": "Feature", "geometry": {"type": "Polygon", "coordinates": [[[122.25019413383248, 7.337828565595901], [122.25017898091612, 7.346873615914393], [122.24111912940712, 7.346858386768394], [122.24113446536887, 7.337813355397727], [122.25019413383248, 7.337828565595901]]]}, "properties": {"grid_id": "38_53", "pred_scaled_catboost": 0.4146725757520735, "pred_scaled_rf": 0.3870178530017882, "barangay_name_clean": "SIBULAO", "lon": 122.24565667891136, "lat": 7.3423434961533305}}, {"type": "Feature", "geometry": {"type": "Polygon", "coordinates": [[[122.25017898091612, 7.346873615914393], [122.25016380882175, 7.3559186625644], [122.24110377403578, 7.355903414469843], [122.24111912940712, 7.346858386768394], [122.25017898091612, 7.346873615914393]]]}, "properties": {"grid_id": "38_54", "pred_scaled_catboost": 0.3617399774553455, "pred_scaled_rf": 0.3420687330183469, "barangay_name_clean": "SIBULAO", "lon": 122.24564142482537, "lat": 7.351388535182444}}, {"type": "Feature", "geometry": {"type": "Polygon", "coordinates": [[[122.25016380882175, 7.3559186625644], [122.25014861754754, 7.364963705541502], [122.24108839925285, 7.364948438497653], [122.24110377403578, 7.355903414469843], [122.25016380882175, 7.3559186625644]]]}, "properties": {"grid_id": "38_55", "pred_scaled_catboost": 0.365000692024034, "pred_scaled_rf": 0.4019518112493735, "barangay_name_clean": "VITALI", "lon": 122.24562615144464, "lat": 7.360433570540509}}, {"type": "Feature", "geometry": {"type": "Polygon", "coordinates": [[[122.25014861754754, 7.364963705541502], [122.25013340709155, 7.374008744841278], [122.24107300505645, 7.3739934588474005], [122.24108839925285, 7.364948438497653], [122.25014861754754, 7.364963705541502]]]}, "properties": {"grid_id": "38_56", "pred_scaled_catboost": 0.3732959124234651, "pred_scaled_rf": 0.4032832977921054, "barangay_name_clean": "VITALI", "lon": 122.24561085876721, "lat": 7.369478602223083}}, {"type": "Feature", "geometry": {"type": "Polygon", "coordinates": [[[122.25013340709155, 7.374008744841278], [122.25011817745188, 7.3830537804593135], [122.24105759144463, 7.383038475514673], [122.24107300505645, 7.3739934588474005], [122.25013340709155, 7.374008744841278]]]}, "properties": {"grid_id": "38_57", "pred_scaled_catboost": 0.3975092293861557, "pred_scaled_rf": 0.4117709210753434, "barangay_name_clean": "VITALI", "lon": 122.2455955467912, "lat": 7.37852363022576}}, {"type": "Feature", "geometry": {"type": "Polygon", "coordinates": [[[122.25011817745188, 7.3830537804593135], [122.25010292862663, 7.392098812391197], [122.24104215841544, 7.392083488495055], [122.24105759144463, 7.383038475514673], [122.25011817745188, 7.3830537804593135]]]}, "properties": {"grid_id": "38_58", "pred_scaled_catboost": 0.3827349108918207, "pred_scaled_rf": 0.40675128953474, "barangay_name_clean": "VITALI", "lon": 122.24558021551468, "lat": 7.387568654544124}}, {"type": "Feature", "geometry": {"type": "Polygon", "coordinates": [[[122.25010292862663, 7.392098812391197], [122.25008766061381, 7.401143840632508], [122.24102670596695, 7.401128497784126], [122.24104215841544, 7.392083488495055], [122.25010292862663, 7.392098812391197]]]}, "properties": {"grid_id": "38_59", "pred_scaled_catboost": 0.3713362176155565, "pred_scaled_rf": 0.4012980514647984, "barangay_name_clean": "VITALI", "lon": 122.24556486493572, "lat": 7.396613675173753}}, {"type": "Feature", "geometry": {"type": "Polygon", "coordinates": [[[122.25008766061381, 7.401143840632508], [122.25007237341161, 7.4101888651788315], [122.24101123409726, 7.410173503377468], [122.24102670596695, 7.401128497784126], [122.25008766061381, 7.401143840632508]]]}, "properties": {"grid_id": "38_60", "pred_scaled_catboost": 0.3762237267155376, "pred_scaled_rf": 0.4002520063389754, "barangay_name_clean": "VITALI", "lon": 122.24554949505239, "lat": 7.405658692110236}}, {"type": "Feature", "geometry": {"type": "Polygon", "coordinates": [[[122.25007237341161, 7.4101888651788315], [122.25005706701803, 7.419233886025755], [122.24099574280434, 7.419218505270671], [122.24101123409726, 7.410173503377468], [122.25007237341161, 7.4101888651788315]]]}, "properties": {"grid_id": "38_61", "pred_scaled_catboost": 0.3778093078184705, "pred_scaled_rf": 0.4057407627368332, "barangay_name_clean": "VITALI", "lon": 122.24553410586273, "lat": 7.414703705349156}}, {"type": "Feature", "geometry": {"type": "Polygon", "coordinates": [[[122.25005706701803, 7.419233886025755], [122.25004174143115, 7.428278903168859], [122.24098023208633, 7.428263503459315], [122.24099574280434, 7.419218505270671], [122.25005706701803, 7.419233886025755]]]}, "properties": {"grid_id": "38_62", "pred_scaled_catboost": 0.3777564504809326, "pred_scaled_rf": 0.421600193072975, "barangay_name_clean": NaN, "lon": 122.24551869736484, "lat": 7.423748714886092}}, {"type": "Feature", "geometry": {"type": "Polygon", "coordinates": [[[122.25004174143115, 7.428278903168859], [122.25002639664909, 7.437323916603734], [122.24096470194122, 7.437308497938985], [122.24098023208633, 7.428263503459315], [122.25004174143115, 7.428278903168859]]]}, "properties": {"grid_id": "38_63", "pred_scaled_catboost": 0.3476696860047173, "pred_scaled_rf": 0.3893855729206854, "barangay_name_clean": "VITALI", "lon": 122.2455032695568, "lat": 7.432793720716643}}, {"type": "Feature", "geometry": {"type": "Polygon", "coordinates": [[[122.25002639664909, 7.437323916603734], [122.25001103266992, 7.446368926325965], [122.24094915236708, 7.446353488705264], [122.24096470194122, 7.437308497938985], [122.25002639664909, 7.437323916603734]]]}, "properties": {"grid_id": "38_64", "pred_scaled_catboost": 0.3861885251218428, "pred_scaled_rf": 0.4226251777203232, "barangay_name_clean": NaN, "lon": 122.24548782243666, "lat": 7.441838722836382}}, {"type": "Feature", "geometry": {"type": "Polygon", "coordinates": [[[122.25001103266992, 7.446368926325965], [122.24999564949167, 7.455413932331132], [122.24093358336201, 7.455398475753741], [122.24094915236708, 7.446353488705264], [122.25001103266992, 7.446368926325965]]]}, "properties": {"grid_id": "38_65", "pred_scaled_catboost": 0.3555595740900651, "pred_scaled_rf": 0.3745237062076194, "barangay_name_clean": "TICTAPUL", "lon": 122.24547235600245, "lat": 7.450883721240889}}, {"type": "Feature", "geometry": {"type": "Polygon", "coordinates": [[[122.24999564949167, 7.455413932331132], [122.24998024711243, 7.464458934614831], [122.24091799492396, 7.464443459080005], [122.24093358336201, 7.455398475753741], [122.24999564949167, 7.455413932331132]]]}, "properties": {"grid_id": "38_66", "pred_scaled_catboost": 0.4013657064700933, "pred_scaled_rf": 0.4263812358553213, "barangay_name_clean": NaN, "lon": 122.24545687025227, "lat": 7.459928715925772}}, {"type": "Feature", "geometry": {"type": "Polygon", "coordinates": [[[122.24998024711243, 7.464458934614831], [122.24996482553026, 7.4735039331726405], [122.24090238705102, 7.473488438679632], [122.24091799492396, 7.464443459080005], [122.24998024711243, 7.464458934614831]]]}, "properties": {"grid_id": "38_67", "pred_scaled_catboost": 0.411689370514452, "pred_scaled_rf": 0.4256157048779915, "barangay_name_clean": NaN, "lon": 122.2454413651841, "lat": 7.468973706886592}}, {"type": "Feature", "geometry": {"type": "Polygon", "coordinates": [[[122.24996482553026, 7.4735039331726405], [122.2499493847432, 7.482548928000157], [122.2408867597412, 7.482533414548216], [122.24090238705102, 7.473488438679632], [122.24996482553026, 7.4735039331726405]]]}, "properties": {"grid_id": "38_68", "pred_scaled_catboost": 0.4002965551846251, "pred_scaled_rf": 0.4233053421143942, "barangay_name_clean": NaN, "lon": 122.24542584079612, "lat": 7.478018694118957}}, {"type": "Feature", "geometry": {"type": "Polygon", "coordinates": [[[122.25987962895591, 6.948902217513776], [122.25986547203182, 6.95794744008335], [122.25081326348152, 6.957933198131484], [122.25082759351251, 6.948887994251924], [122.25987962895591, 6.948902217513776]]]}, "properties": {"grid_id": "39_10", "pred_scaled_catboost": 0.3218554846794941, "pred_scaled_rf": 0.3268281172413739, "barangay_name_clean": "LANDANG GUA", "lon": 122.25534649100871, "lat": 6.953417726914529}}, {"type": "Feature", "geometry": {"type": "Polygon", "coordinates": [[[122.25986547203182, 6.95794744008335], [122.25985129624004, 6.966992659175408], [122.25079891435212, 6.966978398532843], [122.25081326348152, 6.957933198131484], [122.25986547203182, 6.95794744008335]]]}, "properties": {"grid_id": "39_11", "pred_scaled_catboost": 0.3189338849769933, "pred_scaled_rf": 0.3234666503752998, "barangay_name_clean": "LANDANG GUA", "lon": 122.25533223803964, "lat": 6.962462938419104}}, {"type": "Feature", "geometry": {"type": "Polygon", "coordinates": [[[122.25985129624004, 6.966992659175408], [122.2598371015788, 6.976037874785517], [122.25078454612253, 6.976023595451567], [122.25079891435212, 6.966978398532843], [122.25985129624004, 6.966992659175408]]]}, "properties": {"grid_id": "39_12", "pred_scaled_catboost": 0.3650970035149321, "pred_scaled_rf": 0.3605872621347037, "barangay_name_clean": "LANDANG LAUM", "lon": 122.25531796608658, "lat": 6.971508146443601}}, {"type": "Feature", "geometry": {"type": "Polygon", "coordinates": [[[122.2598371015788, 6.976037874785517], [122.2598228880463, 6.985083086909245], [122.25077015879097, 6.985068788883223], [122.25078454612253, 6.976023595451567], [122.2598371015788, 6.976037874785517]]]}, "properties": {"grid_id": "39_13", "pred_scaled_catboost": 0.361444627076062, "pred_scaled_rf": 0.3511027794599727, "barangay_name_clean": "BUSAY", "lon": 122.25530367514784, "lat": 6.980553350983589}}, {"type": "Feature", "geometry": {"type": "Polygon", "coordinates": [[[122.2598228880463, 6.985083086909245], [122.2598086556408, 6.9941282955421595], [122.25075575235562, 6.994113978823378], [122.25077015879097, 6.985068788883223], [122.2598228880463, 6.985083086909245]]]}, "properties": {"grid_id": "39_14", "pred_scaled_catboost": 0.360688047414752, "pred_scaled_rf": 0.3434265313765101, "barangay_name_clean": "BUSAY", "lon": 122.2552893652216, "lat": 6.989598552034643}}, {"type": "Feature", "geometry": {"type": "Polygon", "coordinates": [[[122.2598086556408, 6.9941282955421595], [122.25979440436048, 7.003173500679832], [122.25074132681465, 7.003159165267603], [122.25075575235562, 6.994113978823378], [122.2598086556408, 6.9941282955421595]]]}, "properties": {"grid_id": "39_15", "pred_scaled_catboost": 0.3974754519198839, "pred_scaled_rf": 0.3942308403470048, "barangay_name_clean": NaN, "lon": 122.255275036306, "lat": 6.998643749592323}}, {"type": "Feature", "geometry": {"type": "Polygon", "coordinates": [[[122.25965085304875, 7.093625358843731], [122.25963639402713, 7.102670525241414], [122.25058138437554, 7.102655984155529], [122.25059602019799, 7.093610836458934], [122.25965085304875, 7.093625358843731]]]}, "properties": {"grid_id": "39_26", "pred_scaled_catboost": 0.367888482013656, "pred_scaled_rf": 0.3915789099519592, "barangay_name_clean": NaN, "lon": 122.25511616442509, "lat": 7.098140690897347}}, {"type": "Feature", "geometry": {"type": "Polygon", "coordinates": [[[122.25963639402713, 7.102670525241414], [122.25962191610911, 7.111715688090712], [122.25056672942564, 7.111701128303043], [122.25058138437554, 7.102655984155529], [122.25963639402713, 7.102670525241414]]]}, "properties": {"grid_id": "39_27", "pred_scaled_catboost": 0.3751132057986777, "pred_scaled_rf": 0.3941563020501277, "barangay_name_clean": NaN, "lon": 122.2551016074971, "lat": 7.107185846189067}}, {"type": "Feature", "geometry": {"type": "Polygon", "coordinates": [[[122.25962191610911, 7.111715688090712], [122.25960741929286, 7.1207608473872], [122.2505520553464, 7.120746268897044], [122.25056672942564, 7.111701128303043], [122.25962191610911, 7.111715688090712]]]}, "properties": {"grid_id": "39_28", "pred_scaled_catboost": 0.3865943592820777, "pred_scaled_rf": 0.4014085072165395, "barangay_name_clean": NaN, "lon": 122.2550870315562, "lat": 7.116230997929842}}, {"type": "Feature", "geometry": {"type": "Polygon", "coordinates": [[[122.25960741929286, 7.1207608473872], [122.25959290357657, 7.129806003126454], [122.25053736213606, 7.12979140593311], [122.2505520553464, 7.120746268897044], [122.25960741929286, 7.1207608473872]]]}, "properties": {"grid_id": "39_29", "pred_scaled_catboost": 0.4204563359884409, "pred_scaled_rf": 0.403177328056497, "barangay_name_clean": NaN, "lon": 122.25507243660061, "lat": 7.1252761461152385}}, {"type": "Feature", "geometry": {"type": "Polygon", "coordinates": [[[122.25959290357657, 7.129806003126454], [122.2595783689584, 7.138851155304046], [122.25052264979273, 7.138836539406811], [122.25053736213606, 7.12979140593311], [122.25959290357657, 7.129806003126454]]]}, "properties": {"grid_id": "39_30", "pred_scaled_catboost": 0.4059748055059386, "pred_scaled_rf": 0.3925974077287783, "barangay_name_clean": NaN, "lon": 122.25505782262856, "lat": 7.134321290740839}}, {"type": "Feature", "geometry": {"type": "Polygon", "coordinates": [[[122.2595783689584, 7.138851155304046], [122.25956381543656, 7.1478963039155525], [122.25050791831455, 7.147881669313724], [122.25052264979273, 7.138836539406811], [122.2595783689584, 7.138851155304046]]]}, "properties": {"grid_id": "39_31", "pred_scaled_catboost": 0.4015402257433946, "pred_scaled_rf": 0.4012417390938564, "barangay_name_clean": NaN, "lon": 122.25504318963816, "lat": 7.143366431802222}}, {"type": "Feature", "geometry": {"type": "Polygon", "coordinates": [[[122.25956381543656, 7.1478963039155525], [122.25954924300923, 7.15694144895655], [122.2504931676997, 7.156926795649422], [122.25050791831455, 7.147881669313724], [122.25956381543656, 7.1478963039155525]]]}, "properties": {"grid_id": "39_32", "pred_scaled_catboost": 0.3561931433289975, "pred_scaled_rf": 0.3501379950733247, "barangay_name_clean": "DITA", "lon": 122.2550285376276, "lat": 7.15241156929495}}, {"type": "Feature", "geometry": {"type": "Polygon", "coordinates": [[[122.25954924300923, 7.15694144895655], [122.25953465167456, 7.1659865904226105], [122.25047839794632, 7.165971918409478], [122.2504931676997, 7.156926795649422], [122.25954924300923, 7.15694144895655]]]}, "properties": {"grid_id": "39_33", "pred_scaled_catboost": 0.3547776602339201, "pred_scaled_rf": 0.3596578894965301, "barangay_name_clean": "DITA", "lon": 122.25501386659496, "lat": 7.161456703214604}}, {"type": "Feature", "geometry": {"type": "Polygon", "coordinates": [[[122.25953465167456, 7.1659865904226105], [122.2595200414307, 7.175031728309314], [122.25046360905259, 7.175017037589469], [122.25047839794632, 7.165971918409478], [122.25953465167456, 7.1659865904226105]]]}, "properties": {"grid_id": "39_34", "pred_scaled_catboost": 0.3735547967449579, "pred_scaled_rf": 0.3666200706012797, "barangay_name_clean": NaN, "lon": 122.25499917653853, "lat": 7.170501833556756}}, {"type": "Feature", "geometry": {"type": "Polygon", "coordinates": [[[122.2595200414307, 7.175031728309314], [122.25950541227587, 7.184076862612233], [122.25044880101659, 7.184062153184972], [122.25046360905259, 7.175017037589469], [122.2595200414307, 7.175031728309314]]]}, "properties": {"grid_id": "39_35", "pred_scaled_catboost": 0.3847612810645126, "pred_scaled_rf": 0.3747014997581636, "barangay_name_clean": NaN, "lon": 122.25498446745641, "lat": 7.179546960316991}}, {"type": "Feature", "geometry": {"type": "Polygon", "coordinates": [[[122.25950541227587, 7.184076862612233], [122.25949076420818, 7.193121993326948], [122.2504339738365, 7.193107265191561], [122.25044880101659, 7.184062153184972], [122.25950541227587, 7.184076862612233]]]}, "properties": {"grid_id": "39_36", "pred_scaled_catboost": 0.3895659012790226, "pred_scaled_rf": 0.3771245993718377, "barangay_name_clean": NaN, "lon": 122.25496973934672, "lat": 7.188592083490874}}, {"type": "Feature", "geometry": {"type": "Polygon", "coordinates": [[[122.25949076420818, 7.193121993326948], [122.25947609722581, 7.202167120449034], [122.25041912751045, 7.202152373604812], [122.2504339738365, 7.193107265191561], [122.25949076420818, 7.193121993326948]]]}, "properties": {"grid_id": "39_37", "pred_scaled_catboost": 0.3659290493632848, "pred_scaled_rf": 0.3891640036282388, "barangay_name_clean": "CURUAN", "lon": 122.25495499220763, "lat": 7.197637203073987}}, {"type": "Feature", "geometry": {"type": "Polygon", "coordinates": [[[122.25947609722581, 7.202167120449034], [122.25946141132695, 7.211212243974069], [122.25040426203658, 7.2111974784203], [122.25041912751045, 7.202152373604812], [122.25947609722581, 7.202167120449034]]]}, "properties": {"grid_id": "39_38", "pred_scaled_catboost": 0.4034730585281975, "pred_scaled_rf": 0.3952538563501009, "barangay_name_clean": NaN, "lon": 122.25494022603732, "lat": 7.206682319061909}}, {"type": "Feature", "geometry": {"type": "Polygon", "coordinates": [[[122.25946141132695, 7.211212243974069], [122.25944670650972, 7.22025736389763], [122.25038937741306, 7.220242579633603], [122.25040426203658, 7.2111974784203], [122.25946141132695, 7.211212243974069]]]}, "properties": {"grid_id": "39_39", "pred_scaled_catboost": 0.3804179853163627, "pred_scaled_rf": 0.4072076736527193, "barangay_name_clean": "BUENAVISTA", "lon": 122.2549254408339, "lat": 7.215727431450208}}, {"type": "Feature", "geometry": {"type": "Polygon", "coordinates": [[[122.25944670650972, 7.22025736389763], [122.25943198277228, 7.229302480215295], [122.25037447363796, 7.2292876772403005], [122.25038937741306, 7.220242579633603], [122.25944670650972, 7.22025736389763]]]}, "properties": {"grid_id": "39_40", "pred_scaled_catboost": 0.3759115267162403, "pred_scaled_rf": 0.4009300491482128, "barangay_name_clean": "BUENAVISTA", "lon": 122.25491063659555, "lat": 7.224772540234471}}, {"type": "Feature", "geometry": {"type": "Polygon", "coordinates": [[[122.25943198277228, 7.229302480215295], [122.25941724011278, 7.238347592922647], [122.25035955070943, 7.23833277123597], [122.25037447363796, 7.2292876772403005], [122.25943198277228, 7.229302480215295]]]}, "properties": {"grid_id": "39_41", "pred_scaled_catboost": 0.3804246347139356, "pred_scaled_rf": 0.3994409963321374, "barangay_name_clean": "BUENAVISTA", "lon": 122.25489581332037, "lat": 7.233817645410273}}, {"type": "Feature", "geometry": {"type": "Polygon", "coordinates": [[[122.25941724011278, 7.238347592922647], [122.2594024785294, 7.247392702015258], [122.25034460862561, 7.247377861616186], [122.25035955070943, 7.23833277123597], [122.25941724011278, 7.238347592922647]]]}, "properties": {"grid_id": "39_42", "pred_scaled_catboost": 0.3854171612721819, "pred_scaled_rf": 0.38998738333917, "barangay_name_clean": "BUENAVISTA", "lon": 122.25488097100651, "lat": 7.242862746973195}}, {"type": "Feature", "geometry": {"type": "Polygon", "coordinates": [[[122.2594024785294, 7.247392702015258], [122.25938769802025, 7.2564378074887115], [122.25032964738463, 7.256422948376529], [122.25034460862561, 7.247377861616186], [122.2594024785294, 7.247392702015258]]]}, "properties": {"grid_id": "39_43", "pred_scaled_catboost": 0.394346292908944, "pred_scaled_rf": 0.4133184588037347, "barangay_name_clean": "CALABASA", "lon": 122.25486610965213, "lat": 7.251907844918806}}, {"type": "Feature", "geometry": {"type": "Polygon", "coordinates": [[[122.25938769802025, 7.2564378074887115], [122.2593728985835, 7.265482909338584], [122.25031466698461, 7.265468031512577], [122.25032964738463, 7.256422948376529], [122.25938769802025, 7.2564378074887115]]]}, "properties": {"grid_id": "39_44", "pred_scaled_catboost": 0.4091030977437787, "pred_scaled_rf": 0.405467625605639, "barangay_name_clean": "MUTI", "lon": 122.25485122925541, "lat": 7.260952939242697}}, {"type": "Feature", "geometry": {"type": "Polygon", "coordinates": [[[122.2593728985835, 7.265482909338584], [122.25935808021728, 7.27452800756046], [122.25029966742366, 7.274513111019907], [122.25031466698461, 7.265468031512577], [122.2593728985835, 7.265482909338584]]]}, "properties": {"grid_id": "39_45", "pred_scaled_catboost": 0.4308877668468929, "pred_scaled_rf": 0.412312375219669, "barangay_name_clean": "MUTI", "lon": 122.2548363298144, "lat": 7.269998029940435}}, {"type": "Feature", "geometry": {"type": "Polygon", "coordinates": [[[122.25935808021728, 7.27452800756046], [122.25934324291975, 7.283573102149915], [122.25028464869989, 7.283558186894103], [122.25029966742366, 7.274513111019907], [122.25935808021728, 7.27452800756046]]]}, "properties": {"grid_id": "39_46", "pred_scaled_catboost": 0.3930745612865532, "pred_scaled_rf": 0.4260433763146788, "barangay_name_clean": "MUTI", "lon": 122.25482141132724, "lat": 7.279043117007612}}, {"type": "Feature", "geometry": {"type": "Polygon", "coordinates": [[[122.25934324291975, 7.283573102149915], [122.25932838668903, 7.292618193102534], [122.25026961081143, 7.292603259130741], [122.25028464869989, 7.283558186894103], [122.25934324291975, 7.283573102149915]]]}, "properties": {"grid_id": "39_47", "pred_scaled_catboost": 0.3968679839809762, "pred_scaled_rf": 0.3823030415528928, "barangay_name_clean": "MUTI", "lon": 122.25480647379207, "lat": 7.288088200439799}}, {"type": "Feature", "geometry": {"type": "Polygon", "coordinates": [[[122.25932838668903, 7.292618193102534], [122.25931351152325, 7.3016632804138935], [122.25025455375636, 7.3016483277254025], [122.25026961081143, 7.292603259130741], [122.25932838668903, 7.292618193102534]]]}, "properties": {"grid_id": "39_48", "pred_scaled_catboost": 0.3908330425572326, "pred_scaled_rf": 0.3772916709889094, "barangay_name_clean": "TAGASILAY", "lon": 122.25479151720704, "lat": 7.297133280232583}}, {"type": "Feature", "geometry": {"type": "Polygon", "coordinates": [[[122.25931351152325, 7.3016632804138935], [122.25929861742053, 7.310708364079579], [122.25023947753284, 7.31069339267367], [122.25025455375636, 7.3016483277254025], [122.25931351152325, 7.3016632804138935]]]}, "properties": {"grid_id": "39_49", "pred_scaled_catboost": 0.3580829247166829, "pred_scaled_rf": 0.4082801189991932, "barangay_name_clean": "TAGASILAY", "lon": 122.25477654157024, "lat": 7.306178356381536}}, {"type": "Feature", "geometry": {"type": "Polygon", "coordinates": [[[122.25929861742053, 7.310708364079579], [122.25928370437904, 7.319753444095169], [122.25022438213897, 7.3197384539711186], [122.25023947753284, 7.31069339267367], [122.25929861742053, 7.310708364079579]]]}, "properties": {"grid_id": "39_50", "pred_scaled_catboost": 0.3963102885607933, "pred_scaled_rf": 0.3859248854872578, "barangay_name_clean": "TAGASILAY", "lon": 122.25476154687978, "lat": 7.3152234288822475}}, {"type": "Feature", "geometry": {"type": "Polygon", "coordinates": [[[122.25928370437904, 7.319753444095169], [122.25926877239688, 7.328798520456248], [122.2502092675728, 7.328783511613335], [122.25022438213897, 7.3197384539711186], [122.25928370437904, 7.319753444095169]]]}, "properties": {"grid_id": "39_51", "pred_scaled_catboost": 0.371211321879889, "pred_scaled_rf": 0.3909781337587322, "barangay_name_clean": "TIGBALABAG", "lon": 122.25474653313381, "lat": 7.324268497730295}}, {"type": "Feature", "geometry": {"type": "Polygon", "coordinates": [[[122.25926877239688, 7.328798520456248], [122.25925382147216, 7.337843593158397], [122.25019413383248, 7.337828565595901], [122.2502092675728, 7.328783511613335], [122.25926877239688, 7.328798520456248]]]}, "properties": {"grid_id": "39_52", "pred_scaled_catboost": 0.386979276068817, "pred_scaled_rf": 0.3980932750532111, "barangay_name_clean": "TIGBALABAG", "lon": 122.25473150033045, "lat": 7.333313562921262}}, {"type": "Feature", "geometry": {"type": "Polygon", "coordinates": [[[122.25925382147216, 7.337843593158397], [122.25923885160304, 7.3468886621972], [122.25017898091612, 7.346873615914393], [122.25019413383248, 7.337828565595901], [122.25925382147216, 7.337843593158397]]]}, "properties": {"grid_id": "39_53", "pred_scaled_catboost": 0.4234580820331572, "pred_scaled_rf": 0.3992636947142069, "barangay_name_clean": "SIBULAO", "lon": 122.25471644846779, "lat": 7.34235862445073}}, {"type": "Feature", "geometry": {"type": "Polygon", "coordinates": [[[122.25923885160304, 7.3468886621972], [122.25922386278762, 7.35593372756824], [122.25016380882175, 7.3559186625644], [122.25017898091612, 7.346873615914393], [122.25923885160304, 7.3468886621972]]]}, "properties": {"grid_id": "39_54", "pred_scaled_catboost": 0.4235148848618393, "pred_scaled_rf": 0.398949901733535, "barangay_name_clean": "SIBULAO", "lon": 122.25470137754394, "lat": 7.351403682314284}}, {"type": "Feature", "geometry": {"type": "Polygon", "coordinates": [[[122.25922386278762, 7.35593372756824], [122.25920885502404, 7.364978789267101], [122.25014861754754, 7.364963705541502], [122.25016380882175, 7.3559186625644], [122.25922386278762, 7.35593372756824]]]}, "properties": {"grid_id": "39_55", "pred_scaled_catboost": 0.3693814533559778, "pred_scaled_rf": 0.3845214629243833, "barangay_name_clean": "VITALI", "lon": 122.254686287557, "lat": 7.360448736507501}}, {"type": "Feature", "geometry": {"type": "Polygon", "coordinates": [[[122.25920885502404, 7.364978789267101], [122.25919382831037, 7.374023847289367], [122.25013340709155, 7.374008744841278], [122.25014861754754, 7.364963705541502], [122.25920885502404, 7.364978789267101]]]}, "properties": {"grid_id": "39_56", "pred_scaled_catboost": 0.3803348053124009, "pred_scaled_rf": 0.3707122688450582, "barangay_name_clean": "VITALI", "lon": 122.2546711785051, "lat": 7.369493787025968}}, {"type": "Feature", "geometry": {"type": "Polygon", "coordinates": [[[122.25919382831037, 7.374023847289367], [122.25917878264475, 7.383068901630619], [122.25011817745188, 7.3830537804593135], [122.25013340709155, 7.374008744841278], [122.25919382831037, 7.374023847289367]]]}, "properties": {"grid_id": "39_57", "pred_scaled_catboost": 0.3945270798564396, "pred_scaled_rf": 0.4439250649081704, "barangay_name_clean": "VITALI", "lon": 122.25465605038636, "lat": 7.37853883386527}}, {"type": "Feature", "geometry": {"type": "Polygon", "coordinates": [[[122.25917878264475, 7.383068901630619], [122.2591637180253, 7.3921139522864445], [122.25010292862663, 7.392098812391197], [122.25011817745188, 7.3830537804593135], [122.25917878264475, 7.383068901630619]]]}, "properties": {"grid_id": "39_58", "pred_scaled_catboost": 0.4290310895823144, "pred_scaled_rf": 0.3816430372789937, "barangay_name_clean": "VITALI", "lon": 122.2546409031988, "lat": 7.387583877020987}}, {"type": "Feature", "geometry": {"type": "Polygon", "coordinates": [[[122.2591637180253, 7.3921139522864445], [122.25914863445011, 7.401158999252432], [122.25008766061381, 7.401143840632508], [122.25010292862663, 7.392098812391197], [122.2591637180253, 7.3921139522864445]]]}, "properties": {"grid_id": "39_59", "pred_scaled_catboost": 0.3807801659886368, "pred_scaled_rf": 0.3978460037379395, "barangay_name_clean": "VITALI", "lon": 122.25462573694061, "lat": 7.396628916488713}}, {"type": "Feature", "geometry": {"type": "Polygon", "coordinates": [[[122.25914863445011, 7.401158999252432], [122.2591335319173, 7.410204042524157], [122.25007237341161, 7.4101888651788315], [122.25008766061381, 7.401143840632508], [122.25914863445011, 7.401158999252432]]]}, "properties": {"grid_id": "39_60", "pred_scaled_catboost": 0.3403705923707374, "pred_scaled_rf": 0.407220780576312, "barangay_name_clean": "VITALI", "lon": 122.25461055160982, "lat": 7.405673952264015}}, {"type": "Feature", "geometry": {"type": "Polygon", "coordinates": [[[122.2591335319173, 7.410204042524157], [122.25911841042496, 7.4192490820972194], [122.25005706701803, 7.419233886025755], [122.25007237341161, 7.4101888651788315], [122.2591335319173, 7.410204042524157]]]}, "properties": {"grid_id": "39_61", "pred_scaled_catboost": 0.3385499920334178, "pred_scaled_rf": 0.4052682741499676, "barangay_name_clean": "VITALI", "lon": 122.25459534720453, "lat": 7.414718984342498}}, {"type": "Feature", "geometry": {"type": "Polygon", "coordinates": [[[122.25911841042496, 7.4192490820972194], [122.2591032699712, 7.428294117967191], [122.25004174143115, 7.428278903168859], [122.25005706701803, 7.419233886025755], [122.25911841042496, 7.4192490820972194]]]}, "properties": {"grid_id": "39_62", "pred_scaled_catboost": 0.3449255289259894, "pred_scaled_rf": 0.4020240127257579, "barangay_name_clean": "VITALI", "lon": 122.25458012372285, "lat": 7.4237640127197375}}, {"type": "Feature", "geometry": {"type": "Polygon", "coordinates": [[[122.2591032699712, 7.428294117967191], [122.2590881105541, 7.437339150129666], [122.25002639664909, 7.437323916603734], [122.25004174143115, 7.428278903168859], [122.2591032699712, 7.428294117967191]]]}, "properties": {"grid_id": "39_63", "pred_scaled_catboost": 0.3866371279993291, "pred_scaled_rf": 0.4215770803099924, "barangay_name_clean": NaN, "lon": 122.25456488116286, "lat": 7.432809037391314}}, {"type": "Feature", "geometry": {"type": "Polygon", "coordinates": [[[122.2590881105541, 7.437339150129666], [122.2590729321718, 7.446384178580232], [122.25001103266992, 7.446368926325965], [122.25002639664909, 7.437323916603734], [122.2590881105541, 7.437339150129666]]]}, "properties": {"grid_id": "39_64", "pred_scaled_catboost": 0.3808577074854137, "pred_scaled_rf": 0.4207179378466526, "barangay_name_clean": NaN, "lon": 122.25454961952269, "lat": 7.441854058352825}}, {"type": "Feature", "geometry": {"type": "Polygon", "coordinates": [[[122.2590729321718, 7.446384178580232], [122.25905773482233, 7.4554292033144725], [122.24999564949167, 7.455413932331132], [122.25001103266992, 7.446368926325965], [122.2590729321718, 7.446384178580232]]]}, "properties": {"grid_id": "39_65", "pred_scaled_catboost": 0.3950182610327932, "pred_scaled_rf": 0.4215120577436971, "barangay_name_clean": NaN, "lon": 122.25453433880034, "lat": 7.45089907559985}}, {"type": "Feature", "geometry": {"type": "Polygon", "coordinates": [[[122.25905773482233, 7.4554292033144725], [122.25904251850383, 7.464474224327979], [122.24998024711243, 7.464458934614831], [122.24999564949167, 7.455413932331132], [122.25905773482233, 7.4554292033144725]]]}, "properties": {"grid_id": "39_66", "pred_scaled_catboost": 0.3969805896434766, "pred_scaled_rf": 0.4216470973027061, "barangay_name_clean": NaN, "lon": 122.25451903899393, "lat": 7.459944089127978}}, {"type": "Feature", "geometry": {"type": "Polygon", "coordinates": [[[122.25904251850383, 7.464474224327979], [122.25902728321435, 7.4735192416163345], [122.24996482553026, 7.4735039331726405], [122.24998024711243, 7.464458934614831], [122.25904251850383, 7.464474224327979]]]}, "properties": {"grid_id": "39_67", "pred_scaled_catboost": 0.3763590084623915, "pred_scaled_rf": 0.3860885740883921, "barangay_name_clean": "LICOMO", "lon": 122.25450372010155, "lat": 7.468989098932796}}, {"type": "Feature", "geometry": {"type": "Polygon", "coordinates": [[[122.25902728321435, 7.4735192416163345], [122.25901202895201, 7.4825642551751335], [122.2499493847432, 7.482548928000157], [122.24996482553026, 7.4735039331726405], [122.25902728321435, 7.4735192416163345]]]}, "properties": {"grid_id": "39_68", "pred_scaled_catboost": 0.3593517688504365, "pred_scaled_rf": 0.3795472913858422, "barangay_name_clean": "LICOMO", "lon": 122.25448838212125, "lat": 7.478034105009894}}, {"type": "Feature", "geometry": {"type": "Polygon", "coordinates": [[[122.25901202895201, 7.4825642551751335], [122.25899675571489, 7.49160926499996], [122.24993392474937, 7.491593919092962], [122.2499493847432, 7.482548928000157], [122.25901202895201, 7.4825642551751335]]]}, "properties": {"grid_id": "39_69", "pred_scaled_catboost": 0.3924169265946799, "pred_scaled_rf": 0.422052306325625, "barangay_name_clean": NaN, "lon": 122.25447302505114, "lat": 7.487079107354857}}, {"type": "Feature", "geometry": {"type": "Polygon", "coordinates": [[[122.26893168326522, 6.948916267913105], [122.2689176994498, 6.957961508945544], [122.25986547203182, 6.95794744008335], [122.25987962895591, 6.948902217513776], [122.26893168326522, 6.948916267913105]]]}, "properties": {"grid_id": "40_10", "pred_scaled_catboost": 0.3250331167221874, "pred_scaled_rf": 0.3154312434831661, "barangay_name_clean": "LANDANG GUA", "lon": 122.26439862242059, "lat": 6.95343187303337}}, {"type": "Feature", "geometry": {"type": "Polygon", "coordinates": [[[122.2689176994498, 6.957961508945544], [122.2689036969974, 6.967006746501145], [122.25985129624004, 6.966992659175408], [122.25986547203182, 6.95794744008335], [122.2689176994498, 6.957961508945544]]]}, "properties": {"grid_id": "40_11", "pred_scaled_catboost": 0.3323654201452837, "pred_scaled_rf": 0.3333666336700307, "barangay_name_clean": "LANDANG GUA", "lon": 122.26438454267462, "lat": 6.962477103114721}}, {"type": "Feature", "geometry": {"type": "Polygon", "coordinates": [[[122.2689036969974, 6.967006746501145], [122.26888967590628, 6.976051980575472], [122.2598371015788, 6.976037874785517], [122.25985129624004, 6.966992659175408], [122.2689036969974, 6.967006746501145]]]}, "properties": {"grid_id": "40_12", "pred_scaled_catboost": 0.3617195630766417, "pred_scaled_rf": 0.3500935373741105, "barangay_name_clean": "LANDANG LAUM", "lon": 122.26437044417546, "lat": 6.971522329716685}}, {"type": "Feature", "geometry": {"type": "Polygon", "coordinates": [[[122.26888967590628, 6.976051980575472], [122.26887563617463, 6.985097211164099], [122.2598228880463, 6.985083086909245], [122.2598371015788, 6.976037874785517], [122.26888967590628, 6.976051980575472]]]}, "properties": {"grid_id": "40_13", "pred_scaled_catboost": 0.3588304009121696, "pred_scaled_rf": 0.3436442422437318, "barangay_name_clean": "LANDANG LAUM", "lon": 122.2643563269213, "lat": 6.980567552834816}}, {"type": "Feature", "geometry": {"type": "Polygon", "coordinates": [[[122.26887563617463, 6.985097211164099], [122.26886157780076, 6.9941424382625925], [122.2598086556408, 6.9941282955421595], [122.2598228880463, 6.985083086909245], [122.26887563617463, 6.985097211164099]]]}, "properties": {"grid_id": "40_14", "pred_scaled_catboost": 0.3511056366156855, "pred_scaled_rf": 0.3517777252921965, "barangay_name_clean": "PASILMANTA", "lon": 122.26434219091038, "lat": 6.989612772464695}}, {"type": "Feature", "geometry": {"type": "Polygon", "coordinates": [[[122.26886157780076, 6.9941424382625925], [122.26884750078288, 7.003187661866525], [122.25979440436048, 7.003173500679832], [122.2598086556408, 6.9941282955421595], [122.26886157780076, 6.9941424382625925]]]}, "properties": {"grid_id": "40_15", "pred_scaled_catboost": 0.3792148452955738, "pred_scaled_rf": 0.4077079164098385, "barangay_name_clean": NaN, "lon": 122.264328036141, "lat": 6.998657988601888}}, {"type": "Feature", "geometry": {"type": "Polygon", "coordinates": [[[122.26866280213933, 7.120775248697582], [122.26864846391894, 7.129820422912717], [122.25959290357657, 7.129806003126454], [122.25960741929286, 7.1207608473872], [122.26866280213933, 7.120775248697582]]]}, "properties": {"grid_id": "40_29", "pred_scaled_catboost": 0.4189835972281653, "pred_scaled_rf": 0.4014417004213318, "barangay_name_clean": NaN, "lon": 122.26412789872622, "lat": 7.12529064531031}}, {"type": "Feature", "geometry": {"type": "Polygon", "coordinates": [[[122.26864846391894, 7.129820422912717], [122.2686341070278, 7.138865593566884], [122.2595783689584, 7.138851155304046], [122.25959290357657, 7.129806003126454], [122.26864846391894, 7.129820422912717]]]}, "properties": {"grid_id": "40_30", "pred_scaled_catboost": 0.4001920396958576, "pred_scaled_rf": 0.3918546901415342, "barangay_name_clean": NaN, "lon": 122.26411346236466, "lat": 7.134335808525794}}, {"type": "Feature", "geometry": {"type": "Polygon", "coordinates": [[[122.2686341070278, 7.138865593566884], [122.2686197314641, 7.147910760655658], [122.25956381543656, 7.1478963039155525], [122.2595783689584, 7.138851155304046], [122.2686341070278, 7.138865593566884]]]}, "properties": {"grid_id": "40_31", "pred_scaled_catboost": 0.4215476856510639, "pred_scaled_rf": 0.4042774681283326, "barangay_name_clean": NaN, "lon": 122.26409900721592, "lat": 7.143380968177753}}, {"type": "Feature", "geometry": {"type": "Polygon", "coordinates": [[[122.2686197314641, 7.147910760655658], [122.2686053372261, 7.156955924174621], [122.25954924300923, 7.15694144895655], [122.25956381543656, 7.1478963039155525], [122.2686197314641, 7.147910760655658]]]}, "properties": {"grid_id": "40_32", "pred_scaled_catboost": 0.4311770887250655, "pred_scaled_rf": 0.4174878788718736, "barangay_name_clean": NaN, "lon": 122.2640845332782, "lat": 7.152426124261764}}, {"type": "Feature", "geometry": {"type": "Polygon", "coordinates": [[[122.2686053372261, 7.156955924174621], [122.26859092431194, 7.166001084119345], [122.25953465167456, 7.1659865904226105], [122.25954924300923, 7.15694144895655], [122.2686053372261, 7.156955924174621]]]}, "properties": {"grid_id": "40_33", "pred_scaled_catboost": 0.4310751580640548, "pred_scaled_rf": 0.4191573063499777, "barangay_name_clean": NaN, "lon": 122.26407004054961, "lat": 7.161471276773399}}, {"type": "Feature", "geometry": {"type": "Polygon", "coordinates": [[[122.26859092431194, 7.166001084119345], [122.26857649271984, 7.175046240485408], [122.2595200414307, 7.175031728309314], [122.25953465167456, 7.1659865904226105], [122.26859092431194, 7.166001084119345]]]}, "properties": {"grid_id": "40_34", "pred_scaled_catboost": 0.4014967020702871, "pred_scaled_rf": 0.4102696192358767, "barangay_name_clean": "DITA", "lon": 122.26405552902838, "lat": 7.170516425708242}}, {"type": "Feature", "geometry": {"type": "Polygon", "coordinates": [[[122.26857649271984, 7.175046240485408], [122.26856204244798, 7.184091393268387], [122.25950541227587, 7.184076862612233], [122.2595200414307, 7.175031728309314], [122.26857649271984, 7.175046240485408]]]}, "properties": {"grid_id": "40_35", "pred_scaled_catboost": 0.4286607144675987, "pred_scaled_rf": 0.4124122989064175, "barangay_name_clean": NaN, "lon": 122.26404099871267, "lat": 7.179561571061857}}, {"type": "Feature", "geometry": {"type": "Polygon", "coordinates": [[[122.26854757349453, 7.19313654246386], [122.26853308585768, 7.202181688067404], [122.25947609722581, 7.202167120449034], [122.25949076420818, 7.193121993326948], [122.26854757349453, 7.19313654246386]]]}, "properties": {"grid_id": "40_37", "pred_scaled_catboost": 0.4059207251790933, "pred_scaled_rf": 0.4150162303610006, "barangay_name_clean": NaN, "lon": 122.26401188169055, "lat": 7.197651851007741}}, {"type": "Feature", "geometry": {"type": "Polygon", "coordinates": [[[122.26853308585768, 7.202181688067404], [122.26851857953565, 7.211226830074599], [122.25946141132695, 7.211212243974069], [122.25947609722581, 7.202167120449034], [122.26853308585768, 7.202181688067404]]]}, "properties": {"grid_id": "40_38", "pred_scaled_catboost": 0.4146079727580474, "pred_scaled_rf": 0.4193595831701838, "barangay_name_clean": NaN, "lon": 122.26399729498051, "lat": 7.206696985591162}}, {"type": "Feature", "geometry": {"type": "Polygon", "coordinates": [[[122.26851857953565, 7.211226830074599], [122.26850405452657, 7.220271968481025], [122.25944670650972, 7.22025736389763], [122.25946141132695, 7.211212243974069], [122.26851857953565, 7.211226830074599]]]}, "properties": {"grid_id": "40_39", "pred_scaled_catboost": 0.379157842445005, "pred_scaled_rf": 0.4060529294071629, "barangay_name_clean": "BUENAVISTA", "lon": 122.26398268946866, "lat": 7.21574211657567}}, {"type": "Feature", "geometry": {"type": "Polygon", "coordinates": [[[122.26850405452657, 7.220271968481025], [122.26848951082864, 7.229317103282256], [122.25943198277228, 7.229302480215295], [122.25944670650972, 7.22025736389763], [122.26850405452657, 7.220271968481025]]]}, "properties": {"grid_id": "40_40", "pred_scaled_catboost": 0.3781023687367134, "pred_scaled_rf": 0.4067345762837541, "barangay_name_clean": "BUENAVISTA", "lon": 122.26396806515321, "lat": 7.224787243956847}}, {"type": "Feature", "geometry": {"type": "Polygon", "coordinates": [[[122.26848951082864, 7.229317103282256], [122.26847494844003, 7.238362234473877], [122.25941724011278, 7.238347592922647], [122.25943198277228, 7.229302480215295], [122.26848951082864, 7.229317103282256]]]}, "properties": {"grid_id": "40_41", "pred_scaled_catboost": 0.3788976787640969, "pred_scaled_rf": 0.4056851623831345, "barangay_name_clean": "BUENAVISTA", "lon": 122.2639534220323, "lat": 7.2338323677302725}}, {"type": "Feature", "geometry": {"type": "Polygon", "coordinates": [[[122.26847494844003, 7.238362234473877], [122.26846036735894, 7.247407362051464], [122.2594024785294, 7.247392702015258], [122.25941724011278, 7.238347592922647], [122.26847494844003, 7.238362234473877]]]}, "properties": {"grid_id": "40_42", "pred_scaled_catboost": 0.3834607273581287, "pred_scaled_rf": 0.3919850333002637, "barangay_name_clean": "BUENAVISTA", "lon": 122.26393876010412, "lat": 7.242877487891522}}, {"type": "Feature", "geometry": {"type": "Polygon", "coordinates": [[[122.26846036735894, 7.247407362051464], [122.2684457675835, 7.256452486010598], [122.25938769802025, 7.2564378074887115], [122.2594024785294, 7.247392702015258], [122.26846036735894, 7.247407362051464]]]}, "properties": {"grid_id": "40_43", "pred_scaled_catboost": 0.358416282495013, "pred_scaled_rf": 0.3397576764358182, "barangay_name_clean": "BUENAVISTA", "lon": 122.26392407936683, "lat": 7.251922604436177}}, {"type": "Feature", "geometry": {"type": "Polygon", "coordinates": [[[122.2684457675835, 7.256452486010598], [122.26843114911189, 7.2654976063468615], [122.2593728985835, 7.265482909338584], [122.25938769802025, 7.2564378074887115], [122.2684457675835, 7.256452486010598]]]}, "properties": {"grid_id": "40_44", "pred_scaled_catboost": 0.3997612793502142, "pred_scaled_rf": 0.4081964053867382, "barangay_name_clean": "MUTI", "lon": 122.26390937981853, "lat": 7.260967717359815}}, {"type": "Feature", "geometry": {"type": "Polygon", "coordinates": [[[122.26843114911189, 7.2654976063468615], [122.26841651194226, 7.2745427230558315], [122.25935808021728, 7.27452800756046], [122.2593728985835, 7.265482909338584], [122.26843114911189, 7.2654976063468615]]]}, "properties": {"grid_id": "40_45", "pred_scaled_catboost": 0.4270776529398961, "pred_scaled_rf": 0.4116442046699939, "barangay_name_clean": "MUTI", "lon": 122.26389466145747, "lat": 7.27001282665802}}, {"type": "Feature", "geometry": {"type": "Polygon", "coordinates": [[[122.26841651194226, 7.2745427230558315], [122.26840185607283, 7.283587836133095], [122.25934324291975, 7.283573102149915], [122.25935808021728, 7.27452800756046], [122.26841651194226, 7.2745427230558315]]]}, "properties": {"grid_id": "40_46", "pred_scaled_catboost": 0.4001479267634865, "pred_scaled_rf": 0.4006361607135532, "barangay_name_clean": "MUTI", "lon": 122.26387992428175, "lat": 7.279057932326373}}, {"type": "Feature", "geometry": {"type": "Polygon", "coordinates": [[[122.26840185607283, 7.283587836133095], [122.26838718150167, 7.292632945574226], [122.25932838668903, 7.292618193102534], [122.25934324291975, 7.283573102149915], [122.26840185607283, 7.283587836133095]]]}, "properties": {"grid_id": "40_47", "pred_scaled_catboost": 0.3687879446481287, "pred_scaled_rf": 0.3681223698282654, "barangay_name_clean": "TAGASILAY", "lon": 122.26386516828947, "lat": 7.2881030343604465}}, {"type": "Feature", "geometry": {"type": "Polygon", "coordinates": [[[122.26838718150167, 7.292632945574226], [122.26837248822703, 7.301678051374812], [122.25931351152325, 7.3016632804138935], [122.25932838668903, 7.292618193102534], [122.26838718150167, 7.292632945574226]]]}, "properties": {"grid_id": "40_48", "pred_scaled_catboost": 0.3859022555984127, "pred_scaled_rf": 0.448246305553659, "barangay_name_clean": "TAGASILAY", "lon": 122.26385039347889, "lat": 7.297148132755839}}, {"type": "Feature", "geometry": {"type": "Polygon", "coordinates": [[[122.26837248822703, 7.301678051374812], [122.26835777624702, 7.310723153530436], [122.25929861742053, 7.310708364079579], [122.25931351152325, 7.3016632804138935], [122.26837248822703, 7.301678051374812]]]}, "properties": {"grid_id": "40_49", "pred_scaled_catboost": 0.3714577810221633, "pred_scaled_rf": 0.4540669669001945, "barangay_name_clean": "TAGASILAY", "lon": 122.26383559984806, "lat": 7.306193227508114}}, {"type": "Feature", "geometry": {"type": "Polygon", "coordinates": [[[122.26835777624702, 7.310723153530436], [122.26834304555979, 7.319768252036677], [122.25928370437904, 7.319753444095169], [122.25929861742053, 7.310708364079579], [122.26835777624702, 7.310723153530436]]]}, "properties": {"grid_id": "40_50", "pred_scaled_catboost": 0.3359037340660623, "pred_scaled_rf": 0.3749134871891817, "barangay_name_clean": "TAGASILAY", "lon": 122.26382078739518, "lat": 7.31523831861286}}, {"type": "Feature", "geometry": {"type": "Polygon", "coordinates": [[[122.26834304555979, 7.319768252036677], [122.26832829616346, 7.328813346889118], [122.25926877239688, 7.328798520456248], [122.25928370437904, 7.319753444095169], [122.26834304555979, 7.319768252036677]]]}, "properties": {"grid_id": "40_51", "pred_scaled_catboost": 0.3841793651646656, "pred_scaled_rf": 0.3955722232264327, "barangay_name_clean": "TIGBALABAG", "lon": 122.26380595611832, "lat": 7.324283406065659}}, {"type": "Feature", "geometry": {"type": "Polygon", "coordinates": [[[122.26832829616346, 7.328813346889118], [122.26831352805624, 7.337858438083347], [122.25925382147216, 7.337843593158397], [122.25926877239688, 7.328798520456248], [122.26832829616346, 7.328813346889118]]]}, "properties": {"grid_id": "40_52", "pred_scaled_catboost": 0.361616512875575, "pred_scaled_rf": 0.3884697754580636, "barangay_name_clean": "TIGBALABAG", "lon": 122.26379110601567, "lat": 7.333328489862102}}, {"type": "Feature", "geometry": {"type": "Polygon", "coordinates": [[[122.26831352805624, 7.337858438083347], [122.26829874123628, 7.346903525614943], [122.25923885160304, 7.3468886621972], [122.25925382147216, 7.337843593158397], [122.26831352805624, 7.337858438083347]]]}, "properties": {"grid_id": "40_53", "pred_scaled_catboost": 0.3750047887552213, "pred_scaled_rf": 0.3974567914226445, "barangay_name_clean": "TIGBALABAG", "lon": 122.26377623708538, "lat": 7.342373569997761}}, {"type": "Feature", "geometry": {"type": "Polygon", "coordinates": [[[122.26829874123628, 7.346903525614943], [122.26828393570166, 7.355948609479492], [122.25922386278762, 7.35593372756824], [122.25923885160304, 7.3468886621972], [122.26829874123628, 7.346903525614943]]]}, "properties": {"grid_id": "40_54", "pred_scaled_catboost": 0.4330311503130927, "pred_scaled_rf": 0.3973559805185389, "barangay_name_clean": "SIBULAO", "lon": 122.26376134932558, "lat": 7.351418646468225}}, {"type": "Feature", "geometry": {"type": "Polygon", "coordinates": [[[122.26828393570166, 7.355948609479492], [122.26826911145055, 7.364993689672581], [122.25920885502404, 7.364978789267101], [122.25922386278762, 7.35593372756824], [122.26828393570166, 7.355948609479492]]]}, "properties": {"grid_id": "40_55", "pred_scaled_catboost": 0.4088145625926624, "pred_scaled_rf": 0.3826455188928706, "barangay_name_clean": "VITALI", "lon": 122.26374644273437, "lat": 7.360463719269075}}, {"type": "Feature", "geometry": {"type": "Polygon", "coordinates": [[[122.26826911145055, 7.364993689672581], [122.26825426848113, 7.37403876618979], [122.25919382831037, 7.374023847289367], [122.25920885502404, 7.364978789267101], [122.26826911145055, 7.364993689672581]]]}, "properties": {"grid_id": "40_56", "pred_scaled_catboost": 0.4077613237388094, "pred_scaled_rf": 0.3703506230714948, "barangay_name_clean": "VITALI", "lon": 122.2637315173099, "lat": 7.369508788395903}}, {"type": "Feature", "geometry": {"type": "Polygon", "coordinates": [[[122.26825426848113, 7.37403876618979], [122.26823940679145, 7.383083839026705], [122.25917878264475, 7.383068901630619], [122.25919382831037, 7.374023847289367], [122.26825426848113, 7.37403876618979]]]}, "properties": {"grid_id": "40_57", "pred_scaled_catboost": 0.42295336506527, "pred_scaled_rf": 0.4429931280807531, "barangay_name_clean": "VITALI", "lon": 122.26371657305025, "lat": 7.378553853844279}}, {"type": "Feature", "geometry": {"type": "Polygon", "coordinates": [[[122.26823940679145, 7.383083839026705], [122.26822452637971, 7.3921289081789165], [122.2591637180253, 7.3921139522864445], [122.25917878264475, 7.383068901630619], [122.26823940679145, 7.383083839026705]]]}, "properties": {"grid_id": "40_58", "pred_scaled_catboost": 0.4102482074598838, "pred_scaled_rf": 0.3748606421278346, "barangay_name_clean": "VITALI", "lon": 122.2637016099536, "lat": 7.387598915609799}}, {"type": "Feature", "geometry": {"type": "Polygon", "coordinates": [[[122.26822452637971, 7.3921289081789165], [122.26820962724405, 7.401173973642006], [122.25914863445011, 7.401158999252432], [122.2591637180253, 7.3921139522864445], [122.26822452637971, 7.3921289081789165]]]}, "properties": {"grid_id": "40_59", "pred_scaled_catboost": 0.3893281648069426, "pred_scaled_rf": 0.3771585452002512, "barangay_name_clean": "VITALI", "lon": 122.26368662801804, "lat": 7.396643973688049}}, {"type": "Feature", "geometry": {"type": "Polygon", "coordinates": [[[122.26820962724405, 7.401173973642006], [122.26819470938253, 7.410219035411559], [122.2591335319173, 7.410204042524157], [122.25914863445011, 7.401158999252432], [122.26820962724405, 7.401173973642006]]]}, "properties": {"grid_id": "40_60", "pred_scaled_catboost": 0.35421432861231, "pred_scaled_rf": 0.3867248519638282, "barangay_name_clean": "VITALI", "lon": 122.2636716272417, "lat": 7.405689028074605}}, {"type": "Feature", "geometry": {"type": "Polygon", "coordinates": [[[122.26819470938253, 7.410219035411559], [122.26817977279335, 7.419264093483168], [122.25911841042496, 7.4192490820972194], [122.2591335319173, 7.410204042524157], [122.26819470938253, 7.410219035411559]]]}, "properties": {"grid_id": "40_61", "pred_scaled_catboost": 0.346747317961575, "pred_scaled_rf": 0.4002929133162012, "barangay_name_clean": "VITALI", "lon": 122.2636566076227, "lat": 7.4147340787650675}}, {"type": "Feature", "geometry": {"type": "Polygon", "coordinates": [[[122.26817977279335, 7.419264093483168], [122.26816481747458, 7.428309147852414], [122.2591032699712, 7.428294117967191], [122.25911841042496, 7.4192490820972194], [122.26817977279335, 7.419264093483168]]]}, "properties": {"grid_id": "40_62", "pred_scaled_catboost": 0.3696698134280187, "pred_scaled_rf": 0.3841779463317274, "barangay_name_clean": "TICTAPUL", "lon": 122.26364156915918, "lat": 7.42377912575501}}, {"type": "Feature", "geometry": {"type": "Polygon", "coordinates": [[[122.26816481747458, 7.428309147852414], [122.26814984342437, 7.437354198514886], [122.2590881105541, 7.437339150129666], [122.2591032699712, 7.428294117967191], [122.26816481747458, 7.428309147852414]]]}, "properties": {"grid_id": "40_63", "pred_scaled_catboost": 0.3856442633430029, "pred_scaled_rf": 0.4182661269281234, "barangay_name_clean": NaN, "lon": 122.26362651184918, "lat": 7.4328241690400265}}, {"type": "Feature", "geometry": {"type": "Polygon", "coordinates": [[[122.26814984342437, 7.437354198514886], [122.2681348506408, 7.446399245466177], [122.2590729321718, 7.446384178580232], [122.2590881105541, 7.437339150129666], [122.26814984342437, 7.437354198514886]]]}, "properties": {"grid_id": "40_64", "pred_scaled_catboost": 0.3671348314722072, "pred_scaled_rf": 0.3803901625502894, "barangay_name_clean": "TICTAPUL", "lon": 122.26361143569085, "lat": 7.441869208615696}}, {"type": "Feature", "geometry": {"type": "Polygon", "coordinates": [[[122.2681348506408, 7.446399245466177], [122.26811983912205, 7.455444288701866], [122.25905773482233, 7.4554292033144725], [122.2590729321718, 7.446384178580232], [122.2681348506408, 7.446399245466177]]]}, "properties": {"grid_id": "40_65", "pred_scaled_catboost": 0.3798434558483614, "pred_scaled_rf": 0.3816070499865798, "barangay_name_clean": "TICTAPUL", "lon": 122.26359634068228, "lat": 7.45091424447762}}, {"type": "Feature", "geometry": {"type": "Polygon", "coordinates": [[[122.26811983912205, 7.455444288701866], [122.26810480886618, 7.464489328217548], [122.25904251850383, 7.464474224327979], [122.25905773482233, 7.4554292033144725], [122.26811983912205, 7.455444288701866]]]}, "properties": {"grid_id": "40_66", "pred_scaled_catboost": 0.3677922673867659, "pred_scaled_rf": 0.3850868423308823, "barangay_name_clean": "LICOMO", "lon": 122.2635812268216, "lat": 7.459959276621373}}, {"type": "Feature", "geometry": {"type": "Polygon", "coordinates": [[[122.26810480886618, 7.464489328217548], [122.26808975987133, 7.473534364008807], [122.25902728321435, 7.4735192416163345], [122.25904251850383, 7.464474224327979], [122.26810480886618, 7.464489328217548]]]}, "properties": {"grid_id": "40_67", "pred_scaled_catboost": 0.3690623989488036, "pred_scaled_rf": 0.3865171039067779, "barangay_name_clean": "LICOMO", "lon": 122.26356609410689, "lat": 7.469004305042551}}, {"type": "Feature", "geometry": {"type": "Polygon", "coordinates": [[[122.26808975987133, 7.473534364008807], [122.26807469213561, 7.482579396071239], [122.25901202895201, 7.4825642551751335], [122.25902728321435, 7.4735192416163345], [122.26808975987133, 7.473534364008807]]]}, "properties": {"grid_id": "40_68", "pred_scaled_catboost": 0.3822750680066064, "pred_scaled_rf": 0.4203925288828788, "barangay_name_clean": NaN, "lon": 122.26355094253627, "lat": 7.478049329736739}}, {"type": "Feature", "geometry": {"type": "Polygon", "coordinates": [[[122.26807469213561, 7.482579396071239], [122.26805960565711, 7.491624424400432], [122.25899675571489, 7.49160926499996], [122.25901202895201, 7.4825642551751335], [122.26807469213561, 7.482579396071239]]]}, "properties": {"grid_id": "40_69", "pred_scaled_catboost": 0.3923071100906197, "pred_scaled_rf": 0.4218855199958885, "barangay_name_clean": NaN, "lon": 122.2635357721078, "lat": 7.487094350699528}}, {"type": "Feature", "geometry": {"type": "Polygon", "coordinates": [[[122.26805960565711, 7.491624424400432], [122.26804450043394, 7.500669448991969], [122.25898146350103, 7.500654271086404], [122.25899675571489, 7.49160926499996], [122.26805960565711, 7.491624424400432]]]}, "properties": {"grid_id": "40_70", "pred_scaled_catboost": 0.3934645414486591, "pred_scaled_rf": 0.4213393402736813, "barangay_name_clean": NaN, "lon": 122.26352058281962, "lat": 7.49613936792651}}, {"type": "Feature", "geometry": {"type": "Polygon", "coordinates": [[[122.27809357943146, 6.876567946692412], [122.27807991591447, 6.88561323361043], [122.26902904828479, 6.885599483706738], [122.2690428830673, 6.876554215019121], [122.27809357943146, 6.876567946692412]]]}, "properties": {"grid_id": "41_2", "pred_scaled_catboost": 0.3910153656681071, "pred_scaled_rf": 0.412508488986218, "barangay_name_clean": "MANALIPA", "lon": 122.27356135815124, "lat": 6.881083734025173}}, {"type": "Feature", "geometry": {"type": "Polygon", "coordinates": [[[122.27807991591447, 6.88561323361043], [122.27806623400497, 6.894658517087727], [122.26901519487927, 6.894644748952972], [122.26902904828479, 6.885599483706738], [122.27807991591447, 6.88561323361043]]]}, "properties": {"grid_id": "41_3", "pred_scaled_catboost": 0.4010287849857329, "pred_scaled_rf": 0.4130962539140645, "barangay_name_clean": "MANALIPA", "lon": 122.2735475997476, "lat": 6.89012901012639}}, {"type": "Feature", "geometry": {"type": "Polygon", "coordinates": [[[122.27798375620976, 6.948930145448164], [122.27796994550478, 6.95797540471632], [122.2689176994498, 6.957961508945544], [122.26893168326522, 6.948916267913105], [122.27798375620976, 6.948930145448164]]]}, "properties": {"grid_id": "41_10", "pred_scaled_catboost": 0.3449088725378696, "pred_scaled_rf": 0.3166671567143243, "barangay_name_clean": NaN, "lon": 122.2734507725839, "lat": 6.9534458461752395}}, {"type": "Feature", "geometry": {"type": "Polygon", "coordinates": [[[122.27796994550478, 6.95797540471632], [122.2779561163935, 6.967020660508304], [122.2689036969974, 6.967006746501145], [122.2689176994498, 6.957961508945544], [122.27796994550478, 6.95797540471632]]]}, "properties": {"grid_id": "41_11", "pred_scaled_catboost": 0.3317799559693236, "pred_scaled_rf": 0.3482203155810625, "barangay_name_clean": "LANDANG GUA", "lon": 122.27343686606285, "lat": 6.962491094606219}}, {"type": "Feature", "geometry": {"type": "Polygon", "coordinates": [[[122.2779561163935, 6.967020660508304], [122.27794226887423, 6.976065912819684], [122.26888967590628, 6.976051980575472], [122.2689036969974, 6.967006746501145], [122.2779561163935, 6.967020660508304]]]}, "properties": {"grid_id": "41_12", "pred_scaled_catboost": 0.3309324425585479, "pred_scaled_rf": 0.3412388677223239, "barangay_name_clean": "LANDANG GUA", "lon": 122.2734229410193, "lat": 6.971536339558479}}, {"type": "Feature", "geometry": {"type": "Polygon", "coordinates": [[[122.27794226887423, 6.976065912819684], [122.27792840294524, 6.985111161646033], [122.26887563617463, 6.985097211164099], [122.26888967590628, 6.976051980575472], [122.27794226887423, 6.976065912819684]]]}, "properties": {"grid_id": "41_13", "pred_scaled_catboost": 0.3226547817353481, "pred_scaled_rf": 0.3428061894202517, "barangay_name_clean": "PASILMANTA", "lon": 122.27340899745148, "lat": 6.98058158102759}}, {"type": "Feature", "geometry": {"type": "Polygon", "coordinates": [[[122.27792840294524, 6.985111161646033], [122.27791451860476, 6.994156406982921], [122.26886157780076, 6.9941424382625925], [122.26887563617463, 6.985097211164099], [122.27792840294524, 6.985111161646033]]]}, "properties": {"grid_id": "41_14", "pred_scaled_catboost": 0.3421769915067925, "pred_scaled_rf": 0.3496228005507793, "barangay_name_clean": "PASILMANTA", "lon": 122.27339503535772, "lat": 6.989626819009114}}, {"type": "Feature", "geometry": {"type": "Polygon", "coordinates": [[[122.27791451860476, 6.994156406982921], [122.27790061585108, 7.003201648825918], [122.26884750078288, 7.003187661866525], [122.26886157780076, 6.9941424382625925], [122.27791451860476, 6.994156406982921]]]}, "properties": {"grid_id": "41_15", "pred_scaled_catboost": 0.3789728287981167, "pred_scaled_rf": 0.4101429452656158, "barangay_name_clean": "PASILMANTA", "lon": 122.27338105473622, "lat": 6.99867205349863}}, {"type": "Feature", "geometry": {"type": "Polygon", "coordinates": [[[122.27773234593964, 7.111744276806844], [122.27771820365474, 7.120789472826403], [122.26866280213933, 7.120775248697582], [122.26867712169081, 7.1117300709259075], [122.27773234593964, 7.111744276806844]]]}, "properties": {"grid_id": "41_28", "pred_scaled_catboost": 0.3894069955213941, "pred_scaled_rf": 0.3845286816214934, "barangay_name_clean": NaN, "lon": 122.27319761983205, "lat": 7.116259782074587}}, {"type": "Feature", "geometry": {"type": "Polygon", "coordinates": [[[122.27771820365474, 7.120789472826403], [122.27770404293203, 7.129834665290107], [122.26864846391894, 7.129820422912717], [122.26866280213933, 7.120775248697582], [122.27771820365474, 7.120789472826403]]]}, "properties": {"grid_id": "41_29", "pred_scaled_catboost": 0.4142861025141853, "pred_scaled_rf": 0.3984840317381791, "barangay_name_clean": NaN, "lon": 122.27318337963712, "lat": 7.1253049672110516}}, {"type": "Feature", "geometry": {"type": "Polygon", "coordinates": [[[122.27770404293203, 7.129834665290107], [122.2776898637697, 7.138879854193529], [122.2686341070278, 7.138865593566884], [122.26864846391894, 7.129820422912717], [122.27770404293203, 7.129834665290107]]]}, "properties": {"grid_id": "41_30", "pred_scaled_catboost": 0.3992837243989064, "pred_scaled_rf": 0.390728807224946, "barangay_name_clean": NaN, "lon": 122.27316912088797, "lat": 7.1343501487891094}}, {"type": "Feature", "geometry": {"type": "Polygon", "coordinates": [[[122.27767566616598, 7.147925039532247], [122.27766145011911, 7.1569702213018385], [122.2686053372261, 7.156955924174621], [122.2686197314641, 7.147910760655658], [122.27767566616598, 7.147925039532247]]]}, "properties": {"grid_id": "41_32", "pred_scaled_catboost": 0.437724134731757, "pred_scaled_rf": 0.406741055058433, "barangay_name_clean": NaN, "lon": 122.2731405477196, "lat": 7.152440501252289}}, {"type": "Feature", "geometry": {"type": "Polygon", "coordinates": [[[122.27766145011911, 7.1569702213018385], [122.2776472156273, 7.16601539949788], [122.26859092431194, 7.166001084119345], [122.2686053372261, 7.156955924174621], [122.27766145011911, 7.1569702213018385]]]}, "properties": {"grid_id": "41_33", "pred_scaled_catboost": 0.4694122038861927, "pred_scaled_rf": 0.4156720617922207, "barangay_name_clean": NaN, "lon": 122.27312623329686, "lat": 7.161485672128575}}, {"type": "Feature", "geometry": {"type": "Polygon", "coordinates": [[[122.2776472156273, 7.16601539949788], [122.27763296268874, 7.175060574115949], [122.26857649271984, 7.175046240485408], [122.26859092431194, 7.166001084119345], [122.2776472156273, 7.16601539949788]]]}, "properties": {"grid_id": "41_34", "pred_scaled_catboost": 0.4223008739775447, "pred_scaled_rf": 0.4034799885219363, "barangay_name_clean": "DITA", "lon": 122.27311190031267, "lat": 7.1705308394287455}}, {"type": "Feature", "geometry": {"type": "Polygon", "coordinates": [[[122.27763296268874, 7.175060574115949], [122.27761869130165, 7.184105745151624], [122.26856204244798, 7.184091393268387], [122.26857649271984, 7.175046240485408], [122.27763296268874, 7.175060574115949]]]}, "properties": {"grid_id": "41_35", "pred_scaled_catboost": 0.4585825629719515, "pred_scaled_rf": 0.4157730146223569, "barangay_name_clean": NaN, "lon": 122.27309754876524, "lat": 7.179576003148394}}, {"type": "Feature", "geometry": {"type": "Polygon", "coordinates": [[[122.27756142123228, 7.220286393381969], [122.27754705757569, 7.2293315464393615], [122.26848951082864, 7.229317103282256], [122.26850405452657, 7.220271968481025], [122.27756142123228, 7.220286393381969]]]}, "properties": {"grid_id": "41_40", "pred_scaled_catboost": 0.411637041601657, "pred_scaled_rf": 0.4146899703621683, "barangay_name_clean": NaN, "lon": 122.27302551251634, "lat": 7.2248017678839815}}, {"type": "Feature", "geometry": {"type": "Polygon", "coordinates": [[[122.27754705757569, 7.2293315464393615], [122.27753267545981, 7.2383766958878395], [122.26847494844003, 7.238362234473877], [122.26848951082864, 7.229317103282256], [122.27754705757569, 7.2293315464393615]]]}, "properties": {"grid_id": "41_41", "pred_scaled_catboost": 0.3600832589587134, "pred_scaled_rf": 0.4032806886470041, "barangay_name_clean": "BUENAVISTA", "lon": 122.27301104955154, "lat": 7.233846910027619}}, {"type": "Feature", "geometry": {"type": "Polygon", "coordinates": [[[122.27753267545981, 7.2383766958878395], [122.27751827488281, 7.247421841722979], [122.26846036735894, 7.247407362051464], [122.26847494844003, 7.238362234473877], [122.27753267545981, 7.2383766958878395]]]}, "properties": {"grid_id": "41_42", "pred_scaled_catboost": 0.3726665202596642, "pred_scaled_rf": 0.3993942164181691, "barangay_name_clean": "BUENAVISTA", "lon": 122.27299656801085, "lat": 7.2428920485597805}}, {"type": "Feature", "geometry": {"type": "Polygon", "coordinates": [[[122.27751827488281, 7.247421841722979], [122.2775038558429, 7.256466983940364], [122.2684457675835, 7.256452486010598], [122.26846036735894, 7.247407362051464], [122.27751827488281, 7.247421841722979]]]}, "properties": {"grid_id": "41_43", "pred_scaled_catboost": 0.3898689435824752, "pred_scaled_rf": 0.4110543122998038, "barangay_name_clean": "MUTI", "lon": 122.27298206789247, "lat": 7.251937183476052}}, {"type": "Feature", "geometry": {"type": "Polygon", "coordinates": [[[122.2775038558429, 7.256466983940364], [122.27748941833825, 7.265512122535576], [122.26843114911189, 7.2654976063468615], [122.2684457675835, 7.256452486010598], [122.2775038558429, 7.256466983940364]]]}, "properties": {"grid_id": "41_44", "pred_scaled_catboost": 0.4099954281622235, "pred_scaled_rf": 0.4134352997314147, "barangay_name_clean": "MUTI", "lon": 122.27296754919453, "lat": 7.26098231477201}}, {"type": "Feature", "geometry": {"type": "Polygon", "coordinates": [[[122.27748941833825, 7.265512122535576], [122.27747496236708, 7.2745572575041955], [122.26841651194226, 7.2745427230558315], [122.26843114911189, 7.2654976063468615], [122.27748941833825, 7.265512122535576]]]}, "properties": {"grid_id": "41_45", "pred_scaled_catboost": 0.4178295125951936, "pred_scaled_rf": 0.4136940946855716, "barangay_name_clean": "MUTI", "lon": 122.27295301191523, "lat": 7.2700274424432365}}, {"type": "Feature", "geometry": {"type": "Polygon", "coordinates": [[[122.27747496236708, 7.2745572575041955], [122.27746048792756, 7.283602388841806], [122.26840185607283, 7.283587836133095], [122.26841651194226, 7.2745427230558315], [122.27747496236708, 7.2745572575041955]]]}, "properties": {"grid_id": "41_46", "pred_scaled_catboost": 0.4246815574157917, "pred_scaled_rf": 0.4083968625746695, "barangay_name_clean": "MUTI", "lon": 122.27293845605276, "lat": 7.2790725664853095}}, {"type": "Feature", "geometry": {"type": "Polygon", "coordinates": [[[122.27746048792756, 7.283602388841806], [122.27744599501786, 7.292647516543985], [122.26838718150167, 7.292632945574226], [122.26840185607283, 7.283587836133095], [122.27746048792756, 7.283602388841806]]]}, "properties": {"grid_id": "41_47", "pred_scaled_catboost": 0.4312073113505252, "pred_scaled_rf": 0.4604415384979713, "barangay_name_clean": "TAGASILAY", "lon": 122.2729238816053, "lat": 7.288117686893821}}, {"type": "Feature", "geometry": {"type": "Polygon", "coordinates": [[[122.27744599501786, 7.292647516543985], [122.27743148363618, 7.301692640606325], [122.26837248822703, 7.301678051374812], [122.26838718150167, 7.292632945574226], [122.27744599501786, 7.292647516543985]]]}, "properties": {"grid_id": "41_48", "pred_scaled_catboost": 0.4248531166485779, "pred_scaled_rf": 0.4675792179933308, "barangay_name_clean": "TAGASILAY", "lon": 122.27290928857094, "lat": 7.297162803664338}}, {"type": "Feature", "geometry": {"type": "Polygon", "coordinates": [[[122.27743148363618, 7.301692640606325], [122.2774169537807, 7.310737761024404], [122.26835777624702, 7.310723153530436], [122.26837248822703, 7.301678051374812], [122.27743148363618, 7.301692640606325]]]}, "properties": {"grid_id": "41_49", "pred_scaled_catboost": 0.3930982013520502, "pred_scaled_rf": 0.3937967662092865, "barangay_name_clean": "TAGASILAY", "lon": 122.27289467694794, "lat": 7.306207916792459}}, {"type": "Feature", "geometry": {"type": "Polygon", "coordinates": [[[122.2774169537807, 7.310737761024404], [122.27740240544959, 7.319782877793802], [122.26834304555979, 7.319768252036677], [122.26835777624702, 7.310723153530436], [122.2774169537807, 7.310737761024404]]]}, "properties": {"grid_id": "41_50", "pred_scaled_catboost": 0.3683571691948138, "pred_scaled_rf": 0.3855878063272807, "barangay_name_clean": "TIGBALABAG", "lon": 122.27288004673447, "lat": 7.315253026273758}}, {"type": "Feature", "geometry": {"type": "Polygon", "coordinates": [[[122.27740240544959, 7.319782877793802], [122.277387838641, 7.328827990910107], [122.26832829616346, 7.328813346889118], [122.26834304555979, 7.319768252036677], [122.27740240544959, 7.319782877793802]]]}, "properties": {"grid_id": "41_51", "pred_scaled_catboost": 0.3813571873159158, "pred_scaled_rf": 0.3917339498226365, "barangay_name_clean": "TIGBALABAG", "lon": 122.27286539792861, "lat": 7.324298132103819}}, {"type": "Feature", "geometry": {"type": "Polygon", "coordinates": [[[122.277387838641, 7.328827990910107], [122.27737325335313, 7.337873100368904], [122.26831352805624, 7.337858438083347], [122.26832829616346, 7.328813346889118], [122.277387838641, 7.328827990910107]]]}, "properties": {"grid_id": "41_52", "pred_scaled_catboost": 0.365384905469265, "pred_scaled_rf": 0.3840379052152128, "barangay_name_clean": "TIGBALABAG", "lon": 122.27285073052857, "lat": 7.333343234278225}}, {"type": "Feature", "geometry": {"type": "Polygon", "coordinates": [[[122.27737325335313, 7.337873100368904], [122.27735864958413, 7.346918206165774], [122.26829874123628, 7.346903525614943], [122.26831352805624, 7.337858438083347], [122.27737325335313, 7.337873100368904]]]}, "properties": {"grid_id": "41_53", "pred_scaled_catboost": 0.3589570879899607, "pred_scaled_rf": 0.3935775976287645, "barangay_name_clean": "MANGUSU", "lon": 122.27283604453254, "lat": 7.342388332792561}}, {"type": "Feature", "geometry": {"type": "Polygon", "coordinates": [[[122.27735864958413, 7.346918206165774], [122.27734402733219, 7.355963308296305], [122.26828393570166, 7.355948609479492], [122.26829874123628, 7.346903525614943], [122.27735864958413, 7.346918206165774]]]}, "properties": {"grid_id": "41_54", "pred_scaled_catboost": 0.4179441511117001, "pred_scaled_rf": 0.3746461435318536, "barangay_name_clean": "VITALI", "lon": 122.27282133993862, "lat": 7.351433427642417}}, {"type": "Feature", "geometry": {"type": "Polygon", "coordinates": [[[122.27734402733219, 7.355963308296305], [122.27732938659545, 7.365008406756084], [122.26826911145055, 7.364993689672581], [122.26828393570166, 7.355948609479492], [122.27734402733219, 7.355963308296305]]]}, "properties": {"grid_id": "41_55", "pred_scaled_catboost": 0.3990700818907629, "pred_scaled_rf": 0.3768978042612061, "barangay_name_clean": "VITALI", "lon": 122.27280661674499, "lat": 7.3604785188233715}}, {"type": "Feature", "geometry": {"type": "Polygon", "coordinates": [[[122.27732938659545, 7.365008406756084], [122.27731472737209, 7.3740535015406925], [122.26825426848113, 7.37403876618979], [122.26826911145055, 7.364993689672581], [122.27732938659545, 7.365008406756084]]]}, "properties": {"grid_id": "41_56", "pred_scaled_catboost": 0.4248974448127964, "pred_scaled_rf": 0.3782662966661179, "barangay_name_clean": "VITALI", "lon": 122.2727918749498, "lat": 7.3695236063310094}}, {"type": "Feature", "geometry": {"type": "Polygon", "coordinates": [[[122.27731472737209, 7.3740535015406925], [122.27730004966025, 7.3830985926457195], [122.26823940679145, 7.383083839026705], [122.26825426848113, 7.37403876618979], [122.27731472737209, 7.3740535015406925]]]}, "properties": {"grid_id": "41_57", "pred_scaled_catboost": 0.4008848594526327, "pred_scaled_rf": 0.3791855639128699, "barangay_name_clean": "VITALI", "lon": 122.27277711455116, "lat": 7.378568690160921}}, {"type": "Feature", "geometry": {"type": "Polygon", "coordinates": [[[122.27730004966025, 7.3830985926457195], [122.2772853534581, 7.392143680066752], [122.26822452637971, 7.3921289081789165], [122.26823940679145, 7.383083839026705], [122.27730004966025, 7.3830985926457195]]]}, "properties": {"grid_id": "41_58", "pred_scaled_catboost": 0.3979719361163722, "pred_scaled_rf": 0.3658661611317765, "barangay_name_clean": "VITALI", "lon": 122.2727623355473, "lat": 7.3876137703086835}}, {"type": "Feature", "geometry": {"type": "Polygon", "coordinates": [[[122.2772853534581, 7.392143680066752], [122.2772706387638, 7.4011887637993725], [122.26820962724405, 7.401173973642006], [122.26822452637971, 7.3921289081789165], [122.2772853534581, 7.392143680066752]]]}, "properties": {"grid_id": "41_59", "pred_scaled_catboost": 0.4114491657826218, "pred_scaled_rf": 0.4506551134239651, "barangay_name_clean": "VITALI", "lon": 122.27274753793627, "lat": 7.39665884676989}}, {"type": "Feature", "geometry": {"type": "Polygon", "coordinates": [[[122.2772706387638, 7.4011887637993725], [122.27725590557546, 7.410233843839175], [122.26819470938253, 7.410219035411559], [122.26820962724405, 7.401173973642006], [122.2772706387638, 7.4011887637993725]]]}, "properties": {"grid_id": "41_60", "pred_scaled_catboost": 0.3682402285303376, "pred_scaled_rf": 0.3818252439847068, "barangay_name_clean": "VITALI", "lon": 122.2727327217163, "lat": 7.40570391954013}}, {"type": "Feature", "geometry": {"type": "Polygon", "coordinates": [[[122.27725590557546, 7.410233843839175], [122.27724115389127, 7.419278920181742], [122.26817977279335, 7.419264093483168], [122.26819470938253, 7.410219035411559], [122.27725590557546, 7.410233843839175]]]}, "properties": {"grid_id": "41_61", "pred_scaled_catboost": 0.3451627058357671, "pred_scaled_rf": 0.3973051373713633, "barangay_name_clean": "VITALI", "lon": 122.27271788688546, "lat": 7.414748988614982}}, {"type": "Feature", "geometry": {"type": "Polygon", "coordinates": [[[122.27724115389127, 7.419278920181742], [122.27722638370939, 7.428323992822662], [122.26816481747458, 7.428309147852414], [122.26817977279335, 7.419264093483168], [122.27724115389127, 7.419278920181742]]]}, "properties": {"grid_id": "41_62", "pred_scaled_catboost": 0.3854075915414664, "pred_scaled_rf": 0.3912235699036238, "barangay_name_clean": "TICTAPUL", "lon": 122.2727030334419, "lat": 7.423794053990042}}, {"type": "Feature", "geometry": {"type": "Polygon", "coordinates": [[[122.27722638370939, 7.428323992822662], [122.27721159502794, 7.437369061757524], [122.26814984342437, 7.437354198514886], [122.26816481747458, 7.428309147852414], [122.27722638370939, 7.428323992822662]]]}, "properties": {"grid_id": "41_63", "pred_scaled_catboost": 0.3734087457486583, "pred_scaled_rf": 0.3740824768476424, "barangay_name_clean": "TICTAPUL", "lon": 122.27268816138381, "lat": 7.432839115660888}}, {"type": "Feature", "geometry": {"type": "Polygon", "coordinates": [[[122.27721159502794, 7.437369061757524], [122.27719678784503, 7.446414126981919], [122.2681348506408, 7.446399245466177], [122.26814984342437, 7.437354198514886], [122.27721159502794, 7.437369061757524]]]}, "properties": {"grid_id": "41_64", "pred_scaled_catboost": 0.3724123265479303, "pred_scaled_rf": 0.3846349725964268, "barangay_name_clean": "TICTAPUL", "lon": 122.27267327070926, "lat": 7.441884173623118}}, {"type": "Feature", "geometry": {"type": "Polygon", "coordinates": [[[122.27719678784503, 7.446414126981919], [122.27718196215886, 7.455459188491434], [122.26811983912205, 7.455444288701866], [122.2681348506408, 7.446399245466177], [122.27719678784503, 7.446414126981919]]]}, "properties": {"grid_id": "41_65", "pred_scaled_catboost": 0.3754482331106636, "pred_scaled_rf": 0.3764253437672488, "barangay_name_clean": "LICOMO", "lon": 122.27265836141638, "lat": 7.450929227872315}}, {"type": "Feature", "geometry": {"type": "Polygon", "coordinates": [[[122.27718196215886, 7.455459188491434], [122.27716711796754, 7.464504246281661], [122.26810480886618, 7.464489328217548], [122.26811983912205, 7.455444288701866], [122.27718196215886, 7.455459188491434]]]}, "properties": {"grid_id": "41_66", "pred_scaled_catboost": 0.3716184315416379, "pred_scaled_rf": 0.3858863906501849, "barangay_name_clean": "LICOMO", "lon": 122.27264343350329, "lat": 7.459974278404068}}, {"type": "Feature", "geometry": {"type": "Polygon", "coordinates": [[[122.27716711796754, 7.464504246281661], [122.2771522552692, 7.473549300348181], [122.26808975987133, 7.473534364008807], [122.26810480886618, 7.464489328217548], [122.27716711796754, 7.464504246281661]]]}, "properties": {"grid_id": "41_67", "pred_scaled_catboost": 0.3689325003556432, "pred_scaled_rf": 0.3772381777321721, "barangay_name_clean": "LICOMO", "lon": 122.27262848696819, "lat": 7.469019325213966}}, {"type": "Feature", "geometry": {"type": "Polygon", "coordinates": [[[122.2771522552692, 7.473549300348181], [122.277137374062, 7.482594350686593], [122.26807469213561, 7.482579396071239], [122.26808975987133, 7.473534364008807], [122.2771522552692, 7.473549300348181]]]}, "properties": {"grid_id": "41_68", "pred_scaled_catboost": 0.3816383158043711, "pred_scaled_rf": 0.4184198041508368, "barangay_name_clean": NaN, "lon": 122.2726135218091, "lat": 7.4780643682975985}}, {"type": "Feature", "geometry": {"type": "Polygon", "coordinates": [[[122.277137374062, 7.482594350686593], [122.277122474344, 7.491639397292491], [122.26805960565711, 7.491624424400432], [122.26807469213561, 7.482579396071239], [122.277137374062, 7.482594350686593]]]}, "properties": {"grid_id": "41_69", "pred_scaled_catboost": 0.3911627741145541, "pred_scaled_rf": 0.421482510941546, "barangay_name_clean": NaN, "lon": 122.27259853802423, "lat": 7.487109407650557}}, {"type": "Feature", "geometry": {"type": "Polygon", "coordinates": [[[122.277122474344, 7.491639397292491], [122.2771075561134, 7.500684440161452], [122.26804450043394, 7.500669448991969], [122.26805960565711, 7.491624424400432], [122.277122474344, 7.491639397292491]]]}, "properties": {"grid_id": "41_70", "pred_scaled_catboost": 0.3979784956133473, "pred_scaled_rf": 0.4223306433939339, "barangay_name_clean": NaN, "lon": 122.27258353561163, "lat": 7.496154443268434}}, {"type": "Feature", "geometry": {"type": "Polygon", "coordinates": [[[122.2771075561134, 7.500684440161452], [122.2770926193683, 7.50972947928908], [122.26802937646418, 7.509714469841448], [122.26804450043394, 7.500669448991969], [122.2771075561134, 7.500684440161452]]]}, "properties": {"grid_id": "41_71", "pred_scaled_catboost": 0.3896947328592978, "pred_scaled_rf": 0.4219394343552523, "barangay_name_clean": NaN, "lon": 122.27256851456943, "lat": 7.505199475146816}}, {"type": "Feature", "geometry": {"type": "Polygon", "coordinates": [[[122.28715776827592, 6.867536198959672], [122.28714429418638, 6.876581507316639], [122.27809357943146, 6.876567946692412], [122.27810722455769, 6.867522656338109], [122.28715776827592, 6.867536198959672]]]}, "properties": {"grid_id": "42_1", "pred_scaled_catboost": 0.3404092732204305, "pred_scaled_rf": 0.3226928600180604, "barangay_name_clean": NaN, "lon": 122.28262571807124, "lat": 6.872052091575803}}, {"type": "Feature", "geometry": {"type": "Polygon", "coordinates": [[[122.28714429418638, 6.876581507316639], [122.28713080193661, 6.88562681223797], [122.27807991591447, 6.88561323361043], [122.27809357943146, 6.876567946692412], [122.28714429418638, 6.876581507316639]]]}, "properties": {"grid_id": "42_2", "pred_scaled_catboost": 0.3411601812147022, "pred_scaled_rf": 0.3244893786826616, "barangay_name_clean": "MANALIPA", "lon": 122.28261214932563, "lat": 6.881097389232387}}, {"type": "Feature", "geometry": {"type": "Polygon", "coordinates": [[[122.28713080193661, 6.88562681223797], [122.28711729152491, 6.894672113719232], [122.27806623400497, 6.894658517087727], [122.27807991591447, 6.88561323361043], [122.28713080193661, 6.88562681223797]]]}, "properties": {"grid_id": "42_3", "pred_scaled_catboost": 0.3832787200256592, "pred_scaled_rf": 0.4116941418662793, "barangay_name_clean": NaN, "lon": 122.28259856230359, "lat": 6.8901426834508}}, {"type": "Feature", "geometry": {"type": "Polygon", "coordinates": [[[122.287022209966, 6.957989127393951], [122.28700855419758, 6.967034401195156], [122.2779561163935, 6.967020660508304], [122.27796994550478, 6.95797540471632], [122.287022209966, 6.957989127393951]]]}, "properties": {"grid_id": "42_11", "pred_scaled_catboost": 0.3500425712527757, "pred_scaled_rf": 0.3520660046627517, "barangay_name_clean": NaN, "lon": 122.28248920797354, "lat": 6.962504912891855}}, {"type": "Feature", "geometry": {"type": "Polygon", "coordinates": [[[122.28700855419758, 6.967034401195156], [122.28699488025194, 6.97607967151642], [122.27794226887423, 6.976065912819684], [122.2779561163935, 6.967020660508304], [122.28700855419758, 6.967034401195156]]]}, "properties": {"grid_id": "42_12", "pred_scaled_catboost": 0.3424174526196261, "pred_scaled_rf": 0.3517078905317548, "barangay_name_clean": "PASILMANTA", "lon": 122.28247545638735, "lat": 6.971550175967251}}, {"type": "Feature", "geometry": {"type": "Polygon", "coordinates": [[[122.28699488025194, 6.97607967151642], [122.28698118812729, 6.985124938353315], [122.27792840294524, 6.985111161646033], [122.27794226887423, 6.976065912819684], [122.28699488025194, 6.97607967151642]]]}, "properties": {"grid_id": "42_13", "pred_scaled_catboost": 0.3079877362206042, "pred_scaled_rf": 0.3560229622383547, "barangay_name_clean": "PASILMANTA", "lon": 122.2824616865077, "lat": 6.980595435560156}}, {"type": "Feature", "geometry": {"type": "Polygon", "coordinates": [[[122.28698118812729, 6.985124938353315], [122.28696747782197, 6.994170201701412], [122.27791451860476, 6.994156406982921], [122.27792840294524, 6.985111161646033], [122.28698118812729, 6.985124938353315]]]}, "properties": {"grid_id": "42_14", "pred_scaled_catboost": 0.3407456424478262, "pred_scaled_rf": 0.3449680449727739, "barangay_name_clean": "PASILMANTA", "lon": 122.28244789833279, "lat": 6.989640691666155}}, {"type": "Feature", "geometry": {"type": "Polygon", "coordinates": [[[122.28670352538936, 7.166029536556434], [122.28668945110616, 7.175074729199155], [122.27763296268874, 7.175060574115949], [122.2776472156273, 7.16601539949788], [122.28670352538936, 7.166029536556434]]]}, "properties": {"grid_id": "42_34", "pred_scaled_catboost": 0.4575297658002183, "pred_scaled_rf": 0.4163592610411304, "barangay_name_clean": NaN, "lon": 122.28216829016021, "lat": 7.17054507471649}}, {"type": "Feature", "geometry": {"type": "Polygon", "coordinates": [[[122.28668945110616, 7.175074729199155], [122.28667535860566, 7.184119918260165], [122.27761869130165, 7.184105745151624], [122.27763296268874, 7.175060574115949], [122.28668945110616, 7.175074729199155]]]}, "properties": {"grid_id": "42_35", "pred_scaled_catboost": 0.4575693443050915, "pred_scaled_rf": 0.4162915270267462, "barangay_name_clean": NaN, "lon": 122.28215411738287, "lat": 7.1795902565748095}}, {"type": "Feature", "geometry": {"type": "Polygon", "coordinates": [[[122.28660462278205, 7.229345809684817], [122.28659042094067, 7.238390977162736], [122.27753267545981, 7.2383766958878395], [122.27754705757569, 7.2293315464393615], [122.28660462278205, 7.229345809684817]]]}, "properties": {"grid_id": "42_41", "pred_scaled_catboost": 0.4020350637160058, "pred_scaled_rf": 0.4112102846009026, "barangay_name_clean": NaN, "lon": 122.28206869564666, "lat": 7.233861272300502}}, {"type": "Feature", "geometry": {"type": "Polygon", "coordinates": [[[122.28659042094067, 7.238390977162736], [122.28657620086959, 7.247436141028006], [122.27751827488281, 7.247421841722979], [122.27753267545981, 7.2383766958878395], [122.28659042094067, 7.238390977162736]]]}, "properties": {"grid_id": "42_42", "pred_scaled_catboost": 0.3938698909036203, "pred_scaled_rf": 0.4105869180341687, "barangay_name_clean": NaN, "lon": 122.28205439449529, "lat": 7.2429064289761635}}, {"type": "Feature", "geometry": {"type": "Polygon", "coordinates": [[[122.28657620086959, 7.247436141028006], [122.286561962567, 7.2564813012762075], [122.2775038558429, 7.256466983940364], [122.27751827488281, 7.247421841722979], [122.28657620086959, 7.247436141028006]]]}, "properties": {"grid_id": "42_43", "pred_scaled_catboost": 0.3910497315570554, "pred_scaled_rf": 0.4256941168624863, "barangay_name_clean": "MUTI", "lon": 122.28204007499761, "lat": 7.25195158203662}}, {"type": "Feature", "geometry": {"type": "Polygon", "coordinates": [[[122.286561962567, 7.2564813012762075], [122.28654770603117, 7.2655264579029275], [122.27748941833825, 7.265512122535576], [122.2775038558429, 7.256466983940364], [122.286561962567, 7.2564813012762075]]]}, "properties": {"grid_id": "42_44", "pred_scaled_catboost": 0.3936145921710047, "pred_scaled_rf": 0.4254053749358897, "barangay_name_clean": "MUTI", "lon": 122.28202573715186, "lat": 7.260996731477462}}, {"type": "Feature", "geometry": {"type": "Polygon", "coordinates": [[[122.28654770603117, 7.2655264579029275], [122.28653343126025, 7.274571610903743], [122.27747496236708, 7.2745572575041955], [122.27748941833825, 7.265512122535576], [122.28654770603117, 7.2655264579029275]]]}, "properties": {"grid_id": "42_45", "pred_scaled_catboost": 0.4109553543826638, "pred_scaled_rf": 0.4040642072659348, "barangay_name_clean": "MUTI", "lon": 122.28201138095616, "lat": 7.27004187729426}}, {"type": "Feature", "geometry": {"type": "Polygon", "coordinates": [[[122.28653343126025, 7.274571610903743], [122.28651913825246, 7.283616760274242], [122.27746048792756, 7.283602388841806], [122.27747496236708, 7.2745572575041955], [122.28653343126025, 7.274571610903743]]]}, "properties": {"grid_id": "42_46", "pred_scaled_catboost": 0.4366392663690922, "pred_scaled_rf": 0.4248224674993425, "barangay_name_clean": "MUTI", "lon": 122.28199700640879, "lat": 7.279087019482607}}, {"type": "Feature", "geometry": {"type": "Polygon", "coordinates": [[[122.28651913825246, 7.283616760274242], [122.28650482700604, 7.292661906010006], [122.27744599501786, 7.292647516543985], [122.27746048792756, 7.283602388841806], [122.28651913825246, 7.283616760274242]]]}, "properties": {"grid_id": "42_47", "pred_scaled_catboost": 0.4147990236639933, "pred_scaled_rf": 0.4055502752132036, "barangay_name_clean": "TAGUITI", "lon": 122.28198261350788, "lat": 7.288132158038083}}, {"type": "Feature", "geometry": {"type": "Polygon", "coordinates": [[[122.28650482700604, 7.292661906010006], [122.28649049751915, 7.301707048106618], [122.27743148363618, 7.301692640606325], [122.27744599501786, 7.292647516543985], [122.28650482700604, 7.292661906010006]]]}, "properties": {"grid_id": "42_48", "pred_scaled_catboost": 0.4172015949523621, "pred_scaled_rf": 0.3806976050267136, "barangay_name_clean": "TAGUITI", "lon": 122.2819682022517, "lat": 7.297177292956267}}, {"type": "Feature", "geometry": {"type": "Polygon", "coordinates": [[[122.28649049751915, 7.301707048106618], [122.28647614979002, 7.310752186559663], [122.2774169537807, 7.310737761024404], [122.27743148363618, 7.301692640606325], [122.28649049751915, 7.301707048106618]]]}, "properties": {"grid_id": "42_49", "pred_scaled_catboost": 0.3842224275284645, "pred_scaled_rf": 0.379017104732081, "barangay_name_clean": "TAGUITI", "lon": 122.28195377263837, "lat": 7.306222424232748}}, {"type": "Feature", "geometry": {"type": "Polygon", "coordinates": [[[122.28647614979002, 7.310752186559663], [122.28646178381683, 7.319797321364724], [122.27740240544959, 7.319782877793802], [122.2774169537807, 7.310737761024404], [122.28647614979002, 7.310752186559663]]]}, "properties": {"grid_id": "42_50", "pred_scaled_catboost": 0.3626728963959411, "pred_scaled_rf": 0.3763771375540604, "barangay_name_clean": "TAGUITI", "lon": 122.2819393246661, "lat": 7.315267551863106}}, {"type": "Feature", "geometry": {"type": "Polygon", "coordinates": [[[122.28646178381683, 7.319797321364724], [122.28644739959782, 7.32884245251739], [122.277387838641, 7.328827990910107], [122.27740240544959, 7.319782877793802], [122.28646178381683, 7.319797321364724]]]}, "properties": {"grid_id": "42_51", "pred_scaled_catboost": 0.3769913592924464, "pred_scaled_rf": 0.3947089429814898, "barangay_name_clean": "TIGBALABAG", "lon": 122.28192485833308, "lat": 7.324312675842931}}, {"type": "Feature", "geometry": {"type": "Polygon", "coordinates": [[[122.28644739959782, 7.32884245251739], [122.2864329971311, 7.337887580013244], [122.27737325335313, 7.337873100368904], [122.277387838641, 7.328827990910107], [122.28644739959782, 7.32884245251739]]]}, "properties": {"grid_id": "42_52", "pred_scaled_catboost": 0.3783208637963253, "pred_scaled_rf": 0.3808314298002668, "barangay_name_clean": "TIGBALABAG", "lon": 122.28191037363752, "lat": 7.333357796167798}}, {"type": "Feature", "geometry": {"type": "Polygon", "coordinates": [[[122.2864329971311, 7.337887580013244], [122.28641857641493, 7.346932703847867], [122.27735864958413, 7.346918206165774], [122.27737325335313, 7.337873100368904], [122.2864329971311, 7.337887580013244]]]}, "properties": {"grid_id": "42_53", "pred_scaled_catboost": 0.3996564726448328, "pred_scaled_rf": 0.3931820161433927, "barangay_name_clean": "MANGUSU", "lon": 122.28189587057754, "lat": 7.342402912833302}}, {"type": "Feature", "geometry": {"type": "Polygon", "coordinates": [[[122.28641857641493, 7.346932703847867], [122.2864041374475, 7.355977824016851], [122.27734402733219, 7.355963308296305], [122.27735864958413, 7.346918206165774], [122.28641857641493, 7.346932703847867]]]}, "properties": {"grid_id": "42_54", "pred_scaled_catboost": 0.3777404485297372, "pred_scaled_rf": 0.3888977344153722, "barangay_name_clean": "MANGUSU", "lon": 122.28188134915136, "lat": 7.351448025835021}}, {"type": "Feature", "geometry": {"type": "Polygon", "coordinates": [[[122.2864041374475, 7.355977824016851], [122.28638968022696, 7.365022940515781], [122.27732938659545, 7.365008406756084], [122.27734402733219, 7.355963308296305], [122.2864041374475, 7.355977824016851]]]}, "properties": {"grid_id": "42_55", "pred_scaled_catboost": 0.3712285570486752, "pred_scaled_rf": 0.3908681483950036, "barangay_name_clean": "MANGUSU", "lon": 122.28186680935718, "lat": 7.360493135168542}}, {"type": "Feature", "geometry": {"type": "Polygon", "coordinates": [[[122.28638968022696, 7.365022940515781], [122.28637520475151, 7.3740680533402445], [122.27731472737209, 7.3740535015406925], [122.27732938659545, 7.365008406756084], [122.28638968022696, 7.365022940515781]]]}, "properties": {"grid_id": "42_56", "pred_scaled_catboost": 0.4021261261310598, "pred_scaled_rf": 0.3842394984563229, "barangay_name_clean": "VITALI", "lon": 122.28185225119311, "lat": 7.3695382408294545}}, {"type": "Feature", "geometry": {"type": "Polygon", "coordinates": [[[122.28637520475151, 7.3740680533402445], [122.28636071101934, 7.383113162485826], [122.27730004966025, 7.3830985926457195], [122.27731472737209, 7.3740535015406925], [122.28637520475151, 7.3740680533402445]]]}, "properties": {"grid_id": "42_57", "pred_scaled_catboost": 0.389373228054611, "pred_scaled_rf": 0.3855784407138301, "barangay_name_clean": "VITALI", "lon": 122.28183767465735, "lat": 7.378583342813344}}, {"type": "Feature", "geometry": {"type": "Polygon", "coordinates": [[[122.28636071101934, 7.383113162485826], [122.28634619902863, 7.392158267948114], [122.2772853534581, 7.392143680066752], [122.27730004966025, 7.3830985926457195], [122.28636071101934, 7.383113162485826]]]}, "properties": {"grid_id": "42_58", "pred_scaled_catboost": 0.3906144627064595, "pred_scaled_rf": 0.3860137626265736, "barangay_name_clean": "VITALI", "lon": 122.28182307974814, "lat": 7.387628441115797}}, {"type": "Feature", "geometry": {"type": "Polygon", "coordinates": [[[122.28634619902863, 7.392158267948114], [122.28633166877755, 7.401203369722694], [122.2772706387638, 7.4011887637993725], [122.2772853534581, 7.392143680066752], [122.28634619902863, 7.392158267948114]]]}, "properties": {"grid_id": "42_59", "pred_scaled_catboost": 0.3958957547313724, "pred_scaled_rf": 0.439471487070865, "barangay_name_clean": "VITALI", "lon": 122.28180846646354, "lat": 7.396673535732397}}, {"type": "Feature", "geometry": {"type": "Polygon", "coordinates": [[[122.28633166877755, 7.401203369722694], [122.28631712026424, 7.410248467805158], [122.27725590557546, 7.410233843839175], [122.2772706387638, 7.4011887637993725], [122.28633166877755, 7.401203369722694]]]}, "properties": {"grid_id": "42_60", "pred_scaled_catboost": 0.3932620290981596, "pred_scaled_rf": 0.3951258491597449, "barangay_name_clean": "VITALI", "lon": 122.28179383480176, "lat": 7.405718626658734}}, {"type": "Feature", "geometry": {"type": "Polygon", "coordinates": [[[122.28631712026424, 7.410248467805158], [122.28630255348693, 7.419293562191095], [122.27724115389127, 7.419278920181742], [122.27725590557546, 7.410233843839175], [122.28631712026424, 7.410248467805158]]]}, "properties": {"grid_id": "42_61", "pred_scaled_catboost": 0.4114005195822998, "pred_scaled_rf": 0.4024315332081007, "barangay_name_clean": "VITALI", "lon": 122.28177918476091, "lat": 7.414763713890398}}, {"type": "Feature", "geometry": {"type": "Polygon", "coordinates": [[[122.28630255348693, 7.419293562191095], [122.28628796844376, 7.428338652876087], [122.27722638370939, 7.428323992822662], [122.27724115389127, 7.419278920181742], [122.28630255348693, 7.419293562191095]]]}, "properties": {"grid_id": "42_62", "pred_scaled_catboost": 0.435537970530387, "pred_scaled_rf": 0.3910079058188793, "barangay_name_clean": "TICTAPUL", "lon": 122.28176451633927, "lat": 7.423808797422971}}, {"type": "Feature", "geometry": {"type": "Polygon", "coordinates": [[[122.28628796844376, 7.428338652876087], [122.28627336513291, 7.437383739855731], [122.27721159502794, 7.437369061757524], [122.27722638370939, 7.428323992822662], [122.28628796844376, 7.428338652876087]]]}, "properties": {"grid_id": "42_63", "pred_scaled_catboost": 0.4059483937489784, "pred_scaled_rf": 0.39340234527927, "barangay_name_clean": "LICOMO", "lon": 122.28174982953489, "lat": 7.432853877252051}}, {"type": "Feature", "geometry": {"type": "Polygon", "coordinates": [[[122.28627336513291, 7.437383739855731], [122.28625874355255, 7.446428823125615], [122.27719678784503, 7.446414126981919], [122.27721159502794, 7.437369061757524], [122.28627336513291, 7.437383739855731]]]}, "properties": {"grid_id": "42_64", "pred_scaled_catboost": 0.3608689540621383, "pred_scaled_rf": 0.3958562177558832, "barangay_name_clean": "LICOMO", "lon": 122.28173512434596, "lat": 7.441898953373222}}, {"type": "Feature", "geometry": {"type": "Polygon", "coordinates": [[[122.28625874355255, 7.446428823125615], [122.28624410370082, 7.455473902681326], [122.27718196215886, 7.455459188491434], [122.27719678784503, 7.446414126981919], [122.28625874355255, 7.446428823125615]]]}, "properties": {"grid_id": "42_65", "pred_scaled_catboost": 0.3887929127639996, "pred_scaled_rf": 0.3943587228915988, "barangay_name_clean": "LICOMO", "lon": 122.28172040077061, "lat": 7.450944025782071}}, {"type": "Feature", "geometry": {"type": "Polygon", "coordinates": [[[122.28624410370082, 7.455473902681326], [122.28622944557591, 7.464518978518457], [122.27716711796754, 7.464504246281661], [122.27718196215886, 7.455459188491434], [122.28624410370082, 7.455473902681326]]]}, "properties": {"grid_id": "42_66", "pred_scaled_catboost": 0.3788119153860073, "pred_scaled_rf": 0.3853503199175719, "barangay_name_clean": "LICOMO", "lon": 122.28170565880706, "lat": 7.459989094474193}}, {"type": "Feature", "geometry": {"type": "Polygon", "coordinates": [[[122.28622944557591, 7.464518978518457], [122.28621476917594, 7.473564050632594], [122.2771522552692, 7.473549300348181], [122.27716711796754, 7.464504246281661], [122.28622944557591, 7.464518978518457]]]}, "properties": {"grid_id": "42_67", "pred_scaled_catboost": 0.4207920933758288, "pred_scaled_rf": 0.3811047005275284, "barangay_name_clean": "LICOMO", "lon": 122.28169089845338, "lat": 7.469034159445171}}, {"type": "Feature", "geometry": {"type": "Polygon", "coordinates": [[[122.28621476917594, 7.473564050632594], [122.2862000744991, 7.482609119019337], [122.277137374062, 7.482594350686593], [122.2771522552692, 7.473549300348181], [122.28621476917594, 7.473564050632594]]]}, "properties": {"grid_id": "42_68", "pred_scaled_catboost": 0.3890072902246738, "pred_scaled_rf": 0.3815110499435258, "barangay_name_clean": "LICOMO", "lon": 122.28167611970778, "lat": 7.478079220690602}}, {"type": "Feature", "geometry": {"type": "Polygon", "coordinates": [[[122.2862000744991, 7.482609119019337], [122.28618536154353, 7.49165418367427], [122.277122474344, 7.491639397292491], [122.277137374062, 7.482594350686593], [122.2862000744991, 7.482609119019337]]]}, "properties": {"grid_id": "42_69", "pred_scaled_catboost": 0.3876512637054917, "pred_scaled_rf": 0.3858526106115479, "barangay_name_clean": "LICOMO", "lon": 122.28166132256833, "lat": 7.487124278206079}}, {"type": "Feature", "geometry": {"type": "Polygon", "coordinates": [[[122.28618536154353, 7.49165418367427], [122.28617063030737, 7.500699244592988], [122.2771075561134, 7.500684440161452], [122.277122474344, 7.491639397292491], [122.28618536154353, 7.49165418367427]]]}, "properties": {"grid_id": "42_70", "pred_scaled_catboost": 0.3708583362095835, "pred_scaled_rf": 0.3855965177752061, "barangay_name_clean": "LICOMO", "lon": 122.28164650703323, "lat": 7.49616933198718}}, {"type": "Feature", "geometry": {"type": "Polygon", "coordinates": [[[122.28617063030737, 7.500699244592988], [122.28615588078878, 7.509744301771083], [122.2770926193683, 7.50972947928908], [122.2771075561134, 7.500684440161452], [122.28617063030737, 7.500699244592988]]]}, "properties": {"grid_id": "42_71", "pred_scaled_catboost": 0.390006643658225, "pred_scaled_rf": 0.421736050595948, "barangay_name_clean": NaN, "lon": 122.28163167310058, "lat": 7.505214382029511}}, {"type": "Feature", "geometry": {"type": "Polygon", "coordinates": [[[122.28615588078878, 7.509744301771083], [122.2861411129859, 7.518789355204146], [122.27707766410681, 7.518774514670963], [122.2770926193683, 7.50972947928908], [122.28615588078878, 7.509744301771083]]]}, "properties": {"grid_id": "42_72", "pred_scaled_catboost": 0.3673130844114851, "pred_scaled_rf": 0.3690292856962991, "barangay_name_clean": "LICOMO", "lon": 122.28161682076852, "lat": 7.514259428328659}}, {"type": "Feature", "geometry": {"type": "Polygon", "coordinates": [[[122.2962083301527, 6.8675495707575624], [122.29619502710158, 6.876594896890111], [122.28714429418638, 6.876581507316639], [122.28715776827592, 6.867536198959672], [122.2962083301527, 6.8675495707575624]]]}, "properties": {"grid_id": "43_1", "pred_scaled_catboost": 0.3753316065395849, "pred_scaled_rf": 0.3559481194000418, "barangay_name_clean": "MANALIPA", "lon": 122.29167635636912, "lat": 6.872065557730124}}, {"type": "Feature", "geometry": {"type": "Polygon", "coordinates": [[[122.29619502710158, 6.876594896890111], [122.2961817061207, 6.885640219587667], [122.28713080193661, 6.88562681223797], [122.28714429418638, 6.876581507316639], [122.29619502710158, 6.876594896890111]]]}, "properties": {"grid_id": "43_2", "pred_scaled_catboost": 0.3411005989791473, "pred_scaled_rf": 0.3241741055259371, "barangay_name_clean": "MANALIPA", "lon": 122.29166295877627, "lat": 6.881110873276149}}, {"type": "Feature", "geometry": {"type": "Polygon", "coordinates": [[[122.2961817061207, 6.885640219587667], [122.29616836720847, 6.8946855388458], [122.28711729152491, 6.894672113719232], [122.28713080193661, 6.88562681223797], [122.2961817061207, 6.885640219587667]]]}, "properties": {"grid_id": "43_3", "pred_scaled_catboost": 0.3487700744699917, "pred_scaled_rf": 0.3536258910683079, "barangay_name_clean": "MANALIPA", "lon": 122.29164954313758, "lat": 6.890156185384653}}, {"type": "Feature", "geometry": {"type": "Polygon", "coordinates": [[[122.29575985336695, 7.166043495293254], [122.29574595774083, 7.175088705733267], [122.28668945110616, 7.175074729199155], [122.28670352538936, 7.166029536556434], [122.29575985336695, 7.166043495293254]]]}, "properties": {"grid_id": "43_34", "pred_scaled_catboost": 0.4575829268292944, "pred_scaled_rf": 0.4157932271502409, "barangay_name_clean": NaN, "lon": 122.29122469833978, "lat": 7.170559131569689}}, {"type": "Feature", "geometry": {"type": "Polygon", "coordinates": [[[122.29574595774083, 7.175088705733267], [122.29573204412868, 7.184133912592243], [122.28667535860566, 7.184119918260165], [122.28668945110616, 7.175074729199155], [122.29574595774083, 7.175088705733267]]]}, "properties": {"grid_id": "43_35", "pred_scaled_catboost": 0.4575829268292944, "pred_scaled_rf": 0.4157932271502409, "barangay_name_clean": NaN, "lon": 122.29121070433426, "lat": 7.1796043313393225}}, {"type": "Feature", "geometry": {"type": "Polygon", "coordinates": [[[122.29559191839024, 7.27458578325269], [122.29557780681603, 7.283630950428618], [122.28651913825246, 7.283616760274242], [122.28653343126025, 7.274571610903743], [122.29559191839024, 7.27458578325269]]]}, "properties": {"grid_id": "43_46", "pred_scaled_catboost": 0.4161607059611335, "pred_scaled_rf": 0.4298472694731378, "barangay_name_clean": NaN, "lon": 122.2910555751183, "lat": 7.279101291316468}}, {"type": "Feature", "geometry": {"type": "Polygon", "coordinates": [[[122.29557780681603, 7.283630950428618], [122.29556367723465, 7.292676113970491], [122.28650482700604, 7.292661906010006], [122.28651913825246, 7.283616760274242], [122.29557780681603, 7.283630950428618]]]}, "properties": {"grid_id": "43_47", "pred_scaled_catboost": 0.4038804467490628, "pred_scaled_rf": 0.4090272146666751, "barangay_name_clean": "MUTI", "lon": 122.29104136376583, "lat": 7.288146447791441}}, {"type": "Feature", "geometry": {"type": "Polygon", "coordinates": [[[122.29556367723465, 7.292676113970491], [122.29554952964438, 7.3017212738738975], [122.28649049751915, 7.301707048106618], [122.28650482700604, 7.292661906010006], [122.29556367723465, 7.292676113970491]]]}, "properties": {"grid_id": "43_48", "pred_scaled_catboost": 0.4010774986082714, "pred_scaled_rf": 0.3825017818634146, "barangay_name_clean": "TAGUITI", "lon": 122.29102713428958, "lat": 7.297191600629819}}, {"type": "Feature", "geometry": {"type": "Polygon", "coordinates": [[[122.29554952964438, 7.3017212738738975], [122.29553536404339, 7.310766430134425], [122.28647614979002, 7.310752186559663], [122.28649049751915, 7.301707048106618], [122.29554952964438, 7.3017212738738975]]]}, "properties": {"grid_id": "43_49", "pred_scaled_catboost": 0.364356094644977, "pred_scaled_rf": 0.3724627888930472, "barangay_name_clean": "TAGUITI", "lon": 122.29101288668771, "lat": 7.306236749827178}}, {"type": "Feature", "geometry": {"type": "Polygon", "coordinates": [[[122.29553536404339, 7.310766430134425], [122.29552118042997, 7.319811582747653], [122.28646178381683, 7.319797321364724], [122.28647614979002, 7.310752186559663], [122.29553536404339, 7.310766430134425]]]}, "properties": {"grid_id": "43_50", "pred_scaled_catboost": 0.3688178944199708, "pred_scaled_rf": 0.3718943140894394, "barangay_name_clean": "TAGUITI", "lon": 122.2909986209585, "lat": 7.315281895379111}}, {"type": "Feature", "geometry": {"type": "Polygon", "coordinates": [[[122.29552118042997, 7.319811582747653], [122.29550697880228, 7.3288567317091715], [122.28644739959782, 7.32884245251739], [122.28646178381683, 7.319797321364724], [122.29552118042997, 7.319811582747653]]]}, "properties": {"grid_id": "43_51", "pred_scaled_catboost": 0.4110195257345531, "pred_scaled_rf": 0.3876999769897827, "barangay_name_clean": "TIGBALABAG", "lon": 122.29098433710011, "lat": 7.324327037281186}}, {"type": "Feature", "geometry": {"type": "Polygon", "coordinates": [[[122.29550697880228, 7.3288567317091715], [122.29549275915856, 7.337901877014568], [122.2864329971311, 7.337887580013244], [122.28644739959782, 7.32884245251739], [122.29550697880228, 7.3288567317091715]]]}, "properties": {"grid_id": "43_52", "pred_scaled_catboost": 0.4253018306678766, "pred_scaled_rf": 0.4557887261832695, "barangay_name_clean": "TIGBALABAG", "lon": 122.29097003511082, "lat": 7.333372175529015}}, {"type": "Feature", "geometry": {"type": "Polygon", "coordinates": [[[122.29549275915856, 7.337901877014568], [122.29547852149703, 7.346947018659422], [122.28641857641493, 7.346932703847867], [122.2864329971311, 7.337887580013244], [122.29549275915856, 7.337901877014568]]]}, "properties": {"grid_id": "43_53", "pred_scaled_catboost": 0.4058864864929625, "pred_scaled_rf": 0.4161180928220068, "barangay_name_clean": "MANGUSU", "lon": 122.29095571498875, "lat": 7.342417310118162}}, {"type": "Feature", "geometry": {"type": "Polygon", "coordinates": [[[122.29547852149703, 7.346947018659422], [122.29546426581591, 7.355992156639328], [122.2864041374475, 7.355977824016851], [122.28641857641493, 7.346932703847867], [122.29547852149703, 7.346947018659422]]]}, "properties": {"grid_id": "43_54", "pred_scaled_catboost": 0.3709897077356269, "pred_scaled_rf": 0.3879754799304665, "barangay_name_clean": "MANGUSU", "lon": 122.29094137673214, "lat": 7.351462441044217}}, {"type": "Feature", "geometry": {"type": "Polygon", "coordinates": [[[122.29546426581591, 7.355992156639328], [122.29544999211339, 7.365037290949868], [122.28638968022696, 7.365022940515781], [122.2864041374475, 7.355977824016851], [122.29546426581591, 7.355992156639328]]]}, "properties": {"grid_id": "43_55", "pred_scaled_catboost": 0.3697729250212397, "pred_scaled_rf": 0.3932390235803077, "barangay_name_clean": "MANGUSU", "lon": 122.29092702033923, "lat": 7.3605075683027765}}, {"type": "Feature", "geometry": {"type": "Polygon", "coordinates": [[[122.29544999211339, 7.365037290949868], [122.29543570038767, 7.374082421586635], [122.28637520475151, 7.3740680533402445], [122.28638968022696, 7.365022940515781], [122.29544999211339, 7.365037290949868]]]}, "properties": {"grid_id": "43_56", "pred_scaled_catboost": 0.395769196659265, "pred_scaled_rf": 0.3965771069943603, "barangay_name_clean": "VITALI", "lon": 122.29091264580813, "lat": 7.369552691889419}}, {"type": "Feature", "geometry": {"type": "Polygon", "coordinates": [[[122.29543570038767, 7.374082421586635], [122.29542139063699, 7.383127548545209], [122.28636071101934, 7.383113162485826], [122.28637520475151, 7.3740680533402445], [122.29543570038767, 7.374082421586635]]]}, "properties": {"grid_id": "43_57", "pred_scaled_catboost": 0.4042800382727189, "pred_scaled_rf": 0.3864393136677366, "barangay_name_clean": "VITALI", "lon": 122.29089825313709, "lat": 7.378597811799734}}, {"type": "Feature", "geometry": {"type": "Polygon", "coordinates": [[[122.29542139063699, 7.383127548545209], [122.29540706285952, 7.392172671821188], [122.28634619902863, 7.392158267948114], [122.28636071101934, 7.383113162485826], [122.29542139063699, 7.383127548545209]]]}, "properties": {"grid_id": "43_58", "pred_scaled_catboost": 0.3980111984086225, "pred_scaled_rf": 0.3904574154134392, "barangay_name_clean": "VITALI", "lon": 122.2908838423243, "lat": 7.387642928029309}}, {"type": "Feature", "geometry": {"type": "Polygon", "coordinates": [[[122.29540706285952, 7.392172671821188], [122.29539271705349, 7.40121779141015], [122.28633166877755, 7.401203369722694], [122.28634619902863, 7.392158267948114], [122.29540706285952, 7.392172671821188]]]}, "properties": {"grid_id": "43_59", "pred_scaled_catboost": 0.4011259590903877, "pred_scaled_rf": 0.392015129319826, "barangay_name_clean": "VITALI", "lon": 122.29086941336791, "lat": 7.39668804057373}}, {"type": "Feature", "geometry": {"type": "Polygon", "coordinates": [[[122.29539271705349, 7.40121779141015], [122.29537835321706, 7.410262907307692], [122.28631712026424, 7.410248467805158], [122.28633166877755, 7.401203369722694], [122.29539271705349, 7.40121779141015]]]}, "properties": {"grid_id": "43_60", "pred_scaled_catboost": 0.3686149867501286, "pred_scaled_rf": 0.4096074167524611, "barangay_name_clean": "VITALI", "lon": 122.2908549662662, "lat": 7.40573314942859}}, {"type": "Feature", "geometry": {"type": "Polygon", "coordinates": [[[122.29537835321706, 7.410262907307692], [122.29536397134846, 7.419308019509404], [122.28630255348693, 7.419293562191095], [122.28631712026424, 7.410248467805158], [122.29537835321706, 7.410262907307692]]]}, "properties": {"grid_id": "43_61", "pred_scaled_catboost": 0.3805489554137905, "pred_scaled_rf": 0.4069697144555343, "barangay_name_clean": "VITALI", "lon": 122.29084050101726, "lat": 7.414778254589475}}, {"type": "Feature", "geometry": {"type": "Polygon", "coordinates": [[[122.29536397134846, 7.419308019509404], [122.29534957144584, 7.428353128010868], [122.28628796844376, 7.428338652876087], [122.28630255348693, 7.419293562191095], [122.29536397134846, 7.419308019509404]]]}, "properties": {"grid_id": "43_62", "pred_scaled_catboost": 0.412234988038114, "pred_scaled_rf": 0.4038363628312356, "barangay_name_clean": "TICTAPUL", "lon": 122.29082601761928, "lat": 7.423823356051971}}, {"type": "Feature", "geometry": {"type": "Polygon", "coordinates": [[[122.29534957144584, 7.428353128010868], [122.29533515350744, 7.437398232807681], [122.28627336513291, 7.437383739855731], [122.28628796844376, 7.428338652876087], [122.29534957144584, 7.428353128010868]]]}, "properties": {"grid_id": "43_63", "pred_scaled_catboost": 0.4050586363848355, "pred_scaled_rf": 0.4062662080260945, "barangay_name_clean": "LICOMO", "lon": 122.2908115160705, "lat": 7.432868453811674}}, {"type": "Feature", "geometry": {"type": "Polygon", "coordinates": [[[122.29533515350744, 7.437398232807681], [122.29532071753142, 7.446443333895433], [122.28625874355255, 7.446428823125615], [122.28627336513291, 7.437383739855731], [122.29533515350744, 7.437398232807681]]]}, "properties": {"grid_id": "43_64", "pred_scaled_catboost": 0.3827708776466234, "pred_scaled_rf": 0.4124688984387312, "barangay_name_clean": "LICOMO", "lon": 122.29079699636907, "lat": 7.4419135478641705}}, {"type": "Feature", "geometry": {"type": "Polygon", "coordinates": [[[122.29532071753142, 7.446443333895433], [122.295306263516, 7.455488431269708], [122.28624410370082, 7.455473902681326], [122.28625874355255, 7.446428823125615], [122.29532071753142, 7.446443333895433]]]}, "properties": {"grid_id": "43_65", "pred_scaled_catboost": 0.3761532989007159, "pred_scaled_rf": 0.4052553218548679, "barangay_name_clean": "LICOMO", "lon": 122.29078245851314, "lat": 7.450958638205051}}, {"type": "Feature", "geometry": {"type": "Polygon", "coordinates": [[[122.295306263516, 7.455488431269708], [122.2952917914593, 7.464533524926111], [122.28622944557591, 7.464518978518457], [122.28624410370082, 7.455473902681326], [122.295306263516, 7.455488431269708]]]}, "properties": {"grid_id": "43_66", "pred_scaled_catboost": 0.3859926425688016, "pred_scaled_rf": 0.4113269429619556, "barangay_name_clean": "LICOMO", "lon": 122.29076790250095, "lat": 7.460003724829904}}, {"type": "Feature", "geometry": {"type": "Polygon", "coordinates": [[[122.2952917914593, 7.464533524926111], [122.29527730135956, 7.473578614860216], [122.28621476917594, 7.473564050632594], [122.28622944557591, 7.464518978518457], [122.2952917914593, 7.464533524926111]]]}, "properties": {"grid_id": "43_67", "pred_scaled_catboost": 0.3807777125417484, "pred_scaled_rf": 0.3977978412623502, "barangay_name_clean": "LICOMO", "lon": 122.29075332833057, "lat": 7.469048807734327}}, {"type": "Feature", "geometry": {"type": "Polygon", "coordinates": [[[122.29527730135956, 7.473578614860216], [122.29526279321496, 7.482623701067629], [122.2862000744991, 7.482609119019337], [122.28621476917594, 7.473564050632594], [122.29527730135956, 7.473578614860216]]]}, "properties": {"grid_id": "43_68", "pred_scaled_catboost": 0.3804854723163258, "pred_scaled_rf": 0.393412280046309, "barangay_name_clean": "LICOMO", "lon": 122.29073873600024, "lat": 7.478093886913902}}, {"type": "Feature", "geometry": {"type": "Polygon", "coordinates": [[[122.29526279321496, 7.482623701067629], [122.29524826702364, 7.491668783543938], [122.28618536154353, 7.49165418367427], [122.2862000744991, 7.482609119019337], [122.29526279321496, 7.482623701067629]]]}, "properties": {"grid_id": "43_69", "pred_scaled_catboost": 0.3889160304508958, "pred_scaled_rf": 0.3892627106918633, "barangay_name_clean": "LICOMO", "lon": 122.29072412550812, "lat": 7.487138962364229}}, {"type": "Feature", "geometry": {"type": "Polygon", "coordinates": [[[122.29524826702364, 7.491668783543938], [122.29523372278375, 7.500713862284734], [122.28617063030737, 7.500699244592988], [122.28618536154353, 7.49165418367427], [122.29524826702364, 7.491668783543938]]]}, "properties": {"grid_id": "43_70", "pred_scaled_catboost": 0.3762873872489111, "pred_scaled_rf": 0.391402632989773, "barangay_name_clean": "LICOMO", "lon": 122.29070949685236, "lat": 7.496184034080895}}, {"type": "Feature", "geometry": {"type": "Polygon", "coordinates": [[[122.29523372278375, 7.500713862284734], [122.29521916049355, 7.5097589372856115], [122.28615588078878, 7.509744301771083], [122.28617063030737, 7.500699244592988], [122.29523372278375, 7.500713862284734]]]}, "properties": {"grid_id": "43_71", "pred_scaled_catboost": 0.3996573306301725, "pred_scaled_rf": 0.4207297073008928, "barangay_name_clean": NaN, "lon": 122.29069485003109, "lat": 7.505229102059497}}, {"type": "Feature", "geometry": {"type": "Polygon", "coordinates": [[[122.29521916049355, 7.5097589372856115], [122.29520458015115, 7.5188040085421655], [122.2861411129859, 7.518789355204146], [122.28615588078878, 7.509744301771083], [122.29521916049355, 7.5097589372856115]]]}, "properties": {"grid_id": "43_72", "pred_scaled_catboost": 0.3688854118346974, "pred_scaled_rf": 0.3701633659000976, "barangay_name_clean": "LICOMO", "lon": 122.29068018504255, "lat": 7.514274166295624}}, {"type": "Feature", "geometry": {"type": "Polygon", "coordinates": [[[122.30525890995753, 6.867562771730123], [122.30524577794648, 6.876608115411169], [122.29619502710158, 6.876594896890111], [122.2962083301527, 6.8675495707575624], [122.30525890995753, 6.867562771730123]]]}, "properties": {"grid_id": "44_1", "pred_scaled_catboost": 0.3884215240870329, "pred_scaled_rf": 0.3595149516854736, "barangay_name_clean": NaN, "lon": 122.30072701271116, "lat": 6.872078852946395}}, {"type": "Feature", "geometry": {"type": "Polygon", "coordinates": [[[122.30458059505732, 7.31982566194081], [122.30456657602276, 7.3288708284836765], [122.29550697880228, 7.3288567317091715], [122.29552118042997, 7.319811582747653], [122.30458059505732, 7.31982566194081]]]}, "properties": {"grid_id": "44_51", "pred_scaled_catboost": 0.423187185967791, "pred_scaled_rf": 0.3920602571930052, "barangay_name_clean": NaN, "lon": 122.3000438339981, "lat": 7.324341216416815}}, {"type": "Feature", "geometry": {"type": "Polygon", "coordinates": [[[122.30456657602276, 7.3288708284836765], [122.30455253920383, 7.337915991371097], [122.29549275915856, 7.337901877014568], [122.29550697880228, 7.3288567317091715], [122.30456657602276, 7.3288708284836765]]]}, "properties": {"grid_id": "44_52", "pred_scaled_catboost": 0.4210210537137132, "pred_scaled_rf": 0.3914902697733532, "barangay_name_clean": "MANGUSU", "lon": 122.30002971471686, "lat": 7.33338637236008}}, {"type": "Feature", "geometry": {"type": "Polygon", "coordinates": [[[122.30455253920383, 7.337915991371097], [122.30453848459874, 7.346961150598657], [122.29547852149703, 7.346947018659422], [122.29549275915856, 7.337901877014568], [122.30455253920383, 7.337915991371097]]]}, "properties": {"grid_id": "44_53", "pred_scaled_catboost": 0.4205733026183799, "pred_scaled_rf": 0.3933681136633553, "barangay_name_clean": "MANGUSU", "lon": 122.30001557753451, "lat": 7.342431524645352}}, {"type": "Feature", "geometry": {"type": "Polygon", "coordinates": [[[122.30453848459874, 7.346961150598657], [122.30452441220571, 7.35600630616195], [122.29546426581591, 7.355992156639328], [122.29547852149703, 7.346947018659422], [122.30453848459874, 7.346961150598657]]]}, "properties": {"grid_id": "44_54", "pred_scaled_catboost": 0.4186520937544583, "pred_scaled_rf": 0.4516619629726878, "barangay_name_clean": "MANGUSU", "lon": 122.30000142244928, "lat": 7.3514766732682215}}, {"type": "Feature", "geometry": {"type": "Polygon", "coordinates": [[[122.30452441220571, 7.35600630616195], [122.30451032202299, 7.365051458056561], [122.29544999211339, 7.365037290949868], [122.29546426581591, 7.355992156639328], [122.30452441220571, 7.35600630616195]]]}, "properties": {"grid_id": "44_55", "pred_scaled_catboost": 0.4024953077514683, "pred_scaled_rf": 0.396924128144805, "barangay_name_clean": "MANGUSU", "lon": 122.29998724945939, "lat": 7.360521818224277}}, {"type": "Feature", "geometry": {"type": "Polygon", "coordinates": [[[122.30451032202299, 7.365051458056561], [122.30449621404883, 7.3740966062780755], [122.29543570038767, 7.374082421586635], [122.29544999211339, 7.365037290949868], [122.30451032202299, 7.365051458056561]]]}, "properties": {"grid_id": "44_56", "pred_scaled_catboost": 0.3897440906535037, "pred_scaled_rf": 0.3968038887365088, "barangay_name_clean": "VITALI", "lon": 122.29997305856308, "lat": 7.369566959509104}}, {"type": "Feature", "geometry": {"type": "Polygon", "coordinates": [[[122.30449621404883, 7.3740966062780755], [122.30448208828142, 7.383141750822086], [122.29542139063699, 7.383127548545209], [122.29543570038767, 7.374082421586635], [122.30449621404883, 7.3740966062780755]]]}, "properties": {"grid_id": "44_57", "pred_scaled_catboost": 0.3861137714852962, "pred_scaled_rf": 0.3906629612422628, "barangay_name_clean": "VITALI", "lon": 122.29995884975855, "lat": 7.378612097118287}}, {"type": "Feature", "geometry": {"type": "Polygon", "coordinates": [[[122.30448208828142, 7.383141750822086], [122.304467944719, 7.392186891684182], [122.29540706285952, 7.392172671821188], [122.29542139063699, 7.383127548545209], [122.30448208828142, 7.383141750822086]]]}, "properties": {"grid_id": "44_58", "pred_scaled_catboost": 0.399629354204469, "pred_scaled_rf": 0.3881521582128516, "barangay_name_clean": "VITALI", "lon": 122.29994462304404, "lat": 7.387657231047419}}, {"type": "Feature", "geometry": {"type": "Polygon", "coordinates": [[[122.304467944719, 7.392186891684182], [122.3044537833598, 7.401232028859952], [122.29539271705349, 7.40121779141015], [122.29540706285952, 7.392172671821188], [122.304467944719, 7.392186891684182]]]}, "properties": {"grid_id": "44_59", "pred_scaled_catboost": 0.4119898009046059, "pred_scaled_rf": 0.374517522605066, "barangay_name_clean": "VITALI", "lon": 122.29993037841771, "lat": 7.396702361292094}}, {"type": "Feature", "geometry": {"type": "Polygon", "coordinates": [[[122.3044537833598, 7.401232028859952], [122.30443960420206, 7.410277162344984], [122.29537835321706, 7.410262907307692], [122.29539271705349, 7.40121779141015], [122.3044537833598, 7.401232028859952]]]}, "properties": {"grid_id": "44_60", "pred_scaled_catboost": 0.3722486140387986, "pred_scaled_rf": 0.4198201479394018, "barangay_name_clean": "TICTAPUL", "lon": 122.29991611587783, "lat": 7.405747487847893}}, {"type": "Feature", "geometry": {"type": "Polygon", "coordinates": [[[122.30443960420206, 7.410277162344984], [122.30442540724394, 7.419322292134871], [122.29536397134846, 7.419308019509404], [122.29537835321706, 7.410262907307692], [122.30443960420206, 7.410277162344984]]]}, "properties": {"grid_id": "44_61", "pred_scaled_catboost": 0.3693031480947176, "pred_scaled_rf": 0.3985917662846472, "barangay_name_clean": "TICTAPUL", "lon": 122.29990183542257, "lat": 7.414792610710403}}, {"type": "Feature", "geometry": {"type": "Polygon", "coordinates": [[[122.30442540724394, 7.419322292134871], [122.30441119248373, 7.428367418225203], [122.29534957144584, 7.428353128010868], [122.29536397134846, 7.419308019509404], [122.30442540724394, 7.419322292134871]]]}, "properties": {"grid_id": "44_62", "pred_scaled_catboost": 0.4069256735713862, "pred_scaled_rf": 0.4089321641617013, "barangay_name_clean": "LICOMO", "lon": 122.29988753705017, "lat": 7.423837729875229}}, {"type": "Feature", "geometry": {"type": "Polygon", "coordinates": [[[122.30441119248373, 7.428367418225203], [122.30439695991957, 7.437412540611572], [122.29533515350744, 7.437398232807681], [122.29534957144584, 7.428353128010868], [122.30441119248373, 7.428367418225203]]]}, "properties": {"grid_id": "44_63", "pred_scaled_catboost": 0.401456561859963, "pred_scaled_rf": 0.404462976973332, "barangay_name_clean": "LICOMO", "lon": 122.29987322075878, "lat": 7.432882845337944}}, {"type": "Feature", "geometry": {"type": "Polygon", "coordinates": [[[122.30439695991957, 7.437412540611572], [122.30438270954974, 7.446457659289568], [122.29532071753142, 7.446443333895433], [122.29533515350744, 7.437398232807681], [122.30439695991957, 7.437412540611572]]]}, "properties": {"grid_id": "44_64", "pred_scaled_catboost": 0.3880021858820064, "pred_scaled_rf": 0.403010762181736, "barangay_name_clean": "LICOMO", "lon": 122.29985888654664, "lat": 7.441927957094152}}, {"type": "Feature", "geometry": {"type": "Polygon", "coordinates": [[[122.30438270954974, 7.446457659289568], [122.30436844137239, 7.455502774254782], [122.295306263516, 7.455488431269708], [122.29532071753142, 7.446443333895433], [122.30438270954974, 7.446457659289568]]]}, "properties": {"grid_id": "44_65", "pred_scaled_catboost": 0.3650357328161052, "pred_scaled_rf": 0.3991433233656469, "barangay_name_clean": "LICOMO", "lon": 122.29984453441197, "lat": 7.450973065139432}}, {"type": "Feature", "geometry": {"type": "Polygon", "coordinates": [[[122.30436844137239, 7.455502774254782], [122.30435415538578, 7.464547885502807], [122.2952917914593, 7.464533524926111], [122.295306263516, 7.455488431269708], [122.30436844137239, 7.455502774254782]]]}, "properties": {"grid_id": "44_66", "pred_scaled_catboost": 0.3478142720139293, "pred_scaled_rf": 0.4033144022471918, "barangay_name_clean": "LICOMO", "lon": 122.29983016435293, "lat": 7.46001816946939}}, {"type": "Feature", "geometry": {"type": "Polygon", "coordinates": [[[122.30435415538578, 7.464547885502807], [122.30433985158808, 7.473592993029233], [122.29527730135956, 7.473578614860216], [122.2952917914593, 7.464533524926111], [122.30435415538578, 7.464547885502807]]]}, "properties": {"grid_id": "44_67", "pred_scaled_catboost": 0.3650732564039444, "pred_scaled_rf": 0.4006683110690763, "barangay_name_clean": "LICOMO", "lon": 122.29981577636768, "lat": 7.469063270079605}}, {"type": "Feature", "geometry": {"type": "Polygon", "coordinates": [[[122.30433985158808, 7.473592993029233], [122.3043255299775, 7.482638096829659], [122.29526279321496, 7.482623701067629], [122.29527730135956, 7.473578614860216], [122.30433985158808, 7.473592993029233]]]}, "properties": {"grid_id": "44_68", "pred_scaled_catboost": 0.3702426805275965, "pred_scaled_rf": 0.4089705162907022, "barangay_name_clean": "LICOMO", "lon": 122.29980137045449, "lat": 7.478108366965672}}, {"type": "Feature", "geometry": {"type": "Polygon", "coordinates": [[[122.3043255299775, 7.482638096829659], [122.30431119055224, 7.491683196899674], [122.29524826702364, 7.491668783543938], [122.29526279321496, 7.482623701067629], [122.3043255299775, 7.482638096829659]]]}, "properties": {"grid_id": "44_69", "pred_scaled_catboost": 0.3838781205918202, "pred_scaled_rf": 0.3950422919723075, "barangay_name_clean": "LICOMO", "lon": 122.2997869466115, "lat": 7.4871534601231895}}, {"type": "Feature", "geometry": {"type": "Polygon", "coordinates": [[[122.30431119055224, 7.491683196899674], [122.30429683331053, 7.500728293234871], [122.29523372278375, 7.500713862284734], [122.29524826702364, 7.491668783543938], [122.30431119055224, 7.491683196899674]]]}, "properties": {"grid_id": "44_70", "pred_scaled_catboost": 0.4209002617111465, "pred_scaled_rf": 0.4224374014493382, "barangay_name_clean": NaN, "lon": 122.29977250483694, "lat": 7.4961985495477546}}, {"type": "Feature", "geometry": {"type": "Polygon", "coordinates": [[[122.31366764769527, 7.3017491802023695], [122.31365384635595, 7.310794371395385], [122.30459459630922, 7.310780491746914], [122.30460857978026, 7.301735317906399], [122.31366764769527, 7.3017491802023695]]]}, "properties": {"grid_id": "45_49", "pred_scaled_catboost": 0.4285779514454375, "pred_scaled_rf": 0.4720554537497998, "barangay_name_clean": NaN, "lon": 122.3091311689369, "lat": 7.306264855471357}}, {"type": "Feature", "geometry": {"type": "Polygon", "coordinates": [[[122.31365384635595, 7.310794371395385], [122.31364002746732, 7.319839558942449], [122.30458059505732, 7.31982566194081], [122.30459459630922, 7.310780491746914], [122.31365384635595, 7.310794371395385]]]}, "properties": {"grid_id": "45_50", "pred_scaled_catboost": 0.4323426929145798, "pred_scaled_rf": 0.470413589101097, "barangay_name_clean": "TAGUITI", "lon": 122.30911726769915, "lat": 7.3153100361839405}}, {"type": "Feature", "geometry": {"type": "Polygon", "coordinates": [[[122.31364002746732, 7.319839558942449], [122.31362619102767, 7.328884742839151], [122.30456657602276, 7.3288708284836765], [122.30458059505732, 7.31982566194081], [122.31364002746732, 7.319839558942449]]]}, "properties": {"grid_id": "45_51", "pred_scaled_catboost": 0.4537171990158512, "pred_scaled_rf": 0.3966779844095023, "barangay_name_clean": NaN, "lon": 122.3091033487954, "lat": 7.324355213248038}}, {"type": "Feature", "geometry": {"type": "Polygon", "coordinates": [[[122.31362619102767, 7.328884742839151], [122.31361233703527, 7.337929923081079], [122.30455253920383, 7.337915991371097], [122.30456657602276, 7.3288708284836765], [122.31362619102767, 7.328884742839151]]]}, "properties": {"grid_id": "45_52", "pred_scaled_catboost": 0.4126454298342733, "pred_scaled_rf": 0.3954742461043429, "barangay_name_clean": "MANGUSU", "lon": 122.30908941222401, "lat": 7.333400386659233}}, {"type": "Feature", "geometry": {"type": "Polygon", "coordinates": [[[122.31361233703527, 7.337929923081079], [122.31359846548835, 7.346975099663817], [122.30453848459874, 7.346961150598657], [122.30455253920383, 7.337915991371097], [122.31361233703527, 7.337929923081079]]]}, "properties": {"grid_id": "45_53", "pred_scaled_catboost": 0.4291597387612325, "pred_scaled_rf": 0.4403273055552846, "barangay_name_clean": "MANGUSU", "lon": 122.30907545798313, "lat": 7.342445556413108}}, {"type": "Feature", "geometry": {"type": "Polygon", "coordinates": [[[122.31359846548835, 7.346975099663817], [122.31358457638521, 7.356020272582959], [122.30452441220571, 7.35600630616195], [122.30453848459874, 7.346961150598657], [122.31359846548835, 7.346975099663817]]]}, "properties": {"grid_id": "45_54", "pred_scaled_catboost": 0.390221460479459, "pred_scaled_rf": 0.4501075945133888, "barangay_name_clean": "MANGUSU", "lon": 122.30906148607106, "lat": 7.35149072250526}}, {"type": "Feature", "geometry": {"type": "Polygon", "coordinates": [[[122.31358457638521, 7.356020272582959], [122.31357066972407, 7.365065441834092], [122.30451032202299, 7.365051458056561], [122.30452441220571, 7.35600630616195], [122.31358457638521, 7.356020272582959]]]}, "properties": {"grid_id": "45_55", "pred_scaled_catboost": 0.3979980333026229, "pred_scaled_rf": 0.392660675428602, "barangay_name_clean": "VITALI", "lon": 122.30904749648603, "lat": 7.36053588493127}}, {"type": "Feature", "geometry": {"type": "Polygon", "coordinates": [[[122.31357066972407, 7.365065441834092], [122.3135567455032, 7.374110607412805], [122.30449621404883, 7.3740966062780755], [122.30451032202299, 7.365051458056561], [122.31357066972407, 7.365065441834092]]]}, "properties": {"grid_id": "45_56", "pred_scaled_catboost": 0.40434096079874, "pred_scaled_rf": 0.3925050669772619, "barangay_name_clean": "VITALI", "lon": 122.30903348922625, "lat": 7.369581043686732}}, {"type": "Feature", "geometry": {"type": "Polygon", "coordinates": [[[122.3135567455032, 7.374110607412805], [122.31354280372084, 7.383155769314686], [122.30448208828142, 7.383141750822086], [122.30449621404883, 7.3740966062780755], [122.3135567455032, 7.374110607412805]]]}, "properties": {"grid_id": "45_57", "pred_scaled_catboost": 0.4064075079387652, "pred_scaled_rf": 0.3882605384014044, "barangay_name_clean": "VITALI", "lon": 122.30901946429005, "lat": 7.378626198767229}}, {"type": "Feature", "geometry": {"type": "Polygon", "coordinates": [[[122.31354280372084, 7.383155769314686], [122.31352884437527, 7.392200927535329], [122.304467944719, 7.392186891684182], [122.30448208828142, 7.383141750822086], [122.31354280372084, 7.383155769314686]]]}, "properties": {"grid_id": "45_58", "pred_scaled_catboost": 0.4100399742683138, "pred_scaled_rf": 0.3865869904683068, "barangay_name_clean": "VITALI", "lon": 122.30900542167554, "lat": 7.387671350168359}}, {"type": "Feature", "geometry": {"type": "Polygon", "coordinates": [[[122.31352884437527, 7.392200927535329], [122.31351486746469, 7.401246082070324], [122.3044537833598, 7.401232028859952], [122.304467944719, 7.392186891684182], [122.31352884437527, 7.392200927535329]]]}, "properties": {"grid_id": "45_59", "pred_scaled_catboost": 0.4046583829019293, "pred_scaled_rf": 0.3839375512941936, "barangay_name_clean": "TICTAPUL", "lon": 122.3089913613811, "lat": 7.396716497885703}}, {"type": "Feature", "geometry": {"type": "Polygon", "coordinates": [[[122.31351486746469, 7.401246082070324], [122.31350087298738, 7.410291232915259], [122.30443960420206, 7.410277162344984], [122.3044537833598, 7.401232028859952], [122.31351486746469, 7.401246082070324]]]}, "properties": {"grid_id": "45_60", "pred_scaled_catboost": 0.4100029911040621, "pred_scaled_rf": 0.447224337833812, "barangay_name_clean": "TICTAPUL", "lon": 122.30897728340484, "lat": 7.4057616419148555}}, {"type": "Feature", "geometry": {"type": "Polygon", "coordinates": [[[122.31350087298738, 7.410291232915259], [122.31348686094157, 7.419336380065726], [122.30442540724394, 7.419322292134871], [122.30443960420206, 7.410277162344984], [122.31350087298738, 7.410291232915259]]]}, "properties": {"grid_id": "45_61", "pred_scaled_catboost": 0.4113028647190791, "pred_scaled_rf": 0.4446153488387581, "barangay_name_clean": "TICTAPUL", "lon": 122.30896318774508, "lat": 7.414806782251411}}, {"type": "Feature", "geometry": {"type": "Polygon", "coordinates": [[[122.31348686094157, 7.419336380065726], [122.31347283132551, 7.428381523517314], [122.30441119248373, 7.428367418225203], [122.30442540724394, 7.419322292134871], [122.31348686094157, 7.419336380065726]]]}, "properties": {"grid_id": "45_62", "pred_scaled_catboost": 0.4046087355386528, "pred_scaled_rf": 0.4074595898208704, "barangay_name_clean": "LICOMO", "lon": 122.30894907439998, "lat": 7.42385191889095}}, {"type": "Feature", "geometry": {"type": "Polygon", "coordinates": [[[122.31347283132551, 7.428381523517314], [122.3134587841374, 7.437426663265625], [122.30439695991957, 7.437412540611572], [122.30441119248373, 7.428367418225203], [122.31347283132551, 7.428381523517314]]]}, "properties": {"grid_id": "45_63", "pred_scaled_catboost": 0.4021878530680786, "pred_scaled_rf": 0.3986468604939255, "barangay_name_clean": "LICOMO", "lon": 122.30893494336782, "lat": 7.432897051829072}}, {"type": "Feature", "geometry": {"type": "Polygon", "coordinates": [[[122.3134587841374, 7.437426663265625], [122.31344471937552, 7.446471799306241], [122.30438270954974, 7.446457659289568], [122.30439695991957, 7.437412540611572], [122.3134587841374, 7.437426663265625]]]}, "properties": {"grid_id": "45_64", "pred_scaled_catboost": 0.394086947081584, "pred_scaled_rf": 0.3836937411220094, "barangay_name_clean": "LICOMO", "lon": 122.30892079464681, "lat": 7.4419421810613695}}, {"type": "Feature", "geometry": {"type": "Polygon", "coordinates": [[[122.31344471937552, 7.446471799306241], [122.31343063703808, 7.455516931634753], [122.30436844137239, 7.455502774254782], [122.30438270954974, 7.446457659289568], [122.31344471937552, 7.446471799306241]]]}, "properties": {"grid_id": "45_65", "pred_scaled_catboost": 0.3903137070186486, "pred_scaled_rf": 0.3782685662847996, "barangay_name_clean": "LICOMO", "lon": 122.30890662823512, "lat": 7.4509873065834284}}, {"type": "Feature", "geometry": {"type": "Polygon", "coordinates": [[[122.31343063703808, 7.455516931634753], [122.31341653712332, 7.464562060246763], [122.30435415538578, 7.464547885502807], [122.30436844137239, 7.455502774254782], [122.31343063703808, 7.455516931634753]]]}, "properties": {"grid_id": "45_66", "pred_scaled_catboost": 0.3676676329777615, "pred_scaled_rf": 0.3854737141604858, "barangay_name_clean": "LICOMO", "lon": 122.30889244413106, "lat": 7.460032428390843}}, {"type": "Feature", "geometry": {"type": "Polygon", "coordinates": [[[122.31341653712332, 7.464562060246763], [122.31340241962947, 7.473607185137854], [122.30433985158808, 7.473592993029233], [122.30435415538578, 7.464547885502807], [122.31341653712332, 7.464562060246763]]]}, "properties": {"grid_id": "45_67", "pred_scaled_catboost": 0.3676191466444083, "pred_scaled_rf": 0.3998414306638638, "barangay_name_clean": "LICOMO", "lon": 122.30887824233281, "lat": 7.46907754647921}}, {"type": "Feature", "geometry": {"type": "Polygon", "coordinates": [[[122.31340241962947, 7.473607185137854], [122.31338828455475, 7.482652306303636], [122.3043255299775, 7.482638096829659], [122.30433985158808, 7.473592993029233], [122.31340241962947, 7.473607185137854]]]}, "properties": {"grid_id": "45_68", "pred_scaled_catboost": 0.36670099159826, "pred_scaled_rf": 0.4095059899542697, "barangay_name_clean": "LICOMO", "lon": 122.30886402283856, "lat": 7.478122660844118}}, {"type": "Feature", "geometry": {"type": "Polygon", "coordinates": [[[122.32272673315786, 7.301762860760094], [122.32271311395193, 7.310808069078113], [122.31365384635595, 7.310794371395385], [122.31366764769527, 7.3017491802023695], [122.32272673315786, 7.301762860760094]]]}, "properties": {"grid_id": "46_49", "pred_scaled_catboost": 0.4166608260392574, "pred_scaled_rf": 0.4641767781861449, "barangay_name_clean": NaN, "lon": 122.3181903366736, "lat": 7.3062786355176055}}, {"type": "Feature", "geometry": {"type": "Polygon", "coordinates": [[[122.32271311395193, 7.310808069078113], [122.32269947742834, 7.319853273750843], [122.31364002746732, 7.319839558942449], [122.31365384635595, 7.310794371395385], [122.32271311395193, 7.310808069078113]]]}, "properties": {"grid_id": "46_50", "pred_scaled_catboost": 0.4358792978790106, "pred_scaled_rf": 0.4658299135537066, "barangay_name_clean": NaN, "lon": 122.3181766176842, "lat": 7.315323833469282}}, {"type": "Feature", "geometry": {"type": "Polygon", "coordinates": [[[122.32269947742834, 7.319853273750843], [122.32268582358533, 7.328898474773865], [122.31362619102767, 7.328884742839151], [122.31364002746732, 7.319839558942449], [122.32269947742834, 7.319853273750843]]]}, "properties": {"grid_id": "46_51", "pred_scaled_catboost": 0.4156257995710706, "pred_scaled_rf": 0.4084701419242916, "barangay_name_clean": "LIMAONG", "lon": 122.31816288126043, "lat": 7.324369027773124}}, {"type": "Feature", "geometry": {"type": "Polygon", "coordinates": [[[122.32268582358533, 7.328898474773865], [122.32267215242119, 7.337943672142778], [122.31361233703527, 7.337929923081079], [122.31362619102767, 7.328884742839151], [122.32268582358533, 7.328898474773865]]]}, "properties": {"grid_id": "46_52", "pred_scaled_catboost": 0.4256267571711309, "pred_scaled_rf": 0.4400369744413878, "barangay_name_clean": "LIMAONG", "lon": 122.31814912740062, "lat": 7.333414218424729}}, {"type": "Feature", "geometry": {"type": "Polygon", "coordinates": [[[122.32267215242119, 7.337943672142778], [122.3226584639342, 7.346988865853163], [122.31359846548835, 7.346975099663817], [122.31361233703527, 7.337929923081079], [122.32267215242119, 7.337943672142778]]]}, "properties": {"grid_id": "46_53", "pred_scaled_catboost": 0.4504805144106802, "pred_scaled_rf": 0.437557538572394, "barangay_name_clean": NaN, "lon": 122.31813535610297, "lat": 7.342459405419686}}, {"type": "Feature", "geometry": {"type": "Polygon", "coordinates": [[[122.3226584639342, 7.346988865853163], [122.32264475812268, 7.3560340559006185], [122.31358457638521, 7.356020272582959], [122.31359846548835, 7.346975099663817], [122.3226584639342, 7.346988865853163]]]}, "properties": {"grid_id": "46_54", "pred_scaled_catboost": 0.4004126852896345, "pred_scaled_rf": 0.4293032762874273, "barangay_name_clean": "MANGUSU", "lon": 122.3181215673658, "lat": 7.351504588753584}}, {"type": "Feature", "geometry": {"type": "Polygon", "coordinates": [[[122.32264475812268, 7.3560340559006185], [122.32263103498488, 7.365079242280727], [122.31357066972407, 7.365065441834092], [122.31358457638521, 7.356020272582959], [122.32264475812268, 7.3560340559006185]]]}, "properties": {"grid_id": "46_55", "pred_scaled_catboost": 0.4365497880264965, "pred_scaled_rf": 0.4309097180159857, "barangay_name_clean": "VITALI", "lon": 122.31810776118735, "lat": 7.360549768422013}}, {"type": "Feature", "geometry": {"type": "Polygon", "coordinates": [[[122.32263103498488, 7.365079242280727], [122.32261729451905, 7.374124424989079], [122.3135567455032, 7.374110607412805], [122.31357066972407, 7.365065441834092], [122.32263103498488, 7.365079242280727]]]}, "properties": {"grid_id": "46_56", "pred_scaled_catboost": 0.432581711055568, "pred_scaled_rf": 0.4314489812367122, "barangay_name_clean": "VITALI", "lon": 122.31809393756592, "lat": 7.369594944420553}}, {"type": "Feature", "geometry": {"type": "Polygon", "coordinates": [[[122.32261729451905, 7.374124424989079], [122.3226035367235, 7.38316960402127], [122.31354280372084, 7.383155769314686], [122.3135567455032, 7.374110607412805], [122.32261729451905, 7.374124424989079]]]}, "properties": {"grid_id": "46_57", "pred_scaled_catboost": 0.4481429160752141, "pred_scaled_rf": 0.4429463384462189, "barangay_name_clean": "LIMAONG", "lon": 122.31808009649973, "lat": 7.378640116744809}}, {"type": "Feature", "geometry": {"type": "Polygon", "coordinates": [[[122.3226035367235, 7.38316960402127], [122.3225897615965, 7.392214779372888], [122.31352884437527, 7.392200927535329], [122.31354280372084, 7.383155769314686], [122.3226035367235, 7.38316960402127]]]}, "properties": {"grid_id": "46_58", "pred_scaled_catboost": 0.4286291915198176, "pred_scaled_rf": 0.4488008101473617, "barangay_name_clean": "TICTAPUL", "lon": 122.3180662379871, "lat": 7.387685285390359}}, {"type": "Feature", "geometry": {"type": "Polygon", "coordinates": [[[122.3225897615965, 7.392214779372888], [122.32257596913631, 7.401259951039521], [122.31351486746469, 7.401246082070324], [122.31352884437527, 7.392200927535329], [122.3225897615965, 7.392214779372888]]]}, "properties": {"grid_id": "46_59", "pred_scaled_catboost": 0.396463407057172, "pred_scaled_rf": 0.4525223118876934, "barangay_name_clean": "TICTAPUL", "lon": 122.31805236202621, "lat": 7.396730450352805}}, {"type": "Feature", "geometry": {"type": "Polygon", "coordinates": [[[122.32257596913631, 7.401259951039521], [122.32256215934122, 7.4103051190167655], [122.31350087298738, 7.410291232915259], [122.31351486746469, 7.401246082070324], [122.32257596913631, 7.401259951039521]]]}, "properties": {"grid_id": "46_60", "pred_scaled_catboost": 0.4026568435675551, "pred_scaled_rf": 0.4518125282675128, "barangay_name_clean": "TICTAPUL", "lon": 122.3180384686154, "lat": 7.405775611627727}}, {"type": "Feature", "geometry": {"type": "Polygon", "coordinates": [[[122.32256215934122, 7.4103051190167655], [122.32254833220946, 7.419350283300212], [122.31348686094157, 7.419336380065726], [122.31350087298738, 7.410291232915259], [122.32256215934122, 7.4103051190167655]]]}, "properties": {"grid_id": "46_61", "pred_scaled_catboost": 0.4305950445512783, "pred_scaled_rf": 0.430949955257472, "barangay_name_clean": "TICTAPUL", "lon": 122.31802455775286, "lat": 7.414820769210721}}, {"type": "Feature", "geometry": {"type": "Polygon", "coordinates": [[[122.32254833220946, 7.419350283300212], [122.3225344877393, 7.428395443885451], [122.31347283132551, 7.428381523517314], [122.31348686094157, 7.419336380065726], [122.32254833220946, 7.419350283300212]]]}, "properties": {"grid_id": "46_62", "pred_scaled_catboost": 0.4064919281760885, "pred_scaled_rf": 0.4030609260960998, "barangay_name_clean": "LICOMO", "lon": 122.31801062943687, "lat": 7.423865923097376}}, {"type": "Feature", "geometry": {"type": "Polygon", "coordinates": [[[122.3225344877393, 7.428395443885451], [122.32252062592903, 7.43744060076808], [122.3134587841374, 7.437426663265625], [122.31347283132551, 7.428381523517314], [122.3225344877393, 7.428395443885451]]]}, "properties": {"grid_id": "46_63", "pred_scaled_catboost": 0.4117984984371018, "pred_scaled_rf": 0.3959827153343633, "barangay_name_clean": "LICOMO", "lon": 122.31799668366571, "lat": 7.432911073283296}}, {"type": "Feature", "geometry": {"type": "Polygon", "coordinates": [[[122.32252062592903, 7.43744060076808], [122.32250674677687, 7.446485753943687], [122.31344471937552, 7.446471799306241], [122.3134587841374, 7.437426663265625], [122.32252062592903, 7.43744060076808]]]}, "properties": {"grid_id": "46_64", "pred_scaled_catboost": 0.4093699392649033, "pred_scaled_rf": 0.4446356200788632, "barangay_name_clean": "LICOMO", "lon": 122.31798272043756, "lat": 7.441956219764054}}, {"type": "Feature", "geometry": {"type": "Polygon", "coordinates": [[[122.32250674677687, 7.446485753943687], [122.3224928502811, 7.455530903407867], [122.31343063703808, 7.455516931634753], [122.31344471937552, 7.446471799306241], [122.32250674677687, 7.446485753943687]]]}, "properties": {"grid_id": "46_65", "pred_scaled_catboost": 0.4140401227489409, "pred_scaled_rf": 0.4467108892275671, "barangay_name_clean": "LICOMO", "lon": 122.31796873975071, "lat": 7.451001362535261}}, {"type": "Feature", "geometry": {"type": "Polygon", "coordinates": [[[122.3224928502811, 7.455530903407867], [122.32247893643995, 7.464576049156215], [122.31341653712332, 7.464562060246763], [122.31343063703808, 7.455516931634753], [122.3224928502811, 7.455530903407867]]]}, "properties": {"grid_id": "46_66", "pred_scaled_catboost": 0.3712546595836559, "pred_scaled_rf": 0.4418396965715035, "barangay_name_clean": "LICOMO", "lon": 122.31795474160342, "lat": 7.4600465015924975}}, {"type": "Feature", "geometry": {"type": "Polygon", "coordinates": [[[122.32247893643995, 7.464576049156215], [122.3224650052517, 7.473621191184322], [122.31340241962947, 7.473607185137854], [122.31341653712332, 7.464562060246763], [122.32247893643995, 7.464576049156215]]]}, "properties": {"grid_id": "46_67", "pred_scaled_catboost": 0.3715854696800953, "pred_scaled_rf": 0.3956416092563037, "barangay_name_clean": "LICOMO", "lon": 122.31794072599386, "lat": 7.469091636931362}}, {"type": "Feature", "geometry": {"type": "Polygon", "coordinates": [[[122.3224650052517, 7.473621191184322], [122.3224510567146, 7.482666329487789], [122.31338828455475, 7.482652306303636], [122.31340241962947, 7.473607185137854], [122.3224650052517, 7.473621191184322]]]}, "properties": {"grid_id": "46_68", "pred_scaled_catboost": 0.4098199247278139, "pred_scaled_rf": 0.4078361273834842, "barangay_name_clean": NaN, "lon": 122.31792669292037, "lat": 7.478136768547452}}, {"type": "Feature", "geometry": {"type": "Polygon", "coordinates": [[[122.33229657229788, 6.949009780413864], [122.33228380029104, 6.958055144326024], [122.32323144725922, 6.958042287139255], [122.32324439238658, 6.9489969400998595], [122.33229657229788, 6.949009780413864]]]}, "properties": {"grid_id": "47_10", "pred_scaled_catboost": 0.3904826142087947, "pred_scaled_rf": 0.3903499461302877, "barangay_name_clean": NaN, "lon": 122.32776405442482, "lat": 6.953526052414384}}, {"type": "Feature", "geometry": {"type": "Polygon", "coordinates": [[[122.33178583593642, 7.301776359577869], [122.33177239886564, 7.310821584793393], [122.32271311395193, 7.310808069078113], [122.32272673315786, 7.301762860760094], [122.33178583593642, 7.301776359577869]]]}, "properties": {"grid_id": "47_49", "pred_scaled_catboost": 0.3995009153558709, "pred_scaled_rf": 0.4489941767318972, "barangay_name_clean": "TAGUITI", "lon": 122.32724952184294, "lat": 7.3062922337110185}}, {"type": "Feature", "geometry": {"type": "Polygon", "coordinates": [[[122.33177239886564, 7.310821584793393], [122.33175894470877, 7.319866806364279], [122.32269947742834, 7.319853273750843], [122.32271311395193, 7.310808069078113], [122.33177239886564, 7.310821584793393]]]}, "properties": {"grid_id": "47_50", "pred_scaled_catboost": 0.4090083664714771, "pred_scaled_rf": 0.458939503616891, "barangay_name_clean": "TAGUITI", "lon": 122.32723598510361, "lat": 7.315337448674268}}, {"type": "Feature", "geometry": {"type": "Polygon", "coordinates": [[[122.33175894470877, 7.319866806364279], [122.3317454734641, 7.328912024286112], [122.32268582358533, 7.328898474773865], [122.32269947742834, 7.319853273750843], [122.33175894470877, 7.319866806364279]]]}, "properties": {"grid_id": "47_51", "pred_scaled_catboost": 0.4387997382788903, "pred_scaled_rf": 0.4455324048247956, "barangay_name_clean": NaN, "lon": 122.32722243116156, "lat": 7.32438265999035}}, {"type": "Feature", "geometry": {"type": "Polygon", "coordinates": [[[122.3317454734641, 7.328912024286112], [122.33173198512995, 7.337957238554486], [122.32267215242119, 7.337943672142778], [122.32268582358533, 7.328898474773865], [122.3317454734641, 7.328912024286112]]]}, "properties": {"grid_id": "47_52", "pred_scaled_catboost": 0.431505283900832, "pred_scaled_rf": 0.4601021323090326, "barangay_name_clean": NaN, "lon": 122.32720886001502, "lat": 7.333427867654851}}, {"type": "Feature", "geometry": {"type": "Polygon", "coordinates": [[[122.33173198512995, 7.337957238554486], [122.33171847970463, 7.34700244916499], [122.3226584639342, 7.346988865853163], [122.32267215242119, 7.337943672142778], [122.33173198512995, 7.337957238554486]]]}, "properties": {"grid_id": "47_53", "pred_scaled_catboost": 0.421431246687155, "pred_scaled_rf": 0.4447687129833284, "barangay_name_clean": "LIMAONG", "lon": 122.32719527166233, "lat": 7.342473071663364}}, {"type": "Feature", "geometry": {"type": "Polygon", "coordinates": [[[122.33171847970463, 7.34700244916499], [122.33170495718642, 7.356047656113214], [122.32264475812268, 7.3560340559006185], [122.3226584639342, 7.346988865853163], [122.33171847970463, 7.34700244916499]]]}, "properties": {"grid_id": "47_54", "pred_scaled_catboost": 0.4306562427473308, "pred_scaled_rf": 0.4125911397628435, "barangay_name_clean": "LIMAONG", "lon": 122.3271816661018, "lat": 7.351518272011468}}, {"type": "Feature", "geometry": {"type": "Polygon", "coordinates": [[[122.33170495718642, 7.356047656113214], [122.33169141757367, 7.365092859394752], [122.32263103498488, 7.365079242280727], [122.32264475812268, 7.3560340559006185], [122.33170495718642, 7.356047656113214]]]}, "properties": {"grid_id": "47_55", "pred_scaled_catboost": 0.4278450584886818, "pred_scaled_rf": 0.4346703822374639, "barangay_name_clean": "LIMAONG", "lon": 122.3271680433317, "lat": 7.360563468694767}}, {"type": "Feature", "geometry": {"type": "Polygon", "coordinates": [[[122.33169141757367, 7.365092859394752], [122.33167786086464, 7.374138059005187], [122.32261729451905, 7.374124424989079], [122.32263103498488, 7.365079242280727], [122.33169141757367, 7.365092859394752]]]}, "properties": {"grid_id": "47_56", "pred_scaled_catboost": 0.4175227814051415, "pred_scaled_rf": 0.4033163117550357, "barangay_name_clean": "VITALI", "lon": 122.32715440335032, "lat": 7.369608661708848}}, {"type": "Feature", "geometry": {"type": "Polygon", "coordinates": [[[122.33167786086464, 7.374138059005187], [122.33166428705762, 7.383183254940116], [122.3226035367235, 7.38316960402127], [122.32261729451905, 7.374124424989079], [122.33167786086464, 7.374138059005187]]]}, "properties": {"grid_id": "47_57", "pred_scaled_catboost": 0.4218598301425941, "pred_scaled_rf": 0.4226806738201936, "barangay_name_clean": "LIMAONG", "lon": 122.32714074615592, "lat": 7.37865385104929}}, {"type": "Feature", "geometry": {"type": "Polygon", "coordinates": [[[122.33166428705762, 7.383183254940116], [122.33165069615094, 7.39222844719513], [122.3225897615965, 7.392214779372888], [122.3226035367235, 7.38316960402127], [122.33166428705762, 7.383183254940116]]]}, "properties": {"grid_id": "47_58", "pred_scaled_catboost": 0.4470525380931189, "pred_scaled_rf": 0.4256858364431576, "barangay_name_clean": "LIMAONG", "lon": 122.32712707174683, "lat": 7.387699036711698}}, {"type": "Feature", "geometry": {"type": "Polygon", "coordinates": [[[122.33165069615094, 7.39222844719513], [122.33163708814287, 7.40127363576582], [122.32257596913631, 7.401259951039521], [122.3225897615965, 7.392214779372888], [122.33165069615094, 7.39222844719513]]]}, "properties": {"grid_id": "47_59", "pred_scaled_catboost": 0.4198003213953981, "pred_scaled_rf": 0.4484734998850559, "barangay_name_clean": "TICTAPUL", "lon": 122.3271133801213, "lat": 7.396744218691658}}, {"type": "Feature", "geometry": {"type": "Polygon", "coordinates": [[[122.33163708814287, 7.40127363576582], [122.33162346303169, 7.410318820647779], [122.32256215934122, 7.4103051190167655], [122.32257596913631, 7.401259951039521], [122.33163708814287, 7.40127363576582]]]}, "properties": {"grid_id": "47_60", "pred_scaled_catboost": 0.4259400051943454, "pred_scaled_rf": 0.4537013740128823, "barangay_name_clean": "TICTAPUL", "lon": 122.32709967127765, "lat": 7.405789396984758}}, {"type": "Feature", "geometry": {"type": "Polygon", "coordinates": [[[122.33162346303169, 7.410318820647779], [122.33160982081571, 7.4193640018366045], [122.32254833220946, 7.419350283300212], [122.32256215934122, 7.4103051190167655], [122.33162346303169, 7.410318820647779]]]}, "properties": {"grid_id": "47_61", "pred_scaled_catboost": 0.439172307881098, "pred_scaled_rf": 0.3808940996576576, "barangay_name_clean": "TICTAPUL", "lon": 122.3270859452141, "lat": 7.4148345715865975}}, {"type": "Feature", "geometry": {"type": "Polygon", "coordinates": [[[122.33160982081571, 7.4193640018366045], [122.33159616149325, 7.428409179327882], [122.3225344877393, 7.428395443885451], [122.32254833220946, 7.419350283300212], [122.33160982081571, 7.4193640018366045]]]}, "properties": {"grid_id": "47_62", "pred_scaled_catboost": 0.4292249609659591, "pred_scaled_rf": 0.4033099325060869, "barangay_name_clean": "LICOMO", "lon": 122.32707220192897, "lat": 7.4238797424927725}}, {"type": "Feature", "geometry": {"type": "Polygon", "coordinates": [[[122.33159616149325, 7.428409179327882], [122.33158248506253, 7.437454353117207], [122.32252062592903, 7.43744060076808], [122.3225344877393, 7.428395443885451], [122.33159616149325, 7.428409179327882]]]}, "properties": {"grid_id": "47_63", "pred_scaled_catboost": 0.4233487944125225, "pred_scaled_rf": 0.4065570569829607, "barangay_name_clean": "LICOMO", "lon": 122.32705844142056, "lat": 7.43292490969886}}, {"type": "Feature", "geometry": {"type": "Polygon", "coordinates": [[[122.33158248506253, 7.437454353117207], [122.33156879152183, 7.446499523200179], [122.32250674677687, 7.446485753943687], [122.32252062592903, 7.43744060076808], [122.33158248506253, 7.437454353117207]]]}, "properties": {"grid_id": "47_64", "pred_scaled_catboost": 0.4208151393620766, "pred_scaled_rf": 0.451564681515731, "barangay_name_clean": "LICOMO", "lon": 122.32704466368705, "lat": 7.441970073200468}}, {"type": "Feature", "geometry": {"type": "Polygon", "coordinates": [[[122.33156879152183, 7.446499523200179], [122.33155508086946, 7.455544689572382], [122.3224928502811, 7.455530903407867], [122.32250674677687, 7.446485753943687], [122.33156879152183, 7.446499523200179]]]}, "properties": {"grid_id": "47_65", "pred_scaled_catboost": 0.412734679664299, "pred_scaled_rf": 0.3937810241119289, "barangay_name_clean": "LICOMO", "lon": 122.32703086872677, "lat": 7.451015232993182}}, {"type": "Feature", "geometry": {"type": "Polygon", "coordinates": [[[122.33155508086946, 7.455544689572382], [122.33154135310372, 7.464589852229425], [122.32247893643995, 7.464576049156215], [122.3224928502811, 7.455530903407867], [122.33155508086946, 7.455544689572382]]]}, "properties": {"grid_id": "47_66", "pred_scaled_catboost": 0.3908443786825624, "pred_scaled_rf": 0.4021727849544189, "barangay_name_clean": "LICOMO", "lon": 122.327017056538, "lat": 7.460060389072603}}, {"type": "Feature", "geometry": {"type": "Polygon", "coordinates": [[[122.33154135310372, 7.464589852229425], [122.33152760822284, 7.4736350111668886], [122.3224650052517, 7.473621191184322], [122.32247893643995, 7.464576049156215], [122.33154135310372, 7.464589852229425]]]}, "properties": {"grid_id": "47_67", "pred_scaled_catboost": 0.4055760393066122, "pred_scaled_rf": 0.4101828656654498, "barangay_name_clean": "LICOMO", "lon": 122.32700322711895, "lat": 7.4691055414343195}}, {"type": "Feature", "geometry": {"type": "Polygon", "coordinates": [[[122.34083170086542, 7.310834918539549], [122.34081842907698, 7.319880156781082], [122.33175894470877, 7.319866806364279], [122.33177239886564, 7.310821584793393], [122.34083170086542, 7.310834918539549]]]}, "properties": {"grid_id": "48_50", "pred_scaled_catboost": 0.4053281407316593, "pred_scaled_rf": 0.4584429683566091, "barangay_name_clean": "TAGUITI", "lon": 122.33629536972578, "lat": 7.315350881797218}}, {"type": "Feature", "geometry": {"type": "Polygon", "coordinates": [[[122.34081842907698, 7.319880156781082], [122.34080514043235, 7.328925391374207], [122.3317454734641, 7.328912024286112], [122.33175894470877, 7.319866806364279], [122.34081842907698, 7.319880156781082]]]}, "properties": {"grid_id": "48_51", "pred_scaled_catboost": 0.4386531387922969, "pred_scaled_rf": 0.4422588973508184, "barangay_name_clean": "LIMAONG", "lon": 122.33628199826705, "lat": 7.324396109898026}}, {"type": "Feature", "geometry": {"type": "Polygon", "coordinates": [[[122.34080514043235, 7.328925391374207], [122.3407918349299, 7.337970622314521], [122.33173198512995, 7.337957238554486], [122.3317454734641, 7.328912024286112], [122.34080514043235, 7.328925391374207]]]}, "properties": {"grid_id": "48_52", "pred_scaled_catboost": 0.4444966924179713, "pred_scaled_rf": 0.4686596735581558, "barangay_name_clean": "LIMAONG", "lon": 122.33626860983557, "lat": 7.333441334347904}}, {"type": "Feature", "geometry": {"type": "Polygon", "coordinates": [[[122.3407918349299, 7.337970622314521], [122.34077851256791, 7.347015849597605], [122.33171847970463, 7.34700244916499], [122.33173198512995, 7.337957238554486], [122.3407918349299, 7.337970622314521]]]}, "properties": {"grid_id": "48_53", "pred_scaled_catboost": 0.4294831954609335, "pred_scaled_rf": 0.4414307828198546, "barangay_name_clean": "LIMAONG", "lon": 122.33625520442956, "lat": 7.342486555142433}}, {"type": "Feature", "geometry": {"type": "Polygon", "coordinates": [[[122.34077851256791, 7.347015849597605], [122.34076517334475, 7.356061073219057], [122.33170495718642, 7.356047656113214], [122.33171847970463, 7.34700244916499], [122.34077851256791, 7.347015849597605]]]}, "properties": {"grid_id": "48_54", "pred_scaled_catboost": 0.4382498884648774, "pred_scaled_rf": 0.4143365297434337, "barangay_name_clean": "LIMAONG", "lon": 122.33624178204737, "lat": 7.351531772277221}}, {"type": "Feature", "geometry": {"type": "Polygon", "coordinates": [[[122.34076517334475, 7.356061073219057], [122.34075181725873, 7.365106293174469], [122.33169141757367, 7.365092859394752], [122.33170495718642, 7.356047656113214], [122.34076517334475, 7.356061073219057]]]}, "properties": {"grid_id": "48_55", "pred_scaled_catboost": 0.4325614259263271, "pred_scaled_rf": 0.4306618096018892, "barangay_name_clean": "LIMAONG", "lon": 122.3362283426873, "lat": 7.3605769857478425}}, {"type": "Feature", "geometry": {"type": "Polygon", "coordinates": [[[122.34075181725873, 7.365106293174469], [122.34073844430819, 7.374151509459426], [122.33167786086464, 7.374138059005187], [122.33169141757367, 7.365092859394752], [122.34075181725873, 7.365106293174469]]]}, "properties": {"grid_id": "48_56", "pred_scaled_catboost": 0.4211685205144571, "pred_scaled_rf": 0.4293763057901418, "barangay_name_clean": "LIMAONG", "lon": 122.33621488634768, "lat": 7.369622195549895}}, {"type": "Feature", "geometry": {"type": "Polygon", "coordinates": [[[122.34073844430819, 7.374151509459426], [122.34072505449141, 7.383196722069524], [122.33166428705762, 7.383183254940116], [122.33167786086464, 7.374138059005187], [122.34073844430819, 7.374151509459426]]]}, "properties": {"grid_id": "48_57", "pred_scaled_catboost": 0.4216460236214244, "pred_scaled_rf": 0.4276696484329252, "barangay_name_clean": "LIMAONG", "lon": 122.33620141302683, "lat": 7.378667401678972}}, {"type": "Feature", "geometry": {"type": "Polygon", "coordinates": [[[122.34072505449141, 7.383196722069524], [122.34071164780676, 7.392241931000361], [122.33165069615094, 7.39222844719513], [122.33166428705762, 7.383183254940116], [122.34072505449141, 7.383196722069524]]]}, "properties": {"grid_id": "48_58", "pred_scaled_catboost": 0.4426693139136754, "pred_scaled_rf": 0.4326151866401036, "barangay_name_clean": "LIMAONG", "lon": 122.33618792272298, "lat": 7.387712604130658}}, {"type": "Feature", "geometry": {"type": "Polygon", "coordinates": [[[122.34071164780676, 7.392241931000361], [122.34069822425252, 7.401287136247519], [122.33163708814287, 7.40127363576582], [122.33165069615094, 7.39222844719513], [122.34071164780676, 7.392241931000361]]]}, "properties": {"grid_id": "48_59", "pred_scaled_catboost": 0.4474940359211338, "pred_scaled_rf": 0.4395601816682949, "barangay_name_clean": "LIMAONG", "lon": 122.33617441543456, "lat": 7.396757802900556}}, {"type": "Feature", "geometry": {"type": "Polygon", "coordinates": [[[122.34069822425252, 7.401287136247519], [122.340684783827, 7.410332337806597], [122.33162346303169, 7.410318820647779], [122.33163708814287, 7.40127363576582], [122.34069822425252, 7.401287136247519]]]}, "properties": {"grid_id": "48_60", "pred_scaled_catboost": 0.4174123084055665, "pred_scaled_rf": 0.4266937152118988, "barangay_name_clean": "LIMAONG", "lon": 122.33616089115975, "lat": 7.405802997984246}}, {"type": "Feature", "geometry": {"type": "Polygon", "coordinates": [[[122.340684783827, 7.410332337806597], [122.34067132652852, 7.419377535673192], [122.33160982081571, 7.4193640018366045], [122.33162346303169, 7.410318820647779], [122.340684783827, 7.410332337806597]]]}, "properties": {"grid_id": "48_61", "pred_scaled_catboost": 0.4473347064542271, "pred_scaled_rf": 0.4337140060623173, "barangay_name_clean": "TICTAPUL", "lon": 122.33614734989695, "lat": 7.414848189377332}}, {"type": "Feature", "geometry": {"type": "Polygon", "coordinates": [[[122.34067132652852, 7.419377535673192], [122.3406578523554, 7.428422729842894], [122.33159616149325, 7.428409179327882], [122.33160982081571, 7.4193640018366045], [122.34067132652852, 7.419377535673192]]]}, "properties": {"grid_id": "48_62", "pred_scaled_catboost": 0.4266308547926835, "pred_scaled_rf": 0.4170274379200838, "barangay_name_clean": "LICOMO", "lon": 122.33613379164439, "lat": 7.4238933770754025}}, {"type": "Feature", "geometry": {"type": "Polygon", "coordinates": [[[122.3406578523554, 7.428422729842894], [122.34064436130595, 7.437467920311297], [122.33158248506253, 7.437454353117207], [122.33159616149325, 7.428409179327882], [122.3406578523554, 7.428422729842894]]]}, "properties": {"grid_id": "48_63", "pred_scaled_catboost": 0.4188001548247592, "pred_scaled_rf": 0.3955435505807006, "barangay_name_clean": "LICOMO", "lon": 122.33612021640043, "lat": 7.432938561074054}}, {"type": "Feature", "geometry": {"type": "Polygon", "coordinates": [[[122.34064436130595, 7.437467920311297], [122.34063085337847, 7.446513107074], [122.33156879152183, 7.446499523200179], [122.33158248506253, 7.437454353117207], [122.34064436130595, 7.437467920311297]]]}, "properties": {"grid_id": "48_64", "pred_scaled_catboost": 0.4240634742032709, "pred_scaled_rf": 0.4547471912040341, "barangay_name_clean": "LICOMO", "lon": 122.33610662416332, "lat": 7.441983741368883}}, {"type": "Feature", "geometry": {"type": "Polygon", "coordinates": [[[122.34063085337847, 7.446513107074], [122.34061732857124, 7.455558290126593], [122.33155508086946, 7.455544689572382], [122.33156879152183, 7.446499523200179], [122.34063085337847, 7.446513107074]]]}, "properties": {"grid_id": "48_65", "pred_scaled_catboost": 0.4251973607208524, "pred_scaled_rf": 0.4037271736189495, "barangay_name_clean": "LICOMO", "lon": 122.33609301493132, "lat": 7.451028917955473}}, {"type": "Feature", "geometry": {"type": "Polygon", "coordinates": [[[122.34061732857124, 7.455558290126593], [122.34060378688258, 7.464603469464675], [122.33154135310372, 7.464589852229425], [122.33155508086946, 7.455544689572382], [122.34061732857124, 7.455558290126593]]]}, "properties": {"grid_id": "48_66", "pred_scaled_catboost": 0.3953035851728722, "pred_scaled_rf": 0.4337445601204896, "barangay_name_clean": "LICOMO", "lon": 122.33607938870281, "lat": 7.460074090829426}}, {"type": "Feature", "geometry": {"type": "Polygon", "coordinates": [[[122.34060378688258, 7.464603469464675], [122.34059022831079, 7.473648645083834], [122.33152760822284, 7.4736350111668886], [122.33154135310372, 7.464589852229425], [122.34060378688258, 7.464603469464675]]]}, "properties": {"grid_id": "48_67", "pred_scaled_catboost": 0.3990680520730794, "pred_scaled_rf": 0.4603151623160557, "barangay_name_clean": "LICOMO", "lon": 122.33606574547603, "lat": 7.469119259986341}}, {"type": "Feature", "geometry": {"type": "Polygon", "coordinates": [[[122.35036365598448, 6.976171122923418], [122.3503511805372, 6.985216509472964], [122.34129827293677, 6.985203949234962], [122.34131092219997, 6.976158579105655], [122.35036365598448, 6.976171122923418]]]}, "properties": {"grid_id": "49_13", "pred_scaled_catboost": 0.3957274589323085, "pred_scaled_rf": 0.4119097551368619, "barangay_name_clean": NaN, "lon": 122.34583100924388, "lat": 6.980687554660744}}, {"type": "Feature", "geometry": {"type": "Polygon", "coordinates": [[[122.34989101971975, 7.310848070314915], [122.34987793030137, 7.319893324999589], [122.34081842907698, 7.319880156781082], [122.34083170086542, 7.310834918539549], [122.34989101971975, 7.310848070314915]]]}, "properties": {"grid_id": "49_50", "pred_scaled_catboost": 0.4459186364379866, "pred_scaled_rf": 0.4718880715974342, "barangay_name_clean": NaN, "lon": 122.34535477131907, "lat": 7.315364132836453}}, {"type": "Feature", "geometry": {"type": "Polygon", "coordinates": [[[122.34987793030137, 7.319893324999589], [122.34986482425845, 7.328938576036489], [122.34080514043235, 7.328925391374207], [122.34081842907698, 7.319880156781082], [122.34987793030137, 7.319893324999589]]]}, "properties": {"grid_id": "49_51", "pred_scaled_catboost": 0.4531956146637235, "pred_scaled_rf": 0.4699669141014392, "barangay_name_clean": "LIMAONG", "lon": 122.34534158234545, "lat": 7.324409377494476}}, {"type": "Feature", "geometry": {"type": "Polygon", "coordinates": [[[122.34986482425845, 7.328938576036489], [122.34985170158934, 7.337983823421213], [122.3407918349299, 7.337970622314521], [122.34080514043235, 7.328925391374207], [122.34986482425845, 7.328938576036489]]]}, "properties": {"grid_id": "49_52", "pred_scaled_catboost": 0.4345734327147441, "pred_scaled_rf": 0.4673923181493193, "barangay_name_clean": "LIMAONG", "lon": 122.34532837663063, "lat": 7.3334546185022065}}, {"type": "Feature", "geometry": {"type": "Polygon", "coordinates": [[[122.34985170158934, 7.337983823421213], [122.34983856229239, 7.347029067149342], [122.34077851256791, 7.347015849597605], [122.3407918349299, 7.337970622314521], [122.34985170158934, 7.337983823421213]]]}, "properties": {"grid_id": "49_53", "pred_scaled_catboost": 0.439117840728642, "pred_scaled_rf": 0.4661757949706595, "barangay_name_clean": "LIMAONG", "lon": 122.34531515417298, "lat": 7.342499855855238}}, {"type": "Feature", "geometry": {"type": "Polygon", "coordinates": [[[122.34983856229239, 7.347029067149342], [122.34982540636595, 7.356074307216478], [122.34076517334475, 7.356061073219057], [122.34077851256791, 7.347015849597605], [122.34983856229239, 7.347029067149342]]]}, "properties": {"grid_id": "49_54", "pred_scaled_catboost": 0.4313433827158128, "pred_scaled_rf": 0.4577305342959032, "barangay_name_clean": "LIMAONG", "lon": 122.3453019149708, "lat": 7.351545089549154}}, {"type": "Feature", "geometry": {"type": "Polygon", "coordinates": [[[122.34982540636595, 7.356074307216478], [122.34981223380834, 7.36511954361821], [122.34075181725873, 7.365106293174469], [122.34076517334475, 7.356061073219057], [122.34982540636595, 7.356074307216478]]]}, "properties": {"grid_id": "49_55", "pred_scaled_catboost": 0.4310568439186267, "pred_scaled_rf": 0.4453464376014546, "barangay_name_clean": "LIMAONG", "lon": 122.34528865902247, "lat": 7.3605903195795515}}, {"type": "Feature", "geometry": {"type": "Polygon", "coordinates": [[[122.34981223380834, 7.36511954361821], [122.34979904461795, 7.374164776350127], [122.34073844430819, 7.374151509459426], [122.34075181725873, 7.365106293174469], [122.34981223380834, 7.36511954361821]]]}, "properties": {"grid_id": "49_56", "pred_scaled_catboost": 0.4298523171178818, "pred_scaled_rf": 0.431810495304044, "barangay_name_clean": "LIMAONG", "lon": 122.3452753863263, "lat": 7.369635545942026}}, {"type": "Feature", "geometry": {"type": "Polygon", "coordinates": [[[122.34979904461795, 7.374164776350127], [122.34978583879312, 7.383210005407824], [122.34072505449141, 7.383196722069524], [122.34073844430819, 7.374151509459426], [122.34979904461795, 7.374164776350127]]]}, "properties": {"grid_id": "49_57", "pred_scaled_catboost": 0.4282370206900465, "pred_scaled_rf": 0.4258934908119614, "barangay_name_clean": "LIMAONG", "lon": 122.34526209688063, "lat": 7.378680768632163}}, {"type": "Feature", "geometry": {"type": "Polygon", "coordinates": [[[122.34978583879312, 7.383210005407824], [122.34977261633215, 7.392255230786896], [122.34071164780676, 7.392241931000361], [122.34072505449141, 7.383196722069524], [122.34978583879312, 7.383210005407824]]]}, "properties": {"grid_id": "49_58", "pred_scaled_catboost": 0.4378540947103644, "pred_scaled_rf": 0.4303450854426119, "barangay_name_clean": "LIMAONG", "lon": 122.3452487906838, "lat": 7.387725987645555}}, {"type": "Feature", "geometry": {"type": "Polygon", "coordinates": [[[122.34977261633215, 7.392255230786896], [122.34975937723341, 7.401300452482935], [122.34069822425252, 7.401287136247519], [122.34071164780676, 7.392241931000361], [122.34977261633215, 7.392255230786896]]]}, "properties": {"grid_id": "49_59", "pred_scaled_catboost": 0.4352874164538041, "pred_scaled_rf": 0.4208594428121239, "barangay_name_clean": "LIMAONG", "lon": 122.34523546773413, "lat": 7.396771202977803}}, {"type": "Feature", "geometry": {"type": "Polygon", "coordinates": [[[122.34975937723341, 7.401300452482935], [122.34974612149524, 7.4103456704915365], [122.340684783827, 7.410332337806597], [122.34069822425252, 7.401287136247519], [122.34975937723341, 7.401300452482935]]]}, "properties": {"grid_id": "49_60", "pred_scaled_catboost": 0.460398835434065, "pred_scaled_rf": 0.4421291363477683, "barangay_name_clean": NaN, "lon": 122.3452221280299, "lat": 7.405816414624494}}, {"type": "Feature", "geometry": {"type": "Polygon", "coordinates": [[[122.34974612149524, 7.4103456704915365], [122.34973284911597, 7.419390884808299], [122.34067132652852, 7.419377535673192], [122.340684783827, 7.410332337806597], [122.34974612149524, 7.4103456704915365]]]}, "properties": {"grid_id": "49_61", "pred_scaled_catboost": 0.455610835855444, "pred_scaled_rf": 0.4321931754822996, "barangay_name_clean": "TICTAPUL", "lon": 122.34520877156952, "lat": 7.414861622581227}}, {"type": "Feature", "geometry": {"type": "Polygon", "coordinates": [[[122.34973284911597, 7.419390884808299], [122.34971956009393, 7.428436095428804], [122.3406578523554, 7.428422729842894], [122.34067132652852, 7.419377535673192], [122.34973284911597, 7.419390884808299]]]}, "properties": {"grid_id": "49_62", "pred_scaled_catboost": 0.4277450479071278, "pred_scaled_rf": 0.4297019890080853, "barangay_name_clean": "LICOMO", "lon": 122.34519539835128, "lat": 7.42390682684359}}, {"type": "Feature", "geometry": {"type": "Polygon", "coordinates": [[[122.34971956009393, 7.428436095428804], [122.34970625442743, 7.437481302348661], [122.34064436130595, 7.437467920311297], [122.3406578523554, 7.428422729842894], [122.34971956009393, 7.428436095428804]]]}, "properties": {"grid_id": "49_63", "pred_scaled_catboost": 0.4239796111571347, "pred_scaled_rf": 0.4287646413274074, "barangay_name_clean": "LICOMO", "lon": 122.34518200837344, "lat": 7.432952027407179}}, {"type": "Feature", "geometry": {"type": "Polygon", "coordinates": [[[122.34970625442743, 7.437481302348661], [122.34969293211483, 7.44652650556346], [122.34063085337847, 7.446513107074], [122.34064436130595, 7.437467920311297], [122.34970625442743, 7.437481302348661]]]}, "properties": {"grid_id": "49_64", "pred_scaled_catboost": 0.4137878990828535, "pred_scaled_rf": 0.4453099370706322, "barangay_name_clean": "LICOMO", "lon": 122.34516860163444, "lat": 7.441997224267593}}, {"type": "Feature", "geometry": {"type": "Polygon", "coordinates": [[[122.34969293211483, 7.44652650556346], [122.34967959315445, 7.455571705068797], [122.34061732857124, 7.455558290126593], [122.34063085337847, 7.446513107074], [122.34969293211483, 7.44652650556346]]]}, "properties": {"grid_id": "49_65", "pred_scaled_catboost": 0.4114429170001837, "pred_scaled_rf": 0.3900166849768207, "barangay_name_clean": "LICOMO", "lon": 122.34515517813247, "lat": 7.451042417420426}}, {"type": "Feature", "geometry": {"type": "Polygon", "coordinates": [[[122.34967959315445, 7.455571705068797], [122.34966623754458, 7.4646169008602685], [122.34060378688258, 7.464603469464675], [122.34061732857124, 7.455558290126593], [122.34967959315445, 7.455571705068797]]]}, "properties": {"grid_id": "49_66", "pred_scaled_catboost": 0.3852379178861483, "pred_scaled_rf": 0.4115179422870988, "barangay_name_clean": "LICOMO", "lon": 122.34514173786587, "lat": 7.46008760686127}}, {"type": "Feature", "geometry": {"type": "Polygon", "coordinates": [[[122.34966623754458, 7.4646169008602685], [122.34965286528362, 7.47366209293347], [122.34059022831079, 7.473648645083834], [122.34060378688258, 7.464603469464675], [122.34966623754458, 7.4646169008602685]]]}, "properties": {"grid_id": "49_67", "pred_scaled_catboost": 0.4066008229933348, "pred_scaled_rf": 0.4093906685891176, "barangay_name_clean": NaN, "lon": 122.34512828083308, "lat": 7.469132792585729}}, {"type": "Feature", "geometry": {"type": "Polygon", "coordinates": [[[122.35941640633258, 6.976183493180635], [122.3594041047028, 6.9852288959232265], [122.3503511805372, 6.985216509472964], [122.35036365598448, 6.976171122923418], [122.35941640633258, 6.976183493180635]]]}, "properties": {"grid_id": "50_13", "pred_scaled_catboost": 0.3957274589323085, "pred_scaled_rf": 0.4119097551368619, "barangay_name_clean": NaN, "lon": 122.35488383820014, "lat": 6.980700019851584}}, {"type": "Feature", "geometry": {"type": "Polygon", "coordinates": [[[122.3594041047028, 6.9852288959232265], [122.35939178673863, 6.994274295182017], [122.35033868852476, 6.994261892538116], [122.3503511805372, 6.985216509472964], [122.3594041047028, 6.9852288959232265]]]}, "properties": {"grid_id": "50_14", "pred_scaled_catboost": 0.3957274589323085, "pred_scaled_rf": 0.4119097551368619, "barangay_name_clean": NaN, "lon": 122.35487144143669, "lat": 6.989745412774539}}, {"type": "Feature", "geometry": {"type": "Polygon", "coordinates": [[[122.3589374481503, 7.319906311018166], [122.35892452471076, 7.328951578271319], [122.34986482425845, 7.328938576036489], [122.34987793030137, 7.319893324999589], [122.3589374481503, 7.319906311018166]]]}, "properties": {"grid_id": "50_51", "pred_scaled_catboost": 0.4395436386239834, "pred_scaled_rf": 0.4694022960303744, "barangay_name_clean": NaN, "lon": 122.35440118316498, "lat": 7.324422462778057}}, {"type": "Feature", "geometry": {"type": "Polygon", "coordinates": [[[122.35892452471076, 7.328951578271319], [122.35891158487665, 7.33799684187292], [122.34985170158934, 7.337983823421213], [122.34986482425845, 7.328938576036489], [122.35892452471076, 7.328951578271319]]]}, "properties": {"grid_id": "50_52", "pred_scaled_catboost": 0.4279524863866636, "pred_scaled_rf": 0.4638482277796301, "barangay_name_clean": "LIMAONG", "lon": 122.35438816016855, "lat": 7.333467720116111}}, {"type": "Feature", "geometry": {"type": "Polygon", "coordinates": [[[122.35891158487665, 7.33799684187292], [122.35889862864634, 7.347042101818558], [122.34983856229239, 7.347029067149342], [122.34985170158934, 7.337983823421213], [122.35891158487665, 7.33799684187292]]]}, "properties": {"grid_id": "50_53", "pred_scaled_catboost": 0.4203527444256147, "pred_scaled_rf": 0.4135287639373036, "barangay_name_clean": "LIMAONG", "lon": 122.35437512066089, "lat": 7.342512973800099}}, {"type": "Feature", "geometry": {"type": "Polygon", "coordinates": [[[122.35889862864634, 7.347042101818558], [122.35888565601827, 7.3560873581038315], [122.34982540636595, 7.356074307216478], [122.34983856229239, 7.347029067149342], [122.35889862864634, 7.347042101818558]]]}, "properties": {"grid_id": "50_54", "pred_scaled_catboost": 0.3918209368409826, "pred_scaled_rf": 0.404786318187277, "barangay_name_clean": "LIMAONG", "lon": 122.35436206464041, "lat": 7.351558223825614}}, {"type": "Feature", "geometry": {"type": "Polygon", "coordinates": [[[122.35888565601827, 7.3560873581038315], [122.35887266699075, 7.365132610724326], [122.34981223380834, 7.36511954361821], [122.34982540636595, 7.356074307216478], [122.35888565601827, 7.3560873581038315]]]}, "properties": {"grid_id": "50_55", "pred_scaled_catboost": 0.3859692071349179, "pred_scaled_rf": 0.417445714027893, "barangay_name_clean": "LIMAONG", "lon": 122.3543489921055, "lat": 7.360603470188241}}, {"type": "Feature", "geometry": {"type": "Polygon", "coordinates": [[[122.35887266699075, 7.365132610724326], [122.35885966156218, 7.374177859675637], [122.34979904461795, 7.374164776350127], [122.34981223380834, 7.36511954361821], [122.35887266699075, 7.365132610724326]]]}, "properties": {"grid_id": "50_56", "pred_scaled_catboost": 0.4013603670781577, "pred_scaled_rf": 0.4375976758092899, "barangay_name_clean": "LIMAONG", "lon": 122.35433590305442, "lat": 7.369648712883571}}, {"type": "Feature", "geometry": {"type": "Polygon", "coordinates": [[[122.35885966156218, 7.374177859675637], [122.35884663973093, 7.38322310495336], [122.34978583879312, 7.383210005407824], [122.34979904461795, 7.374164776350127], [122.35885966156218, 7.374177859675637]]]}, "properties": {"grid_id": "50_57", "pred_scaled_catboost": 0.4461447234544474, "pred_scaled_rf": 0.4487308223386804, "barangay_name_clean": "TUMITUS", "lon": 122.35432279748562, "lat": 7.3786939519072}}, {"type": "Feature", "geometry": {"type": "Polygon", "coordinates": [[[122.35884663973093, 7.38322310495336], [122.35883360149532, 7.392268346553089], [122.34977261633215, 7.392255230786896], [122.34978583879312, 7.383210005407824], [122.35884663973093, 7.38322310495336]]]}, "properties": {"grid_id": "50_58", "pred_scaled_catboost": 0.4611917628745446, "pred_scaled_rf": 0.4556739510421249, "barangay_name_clean": "TUMITUS", "lon": 122.35430967539743, "lat": 7.387739187254728}}, {"type": "Feature", "geometry": {"type": "Polygon", "coordinates": [[[122.35883360149532, 7.392268346553089], [122.35882054685378, 7.401313584470417], [122.34975937723341, 7.401300452482935], [122.34977261633215, 7.392255230786896], [122.35883360149532, 7.392268346553089]]]}, "properties": {"grid_id": "50_59", "pred_scaled_catboost": 0.4500850328912135, "pred_scaled_rf": 0.4457415266821646, "barangay_name_clean": "TUMITUS", "lon": 122.3542965367882, "lat": 7.39678441892174}}, {"type": "Feature", "geometry": {"type": "Polygon", "coordinates": [[[122.35882054685378, 7.401313584470417], [122.35880747580461, 7.41035881870094], [122.34974612149524, 7.4103456704915365], [122.34975937723341, 7.401300452482935], [122.35882054685378, 7.401313584470417]]]}, "properties": {"grid_id": "50_60", "pred_scaled_catboost": 0.4605364709851111, "pred_scaled_rf": 0.4383810715615471, "barangay_name_clean": NaN, "lon": 122.35428338165626, "lat": 7.405829646903833}}, {"type": "Feature", "geometry": {"type": "Polygon", "coordinates": [[[122.35880747580461, 7.41035881870094], [122.3587943883462, 7.419404049240253], [122.34973284911597, 7.419390884808299], [122.34974612149524, 7.4103456704915365], [122.35880747580461, 7.41035881870094]]]}, "properties": {"grid_id": "50_61", "pred_scaled_catboost": 0.4479781794224341, "pred_scaled_rf": 0.453881675855684, "barangay_name_clean": NaN, "lon": 122.35427020999998, "lat": 7.414874871196606}}, {"type": "Feature", "geometry": {"type": "Polygon", "coordinates": [[[122.3587943883462, 7.419404049240253], [122.35878128447686, 7.428449276083953], [122.34971956009393, 7.428436095428804], [122.34973284911597, 7.419390884808299], [122.3587943883462, 7.419404049240253]]]}, "properties": {"grid_id": "50_62", "pred_scaled_catboost": 0.4500379318624856, "pred_scaled_rf": 0.4568700290100528, "barangay_name_clean": NaN, "lon": 122.35425702181767, "lat": 7.423920091795643}}, {"type": "Feature", "geometry": {"type": "Polygon", "coordinates": [[[122.35876816419503, 7.437494499227634], [122.35875502749899, 7.4465397186668945], [122.34969293211483, 7.44652650556346], [122.34970625442743, 7.437481302348661], [122.35876816419503, 7.437494499227634]]]}, "properties": {"grid_id": "50_64", "pred_scaled_catboost": 0.4183378882942584, "pred_scaled_rf": 0.4580717317027726, "barangay_name_clean": NaN, "lon": 122.35423059586844, "lat": 7.442010521894929}}, {"type": "Feature", "geometry": {"type": "Polygon", "coordinates": [[[122.35875502749899, 7.4465397186668945], [122.3587418743871, 7.455584934397332], [122.34967959315445, 7.455571705068797], [122.34969293211483, 7.44652650556346], [122.35875502749899, 7.4465397186668945]]]}, "properties": {"grid_id": "50_65", "pred_scaled_catboost": 0.4437900659599106, "pred_scaled_rf": 0.452674732036772, "barangay_name_clean": NaN, "lon": 122.35421735809818, "lat": 7.451055731386362}}, {"type": "Feature", "geometry": {"type": "Polygon", "coordinates": [[[122.3587418743871, 7.455584934397332], [122.35872870485774, 7.4646301464145415], [122.34966623754458, 7.4646169008602685], [122.34967959315445, 7.455571705068797], [122.3587418743871, 7.455584934397332]]]}, "properties": {"grid_id": "50_66", "pred_scaled_catboost": 0.4177300670155168, "pred_scaled_rf": 0.4015253377628789, "barangay_name_clean": "LICOMO", "lon": 122.35420410379527, "lat": 7.4601009371664535}}, {"type": "Feature", "geometry": {"type": "Polygon", "coordinates": [[[122.3679842415576, 7.32896439807708], [122.36797148456009, 7.3380096776680315], [122.35891158487665, 7.33799684187292], [122.35892452471076, 7.328951578271319], [122.3679842415576, 7.32896439807708]]]}, "properties": {"grid_id": "51_52", "pred_scaled_catboost": 0.4289023242011775, "pred_scaled_rf": 0.4612725133227005, "barangay_name_clean": NaN, "lon": 122.36344796021767, "lat": 7.333480639187993}}, {"type": "Feature", "geometry": {"type": "Polygon", "coordinates": [[[122.36797148456009, 7.3380096776680315], [122.36795871139812, 7.347054953603635], [122.35889862864634, 7.347042101818558], [122.35891158487665, 7.33799684187292], [122.36797148456009, 7.3380096776680315]]]}, "properties": {"grid_id": "51_53", "pred_scaled_catboost": 0.4217093129426023, "pred_scaled_rf": 0.4133572155360906, "barangay_name_clean": "LIMAONG", "lon": 122.36343510366163, "lat": 7.342525908975412}}, {"type": "Feature", "geometry": {"type": "Polygon", "coordinates": [[[122.36795871139812, 7.347054953603635], [122.36794592207002, 7.3561002258794925], [122.35888565601827, 7.3560873581038315], [122.35889862864634, 7.347042101818558], [122.36795871139812, 7.347054953603635]]]}, "properties": {"grid_id": "51_54", "pred_scaled_catboost": 0.3924499126371182, "pred_scaled_rf": 0.4155997453932563, "barangay_name_clean": "LIMAONG", "lon": 122.3634222308245, "lat": 7.351571175104967}}, {"type": "Feature", "geometry": {"type": "Polygon", "coordinates": [[[122.36794592207002, 7.3561002258794925], [122.36793311657422, 7.365145494491195], [122.35887266699075, 7.365132610724326], [122.35888565601827, 7.3560873581038315], [122.36794592207002, 7.3561002258794925]]]}, "properties": {"grid_id": "51_55", "pred_scaled_catboost": 0.3990453491084753, "pred_scaled_rf": 0.4192233391435133, "barangay_name_clean": "LIMAONG", "lon": 122.36340934170457, "lat": 7.360616437572268}}, {"type": "Feature", "geometry": {"type": "Polygon", "coordinates": [[[122.36793311657422, 7.365145494491195], [122.36792029490911, 7.374190759434335], [122.35885966156218, 7.374177859675637], [122.35887266699075, 7.365132610724326], [122.36793311657422, 7.365145494491195]]]}, "properties": {"grid_id": "51_56", "pred_scaled_catboost": 0.4298821138187743, "pred_scaled_rf": 0.4406128238698996, "barangay_name_clean": "TUMITUS", "lon": 122.36339643630029, "lat": 7.369661696372899}}, {"type": "Feature", "geometry": {"type": "Polygon", "coordinates": [[[122.36792029490911, 7.374190759434335], [122.36790745707304, 7.383236020704505], [122.35884663973093, 7.38322310495336], [122.35885966156218, 7.374177859675637], [122.36792029490911, 7.374190759434335]]]}, "properties": {"grid_id": "51_57", "pred_scaled_catboost": 0.4175997521209335, "pred_scaled_rf": 0.4563837182954056, "barangay_name_clean": "TUMITUS", "lon": 122.36338351461004, "lat": 7.3787069515024495}}, {"type": "Feature", "geometry": {"type": "Polygon", "coordinates": [[[122.36790745707304, 7.383236020704505], [122.36789460306449, 7.3922812782973075], [122.35883360149532, 7.392268346553089], [122.35884663973093, 7.38322310495336], [122.36790745707304, 7.383236020704505]]]}, "properties": {"grid_id": "51_58", "pred_scaled_catboost": 0.4339694258563033, "pred_scaled_rf": 0.4505534155015703, "barangay_name_clean": "TUMITUS", "lon": 122.36337057663214, "lat": 7.387752202956532}}, {"type": "Feature", "geometry": {"type": "Polygon", "coordinates": [[[122.36789460306449, 7.3922812782973075], [122.36788173288171, 7.40132653220833], [122.35882054685378, 7.401313584470417], [122.35883360149532, 7.392268346553089], [122.36789460306449, 7.3922812782973075]]]}, "properties": {"grid_id": "51_59", "pred_scaled_catboost": 0.4316363575056162, "pred_scaled_rf": 0.4622320524507477, "barangay_name_clean": "TUMITUS", "lon": 122.363357622365, "lat": 7.396797450730717}}, {"type": "Feature", "geometry": {"type": "Polygon", "coordinates": [[[122.37703140040806, 7.338022330804942], [122.37701881031599, 7.347067622502971], [122.36795871139812, 7.347054953603635], [122.36797148456009, 7.3380096776680315], [122.37703140040806, 7.338022330804942]]]}, "properties": {"grid_id": "52_53", "pred_scaled_catboost": 0.4378830402229873, "pred_scaled_rf": 0.451517320824614, "barangay_name_clean": NaN, "lon": 122.37249510294352, "lat": 7.342538661379544}}, {"type": "Feature", "geometry": {"type": "Polygon", "coordinates": [[[122.37701881031599, 7.347067622502971], [122.37700620428949, 7.356112910541863], [122.36794592207002, 7.3561002258794925], [122.36795871139812, 7.347054953603635], [122.37701881031599, 7.347067622502971]]]}, "properties": {"grid_id": "52_54", "pred_scaled_catboost": 0.4005076889378027, "pred_scaled_rf": 0.4138230232678282, "barangay_name_clean": "LIMAONG", "lon": 122.37248241329134, "lat": 7.351583943385606}}, {"type": "Feature", "geometry": {"type": "Polygon", "coordinates": [[[122.37700620428949, 7.356112910541863], [122.376993582327, 7.365158194917213], [122.36793311657422, 7.365145494491195], [122.36794592207002, 7.3561002258794925], [122.37700620428949, 7.356112910541863]]]}, "properties": {"grid_id": "52_55", "pred_scaled_catboost": 0.3801576465645962, "pred_scaled_rf": 0.3971105037777397, "barangay_name_clean": "LIMAONG", "lon": 122.37246970758808, "lat": 7.360629221730023}}, {"type": "Feature", "geometry": {"type": "Polygon", "coordinates": [[[122.376993582327, 7.365158194917213], [122.37698094442695, 7.3742034756246095], [122.36792029490911, 7.374190759434335], [122.36793311657422, 7.365145494491195], [122.376993582327, 7.365158194917213]]]}, "properties": {"grid_id": "52_56", "pred_scaled_catboost": 0.4301923228492663, "pred_scaled_rf": 0.4107918335490403, "barangay_name_clean": "TUMITUS", "lon": 122.37245698583217, "lat": 7.36967449640839}}, {"type": "Feature", "geometry": {"type": "Polygon", "coordinates": [[[122.37698094442695, 7.3742034756246095], [122.37696829058773, 7.383248752659655], [122.36790745707304, 7.383236020704505], [122.36792029490911, 7.374190759434335], [122.37698094442695, 7.3742034756246095]]]}, "properties": {"grid_id": "52_57", "pred_scaled_catboost": 0.4200850247157042, "pred_scaled_rf": 0.4144370630283286, "barangay_name_clean": "TUMITUS", "lon": 122.37244424802205, "lat": 7.3787197674163}}, {"type": "Feature", "geometry": {"type": "Polygon", "coordinates": [[[122.37696829058773, 7.383248752659655], [122.37695562080778, 7.392294026017942], [122.36789460306449, 7.3922812782973075], [122.36790745707304, 7.383236020704505], [122.37696829058773, 7.383248752659655]]]}, "properties": {"grid_id": "52_58", "pred_scaled_catboost": 0.4201846643846538, "pred_scaled_rf": 0.4004221664511758, "barangay_name_clean": "TUMITUS", "lon": 122.37243149415606, "lat": 7.387765034749343}}, {"type": "Feature", "geometry": {"type": "Polygon", "coordinates": [[[122.37695562080778, 7.392294026017942], [122.37694293508545, 7.401339295695063], [122.36788173288171, 7.40132653220833], [122.36789460306449, 7.3922812782973075], [122.37695562080778, 7.392294026017942]]]}, "properties": {"grid_id": "52_59", "pred_scaled_catboost": 0.4404608287858896, "pred_scaled_rf": 0.4580385756793917, "barangay_name_clean": NaN, "lon": 122.37241872423265, "lat": 7.396810298403125}}, {"type": "Feature", "geometry": {"type": "Polygon", "coordinates": [[[122.37694293508545, 7.401339295695063], [122.3769302334192, 7.4103845616866195], [122.3678688465232, 7.410371782433171], [122.36788173288171, 7.40132653220833], [122.37694293508545, 7.401339295695063]]]}, "properties": {"grid_id": "52_60", "pred_scaled_catboost": 0.4246091570493873, "pred_scaled_rf": 0.4648581411721362, "barangay_name_clean": NaN, "lon": 122.37240593825015, "lat": 7.405855558373229}}, {"type": "Feature", "geometry": {"type": "Polygon", "coordinates": [[[122.3769302334192, 7.4103845616866195], [122.37691751580742, 7.419429823988211], [122.3678559439873, 7.41941702896743], [122.3678688465232, 7.410371782433171], [122.3769302334192, 7.4103845616866195]]]}, "properties": {"grid_id": "52_61", "pred_scaled_catboost": 0.4424198017170181, "pred_scaled_rf": 0.4645723473216755, "barangay_name_clean": NaN, "lon": 122.37239313620701, "lat": 7.414900814655262}}, {"type": "Feature", "geometry": {"type": "Polygon", "coordinates": [[[122.38606650244496, 7.3561254120893675], [122.38605406401739, 7.365170712000802], [122.376993582327, 7.365158194917213], [122.37700620428949, 7.356112910541863], [122.38606650244496, 7.3561254120893675]]]}, "properties": {"grid_id": "53_55", "pred_scaled_catboost": 0.4227903311819129, "pred_scaled_rf": 0.4240333166033391, "barangay_name_clean": NaN, "lon": 122.38153008952422, "lat": 7.360641822659923}}, {"type": "Feature", "geometry": {"type": "Polygon", "coordinates": [[[122.38605406401739, 7.365170712000802], [122.38604160988397, 7.374216008244887], [122.37698094442695, 7.3742034756246095], [122.376993582327, 7.365158194917213], [122.38605406401739, 7.365170712000802]]]}, "properties": {"grid_id": "53_56", "pred_scaled_catboost": 0.4211287921347992, "pred_scaled_rf": 0.4131503779427313, "barangay_name_clean": "TUMITUS", "lon": 122.38151755141833, "lat": 7.3696871129884585}}, {"type": "Feature", "geometry": {"type": "Polygon", "coordinates": [[[122.38604160988397, 7.374216008244887], [122.38602914004318, 7.383261300817222], [122.37696829058773, 7.383248752659655], [122.37698094442695, 7.3742034756246095], [122.38604160988397, 7.374216008244887]]]}, "properties": {"grid_id": "53_57", "pred_scaled_catboost": 0.4441635973063928, "pred_scaled_rf": 0.4042509558386176, "barangay_name_clean": "TUMITUS", "lon": 122.3815049974899, "lat": 7.3787323996471414}}, {"type": "Feature", "geometry": {"type": "Polygon", "coordinates": [[[122.38602914004318, 7.383261300817222], [122.38601665449342, 7.392306589713406], [122.37695562080778, 7.392294026017942], [122.37696829058773, 7.383248752659655], [122.38602914004318, 7.383261300817222]]]}, "properties": {"grid_id": "53_58", "pred_scaled_catboost": 0.4296159373696313, "pred_scaled_rf": 0.408882285682018, "barangay_name_clean": "TUMITUS", "lon": 122.38149242773747, "lat": 7.387777682631573}}, {"type": "Feature", "geometry": {"type": "Polygon", "coordinates": [[[122.38601665449342, 7.392306589713406], [122.38600415323312, 7.401351874929031], [122.37694293508545, 7.401339295695063], [122.37695562080778, 7.392294026017942], [122.38601665449342, 7.392306589713406]]]}, "properties": {"grid_id": "53_59", "pred_scaled_catboost": 0.4343674199504135, "pred_scaled_rf": 0.4415945326798015, "barangay_name_clean": NaN, "lon": 122.38147984215935, "lat": 7.3968229619373504}}, {"type": "Feature", "geometry": {"type": "Polygon", "coordinates": [[[122.39510229104837, 7.374228357293606], [122.39509000520755, 7.383273665175649], [122.38602914004318, 7.383261300817222], [122.38604160988397, 7.374216008244887], [122.39510229104837, 7.374228357293606]]]}, "properties": {"grid_id": "54_57", "pred_scaled_catboost": 0.4225873220516839, "pred_scaled_rf": 0.4041234294155502, "barangay_name_clean": "TUMITUS", "lon": 122.39056576278188, "lat": 7.378744848193415}}, {"type": "Feature", "geometry": {"type": "Polygon", "coordinates": [[[122.39509000520755, 7.383273665175649], [122.39507770388957, 7.3923189693821385], [122.38601665449342, 7.392306589713406], [122.38602914004318, 7.383261300817222], [122.39509000520755, 7.383273665175649]]]}, "properties": {"grid_id": "54_58", "pred_scaled_catboost": 0.42406409318966, "pred_scaled_rf": 0.4473252844911589, "barangay_name_clean": "TUMITUS", "lon": 122.39055337714451, "lat": 7.387790146601649}}, {"type": "Feature", "geometry": {"type": "Polygon", "coordinates": [[[122.39507770388957, 7.3923189693821385], [122.39506538709288, 7.401364269908669], [122.38600415323312, 7.401351874929031], [122.38601665449342, 7.392306589713406], [122.39507770388957, 7.3923189693821385]]]}, "properties": {"grid_id": "54_59", "pred_scaled_catboost": 0.4423594695650852, "pred_scaled_rf": 0.4674996569412408, "barangay_name_clean": NaN, "lon": 122.39054097591327, "lat": 7.396835441331828}}, {"type": "Feature", "geometry": {"type": "Polygon", "coordinates": [[[122.40413876876447, 7.392331165022604], [122.4041266364329, 7.401376480632433], [122.39506538709288, 7.401364269908669], [122.39507770388957, 7.3923189693821385], [122.40413876876447, 7.392331165022604]]]}, "properties": {"grid_id": "55_59", "pred_scaled_catboost": 0.4522586138046639, "pred_scaled_rf": 0.4755590215656969, "barangay_name_clean": NaN, "lon": 122.39960212526263, "lat": 7.396847736585002}}, {"type": "Feature", "geometry": {"type": "Polygon", "coordinates": [[[122.41325936301452, 7.34711646921176], [122.41324749021003, 7.356161818027244], [122.40418714563695, 7.356149865833578], [122.40419920174924, 7.347104531870906], [122.41325936301452, 7.34711646921176]]]}, "properties": {"grid_id": "56_54", "pred_scaled_catboost": 0.4467433568624964, "pred_scaled_rf": 0.4607979366030924, "barangay_name_clean": NaN, "lon": 122.40872330135211, "lat": 7.351633186489597}}, {"type": "Feature", "geometry": {"type": "Polygon", "coordinates": [[[122.41324749021003, 7.356161818027244], [122.41323560239645, 7.3652071631815375], [122.40417507428383, 7.365195196134487], [122.40418714563695, 7.356149865833578], [122.41324749021003, 7.356161818027244]]]}, "properties": {"grid_id": "56_55", "pred_scaled_catboost": 0.4514834814854446, "pred_scaled_rf": 0.4607243006202113, "barangay_name_clean": NaN, "lon": 122.40871132933123, "lat": 7.3606785260669065}}, {"type": "Feature", "geometry": {"type": "Polygon", "coordinates": [[[122.43133361831883, 7.3833212845875495], [122.43132205394318, 7.392366647759322], [122.42226094402308, 7.392355004212676], [122.42227269263657, 7.383309655440828], [122.43133361831883, 7.3833212845875495]]]}, "properties": {"grid_id": "58_58", "pred_scaled_catboost": 0.4519303277036834, "pred_scaled_rf": 0.4758910823823632, "barangay_name_clean": NaN, "lon": 122.42679732839296, "lat": 7.387838163329745}}]}