grid_id,pred_scaled_catboost,barangay_name_clean,lon,lat
0_21,0.35428192419648136,,121.90209783400798,7.052218341627173
0_22,0.30524969356921683,PATALON,121.90207651902136,7.061262612594819
0_23,0.3306875390213954,PATALON,121.9020551760258,7.070306880000095
0_24,0.40482174537599397,LABUAN,121.90203380501865,7.079351143838532
0_25,0.3602316628659759,LABUAN,121.90201240599716,7.088395404105661
0_26,0.37947891747654333,LABUAN,121.90199097895876,7.097439660797003
0_27,0.39142703540298224,LABUAN,121.90196952390062,7.106483913908094
0_28,0.39069475039387735,LIMPAPA,121.90194804082024,7.115528163434453
0_29,0.431947277651015,LIMPAPA,121.90192652971471,7.124572409371623
0_30,0.41599492939557003,LIMPAPA,121.9019049905815,7.133616651715114
0_31,0.38627385074341375,LIMPAPA,121.90188342341784,7.142660890460473
0_32,0.37711480180348483,LIMPAPA,121.90186182822104,7.151705125603216
10_10,0.21785032036149748,MAASIN,121.99284387384466,6.952932253059212
10_11,0.3531923439997768,BALUNO,121.99282459826962,6.961976827036846
10_12,0.384789640192152,BALUNO,121.99280529702102,6.971021397511019
10_13,0.39906113230404755,BALUNO,121.9927859700964,6.980065964477281
10_14,0.4119054567958582,LA PAZ,121.9927666174934,6.989110527931154
10_15,0.40189796590850335,LA PAZ,121.99274723920954,6.998155087868184
10_16,0.3583135058283118,LA PAZ,121.99272783524236,7.007199644283907
10_17,0.3111890396975816,LA PAZ,121.99270840558953,7.016244197173857
10_18,0.33627920529523025,,121.99268895024854,7.025288746533577
10_19,0.3552806206824995,LA PAZ,121.99266946921696,7.034333292358603
10_20,0.37620051281346584,LA PAZ,121.99264996249237,7.043377834644473
10_21,0.38046248264801596,LA PAZ,121.99263043007232,7.052422373386729
10_22,0.3548447192606996,LA PAZ,121.99261087195435,7.061466908580906
10_23,0.36121714458975357,LA PAZ,121.992591288136,7.070511440222548
10_24,0.37856541546157113,LA PAZ,121.99257167861484,7.0795559683071945
10_25,0.3668092783394395,LA PAZ,121.9925520433884,7.088600492830382
10_26,0.41112742818038706,,121.99253238245424,7.097645013787655
10_27,0.43126834354754906,,121.99251269580982,7.106689531174555
10_28,0.4149093932394905,,121.99249298345276,7.115734044986622
10_29,0.39629763785579586,,121.99247324538052,7.124778555219399
10_30,0.38290630241585943,,121.99245348159069,7.133823061868427
10_31,0.374235903328646,,121.99243369208072,7.142867564929248
10_32,0.36954435905674476,,121.9924138768482,7.151912064397412
10_8,0.2503057542732111,,121.9928823479836,6.934843094611433
10_9,0.24578218168410287,MAASIN,121.9928631237485,6.943887675582589
11_10,0.2090425679490623,SINUNOC,122.00189536112217,6.952951414658733
11_11,0.38758033095492306,BALUNO,122.00187625870969,6.961996013799459
11_12,0.39037902124012464,BALUNO,122.00185713085423,6.971040609437654
11_13,0.32412978975263,BALUNO,122.00183797755344,6.980085201568848
11_14,0.32575373861797075,BALUNO,122.00181879880496,6.989129790188589
11_15,0.4358579931297022,LA PAZ,122.00179959460624,6.998174375292417
11_16,0.37551015138051314,LA PAZ,122.00178036495504,7.007218956875856
11_17,0.3816836111730658,LA PAZ,122.00176110984889,7.016263534934459
11_18,0.3665845283570122,LA PAZ,122.00174182928532,7.0253081094637535
11_19,0.3830936953732371,LA PAZ,122.00172252326192,7.034352680459291
11_20,0.3748424234012963,LA PAZ,122.0017031917764,7.043397247916608
11_21,0.38393887633740237,LA PAZ,122.0016838348262,7.052441811831239
11_22,0.38491357505337287,LA PAZ,122.00166445240896,7.061486372198727
11_23,0.36142527907074273,LA PAZ,122.00164504452218,7.07053092901462
11_24,0.35958291649693713,LA PAZ,122.0016256111635,7.07957548227445
11_25,0.370096546067525,LA PAZ,122.0016061523305,7.0886200319737664
11_26,0.4066579296833806,,122.00158666802066,7.097664578108106
11_27,0.35363861864793433,LA PAZ,122.00156715823157,7.106709120673008
11_28,0.39569936837434627,,122.0015476229608,7.115753659664027
11_29,0.39146939314035634,,122.00152806220588,7.124798195076703
11_30,0.3787242025670455,,122.00150847596436,7.133842726906568
11_31,0.3785143162053172,,122.0014888642338,7.142887255149175
11_32,0.3793685740894741,,122.00146922701174,7.151931779800065
11_7,0.22837996949682682,,122.00195251572596,6.925817596265982
11_8,0.2643794938885126,SINUNOC,122.00193348962792,6.934862205887531
11_9,0.25485132806307864,SINUNOC,122.00191443809412,6.943906812019934
12_10,0.21851925236969194,SINUNOC,122.01094687384024,6.952970403340953
12_11,0.38305933857363034,BALUNO,122.01092794459268,6.9620150274176975
12_12,0.3842455138487143,BALUNO,122.01090899013282,6.971059647992827
12_13,0.3329353931509459,BALUNO,122.01089001045824,6.9801042650618745
12_14,0.30571084994267683,BALUNO,122.0108710055666,6.989148878620386
12_15,0.3201888920897649,BALUNO,122.01085197545557,6.998193488663892
12_16,0.31195725399269175,BALUNO,122.01083292012268,7.0072380951879385
12_17,0.321886072327858,BALUNO,122.01081383956556,7.016282698188065
12_18,0.31476683448145215,BALUNO,122.01079473378188,7.0253272976598105
12_19,0.35411240130842336,LA PAZ,122.01077560276914,7.034371893598718
12_20,0.3110568828187886,BALUNO,122.01075644652504,7.043416486000323
12_21,0.3625478577141388,LA PAZ,122.01073726504714,7.052461074860174
12_22,0.3650285739868478,LA PAZ,122.010718058333,7.061505660173815
12_23,0.3961291396091002,LA PAZ,122.01069882638028,7.070550241936775
12_24,0.4076625959826142,LA PAZ,122.01067956918652,7.079594820144615
12_25,0.39159058987576745,LA PAZ,122.01066028674931,7.088639394792862
12_26,0.37892153696751407,LA PAZ,122.0106409790663,7.097683965877067
12_27,0.35782993712365274,LA PAZ,122.010621646135,7.106728533392777
12_28,0.3514827088501487,LA PAZ,122.01060228795296,7.115773097335523
12_29,0.38801872900437284,,122.0105829045178,7.124817657700865
12_30,0.38248174699353943,,122.0105634958271,7.133862214484335
12_31,0.36846578906905064,,122.01054406187838,7.142906767681486
12_32,0.36504353414777907,,122.01052460266926,7.151951317287866
12_7,0.2644129385689713,SINUNOC,122.01100351033288,6.925836510145619
12_8,0.26168697276626063,SINUNOC,122.01098465670796,6.934881144700452
12_9,0.25654817434064686,SINUNOC,122.01096577787791,6.943925775767045
13_10,0.22612348539656774,SINUNOC,122.01999841176828,6.9529892191035145
13_11,0.2316286676280315,SINUNOC,122.01997965568796,6.962033867889201
13_12,0.37713807049291276,CAPISAN,122.01996087462608,6.971078513174183
13_13,0.39649249281836174,BALUNO,122.0199420685801,6.980123154953988
13_14,0.33891600281876966,BALUNO,122.01992323754774,6.989167793224159
13_15,0.3160240803933106,BALUNO,122.01990438152669,6.998212427980241
13_16,0.3189666512433189,BALUNO,122.01988550051452,7.0072570592177765
13_17,0.3405033626405938,BALUNO,122.01986659450888,7.016301686932297
13_18,0.3391619464797232,BALUNO,122.01984766350742,7.02534631111936
13_19,0.33694635780617954,BALUNO,122.01982870750776,7.034390931774486
13_20,0.3222860239836795,BALUNO,122.0198097265075,7.043435548893241
13_21,0.38773726438173695,,122.01979072050426,7.052480162471147
13_22,0.38462163601110055,,122.01977168949573,7.061524772503764
13_23,0.39152982750629983,,122.01975263347944,7.070569378986627
13_24,0.376977610310131,LA PAZ,122.019733552453,7.07961398191528
13_25,0.3826200216193246,LA PAZ,122.0197144464141,7.088658581285267
13_26,0.39554902422699717,LA PAZ,122.01969531536024,7.097703177092137
13_27,0.39272263027074417,,122.01967615928916,7.106747769331431
13_28,0.3444024128842008,LA PAZ,122.01965697819826,7.115792357998695
13_29,0.3816283712312144,LA PAZ,122.01963777208532,7.124836943089472
13_30,0.3617056226877186,,122.01961854094785,7.133881524599316
13_31,0.35728408454447347,,122.0195992847834,7.142926102523765
13_32,0.3582477751291802,,122.01958000358964,7.151970676858368
13_6,0.25276132513581356,,122.0200731863197,6.916810589042842
13_7,0.26149425132094395,SINUNOC,122.02005453014262,6.925855251786776
13_8,0.25229382077251455,MALAGUTAY,122.02003584899325,6.934899911047835
13_9,0.24218423576406556,SINUNOC,122.02001714286926,6.943944566821574
14_10,0.2184954040350917,SAN ROQUE,122.0290499746756,6.953007861944078
14_11,0.29688902576883275,CAPISAN,122.02903139176496,6.962052535211637
14_12,0.3171231181431448,CAPISAN,122.0290127841033,6.971097204979371
14_13,0.3241618154646203,CAPISAN,122.02899415168832,6.980141871242839
14_14,0.29954954910320075,DULIAN,122.0289754945176,6.98918653399757
14_15,0.2940266404353312,DULIAN,122.02895681258887,6.998231193239116
14_16,0.29084184135883073,BALUNO,122.0289381058998,7.00727584896301
14_17,0.35034658330984714,BALUNO,122.02891937444804,7.016320501164805
14_18,0.3474777777245503,BALUNO,122.0289006182312,7.025365149840031
14_19,0.34322283421672806,BALUNO,122.02888183724691,7.034409794984248
14_20,0.3232731332776694,BALUNO,122.02886303149292,7.043454436592979
14_21,0.386458326730924,,122.02884420096676,7.052499074661789
14_22,0.3973044394167659,,122.02882534566614,7.061543709186207
14_23,0.39519498947686765,,122.02880646558864,7.070588340161787
14_24,0.4002733078077909,,122.028787560732,7.079632967584069
14_25,0.37930432598848185,PASONANCA NATURAL PARK UNDER JURISDICTION OF ZAMBOANGA CITY,122.02876863109373,7.0886775914486
14_26,0.4002076343905858,LA PAZ,122.02874967667152,7.097722211750922
14_27,0.3565497098475976,LA PAZ,122.028730697463,7.1067668284865935
14_28,0.3395306682792075,,122.02871169346572,7.115811441651145
14_29,0.35736168945724317,LA PAZ,122.02869266467737,7.124856051240136
14_30,0.36403065283444663,LA PAZ,122.02867361109548,7.133900657249104
14_31,0.35130017192459706,,122.0286545327178,7.1429452596736
14_32,0.3560575914733654,,122.02863542954178,7.15198985850918
14_6,0.2100504155100658,CALARIAN,122.02912405885448,6.916829133964911
14_7,0.2510692620927535,MALAGUTAY,122.02910557492466,6.925873821187123
14_8,0.24918069722323946,MALAGUTAY,122.02908706625314,6.934918504927369
14_9,0.2353050247101024,MALAGUTAY,122.02906853283754,6.943963185181168
15_10,0.22172970818503634,SAN ROQUE,122.03810156233162,6.953026331860336
15_11,0.3593569411684516,CAPISAN,122.03808315259298,6.962071029382669
15_12,0.28951022619600636,CAPISAN,122.03806471833394,6.971115723406078
15_13,0.31503565586073545,CAPISAN,122.03804625955222,6.980160413926104
15_14,0.28308249887199705,DULIAN,122.0380277762455,6.989205100938291
15_15,0.2942050697871597,DULIAN,122.03800926841151,6.998249784438178
15_16,0.35324082999740264,,122.03799073604786,7.007294464421313
15_17,0.38488724059792745,,122.03797217915223,7.0163391408832405
15_18,0.39751749487012533,,122.03795359772236,7.0253838138195
15_19,0.40524843478046424,,122.03793499175588,7.034428483225644
15_2,0.26438524023737453,,122.03824795778374,6.8806686262553765
15_20,0.3889350477778345,,122.03791636125044,7.043473149097205
15_21,0.39092291164657267,,122.03789770620372,7.052517811429744
15_22,0.4012374224720471,,122.0378790266134,7.06156247021879
15_23,0.4000935861026997,,122.03786032247714,7.070607125459904
15_24,0.40852376933915374,,122.03784159379258,7.07965177714862
15_25,0.41524374766302585,,122.03782284055733,7.088696425280493
15_26,0.38092376453104365,LA PAZ,122.0378040627691,7.09774106985107
15_27,0.35247433522069715,LA PAZ,122.03778526042552,7.106785710855889
15_28,0.33952182727362334,,122.0377664335242,7.115830348290512
15_29,0.37151399290755377,LA PAZ,122.03774758206283,7.124874982150468
15_3,0.22871550864302853,,122.03822974412526,6.889713351608604
15_30,0.35214131923422387,,122.03772870603902,7.133919612431326
15_31,0.3545875880836203,,122.0377098054504,7.142964239128622
15_32,0.36008942293726387,,122.0376908802946,7.152008862237906
15_6,0.21608009123053354,CALARIAN,122.03817495612866,6.916847506870912
15_7,0.21276287694704712,CALARIAN,122.03815664444842,6.925892218344367
15_8,0.24777522184595918,SAN ROQUE,122.03813830825706,6.934936926336725
15_9,0.23379881131467878,SAN ROQUE,122.03811994755225,6.943981630843538
16_1,0.23932106470711634,,122.04731621092378,6.871641978223221
16_10,0.2207529191954792,SAN ROQUE,122.04715317450572,6.95304462884999
16_11,0.29872422713863467,DULIAN,122.04713493794134,6.962089350400015
16_12,0.31152972082949804,DULIAN,122.04711667708725,6.971134068451998
16_13,0.3075032229166651,DULIAN,122.0470983919411,6.980178783001477
16_14,0.2995185243983196,DULIAN,122.04708008250071,6.98922349404401
16_15,0.3077637547747833,,122.0470617487637,6.99826820157512
16_16,0.3429254063450285,,122.04704339072782,7.0073129055903705
16_17,0.37074423351765007,,122.04702500839076,7.016357606085294
16_18,0.3957634354876815,,122.04700660175014,7.025402303055441
16_19,0.40329472713881603,,122.04698817080376,7.034446996496357
16_2,0.23556299709749196,,122.0472981928644,6.880686731055058
16_20,0.3883431458277615,,122.04696971554928,7.04349168640359
16_21,0.38530077730455853,,122.04695123598434,7.052536372772683
16_22,0.39361793375026327,,122.04693273210668,7.061581055599188
16_23,0.41270937054616813,,122.0469142039139,7.07062573487864
16_24,0.4127174757386525,,122.04689565140376,7.079670410606603
16_25,0.41106732563546705,,122.04687707457391,7.0887150827786165
16_26,0.4043544897420778,,122.04685847342203,7.097759751390225
16_27,0.3858718183356298,,122.04683984794578,7.106804416436977
16_28,0.36560077884903974,,122.0468211981428,7.11584907791443
16_29,0.3645124819613303,,122.0468025240108,7.124893735818136
16_30,0.3543334481668457,,122.04678382554734,7.133938390143624
16_31,0.3609277414608437,,122.0467651027502,7.142983040886463
16_32,0.36111052571107827,,122.04674635561696,7.152027688042196
16_5,0.23330108555496404,,122.04724399306168,6.9078209687851855
16_6,0.251778341690893,CALARIAN,122.04722587791166,6.916865707758576
16_7,0.23046901793223476,CALARIAN,122.04720773848337,6.92591044325621
16_8,0.2588130550643276,SAN ROQUE,122.04718957477444,6.934955175273629
16_9,0.2137272677040536,CABATANGAN,122.04717138678264,6.94399990380637
17_0,0.23873767022282422,,122.05638412209323,6.862615108040401
17_1,0.2396680057693556,,122.05636629917208,6.871659888117639
17_10,0.20825020925034232,CABATANGAN,122.05620481096724,6.953062752910762
17_11,0.31054232351294503,DULIAN,122.0561867475794,6.962107498261392
17_12,0.3217193982527259,DULIAN,122.05616866013251,6.971152240114854
17_13,0.31077054892768585,DULIAN,122.05615054862432,6.980196978466693
17_14,0.3162450877021241,DULIAN,122.05613241305252,6.98924171331244
17_15,0.34500383862109324,,122.0561142534148,6.9982864446476585
17_16,0.35637789210342236,,122.05609606970896,7.007331172467887
17_17,0.3575193871608562,,122.05607786193272,7.016375896768671
17_18,0.3743094831822914,,122.05605963008372,7.025420617545556
17_19,0.39542946396463236,,122.05604137415972,7.034465334794094
17_20,0.3962047288013193,,122.05602309415848,7.043510048509827
17_21,0.3883665089335623,,122.05600479007764,7.052554758688308
17_22,0.3891941965684447,,122.05598646191494,7.061599465325082
17_23,0.3979258869955003,,122.05596810966806,7.070644168415696
17_24,0.4092125945976826,,122.0559497333347,7.079688867955695
17_25,0.40957814245658597,,122.05593133291256,7.08873356394064
17_26,0.4005649541126842,,122.05591290839936,7.097778256366065
17_27,0.37741311062026295,,122.05589445979275,7.106822945227538
17_28,0.3670804923922224,,122.05587598709045,7.115867630520593
17_29,0.3645267662100482,,122.05585749029012,7.124912312240788
17_30,0.3606345702865499,,122.05583896938944,7.133956990383672
17_31,0.36196704192261886,,122.05582042438613,7.14300166494479
17_32,0.36111052571107827,,122.05580185527776,7.15204633591971
17_5,0.22683669940108653,,122.05629476709942,6.907838973855992
17_6,0.23946141376740412,SAN JOSE GUSU,122.05627682397304,6.91688373662564
17_7,0.23550797128682532,SAN ROQUE,122.05625885679888,6.925928495920396
17_8,0.2331214468494144,CABATANGAN,122.05624086557472,6.934973251735808
17_9,0.2286188270715568,CABATANGAN,122.05622285029824,6.944018004067417
18_0,0.22861161776822297,,122.06543406350464,6.862632823482215
18_1,0.22861161776822297,,122.06541641145694,6.8716776271243845
18_10,0.270680479490955,PASONANCA,122.06525647148555,6.953080704040408
18_11,0.2046202827864976,PASONANCA,122.06523858127652,6.962125472964556
18_12,0.2225331803407172,PASONANCA,122.06522066723916,6.971170238392392
18_13,0.2889161105424265,,122.0652027293711,6.9802150003194665
18_14,0.3634312111345896,,122.0651847676702,6.989259758741332
18_15,0.32652766582702814,,122.06516678213409,6.998304513653528
18_16,0.3457593250297946,,122.06514877276057,7.007349265051595
18_17,0.34433007135864496,,122.0651307395474,7.016394012931099
18_18,0.36726298010188224,,122.06511268249233,7.025438757287578
18_19,0.37118863468891594,,122.06509460159305,7.034483498116572
18_20,0.39047612927488784,,122.06507649684728,7.043528235413641
18_21,0.3897276184830454,,122.06505836825283,7.052572969174332
18_22,0.4020527027084796,,122.0650402158074,7.061617699394187
18_23,0.4029856963947023,,122.06502203950866,7.070662426068765
18_24,0.404111534142597,,122.0650038393544,7.079707149193612
18_25,0.3962462161209718,,122.06498561534228,7.088751868764276
18_26,0.4075451311984625,,122.06496736747006,7.0977965847763045
18_27,0.37884168544236496,,122.06494909573546,7.106841297225256
18_28,0.36785057273318217,,122.0649308001361,7.115886006106681
18_29,0.3575355903880405,,122.0649124806698,7.124930711416125
18_30,0.33688200953447595,,122.06489413733418,7.133975413149148
18_31,0.34727493293042433,,122.06487577012696,7.143020111301297
18_32,0.3440354167827883,,122.06485737904586,7.152064805868123
18_5,0.24287134703696595,SAN JOSE CAWA CAWA,122.06534556518272,6.907856807131001
18_6,0.2408472474563365,CANELAR,122.06532779408218,6.9169015934698574
18_7,0.20382384504075698,SANTA MARIA,122.06530999916446,6.925946376334685
18_8,0.21744314440986046,CABATANGAN,122.06529218042724,6.934991155721018
18_9,0.21452413225459277,CABATANGAN,122.06527433786836,6.944035931624413
19_0,0.2283793540147615,,122.07448402871997,6.862650368261166
19_1,0.2283793540147615,,122.07446654754794,6.871695195241256
19_10,0.2938043190504038,PASONANCA,122.07430815583,6.953098482236705
19_11,0.2554516966544904,PASONANCA,122.0742904388021,6.9621432745072624
19_12,0.3424125072396489,PASONANCA NATURAL PARK UNDER JURISDICTION OF ZAMBOANGA CITY,122.07427269817644,6.971188063282376
19_13,0.19365648555760712,PASONANCA,122.0742549339508,6.9802328485575815
19_14,0.24608118300728066,PASONANCA,122.07423714612298,6.989277630328432
19_15,0.2414008023706925,PASONANCA,122.07421933469074,6.998322408590475
19_16,0.23296629233135369,PASONANCA,122.07420149965182,7.007367183339261
19_17,0.32739720785610665,,122.074183641004,7.016411954570329
19_18,0.3496039253579556,,122.07416575874508,7.025456722279239
19_19,0.3575515114622778,,122.07414785287276,7.034501486461537
19_20,0.3911402996725869,,122.07412992338485,7.04354624711277
19_21,0.39190094190700264,,122.07411197027903,7.05259100422849
19_22,0.3994044470460974,,122.07409399355312,7.061635757804245
19_23,0.4027027367166858,,122.07407599320486,7.070680507835592
19_24,0.40362614660739354,,122.07405796923192,7.079725254318073
19_25,0.3962177371964006,,122.07403992163216,7.088769997247245
19_26,0.39720834700280205,,122.07402185040318,7.097814736618657
19_27,0.39203301999562096,,122.07400375554282,7.106859472427862
19_28,0.3577786696107562,,122.07398563704876,7.115904204670414
19_29,0.3527368999971345,,122.07396749491876,7.12494893334187
19_30,0.33939446812610524,,122.07394932915052,7.133993658437769
19_31,0.3459937129113635,,122.07393113974176,7.14303837995368
19_32,0.35289750728441954,,122.07391292669018,7.152083097885146
19_4,0.2543045486100304,,122.07441396256893,6.898829655458272
19_5,0.2580399655319402,SANTO NIÑO,122.07439638708097,6.907874468608007
19_6,0.2316006092972028,CANELAR,122.07437878800854,6.9169192782890185
19_7,0.22498289972457686,SANTA MARIA,122.07436116534946,6.925964084496846
19_8,0.3057193020932779,PASONANCA,122.07434351910148,6.935008887227041
19_9,0.31109340908592137,PASONANCA,122.0743258492624,6.944053686475143
1_18,0.30937903497043023,,121.91121422268708,7.025106617530358
1_19,0.32587475391408816,PATALON,121.91119316669402,7.034150926599993
1_20,0.3502846882990332,PATALON,121.91117208293086,7.0431952321217
1_21,0.35864869838190416,PATALON,121.91115097139487,7.052239534091009
1_22,0.31314535239158714,PATALON,121.91112983208345,7.061283832503443
1_23,0.3034382591626587,PATALON,121.91110866499396,7.070328127354532
1_24,0.34588562837032966,LABUAN,121.91108747012366,7.079372418639805
1_25,0.3640347869765854,LABUAN,121.91106624747005,7.088416706354793
1_26,0.3910347798710547,LABUAN,121.91104499703027,7.09746099049502
1_27,0.3447626588078007,LABUAN,121.9110237188018,7.106505271056015
1_28,0.394425880606563,LIMPAPA,121.91100241278195,7.115549548033316
1_29,0.42306441407192585,LIMPAPA,121.91098107896804,7.124593821422448
1_30,0.41337298185643206,LIMPAPA,121.91095971735734,7.133638091218942
1_31,0.38846392858339573,LIMPAPA,121.91093832794724,7.142682357418323
1_32,0.4079356469026564,LIMPAPA,121.91091691073504,7.151726620016132
20_10,0.2977906697949795,PASONANCA,122.08335986377,6.953116087497429
20_11,0.20199816460658157,PASONANCA,122.0833423199254,6.962160902887308
20_12,0.1973860946009106,PASONANCA,122.08332475271372,6.971205714782585
20_13,0.17679566637707606,PASONANCA,122.08330716213273,6.980250523178809
20_14,0.2575399911204255,PASONANCA,122.08328954818025,6.989295328071526
20_15,0.230284834599355,PASONANCA,122.08327191085408,6.998340129456286
20_16,0.2353868656703908,LUMAYANG,122.08325425015197,7.007384927328638
20_17,0.28264256909373353,,122.0832365660718,7.016429721684138
20_18,0.34824215665775166,,122.0832188586112,7.025474512518322
20_19,0.36086351990855936,,122.0832011277681,7.034519299826752
20_20,0.38676161243282076,,122.08318337354024,7.043564083604977
20_21,0.3491793070814775,PASONANCA NATURAL PARK UNDER JURISDICTION OF ZAMBOANGA CITY,122.08316559592537,7.052608863848544
20_22,0.3229353734378239,SALAAN,122.08314779492122,7.06165364055301
20_23,0.38439298372577607,,122.08312997052565,7.070698413713921
20_24,0.39257070601369026,,122.08311212273634,7.079743183326833
20_25,0.3880279062835771,,122.0830942515511,7.0887879493873
20_26,0.38051426755928963,,122.08307635696774,7.09783271189087
20_27,0.37403875857498764,,122.08305843898388,7.106877470833098
20_28,0.37481520698107296,,122.08304049759737,7.1159222262095385
20_29,0.38288503802961127,,122.08302253280593,7.1249669780157445
20_30,0.3779572367553994,,122.08300454460736,7.134011726247275
20_31,0.374300188887787,,122.08298653299931,7.1430564708996735
20_32,0.38959615272111886,,122.0829684979796,7.152101211968508
20_33,0.3936919882402087,,122.08295043954588,7.161145949449322
20_4,0.26375249749664104,ZONE III,122.08346463625192,6.898847122020826
20_5,0.2574808314103805,ZONE IV,122.08344723256371,6.907891958284821
20_6,0.234428748180499,TETUAN,122.0834298055216,6.916936791080926
20_7,0.21195879248455435,TETUAN,122.08341235512334,6.925981620404696
20_8,0.22234806161499474,TUMAGA,122.0833948813668,6.935026446251667
20_9,0.20549363799938503,TUMAGA,122.08337738424976,6.944071268617398
21_10,0.23725018100467832,LUNZURAN,122.09241159507492,6.953133519820405
21_11,0.19371536546419743,LUNZURAN,122.09239422441578,6.962178358102505
21_12,0.20930262431806765,LUMBANGAN,122.09237683062024,6.971223192890836
21_13,0.2620900469437804,LUMAYANG,122.0923594136861,6.98026802418096
21_14,0.31268085318992245,LUMAYANG,122.09234197361116,6.989312851968413
21_15,0.287795042794045,LUMAYANG,122.09232451039328,6.998357676248757
21_16,0.2423994926508259,LUMAYANG,122.09230702403022,7.007402497017538
21_17,0.2530394085832968,LUMAYANG,122.09228951451983,7.016447314270303
21_18,0.32934688655532096,SALAAN,122.09227198185992,7.025492128002612
21_19,0.307326976585079,SALAAN,122.09225442604824,7.034536938210007
21_20,0.33794188270512493,,122.09223684708265,7.043581744888044
21_21,0.31176858929939977,SALAAN,122.09221924496087,7.052626548032275
21_22,0.32021912401371866,SALAAN,122.0922016196808,7.061671347638259
21_23,0.3152985053508939,TOLOSA,122.09218397124016,7.070716143701536
21_24,0.38088167126280104,,122.09216629963667,7.079760936217669
21_25,0.39125887262016007,,122.0921486048683,7.088805725182208
21_26,0.37581255411977826,,122.09213088693268,7.097850510590708
21_27,0.3738989950499074,,122.0921131458276,7.106895292438723
21_28,0.3868901993039725,,122.09209538155088,7.115940070721811
21_29,0.3865720192306083,,122.09207759410036,7.124984845435517
21_3,0.28839881653180566,,122.09253254205164,6.889819554394264
21_30,0.3833979738378489,,122.09205978347362,7.1340296165754085
21_31,0.37187279409482654,,122.09204194966858,7.143074384137034
21_32,0.38766672700730764,,122.09202409268292,7.152119148115951
21_33,0.3938412310324261,,122.09200621251448,7.161163908507717
21_34,0.3952138246558971,,122.09198830916098,7.170208665307889
21_35,0.38590600456650687,,122.09197038262012,7.179253418512019
21_4,0.2869226788766544,RIO HONDO,122.09251533328664,6.898864417008059
21_5,0.2554219286621693,SANTA CATALINA,122.0924981014004,6.907909276159257
21_6,0.24820979998654835,TETUAN,122.09248084639076,6.916954131843404
21_7,0.23077866406685746,GUIWAN,122.09246356825555,6.92599898405604
21_8,0.2472146695505456,TUMAGA,122.09244626699264,6.935043832792722
21_9,0.19428281665209687,TUMAGA,122.0924289425998,6.944088678048996
22_10,0.2343346860830567,LUNZURAN,122.10146334951403,6.953150779203464
22_11,0.2477018787270813,LUMBANGAN,122.1014461520426,6.962195640150678
22_12,0.24253307703735122,LUMBANGAN,122.10142893166535,6.971240497604956
22_13,0.30283490725829443,LUMAYANG,122.10141168838024,6.980285351561854
22_14,0.2822805361316791,LUMAYANG,122.10139442218508,6.989330202016924
22_15,0.3052886429799102,LUMAYANG,122.10137713307766,6.99837504896571
22_16,0.27251650550862405,LUMAYANG,122.10135982105582,7.007419892403771
22_17,0.3339314967174737,SALAAN,122.10134248611745,7.016464732326655
22_18,0.32993359978988146,SALAAN,122.10132512826034,7.025509568729919
22_19,0.3197034583208631,SALAAN,122.1013077474823,7.034554401609108
22_20,0.3275927238735817,SALAAN,122.10129034378116,7.0435992309597815
22_21,0.3058675934593906,SALAAN,122.1012729171548,7.052644056777491
22_22,0.34297427913513406,TOLOSA,122.10125546760092,7.061688879057789
22_23,0.3366502812184008,TOLOSA,122.10123799511742,7.07073369779623
22_24,0.3789361284249421,,122.10122049970208,7.079778512988371
22_25,0.3809834091939053,,122.10120298135269,7.0888233246297645
22_26,0.37602901771398034,,122.10118544006704,7.097868132715962
22_27,0.3823458602964015,,122.101167875843,7.106912937242526
22_28,0.3950355633967882,,122.10115028867833,7.115957738205003
22_29,0.38856664435517624,,122.1011326785708,7.125002535598967
22_3,0.2855939711634,,122.10158309063404,6.8898366551447054
22_30,0.38480551628493787,,122.10111504551824,7.1340473294199525
22_31,0.3746198715007023,,122.1010973895184,7.1430921196635255
22_32,0.38894107752507107,,122.10107971056914,7.152136906325255
22_33,0.39445963797630074,,122.10106200866812,7.161181689400676
22_34,0.39515173924824043,,122.10104428381322,7.170226468885367
22_35,0.38735886453476576,,122.1010265360022,7.179271244774875
22_36,0.38067254918713567,,122.1010087652328,7.188316017064757
22_4,0.2735108588819044,KASANYANGAN,122.10156605344262,6.898881540417829
22_5,0.303278995937353,KASANYANGAN,122.10154899336048,6.907926422229178
22_6,0.2260884308880339,TUGBUNGAN,122.10153191038548,6.916971300574295
22_7,0.19383370850218667,GUIWAN,122.1015148045155,6.926016175448738
22_8,0.25694613153757523,PUTIK,122.10149767574836,6.935061046848045
22_9,0.21287859030448095,PUTIK,122.10148052408192,6.9441059147677695
23_10,0.22213422269222766,DIVISORIA,122.11051512685675,6.953167865644462
23_11,0.2758581427412114,LUMBANGAN,122.11049810257512,6.962212749029685
23_12,0.2736852800988007,LUMBANGAN,122.1104810556184,6.971257628922796
23_13,0.3621430710331932,LUMAYANG,122.11046398598448,6.9803025053193455
23_14,0.3000892645483939,SALAAN,122.11044689367118,6.989347378214892
23_15,0.37475676147381154,SALAAN,122.1104297786764,6.99839224760499
23_16,0.3542356786107671,SALAAN,122.110412640998,7.00743711348518
23_17,0.36698502140890876,SALAAN,122.1103954806338,7.0164819758510255
23_18,0.32758768027246776,SALAAN,122.11037829758168,7.025526834698076
23_19,0.3306898269750968,SALAAN,122.11036109183948,7.034571690021892
23_20,0.3235920579124247,SALAAN,122.110343863405,7.043616541818015
23_21,0.34756282781673076,TOLOSA,122.11032661227613,7.05266139008201
23_22,0.36222247939163515,TOLOSA,122.11030933845068,7.061706234809424
23_23,0.3641869158184033,TOLOSA,122.11029204192651,7.070751075995825
23_24,0.34249790672487934,TOLOSA,122.11027472270142,7.079795913636756
23_25,0.33502085459761843,TOLOSA,122.11025738077328,7.088840747727773
23_26,0.3668907423318503,,122.11024001613984,7.097885578264443
23_27,0.3878713383064829,,122.110222628799,7.10693040524231
23_28,0.37089513228688714,,122.11020521874852,7.115975228656942
23_29,0.37400982201974303,,122.11018778598633,7.125020048503887
23_3,0.2781820747429126,,122.11063366210502,6.889853584542605
23_30,0.3729317347582155,PASONANCA NATURAL PARK UNDER JURISDICTION OF ZAMBOANGA CITY,122.1101703305101,7.134064864778704
23_31,0.35086258445527174,BUNGUIAO,122.11015285231773,7.143109677476962
23_32,0.34958118069272004,BUNGUIAO,122.11013535140695,7.152154486594203
23_33,0.3526319909661321,BUNGUIAO,122.11011782777568,7.161199292126
23_34,0.3942423355667174,,122.1101002814216,7.170244094067898
23_35,0.3879572382095701,,122.1100827123426,7.179288892415468
23_36,0.3870278578802484,,122.11006512053642,7.188333687164266
23_37,0.39666655977787135,,122.1100475060009,7.197378478309853
23_4,0.25917408626624877,TALON TALON,122.11061679648934,6.898898492248004
23_5,0.26792597624002745,TALON TALON,122.11059990821344,6.907943396492449
23_6,0.1840094388223959,TUGBUNGAN,122.1105829972752,6.916988297271475
23_7,0.1962763773580727,PUTIK,122.11056606367256,6.926033194580641
23_8,0.2288356784904827,DIVISORIA,122.11054910740336,6.935078088415495
23_9,0.21422623353214412,DIVISORIA,122.11053212846544,6.944122978771588
24_10,0.20382826597948955,BOALAN,122.11956692687244,6.953184779141288
24_11,0.20798620728449685,BOALAN,122.11955007578274,6.962229684737399
24_12,0.23483653230836593,BOALAN,122.11953320224866,6.97127458684222
24_13,0.34444927250619684,SALAAN,122.11951630626804,6.980319485451303
24_14,0.34562123036546716,SALAAN,122.1194993878388,6.989364380560192
24_15,0.3273520323520137,SALAAN,122.11948244695884,6.998409272164447
24_16,0.40801107183218255,TOLOSA,122.11946548362596,7.007454160259622
24_17,0.36530594452086285,TOLOSA,122.11944849783808,7.016499044841271
24_18,0.3563765061172166,TOLOSA,122.11943148959314,7.025543925904941
24_19,0.36310280319652877,TOLOSA,122.1194144588889,7.0345888034462005
24_20,0.3908939379272161,TOLOSA,122.11939740572323,7.043633677460595
24_21,0.3513078012563093,TOLOSA,122.11938033009406,7.05267854794368
24_22,0.3835974308901503,TOLOSA,122.11936323199924,7.061723414891018
24_23,0.37326890839168253,TOLOSA,122.11934611143651,7.070768278298158
24_24,0.31916777570685384,TOLOSA,122.11932896840388,7.079813138160661
24_25,0.3268417223625074,TOLOSA,122.1193118028991,7.088857994474081
24_26,0.34067710399802764,TOLOSA,122.11929461492008,7.0979028472339785
24_27,0.3705502910027554,TOLOSA,122.11927740446464,7.106947696435912
24_28,0.3469473104039789,TOLOSA,122.1192601715306,7.115992542075436
24_29,0.3440376794130901,BUNGUIAO,122.11924291611584,7.125037384148108
24_3,0.25551008047778134,,122.11968425623408,6.889870342585853
24_30,0.3398056747038137,BUNGUIAO,122.11922563821815,7.134082222649492
24_31,0.3298331875053571,BUNGUIAO,122.1192083378354,7.143127057575143
24_32,0.35275826263513355,BUNGUIAO,122.11919101496537,7.15217188892062
24_33,0.35303520004316286,BUNGUIAO,122.11917366960596,7.161216716681485
24_34,0.35421867286737907,BUNGUIAO,122.11915630175496,7.1702615408533
24_35,0.3871612283575042,,122.11913891141016,7.1793063614316175
24_36,0.38397571688478577,,122.11912149856944,7.188351178412008
24_37,0.3922889880027151,,122.11910406323057,7.197395991790028
24_38,0.3598654338005722,UNCLAIMED AREA UNDER JURISDICTION OF ZAMBOANGA CITY,122.1190866053913,7.206440801561238
24_4,0.24036234343036206,TALON TALON,122.11966756219626,6.898915272496491
24_5,0.2606735743125372,TALON TALON,122.1196508457287,6.907960198946959
24_6,0.2570579655962864,TALON TALON,122.11963410682937,6.917005121932827
24_7,0.21832197014498805,DIVISORIA,122.11961734549618,6.926050041449648
24_8,0.22669696813894155,BOALAN,122.11960056172704,6.935094957492959
24_9,0.23371187535266172,BOALAN,122.11958375551984,6.94413987005832
25_10,0.2103783137245724,BOALAN,122.12861874933036,6.953201519691822
25_11,0.21448683451282402,BOALAN,122.12860207143474,6.962246447271724
25_12,0.3474732533461036,SALAAN,122.1285853713254,6.971291371361136
25_13,0.2487633846621659,PASOBOLONG,122.12856864900024,6.980336291955612
25_14,0.28438207189198494,LANZONES,122.12855190445715,6.989381209050713
25_15,0.29706204160803157,LANZONES,122.12853513769412,6.998426122641986
25_16,0.2700386414531489,LANZONES,122.12851834870897,7.007471032724983
25_17,0.3732660918052341,TOLOSA,122.12850153749956,7.01651593929527
25_18,0.36794215842835665,TOLOSA,122.1284847040638,7.025560842348397
25_19,0.3795808051793182,TOLOSA,122.12846784839968,7.034605741879912
25_20,0.3815561866631317,TOLOSA,122.128450970505,7.04365063788539
25_21,0.35048440985769347,TOLOSA,122.12843407037768,7.052695530360375
25_22,0.35463984516858177,TOLOSA,122.12841714801552,7.061740419300422
25_23,0.3452916490377032,TOLOSA,122.12840020341648,7.070785304701095
25_24,0.3157015922608278,TOLOSA,122.12838323657846,7.07983018655795
25_25,0.32496977383292125,TOLOSA,122.12836624749924,7.088875064866543
25_26,0.3289833856014271,TOLOSA,122.12834923617676,7.097919939622429
25_27,0.35189327849267765,TOLOSA,122.12833220260885,7.106964810821178
25_28,0.33922495518978946,BUNGUIAO,122.1283151467934,7.116009678458341
25_29,0.3400737282019468,BUNGUIAO,122.12829806872828,7.12505454252948
25_3,0.25039463074013457,,122.12873487279074,6.889886929272382
25_30,0.3304975123793936,BUNGUIAO,122.12828096841126,7.134099403030152
25_31,0.31927120217594607,BUNGUIAO,122.12826384584032,7.143144259955919
25_32,0.3931265681460313,,122.1282467010132,7.15218911330234
25_33,0.34054757003953856,DULIAN,122.12822953392788,7.16123396306498
25_34,0.35304236074732515,UNCLAIMED AREA UNDER JURISDICTION OF ZAMBOANGA CITY,122.12821234458208,7.170278809239398
25_35,0.3397899937383865,DULIAN,122.12819513297369,7.179323651821155
25_36,0.3938839081774158,,122.12817789910056,7.18836849080581
25_37,0.3789243704441323,,122.12816064296054,7.19741332618893
25_38,0.39173742747238993,,122.1281433645514,7.206458157966075
25_39,0.33469170504850776,,122.12812606387104,7.215502986132813
25_4,0.24373095311117543,TALON TALON,122.12871835033285,6.898931881161184
25_5,0.22964132337478282,MAMPANG,122.12870180567572,6.907976829590629
25_6,0.2388100876551288,MAMPANG,122.1286852388174,6.917021774556269
25_7,0.24885563954195017,ZAMBOWOOD,122.12866864975577,6.926066716053654
25_8,0.2295235241348474,BOALAN,122.12865203848882,6.935111654078344
25_9,0.23996728065319511,BOALAN,122.12863540501436,6.944156588625879
26_10,0.25553072974966634,MERCEDES,122.13767059399994,6.953218087293996
26_11,0.25489241813039,PASOBOLONG,122.13765408930048,6.962263036630569
26_12,0.24368223394322847,PASOBOLONG,122.13763756261798,6.971307982477451
26_13,0.2862456830528373,LANZONES,122.13762101395037,6.980352924830192
26_14,0.3018611267263583,LANZONES,122.13760444329556,6.989397863684359
26_15,0.30194867173841883,LANZONES,122.13758785065151,6.998442799035495
26_16,0.2767890330778945,LANZONES,122.13757123601611,7.007487730879172
26_17,0.30300622711077146,LANZONES,122.13755459938729,7.016532659210924
26_18,0.3053714121252763,CACAO,122.13753794076295,7.025577584026332
26_19,0.3212995983102163,CACAO,122.13752126014104,7.034622505320934
26_2,0.24995173183053807,,122.13780184045385,6.880858367506088
26_20,0.434867005488194,TOLOSA,122.1375045575194,7.043667423090297
26_21,0.3641533028963223,TOLOSA,122.13748783289604,7.052712337329975
26_22,0.336271080851155,TOLOSA,122.13747108626876,7.0617572480355335
26_23,0.3354888548559944,TOLOSA,122.13745431763552,7.070802155202523
26_24,0.32345722595868626,TOLOSA,122.13743752699416,7.079847058826498
26_25,0.32717224135033207,BUNGUIAO,122.13742071434264,7.088891958903029
26_26,0.340826560091979,BUNGUIAO,122.13740387967884,7.097936855427676
26_27,0.3590006670362071,BUNGUIAO,122.13738702300058,7.106981748395986
26_28,0.35918296380629955,BUNGUIAO,122.13737014430588,7.116026637803529
26_29,0.3249029043355716,BUNGUIAO,122.13735324359249,7.125071523645861
26_3,0.24438552367264232,,122.1377855115445,6.889903344600127
26_30,0.3060625624670881,BUNGUIAO,122.13733632085838,7.134116405918553
26_31,0.3380207073884556,,122.13731937610136,7.143161284617148
26_32,0.33572042560596155,BUNGUIAO,122.13730240931932,7.152206159737223
26_33,0.3910786125103339,,122.1372854205102,7.161251031274339
26_34,0.34348559640841264,DULIAN,122.13726840967176,7.170295899224048
26_35,0.3879227602521244,,122.13725137680191,7.17934076358192
26_36,0.3868829352389252,,122.13723432189862,7.188385624343519
26_37,0.37107676107722765,,122.13721724495956,7.197430481504403
26_38,0.3781257987288744,,122.13720014598272,7.2064753350601425
26_39,0.3462344632452647,,122.13718302496592,7.215520185006298
26_4,0.2507236172405338,,122.13776916066854,6.898948318240036
26_40,0.34797844487288765,,122.13716588190704,7.224565031338435
26_41,0.36839782509399643,,122.13714871680384,7.233609874052111
26_5,0.22962575774219696,MAMPANG,122.13775278782396,6.907993288421387
26_6,0.23044344779509277,MAMPANG,122.13773639300872,6.917038255139724
26_7,0.20523852613389879,MAMPANG,122.13771997622074,6.9260832183906
26_8,0.2706235612892258,ZAMBOWOOD,122.13770353745802,6.935128178169567
26_9,0.25366727462126454,ZAMBOWOOD,122.13768707671842,6.9441731344721855
27_10,0.255470731378581,MERCEDES,122.1467224606505,6.953234481945758
27_11,0.21478742709997833,MERCEDES,122.14670612914924,6.962279452811877
27_12,0.2432400164759373,CULIANAN,122.14668977589568,6.971324420189101
27_13,0.2693187265236264,CULIANAN,122.14667340088764,6.9803693840729775
27_14,0.30432414063040186,CULIANAN,122.14665700412318,6.989414344459062
27_15,0.30852881100188956,LANZONES,122.14664058560024,6.99845930134292
27_16,0.27420866150458545,GUISAO,122.14662414531672,7.0075042547201
27_17,0.2964575913759019,CACAO,122.14660768327056,7.016549204586164
27_18,0.2984785865060232,CACAO,122.1465911994597,7.025594150936665
27_19,0.29152251856042116,CACAO,122.14657469388209,7.03463909376717
27_2,0.2541030230275279,,122.14685232982062,6.880874589949733
27_20,0.3964656930907225,TOLOSA,122.14655816653564,7.043684033073228
27_21,0.3813379620802238,TOLOSA,122.1465416174183,7.052728968850405
27_22,0.3255593178626824,LAPAKAN,122.14652504652796,7.061773901094256
27_23,0.378002086577343,TOLOSA,122.14650845386257,7.07081882980034
27_24,0.35181447115819864,LAMISAHAN,122.14649183942008,7.079863754964219
27_25,0.3371694321832991,BUNGUIAO,122.14647520319836,7.088908676581457
27_26,0.31373793645264964,BUNGUIAO,122.14645854519534,7.097953594647602
27_27,0.3262560472719182,BUNGUIAO,122.14644186540887,7.106998509158228
27_28,0.3272580541074577,BUNGUIAO,122.14642516383698,7.116043420108892
27_29,0.3223973444410016,BUNGUIAO,122.14640844047749,7.125088327495153
27_3,0.2536500966234687,,122.14683617226478,6.889919588567034
27_30,0.32425823767418027,BUNGUIAO,122.14639169532836,7.134133231312574
27_31,0.3171464394133227,BUNGUIAO,122.1463749283874,7.143178131556724
27_32,0.3615505492072625,BUNGUIAO,122.14635813965256,7.152223028223152
27_33,0.3768970508297242,,122.14634132912174,7.1612679213074335
27_34,0.3413382908924099,DULIAN,122.14632449679286,7.170312810805127
27_35,0.3396360851689974,DULIAN,122.14630764266371,7.179357696711795
27_36,0.37941455153860454,,122.1462907667323,7.1884025790230055
27_37,0.3761507673563756,,122.14627386899647,7.197447457734319
27_38,0.3794514424514533,,122.14625694945404,7.206492332841305
27_39,0.37663866239307475,,122.14624000810292,7.215537204339521
27_40,0.38609321714928424,,122.146223044941,7.224582072224541
27_41,0.3671508929256791,,122.14620605996616,7.233626936491927
27_42,0.32984823977895583,CURUAN,122.14618905317624,7.24267179713724
27_43,0.340161578904905,CURUAN,122.14617202456908,7.251716654156057
27_44,0.33603610538912815,CURUAN,122.14615497414265,7.260761507543941
27_45,0.3314776298405067,CURUAN,122.14613790189468,7.269806357296453
27_5,0.21298073003575543,MAMPANG,122.14680379194289,6.908009575437195
27_6,0.22107297321643749,MAMPANG,122.14678756917276,6.917054563681148
27_7,0.22801849970152005,MAMPANG,122.14677132466056,6.926099548458431
27_8,0.22741673153621716,MERCEDES,122.1467550584041,6.935144529764588
27_9,0.23596845394488125,MERCEDES,122.14673877040144,6.944189507595175
28_10,0.26435420785829006,MERCEDES,122.15577434905136,6.953250703645061
28_11,0.26626075862401716,MERCEDES,122.15575819075036,6.962295695813613
28_12,0.23509163585316595,CULIANAN,122.15574201092774,6.971340684494044
28_13,0.25206647904274826,CULIANAN,122.1557258095814,6.980385669681917
28_14,0.2849472550127558,GUISAO,122.15570958670936,6.98943065137278
28_15,0.266173636174201,GUISAO,122.15569334230952,6.998475629562197
28_16,0.2653137051189085,GUISAO,122.15567707637992,7.007520604245727
28_17,0.2795795262128441,CACAO,122.1556607889185,7.016565575418924
28_18,0.28537719815676843,CACAO,122.15564447992318,7.025610543077351
28_19,0.3311667111549027,LAPAKAN,122.15562814939194,7.034655507216562
28_2,0.2315409358402266,,122.15590284092146,6.880890641257587
28_20,0.3228339418353178,LAPAKAN,122.15561179732276,7.043700467832125
28_21,0.3104537421659376,LAPAKAN,122.15559542371354,7.05274542491959
28_22,0.31748825622071564,LAMISAHAN,122.15557902856222,7.061790378474522
28_23,0.3507704311368756,LAMISAHAN,122.1555626118668,7.07083532849248
28_24,0.3223182296069514,LAMISAHAN,122.1555461736252,7.079880274969035
28_25,0.3454037772651129,BUNGUIAO,122.15552971383534,7.088925217899726
28_26,0.3414188141551673,BUNGUIAO,122.15551323249518,7.097970157280141
28_27,0.33115545146533176,BUNGUIAO,122.15549672960265,7.107015093105823
28_28,0.3153255212634642,BUNGUIAO,122.15548020515568,7.116060025372339
28_29,0.3284449039198276,BUNGUIAO,122.15546365915216,7.12510495407526
28_3,0.23129637664759722,,122.15588685472116,6.889935661171113
28_30,0.32849339371497144,BUNGUIAO,122.15544709159008,7.134149879210136
28_31,0.3210040966493004,DULIAN,122.15543050246733,7.1431948007725365
28_32,0.3304450380577351,DULIAN,122.1554138917818,7.152239718758032
28_33,0.314476521517514,DULIAN,122.1553972595314,7.161284633162171
28_34,0.34421992637198423,,122.15538060571416,7.170329543980534
28_35,0.31464473973002477,CURUAN,122.15536393032788,7.179374451208677
28_36,0.3215504626734148,CURUAN,122.15534723337046,7.188419354842162
28_37,0.30795952030794826,CURUAN,122.15533051483987,7.197464254876564
28_38,0.34130576688401204,CURUAN,122.15531377473395,7.206509151307443
28_39,0.3829220456296461,CURUAN,122.15529701305071,7.215554044130371
28_40,0.3716168739663366,CURUAN,122.15528022978788,7.224598933340904
28_41,0.3520641328266428,CURUAN,122.15526342494351,7.233643818934619
28_42,0.3568710286223657,CURUAN,122.1552465985154,7.242688700907077
28_43,0.34444024621546876,CURUAN,122.15522975050143,7.251733579253845
28_44,0.34541947924521077,CURUAN,122.15521288089955,7.260778453970497
28_45,0.3498570197760291,CURUAN,122.15519598970762,7.269823325052602
28_5,0.20174485547196705,MAMPANG,122.15585481780197,6.908025690636025
28_6,0.25815769094430274,ARENA BLANCO,122.155838767079,6.917070700178523
28_7,0.25277340915379815,MERCEDES,122.15582269484445,6.926115706255117
28_8,0.30251844760250185,MERCEDES,122.15580660109636,6.9351607088613685
28_9,0.29954868908002225,MERCEDES,122.15579048583268,6.944205707992828
29_10,0.30456962077574096,TALABAAN,122.16482625897184,6.953266752389894
29_11,0.24981365388786697,MERCEDES,122.16481027387316,6.962311765633753
29_12,0.2248598343109822,MERCEDES,122.16479426748349,6.97135677539027
29_13,0.24188464222513406,CULIANAN,122.1647782398009,6.98040178165499
29_14,0.27920528969263425,GUISAO,122.16476219082328,6.989446784423485
29_15,0.23637555548466133,CABALUAY,122.16474612054864,6.998491783691307
29_16,0.21740062128005688,CACAO,122.164730028975,7.00753677945402
29_17,0.22622316516658503,CACAO,122.1647139161003,7.016581771707176
29_18,0.36177989243741393,LAPAKAN,122.16469778192256,7.025626760446343
29_19,0.3408987815407016,LAPAKAN,122.16468162643976,7.034671745667077
29_20,0.3286326105577765,LAPAKAN,122.16466544964987,7.043716727364937
29_21,0.32379511536839006,LAPAKAN,122.1646492515508,7.052761705535486
29_22,0.39172849996161563,LAMISAHAN,122.1646330321406,7.061806680174287
29_23,0.38551053395995455,LAMISAHAN,122.1646167914172,7.0708516512769
29_24,0.3401557145268099,LAMISAHAN,122.16460052937856,7.079896618838884
29_25,0.32813878523005907,BUNGUIAO,122.16458424602268,7.088941582855809
29_26,0.3716946883651742,BUNGUIAO,122.16456794134744,7.097986543323228
29_27,0.36504212781463097,BUNGUIAO,122.16455161535087,7.107031500236709
29_28,0.3469641879806747,BUNGUIAO,122.1645352680309,7.116076453591819
29_29,0.34877471502898105,DULIAN,122.16451889938544,7.125121403384115
29_3,0.23794599109742262,,122.16493755868308,6.889951562410349
29_30,0.32069481798431326,DULIAN,122.1645025094125,7.134166349609163
29_31,0.33232977966723565,DULIAN,122.16448609810998,7.143211292262532
29_32,0.3252892823659065,DULIAN,122.16446966547586,7.152256231339781
29_33,0.3082189057144131,DULIAN,122.16445321150802,7.1613011668364805
29_34,0.2982048871607115,DULIAN,122.16443673620448,7.170346098748185
29_35,0.309177702903431,CURUAN,122.16442023956309,7.179391027070476
29_36,0.3216286469868346,CURUAN,122.1644037215818,7.188435951798911
29_37,0.31462408192464075,CURUAN,122.1643871822586,7.197480872929055
29_38,0.34819670472804903,CURUAN,122.16437062159132,7.206525790456476
29_39,0.37190778758778,CURUAN,122.16435403957796,7.215570704376747
29_4,0.2369250714886511,,122.16492172256528,6.898996599941234
29_40,0.3453254477151384,CURUAN,122.16433743621644,7.224615614685427
29_41,0.3354578325903935,CURUAN,122.16432081150458,7.23366052137809
29_42,0.3512567752844226,CURUAN,122.1643041654404,7.242705424450306
29_43,0.3464041854189302,CURUAN,122.16428749802176,7.251750323897641
29_44,0.345490993307798,CURUAN,122.16427080924656,7.260795219715657
29_45,0.3884207263697562,,122.16425409911274,7.269840111899929
29_50,0.43843550853576,,122.16417022799055,7.315064518160118
29_51,0.4384230926639859,,122.16415338966078,7.324109388448911
29_52,0.44164568861533465,,122.16413652995762,7.333154255072959
29_53,0.4388837736276179,,122.16411964887894,7.342199118027833
29_54,0.4379694040004283,,122.16410274642269,7.351243977309104
29_55,0.43853620915026575,,122.16408582258666,7.360288832912345
29_56,0.4472364007200285,,122.1640688773688,7.369333684833133
29_57,0.4443490875512397,,122.16405191076691,7.378378533067037
29_6,0.2400989204207929,,122.16488998649672,6.917086664629835
29_8,0.35231239388408486,MERCEDES,122.16485816530424,6.935176715457902
29_9,0.36350364657829715,TALABAAN,122.16484222278152,6.944221735663128
2_14,0.23792779001153375,TALISAYAN,121.92035011088949,6.988950172440014
2_15,0.24792189576769197,TALISAYAN,121.9203293400133,6.997994522867232
2_16,0.3747781881266016,SINUBUNG,121.92030854160816,7.00703886976543
2_17,0.37119822920976325,SINUBUNG,121.92028771567148,7.016083213130114
2_18,0.38217803127692074,SINUBUNG,121.92026686220068,7.025127552956828
2_19,0.2962970423594873,PATALON,121.92024598119308,7.034171889241091
2_20,0.33779222303799167,PATALON,121.92022507264616,7.043216221978442
2_21,0.3629723545222757,PATALON,121.9202041365572,7.052260551164392
2_22,0.347057061284116,PATALON,121.9201831729236,7.061304876794486
2_23,0.332091013603881,PATALON,121.92016218174282,7.070349198864248
2_24,0.3569022796702085,LABUAN,121.92014116301212,7.079393517369208
2_25,0.3578392828993813,LABUAN,121.92012011672894,7.088437832304892
2_26,0.35170536898723037,LABUAN,121.92009904289051,7.097482143666837
2_27,0.37398146411730293,LABUAN,121.92007794149436,7.106526451450572
2_28,0.3988930135824867,LABUAN,121.92005681253778,7.115570755651625
2_29,0.41633791568941153,LIMPAPA,121.92003565601809,7.124615056265528
2_30,0.3969303304389727,LIMPAPA,121.92001447193262,7.133659353287818
2_31,0.36331145372818135,,121.91999326027876,7.142703646714019
30_10,0.30076850981992276,TALABAAN,122.17387819018133,6.953282628178265
30_11,0.2643293166946378,TALABAAN,122.17386237828693,6.962327662270309
30_12,0.25501476104642834,TALABAAN,122.1738465453323,6.971372692875763
30_13,0.27379482298438257,CABALUAY,122.17383069131536,6.980417719990201
30_14,0.2887073449443656,CABALUAY,122.17381481623416,6.989462743609171
30_15,0.2661011181310448,CABALUAY,122.17379892008675,6.998507763728246
30_16,0.2245429084360365,CACAO,122.17378300287108,7.007552780342965
30_17,0.32821739577141273,LAPAKAN,122.1737670645852,7.016597793448913
30_18,0.3304005237964431,LAPAKAN,122.17375110522708,7.025642803041628
30_19,0.35719771174541837,LAPAKAN,122.17373512479467,7.03468780911669
30_20,0.32340443989636225,VICTORIA,122.1737191232861,7.043732811669654
30_21,0.31746396589481696,LAPAKAN,122.17370310069929,7.052777810696076
30_22,0.35186334982365686,LAMISAHAN,122.1736870570322,7.061822806191522
30_23,0.35289107871260506,LAMISAHAN,122.1736709922828,7.07086779815156
30_24,0.338318223297084,LAMISAHAN,122.1736549064492,7.079912786571751
30_25,0.3385055696924399,BUNGUIAO,122.1736387995293,7.0889577714476495
30_26,0.3613652710158577,BUNGUIAO,122.17362267152104,7.098002752774829
30_27,0.35046187641667315,BUNGUIAO,122.1736065224225,7.107047730548852
30_28,0.3364736462208346,BUNGUIAO,122.17359035223154,7.11609270476528
30_29,0.32701091096459306,DULIAN,122.17357416094622,7.125137675419675
30_3,0.2899926141981984,,122.17398828391998,6.889967292282772
30_30,0.31553054073683234,DULIAN,122.1735579485645,7.134182642507616
30_31,0.3186119910216468,DULIAN,122.1735417150843,7.14322760602465
30_32,0.3279992034476588,DULIAN,122.17352546050358,7.152272565966354
30_33,0.29957569485948776,DULIAN,122.17350918482036,7.16131752232829
30_34,0.289636353283238,DULIAN,122.17349288803258,7.170362475106034
30_35,0.3124022712305921,CURUAN,122.1734765701382,7.17940742429514
30_36,0.31881212509626966,CURUAN,122.17346023113512,7.188452369891178
30_37,0.30588368550732814,CURUAN,122.17344387102136,7.1974973118897205
30_38,0.34719605339560183,CURUAN,122.1734274897948,7.206542250286332
30_39,0.32962335389348607,CURUAN,122.17341108745345,7.215587185076584
30_40,0.32953628623128844,CURUAN,122.17339466399524,7.224632116256042
30_41,0.3251666329028016,CURUAN,122.17337821941804,7.233677043820275
30_42,0.33371903022295457,CURUAN,122.17336175371985,7.242721967764853
30_43,0.34267718063628644,CURUAN,122.1733452668986,7.251766888085346
30_44,0.371918541994382,,122.1733287589522,7.260811804777327
30_45,0.3912506668530632,,122.1733122298786,7.269856717836362
30_46,0.3827351409332981,,122.1732956796757,7.278901627258021
30_47,0.3911005590808431,,122.17327910834145,7.28794653303788
30_48,0.3763736257287593,,122.17326251587374,7.296991435171511
30_49,0.42351721402947423,,122.17324590227052,7.306036333654475
30_50,0.43665794220976645,,122.17322926752966,7.315081228482359
30_51,0.43869777257736625,,122.17321261164912,7.324126119650727
30_52,0.43942158818302607,,122.17319593462678,7.333171007155154
30_53,0.395971228426038,SIBULAO,122.17317923646056,7.342215890991213
30_54,0.4358287578048845,,122.17316251714836,7.351260771154479
30_55,0.393938561865261,SIBULAO,122.17314577668807,7.360305647640528
30_56,0.3840483870314179,UNCLAIMED AREA UNDER JURISDICTION OF ZAMBOANGA CITY,122.17312901507762,7.369350520444922
30_57,0.4397572660771523,,122.17311223231486,7.378395389563256
30_58,0.4363817363354117,,122.1730954283977,7.387440254991092
30_59,0.4024550091810287,,122.17307860332404,7.396485116724003
30_60,0.4000502824803545,,122.17306175709172,7.405529974757571
30_8,0.366886128227124,,122.1739097507971,6.935192549552198
30_9,0.3582721176406175,TALABAAN,122.17389398101736,6.944237590604081
31_10,0.3016715651107034,TALABAAN,122.18293014244904,6.9532983310082
31_11,0.26115921647001683,TALABAAN,122.18291450376095,6.962343385721292
31_12,0.25097361782699834,TALABAAN,122.18289884424333,6.971388436948562
31_13,0.27102032674300836,CABALUAY,122.18288316389408,6.980433484685565
31_14,0.28844066968510285,CABALUAY,122.18286746271131,6.989478528927862
31_15,0.2721223060027339,CABALUAY,122.1828517406931,6.998523569671013
31_16,0.22766791801652164,CABALUAY,122.18283599783744,7.007568606910586
31_17,0.25538872574447846,MANICAHAN,122.18282023414228,7.016613640642129
31_18,0.26453061454918503,MANICAHAN,122.18280444960575,7.025658670861223
31_19,0.28107427174889454,MANICAHAN,122.18278864422588,7.034703697563414
31_20,0.2871621244274305,VICTORIA,122.1827728180006,7.043748720744266
31_21,0.3443225473413602,LAMISAHAN,122.18275697092794,7.052793740399352
31_22,0.3386744834008106,LAMISAHAN,122.18274110300602,7.061838756524229
31_23,0.3356444067653401,LAMISAHAN,122.18272521423276,7.070883769114464
31_24,0.2910597595899667,SANGALI,122.18270930460612,7.079928778165612
31_25,0.3436620112410817,BUNGUIAO,122.1826933741242,7.088973783673252
31_26,0.32620173290663895,BUNGUIAO,122.18267742278498,7.098018785632931
31_27,0.32266210618058594,BUNGUIAO,122.18266145058648,7.107063784040229
31_28,0.3396292311447161,BUNGUIAO,122.1826454575266,7.116108778890708
31_29,0.32423724708137874,DULIAN,122.18262944360342,7.125153770179927
31_30,0.32876792194948984,DULIAN,122.18261340881492,7.13419875790346
31_31,0.34694938655182145,DULIAN,122.18259735315904,7.143243742056868
31_32,0.33995029507731833,DULIAN,122.18258127663384,7.152288722635723
31_33,0.3714548412629335,DULIAN,122.1825651792373,7.161333699635591
31_34,0.35647052953726766,DULIAN,122.18254906096732,7.170378673052033
31_35,0.3390332344262776,CURUAN,122.18253292182196,7.179423642880624
31_36,0.3507182982626159,CURUAN,122.18251676179918,7.188468609116933
31_37,0.30105197729274247,CURUAN,122.18250058089689,7.197513571756522
31_38,0.3096107363681879,CURUAN,122.18248437911308,7.206558530794965
31_39,0.3265671631883211,CURUAN,122.1824681564458,7.21560348622783
31_40,0.3266408243793563,CURUAN,122.18245191289294,7.224648438050691
31_41,0.33434545277365024,CURUAN,122.18243564845244,7.233693386259107
31_42,0.35302380926698756,CURUAN,122.18241936312236,7.242738330848663
31_43,0.36704963471543184,CURUAN,122.18240305690058,7.251783271814918
31_44,0.3806676807884976,,122.18238672978502,7.260828209153447
31_45,0.3916882659733833,,122.18237038177372,7.2698731428598204
31_46,0.3898280101357338,,122.18235401286458,7.278918072929617
31_47,0.3837765065138744,,122.18233762305556,7.287962999358398
31_48,0.3828543777314805,,122.18232121234452,7.297007922141739
31_49,0.40898210097802973,,122.18230478072954,7.306052841275225
31_5,0.2529811778444247,,122.18300802351416,6.908073005310758
31_50,0.44080432868561553,,122.18228832820849,7.315097756754411
31_51,0.4367943105283518,,122.1822718547793,7.324142668574882
31_52,0.4054706183215227,SIBULAO,122.18225536043988,7.333187576732211
31_53,0.39553535712995525,SIBULAO,122.18223884518818,7.34223248122197
31_54,0.37936747184173153,SIBULAO,122.18222230902217,7.351277382039729
31_55,0.39416838603369064,SIBULAO,122.18220575193968,7.360322279181073
31_56,0.40128964595739197,SIBULAO,122.18218917393872,7.369367172641578
31_57,0.4064813731739939,VITALI,122.18217257501718,7.378412062416805
31_58,0.4157251929373405,,122.18215595517296,7.387456948502346
31_59,0.4064400061814636,,122.182139314404,7.39650183089377
31_6,0.26844966234681944,,122.18299248894468,6.917118077386374
31_60,0.351806869775716,VITALI,122.18212265270812,7.405546709586659
31_61,0.3562173615897618,VITALI,122.18210597008336,7.414591584576582
31_62,0.4061023372472439,,122.18208926652756,7.423636455859122
31_9,0.3672385259779214,,122.18294576030952,6.944253272813721
32_13,0.3192164177758065,,122.1919356573063,6.980449075739126
32_14,0.2795635867824092,CABALUAY,122.19192013002396,6.989494140377591
32_15,0.22842785838843635,CABALUAY,122.1919045821369,6.998539201517661
32_16,0.23932731711914984,MANICAHAN,122.19188901364316,7.0075842591549
32_17,0.25817369173930727,MANICAHAN,122.19187342454082,7.016629313284876
32_18,0.25826901774822836,MANICAHAN,122.19185781482788,7.02567436390314
32_19,0.27744419286926403,MANICAHAN,122.19184218450242,7.034719411005266
32_20,0.29130693899304405,VICTORIA,122.19182653356243,7.043764454586809
32_21,0.34025342050351887,LAMISAHAN,122.191810862006,7.052809494643344
32_22,0.3325247090692437,LAMISAHAN,122.19179516983118,7.061854531170424
32_23,0.2766070044689916,SANGALI,122.19177945703596,7.070899564163618
32_24,0.2779470082516733,SANGALI,122.19176372361838,7.079944593618494
32_25,0.3313149136861902,BUNGUIAO,122.19174796957648,7.088989619530612
32_26,0.3337791388317358,BUNGUIAO,122.19173219490824,7.098034641895546
32_27,0.3440392513255791,BUNGUIAO,122.19171639961172,7.10707966070885
32_28,0.33183643116749884,BUNGUIAO,122.19170058368496,7.1161246759661
32_29,0.3611043257027673,DULIAN,122.19168474712592,7.125169687662864
32_30,0.348357174782562,DULIAN,122.1916688899327,7.134214695794699
32_31,0.33223246365614495,DULIAN,122.19165301210325,7.143259700357183
32_32,0.3498115339831724,DULIAN,122.19163711363552,7.152304701345877
32_33,0.3734223708270648,DULIAN,122.1916211945276,7.161349698756353
32_34,0.37303635743353497,QUINIPUT,122.1916052547775,7.17039469258418
32_35,0.3622591774605774,QUINIPUT,122.19158929438316,7.1794396828249205
32_36,0.344107672721135,CURUAN,122.19157331334264,7.188484669474149
32_37,0.3140470794618837,CURUAN,122.1915573116539,7.19752965252744
32_38,0.31544112924322326,CURUAN,122.19154128931494,7.206574631980355
32_39,0.3317683738566343,CURUAN,122.19152524632372,7.215619607828465
32_40,0.3472674932844976,CURUAN,122.19150918267827,7.224664580067349
32_41,0.3438171271331403,LATUAN,122.19149309837655,7.233709548692569
32_42,0.34063806735171903,CURUAN,122.19147699341656,7.242754513699698
32_43,0.36630287974435594,LATUAN,122.19146086779624,7.251799475084311
32_44,0.3551998599907209,LATUAN,122.19144472151366,7.260844432841982
32_45,0.35024411011234124,CALABASA,122.1914285545667,7.269889386968273
32_46,0.34442385098623046,,122.19141236695336,7.278934337458771
32_47,0.3733965511876729,,122.19139615867158,7.287979284309041
32_48,0.40921220500698374,,122.19137992971936,7.297024227514655
32_49,0.40633744417405315,,122.19136368009464,7.306069167071192
32_50,0.4276741040011911,,122.19134740979544,7.315114102974221
32_51,0.39181275303569757,UNCLAIMED AREA UNDER JURISDICTION OF ZAMBOANGA CITY,122.19133111881963,7.324159035219322
32_52,0.40414366571641264,SIBULAO,122.19131480716524,7.333203963802069
32_53,0.38649467790097874,SIBULAO,122.19129847483012,7.342248888718033
32_54,0.37889687298349894,SIBULAO,122.19128212181236,7.351293809962796
32_55,0.40347899755440314,SIBULAO,122.1912657481098,7.360338727531928
32_56,0.3931737621067087,VITALI,122.19124935372042,7.369383641421014
32_57,0.3983878749244312,VITALI,122.19123293864216,7.378428551625622
32_58,0.3858247542498575,VITALI,122.19121650287296,7.387473458141329
32_59,0.40511291358201806,,122.19120004641076,7.396518360963726
32_60,0.39946474798302767,,122.19118356925348,7.405563260088368
32_61,0.35434187136263856,VITALI,122.19116707139908,7.414608155510858
32_62,0.3613802229945405,VITALI,122.1911505528454,7.423653047226757
32_63,0.4245927434491252,,122.19113401359049,7.432697935231654
32_7,0.3574441785341787,,122.19202838841004,6.926178614690632
32_8,0.3652674751960852,,122.19201298471522,6.935223700226247
33_10,0.37466507372756147,,122.2010341092368,6.953329217784992
33_16,0.2477257407758739,MANICAHAN,122.20094205005756,7.00759973707398
33_17,0.2913047191332279,MANICAHAN,122.20092663554988,7.016644811375191
33_18,0.3016263830050258,MANICAHAN,122.2009112006625,7.025689882165447
33_19,0.29002282494726045,MANICAHAN,122.20089574539342,7.034734949440297
33_20,0.3035142491276651,VICTORIA,122.20088026974074,7.043780013195327
33_21,0.2608274102489109,VICTORIA,122.20086477370248,7.052825073426085
33_22,0.3135796943005542,SANGALI,122.20084925727676,7.061870130128143
33_23,0.3222427431809083,SANGALI,122.20083372046156,7.070915183297071
33_24,0.3220107661420465,SANGALI,122.20081816325497,7.079960232928424
33_25,0.35919576725475105,BUNGUIAO,122.20080258565504,7.0890052790177815
33_26,0.3595760242676463,BUNGUIAO,122.2007869876598,7.098050321560693
33_27,0.3436325837412843,BUNGUIAO,122.2007713692673,7.107095360552743
33_28,0.3475752292880739,BUNGUIAO,122.2007557304756,7.116140395989492
33_29,0.32638810900925386,BUNGUIAO,122.20074007128272,7.125185427866501
33_30,0.31342116378280754,DULIAN,122.20072439168668,7.134230456179355
33_31,0.2858009627274075,DULIAN,122.20070869168558,7.143275480923607
33_32,0.31022457049645974,DULIAN,122.20069297127736,7.15232050209483
33_33,0.33258195637277244,DULIAN,122.2006772304601,7.161365519688597
33_34,0.3861706927691139,QUINIPUT,122.20066146923186,7.170410533700473
33_35,0.3567613645503575,QUINIPUT,122.20064568759058,7.179455544126031
33_36,0.34734148578023744,CURUAN,122.20062988553433,7.188500550960842
33_37,0.33407221273821447,CURUAN,122.20061406306112,7.197545554200466
33_38,0.3265823679040411,CURUAN,122.20059822016898,7.206590553840495
33_39,0.3754450246066111,CURUAN,122.20058235685586,7.215635549876485
33_40,0.3792737642989036,LATUAN,122.20056647311986,7.224680542304005
33_41,0.3520443749115872,LATUAN,122.20055056895892,7.233725531118639
33_42,0.32272404067135374,LATUAN,122.20053464437107,7.242770516315953
33_43,0.36466068114766953,CALABASA,122.20051869935432,7.25181549789152
33_44,0.34538777794347575,CALABASA,122.20050273390662,7.260860475840906
33_45,0.3302454216608815,CALABASA,122.20048674802602,7.269905450159699
33_46,0.3594235831866037,CALABASA,122.2004707417105,7.278950420843467
33_47,0.3512493560070078,CALABASA,122.20045471495804,7.287995387887781
33_48,0.42281233320171485,,122.20043866776663,7.297040351288216
33_49,0.4248418124883908,,122.20042260013426,7.306085311040348
33_50,0.42308737188795353,SIBULAO,122.2004065120589,7.315130267139759
33_51,0.43147769284985227,SIBULAO,122.2003904035386,7.324175219582011
33_52,0.42911557165140035,SIBULAO,122.2003742745712,7.33322016836269
33_53,0.4203874543781334,SIBULAO,122.2003581251548,7.342265113477371
33_54,0.3749368329126873,SIBULAO,122.20034195528731,7.351310054921629
33_55,0.38037100996300705,SIBULAO,122.20032576496672,7.360354992691043
33_56,0.39030147121687153,VITALI,122.200309554191,7.369399926781188
33_57,0.4284299665872475,,122.2002933229581,7.378444857187644
33_58,0.4243830630023971,,122.20027707126602,7.387489783905993
33_59,0.37116082428692176,VITALI,122.20026079911264,7.396534706931796
33_6,0.3764079596382843,,122.20109507467188,6.917148801935165
33_60,0.36834933761920297,VITALI,122.20024450649596,7.40557962626066
33_61,0.36723204208741966,VITALI,122.20022819341396,7.41462454188814
33_62,0.3670964625777263,VITALI,122.20021185986454,7.423669453809826
33_63,0.42478140086713134,,122.2001955058457,7.4327143620213
33_64,0.44134528569639125,,122.20017913135534,7.441759266518138
33_7,0.3887341707797119,,122.20107986385582,6.9261939111019375
33_8,0.39746126555406347,,122.20106463267923,6.9352390168021225
33_9,0.3980969804004909,,122.2010493811402,6.944284119031288
34_10,0.3733481522658991,LANDANG LAUM,122.21008612329544,6.953344401728006
34_11,0.34908182617241335,LANDANG LAUM,122.21007100423788,6.962389516941461
34_12,0.4158938194758955,,122.2100558650428,6.971434628671307
34_13,0.39470734713027295,,122.21004070570838,6.980479736913111
34_18,0.32319349090588534,,122.2099646068788,7.0257052256462
34_19,0.33374917676890214,VICTORIA,122.20994932666808,7.034750312866583
34_20,0.34406870249638105,,122.2099340263046,7.043795396567878
34_21,0.2928933462444221,,122.20991870578644,7.0528404767456445
34_22,0.30299597639531595,SANGALI,122.20990336511171,7.061885553395457
34_23,0.323290486522591,SANGALI,122.20988800427853,7.070930626512872
34_24,0.30956812272316603,SANGALI,122.20987262328484,7.079975696093462
34_25,0.3917703219766625,BUNGUIAO,122.20985722212885,7.089020762132793
34_26,0.3805033612556991,BUNGUIAO,122.20984180080858,7.098065824626435
34_27,0.3500138015721004,BUNGUIAO,122.20982635932204,7.107110883569957
34_28,0.39601272880110244,BUNGUIAO,122.2098108976674,7.116155938958919
34_29,0.3657647402785427,BUNGUIAO,122.2097954158426,7.125200990788902
34_30,0.31122026752749915,BOLONG,122.2097799138458,7.134246039055462
34_31,0.3470395645964614,LUBIGAN,122.20976439167502,7.143291083754181
34_32,0.3248728620018082,DULIAN,122.20974884932828,7.152336124880621
34_33,0.34134615139539315,LUBIGAN,122.20973328680364,7.161381162430356
34_34,0.3425671917330816,QUINIPUT,122.2097177040992,7.170426196398953
34_35,0.3576950710844166,QUINIPUT,122.20970210121295,7.1794712267819865
34_36,0.3446306359212915,QUINIPUT,122.209686478143,7.188516253575026
34_37,0.3564161117105406,CURUAN,122.20967083488732,7.197561276773643
34_38,0.34945311276580576,CURUAN,122.20965517144396,7.206606296373408
34_39,0.40253596527612584,CURUAN,122.20963948781096,7.215651312369901
34_40,0.39054013624137435,LATUAN,122.2096237839864,7.224696324758683
34_41,0.35258108300266244,LATUAN,122.2096080599682,7.233741333535337
34_42,0.36010617953118096,CALABASA,122.20959231575452,7.242786338695434
34_43,0.3261886480452093,CALABASA,122.20957655134328,7.251831340234539
34_44,0.3278845549191175,CALABASA,122.20956076673252,7.260876338148238
34_45,0.3371602007560841,CALABASA,122.20954496192032,7.269921332432105
34_46,0.3699848427255796,CALABASA,122.2095291369046,7.278966323081704
34_47,0.3960722583072199,,122.20951329168346,7.288011310092617
34_48,0.40960369370296057,,122.20949742625488,7.297056293460422
34_49,0.3865071001711401,SIBULAO,122.20948154061686,7.306101273180692
34_50,0.37510610943743383,UNCLAIMED AREA UNDER JURISDICTION OF ZAMBOANGA CITY,122.20946563476744,7.315146249249005
34_51,0.4075883196729081,SIBULAO,122.20944970870455,7.324191221660938
34_52,0.37117308624953244,SIBULAO,122.20943376242626,7.333236190412065
34_53,0.416930208685512,SIBULAO,122.20941779593056,7.342281155497963
34_54,0.38728579334188745,SIBULAO,122.20940180921538,7.351326116914212
34_55,0.3829566108221997,SIBULAO,122.2093858022788,7.360371074656391
34_56,0.42833254644846647,,122.20936977511872,7.369416028720076
34_57,0.446469108088861,,122.20935372773324,7.378460979100851
34_58,0.3726030697300153,VITALI,122.20933766012024,7.387505925794288
34_59,0.3778959948299313,VITALI,122.2093215722778,7.396550868795973
34_60,0.4046546171407414,,122.20930546420377,7.405595808101477
34_61,0.3802914892655579,VITALI,122.20928933589624,7.414640743706392
34_62,0.38690839349352,VITALI,122.20927318735312,7.423685675606292
34_63,0.3925208601590341,VITALI,122.20925701857244,7.432730603796756
34_64,0.3720488485695254,VITALI,122.2092408295521,7.441775528273375
34_7,0.39007414724136114,,122.21013135966216,6.926209035230376
34_8,0.380092312052041,,122.21011630100568,6.935254160868029
34_9,0.3714787602251818,,122.21010122221742,6.9442992830353845
35_10,0.3912984582074634,,122.21913815748968,6.95335941270492
35_11,0.3429256196965899,,122.21912321164608,6.962404547630884
35_12,0.34962732914319283,LANDANG LAUM,122.21910824589573,6.971449679073965
35_13,0.375660462041469,,122.2190932602367,6.980494807029726
35_23,0.28619946318001455,,122.21894230825592,7.070945893809106
35_24,0.3074661667888764,SANGALI,122.21892710347716,7.079990983111689
35_25,0.31062463432765486,SANGALI,122.21891187876696,7.089036068873738
35_26,0.3688982649482407,BUNGUIAO,122.21889663412358,7.098081151090841
35_27,0.31026053146972143,BOLONG,122.21888136954496,7.107126229758554
35_28,0.37973760650472543,BOLONG,122.21886608502928,7.1161713048724575
35_29,0.33537407468270153,BOLONG,122.21885078057456,7.125216376428113
35_30,0.34750887633822447,BOLONG,122.21883545617888,7.1342614444210914
35_31,0.359500750080478,LUBIGAN,122.21882011184034,7.143306508846965
35_32,0.34284059274980827,LUBIGAN,122.21880474755706,7.15235156970131
35_33,0.32400224589010657,LUBIGAN,122.21878936332703,7.161396626979683
35_34,0.3369878008323192,QUINIPUT,122.21877395914836,7.17044168067767
35_35,0.37369843071911585,QUINIPUT,122.2187585350191,7.179486730790839
35_36,0.34746092004266405,QUINIPUT,122.21874309093738,7.188531777314753
35_37,0.35367454426995193,CURUAN,122.21872762690118,7.1975768202450014
35_38,0.36753028942263427,CURUAN,122.21871214290856,7.206621859577145
35_39,0.41310885514540935,CURUAN,122.21869663895764,7.215666895306756
35_40,0.40769682712985783,LATUAN,122.21868111504644,7.224711927429419
35_41,0.39695951827403997,LATUAN,122.21866557117303,7.233756955940697
35_42,0.36212419228267445,CALABASA,122.21865000733548,7.242801980836171
35_43,0.3487797473049664,CALABASA,122.21863442353173,7.251847002111417
35_44,0.35393822089037397,CALABASA,122.21861881975993,7.260892019762
35_45,0.35280600907592996,CALABASA,122.21860319601808,7.269937033783504
35_46,0.3382738371471357,CALABASA,122.21858755230416,7.278982044171501
35_47,0.3573367968914875,CALABASA,122.21857188861637,7.288027050921578
35_48,0.387732774068876,TAGASILAY,122.21855620495258,7.297072054029296
35_49,0.36683821521612,SIBULAO,122.2185405013109,7.30611705349024
35_50,0.3798981724455949,SIBULAO,122.21852477768935,7.315162049299986
35_51,0.4038904869515763,SIBULAO,122.21850903408594,7.324207041454112
35_52,0.4103052709883953,SIBULAO,122.21849327049874,7.333252029948197
35_53,0.3893889587463715,SIBULAO,122.2184774869257,7.342297014777814
35_54,0.3910257059831456,SIBULAO,122.2184616833649,7.351341995938549
35_55,0.3956912492285619,SIBULAO,122.21844585981432,7.360386973425978
35_56,0.4335063331122323,,122.21843001627194,7.3694319472356815
35_57,0.3817604659131819,VITALI,122.21841415273585,7.378476917363236
35_58,0.3860580014811645,VITALI,122.21839826920404,7.387521883804224
35_59,0.36870553908386483,VITALI,122.21838236567444,7.396566846554229
35_60,0.3719382683583951,VITALI,122.21836644214513,7.405611805608827
35_61,0.37889068836322615,VITALI,122.21835049861406,7.414656760963599
35_62,0.3885314971049162,VITALI,122.2183345350793,7.423701712614137
35_63,0.3819143113195228,VITALI,122.2183185515388,7.432746660556007
35_64,0.3660374137278422,VITALI,122.21830254799048,7.4417916047847985
35_65,0.4027384412264233,,122.21828652443246,7.450836545296101
35_8,0.4022524865662237,,122.21916798946395,6.93526913242208
35_9,0.3841646662044494,,122.21915308342834,6.944314274300505
36_10,0.36800521102434547,LANDANG GUA,122.2281902115888,6.953374250713856
36_11,0.35137609962639155,,122.22817543896107,6.962419405125196
36_12,0.34632612579685196,LANDANG LAUM,122.22816064665729,6.971464556054361
36_13,0.34862854195995,LANDANG LAUM,122.2281458346756,6.980509703496921
36_14,0.39066248751703725,,122.22813100301408,6.989554847448444
36_24,0.2734188036056376,,122.22798160360078,7.080006093981195
36_25,0.3058252189006493,BOLONG,122.22796655533844,7.089051199238716
36_26,0.3265002697911846,BOLONG,122.2279514873738,7.098096300952009
36_27,0.31631177609813244,BOLONG,122.227936399705,7.107141399116641
36_28,0.38147856452635265,BOLONG,122.2279212923302,7.116186493728195
36_29,0.39339427488365997,LUBIGAN,122.22790616524742,7.125231584782233
36_30,0.3463432576814592,BOLONG,122.22789101845484,7.134276672274327
36_31,0.3706207642136924,LUBIGAN,122.22787585195049,7.143321756200045
36_32,0.3462595216094622,LUBIGAN,122.22786066573254,7.152366836554967
36_33,0.3216384923515676,LUBIGAN,122.22784545979906,7.161411913334663
36_34,0.320204470140179,QUINIPUT,122.22783023414809,7.1704569865347
36_35,0.35188234604695595,QUINIPUT,122.22781498877777,7.179502056150653
36_36,0.3361451032708768,QUINIPUT,122.22779972368618,7.188547122178101
36_37,0.36966674368596986,QUINIPUT,122.2277844388714,7.197592184612612
36_38,0.3721648092291691,CURUAN,122.22776913433152,7.206637243449761
36_39,0.4021204609106052,CURUAN,122.22775381006464,7.215682298685122
36_40,0.3846186451047657,LATUAN,122.22773846606876,7.224727350314267
36_41,0.38977449698636285,CALABASA,122.22772310234204,7.233772398332781
36_42,0.40231178532923245,CALABASA,122.22770771888248,7.242817442736228
36_43,0.3778983589068893,CALABASA,122.22769231568826,7.251862483520189
36_44,0.37138865308874147,CALABASA,122.22767689275727,7.260907520680242
36_45,0.3798189329843547,CALABASA,122.22766145008778,7.269952554211956
36_46,0.34171623260230816,CALABASA,122.22764598767772,7.278997584110917
36_47,0.36585222930098177,CALABASA,122.22763050552514,7.288042610372695
36_48,0.3875735553974957,TAGASILAY,122.22761500362816,7.2970876329928736
36_49,0.3201406821225877,TAGASILAY,122.2275994819848,7.306132651967026
36_50,0.3614690073795904,SIBULAO,122.22758394059316,7.315177667290731
36_51,0.4012191329421585,SIBULAO,122.2275683794512,7.324222678959564
36_52,0.3906647265030592,SIBULAO,122.22755279855704,7.333267686969119
36_53,0.4044694652795414,SIBULAO,122.22753719790867,7.342312691314958
36_54,0.3868038080931046,SIBULAO,122.22752157750416,7.351357691992661
36_55,0.4037003822119556,VITALI,122.22750593734158,7.360402688997826
36_56,0.40268252009334843,VITALI,122.22749027741892,7.369447682326019
36_57,0.4549604235489257,,122.2274745977342,7.378492671972818
36_58,0.4020301842632496,VITALI,122.22745889828552,7.387537657933812
36_59,0.38307890377661913,VITALI,122.22744317907085,7.396582640204585
36_60,0.39013020445348784,VITALI,122.22742744008822,7.405627618780711
36_61,0.3904302077646131,VITALI,122.2274116813357,7.414672593657774
36_62,0.37793171498744216,VITALI,122.2273959028112,7.423717564831356
36_63,0.37722665693553004,VITALI,122.22738010451287,7.432762532297048
36_64,0.36970500594670985,VITALI,122.22736428643869,7.441807496050425
36_65,0.4019935111962951,,122.22734844858658,7.450852456087073
36_66,0.41466461958116274,,122.22733259095465,7.45989741240258
36_67,0.40969272042757526,,122.22731671354089,7.468942364992522
36_9,0.4324935060952761,,122.22820496454229,6.944329092824787
37_10,0.3191717524176294,LANDANG GUA,122.23724228536211,6.953388915752983
37_11,0.33437888985962166,LANDANG LAUM,122.23722768595212,6.962434089422545
37_12,0.34334006844634746,LANDANG LAUM,122.23721306709676,6.9714792596106445
37_13,0.372848618764927,LANDANG LAUM,122.23719842879424,6.980524426312846
37_14,0.37716390562627433,LANDANG LAUM,122.23718377104264,6.989569589524718
37_24,0.2866842061330632,,122.2370361234248,7.080021028700115
37_25,0.31500676528632654,BOLONG,122.23702125161208,7.089066153225836
37_26,0.33044263938283486,BOLONG,122.23700636032812,7.098111274208047
37_27,0.30263821036381866,BOLONG,122.2369914495711,7.107156391642331
37_28,0.35628385587993594,BOLONG,122.23697651933902,7.116201505524242
37_29,0.41225805790866776,LUBIGAN,122.23696156963014,7.125246615849369
37_30,0.39181438556740616,LUBIGAN,122.23694660044254,7.134291722613272
37_31,0.3860919101772454,LUBIGAN,122.23693161177432,7.143336825811527
37_32,0.34744466046324746,LUBIGAN,122.23691660362356,7.152381925439711
37_33,0.3648224268429743,DITA,122.23690157598853,7.161427021493386
37_34,0.34208245652843516,QUINIPUT,122.23688652886716,7.170472113968141
37_35,0.36024190810212303,DITA,122.23687146225772,7.179517202859536
37_36,0.345645075233752,DITA,122.23685637615816,7.188562288163157
37_37,0.39096281262213534,CURUAN,122.23684127056676,7.197607369874566
37_38,0.3693941784554742,CURUAN,122.2368261454815,7.20665244798935
37_39,0.3760860306709717,CURUAN,122.23681100090054,7.215697522503073
37_40,0.40640548545707944,LATUAN,122.23679583682195,7.224742593411324
37_41,0.38686559554872185,CALABASA,122.23678065324384,7.233787660709665
37_42,0.39564230205518064,CALABASA,122.23676545016431,7.242832724393679
37_43,0.4095016098259955,CALABASA,122.23675022758144,7.251877784458947
37_44,0.3884149711947736,CALABASA,122.23673498549334,7.260922840901038
37_45,0.3783621509999977,CALABASA,122.23671972389808,7.269967893715528
37_46,0.34877180290166576,CALABASA,122.23670444279372,7.279012942898009
37_47,0.3790194567580802,MUTI,122.2366891421784,7.288057988444048
37_48,0.36541394134506855,TAGASILAY,122.23667382205014,7.297103030349215
37_49,0.3253228649228387,TAGASILAY,122.23665848240704,7.30614806860911
37_50,0.3456538310225337,SIBULAO,122.2366431232472,7.315193103219296
37_51,0.41065915993894603,SIBULAO,122.23662774456864,7.3242381341753635
37_52,0.40224145966203284,SIBULAO,122.23661234636948,7.333283161472879
37_53,0.4237502630145129,SIBULAO,122.23659692864778,7.342328185107434
37_54,0.3948124245832397,SIBULAO,122.23658149140157,7.3513732050746095
37_55,0.473903571007676,,122.23656603462892,7.360418221369976
37_56,0.39316675223231534,VITALI,122.2365505583279,7.369463233989129
37_57,0.39746538015239347,VITALI,122.2365350624966,7.378508242927638
37_58,0.4010190229747455,VITALI,122.236519547133,7.387553248181092
37_59,0.399251581929424,VITALI,122.2365040122352,7.396598249745069
37_60,0.3987027438756206,VITALI,122.23648845780124,7.405643247615163
37_61,0.4007575959413675,VITALI,122.23647288382917,7.414688241786938
37_62,0.37497871103862507,VITALI,122.23645729031702,7.423733232255998
37_63,0.3758693565909255,VITALI,122.23644167726285,7.432778219017909
37_64,0.4092102758571997,,122.23642604466468,7.441823202068268
37_65,0.40977971542714353,,122.23641039252055,7.45086818140266
37_66,0.4000231320537972,,122.2363947208285,7.459913157016656
37_67,0.3972326709565433,,122.23637902958656,7.468958128905856
37_68,0.39846210781490277,,122.23636331879275,7.478003097065839
37_9,0.4168598813410377,,122.23725686532862,6.944343738606395
38_10,0.356860426350122,,122.24629437857902,6.953403407820473
38_11,0.34590022312007246,LANDANG GUA,122.24627995238856,6.962448600521115
38_12,0.3668330409264656,LANDANG LAUM,122.24626550698343,6.971493789740992
38_13,0.34866328229265486,BUSAY,122.2462510423619,6.980538975475674
38_14,0.3637849165885913,BUSAY,122.24623655852204,6.989584157720722
38_26,0.2935421645268125,BOLONG,122.24606125275558,7.098126070857108
38_27,0.2989258781314673,BOLONG,122.2460465189121,7.107171207333751
38_28,0.34391833466612026,BOLONG,122.24603176582475,7.116216340258736
38_29,0.40545132929748373,PANUBIGAN,122.24601699349157,7.125261469627652
38_30,0.3770885841642407,PANUBIGAN,122.24600220191084,7.134306595436061
38_31,0.3796219939601292,LUBIGAN,122.24598739108058,7.143351717679538
38_32,0.3708449287283514,DITA,122.245972560999,7.152396836353652
38_33,0.3488092584070238,DITA,122.24595771166422,7.161441951453989
38_34,0.3608326411201712,DITA,122.24594284307442,7.170487062976113
38_35,0.36098764562629543,DITA,122.24592795522764,7.179532170915604
38_36,0.39186245283343,CURUAN,122.24591304812212,7.188577275268031
38_37,0.3995500952171923,CURUAN,122.2458981217559,7.197622376028982
38_38,0.37744132947157943,CURUAN,122.24588317612718,7.206667473194018
38_39,0.3245993168992639,BUENAVISTA,122.2458682112341,7.21571256675873
38_40,0.35176462102652256,BUENAVISTA,122.24585322707466,7.224757656718678
38_41,0.39656507124797097,CALABASA,122.24583822364713,7.233802743069455
38_42,0.4002447953918094,CALABASA,122.24582320094946,7.242847825806629
38_43,0.3885463172132976,CALABASA,122.2458081589799,7.251892904925777
38_44,0.38684547801552893,CALABASA,122.24579309773654,7.260937980422484
38_45,0.38568064412270253,CALABASA,122.24577801721745,7.2699830522923214
38_46,0.3952588168092558,MUTI,122.24576291742072,7.279028120530867
38_47,0.3915348814557037,MUTI,122.24574779834454,7.2880731851337055
38_48,0.3753230061783617,TAGASILAY,122.24573265998694,7.297118246096418
38_49,0.3282148151423763,TAGASILAY,122.24571750234604,7.306163303414578
38_50,0.3768825986815675,SIBULAO,122.24570232541994,7.315208357083772
38_51,0.393190748325477,SIBULAO,122.24568712920674,7.324253407099567
38_52,0.38689959748104086,SIBULAO,122.24567191370453,7.333298453457562
38_53,0.41467257575207356,SIBULAO,122.24565667891136,7.34234349615333
38_54,0.36173997745534553,SIBULAO,122.24564142482537,7.351388535182444
38_55,0.365000692024034,VITALI,122.24562615144464,7.360433570540509
38_56,0.37329591242346516,VITALI,122.2456108587672,7.369478602223083
38_57,0.3975092293861557,VITALI,122.2455955467912,7.37852363022576
38_58,0.3827349108918207,VITALI,122.24558021551468,7.387568654544124
38_59,0.3713362176155565,VITALI,122.24556486493572,7.396613675173753
38_60,0.3762237267155376,VITALI,122.2455494950524,7.405658692110236
38_61,0.37780930781847055,VITALI,122.24553410586272,7.414703705349156
38_62,0.3777564504809326,,122.24551869736484,7.423748714886092
38_63,0.3476696860047173,VITALI,122.2455032695568,7.432793720716643
38_64,0.3861885251218428,,122.24548782243666,7.441838722836382
38_65,0.35555957409006517,TICTAPUL,122.24547235600244,7.450883721240889
38_66,0.40136570647009334,,122.24545687025228,7.459928715925772
38_67,0.41168937051445204,,122.2454413651841,7.468973706886592
38_68,0.40029655518462515,,122.24542584079612,7.478018694118957
39_10,0.32185548467949415,LANDANG GUA,122.25534649100872,6.953417726914529
39_11,0.3189338849769933,LANDANG GUA,122.25533223803964,6.962462938419104
39_12,0.36509700351493213,LANDANG LAUM,122.25531796608658,6.971508146443601
39_13,0.361444627076062,BUSAY,122.25530367514784,6.980553350983589
39_14,0.360688047414752,BUSAY,122.2552893652216,6.989598552034643
39_15,0.3974754519198839,,122.255275036306,6.998643749592323
39_26,0.36788848201365604,,122.25511616442508,7.098140690897347
39_27,0.37511320579867774,,122.2551016074971,7.107185846189067
39_28,0.38659435928207775,,122.2550870315562,7.116230997929842
39_29,0.42045633598844095,,122.2550724366006,7.125276146115239
39_30,0.4059748055059386,,122.25505782262856,7.134321290740839
39_31,0.40154022574339465,,122.25504318963816,7.143366431802222
39_32,0.35619314332899754,DITA,122.2550285376276,7.15241156929495
39_33,0.35477766023392016,DITA,122.25501386659496,7.161456703214604
39_34,0.37355479674495795,,122.25499917653852,7.170501833556756
39_35,0.3847612810645126,,122.2549844674564,7.179546960316991
39_36,0.38956590127902263,,122.25496973934672,7.188592083490874
39_37,0.3659290493632848,CURUAN,122.25495499220764,7.197637203073987
39_38,0.40347305852819754,,122.25494022603732,7.206682319061909
39_39,0.3804179853163627,BUENAVISTA,122.2549254408339,7.215727431450208
39_40,0.3759115267162403,BUENAVISTA,122.25491063659555,7.224772540234471
39_41,0.38042463471393567,BUENAVISTA,122.25489581332036,7.233817645410273
39_42,0.3854171612721819,BUENAVISTA,122.25488097100651,7.242862746973195
39_43,0.394346292908944,CALABASA,122.25486610965211,7.251907844918806
39_44,0.4091030977437787,MUTI,122.2548512292554,7.260952939242697
39_45,0.4308877668468929,MUTI,122.2548363298144,7.269998029940435
39_46,0.39307456128655327,MUTI,122.25482141132724,7.279043117007612
39_47,0.3968679839809762,MUTI,122.25480647379209,7.288088200439799
39_48,0.39083304255723267,TAGASILAY,122.25479151720704,7.297133280232583
39_49,0.3580829247166829,TAGASILAY,122.25477654157024,7.306178356381536
39_50,0.39631028856079337,TAGASILAY,122.25476154687978,7.315223428882247
39_51,0.371211321879889,TIGBALABAG,122.2547465331338,7.324268497730295
39_52,0.386979276068817,TIGBALABAG,122.25473150033044,7.333313562921262
39_53,0.42345808203315727,SIBULAO,122.2547164484678,7.34235862445073
39_54,0.4235148848618393,SIBULAO,122.25470137754394,7.351403682314284
39_55,0.3693814533559778,VITALI,122.254686287557,7.360448736507501
39_56,0.38033480531240094,VITALI,122.2546711785051,7.369493787025968
39_57,0.39452707985643964,VITALI,122.25465605038636,7.37853883386527
39_58,0.42903108958231445,VITALI,122.2546409031988,7.387583877020987
39_59,0.38078016598863684,VITALI,122.2546257369406,7.396628916488713
39_60,0.34037059237073747,VITALI,122.25461055160982,7.405673952264015
39_61,0.33854999203341785,VITALI,122.25459534720451,7.414718984342498
39_62,0.3449255289259894,VITALI,122.25458012372285,7.4237640127197375
39_63,0.38663712799932914,,122.25456488116286,7.432809037391314
39_64,0.3808577074854137,,122.25454961952268,7.441854058352825
39_65,0.3950182610327932,,122.25453433880034,7.45089907559985
39_66,0.3969805896434766,,122.25451903899392,7.459944089127978
39_67,0.3763590084623915,LICOMO,122.25450372010155,7.468989098932796
39_68,0.3593517688504365,LICOMO,122.25448838212124,7.478034105009894
39_69,0.39241692659467997,,122.25447302505114,7.487079107354857
3_12,0.24658269776992464,TALISAYAN,121.92944319203272,6.9708820598269545
3_13,0.2523510269366307,TALISAYAN,121.92942264981038,6.979926444280363
3_14,0.23970523616552059,TALISAYAN,121.929402080295,6.9889708252146825
3_15,0.24020274960113475,TALISAYAN,121.92938148348394,6.998015202625437
3_16,0.23114257952867734,TALISAYAN,121.92936085937464,7.007059576508153
3_17,0.36680802418457253,SINUBUNG,121.92934020796454,7.016103946858366
3_18,0.35394717078632687,SINUBUNG,121.92931952925105,7.025148313671601
3_19,0.3265724445059853,SINUBUNG,121.92929882323152,7.034192676943385
3_20,0.3193242099543428,PATALON,121.92927808990343,7.0432370366692485
3_21,0.3540001477047849,PATALON,121.92925732926416,7.052281392844722
3_22,0.3520416475493793,PATALON,121.92923654131108,7.061325745465341
3_23,0.35868621436488635,PATALON,121.92921572604156,7.070370094526626
3_24,0.38399040257648764,LABUAN,121.92919488345308,7.079414440024118
3_25,0.38896562279875235,LABUAN,121.92917401354298,7.088458781953345
3_26,0.415725489851658,LABUAN,121.9291531163086,7.097503120309835
3_27,0.39657983574264344,LABUAN,121.9291321917474,7.1065474550891246
3_28,0.39348281971138777,LIMPAPA,121.92911123985668,7.115591786286744
3_29,0.3767958115267675,LIMPAPA,121.92909026063388,7.124636113898229
3_30,0.4235860372343324,LIMPAPA,121.92906925407628,7.133680437919108
3_31,0.4227550204439117,,121.92904822018136,7.142724758344918
40_10,0.32503311672218743,LANDANG GUA,122.2643986224206,6.95343187303337
40_11,0.3323654201452837,LANDANG GUA,122.26438454267462,6.962477103114721
40_12,0.3617195630766417,LANDANG LAUM,122.26437044417546,6.971522329716685
40_13,0.35883040091216967,LANDANG LAUM,122.2643563269213,6.980567552834816
40_14,0.35110563661568556,PASILMANTA,122.26434219091038,6.989612772464695
40_15,0.3792148452955738,,122.264328036141,6.998657988601888
40_29,0.41898359722816536,,122.26412789872622,7.12529064531031
40_30,0.4001920396958576,,122.26411346236466,7.134335808525794
40_31,0.4215476856510639,,122.26409900721592,7.143380968177753
40_32,0.43117708872506555,,122.2640845332782,7.152426124261764
40_33,0.4310751580640548,,122.2640700405496,7.161471276773399
40_34,0.4014967020702871,DITA,122.26405552902838,7.170516425708242
40_35,0.4286607144675987,,122.26404099871267,7.179561571061857
40_37,0.40592072517909333,,122.26401188169056,7.197651851007741
40_38,0.4146079727580474,,122.26399729498053,7.206696985591162
40_39,0.379157842445005,BUENAVISTA,122.26398268946866,7.21574211657567
40_40,0.3781023687367134,BUENAVISTA,122.2639680651532,7.224787243956847
40_41,0.37889767876409697,BUENAVISTA,122.2639534220323,7.233832367730272
40_42,0.3834607273581287,BUENAVISTA,122.26393876010412,7.242877487891522
40_43,0.35841628249501306,BUENAVISTA,122.26392407936684,7.251922604436177
40_44,0.3997612793502142,MUTI,122.26390937981851,7.260967717359815
40_45,0.42707765293989614,MUTI,122.26389466145748,7.27001282665802
40_46,0.40014792676348654,MUTI,122.26387992428177,7.279057932326373
40_47,0.36878794464812875,TAGASILAY,122.26386516828948,7.2881030343604465
40_48,0.3859022555984127,TAGASILAY,122.26385039347888,7.297148132755839
40_49,0.37145778102216337,TAGASILAY,122.26383559984806,7.306193227508114
40_50,0.33590373406606233,TAGASILAY,122.26382078739518,7.31523831861286
40_51,0.3841793651646656,TIGBALABAG,122.26380595611832,7.324283406065659
40_52,0.361616512875575,TIGBALABAG,122.26379110601567,7.333328489862102
40_53,0.3750047887552213,TIGBALABAG,122.26377623708538,7.342373569997761
40_54,0.4330311503130927,SIBULAO,122.26376134932558,7.351418646468225
40_55,0.4088145625926624,VITALI,122.26374644273436,7.360463719269075
40_56,0.40776132373880947,VITALI,122.2637315173099,7.369508788395903
40_57,0.42295336506527004,VITALI,122.26371657305025,7.378553853844279
40_58,0.41024820745988383,VITALI,122.2637016099536,7.387598915609799
40_59,0.38932816480694266,VITALI,122.26368662801804,7.396643973688049
40_60,0.35421432861231006,VITALI,122.2636716272417,7.405689028074605
40_61,0.34674731796157504,VITALI,122.2636566076227,7.4147340787650675
40_62,0.36966981342801875,TICTAPUL,122.26364156915918,7.42377912575501
40_63,0.38564426334300295,,122.26362651184918,7.432824169040026
40_64,0.3671348314722072,TICTAPUL,122.26361143569083,7.441869208615696
40_65,0.37984345584836143,TICTAPUL,122.26359634068228,7.45091424447762
40_66,0.3677922673867659,LICOMO,122.2635812268216,7.459959276621373
40_67,0.3690623989488036,LICOMO,122.26356609410688,7.469004305042551
40_68,0.3822750680066064,,122.26355094253628,7.478049329736739
40_69,0.3923071100906197,,122.2635357721078,7.487094350699528
40_70,0.39346454144865917,,122.26352058281962,7.49613936792651
41_10,0.34490887253786967,,122.2734507725839,6.95344584617524
41_11,0.3317799559693236,LANDANG GUA,122.27343686606284,6.962491094606219
41_12,0.3309324425585479,LANDANG GUA,122.2734229410193,6.971536339558479
41_13,0.3226547817353481,PASILMANTA,122.27340899745148,6.98058158102759
41_14,0.3421769915067925,PASILMANTA,122.27339503535772,6.989626819009114
41_15,0.3789728287981167,PASILMANTA,122.27338105473622,6.99867205349863
41_2,0.39101536566810713,MANALIPA,122.27356135815124,6.881083734025173
41_28,0.38940699552139413,,122.27319761983205,7.116259782074587
41_29,0.4142861025141853,,122.27318337963712,7.125304967211052
41_3,0.4010287849857329,MANALIPA,122.2735475997476,6.89012901012639
41_30,0.39928372439890647,,122.27316912088796,7.134350148789109
41_32,0.437724134731757,,122.2731405477196,7.152440501252289
41_33,0.46941220388619276,,122.27312623329686,7.161485672128575
41_34,0.4223008739775447,DITA,122.27311190031268,7.1705308394287455
41_35,0.45858256297195155,,122.27309754876524,7.179576003148394
41_40,0.411637041601657,,122.27302551251634,7.224801767883981
41_41,0.3600832589587134,BUENAVISTA,122.27301104955154,7.233846910027619
41_42,0.3726665202596642,BUENAVISTA,122.27299656801084,7.24289204855978
41_43,0.3898689435824752,MUTI,122.27298206789249,7.251937183476052
41_44,0.40999542816222356,MUTI,122.27296754919452,7.26098231477201
41_45,0.41782951259519363,MUTI,122.27295301191523,7.270027442443236
41_46,0.4246815574157917,MUTI,122.27293845605276,7.279072566485309
41_47,0.4312073113505252,TAGASILAY,122.2729238816053,7.288117686893821
41_48,0.42485311664857794,TAGASILAY,122.27290928857094,7.297162803664338
41_49,0.39309820135205026,TAGASILAY,122.27289467694794,7.306207916792459
41_50,0.3683571691948138,TIGBALABAG,122.27288004673449,7.315253026273758
41_51,0.3813571873159158,TIGBALABAG,122.2728653979286,7.324298132103819
41_52,0.36538490546926505,TIGBALABAG,122.27285073052856,7.333343234278225
41_53,0.35895708798996073,MANGUSU,122.27283604453254,7.342388332792561
41_54,0.4179441511117001,VITALI,122.27282133993862,7.351433427642417
41_55,0.39907008189076293,VITALI,122.272806616745,7.3604785188233715
41_56,0.42489744481279645,VITALI,122.2727918749498,7.3695236063310094
41_57,0.4008848594526327,VITALI,122.27277711455116,7.378568690160921
41_58,0.39797193611637227,VITALI,122.2727623355473,7.3876137703086835
41_59,0.4114491657826218,VITALI,122.27274753793628,7.39665884676989
41_60,0.3682402285303376,VITALI,122.2727327217163,7.40570391954013
41_61,0.34516270583576714,VITALI,122.27271788688546,7.414748988614982
41_62,0.3854075915414664,TICTAPUL,122.2727030334419,7.423794053990042
41_63,0.37340874574865834,TICTAPUL,122.2726881613838,7.432839115660888
41_64,0.37241232654793033,TICTAPUL,122.27267327070926,7.441884173623118
41_65,0.37544823311066367,LICOMO,122.27265836141638,7.450929227872315
41_66,0.37161843154163793,LICOMO,122.27264343350328,7.459974278404068
41_67,0.3689325003556432,LICOMO,122.2726284869682,7.469019325213966
41_68,0.38163831580437113,,122.2726135218091,7.4780643682975985
41_69,0.3911627741145541,,122.27259853802424,7.487109407650557
41_70,0.39797849561334736,,122.27258353561164,7.496154443268434
41_71,0.3896947328592978,,122.27256851456944,7.505199475146816
42_1,0.3404092732204305,,122.28262571807124,6.872052091575803
42_11,0.3500425712527757,,122.28248920797354,6.962504912891855
42_12,0.34241745261962614,PASILMANTA,122.28247545638736,6.971550175967251
42_13,0.30798773622060427,PASILMANTA,122.2824616865077,6.980595435560156
42_14,0.34074564244782624,PASILMANTA,122.2824478983328,6.989640691666155
42_2,0.3411601812147022,MANALIPA,122.28261214932564,6.881097389232387
42_3,0.38327872002565927,,122.2825985623036,6.8901426834508
42_34,0.45752976580021837,,122.2821682901602,7.17054507471649
42_35,0.45756934430509155,,122.28215411738287,7.1795902565748095
42_41,0.40203506371600584,,122.28206869564666,7.233861272300502
42_42,0.3938698909036203,,122.28205439449528,7.2429064289761635
42_43,0.39104973155705547,MUTI,122.2820400749976,7.25195158203662
42_44,0.3936145921710047,MUTI,122.28202573715186,7.260996731477462
42_45,0.41095535438266384,MUTI,122.28201138095616,7.27004187729426
42_46,0.4366392663690922,MUTI,122.2819970064088,7.279087019482607
42_47,0.41479902366399335,TAGUITI,122.28198261350788,7.288132158038083
42_48,0.4172015949523621,TAGUITI,122.2819682022517,7.297177292956267
42_49,0.3842224275284645,TAGUITI,122.28195377263836,7.306222424232748
42_50,0.36267289639594114,TAGUITI,122.2819393246661,7.315267551863106
42_51,0.3769913592924464,TIGBALABAG,122.28192485833308,7.324312675842931
42_52,0.3783208637963253,TIGBALABAG,122.28191037363752,7.333357796167798
42_53,0.3996564726448328,MANGUSU,122.28189587057754,7.342402912833302
42_54,0.37774044852973726,MANGUSU,122.28188134915136,7.351448025835021
42_55,0.3712285570486752,MANGUSU,122.28186680935718,7.360493135168542
42_56,0.4021261261310598,VITALI,122.28185225119311,7.3695382408294545
42_57,0.38937322805461105,VITALI,122.28183767465735,7.378583342813344
42_58,0.3906144627064595,VITALI,122.28182307974814,7.387628441115797
42_59,0.3958957547313724,VITALI,122.28180846646354,7.396673535732397
42_60,0.3932620290981596,VITALI,122.28179383480176,7.405718626658734
42_61,0.41140051958229984,VITALI,122.28177918476092,7.414763713890398
42_62,0.43553797053038706,TICTAPUL,122.28176451633928,7.423808797422971
42_63,0.4059483937489784,LICOMO,122.28174982953487,7.432853877252051
42_64,0.3608689540621383,LICOMO,122.28173512434596,7.441898953373222
42_65,0.38879291276399963,LICOMO,122.2817204007706,7.450944025782071
42_66,0.3788119153860073,LICOMO,122.28170565880706,7.459989094474193
42_67,0.4207920933758288,LICOMO,122.28169089845338,7.469034159445171
42_68,0.38900729022467384,LICOMO,122.28167611970778,7.478079220690602
42_69,0.3876512637054917,LICOMO,122.28166132256833,7.487124278206079
42_70,0.3708583362095835,LICOMO,122.28164650703324,7.49616933198718
42_71,0.390006643658225,,122.28163167310058,7.505214382029511
42_72,0.3673130844114851,LICOMO,122.28161682076852,7.514259428328659
43_1,0.37533160653958497,MANALIPA,122.29167635636912,6.872065557730124
43_2,0.3411005989791473,MANALIPA,122.29166295877629,6.881110873276149
43_3,0.3487700744699917,MANALIPA,122.29164954313758,6.890156185384653
43_34,0.4575829268292944,,122.29122469833978,7.170559131569689
43_35,0.4575829268292944,,122.29121070433426,7.1796043313393225
43_46,0.4161607059611335,,122.2910555751183,7.279101291316468
43_47,0.40388044674906287,MUTI,122.29104136376584,7.288146447791441
43_48,0.40107749860827147,TAGUITI,122.29102713428958,7.297191600629819
43_49,0.364356094644977,TAGUITI,122.29101288668772,7.306236749827178
43_50,0.3688178944199708,TAGUITI,122.2909986209585,7.315281895379111
43_51,0.41101952573455314,TIGBALABAG,122.29098433710011,7.324327037281186
43_52,0.4253018306678766,TIGBALABAG,122.29097003511082,7.333372175529015
43_53,0.4058864864929625,MANGUSU,122.29095571498875,7.342417310118162
43_54,0.37098970773562695,MANGUSU,122.29094137673214,7.351462441044217
43_55,0.3697729250212397,MANGUSU,122.29092702033924,7.360507568302776
43_56,0.395769196659265,VITALI,122.29091264580812,7.369552691889419
43_57,0.40428003827271897,VITALI,122.29089825313709,7.378597811799734
43_58,0.3980111984086225,VITALI,122.2908838423243,7.387642928029309
43_59,0.40112595909038773,VITALI,122.29086941336791,7.39668804057373
43_60,0.3686149867501286,VITALI,122.2908549662662,7.40573314942859
43_61,0.3805489554137905,VITALI,122.29084050101726,7.414778254589475
43_62,0.412234988038114,TICTAPUL,122.29082601761928,7.423823356051971
43_63,0.4050586363848355,LICOMO,122.2908115160705,7.432868453811674
43_64,0.3827708776466234,LICOMO,122.29079699636908,7.44191354786417
43_65,0.37615329890071597,LICOMO,122.29078245851314,7.450958638205051
43_66,0.3859926425688016,LICOMO,122.29076790250096,7.460003724829904
43_67,0.3807777125417484,LICOMO,122.29075332833057,7.469048807734327
43_68,0.3804854723163258,LICOMO,122.29073873600024,7.478093886913902
43_69,0.3889160304508958,LICOMO,122.29072412550812,7.487138962364229
43_70,0.3762873872489111,LICOMO,122.29070949685236,7.496184034080895
43_71,0.39965733063017256,,122.29069485003107,7.505229102059497
43_72,0.3688854118346974,LICOMO,122.29068018504256,7.514274166295624
44_1,0.38842152408703295,,122.30072701271116,6.872078852946395
44_51,0.423187185967791,,122.3000438339981,7.324341216416815
44_52,0.42102105371371323,MANGUSU,122.30002971471686,7.33338637236008
44_53,0.4205733026183799,MANGUSU,122.30001557753452,7.342431524645352
44_54,0.4186520937544583,MANGUSU,122.30000142244928,7.351476673268221
44_55,0.40249530775146836,MANGUSU,122.2999872494594,7.360521818224277
44_56,0.3897440906535037,VITALI,122.29997305856308,7.369566959509104
44_57,0.3861137714852962,VITALI,122.29995884975855,7.378612097118287
44_58,0.399629354204469,VITALI,122.29994462304404,7.387657231047419
44_59,0.41198980090460596,VITALI,122.29993037841771,7.396702361292094
44_60,0.37224861403879866,TICTAPUL,122.29991611587783,7.405747487847893
44_61,0.36930314809471765,TICTAPUL,122.29990183542256,7.414792610710403
44_62,0.40692567357138626,LICOMO,122.29988753705015,7.423837729875229
44_63,0.401456561859963,LICOMO,122.29987322075878,7.432882845337944
44_64,0.3880021858820064,LICOMO,122.29985888654664,7.441927957094152
44_65,0.36503573281610524,LICOMO,122.29984453441196,7.450973065139432
44_66,0.34781427201392934,LICOMO,122.29983016435293,7.46001816946939
44_67,0.36507325640394445,LICOMO,122.29981577636768,7.469063270079605
44_68,0.37024268052759657,LICOMO,122.29980137045447,7.478108366965672
44_69,0.38387812059182025,LICOMO,122.2997869466115,7.487153460123189
44_70,0.4209002617111465,,122.29977250483694,7.496198549547754
45_49,0.42857795144543753,,122.3091311689369,7.306264855471357
45_50,0.43234269291457983,TAGUITI,122.30911726769916,7.31531003618394
45_51,0.4537171990158512,,122.3091033487954,7.324355213248038
45_52,0.4126454298342733,MANGUSU,122.309089412224,7.333400386659233
45_53,0.42915973876123253,MANGUSU,122.30907545798313,7.342445556413108
45_54,0.39022146047945905,MANGUSU,122.30906148607106,7.35149072250526
45_55,0.3979980333026229,VITALI,122.30904749648604,7.36053588493127
45_56,0.40434096079874,VITALI,122.30903348922624,7.369581043686732
45_57,0.40640750793876523,VITALI,122.30901946429005,7.378626198767229
45_58,0.41003997426831384,VITALI,122.30900542167554,7.387671350168359
45_59,0.40465838290192935,TICTAPUL,122.3089913613811,7.396716497885703
45_60,0.4100029911040621,TICTAPUL,122.30897728340484,7.405761641914855
45_61,0.4113028647190791,TICTAPUL,122.30896318774508,7.414806782251411
45_62,0.4046087355386528,LICOMO,122.30894907439998,7.42385191889095
45_63,0.40218785306807864,LICOMO,122.30893494336782,7.432897051829072
45_64,0.39408694708158404,LICOMO,122.3089207946468,7.4419421810613695
45_65,0.3903137070186486,LICOMO,122.30890662823512,7.450987306583428
45_66,0.36766763297776156,LICOMO,122.30889244413106,7.460032428390843
45_67,0.36761914664440837,LICOMO,122.3088782423328,7.46907754647921
45_68,0.36670099159826,LICOMO,122.30886402283856,7.478122660844118
46_49,0.41666082603925747,,122.3181903366736,7.306278635517605
46_50,0.43587929787901064,,122.3181766176842,7.315323833469282
46_51,0.41562579957107065,LIMAONG,122.31816288126043,7.324369027773124
46_52,0.42562675717113096,LIMAONG,122.31814912740062,7.333414218424729
46_53,0.4504805144106802,,122.31813535610296,7.342459405419686
46_54,0.4004126852896345,MANGUSU,122.3181215673658,7.351504588753584
46_55,0.4365497880264965,VITALI,122.31810776118736,7.360549768422013
46_56,0.432581711055568,VITALI,122.31809393756592,7.369594944420553
46_57,0.4481429160752141,LIMAONG,122.31808009649971,7.378640116744809
46_58,0.42862919151981765,TICTAPUL,122.3180662379871,7.387685285390359
46_59,0.396463407057172,TICTAPUL,122.3180523620262,7.396730450352805
46_60,0.4026568435675551,TICTAPUL,122.3180384686154,7.405775611627727
46_61,0.4305950445512783,TICTAPUL,122.31802455775286,7.414820769210721
46_62,0.4064919281760885,LICOMO,122.31801062943688,7.423865923097376
46_63,0.4117984984371018,LICOMO,122.31799668366573,7.432911073283296
46_64,0.40936993926490334,LICOMO,122.31798272043756,7.441956219764054
46_65,0.4140401227489409,LICOMO,122.31796873975073,7.451001362535261
46_66,0.37125465958365594,LICOMO,122.31795474160342,7.4600465015924975
46_67,0.3715854696800953,LICOMO,122.31794072599386,7.469091636931362
46_68,0.4098199247278139,,122.31792669292037,7.478136768547452
47_10,0.3904826142087947,,122.32776405442482,6.953526052414384
47_49,0.39950091535587096,TAGUITI,122.32724952184294,7.306292233711018
47_50,0.4090083664714771,TAGUITI,122.3272359851036,7.315337448674268
47_51,0.4387997382788903,,122.32722243116156,7.32438265999035
47_52,0.431505283900832,,122.32720886001502,7.333427867654851
47_53,0.421431246687155,LIMAONG,122.32719527166232,7.342473071663364
47_54,0.43065624274733083,LIMAONG,122.3271816661018,7.351518272011468
47_55,0.4278450584886818,LIMAONG,122.3271680433317,7.360563468694767
47_56,0.41752278140514154,VITALI,122.32715440335032,7.369608661708848
47_57,0.4218598301425941,LIMAONG,122.32714074615592,7.37865385104929
47_58,0.44705253809311896,LIMAONG,122.32712707174684,7.387699036711698
47_59,0.4198003213953981,TICTAPUL,122.3271133801213,7.396744218691658
47_60,0.4259400051943454,TICTAPUL,122.32709967127764,7.405789396984758
47_61,0.439172307881098,TICTAPUL,122.3270859452141,7.414834571586597
47_62,0.42922496096595913,LICOMO,122.32707220192896,7.423879742492772
47_63,0.4233487944125225,LICOMO,122.32705844142056,7.43292490969886
47_64,0.4208151393620766,LICOMO,122.32704466368703,7.441970073200468
47_65,0.412734679664299,LICOMO,122.32703086872677,7.451015232993182
47_66,0.3908443786825624,LICOMO,122.327017056538,7.460060389072603
47_67,0.4055760393066122,LICOMO,122.32700322711896,7.469105541434319
48_50,0.4053281407316593,TAGUITI,122.33629536972578,7.315350881797218
48_51,0.43865313879229695,LIMAONG,122.33628199826704,7.324396109898026
48_52,0.4444966924179713,LIMAONG,122.33626860983556,7.333441334347904
48_53,0.4294831954609335,LIMAONG,122.33625520442956,7.342486555142433
48_54,0.43824988846487745,LIMAONG,122.33624178204737,7.351531772277221
48_55,0.4325614259263271,LIMAONG,122.3362283426873,7.360576985747842
48_56,0.42116852051445713,LIMAONG,122.33621488634768,7.369622195549895
48_57,0.4216460236214244,LIMAONG,122.33620141302684,7.378667401678972
48_58,0.4426693139136754,LIMAONG,122.33618792272298,7.387712604130658
48_59,0.44749403592113385,LIMAONG,122.33617441543456,7.396757802900556
48_60,0.41741230840556653,LIMAONG,122.33616089115976,7.405802997984246
48_61,0.4473347064542271,TICTAPUL,122.33614734989696,7.414848189377332
48_62,0.4266308547926835,LICOMO,122.3361337916444,7.423893377075402
48_63,0.4188001548247592,LICOMO,122.33612021640045,7.432938561074054
48_64,0.4240634742032709,LICOMO,122.33610662416332,7.441983741368883
48_65,0.42519736072085246,LICOMO,122.33609301493132,7.451028917955473
48_66,0.39530358517287223,LICOMO,122.3360793887028,7.460074090829426
48_67,0.3990680520730794,LICOMO,122.33606574547603,7.469119259986341
49_13,0.3957274589323085,,122.34583100924388,6.980687554660744
49_50,0.4459186364379866,,122.34535477131908,7.315364132836453
49_51,0.4531956146637235,LIMAONG,122.34534158234544,7.324409377494476
49_52,0.43457343271474413,LIMAONG,122.34532837663065,7.3334546185022065
49_53,0.439117840728642,LIMAONG,122.34531515417298,7.342499855855238
49_54,0.43134338271581285,LIMAONG,122.3453019149708,7.351545089549154
49_55,0.43105684391862675,LIMAONG,122.34528865902249,7.360590319579551
49_56,0.4298523171178818,LIMAONG,122.3452753863263,7.369635545942026
49_57,0.42823702069004654,LIMAONG,122.34526209688065,7.378680768632163
49_58,0.4378540947103644,LIMAONG,122.3452487906838,7.387725987645555
49_59,0.4352874164538041,LIMAONG,122.34523546773411,7.396771202977803
49_60,0.460398835434065,,122.3452221280299,7.405816414624494
49_61,0.455610835855444,TICTAPUL,122.34520877156952,7.414861622581227
49_62,0.4277450479071278,LICOMO,122.34519539835128,7.42390682684359
49_63,0.42397961115713473,LICOMO,122.34518200837344,7.432952027407179
49_64,0.41378789908285357,LICOMO,122.34516860163444,7.441997224267593
49_65,0.41144291700018376,LICOMO,122.34515517813249,7.451042417420426
49_66,0.38523791788614836,LICOMO,122.34514173786587,7.46008760686127
49_67,0.4066008229933348,,122.34512828083308,7.469132792585729
4_11,0.23713741284764872,AYALA,121.9385151828464,6.961858070564233
4_12,0.23428653773176508,TALISAYAN,121.93849484129036,6.970902485285767
4_13,0.24313299235922414,TALISAYAN,121.93847447267444,6.9799468964936615
4_14,0.22723065134323428,TALISAYAN,121.93845407699608,6.988991304183447
4_15,0.23582920367832527,TALISAYAN,121.9384336542528,6.998035708350654
4_16,0.35476724603696985,PAMUCUTAN,121.93841320444196,7.007080108990811
4_17,0.22803538186120687,TALISAYAN,121.938392727561,7.016124506099448
4_18,0.3127921773807477,SINUBUNG,121.9383722236074,7.0251688996720905
4_19,0.3352474717419978,SINUBUNG,121.93835169257856,7.034213289704285
4_20,0.3417157544109766,SINUBUNG,121.93833113447192,7.043257676191541
4_21,0.376897672076501,,121.93831054928488,7.05230205912941
4_22,0.3844172591312743,,121.9382899370149,7.061346438513405
4_23,0.3458413988343406,PATALON,121.93826929765936,7.070390814339075
4_24,0.34090991120766617,PATALON,121.93824863121564,7.0794351866019385
4_25,0.38038890792805113,,121.93822793768126,7.088479555297538
4_26,0.40752182623150124,LABUAN,121.93820721705352,7.097523920421403
4_27,0.41525327135419604,LABUAN,121.93818646932986,7.10656828196907
4_28,0.3992612434586422,LIMPAPA,121.93816569450772,7.115612639936064
4_29,0.3657439335356076,LIMPAPA,121.9381448925844,7.124656994317928
4_30,0.3756140272576718,LIMPAPA,121.93812406355734,7.133701345110191
4_31,0.4042992580828337,,121.93810320742396,7.1427456923083925
4_32,0.4086694585437591,,121.9380823241816,7.151790035908067
50_13,0.3957274589323085,,122.35488383820014,6.980700019851584
50_14,0.3957274589323085,,122.35487144143669,6.989745412774539
50_51,0.4395436386239834,,122.35440118316498,7.324422462778057
50_52,0.4279524863866636,LIMAONG,122.35438816016855,7.333467720116111
50_53,0.4203527444256147,LIMAONG,122.35437512066088,7.342512973800099
50_54,0.3918209368409826,LIMAONG,122.3543620646404,7.351558223825614
50_55,0.3859692071349179,LIMAONG,122.3543489921055,7.360603470188241
50_56,0.4013603670781577,LIMAONG,122.35433590305442,7.369648712883571
50_57,0.44614472345444744,TUMITUS,122.35432279748562,7.3786939519072
50_58,0.46119176287454466,TUMITUS,122.35430967539745,7.387739187254728
50_59,0.45008503289121354,TUMITUS,122.3542965367882,7.39678441892174
50_60,0.46053647098511113,,122.35428338165626,7.405829646903833
50_61,0.4479781794224341,,122.35427020999998,7.414874871196606
50_62,0.4500379318624856,,122.35425702181767,7.423920091795643
50_64,0.4183378882942584,,122.35423059586844,7.442010521894929
50_65,0.44379006595991066,,122.35421735809818,7.451055731386362
50_66,0.41773006701551685,LICOMO,122.35420410379528,7.460100937166453
51_52,0.4289023242011775,,122.36344796021768,7.333480639187993
51_53,0.4217093129426023,LIMAONG,122.36343510366164,7.342525908975412
51_54,0.3924499126371182,LIMAONG,122.3634222308245,7.351571175104967
51_55,0.39904534910847533,LIMAONG,122.36340934170455,7.360616437572268
51_56,0.4298821138187743,TUMITUS,122.36339643630028,7.369661696372899
51_57,0.4175997521209335,TUMITUS,122.36338351461004,7.3787069515024495
51_58,0.4339694258563033,TUMITUS,122.36337057663214,7.387752202956532
51_59,0.43163635750561624,TUMITUS,122.363357622365,7.396797450730717
52_53,0.43788304022298735,,122.37249510294352,7.342538661379544
52_54,0.4005076889378027,LIMAONG,122.37248241329134,7.351583943385606
52_55,0.3801576465645962,LIMAONG,122.37246970758808,7.360629221730023
52_56,0.4301923228492663,TUMITUS,122.37245698583216,7.36967449640839
52_57,0.4200850247157042,TUMITUS,122.37244424802203,7.3787197674163
52_58,0.4201846643846538,TUMITUS,122.37243149415606,7.387765034749343
52_59,0.44046082878588966,,122.37241872423265,7.396810298403125
52_60,0.4246091570493873,,122.37240593825015,7.405855558373229
52_61,0.4424198017170181,,122.372393136207,7.414900814655262
53_55,0.4227903311819129,,122.38153008952422,7.360641822659923
53_56,0.42112879213479926,TUMITUS,122.38151755141833,7.369687112988458
53_57,0.4441635973063928,TUMITUS,122.3815049974899,7.378732399647141
53_58,0.42961593736963133,TUMITUS,122.38149242773748,7.387777682631573
53_59,0.4343674199504135,,122.38147984215937,7.3968229619373504
54_57,0.4225873220516839,TUMITUS,122.39056576278188,7.378744848193415
54_58,0.42406409318966004,TUMITUS,122.39055337714451,7.387790146601649
54_59,0.44235946956508526,,122.39054097591328,7.396835441331828
55_59,0.4522586138046639,,122.39960212526265,7.396847736585002
56_54,0.44674335686249644,,122.40872330135213,7.351633186489597
56_55,0.45148348148544465,,122.40871132933124,7.360678526066906
58_58,0.45193032770368347,,122.42679732839296,7.387838163329745
5_10,0.25757814122681083,AYALA,121.94758682713658,6.952833851386138
5_11,0.25035857181138355,AYALA,121.94756668578556,6.961878296142302
5_12,0.2455150354663645,AYALA,121.94754651760786,6.970922737390279
5_13,0.24004731175168767,AYALA,121.9475263226009,6.979967175125589
5_14,0.34631261400350416,PAMUCUTAN,121.9475061007622,6.989011609343769
5_15,0.34195830520444426,PAMUCUTAN,121.9474858520892,6.998056040040339
5_16,0.30526931990151296,PAMUCUTAN,121.94746557657932,7.007100467210842
5_17,0.22288110171781844,TALISAYAN,121.94744527423016,7.016144890850801
5_18,0.32418996296510116,SINUBUNG,121.947424945039,7.025189310955756
5_19,0.3676359305652412,SINUBUNG,121.9474045890034,7.034233727521229
5_20,0.32871064059936017,SINUBUNG,121.94738420612082,7.0432781405427605
5_21,0.37965553998300156,,121.9473637963886,7.052322550015877
5_22,0.38573914806376725,,121.94734335980426,7.061366955936117
5_23,0.38422102871942676,,121.94732289636524,7.070411358299014
5_24,0.3753785858041385,,121.947302406069,7.079455757100095
5_25,0.3799550098879248,,121.94728188891288,7.0885001523348965
5_26,0.4374534127807209,,121.94726134489436,7.097544543998961
5_27,0.41997720250341575,LIMPAPA,121.94724077401088,7.106588932087809
5_28,0.4002736328857621,LIMPAPA,121.94722017625983,7.115633316596994
5_29,0.36217862923216704,LIMPAPA,121.94719955163863,7.124677697522031
5_30,0.3581404263238143,,121.94717890014472,7.13372207485847
5_31,0.35702424016413276,,121.94715822177552,7.1427664486018445
5_32,0.39989548800230845,,121.9471375165284,7.15181081874769
6_10,0.22135410246412948,AYALA,121.95663818375222,6.952853877536035
6_11,0.2634325577079959,TULUNGATUNG,121.95661821555149,6.961898348590623
6_12,0.21544531524081384,AYALA,121.9565982207546,6.970942816137971
6_13,0.3557017606908412,LA PAZ,121.95657819935911,6.97998728017363
6_14,0.35378380894123446,PAMUCUTAN,121.95655815136256,6.989031740693113
6_15,0.36355936896604346,PAMUCUTAN,121.95653807676244,6.998076197691971
6_16,0.29296764075443843,PAMUCUTAN,121.95651797555612,7.00712065116572
6_17,0.26292127781306396,PAMUCUTAN,121.95649784774122,7.016165101109901
6_18,0.2962743607409883,PAMUCUTAN,121.95647769331508,7.025209547520046
6_19,0.33424464525427117,SINUBUNG,121.95645751227524,7.034253990391686
6_20,0.3371236292324999,SINUBUNG,121.95643730461924,7.043298429720358
6_21,0.4048594865763389,,121.95641707034446,7.0523428655015925
6_22,0.40586158636681924,,121.95639680944832,7.061387297730924
6_23,0.39425515812464146,,121.9563765219284,7.07043172640389
6_24,0.39936834437529606,,121.95635620778212,7.079476151516026
6_25,0.42751858348543464,,121.9563358670069,7.088520573062865
6_26,0.4341825694375028,,121.95631549960018,7.097564991039943
6_27,0.4320127024737943,,121.95629510555943,7.106609405442793
6_28,0.4117521001787863,,121.95627468488208,7.115653816266956
6_29,0.39918250573743425,,121.95625423756564,7.124698223507972
6_30,0.3760779783309964,,121.95623376360749,7.133742627161369
6_31,0.379876239316741,,121.95621326300498,7.142787027222694
6_32,0.3821773686674961,,121.95619273575566,7.151831423687471
6_9,0.24382061434551094,,121.9566581253594,6.943809402978693
7_10,0.2651397128283619,RECODO,121.96568956696144,6.952873730780748
7_11,0.24816885808529915,CAWIT,121.96566977191344,6.961918227906689
7_12,0.2598108675034547,TULUNGATUNG,121.96564995049994,6.970962721526356
7_13,0.3643495463184871,LA PAZ,121.96563010271848,6.98000721163528
7_14,0.3761836121051675,LA PAZ,121.9656102285666,6.989051698228999
7_15,0.3041583533764781,PAMUCUTAN,121.96559032804178,6.998096181303041
7_16,0.3447680101597663,LA PAZ,121.96557040114156,7.007140660852938
7_17,0.30985000151818115,PAMUCUTAN,121.9655504478634,7.016185136874235
7_18,0.3416250540442381,PAMUCUTAN,121.96553046820485,7.025229609362455
7_19,0.34651389362017465,PAMUCUTAN,121.96551046216334,7.034274078313136
7_20,0.36505444164867357,WATERSHED AREA UNDER JURISDICTION OF ZAMBOANGA CITY,121.96549042973643,7.043318543721814
7_21,0.39216988992193114,,121.96547037092157,7.052363005584021
7_22,0.4098732050507725,,121.96545028571629,7.061407463895303
7_23,0.42902816643966574,,121.96543017411796,7.070451918651181
7_24,0.4273751129581678,,121.9654100361242,7.079496369847202
7_25,0.4408575838431972,,121.96538987173236,7.088540817478899
7_26,0.4324630999429998,,121.96536968094,7.097585261541807
7_27,0.42830028118407226,,121.9653494637446,7.106629702031474
7_28,0.40447617501597655,,121.96532922014352,7.115674138943418
7_29,0.416522470748084,,121.96530895013434,7.1247185722731965
7_30,0.38678190549487873,,121.96528865371448,7.133763002016336
7_31,0.383044054330081,,121.96526833088129,7.142807428168376
7_32,0.38281946803248584,,121.96524798163236,7.151851850724868
7_9,0.2356776433478352,,121.96570933564652,6.9438292301530025
8_10,0.2581891977083772,CAWIT,121.9747409765337,6.952893411117809
8_11,0.24483791747396982,CAWIT,121.97472135464083,6.961937934088041
8_12,0.2535954094632977,TULUNGATUNG,121.97470170661322,6.970982453552955
8_13,0.3644099948826267,BALUNO,121.97468203244824,6.980026969508073
8_14,0.4020668850252615,LA PAZ,121.97466233214352,6.989071481948932
8_15,0.3751876548527868,LA PAZ,121.97464260569654,6.998115990871069
8_16,0.3403997180153468,LA PAZ,121.97462285310488,7.007160496270019
8_17,0.34539436128747386,LA PAZ,121.97460307436604,7.01620499814131
8_18,0.32053097927246355,PAMUCUTAN,121.97458326947752,7.025249496480493
8_19,0.32477613347868184,PAMUCUTAN,121.97456343843687,7.034293991283082
8_20,0.3030328549824584,PAMUCUTAN,121.97454358124158,7.043338482544633
8_21,0.3108062785751497,PAMUCUTAN,121.97452369788915,7.052382970260677
8_22,0.41478913092487646,,121.97450378837716,7.061427454426743
8_23,0.4446056125487049,,121.97448385270302,7.070471935038376
8_24,0.42905971025253753,,121.97446389086426,7.079516412091111
8_25,0.43902793299031884,,121.9744439028584,7.08856088558049
8_26,0.421907552713328,,121.97442388868294,7.097605355502045
8_27,0.4038704387708002,,121.97440384833534,7.106649821851315
8_28,0.40463899887148425,,121.97438378181312,7.115694284623851
8_29,0.40934307416089666,,121.97436368911374,7.124738743815171
8_30,0.4001113223207629,,121.97434357023468,7.133783199420837
8_31,0.40192153947300796,,121.9743234251734,7.142827651436372
8_32,0.4017425933317386,,121.97430325392742,7.151872099857325
9_10,0.22680358058652683,MAASIN,121.98379241223827,6.952912918544772
9_11,0.23538460246077492,CAWIT,121.98377296350314,6.961957467132238
9_12,0.36769914254392466,BALUNO,121.98375348886378,6.971002012215321
9_13,0.41120442999987455,BALUNO,121.9837339883178,6.980046553789548
9_14,0.4314319198298159,LA PAZ,121.98371446186268,6.989091091850465
9_15,0.4006004016893803,LA PAZ,121.98369490949602,6.998135626393596
9_16,0.34100656344689084,LA PAZ,121.9836753312154,7.007180157414487
9_17,0.29024788888668945,LA PAZ,121.98365572701832,7.016224684908671
9_18,0.3027584337859786,LA PAZ,121.98363609690236,7.025269208871677
9_19,0.34314596954555665,LA PAZ,121.983616440865,7.034313729299059
9_20,0.3770021832121704,LA PAZ,121.9835967589038,7.0433582461863375
9_21,0.37186233026488474,LA PAZ,121.98357705101635,7.052402759529061
9_22,0.35981665756583703,LA PAZ,121.98355731720012,7.061447269322764
9_23,0.3571353682237803,LA PAZ,121.98353755745264,7.070491775562984
9_24,0.3728589702028483,LA PAZ,121.98351777177146,7.079536278245262
9_25,0.42431620891265787,,121.98349796015408,7.088580777365141
9_26,0.4141601245611081,,121.983478122598,7.097625272918152
9_27,0.42856422336015676,,121.98345825910076,7.10666976489984
9_28,0.41441619676634855,,121.98343836965986,7.115714253305742
9_29,0.3857955639726199,,121.9834184542728,7.124758738131401
9_30,0.388946313374526,,121.9833985129371,7.133803219372361
9_31,0.39373204196766953,,121.98337854565024,7.142847697024159
9_32,0.38589439937508846,,121.98335855240974,7.15189217108234
9_9,0.2631743057860302,MAASIN,121.98381183507163,6.943868366457378
